date,adj_close,volume
2015-01-01,301.77288818359375,1456204
2015-01-02,301.583984375,2894058
2015-01-05,305.7864074707031,2099786
2015-01-06,303.9449768066406,3672197
2015-01-07,303.2366638183594,2981544
2015-01-08,315.9384460449219,2932673
2015-01-09,312.72760009765625,3543488
2015-01-12,310.1778259277344,2990475
2015-01-13,305.0309753417969,2688701
2015-01-14,312.8219909667969,2272652
2015-01-15,312.2081604003906,2140699
2015-01-16,312.4442443847656,1970666
2015-01-19,310.0833740234375,1362398
2015-01-20,312.11376953125,1091657
2015-01-21,311.0277404785156,1514648
2015-01-22,311.0749206542969,1376133
2015-01-23,327.60137939453125,7519790
2015-01-27,325.94873046875,2928237
2015-01-28,320.376953125,3391819
2015-01-29,325.00433349609375,4034959
2015-01-30,322.0768127441406,4373172
2015-02-02,317.2132873535156,1735161
2015-02-03,309.5638732910156,1537152
2015-02-04,303.3782958984375,2792395
2015-02-05,294.831787109375,2167857
2015-02-06,283.4993896484375,3265593
2015-02-09,283.4521179199219,3103409
2015-02-10,300.16748046875,3921257
2015-02-11,307.9584655761719,2148555
2015-02-12,317.8744201660156,3539194
2015-02-13,316.69390869140625,2180303
2015-02-16,312.8219909667969,2205960
2015-02-18,315.2301025390625,1227170
2015-02-19,315.27734375,2643121
2015-02-20,310.69708251953125,1302901
2015-02-23,305.40869140625,1737238
2015-02-24,315.4662170410156,2330482
2015-02-25,309.9416809082031,1467120
2015-02-26,309.09173583984375,1775811
2015-02-27,326.987548828125,3025639
2015-03-02,311.9720153808594,2592113
2015-03-03,317.8271179199219,2016305
2015-03-04,313.5303039550781,1846535
2015-03-05,314.5218505859375,1770268
2015-03-09,306.9197082519531,1825760
2015-03-10,299.8841552734375,1215285
2015-03-11,290.6765441894531,4828130
2015-03-12,292.990234375,3431277
2015-03-13,289.2127685546875,4356123
2015-03-16,295.87054443359375,1629195
2015-03-17,301.77288818359375,5158959
2015-03-18,299.0341796875,3069180
2015-03-19,295.49285888671875,1470026
2015-03-20,291.007080078125,2049167
2015-03-23,286.9462890625,1387396
2015-03-24,290.0155334472656,2447607
2015-03-25,297.23992919921875,2456872
2015-03-26,287.27685546875,3406327
2015-03-27,288.0323486328125,3371344
2015-03-30,291.38482666015625,3039118
2015-03-31,291.0542907714844,2590770
2015-04-01,293.65130615234375,1026200
2015-04-06,303.3782958984375,2039045
2015-04-07,305.88092041015625,1913068
2015-04-08,301.3951416015625,1317175
2015-04-09,299.0815124511719,1503986
2015-04-10,302.00897216796875,2127407
2015-04-13,312.3970947265625,2405161
2015-04-15,307.6279602050781,1576904
2015-04-16,309.28057861328125,1676768
2015-04-17,304.79486083984375,1471127
2015-04-20,296.0594787597656,2002115
2015-04-21,296.95660400390625,1679188
2015-04-22,296.24835205078125,2317579
2015-04-23,300.87567138671875,1069160
2015-04-24,298.7036437988281,1316393
2015-04-27,288.92950439453125,2330507
2015-04-28,289.0711669921875,2539436
2015-04-29,295.44561767578125,1566799
2015-04-30,299.8841552734375,2916537
2015-05-04,327.8846740722656,6375610
2015-05-05,323.635009765625,4219216
2015-05-06,312.7747802734375,2247751
2015-05-07,304.842041015625,1709602
2015-05-08,316.45782470703125,2097977
2015-05-11,324.9098815917969,2266220
2015-05-12,316.2690124511719,1550748
2015-05-13,321.51025390625,3022877
2015-05-14,315.3717956542969,3075816
2015-05-15,310.69708251953125,1663198
2015-05-18,320.471435546875,1370344
2015-05-19,320.943603515625,1685421
2015-05-20,323.9655456542969,1660453
2015-05-21,329.01788330078125,2609479
2015-05-22,330.5810852050781,2369700
2015-05-25,324.84954833984375,1420555
2015-05-26,327.0758056640625,1576396
2015-05-27,321.0600891113281,2585896
2015-05-28,315.470703125,3394601
2015-05-29,306.8023376464844,3711024
2015-06-01,295.1498107910156,3889157
2015-06-02,292.87615966796875,7395219
2015-06-03,281.6025695800781,24022178
2015-06-04,294.8182678222656,6343813
2015-06-05,294.9129638671875,2533852
2015-06-08,286.2446594238281,2647500
2015-06-09,290.4129943847656,2724447
2015-06-10,296.4761657714844,2282770
2015-06-11,288.23406982421875,3718393
2015-06-12,295.6234436035156,2854243
2015-06-15,293.728759765625,3154460
2015-06-16,296.71295166015625,4130581
2015-06-17,294.6287536621094,4251580
2015-06-18,294.6287536621094,2616024
2015-06-19,288.56573486328125,3438440
2015-06-22,294.6761474609375,3121416
2015-06-23,299.41290283203125,2683470
2015-06-24,295.1498107910156,2241106
2015-06-25,296.0971984863281,5190167
2015-06-26,294.8182678222656,2127770
2015-06-29,290.5077819824219,1890624
2015-06-30,291.6919250488281,2632153
2015-07-01,294.9129638671875,2854143
2015-07-02,299.41290283203125,8669541
2015-07-03,303.912841796875,5189498
2015-07-06,303.2497253417969,2853145
2015-07-07,315.51800537109375,7877450
2015-07-08,303.77081298828125,6546522
2015-07-09,298.5603332519531,3521086
2015-07-10,300.4076843261719,2531442
2015-07-13,304.4813537597656,1890469
2015-07-14,299.2708435058594,1960113
2015-07-15,302.82342529296875,2112588
2015-07-16,309.6917419433594,3075862
2015-07-17,311.9654235839844,2556255
2015-07-20,311.49176025390625,1847655
2015-07-21,305.66546630859375,1927178
2015-07-22,307.41815185546875,1703725
2015-07-23,313.9075012207031,3000343
2015-07-24,306.84967041015625,2337434
2015-07-27,297.4234619140625,2359169
2015-07-28,296.9498291015625,2415757
2015-07-29,298.1340026855469,2000338
2015-07-30,301.59185791015625,3092912
2015-07-31,307.891845703125,3265863
2015-08-03,313.291748046875,2834386
2015-08-04,321.2969665527344,4458398
2015-08-05,321.9601135253906,2486133
2015-08-06,328.4968566894531,2426994
2015-08-07,321.6759033203125,1883328
2015-08-10,320.728515625,4031354
2015-08-11,314.3338623046875,3016995
2015-08-12,314.3338623046875,0
2015-08-13,317.08123779296875,4693354
2015-08-14,344.60198974609375,13845397
2015-08-17,339.4388427734375,3561590
2015-08-18,344.31781005859375,4140901
2015-08-19,346.2598876953125,2272302
2015-08-20,349.1493225097656,5891117
2015-08-21,345.83355712890625,4288543
2015-08-24,316.9864501953125,6795047
2015-08-25,326.6495666503906,5152340
2015-08-26,329.53900146484375,4493391
2015-08-27,337.7809753417969,14512261
2015-08-28,343.5598449707031,5905591
2015-08-31,336.73895263671875,30058587
2015-09-01,324.23370361328125,3654461
2015-09-02,316.9390869140625,4886043
2015-09-03,321.53375244140625,2448672
2015-09-04,321.4864501953125,2104869
2015-09-07,305.66546630859375,2580631
2015-09-08,300.8340148925781,4788058
2015-09-09,306.9917907714844,2070584
2015-09-10,309.0286865234375,2432225
2015-09-11,305.9496765136719,2528750
2015-09-14,312.5812683105469,2471856
2015-09-15,314.5233459472656,2164523
2015-09-16,316.6075439453125,1854497
2015-09-18,321.8179931640625,11182333
2015-09-21,315.3759765625,2001172
2015-09-22,302.3023986816406,2640588
2015-09-23,294.4866943359375,3910066
2015-09-24,285.9604187011719,10386968
2015-09-28,291.02880859375,3282892
2015-09-29,281.7446594238281,5666979
2015-09-30,283.26043701171875,5296746
2015-10-01,288.9919738769531,4450444
2015-10-05,301.1181640625,5465126
2015-10-06,299.176025390625,3585046
2015-10-07,297.9919128417969,1851446
2015-10-08,303.86553955078125,3186244
2015-10-09,301.7813415527344,1322859
2015-10-12,303.86553955078125,1229567
2015-10-13,306.5180969238281,1271687
2015-10-14,307.41815185546875,1676790
2015-10-15,311.6812744140625,1970502
2015-10-16,306.28131103515625,1561900
2015-10-19,300.97607421875,1396880
2015-10-20,293.5393371582031,5636626
2015-10-21,297.66033935546875,2184160
2015-10-23,297.61297607421875,1598163
2015-10-26,299.6971435546875,1674155
2015-10-27,294.9129638671875,2983187
2015-10-28,284.8236083984375,6552757
2015-10-29,284.30255126953125,4435704
2015-10-30,280.65521240234375,3247944
2015-11-02,279.9920959472656,7004865
2015-11-03,275.8710632324219,3207025
2015-11-04,274.2132263183594,2575040
2015-11-05,269.1448059082031,2305175
2015-11-06,270.0447692871094,2510273
2015-11-09,261.5185241699219,5642736
2015-11-10,251.61866760253906,5013279
2015-11-13,253.2765655517578,4675141
2015-11-16,257.7764892578125,2383616
2015-11-17,256.49755859375,2545418
2015-11-18,253.22915649414062,2005924
2015-11-19,256.49755859375,2036037
2015-11-20,255.5028076171875,3352666
2015-11-23,261.9448547363281,3246402
2015-11-24,256.02392578125,2730094
2015-11-26,253.892333984375,5489324
2015-11-27,254.129150390625,3022945
2015-11-30,253.892333984375,4828780
2015-12-01,249.39239501953125,5104457
2015-12-02,247.63978576660156,3928835
2015-12-03,245.22398376464844,5427457
2015-12-04,242.0977020263672,3911817
2015-12-07,241.67138671875,2699537
2015-12-08,237.83456420898438,2741462
2015-12-09,231.1556854248047,4226145
2015-12-10,233.90304565429688,4531790
2015-12-11,228.45571899414062,3975604
2015-12-14,241.1503448486328,4625481
2015-12-15,238.82933044433594,3908369
2015-12-16,238.4029998779297,2954754
2015-12-17,242.80821228027344,2430145
2015-12-18,246.50291442871094,3384209
2015-12-21,246.88182067871094,1249639
2015-12-22,244.039794921875,1992099
2015-12-23,243.7555694580078,1924064
2015-12-24,244.51345825195312,1660435
2015-12-28,248.20814514160156,2392484
2015-12-29,249.67657470703125,1721015
2015-12-30,247.97132873535156,1410867
2015-12-31,247.16604614257812,2727837
2016-01-01,253.46603393554688,1347893
2016-01-04,244.3713836669922,2536252
2016-01-05,242.23980712890625,2815055
2016-01-06,238.5451202392578,2029467
2016-01-07,232.1030731201172,4244402
2016-01-08,228.69256591796875,4219352
2016-01-11,221.72947692871094,2995719
2016-01-12,224.76101684570312,3544439
2016-01-13,218.0821533203125,4137056
2016-01-14,215.80848693847656,2802513
2016-01-15,206.76121520996094,3286291
2016-01-18,207.7559356689453,4116330
2016-01-19,220.59263610839844,3713322
2016-01-20,207.8506317138672,4087126
2016-01-21,209.650634765625,7664473
2016-01-22,210.07696533203125,5622627
2016-01-25,206.9032745361328,1804218
2016-01-27,204.0138397216797,2189628
2016-01-28,199.750732421875,12022147
2016-01-29,201.07701110839844,4589849
2016-02-01,209.46116638183594,3982611
2016-02-02,202.02438354492188,2971041
2016-02-03,199.1349334716797,3026403
2016-02-04,204.34539794921875,2023624
2016-02-05,199.9875946044922,3022383
2016-02-08,200.88755798339844,2723554
2016-02-09,199.3244171142578,1954496
2016-02-10,192.171875,3393463
2016-02-11,177.01409912109375,3670827
2016-02-12,168.67733764648438,12168356
2016-02-15,181.08775329589844,9208050
2016-02-16,189.803466796875,9113057
2016-02-17,201.3138885498047,6728882
2016-02-18,199.3244171142578,4659211
2016-02-19,198.37705993652344,2019974
2016-02-22,195.06129455566406,2342159
2016-02-23,193.45079040527344,2174859
2016-02-24,189.61398315429688,3502611
2016-02-25,188.0034942626953,4868927
2016-02-26,189.56666564941406,2188367
2016-02-29,186.3455810546875,3939877
2016-03-01,196.0086669921875,2152599
2016-03-02,207.28225708007812,4228824
2016-03-03,215.5242462158203,3290989
2016-03-04,213.2979736328125,4768604
2016-03-08,216.23480224609375,3066086
2016-03-09,214.10321044921875,4117976
2016-03-10,214.529541015625,1543894
2016-03-11,219.0294952392578,2649095
2016-03-14,220.1663055419922,2722628
2016-03-15,216.23480224609375,1913147
2016-03-16,216.51898193359375,2172701
2016-03-17,223.29261779785156,5383866
2016-03-18,229.213623046875,4606790
2016-03-21,231.0135955810547,3240298
2016-03-22,227.9683074951172,3153670
2016-03-23,226.77874755859375,2083410
2016-03-28,224.25685119628906,2756755
2016-03-29,226.35049438476562,2043092
2016-03-30,234.0589141845703,2883662
2016-03-31,235.7242889404297,4192902
2016-04-01,231.15634155273438,1772898
2016-04-04,230.8232421875,1986415
2016-04-05,215.3113250732422,4836504
2016-04-06,213.50320434570312,6273776
2016-04-07,206.31820678710938,4171133
2016-04-08,208.64976501464844,1631016
2016-04-11,217.97596740722656,2417006
2016-04-12,222.3059844970703,2704639
2016-04-13,222.25839233398438,2830268
2016-04-18,220.1171875,5479038
2016-04-20,222.21083068847656,2111521
2016-04-21,218.261474609375,2990447
2016-04-22,218.97518920898438,7431640
2016-04-25,220.59300231933594,1454607
2016-04-26,218.02357482910156,2703783
2016-04-27,229.58609008789062,7177265
2016-04-28,224.0665283203125,5899252
2016-04-29,226.68359375,2160232
2016-05-02,221.6874237060547,2312439
2016-05-03,224.11412048339844,5328996
2016-05-04,198.18161010742188,22904231
2016-05-05,188.42715454101562,17225029
2016-05-06,185.14393615722656,15642446
2016-05-09,187.23757934570312,9413270
2016-05-10,185.14393615722656,4925308
2016-05-11,183.6688995361328,7021749
2016-05-12,185.7149200439453,6098282
2016-05-13,179.4340362548828,15272242
2016-05-16,176.81698608398438,9997240
2016-05-17,174.39028930664062,7208437
2016-05-18,174.34268188476562,5909252
2016-05-19,163.25596618652344,13478073
2016-05-20,169.34654235839844,13115129
2016-05-23,172.34423828125,10109957
2016-05-24,172.10633850097656,3874787
2016-05-25,174.00965881347656,4249199
2016-05-26,175.8653564453125,5744871
2016-05-27,182.43174743652344,8241406
2016-05-30,181.05184936523438,3672794
2016-05-31,182.85997009277344,6758009
2016-06-01,192.519287109375,10935767
2016-06-02,195.279052734375,6232617
2016-06-03,194.66049194335938,3927140
2016-06-06,193.8515625,5811557
2016-06-07,196.51620483398438,3666830
2016-06-08,193.5660858154297,2752494
2016-06-09,192.13861083984375,2365078
2016-06-10,192.94752502441406,1978971
2016-06-13,192.8047637939453,2446154
2016-06-14,198.5146942138672,4836424
2016-06-15,196.99203491210938,4053483
2016-06-16,198.41949462890625,4409306
2016-06-17,197.658203125,2988774
2016-06-20,196.80169677734375,1787203
2016-06-21,193.42332458496094,2846802
2016-06-22,197.3251190185547,3917750
2016-06-23,197.134765625,4392227
2016-06-24,192.13861083984375,6402985
2016-06-27,193.9943084716797,2862705
2016-06-28,193.09024047851562,5865629
2016-06-29,193.23301696777344,6496278
2016-06-30,196.8492889404297,5638170
2016-07-01,194.42259216308594,3280576
2016-07-04,202.93983459472656,5170996
2016-07-05,204.17698669433594,6536180
2016-07-07,199.89456176757812,7139883
2016-07-08,197.03961181640625,2451302
2016-07-11,206.93678283691406,7409680
2016-07-12,207.460205078125,5113880
2016-07-13,206.7940216064453,5136217
2016-07-14,206.4133758544922,3685749
2016-07-15,209.83934020996094,5747335
2016-07-18,207.41259765625,3449057
2016-07-19,209.93450927734375,3614887
2016-07-20,210.69583129882812,3477005
2016-07-21,212.40879821777344,5312623
2016-07-22,214.45484924316406,3937731
2016-07-25,215.21617126464844,4843432
2016-07-26,213.55078125,3999228
2016-07-27,217.64288330078125,3648076
2016-07-28,214.35968017578125,4676659
2016-07-29,221.16397094726562,4990407
2016-08-01,217.50015258789062,3414966
2016-08-02,213.78868103027344,2083401
2016-08-03,212.07571411132812,3212161
2016-08-04,216.88156127929688,2779249
2016-08-05,222.68666076660156,2112014
2016-08-08,229.01513671875,3171611
2016-08-09,228.15863037109375,7445154
2016-08-10,245.9545440673828,19509517
2016-08-11,241.24388122558594,4663215
2016-08-12,245.76422119140625,8089419
2016-08-16,260.3244934082031,15191371
2016-08-17,254.709716796875,11251645
2016-08-18,262.1326599121094,9439270
2016-08-19,259.8486328125,3970921
2016-08-22,257.4695739746094,3638085
2016-08-23,259.3251953125,4511269
2016-08-24,257.0412902832031,3036313
2016-08-25,249.094970703125,8422383
2016-08-26,245.24081420898438,4991512
2016-08-29,249.9038848876953,6941895
2016-08-30,250.23696899414062,2076344
2016-08-31,250.23696899414062,5047234
2016-09-01,246.1924591064453,3552214
2016-09-02,255.23316955566406,6194172
2016-09-06,257.51715087890625,4376626
2016-09-07,259.08734130859375,3506325
2016-09-08,262.2753601074219,3257359
2016-09-09,259.0397644042969,2254000
2016-09-12,247.42959594726562,4089149
2016-09-14,251.9023895263672,5183715
2016-09-15,254.47183227539062,2969754
2016-09-16,258.04052734375,5596231
2016-09-19,262.79876708984375,3949553
2016-09-20,257.0412902832031,4084585
2016-09-21,256.66064453125,5226987
2016-09-22,262.0374755859375,4923688
2016-09-23,261.799560546875,3066615
2016-09-26,257.3267822265625,2817192
2016-09-27,251.9023895263672,3623937
2016-09-28,257.89776611328125,4450516
2016-09-29,244.38429260253906,7369816
2016-09-30,244.3367156982422,8404996
2016-10-03,251.71200561523438,3775937
2016-10-04,255.708984375,3083178
2016-10-05,252.6160888671875,2157411
2016-10-06,252.09271240234375,3683355
2016-10-07,253.94842529296875,3109737
2016-10-10,251.2362060546875,4104061
2016-10-13,238.95989990234375,5621911
2016-10-14,242.0527801513672,2690365
2016-10-17,238.6268310546875,1657111
2016-10-18,254.09120178222656,4975655
2016-10-19,258.46881103515625,4745567
2016-10-20,271.4588317871094,7256284
2016-10-21,271.93463134765625,4031821
2016-10-24,271.8394775390625,7433061
2016-10-25,297.6767883300781,20614093
2016-10-26,290.3491516113281,11974635
2016-10-27,290.25390625,6866827
2016-10-28,292.1572570800781,6175751
2016-11-01,290.396728515625,5197221
2016-11-02,285.4004821777344,4954922
2016-11-03,274.26617431640625,5762076
2016-11-04,273.7903747558594,6331988
2016-11-07,279.3099365234375,4697049
2016-11-08,275.83642578125,4446596
2016-11-09,268.7466125488281,7432798
2016-11-10,280.30914306640625,4488690
2016-11-11,263.3697814941406,4430411
2016-11-15,253.758056640625,4007163
2016-11-16,252.42578125,3586045
2016-11-17,251.8072052001953,2448535
2016-11-18,249.2377471923828,2821119
2016-11-21,243.33749389648438,4715918
2016-11-22,248.19091796875,4773262
2016-11-23,250.95074462890625,4191100
2016-11-24,245.24081420898438,4052569
2016-11-25,252.23545837402344,3644381
2016-11-28,259.5632019042969,5898358
2016-11-29,263.5125732421875,4965658
2016-11-30,264.46417236328125,4877016
2016-12-01,261.799560546875,2039195
2016-12-02,253.0443572998047,2854273
2016-12-05,255.708984375,4802020
2016-12-06,258.7542724609375,3001729
2016-12-07,263.98834228515625,3768935
2016-12-08,273.2193908691406,4172911
2016-12-09,271.8394775390625,3130514
2016-12-12,267.74737548828125,1781321
2016-12-13,272.17254638671875,2703309
2016-12-14,270.1264953613281,2454540
2016-12-15,270.5071716308594,4952579
2016-12-16,266.70050048828125,3752270
2016-12-19,263.0843200683594,2479261
2016-12-20,259.2300720214844,1657363
2016-12-21,260.9430847167969,2500157
2016-12-22,250.80799865722656,2771674
2016-12-23,250.18936157226562,3336863
2016-12-26,247.42959594726562,2684615
2016-12-27,254.04359436035156,5604754
2016-12-28,255.51866149902344,3862488
2016-12-29,251.85476684570312,4400374
2016-12-30,255.47108459472656,3744173
2017-01-02,260.5624084472656,2622173
2017-01-03,260.7051086425781,2064823
2017-01-04,261.6092529296875,2741205
2017-01-05,273.60003662109375,5997054
2017-01-06,272.2201232910156,5651466
2017-01-09,270.9354248046875,2877279
2017-01-10,279.6905822753906,5779720
2017-01-11,281.3559875488281,3323800
2017-01-12,278.5962219238281,3420733
2017-01-13,279.8333435058594,1699998
2017-01-16,286.1142578125,3614730
2017-01-17,280.59466552734375,2231245
2017-01-18,277.78729248046875,2613239
2017-01-19,281.0705261230469,2290542
2017-01-20,270.41204833984375,3279639
2017-01-23,272.4105224609375,2261781
2017-01-24,278.9768371582031,1945278
2017-01-25,289.9208984375,4477090
2017-01-27,289.2547607421875,3386640
2017-01-30,287.9700012207031,2241418
2017-01-31,279.1672058105469,3859712
2017-02-01,289.87335205078125,3158512
2017-02-02,289.445068359375,3018242
2017-02-03,288.8740234375,3352462
2017-02-06,294.25091552734375,2426463
2017-02-07,288.96923828125,1803476
2017-02-08,290.7773742675781,1581009
2017-02-09,290.06365966796875,2032244
2017-02-10,296.2017822265625,5313049
2017-02-13,294.583984375,2291161
2017-02-14,292.1572570800781,6996004
2017-02-15,285.4480895996094,4562477
2017-02-16,284.16339111328125,2837571
2017-02-17,282.878662109375,2264046
2017-02-20,285.78118896484375,1690844
2017-02-21,289.445068359375,2559043
2017-02-22,285.78118896484375,3507421
2017-02-23,282.878662109375,6593433
2017-02-27,282.3076477050781,2116155
2017-02-28,287.16107177734375,2570349
2017-03-01,287.8748474121094,1892520
2017-03-02,279.6430358886719,2458242
2017-03-03,282.02215576171875,2871834
2017-03-06,288.493408203125,1877927
2017-03-07,293.3468322753906,4069985
2017-03-08,291.68145751953125,2786117
2017-03-09,286.3521423339844,2564963
2017-03-10,284.35369873046875,2684711
2017-03-14,294.2984924316406,5102357
2017-03-15,295.29766845703125,4865596
2017-03-16,309.95318603515625,7051972
2017-03-17,309.6676330566406,6779619
2017-03-20,309.71527099609375,4103266
2017-03-21,310.000732421875,2802311
2017-03-22,308.00225830078125,2518171
2017-03-23,309.8580017089844,3911142
2017-03-24,307.6216125488281,4636734
2017-03-27,303.8625793457031,2353739
2017-03-28,305.3376159667969,1760774
2017-03-29,305.48040771484375,4426029
2017-03-30,322.8956298828125,9728166
2017-03-31,323.18115234375,3417463
2017-04-03,325.56024169921875,2441776
2017-04-05,340.83428955078125,5947873
2017-04-06,339.40679931640625,3524928
2017-04-07,330.3660888671875,4918075
2017-04-10,335.1243896484375,2222773
2017-04-11,317.6615295410156,9397306
2017-04-12,311.76129150390625,8100661
2017-04-13,304.9570007324219,5730306
2017-04-17,304.5287170410156,4219235
2017-04-18,303.9101867675781,9315409
2017-04-19,310.04833984375,4403069
2017-04-20,316.3291931152344,4439900
2017-04-21,310.2386474609375,2517582
2017-04-24,314.9969177246094,5048373
2017-04-25,315.3299560546875,4330049
2017-04-26,307.85955810546875,4078479
2017-04-27,306.90789794921875,2983463
2017-04-28,311.8564758300781,1808460
2017-05-02,314.61627197265625,4233839
2017-05-03,311.61859130859375,3271643
2017-05-04,323.038330078125,6728527
2017-05-05,328.2724609375,8196507
2017-05-08,324.03759765625,2462230
2017-05-09,330.69915771484375,3459067
2017-05-10,334.886474609375,3207734
2017-05-11,342.64239501953125,4604066
2017-05-12,340.6440124511719,2958586
2017-05-15,338.97857666015625,1530781
2017-05-16,337.3607482910156,1321254
2017-05-17,331.69842529296875,1239867
2017-05-18,331.079833984375,3618961
2017-05-19,332.5549621582031,1302961
2017-05-22,337.3132019042969,2939697
2017-05-23,315.615478515625,6270500
2017-05-24,323.22869873046875,8363216
2017-05-25,324.2755126953125,5992900
2017-05-26,331.1750183105469,2754435
2017-05-29,311.95159912109375,3943111
2017-05-30,323.89483642578125,3680879
2017-05-31,322.610107421875,12190256
2017-06-01,332.3169860839844,3447544
2017-06-02,340.5964050292969,3297747
2017-06-05,343.5940856933594,2830068
2017-06-06,343.9747009277344,5229905
2017-06-07,341.7383728027344,5435369
2017-06-08,341.78594970703125,4568139
2017-06-09,342.45208740234375,7152603
2017-06-12,339.59710693359375,4963488
2017-06-13,342.0238342285156,5463098
2017-06-14,342.1190490722656,6005138
2017-06-15,342.5948486328125,3997432
2017-06-16,345.592529296875,5332597
2017-06-19,355.7276611328125,7328947
2017-06-20,357.48822021484375,4597214
2017-06-21,352.0637512207031,2797034
2017-06-22,351.5879821777344,1935079
2017-06-23,347.7813720703125,3011500
2017-06-27,349.92254638671875,2780694
2017-06-28,346.8772888183594,2394375
2017-06-29,346.8772888183594,3343365
2017-06-30,345.49737548828125,1386974
2017-07-03,350.2080993652344,2171316
2017-07-04,353.72918701171875,4186188
2017-07-05,354.87115478515625,1422559
2017-07-06,355.01385498046875,2318749
2017-07-07,353.63397216796875,3077926
2017-07-10,356.8221130371094,860121
2017-07-11,354.6808166503906,2646484
2017-07-12,355.7752380371094,2035281
2017-07-13,357.7737121582031,2956936
2017-07-14,357.44061279296875,1737806
2017-07-17,362.81744384765625,4784990
2017-07-18,363.43597412109375,3927479
2017-07-19,362.6271057128906,4847964
2017-07-20,361.62786865234375,4490409
2017-07-21,363.43597412109375,6613707
2017-07-24,369.6693420410156,4777031
2017-07-25,371.858154296875,3297724
2017-07-26,374.0469055175781,3243876
2017-07-27,373.5235290527344,2847871
2017-07-28,376.6164245605469,3203051
2017-07-31,378.0008544921875,1581010
2017-08-01,385.7346496582031,3391013
2017-08-02,392.6568908691406,2997197
2017-08-03,388.9331970214844,2541125
2017-08-04,388.26483154296875,2770532
2017-08-07,395.521240234375,3863466
2017-08-08,396.04632568359375,2154068
2017-08-09,379.28985595703125,3603960
2017-08-10,368.2142333984375,3177276
2017-08-11,365.44537353515625,6480493
2017-08-14,378.287353515625,2746774
2017-08-16,379.5762023925781,2644234
2017-08-17,371.69921875,2502761
2017-08-18,368.73944091796875,2554849
2017-08-21,358.952880859375,1999552
2017-08-22,358.6664123535156,3245723
2017-08-23,367.5936584472656,3003871
2017-08-24,362.867431640625,2507753
2017-08-28,369.9806213378906,3245331
2017-08-29,365.9704895019531,3419877
2017-08-30,372.12896728515625,2979277
2017-08-31,375.18426513671875,2775034
2017-09-01,377.0460510253906,1511368
2017-09-04,367.45050048828125,2425859
2017-09-05,372.6540222167969,2363336
2017-09-06,367.6413879394531,1825546
2017-09-07,370.17156982421875,1832093
2017-09-08,368.4529724121094,1858507
2017-09-11,367.9278259277344,2402644
2017-09-12,371.46051025390625,2576054
2017-09-13,372.36761474609375,2116076
2017-09-14,384.87530517578125,5052114
2017-09-15,386.8326416015625,6452962
2017-09-18,386.40301513671875,3698399
2017-09-19,388.5035400390625,4105917
2017-09-20,391.17694091796875,5238339
2017-09-21,391.6543273925781,4319190
2017-09-22,383.0612487792969,4371220
2017-09-25,371.0786437988281,4413073
2017-09-26,372.8927001953125,3115143
2017-09-27,355.7065124511719,3009736
2017-09-28,355.2291564941406,3785886
2017-09-29,359.7166748046875,2109890
2017-10-03,366.35247802734375,3673873
2017-10-04,370.1238098144531,2084250
2017-10-05,368.4529724121094,1853539
2017-10-06,371.6515197753906,3006087
2017-10-09,375.9002990722656,4359490
2017-10-10,378.90789794921875,4067875
2017-10-11,379.00341796875,5121486
2017-10-12,385.4482421875,4202243
2017-10-13,389.7447814941406,3245961
2017-10-16,388.40802001953125,4209209
2017-10-17,388.455810546875,3291749
2017-10-18,388.5035400390625,3641132
2017-10-19,383.252197265625,137226
2017-10-23,388.6467590332031,4555429
2017-10-24,387.835205078125,3406694
2017-10-25,396.6670227050781,2475241
2017-10-26,395.5689392089844,1542452
2017-10-27,412.5164489746094,5306544
2017-10-30,410.3681945800781,1465328
2017-10-31,410.893310546875,3418248
2017-11-01,413.51898193359375,3931939
2017-11-02,417.4813232421875,3075833
2017-11-03,415.1899108886719,3097775
2017-11-06,417.76776123046875,4541407
2017-11-07,412.0390625,3989010
2017-11-08,410.2727355957031,2723792
2017-11-09,413.805419921875,3478532
2017-11-10,412.5164489746094,1506241
2017-11-13,394.6618957519531,4344820
2017-11-14,392.179443359375,2326922
2017-11-15,388.69451904296875,1849192
2017-11-16,379.2420959472656,5321941
2017-11-17,382.822509765625,6515843
2017-11-20,380.57879638671875,4437937
2017-11-21,382.6793518066406,5418727
2017-11-22,395.7599182128906,5170814
2017-11-23,388.69451904296875,3903036
2017-11-24,386.30755615234375,1374660
2017-11-27,381.4380798339844,2993007
2017-11-28,379.00341796875,6013556
2017-11-29,385.20953369140625,5205458
2017-11-30,380.00592041015625,5552149
2017-12-01,369.2645568847656,1836997
2017-12-04,370.6012268066406,3650818
2017-12-05,371.26959228515625,5100915
2017-12-06,368.309814453125,4212760
2017-12-07,372.08111572265625,6934180
2017-12-08,375.6138610839844,3282945
2017-12-11,374.0384521484375,3457130
2017-12-12,384.3024597167969,6686699
2017-12-13,376.1867370605469,5035855
2017-12-14,377.23699951171875,3587939
2017-12-15,383.2044677734375,4643671
2017-12-18,386.30755615234375,9127457
2017-12-19,387.4532470703125,2700184
2017-12-20,386.1165466308594,4228842
2017-12-21,384.1114807128906,3336146
2017-12-22,383.9682922363281,2449944
2017-12-26,386.259765625,3466595
2017-12-27,385.9256286621094,4355090
2017-12-28,380.67425537109375,4180605
2017-12-29,387.3100280761719,3574054
2018-01-01,381.5813293457031,2701537
2018-01-02,379.4330139160156,1322980
2018-01-03,389.2195739746094,4679468
2018-01-04,391.3201904296875,1990506
2018-01-05,404.6394348144531,5448214
2018-01-08,403.7801513671875,3447843
2018-01-09,402.0615539550781,2509904
2018-01-10,404.3053283691406,4253925
2018-01-11,406.26263427734375,4415043
2018-01-12,404.16204833984375,2581486
2018-01-15,401.5841369628906,1599208
2018-01-16,404.4007568359375,2318100
2018-01-17,413.805419921875,6715953
2018-01-18,397.43084716796875,8794103
2018-01-19,413.85321044921875,7588904
2018-01-22,418.24517822265625,7092514
2018-01-23,418.5793762207031,4659591
2018-01-24,428.46142578125,5201505
2018-01-25,416.76531982421875,6792843
2018-01-29,416.9084777832031,2126497
2018-01-30,408.8882751464844,2389618
2018-01-31,409.4611511230469,2734628
2018-02-01,409.3656311035156,1681704
2018-02-02,399.0539245605469,4265914
2018-02-05,389.7447814941406,2936554
2018-02-06,386.4984436035156,2963450
2018-02-07,388.5990295410156,2592845
2018-02-08,386.784912109375,2952821
2018-02-09,380.9607238769531,2936187
2018-02-12,385.114013671875,1249277
2018-02-14,394.3277282714844,3001847
2018-02-15,393.0865173339844,3293138
2018-02-16,387.119140625,1740283
2018-02-19,376.0435791015625,2140756
2018-02-20,377.0460510253906,2045167
2018-02-21,377.7144775390625,1800533
2018-02-22,385.7346496582031,4726021
2018-02-23,388.1216125488281,1953157
2018-02-26,396.2850341796875,2299169
2018-02-27,391.8930358886719,1334518
2018-02-28,389.8879699707031,2823115
2018-03-01,387.7397155761719,1216685
2018-03-05,385.68695068359375,3665892
2018-03-06,386.9281311035156,3321338
2018-03-07,359.90765380859375,6951930
2018-03-08,370.4102783203125,11040375
2018-03-09,360.81463623046875,5352078
2018-03-12,369.1213073730469,3693431
2018-03-13,367.7846374511719,2175696
2018-03-14,364.82476806640625,3616289
2018-03-15,364.87249755859375,1818766
2018-03-16,353.7492370605469,4972566
2018-03-19,347.8295593261719,5253759
2018-03-20,353.2718200683594,1780257
2018-03-21,347.2566833496094,2296120
2018-03-22,342.05303955078125,3443184
2018-03-23,346.0154113769531,4518979
2018-03-26,348.6410827636719,3884338
2018-03-27,348.97528076171875,2631162
2018-03-28,338.0906677246094,4766456
2018-04-02,352.98541259765625,2978988
2018-04-03,349.83453369140625,2679172
2018-04-04,351.1712646484375,5611445
2018-04-05,358.952880859375,3648555
2018-04-06,362.1513366699219,2037081
2018-04-09,360.28955078125,1571745
2018-04-10,369.741943359375,3493681
2018-04-11,360.81463623046875,2045552
2018-04-12,355.5155944824219,3609657
2018-04-13,365.77960205078125,6485732
2018-04-16,369.9806213378906,2682231
2018-04-17,366.0660095214844,3770554
2018-04-18,367.5459289550781,2568988
2018-04-19,369.07354736328125,2848405
2018-04-20,363.9177551269531,2178241
2018-04-23,368.8825988769531,3614484
2018-04-24,374.5158386230469,3093161
2018-04-25,374.18170166015625,3205946
2018-04-26,379.1466369628906,3663748
2018-04-27,384.2547302246094,8210865
2018-04-30,388.88543701171875,2264144
2018-05-02,382.9658203125,3047308
2018-05-03,379.0511779785156,3161687
2018-05-04,389.79254150390625,4782981
2018-05-07,393.7548828125,2582072
2018-05-08,394.1368103027344,1945992
2018-05-09,394.6618957519531,1408466
2018-05-10,392.2271728515625,1552936
2018-05-11,394.0413513183594,1442596
2018-05-14,391.4156494140625,5517825
2018-05-15,390.6518249511719,3089340
2018-05-16,384.87530517578125,1897907
2018-05-17,379.9104309082031,1614257
2018-05-18,371.8902282714844,3895361
2018-05-21,366.35247802734375,1544488
2018-05-22,362.5810546875,1861819
2018-05-23,357.3296813964844,1560605
2018-05-24,354.46533203125,3299522
2018-05-25,362.7242431640625,2372618
2018-05-28,361.7693786621094,1807896
2018-05-29,360.7669372558594,3394813
2018-05-30,357.4729309082031,3110433
2018-05-31,374.42041015625,11133305
2018-06-01,370.0761413574219,3219572
2018-06-04,361.4352722167969,2481566
2018-06-05,356.7091064453125,2767220
2018-06-06,358.8095703125,3927114
2018-06-07,362.867431640625,1770108
2018-06-08,363.297119140625,1232441
2018-06-11,365.0157470703125,2030226
2018-06-12,371.3173522949219,1920763
2018-06-13,365.5408630371094,2529140
2018-06-14,357.5206604003906,2398168
2018-06-15,356.0884704589844,7278768
2018-06-18,353.79693603515625,966982
2018-06-19,346.06317138671875,3037612
2018-06-20,349.11846923828125,4112085
2018-06-21,350.31201171875,4844094
2018-06-22,349.2616882324219,2982451
2018-06-25,344.8219299316406,1716838
2018-06-26,346.4928283691406,1997309
2018-06-27,344.77423095703125,3186106
2018-06-28,345.4425354003906,9627099
2018-06-29,356.2794189453125,3241005
2018-07-02,346.3973693847656,1732427
2018-07-03,346.3496398925781,1488048
2018-07-04,343.67620849609375,1616705
2018-07-05,345.53802490234375,1526982
2018-07-06,349.2139892578125,1549142
2018-07-09,350.3597412109375,1050376
2018-07-10,353.70147705078125,1656692
2018-07-11,356.61358642578125,2480112
2018-07-12,352.6512145996094,1458875
2018-07-13,353.6536865234375,3006407
2018-07-16,343.77166748046875,1340324
2018-07-17,350.12103271484375,1775116
2018-07-18,347.5908508300781,2065237
2018-07-19,352.88995361328125,1537925
2018-07-20,353.319580078125,1886770
2018-07-23,366.400146484375,2517823
2018-07-24,374.8500671386719,3937762
2018-07-25,380.7220458984375,4308866
2018-07-26,383.1689758300781,2388169
2018-07-27,378.70684814453125,2966414
2018-07-30,375.0123596191406,1649794
2018-07-31,383.6007995605469,2502908
2018-08-01,382.881103515625,1774615
2018-08-02,383.0249938964844,2966243
2018-08-03,383.4089050292969,1632617
2018-08-06,381.2976989746094,2817990
2018-08-07,357.2597351074219,9635697
2018-08-08,359.4668273925781,3276532
2018-08-09,362.7294921875,1992284
2018-08-10,363.9769287109375,1142258
2018-08-13,361.9137878417969,1438549
2018-08-14,358.07537841796875,1501909
2018-08-16,355.340576171875,2376448
2018-08-17,358.9870300292969,1983257
2018-08-20,362.9693908691406,1280487
2018-08-21,362.6815185546875,1592878
2018-08-23,368.9668884277344,2012760
2018-08-24,361.52996826171875,2085488
2018-08-27,363.3532409667969,2055581
2018-08-28,371.31793212890625,5128415
2018-08-29,370.310302734375,3234342
2018-08-30,368.2471923828125,3566612
2018-08-31,367.67138671875,3931829
2018-09-03,368.9189147949219,2744322
2018-09-04,358.6511535644531,2960605
2018-09-05,363.8809509277344,2276777
2018-09-06,369.2547302246094,1820623
2018-09-07,362.20172119140625,1859785
2018-09-10,356.92388916015625,3129554
2018-09-11,349.9187927246094,2452935
2018-09-12,360.85821533203125,3711887
2018-09-14,364.7446594238281,2937705
2018-09-17,365.41632080078125,1401771
2018-09-18,364.2168273925781,2692099
2018-09-19,357.355712890625,2121141
2018-09-21,347.13592529296875,3241191
2018-09-24,331.8783264160156,3415863
2018-09-25,324.2973937988281,5028005
2018-09-26,324.8731689453125,3424347
2018-09-27,321.70648193359375,4896009
2018-09-28,315.613037109375,4653499
2018-10-01,317.0044250488281,4159563
2018-10-03,316.4287109375,4438442
2018-10-04,304.24169921875,4508937
2018-10-05,289.6078186035156,7177862
2018-10-08,292.0548095703125,5915306
2018-10-09,305.8730773925781,5771005
2018-10-10,313.88580322265625,2734052
2018-10-11,300.8351135253906,2739752
2018-10-12,310.09527587890625,2428109
2018-10-15,308.2720947265625,1925052
2018-10-16,319.8832702636719,4764262
2018-10-17,301.2189636230469,3323311
2018-10-19,302.61041259765625,2731598
2018-10-22,302.6584167480469,4606057
2018-10-23,306.1129455566406,3893139
2018-10-24,301.4588928222656,7675048
2018-10-25,293.2543029785156,4584103
2018-10-26,291.8149108886719,4704344
2018-10-29,313.2139892578125,5379930
2018-10-30,309.5675048828125,4301781
2018-10-31,305.9690246582031,6383757
2018-11-01,305.4412536621094,5167082
2018-11-02,320.1231384277344,7387791
2018-11-05,316.23675537109375,3085488
2018-11-06,312.4463806152344,5044028
2018-11-07,313.0220947265625,301934
2018-11-09,323.9615783691406,3522988
2018-11-12,315.3730773925781,3573699
2018-11-13,320.6029357910156,1738296
2018-11-14,318.5877990722656,2981090
2018-11-15,332.214111328125,5293256
2018-11-16,333.41363525390625,3619678
2018-11-19,336.3883972167969,2321979
2018-11-20,340.8985595703125,5778336
2018-11-21,346.6561279296875,3161864
2018-11-22,353.27740478515625,4446824
2018-11-26,354.1410217285156,3906643
2018-11-27,354.1410217285156,4995025
2018-11-28,350.63848876953125,2583045
2018-11-29,354.8606872558594,3425961
2018-11-30,350.87835693359375,4137466
2018-12-03,360.4743957519531,4303979
2018-12-04,358.6991271972656,2615507
2018-12-05,359.6107482910156,4847267
2018-12-06,349.2471008300781,6200377
2018-12-07,358.36328125,3286454
2018-12-10,344.6409912109375,2917295
2018-12-11,341.3783264160156,6177739
2018-12-12,359.3229064941406,2845017
2018-12-13,356.0602111816406,2369770
2018-12-14,353.7091979980469,2380991
2018-12-17,356.3961181640625,3175781
2018-12-18,357.8354797363281,2687027
2018-12-19,360.6663513183594,1607147
2018-12-20,359.99462890625,2746343
2018-12-21,346.51220703125,10909545
2018-12-24,346.51220703125,2268806
2018-12-26,361.3380432128906,4519020
2018-12-27,368.48712158203125,5043675
2018-12-28,371.749755859375,3282766
2018-12-31,372.0376281738281,2062181
2019-01-01,373.2850646972656,1233249
2019-01-02,365.8961181640625,1506543
2019-01-03,362.825439453125,1902063
2019-01-04,366.7117919921875,1669709
2019-01-07,366.23199462890625,1260331
2019-01-08,363.4491882324219,2154121
2019-01-09,362.0577697753906,1166498
2019-01-10,364.8885803222656,1286641
2019-01-11,361.9137878417969,1829555
2019-01-14,359.3229064941406,927301
2019-01-15,369.59063720703125,1965520
2019-01-16,373.5729675292969,2847403
2019-01-17,378.5628967285156,4156932
2019-01-18,383.1689758300781,3617922
2019-01-21,380.1942443847656,2563705
2019-01-22,374.82049560546875,3328908
2019-01-23,369.63861083984375,3653992
2019-01-24,365.560302734375,3633336
2019-01-25,358.74713134765625,4760625
2019-01-28,312.9261169433594,15177384
2019-01-29,335.1408996582031,9816333
2019-01-30,324.4893798828125,7672859
2019-01-31,324.9691467285156,6403921
2019-02-01,324.7772216796875,3119675
2019-02-04,322.09033203125,4517829
2019-02-05,326.0726318359375,3262960
2019-02-06,317.0044250488281,6687853
2019-02-07,318.9236145019531,4871712
2019-02-08,318.10797119140625,2915806
2019-02-11,315.51708984375,3783848
2019-02-12,313.5978698730469,4496913
2019-02-14,334.9969787597656,6612759
2019-02-15,336.00457763671875,7728519
2019-02-18,333.2696838378906,6875440
2019-02-19,325.832763671875,3300497
2019-02-20,340.4187316894531,4885571
2019-02-21,341.3783264160156,4089677
2019-02-22,339.9869384765625,1719606
2019-02-25,311.4387512207031,21795407
2019-02-26,310.4311828613281,14243781
2019-02-27,312.1104736328125,5738757
2019-02-28,312.6862487792969,5059506
2019-03-01,319.73931884765625,4756894
2019-03-05,325.5448913574219,5098498
2019-03-06,323.4337463378906,7949482
2019-03-07,327.1282653808594,3047318
2019-03-08,328.3277893066406,2265000
2019-03-11,337.10809326171875,2918059
2019-03-12,346.46417236328125,5386817
2019-03-13,352.31781005859375,3888377
2019-03-14,351.2142333984375,1775804
2019-03-15,352.26983642578125,3057825
2019-03-18,354.09307861328125,3037029
2019-03-19,350.974365234375,1933040
2019-03-20,346.0324401855469,2925322
2019-03-22,346.17633056640625,3229387
2019-03-25,346.7521057128906,3162063
2019-03-26,353.7091979980469,2657710
2019-03-27,351.5021057128906,2965654
2019-03-28,365.8961181640625,5909606
2019-04-01,367.575439453125,2479521
2019-04-02,364.36077880859375,1825681
2019-04-03,366.5678405761719,2701443
2019-04-04,362.9693908691406,1397625
2019-04-05,371.50982666015625,2443633
2019-04-08,364.5527038574219,2624528
2019-04-09,365.3204040527344,1542463
2019-04-10,367.95928955078125,2067637
2019-04-11,364.12091064453125,1621369
2019-04-12,370.0704345703125,2146541
2019-04-15,371.41387939453125,2070828
2019-04-16,379.6664733886719,3728013
2019-04-18,374.7724914550781,3218018
2019-04-22,375.25225830078125,2279282
2019-04-23,375.10833740234375,2424827
2019-04-24,375.92401123046875,1674322
2019-04-25,373.5250244140625,5163069
2019-04-26,375.92401123046875,1681376
2019-04-30,376.93157958984375,2502107
2019-05-02,379.33056640625,2139442
2019-05-03,371.6058044433594,1863548
2019-05-06,364.45672607421875,1648057
2019-05-07,356.87591552734375,1628805
2019-05-08,354.8606872558594,1688110
2019-05-09,349.1990661621094,1315271
2019-05-10,357.4996337890625,3030255
2019-05-13,350.0147705078125,1520562
2019-05-14,355.5804138183594,3050760
2019-05-15,345.6005554199219,2499138
2019-05-16,356.4920349121094,3157194
2019-05-17,352.26983642578125,3059404
2019-05-20,383.9366149902344,10973781
2019-05-21,371.9416198730469,9115899
2019-05-22,370.3583068847656,4543570
2019-05-23,391.085693359375,23021274
2019-05-24,393.6766052246094,9272570
2019-05-27,395.73974609375,5088602
2019-05-28,395.9796447753906,18296760
2019-05-29,390.1261291503906,2511011
2019-05-30,392.7650451660156,5598272
2019-05-31,399.57818603515625,4217665
2019-06-03,407.59088134765625,3852273
2019-06-04,408.3585205078125,7683485
2019-06-06,409.0782470703125,4848580
2019-06-07,408.0227355957031,2648848
2019-06-10,408.5504455566406,2374282
2019-06-11,409.0782470703125,1707108
2019-06-12,407.78277587890625,2329686
2019-06-13,407.78277587890625,2925612
2019-06-14,409.1741943359375,2745328
2019-06-17,405.767578125,2736051
2019-06-18,404.376220703125,3509487
2019-06-19,391.22967529296875,5938743
2019-06-20,384.99224853515625,8383317
2019-06-21,385.7598876953125,4710025
2019-06-24,389.5982971191406,2582740
2019-06-25,389.2624206542969,2099347
2019-06-26,398.1867370605469,3327963
2019-06-27,390.0781555175781,8841636
2019-06-28,393.628662109375,2148799
2019-07-01,396.5554504394531,1457022
2019-07-02,397.3230895996094,1671598
2019-07-03,398.1387939453125,2542307
2019-07-04,398.1387939453125,1101623
2019-07-05,386.1917724609375,1670037
2019-07-08,381.7295837402344,1648021
2019-07-09,388.63873291015625,1952280
2019-07-10,388.63873291015625,2023029
2019-07-11,396.2196044921875,1732979
2019-07-12,398.5225830078125,2818537
2019-07-15,392.5730895996094,2601603
2019-07-16,400.8736267089844,2111513
2019-07-17,400.2019348144531,1698318
2019-07-18,395.73974609375,1300071
2019-07-19,389.1185302734375,1894624
2019-07-22,390.7499084472656,1941825
2019-07-23,383.6007995605469,2835920
2019-07-24,365.41632080078125,4748109
2019-07-25,364.9844970703125,2998970
2019-07-26,366.4246520996094,2701597
2019-07-29,358.93585205078125,1888927
2019-07-30,358.5518493652344,2312161
2019-07-31,362.4882507324219,2429787
2019-08-01,356.2956237792969,1720133
2019-08-02,360.4720153808594,3029294
2019-08-05,353.1752014160156,2432675
2019-08-06,361.9122009277344,3719169
2019-08-07,357.3996887207031,3419644
2019-08-08,359.03192138671875,3397923
2019-08-09,361.5761413574219,2223023
2019-08-13,346.16644287109375,2576776
2019-08-14,344.53424072265625,4506969
2019-08-16,343.0941162109375,4433448
2019-08-19,343.14208984375,2152462
2019-08-20,340.78985595703125,1767899
2019-08-21,336.70941162109375,1459740
2019-08-22,331.2847595214844,2171160
2019-08-23,335.41326904296875,2246560
2019-08-26,353.5112609863281,4974219
2019-08-27,357.2076721191406,3040184
2019-08-28,351.3510437011719,2186454
2019-08-29,351.591064453125,1725632
2019-08-30,351.1110534667969,2313806
2019-09-03,346.8865661621094,1638833
2019-09-04,349.8149108886719,1846644
2019-09-05,351.92706298828125,1642165
2019-09-06,351.1590270996094,2366109
2019-09-09,354.8074035644531,2954338
2019-09-11,358.455810546875,3341392
2019-09-12,357.5917663574219,2625251
2019-09-13,359.27191162109375,2925109
2019-09-16,355.8155517578125,2561643
2019-09-17,350.7269592285156,2609989
2019-09-18,351.73504638671875,1469778
2019-09-19,347.46258544921875,1317155
2019-09-20,365.5126037597656,6134710
2019-09-23,394.55584716796875,6695717
2019-09-24,397.34014892578125,3112368
2019-09-25,398.2522277832031,2997555
2019-09-26,402.4286804199219,8639414
2019-09-27,392.299560546875,3789544
2019-09-30,397.4361877441406,3152658
2019-10-01,387.9310607910156,2532760
2019-10-03,387.7870178222656,2619077
2019-10-04,378.8580627441406,1610595
2019-10-07,379.48211669921875,1399825
2019-10-09,384.4747009277344,3905912
2019-10-10,383.9466552734375,3034826
2019-10-11,392.73162841796875,2283201
2019-10-14,391.1954650878906,3313476
2019-10-15,397.24407958984375,2434978
2019-10-16,393.6437072753906,2008661
2019-10-17,392.8276062011719,2478950
2019-10-18,404.8769836425781,4047650
2019-10-22,403.9648742675781,2380735
2019-10-23,380.2982482910156,6752056
2019-10-24,383.2265930175781,6433637
2019-10-25,383.0345458984375,3272059
2019-10-27,383.85064697265625,110114
2019-10-29,383.0345458984375,2269051
2019-10-30,382.21844482421875,5590453
2019-10-31,380.0101623535156,2529130
2019-11-01,374.2015380859375,3665336
2019-11-04,375.4017028808594,3146855
2019-11-05,374.44158935546875,1395899
2019-11-06,375.4017028808594,2277683
2019-11-07,374.8736267089844,1615593
2019-11-08,370.74517822265625,1206504
2019-11-11,372.4253234863281,2300763
2019-11-13,356.00750732421875,5392849
2019-11-14,354.3753662109375,2662084
2019-11-15,351.6870422363281,2362065
2019-11-18,351.0629577636719,1835202
2019-11-19,349.52679443359375,2758083
2019-11-20,352.0711364746094,6385953
2019-11-21,357.2557067871094,6556285
2019-11-22,356.631591796875,3679373
2019-11-25,359.7519836425781,3050808
2019-11-26,355.6235046386719,4348236
2019-11-27,358.0718078613281,1417796
2019-11-28,357.7357482910156,1649478
2019-11-29,366.8087463378906,30111277
2019-12-02,362.6802978515625,3783084
2019-12-03,347.51055908203125,4189825
2019-12-04,353.1752014160156,4369308
2019-12-05,353.7032775878906,3179935
2019-12-06,351.54302978515625,2376977
2019-12-09,358.69586181640625,4988293
2019-12-10,352.26312255859375,2108098
2019-12-11,354.951416015625,1710192
2019-12-12,357.6397399902344,2012086
2019-12-13,361.9122009277344,2699035
2019-12-16,353.6552734375,3579883
2019-12-17,356.4395751953125,4226416
2019-12-18,359.5599060058594,3960881
2019-12-19,354.9034118652344,2769484
2019-12-20,357.4476318359375,10808900
2019-12-23,352.26312255859375,4275342
2019-12-24,353.89532470703125,2948878
2019-12-26,349.1427307128906,2503435
2019-12-27,349.1908264160156,2146972
2019-12-30,351.3510437011719,4732203
2019-12-31,351.3990173339844,2043206
2020-01-01,362.5842590332031,11377167
2020-01-02,367.8648376464844,5919760
2020-01-03,367.2407531738281,3684824
2020-01-06,365.03253173828125,12482680
2020-01-07,369.4490051269531,8091465
2020-01-08,370.2651062011719,4620991
2020-01-09,376.1697692871094,4186783
2020-01-10,376.4097900390625,2405154
2020-01-13,374.77764892578125,1516112
2020-01-14,373.6734924316406,1963128
2020-01-15,375.20965576171875,1536571
2020-01-16,375.35369873046875,1340762
2020-01-17,372.1373596191406,1644832
2020-01-20,364.8885192871094,1760945
2020-01-21,364.7925109863281,2005178
2020-01-22,368.29693603515625,1817459
2020-01-23,370.4571533203125,1202104
2020-01-24,369.4010009765625,1572385
2020-01-27,366.0406494140625,1076027
2020-01-28,358.0718078613281,2220618
2020-01-29,368.0568542480469,3588224
2020-01-30,362.9202880859375,1526892
2020-01-31,354.66339111328125,2912256
2020-02-03,352.6951599121094,2857926
2020-02-04,357.6397399902344,3061868
2020-02-05,351.9751281738281,3441871
2020-02-06,355.4315185546875,4172547
2020-02-07,354.8074035644531,2197903
2020-02-10,353.55926513671875,1537598
2020-02-11,359.27191162109375,2836917
2020-02-12,359.1758728027344,1873710
2020-02-13,354.3753662109375,1602247
2020-02-14,352.215087890625,1012713
2020-02-17,348.3266906738281,1979626
2020-02-18,351.9751281738281,1693616
2020-02-19,356.487548828125,2057811
2020-02-20,356.0555419921875,1799254
2020-02-24,347.79864501953125,2070656
2020-02-25,344.1022033691406,2530137
2020-02-26,344.1022033691406,4164401
2020-02-27,339.5896911621094,1977795
2020-02-28,328.5484924316406,4299292
2020-03-02,327.060302734375,2510491
2020-03-03,333.44500732421875,3671071
2020-03-04,332.14886474609375,3490806
2020-03-05,335.22119140625,2709900
2020-03-06,327.7803955078125,3966036
2020-03-09,309.0583190917969,3230309
2020-03-11,307.4261474609375,5634335
2020-03-12,276.1746520996094,9895066
2020-03-13,281.0711975097656,21079070
2020-03-16,253.7455291748047,7727458
2020-03-17,259.3271484375,9691217
2020-03-18,252.77479553222656,5581367
2020-03-19,250.78485107421875,8727962
2020-03-20,248.8919219970703,7028900
2020-03-23,201.71505737304688,5716748
2020-03-24,224.96376037597656,9694177
2020-03-25,248.11537170410156,11745146
2020-03-26,240.93203735351562,8701776
2020-03-27,243.94126892089844,4871435
2020-03-30,244.28102111816406,8946439
2020-03-31,243.94126892089844,6401278
2020-04-01,237.63162231445312,4034211
2020-04-03,237.63162231445312,7210403
2020-04-07,240.83499145507812,7360798
2020-04-08,243.50445556640625,6897792
2020-04-09,244.52371215820312,5290625
2020-04-13,255.15306091308594,6979344
2020-04-15,261.0259094238281,7606664
2020-04-16,259.76397705078125,3267284
2020-04-17,260.2978820800781,3470146
2020-04-20,262.5790710449219,2234365
2020-04-21,257.43426513671875,2562044
2020-04-22,263.93804931640625,3229099
2020-04-23,269.4711608886719,3594086
2020-04-24,262.72467041015625,2515755
2020-04-27,263.21002197265625,1845577
2020-04-28,264.95733642578125,1808291
2020-04-29,279.22686767578125,4058322
2020-04-30,281.6051330566406,4675412
2020-05-04,258.5505676269531,6359013
2020-05-05,255.39576721191406,4866839
2020-05-06,262.2392883300781,10547916
2020-05-07,274.1305847167969,6505707
2020-05-08,276.7030029296875,2594066
2020-05-11,281.21685791015625,3204070
2020-05-12,282.964111328125,4602740
2020-05-13,300.2914123535156,9559902
2020-05-14,299.3692321777344,5684066
2020-05-15,300.1943359375,3712050
2020-05-18,284.71142578125,3625908
2020-05-19,309.85296630859375,10540236
2020-05-20,314.269775390625,6985180
2020-05-21,307.8630065917969,4602568
2020-05-22,301.50482177734375,3428549
2020-05-26,306.3584289550781,4031218
2020-05-27,317.0848388671875,6352246
2020-05-28,322.08404541015625,5654879
2020-05-29,314.31829833984375,12299517
2020-06-01,319.7057800292969,2865749
2020-06-02,329.9953918457031,4668305
2020-06-03,329.6070556640625,5177337
2020-06-04,329.267333984375,4625229
2020-06-05,331.1602478027344,2348630
2020-06-08,333.24725341796875,2771175
2020-06-09,335.916748046875,3387618
2020-06-10,336.4021301269531,2324983
2020-06-11,328.7334289550781,4260956
2020-06-12,335.188720703125,3022904
2020-06-15,329.8012390136719,2474091
2020-06-16,330.8204650878906,2686016
2020-06-17,331.30584716796875,2457982
2020-06-18,333.73260498046875,2502231
2020-06-19,338.68328857421875,6917609
2020-06-22,339.3628234863281,2515837
2020-06-23,345.235595703125,2715717
2020-06-24,341.54693603515625,2841354
2020-06-25,333.9267883300781,5056963
2020-06-26,333.15020751953125,3979419
2020-06-29,332.61627197265625,3263757
2020-06-30,333.8297119140625,2828818
2020-07-01,333.73260498046875,1202080
2020-07-02,336.644775390625,1204040
2020-07-03,349.8465576171875,9300920
2020-07-06,348.9244079589844,3360559
2020-07-07,335.8197021484375,4348413
2020-07-08,330.6263427734375,3988463
2020-07-09,333.1016540527344,3635224
2020-07-10,325.1418151855469,3368457
2020-07-13,322.4722900390625,2187702
2020-07-14,311.017822265625,3146768
2020-07-15,305.92156982421875,3905249
2020-07-16,302.08721923828125,3122788
2020-07-17,303.8345031738281,3264266
2020-07-20,308.00860595703125,4328735
2020-07-21,305.4847717285156,4264584
2020-07-22,302.86383056640625,3068805
2020-07-23,304.7081604003906,2831414
2020-07-24,300.3399658203125,2457668
2020-07-27,300.0002136230469,5465737
2020-07-28,309.27056884765625,4973488
2020-07-29,305.92156982421875,4000041
2020-07-30,303.3492126464844,2498353
2020-07-31,305.9701232910156,1944926
2020-08-03,302.2328796386719,2408531
2020-08-04,305.72747802734375,3182644
2020-08-05,317.52166748046875,8387003
2020-08-06,314.31829833984375,3281920
2020-08-07,317.0848388671875,2634656
2020-08-10,321.5986328125,3187734
2020-08-11,325.1903381347656,3504782
2020-08-12,331.20880126953125,10674205
2020-08-13,337.4698486328125,2707033
2020-08-14,337.9067077636719,3376980
2020-08-17,346.98291015625,4507708
2020-08-18,346.98291015625,2151389
2020-08-19,346.2063293457031,3269069
2020-08-20,343.2456359863281,3533915
2020-08-21,343.97369384765625,1341709
2020-08-24,338.7803649902344,3488987
2020-08-25,335.9653015136719,3532971
2020-08-26,343.8766174316406,11568355
2020-08-27,340.28497314453125,2996658
2020-08-28,349.5068054199219,5406394
2020-08-31,345.33270263671875,19379155
2020-09-01,338.5862121582031,6726316
2020-09-02,349.3612060546875,5694675
2020-09-03,355.2825622558594,4285869
2020-09-04,342.6632080078125,7628188
2020-09-07,341.7410583496094,3344349
2020-09-08,335.47991943359375,2339457
2020-09-09,333.78118896484375,3413201
2020-09-10,331.5970764160156,3892385
2020-09-11,332.470703125,4656343
2020-09-14,341.352783203125,4221864
2020-09-15,342.3234558105469,2042309
2020-09-16,343.1971130371094,1998091
2020-09-17,335.9653015136719,2433176
2020-09-18,347.3712463378906,4963124
2020-09-21,337.6640625,3086172
2020-09-22,322.56939697265625,4670128
2020-09-23,315.0948486328125,4281260
2020-09-24,304.56256103515625,6847625
2020-09-25,316.5994873046875,6282538
2020-09-28,329.6070556640625,4249775
2020-09-29,331.0146484375,3490634
2020-09-30,331.7426452636719,2757175
2020-10-01,342.9544677734375,3004005
2020-10-05,340.0908508300781,11896461
2020-10-06,352.2733459472656,7483578
2020-10-07,350.0892028808594,4024700
2020-10-08,349.215576171875,3036028
2020-10-09,346.74029541015625,1988867
2020-10-12,347.1771240234375,3626399
2020-10-13,339.65399169921875,2413110
2020-10-14,338.73187255859375,2363379
2020-10-15,332.7619323730469,2855273
2020-10-16,339.7025146484375,2634960
2020-10-19,337.372802734375,2181974
2020-10-20,338.73187255859375,1999765
2020-10-21,344.9444580078125,4398526
2020-10-22,347.8565673828125,4506437
2020-10-23,353.6808776855469,6357073
2020-10-26,353.0499267578125,7541562
2020-10-27,353.72943115234375,5869559
2020-10-28,343.294189453125,3863941
2020-10-29,332.66485595703125,3346474
2020-10-30,349.3126525878906,12044256
2020-11-02,346.44903564453125,9364431
2020-11-03,343.294189453125,7971473
2020-11-04,350.5260009765625,17940352
2020-11-05,357.8549499511719,16920686
2020-11-06,360.2332458496094,7290106
2020-11-09,356.3017883300781,7038841
2020-11-10,356.0105895996094,6850175
2020-11-11,360.7185974121094,4370366
2020-11-12,357.27252197265625,4759659
2020-11-13,354.79718017578125,4156320
2020-11-14,355.379638671875,444529
2020-11-17,368.5328369140625,11192618
2020-11-18,379.6475830078125,15514329
2020-11-19,370.7169494628906,6894431
2020-11-20,364.8441162109375,5562369
2020-11-23,364.16461181640625,4065424
2020-11-24,380.7638854980469,19485370
2020-11-25,387.2676696777344,18238080
2020-11-26,398.1397399902344,12856261
2020-11-27,399.49871826171875,10593353
2020-12-01,411.3900146484375,9170159
2020-12-02,425.36834716796875,13049398
2020-12-03,423.03863525390625,10810399
2020-12-04,440.41448974609375,10271034
2020-12-07,457.6932373046875,16140936
2020-12-08,449.7818908691406,9218366
2020-12-09,450.3158264160156,5811412
2020-12-10,457.2078857421875,4785102
2020-12-11,452.6454772949219,4922448
2020-12-14,453.3250427246094,5943652
2020-12-15,461.8188171386719,10973876
2020-12-16,461.6246643066406,5452263
2020-12-17,454.0530700683594,6757703
2020-12-18,449.73333740234375,5980780
2020-12-21,431.2412414550781,8223842
2020-12-22,454.9266662597656,9462053
2020-12-23,456.9652099609375,7943560
2020-12-24,464.5367736816406,7679078
2020-12-28,469.390380859375,8372924
2020-12-29,469.2447509765625,5866837
2020-12-30,471.1861877441406,3736356
2020-12-31,469.5845642089844,4386328
2021-01-01,489.095947265625,7815730
2021-01-04,484.2908630371094,9998803
2021-01-05,484.8247985839844,5135408
2021-01-06,482.2523498535156,5203982
2021-01-07,498.8031311035156,10295126
2021-01-08,501.86090087890625,7272250
2021-01-11,493.46417236328125,7156036
2021-01-12,496.2792663574219,6751375
2021-01-13,520.935546875,11045555
2021-01-14,521.2266845703125,6066782
2021-01-15,512.4902954101562,5427713
2021-01-18,500.4048156738281,6258367
2021-01-19,517.1982421875,6694907
2021-01-20,542.2427368164062,14440729
2021-01-21,531.6134643554688,8870257
2021-01-22,520.1103515625,6843849
2021-01-25,508.316162109375,5816153
2021-01-27,503.65667724609375,8920054
2021-01-28,503.8993835449219,5707393
2021-01-29,494.7746887207031,6781488
2021-02-01,526.8568725585938,10259084
2021-02-02,534.671142578125,7160471
2021-02-03,543.6987915039062,7462289
2021-02-04,551.755859375,6850462
2021-02-05,550.3482666015625,5586868
2021-02-08,565.0060424804688,8887710
2021-02-09,564.9089965820312,10917915
2021-02-10,559.9583129882812,19987392
2021-02-11,574.51904296875,10595917
2021-02-12,598.5443115234375,24953701
2021-02-15,609.3678588867188,15146033
2021-02-16,617.91015625,15120148
2021-02-17,636.5479736328125,34868085
2021-02-18,644.6048583984375,13189027
2021-02-19,634.3638305664062,17553743
2021-02-22,654.0693969726562,16739107
2021-02-23,642.6149291992188,11247164
2021-02-24,645.72119140625,3919187
2021-02-25,683.67626953125,18596690
2021-02-26,656.10791015625,19909990
2021-03-01,672.6101684570312,11600468
2021-03-02,699.40185546875,11486477
2021-03-03,708.4780883789062,19961472
2021-03-04,730.4163818359375,30607959
2021-03-05,727.0187377929688,17665200
2021-03-08,726.4849243164062,15286852
2021-03-09,728.76611328125,8548163
2021-03-10,723.524169921875,5235249
2021-03-12,706.827880859375,10961076
2021-03-15,697.9943237304688,13403522
2021-03-16,696.3441162109375,14979009
2021-03-17,668.09619140625,8151544
2021-03-18,659.7481079101562,10925357
2021-03-19,666.15478515625,10373422
2021-03-22,700.7609252929688,22864950
2021-03-23,716.9232788085938,30612174
2021-03-24,686.151611328125,21213413
2021-03-25,668.09619140625,16860086
2021-03-26,682.4627685546875,12350673
2021-03-30,689.7431640625,9109273
2021-03-31,681.8319091796875,7752226
2021-04-01,714.6906127929688,15017049
2021-04-05,720.5149536132812,15622924
2021-04-06,811.0828857421875,64555516
2021-04-07,790.8920288085938,97717880
2021-04-08,798.900390625,34025873
2021-04-09,799.4827880859375,21804785
2021-04-12,722.8447265625,28112240
2021-04-13,709.6429443359375,52812517
2021-04-15,728.377685546875,26108614
2021-04-16,733.3770141601562,41791181
2021-04-19,699.8386840820312,22935238
2021-04-20,699.3533325195312,21315167
2021-04-22,716.1953125,26840536
2021-04-23,704.1097412109375,18435449
2021-04-26,709.3516845703125,9390549
2021-04-27,727.2130126953125,20573107
2021-04-28,724.3978881835938,11156977
2021-04-29,724.8832397460938,13851910
2021-04-30,708.6723022460938,12600934
2021-05-03,739.1041870117188,25953577
2021-05-04,746.239013671875,31400296
2021-05-05,716.4865112304688,29426971
2021-05-06,719.107421875,11926793
2021-05-07,745.268310546875,20782117
2021-05-10,743.03564453125,9201326
2021-05-11,740.317626953125,12978165
2021-05-12,729.5911254882812,10615003
2021-05-14,712.0697021484375,10876267
2021-05-17,732.1150512695312,12271212
2021-05-18,753.1796875,9877934
2021-05-19,749.7821655273438,15666729
2021-05-20,743.2783203125,6964023
2021-05-21,746.67578125,5274817
2021-05-24,744.1033935546875,8354397
2021-05-25,741.6281127929688,4730725
2021-05-26,736.094970703125,7375242
2021-05-27,729.3970336914062,7909776
2021-05-28,753.4223022460938,13623565
2021-05-31,747.0155639648438,7820165
2021-06-01,774.82666015625,17847137
2021-06-02,787.7371826171875,27748928
2021-06-03,801.133056640625,24105079
2021-06-04,809.4326782226562,14457348
2021-06-07,852.872314453125,33684310
2021-06-08,848.6011352539062,16422574
2021-06-09,827.6336059570312,31225441
2021-06-10,821.9548950195312,11744190
2021-06-11,815.159912109375,17460610
2021-06-14,745.9478759765625,89771631
2021-06-15,739.541015625,45408426
2021-06-16,686.0059814453125,29440056
2021-06-17,627.9571533203125,70812142
2021-06-18,674.0176391601562,76266975
2021-06-21,709.6429443359375,51759617
2021-06-22,721.1459350585938,35597113
2021-06-23,697.654541015625,31168761
2021-06-24,693.9400024414062,21503302
2021-06-25,696.1883544921875,12085421
2021-06-28,700.147216796875,14139292
2021-06-29,695.0153198242188,9303151
2021-06-30,687.8794555664062,9100756
2021-07-01,687.2928466796875,8035542
2021-07-02,694.4287719726562,17676086
2021-07-05,694.0866088867188,11105134
2021-07-06,696.6771240234375,14580124
2021-07-07,703.9107055664062,8719991
2021-07-08,695.6995239257812,7804439
2021-07-09,712.121826171875,14924156
2021-07-12,701.90673828125,8664504
2021-07-13,688.172607421875,12287372
2021-07-14,681.574462890625,13812481
2021-07-15,683.3828125,7490612
2021-07-16,672.1412963867188,6941246
2021-07-19,658.5538940429688,13618862
2021-07-20,657.4785766601562,11533588
2021-07-22,676.2469482421875,9740403
2021-07-23,664.7611694335938,8682097
2021-07-26,667.44921875,5339116
2021-07-27,648.2899169921875,7133113
2021-07-28,650.4404907226562,11132158
2021-07-29,644.8197631835938,4572153
2021-07-30,659.3358764648438,13440904
2021-08-02,676.4424438476562,8925708
2021-08-03,689.1990966796875,18429941
2021-08-04,679.0817260742188,14045587
2021-08-05,677.9576416015625,5851411
2021-08-06,694.7220458984375,17504802
2021-08-09,684.164794921875,7521213
2021-08-10,677.4200439453125,5937282
2021-08-11,683.4317016601562,6297975
2021-08-12,688.2214965820312,5068665
2021-08-13,688.3193359375,3390071
2021-08-16,691.0075073242188,6385995
2021-08-17,677.077880859375,7262774
2021-08-18,689.5411987304688,7354758
2021-08-20,671.7503662109375,6274741
2021-08-23,653.2752685546875,6636881
2021-08-24,679.7659912109375,7640710
2021-08-25,704.5460815429688,21275432
2021-08-26,705.4747314453125,14969643
2021-08-27,710.6555786132812,6751256
2021-08-30,713.5881958007812,4757858
2021-08-31,731.4766845703125,15419587
2021-09-01,728.0065307617188,5320381
2021-09-02,736.90185546875,5788915
2021-09-03,737.9283447265625,4491254
2021-09-06,734.3115234375,5260360
2021-09-07,728.7396240234375,3515903
2021-09-08,730.0592651367188,4036193
2021-09-09,732.84521484375,2829060
2021-09-13,728.3486328125,2514604
2021-09-14,738.4170532226562,5615411
2021-09-15,748.7299194335938,7039338
2021-09-16,752.3466796875,4625316
2021-09-17,749.8540649414062,9701785
2021-09-20,732.063232421875,5570433
2021-09-21,732.7474365234375,7766479
2021-09-22,728.5441284179688,4343365
2021-09-23,737.5372314453125,3526253
2021-09-24,728.055419921875,4445517
2021-09-27,733.3828125,3803939
2021-09-28,722.092529296875,3748173
2021-09-29,725.3182983398438,2734053
2021-09-30,721.310546875,4356469
2021-10-01,718.4268188476562,4008108
2021-10-04,727.4688720703125,3414151
2021-10-05,727.2244873046875,3270764
2021-10-06,707.7230224609375,3615568
2021-10-07,719.599853515625,3237419
2021-10-08,723.2655639648438,2878232
2021-10-11,720.8706665039062,2118247
2021-10-12,720.3330078125,2152513
2021-10-13,741.9360961914062,9083125
2021-10-14,794.5265502929688,19754735
2021-10-18,792.3272094726562,8883845
2021-10-19,774.4385986328125,5543852
2021-10-20,777.029052734375,5467049
2021-10-21,761.82861328125,4607499
2021-10-22,744.6731567382812,3860760
2021-10-25,735.142333984375,2973109
2021-10-26,733.040771484375,3093933
2021-10-27,729.0817260742188,3246881
2021-10-28,672.6300659179688,18160551
2021-10-29,677.4200439453125,7612968
2021-11-01,688.5636596679688,3233662
2021-11-02,686.5597534179688,3028354
2021-11-03,693.2557983398438,3036191
2021-11-04,697.6546020507812,453287
2021-11-08,714.0280151367188,3227351
2021-11-09,720.7728881835938,3456614
2021-11-10,721.310546875,2751881
2021-11-11,718.573486328125,2325810
2021-11-12,733.4317016601562,4585484
2021-11-15,732.9429931640625,2434426
2021-11-16,729.6682739257812,3378779
2021-11-17,719.0133666992188,2444025
2021-11-18,709.7269287109375,2202581
2021-11-22,698.92529296875,3557560
2021-11-23,712.85498046875,3487221
2021-11-24,745.8951416015625,11647665
2021-11-25,745.30859375,6140941
2021-11-26,701.0270385742188,7219931
2021-11-29,686.8040771484375,5930351
2021-11-30,668.4756469726562,6190734
2021-12-01,692.0338745117188,5582125
2021-12-02,722.4835205078125,8478638
2021-12-03,720.8706665039062,5578503
2021-12-06,707.1853637695312,3537411
2021-12-07,727.9576416015625,3993342
2021-12-08,744.2822265625,4621331
2021-12-09,752.4443969726562,4687479
2021-12-10,750.4405517578125,10049545
2021-12-13,741.3984985351562,4985928
2021-12-14,746.530517578125,2919015
2021-12-15,728.7396240234375,4673906
2021-12-16,728.3975219726562,3303620
2021-12-17,707.6741943359375,4973404
2021-12-20,685.9243774414062,4559002
2021-12-21,709.2870483398438,6943546
2021-12-22,706.5988159179688,3626585
2021-12-23,714.8588256835938,6641505
2021-12-24,706.158935546875,3946754
2021-12-27,706.9409790039062,2663285
2021-12-28,712.85498046875,3604123
2021-12-29,706.5010986328125,2396416
2021-12-30,707.9674072265625,3654532
2021-12-31,713.88134765625,2538092
2022-01-03,720.0396728515625,2377227
2022-01-04,722.630126953125,4068551
2022-01-05,737.9283447265625,5409002
2022-01-06,723.167724609375,5440633
2022-01-07,719.5509643554688,2590751
2022-01-10,722.2391357421875,2173107
2022-01-11,747.89892578125,8959781
2022-01-12,746.3837890625,5775798
2022-01-13,754.8394165039062,4049411
2022-01-14,762.5617065429688,9627761
2022-01-17,761.535400390625,3187871
2022-01-18,745.79736328125,4300929
2022-01-19,727.4688720703125,5843870
2022-01-20,721.4082641601562,4741333
2022-01-21,707.625244140625,9244367
2022-01-24,686.6575317382812,5349759
2022-01-25,695.113037109375,4482325
2022-01-27,693.1580200195312,4749083
2022-01-28,694.1843872070312,3543413
2022-01-31,700.1961059570312,2152066
2022-02-01,722.1414184570312,6052108
2022-02-02,728.4464111328125,6167378
2022-02-03,716.0319213867188,2689612
2022-02-04,710.6067504882812,2453595
2022-02-07,699.072021484375,2610637
2022-02-08,701.662353515625,3207780
2022-02-09,716.9605712890625,3186942
2022-02-10,714.614501953125,4752601
2022-02-11,707.4297485351562,3621116
2022-02-14,680.1080932617188,6219506
2022-02-15,704.3994140625,3319096
2022-02-16,724.0964965820312,9382605
2022-02-17,717.6937255859375,3407347
2022-02-18,711.144287109375,2151557
2022-02-21,695.113037109375,2805791
2022-02-22,689.687744140625,6112926
2022-02-23,690.81201171875,2978284
2022-02-24,640.1276245117188,9547717
2022-02-25,679.5216064453125,5738223
2022-02-28,691.5939331054688,4288186
2022-03-02,694.3309936523438,4448558
2022-03-03,690.81201171875,7533817
2022-03-04,684.4091796875,7941457
2022-03-07,662.5616455078125,4890958
2022-03-08,673.3632202148438,3831397
2022-03-09,698.0455932617188,5351552
2022-03-10,713.9791259765625,5850213
2022-03-11,713.050537109375,2864685
2022-03-14,714.125732421875,1905433
2022-03-15,705.0836791992188,4228582
2022-03-16,707.5275268554688,2693057
2022-03-17,723.4609985351562,4957379
2022-03-21,718.622314453125,6662688
2022-03-22,722.5324096679688,5010054
2022-03-23,717.2538452148438,4698808
2022-03-24,716.9605712890625,2914647
2022-03-25,726.540283203125,4003497
2022-03-28,720.4307250976562,5691095
2022-03-29,744.81982421875,11423551
2022-03-30,750.1473388671875,6913983
2022-03-31,756.79443359375,5468951
2022-04-01,768.084716796875,6816743
2022-04-04,800.1473388671875,13743062
2022-04-05,828.984130859375,21090646
2022-04-06,830.7435913085938,8785541
2022-04-07,799.0232543945312,11662093
2022-04-08,820.4307861328125,5777924
2022-04-11,835.3380126953125,6030153
2022-04-12,825.9049072265625,5597246
2022-04-13,821.6038818359375,2955807
2022-04-18,823.7544555664062,3969878
2022-04-19,800.8804931640625,4472320
2022-04-20,809.0427856445312,3071216
2022-04-21,831.3790283203125,5539106
2022-04-22,854.4973754882812,17864000
2022-04-25,840.2255859375,10145325
2022-04-26,889.0526123046875,21010788
2022-04-27,867.3516845703125,20793885
2022-04-28,867.1561889648438,8778304
2022-04-29,837.146484375,11543840
2022-05-02,837.29296875,5760499
2022-05-04,794.5265502929688,7969164
2022-05-05,793.1092529296875,6597383
2022-05-06,793.1580810546875,6150326
2022-05-09,774.7807006835938,4768026
2022-05-10,751.8090209960938,5344522
2022-05-11,742.81591796875,8985117
2022-05-12,697.2634887695312,10570456
2022-05-13,690.0299682617188,7247809
2022-05-16,696.4815063476562,5606071
2022-05-17,728.0065307617188,4430294
2022-05-18,742.7181396484375,9020504
2022-05-19,716.3251342773438,4445667
2022-05-20,750.2938842773438,5434279
2022-05-23,736.6087036132812,4787481
2022-05-24,735.2401733398438,4653281
2022-05-25,691.9850463867188,7699306
2022-05-26,685.7288208007812,13569693
2022-05-27,687.2928466796875,5815428
2022-05-30,718.1824340820312,5546106
2022-05-31,723.2166748046875,6346866
2022-06-01,720.3330078125,3196984
2022-06-02,731.6233520507812,3536560
2022-06-03,723.2655639648438,2960614
2022-06-06,724.5851440429688,2753267
2022-06-07,718.035888671875,2488075
2022-06-08,712.2195434570312,2839931
2022-06-09,718.9644165039062,2604731
2022-06-10,710.069091796875,3377686
2022-06-13,679.619384765625,4535069
2022-06-14,688.8569946289062,6144330
2022-06-15,687.9282836914062,2447673
2022-06-16,666.3739624023438,4301251
2022-06-17,653.91064453125,6103963
2022-06-20,648.2410888671875,3507676
2022-06-21,673.6075439453125,3313116
2022-06-22,653.2752685546875,2964156
2022-06-23,660.117919921875,2762533
2022-06-24,670.9683227539062,2740927
2022-06-27,672.2879638671875,2711512
2022-06-28,662.8060302734375,4596840
2022-06-29,662.5616455078125,3332554
2022-06-30,656.9409790039062,3502799
2022-07-01,662.659423828125,3151179
2022-07-04,666.667236328125,1874921
2022-07-05,663.4903564453125,2472875
2022-07-06,678.7396240234375,2634839
2022-07-07,687.7816162109375,2896584
2022-07-08,699.609619140625,3880791
2022-07-11,712.8060913085938,3814715
2022-07-12,715.4454345703125,5846548
2022-07-13,710.4111328125,2373553
2022-07-14,713.0687866210938,2859869
2022-07-15,719.4174194335938,4127381
2022-07-18,728.1283569335938,2403691
2022-07-19,737.2330322265625,2864129
2022-07-20,731.8687133789062,2176017
2022-07-21,742.400634765625,2639283
2022-07-22,742.400634765625,2854708
2022-07-25,738.1681518554688,1592179
2022-07-26,737.3314208984375,1803260
2022-07-27,748.7000732421875,2539587
2022-07-28,752.4895629882812,2696358
2022-07-29,751.7021484375,3182798
2022-08-01,788.6622314453125,6459641
2022-08-02,789.6956787109375,4393310
2022-08-03,794.5187377929688,3326267
2022-08-04,794.5679931640625,4641779
2022-08-05,797.5208129882812,2807602
2022-08-08,789.0559692382812,7519923
2022-08-10,778.1302490234375,5541103
2022-08-11,780.2957763671875,2140171
2022-08-12,775.96484375,2281608
2022-08-16,811.2024536132812,6820860
2022-08-17,811.7930908203125,3694850
2022-08-18,819.9625854492188,3836669
2022-08-19,858.1038208007812,24506694
2022-08-22,827.0494995117188,14693558
2022-08-23,819.4212646484375,13515300
2022-08-24,823.1615600585938,6558722
2022-08-25,803.1804809570312,6287921
2022-08-26,824.5396118164062,8513113
2022-08-29,823.260009765625,6652807
2022-08-30,828.919677734375,9490984
2022-09-01,824.6380004882812,3888408
2022-09-02,838.5657348632812,8840020
2022-09-05,837.5321655273438,5434684
2022-09-06,836.9907836914062,3380947
2022-09-07,861.1551513671875,8930248
2022-09-08,871.1456298828125,7943521
2022-09-09,892.6032104492188,18369177
2022-09-12,923.7559814453125,12571292
2022-09-13,933.8941650390625,9651873
2022-09-14,932.9591064453125,8500355
2022-09-15,953.3339233398438,8703534
2022-09-16,923.460693359375,10712402
2022-09-19,944.5244750976562,7922869
2022-09-20,955.0072021484375,7539047
2022-09-21,918.2440185546875,13178269
2022-09-22,931.7779541015625,8855564
2022-09-23,899.4440307617188,6646619
2022-09-26,849.8358154296875,9880236
2022-09-27,830.9375,11598728
2022-09-28,814.1060791015625,7040943
2022-09-29,803.57421875,7476709
2022-09-30,807.7574462890625,10406215
2022-10-03,772.0769653320312,12903551
2022-10-04,810.1196899414062,10445528
2022-10-06,811.1531982421875,6175752
2022-10-07,804.0663452148438,6086925
2022-10-10,795.4046020507812,4642360
2022-10-11,784.8234252929688,6193388
2022-10-12,791.2705688476562,5628537
2022-10-13,772.4214477539062,7491563
2022-10-14,767.8444213867188,4562526
2022-10-17,773.8486938476562,4602870
2022-10-18,797.2255859375,7372253
2022-10-19,792.4025268554688,5222275
2022-10-20,807.1668090820312,4481441
2022-10-21,789.0559692382812,5266210
2022-10-24,792.8455200195312,665021
2022-10-25,787.7763061523438,4485050
2022-10-27,808.3480224609375,7110289
2022-10-28,807.4129638671875,6898541
2022-10-31,810.6118774414062,4487537
2022-11-01,828.5751342773438,7769108
2022-11-02,820.30712890625,11859603
2022-11-03,820.7500610351562,6632872
2022-11-04,849.3436889648438,11128361
2022-11-07,839.5992431640625,7995787
2022-11-09,876.8053588867188,20088415
2022-11-10,879.4137573242188,9906420
2022-11-11,880.447265625,8777095
2022-11-14,880.9885864257812,7653024
2022-11-15,892.6524658203125,10675723
2022-11-16,873.4095458984375,11504802
2022-11-17,876.8545532226562,5190475
2022-11-18,874.9352416992188,5384458
2022-11-21,857.906982421875,6108453
2022-11-22,868.5864868164062,5466001
2022-11-23,859.8756103515625,5319949
2022-11-24,862.8777465820312,5111180
2022-11-25,865.7813720703125,5079099
2022-11-28,864.7970581054688,4168244
2022-11-29,864.4033203125,3663099
2022-11-30,867.1593627929688,3797377
2022-12-01,876.5592651367188,4491806
2022-12-02,874.2461547851562,6279538
2022-12-05,879.1184692382812,3966501
2022-12-06,882.3666381835938,4836193
2022-12-07,872.8189697265625,2867882
2022-12-08,878.8724365234375,2822061
2022-12-09,876.7561645507812,6979639
2022-12-12,867.4546508789062,3412185
2022-12-13,880.7425537109375,3821073
2022-12-14,886.4022216796875,4930906
2022-12-15,870.06298828125,3679459
2022-12-16,846.9322509765625,7791763
2022-12-19,878.8231811523438,5205837
2022-12-20,870.3582763671875,4023275
2022-12-21,844.1762084960938,4660583
2022-12-22,843.4379272460938,5517570
2022-12-23,781.62451171875,9112806
2022-12-26,793.3868408203125,7205540
2022-12-27,804.3124389648438,4872234
2022-12-28,797.6192626953125,3624974
2022-12-29,806.6746826171875,5308353
2022-12-30,805.2474975585938,3252956
2023-01-02,809.3814697265625,2042294
2023-01-03,807.5606079101562,2166531
2023-01-04,797.2747802734375,3260112
2023-01-05,806.723876953125,3119740
2023-01-06,793.4359741210938,2892006
2023-01-09,803.8203125,2040072
2023-01-10,783.8883666992188,4545808
2023-01-11,783.9376220703125,3618663
2023-01-12,780.4926147460938,2670641
2023-01-13,782.1658935546875,4059998
2023-01-16,774.6852416992188,3601251
2023-01-17,772.4214477539062,2948618
2023-01-18,774.1439208984375,5585785
2023-01-19,763.8580932617188,5086667
2023-01-20,762.2832641601562,3328697
2023-01-23,756.9680786132812,4283589
2023-01-24,749.241455078125,3011438
2023-01-25,701.9462890625,17085455
2023-01-27,587.57177734375,64194046
2023-01-30,587.6210327148438,58256575
2023-01-31,603.025146484375,33272489
2023-02-01,487.37109375,46557720
2023-02-02,455.184814453125,115517458
2023-02-03,491.0129699707031,89662866
2023-02-06,536.8809204101562,38363919
2023-02-07,544.4598999023438,46650736
2023-02-08,589.8356323242188,31111885
2023-02-09,573.1519165039062,22494005
2023-02-10,574.7760620117188,12527188
2023-02-13,545.0012817382812,19528545
2023-02-14,556.2221069335938,17976429
2023-02-15,560.110107421875,9259895
2023-02-16,568.132080078125,9909820
2023-02-17,569.559326171875,8880620
2023-02-20,570.5928344726562,9507162
2023-02-21,574.037841796875,7702230
2023-02-22,538.5049438476562,10994235
2023-02-23,543.1802978515625,10711597
2023-02-24,550.1195678710938,8631548
2023-02-27,553.1708984375,8484384
2023-02-28,583.1425170898438,25360275
2023-03-01,592.640869140625,18661166
2023-03-02,613.1141357421875,21080489
2023-03-03,673.89404296875,42832968
2023-03-06,679.898193359375,37435406
2023-03-08,700.8634643554688,20232587
2023-03-09,686.296142578125,17041388
2023-03-10,686.83740234375,12138642
2023-03-13,670.4982299804688,9693337
2023-03-14,644.2176513671875,18147337
2023-03-15,668.67724609375,15514873
2023-03-16,668.9234008789062,12992236
2023-03-17,669.6615600585938,7625895
2023-03-20,656.2752685546875,5250369
2023-03-21,654.3558959960938,5011027
2023-03-22,646.8260498046875,4457720
2023-03-23,644.6605834960938,4491324
2023-03-24,627.9769287109375,6072701
2023-03-27,619.2167358398438,5621870
2023-03-28,584.0775756835938,19860622
2023-03-29,626.6481323242188,17057169
2023-03-31,621.9727172851562,9466910
2023-04-03,617.9371337890625,6072184
2023-04-05,626.74658203125,6622367
2023-04-06,631.5203247070312,7094042
2023-04-10,641.7569580078125,4254629
2023-04-11,643.67626953125,3798770
2023-04-12,647.4166870117188,4271203
2023-04-13,651.25537109375,3306659
2023-04-17,654.2575073242188,2731225
2023-04-18,648.2039794921875,2964854
2023-04-19,648.0564575195312,2683546
2023-04-20,655.6353759765625,5009410
2023-04-21,651.2060546875,1982614
2023-04-24,660.7537231445312,3357178
2023-04-25,660.9014282226562,4814190
2023-04-26,654.2575073242188,3373385
2023-04-27,649.3851928710938,3197568
2023-04-28,670.5966186523438,6162262
2023-05-02,670.7935180664062,5563089
2023-05-03,659.1296997070312,5645727
2023-05-04,669.0709838867188,5124811
2023-05-05,673.15576171875,5193692
2023-05-08,674.3369140625,3671007
2023-05-09,679.6521606445312,4029312
2023-05-10,680.1442260742188,1794579
2023-05-11,697.66455078125,5979387
2023-05-12,689.0028076171875,4025355
2023-05-15,683.1463012695312,2616737
2023-05-16,676.2071533203125,1403759
2023-05-17,673.8447875976562,2295396
2023-05-18,654.5035400390625,4405410
2023-05-19,677.289794921875,6340270
2023-05-22,718.2362670898438,30204070
2023-05-23,722.5178833007812,39497528
2023-05-24,706.9661865234375,12809164
2023-05-25,713.1179809570312,7458008
2023-05-26,715.4309692382812,4507617
2023-05-29,725.9137573242188,4302323
2023-05-30,722.5178833007812,4785799
2023-05-31,727.2424926757812,13649365
2023-06-01,720.5493774414062,3771760
2023-06-02,725.02783203125,5554473
2023-06-05,727.193359375,5166097
2023-06-06,733.6896362304688,5492469
2023-06-07,732.0655517578125,2129238
2023-06-08,724.8310546875,2141709
2023-06-09,723.40380859375,1335172
2023-06-12,730.4414672851562,4571836
2023-06-13,726.2581787109375,3636359
2023-06-14,727.7346801757812,3900945
2023-06-15,727.88232421875,6448934
2023-06-16,735.658203125,6800269
2023-06-19,724.0928344726562,5256363
2023-06-20,726.2090454101562,6753358
2023-06-21,737.676025390625,9312613
2023-06-22,733.8864135742188,10061086
2023-06-23,703.0781860351562,15398550
2023-06-26,713.0195922851562,5696079
2023-06-27,708.9347534179688,6935089
2023-06-28,744.615234375,17910387
2023-06-30,727.63623046875,6629272
2023-07-03,725.8153076171875,2808490
2023-07-04,730.0477905273438,3263045
2023-07-05,731.0812377929688,2212779
2023-07-06,728.4236450195312,1949877
2023-07-07,707.4090576171875,4248724
2023-07-10,708.787109375,5135483
2023-07-11,718.4331665039062,2716491
2023-07-12,712.8226928710938,1349350
2023-07-13,705.9326782226562,1378288
2023-07-14,714.6928100585938,2043145
2023-07-17,719.5650634765625,2683898
2023-07-18,716.7106323242188,4464508
2023-07-19,719.90966796875,1039827
2023-07-20,720.9430541992188,1423489
2023-07-21,717.0059814453125,1491198
2023-07-24,723.748291015625,1919024
2023-07-25,737.4791870117188,3210148
2023-07-26,740.8257446289062,5868377
2023-07-27,736.9869995117188,2243079
2023-07-28,748.828369140625,3257195
2023-07-31,770.7769165039062,5854918
2023-08-01,758.3905639648438,2590545
2023-08-02,754.5260620117188,3017482
2023-08-03,766.3178100585938,4135776
2023-08-04,768.2005615234375,2758619
2023-08-07,784.2037353515625,4175164
2023-08-08,777.0692138671875,11993737
2023-08-09,783.9064331054688,7007648
2023-08-10,795.5000610351562,8064730
2023-08-11,793.7659912109375,9040236
2023-08-14,779.9923706054688,17841454
2023-08-16,769.0428466796875,11481440
2023-08-17,802.2877807617188,14011644
2023-08-18,828.299072265625,22502392
2023-08-21,850.3468017578125,17432300
2023-08-22,846.72998046875,8037324
2023-08-23,818.1918334960938,4748732
2023-08-24,814.8722534179688,4692796
2023-08-25,799.2654418945312,4442243
2023-08-28,800.1077880859375,5067265
2023-08-29,816.0614013671875,5935085
2023-08-30,811.2554321289062,8592012
2023-08-31,784.9964599609375,9998925
2023-09-01,792.2301025390625,11900199
2023-09-04,793.7659912109375,12522148
2023-09-05,797.6304931640625,10483413
2023-09-06,799.71142578125,6729598
2023-09-07,802.5355224609375,9787939
2023-09-08,817.4982299804688,11683222
2023-09-11,874.42578125,20638175
2023-09-12,850.9412841796875,8036897
2023-09-13,841.9735717773438,7180448
2023-09-14,842.0726318359375,6234825
2023-09-15,837.96044921875,4013431
2023-09-18,823.6913452148438,2801202
2023-09-20,810.6113891601562,3016411
2023-09-21,823.542724609375,6437320
2023-09-22,819.529541015625,3156509
2023-09-25,818.1422729492188,2395763
2023-09-26,813.88134765625,1569635
2023-09-27,823.1464233398438,2463842
2023-09-28,815.6154174804688,5057959
2023-09-29,817.6468505859375,1468496
2023-10-03,823.8400268554688,2453090
2023-10-04,817.1017456054688,4096647
2023-10-05,817.6964111328125,2083505
2023-10-06,823.1959228515625,1877058
2023-10-09,782.865966796875,5994282
2023-10-10,812.0482177734375,7591327
2023-10-11,807.4404907226562,3281387
2023-10-12,807.5396118164062,2563606
2023-10-13,806.3504638671875,3801000
2023-10-16,798.3241577148438,2664794
2023-10-17,797.7791137695312,2162192
2023-10-18,791.3382568359375,2271927
2023-10-19,785.6405029296875,2862500
2023-10-20,786.4332885742188,2434862
2023-10-23,764.4351806640625,2002377
2023-10-25,762.1064453125,2581498
2023-10-26,763.3450927734375,3855358
2023-10-27,775.2855834960938,2995404
2023-10-30,777.8619384765625,3522068
2023-10-31,777.6141967773438,2825760
2023-11-01,762.1064453125,2693768
2023-11-02,767.2592163085938,1741799
2023-11-03,788.1673583984375,4310765
2023-11-06,795.2028198242188,2270316
2023-11-07,790.2977905273438,2394891
2023-11-08,811.2554321289062,5123208
2023-11-09,798.869140625,4982049
2023-11-10,801.247314453125,3903183
2023-11-13,802.4859008789062,1050882
2023-11-15,803.3777465820312,1694698
2023-11-16,806.2018432617188,1689762
2023-11-17,802.6841430664062,3218979
2023-11-20,796.292724609375,3227659
2023-11-21,794.063232421875,3643664
2023-11-22,784.6991577148438,3212329
2023-11-23,785.8882446289062,3776615
2023-11-24,788.3159790039062,4421350
2023-11-28,830.0827026367188,15929818
2023-11-29,827.9522705078125,8057644
2023-11-30,817.99365234375,5998210
2023-12-01,820.2727661132812,2932775
2023-12-04,870.660400390625,11064795
2023-12-05,1003.8877563476562,46564412
2023-12-06,1008.6936645507812,41008947
2023-12-07,1030.1964111328125,14840081
2023-12-08,1013.648193359375,12202462
2023-12-11,1022.516845703125,7889666
2023-12-12,1032.4754638671875,4902289
2023-12-13,1053.8294677734375,8151639
2023-12-14,1064.9276123046875,8004131
2023-12-15,1068.74267578125,11672787
2023-12-18,1084.3494873046875,5448342
2023-12-19,1064.2340087890625,5993252
2023-12-20,1002.9464111328125,8467564
2023-12-21,1009.6846313476562,5352057
2023-12-22,1018.1567993164062,5252106
2023-12-26,1019.3954467773438,2176775
2023-12-27,1015.0850219726562,2803997
2023-12-28,1007.7027587890625,4865603
2023-12-29,1015.0354614257812,2429250
2024-01-01,1038.32177734375,3989711
2024-01-02,1068.593994140625,6344621
2024-01-03,1084.2998046875,33060778
2024-01-04,1112.986572265625,9771995
2024-01-05,1143.7542724609375,10622789
2024-01-08,1158.221435546875,8760094
2024-01-09,1186.214599609375,14701104
2024-01-10,1203.3077392578125,7036728
2024-01-11,1192.011474609375,3721202
2024-01-12,1196.1236572265625,3912779
2024-01-15,1192.1600341796875,2825654
2024-01-16,1182.498779296875,3173587
2024-01-17,1156.23974609375,5268593
2024-01-18,1143.55615234375,5918594
2024-01-19,1141.9705810546875,2732559
2024-01-23,1126.76025390625,7201014
2024-01-24,1110.4102783203125,18373913
2024-01-25,1135.876708984375,4305042
2024-01-29,1185.768798828125,6768033
2024-01-30,1176.5533447265625,4683729
2024-01-31,1196.668701171875,5510242
2024-02-01,1207.766845703125,7433628
2024-02-02,1249.9794921875,10450227
2024-02-05,1247.10595703125,5611298
2024-02-06,1261.5235595703125,4408002
2024-02-07,1244.2322998046875,3359763
2024-02-08,1233.877197265625,3354609
2024-02-09,1259.9381103515625,3538164
2024-02-12,1237.989501953125,2204823
2024-02-13,1253.299072265625,2245009
2024-02-14,1256.3212890625,3382943
2024-02-15,1255.5286865234375,3382824
2024-02-16,1294.9666748046875,5476230
2024-02-19,1295.1153564453125,2700240
2024-02-20,1288.6744384765625,1856718
2024-02-21,1279.2608642578125,2770510
2024-02-22,1299.029296875,2556009
2024-02-23,1308.6907958984375,2924829
2024-02-26,1325.9820556640625,2802425
2024-02-27,1317.3612060546875,2197456
2024-02-28,1287.6834716796875,2121625
2024-02-29,1308.4925537109375,2672239
2024-03-01,1310.0780029296875,3301090
2024-03-04,1330.3916015625,2170214
2024-03-05,1326.130859375,1815438
2024-03-06,1312.7535400390625,2758443
2024-03-07,1313.3974609375,1640786
2024-03-11,1314.8839111328125,2217673
2024-03-12,1289.4671630859375,3139768
2024-03-13,1198.551513671875,8670336
2024-03-14,1256.3212890625,7195603
2024-03-15,1271.3336181640625,4024586
2024-03-18,1255.0826416015625,4858444
2024-03-19,1229.91357421875,2311324
2024-03-20,1234.075439453125,2772098
2024-03-21,1250.9703369140625,3155563
2024-03-22,1269.9461669921875,3076926
2024-03-26,1292.3406982421875,3610644
2024-03-27,1310.7716064453125,4938400
2024-03-28,1329.6484375,4188741
2024-04-01,1363.3887939453125,3251462
2024-04-02,1391.3819580078125,5769001
2024-04-03,1384.4949951171875,2727582
2024-04-04,1354.4210205078125,4197697
2024-04-05,1363.0419921875,1853120
2024-04-08,1336.3865966796875,14038860
2024-04-09,1344.165283203125,1935801
2024-04-10,1340.00341796875,3984001
2024-04-12,1331.97705078125,2183230
2024-04-15,1303.587646484375,3372368
2024-04-16,1292.4893798828125,2696593
2024-04-18,1283.7694091796875,6219274
2024-04-19,1298.0880126953125,3899281
2024-04-22,1309.087158203125,8903130
2024-04-23,1310.0780029296875,3847872
2024-04-24,1308.4925537109375,2553035
2024-04-25,1318.451171875,6097087
2024-04-26,1312.5552978515625,2565490
2024-04-29,1305.2720947265625,2191564
2024-04-30,1312.8525390625,2321071
2024-05-02,1326.626220703125,7991511
2024-05-03,1308.2943115234375,3528822
2024-05-06,1278.22021484375,4000668
2024-05-07,1275.9412841796875,3474340
2024-05-08,1265.6358642578125,1627418
2024-05-09,1233.2332763671875,2591646
2024-05-10,1255.231201171875,2022402
2024-05-13,1294.5208740234375,2495810
2024-05-14,1319.144775390625,2989543
2024-05-15,1325.6846923828125,2189768
2024-05-16,1332.8193359375,4822618
2024-05-17,1323.5543212890625,1945123
2024-05-21,1372.9014892578125,4200578
2024-05-22,1365.6678466796875,1878562
2024-05-23,1430.2254638671875,7821034
2024-05-24,1403.2232666015625,19100263
2024-05-27,1418.6318359375,5517078
2024-05-28,1387.76513671875,4070886
2024-05-29,1397.1787109375,3214475
2024-05-30,1370.919677734375,3477661
2024-05-31,1424.32958984375,8238969
2024-06-03,1569.546875,23398347
2024-06-04,1237.593017578125,52109624
2024-06-05,1342.282470703125,20879925
2024-06-06,1340.6473388671875,12153840
2024-06-07,1366.3118896484375,5884018
2024-06-10,1371.4647216796875,4843234
2024-06-11,1390.688232421875,4122878
2024-06-12,1381.2745361328125,3258265
2024-06-13,1391.67919921875,2839159
2024-06-14,1423.7730712890625,5651491
2024-06-18,1438.00390625,5651898
2024-06-19,1441.387451171875,4484742
2024-06-20,1462.2857666015625,4905603
2024-06-21,1478.3077392578125,25891893
2024-06-24,1453.1800537109375,3009931
2024-06-25,1449.099853515625,3343186
2024-06-26,1460.6934814453125,3217949
2024-06-27,1478.3077392578125,7803408
2024-06-28,1470.943603515625,11534763
2024-07-01,1467.3609619140625,3372730
2024-07-02,1467.7093505859375,5368562
2024-07-03,1503.3360595703125,4435563
2024-07-04,1496.369873046875,2980840
2024-07-05,1493.185302734375,2111633
2024-07-08,1468.1572265625,2177821
2024-07-09,1470.8441162109375,2256634
2024-07-10,1480.5966796875,2082079
2024-07-11,1476.665771484375,1765496
2024-07-12,1479.501953125,2018935
2024-07-15,1487.8115234375,1913095
2024-07-16,1491.792236328125,2170314
2024-07-18,1486.6671142578125,3263419
2024-07-19,1462.186279296875,2568243
2024-07-22,1460.24560546875,1721261
2024-07-23,1500.052001953125,5987213
2024-07-24,1477.6112060546875,2201442
2024-07-25,1479.800537109375,2211808
2024-07-26,1535.2806396484375,4500728
2024-07-29,1541.2017822265625,1928637
2024-07-30,1538.763671875,2800881
2024-07-31,1562.2991943359375,2622023
2024-08-01,1582.451171875,7160588
2024-08-02,1580.3115234375,4313297
2024-08-05,1486.6173095703125,7147230
2024-08-06,1486.8660888671875,3159971
2024-08-07,1536.3255615234375,2258441
2024-08-08,1511.6456298828125,2468123
2024-08-09,1526.3740234375,1503033
2024-08-12,1494.130859375,9230512
2024-08-13,1476.2677001953125,2485446
2024-08-14,1454.8717041015625,2648057
2024-08-16,1486.21923828125,1985315
2024-08-19,1489.2047119140625,1343387
2024-08-20,1485.32373046875,990643
2024-08-21,1496.2205810546875,1551436
2024-08-22,1485.074951171875,1442064
2024-08-23,1484.0797119140625,1181075
2024-08-26,1475.3720703125,1087057
2024-08-27,1471.1923828125,910064
2024-08-28,1462.683837890625,1225101
2024-08-29,1468.903564453125,3359850
2024-08-30,1474.7252197265625,1996592
2024-09-02,1487.26416015625,2054244
2024-09-03,1472.3865966796875,882478
2024-09-04,1464.97265625,1122071
2024-09-05,1458.454345703125,959956
2024-09-06,1435.41650390625,3340767
2024-09-09,1428.9478759765625,1621371
2024-09-10,1446.3631591796875,1542798
2024-09-11,1423.673583984375,1637596
2024-09-12,1465.47021484375,4003674
2024-09-13,1445.0694580078125,1683544
2024-09-16,1433.724609375,1673805
2024-09-17,1419.69287109375,1321316
2024-09-18,1421.88232421875,1421406
2024-09-19,1401.3819580078125,2072872
2024-09-20,1431.7342529296875,4407151
2024-09-23,1449.099853515625,1139915
2024-09-24,1449.597412109375,1537307
2024-09-25,1445.517333984375,1227806
2024-09-26,1465.47021484375,2066994
2024-09-27,1449.6470947265625,2694100
2024-09-30,1441.1883544921875,2042408
2024-10-01,1460.3948974609375,1687795
2024-10-03,1418.2996826171875,3967953
2024-10-04,1406.8553466796875,2611371
2024-10-07,1348.6385498046875,4531821
2024-10-08,1411.6820068359375,3031170
2024-10-09,1401.332275390625,1507508
2024-10-10,1410.33837890625,1628495
2024-10-11,1401.4317626953125,1158809
2024-10-14,1403.471923828125,762384
2024-10-15,1413.4234619140625,1018477
2024-10-16,1397.00341796875,1450465
2024-10-17,1387.9473876953125,1418861
2024-10-18,1398.7945556640625,1290065
2024-10-21,1368.84033203125,1644382
2024-10-22,1356.2515869140625,2467299
2024-10-23,1333.9599609375,1916219
2024-10-24,1347.842529296875,1115993
2024-10-25,1312.3153076171875,2078274
2024-10-28,1345.653076171875,2126411
2024-10-29,1366.0538330078125,3790528
2024-10-30,1389.4400634765625,2526884
2024-10-31,1369.2880859375,1891761
2024-11-01,1387.6488037109375,243881
2024-11-04,1342.7174072265625,1700308
2024-11-05,1322.913818359375,4852958
2024-11-06,1363.366943359375,3645515
2024-11-07,1346.548828125,1292794
2024-11-08,1355.5052490234375,1400491
2024-11-11,1341.3740234375,1269498
2024-11-12,1319.5799560546875,1038042
2024-11-13,1281.66455078125,1437072
2024-11-14,1258.4276123046875,2963013
2024-11-18,1273.106201171875,1445637
2024-11-19,1283.406005859375,2631778
2024-11-21,1109.2532958984375,46926687
2024-11-22,1131.246337890625,27086168
2024-11-25,1161.15087890625,10532688
2024-11-26,1123.384521484375,5802555
2024-11-27,1194.1402587890625,24434211
2024-11-28,1161.9468994140625,15602469
2024-11-29,1184.288330078125,9412850
2024-12-02,1209.91357421875,6941125
2024-12-03,1282.410888671875,16753958
2024-12-04,1263.4033203125,4874025
2024-12-05,1270.8670654296875,4369917
2024-12-06,1252.9542236328125,2232531
2024-12-09,1260.71630859375,2849557
2024-12-10,1242.7039794921875,2406907
2024-12-11,1227.826416015625,2595435
2024-12-12,1237.97705078125,5457302
2024-12-13,1253.8497314453125,2818291
2024-12-16,1237.131103515625,1337624
2024-12-17,1225.9356689453125,2684726
2024-12-18,1204.19140625,1931870
2024-12-19,1199.1658935546875,1541271
2024-12-20,1176.7249755859375,3045185
2024-12-23,1186.02978515625,1540796
2024-12-24,1176.4761962890625,1380778
2024-12-26,1237.92724609375,3827047
2024-12-27,1224.7413330078125,2595142
2024-12-30,1212.6004638671875,8312636
2024-12-31,1225.139404296875,1717204
2025-01-01,1212.7994384765625,1937930
2025-01-02,1220.064208984375,3772207
2025-01-03,1193.7423095703125,3040564
2025-01-06,1157.4189453125,2298522
2025-01-07,1168.31591796875,2010913
2025-01-08,1146.7210693359375,2900996
2025-01-09,1126.8675537109375,1884725
2025-01-10,1106.8150634765625,1902237
2025-01-13,1061.4857177734375,2273302
2025-01-14,1111.69140625,6277854
2025-01-15,1123.434326171875,3135942
2025-01-16,1145.178466796875,3997547
2025-01-17,1157.8668212890625,2464355
2025-01-20,1143.138427734375,1312101
2025-01-21,1100.8441162109375,3134022
2025-01-22,1096.913330078125,1906032
2025-01-23,1098.65478515625,1968815
2025-01-24,1088.8525390625,2400140
2025-01-27,1076.7613525390625,2371555
2025-01-28,1075.4676513671875,2404643
2025-01-29,1091.638916015625,4603700
2025-01-30,1071.8353271484375,14097862
2025-01-31,1094.02734375,4659891
2025-02-01,1078.8511962890625,4919797
2025-02-03,1079.5975341796875,3961203
2025-02-04,1119.6527099609375,4071098
2025-02-05,1138.8094482421875,2979646
2025-02-06,1158.4141845703125,6263278
2025-02-07,1140.551025390625,4079540
2025-02-10,1138.66015625,2415627
2025-02-11,1134.580078125,4901591
2025-02-12,1123.4840087890625,2862155
2025-02-13,1106.1683349609375,3763868
2025-02-14,1057.5548095703125,4565339
2025-02-17,1077.656982421875,2518527
2025-02-18,1079.8961181640625,1715308
2025-02-19,1077.607177734375,1792268
2025-02-20,1106.3175048828125,3714173
2025-02-21,1078.0052490234375,2360177
2025-02-24,1065.217529296875,1669749
2025-02-25,1075.119384765625,1665355
2025-02-27,1073.72607421875,1819078
2025-02-28,1064.222412109375,2849138
2025-03-03,1047.9515380859375,2274285
2025-03-04,1052.8277587890625,1788886
2025-03-05,1107.3126220703125,3785743
2025-03-06,1130.6988525390625,4020627
2025-03-07,1138.958740234375,2211623
2025-03-10,1137.3665771484375,2430740
2025-03-11,1129.5047607421875,2399428
2025-03-12,1122.8372802734375,2842848
2025-03-13,1113.78125,1358839
2025-03-17,1131.6444091796875,1489537
2025-03-18,1131.6444091796875,0
2025-03-19,1167.818359375,2416781
2025-03-20,1171.7491455078125,1919013
2025-03-21,1183.0443115234375,3127446
2025-03-24,1194.9862060546875,2135192
2025-03-25,1176.7249755859375,2090037
2025-03-26,1175.879150390625,1676081
2025-03-27,1190.955810546875,2004036
2025-03-28,1177.2225341796875,1670913
2025-04-01,1169.062255859375,1584541
2025-04-02,1189.6619873046875,1232853
2025-04-03,1194.090576171875,1300511
2025-04-04,1142.7900390625,1785093
2025-04-07,1105.272705078125,2192949
2025-04-08,1125.8724365234375,2423486
2025-04-09,1126.3203125,1537177
2025-04-11,1158.9117431640625,3536245
2025-04-15,1204.9378662109375,3176522
2025-04-16,1226.9307861328125,1909731
2025-04-17,1253.302490234375,4280765
2025-04-21,1237.081298828125,6049182
2025-04-22,1227.229248046875,2932537
2025-04-23,1233.1007080078125,2580999
2025-04-24,1230.413818359375,2133285
2025-04-25,1187.2239990234375,3628854
2025-04-28,1204.0421142578125,2646406
2025-04-29,1210.5106201171875,2381980
2025-04-30,1210.610107421875,1824334
2025-05-02,1256.9844970703125,10694521
2025-05-05,1340.577880859375,14191797
2025-05-06,1314.4052734375,3604276
2025-05-07,1331.720947265625,3269847
2025-05-08,1326.6456298828125,5077662
2025-05-09,1299.9754638671875,2979366
2025-05-12,1355.5052490234375,3662785
2025-05-13,1362.57080078125,3356599
2025-05-14,1365.1583251953125,1557379
2025-05-15,1399.3916015625,3706424
2025-05-16,1400.5859375,2777119
2025-05-19,1391.530029296875,1317210
2025-05-20,1377.896240234375,2970441
2025-05-21,1377.896240234375,1993690
2025-05-22,1364.76025390625,3186493
2025-05-23,1388.64404296875,1715309
2025-05-26,1393.420654296875,1024835
2025-05-27,1397.4013671875,2571237
2025-05-28,1404.16845703125,2035398
2025-05-29,1431.634765625,1662886
2025-05-30,1425.8629150390625,2575127
2025-06-02,1460.8924560546875,3164701
2025-06-03,1425.3653564453125,3677200
2025-06-04,1429.2464599609375,1446972
2025-06-05,1449.6470947265625,2019939
2025-06-06,1464.5745849609375,1269864
2025-06-09,1459.996826171875,1493331
2025-06-10,1466.6644287109375,2125187
2025-06-11,1449.3486328125,2192673
2025-06-12,1438.800048828125,2192452
2025-06-13,1405.0,3380550
2025-06-16,1400.5999755859375,2823300
2025-06-17,1392.300048828125,1571621
2025-06-18,1372.5999755859375,1732093
2025-06-19,1338.0,2950283
2025-06-20,1349.300048828125,4541583
2025-06-23,1354.800048828125,3921155
2025-06-24,1389.5,7635176
2025-06-25,1393.0999755859375,1915989
2025-06-26,1429.300048828125,2877806
2025-06-27,1440.199951171875,2888390
2025-06-30,1450.199951171875,1586196
2025-07-01,1447.0,2134736
2025-07-02,1443.9000244140625,1219600
2025-07-03,1431.0999755859375,978007
2025-07-04,1424.4000244140625,608462
2025-07-07,1435.5999755859375,764520
2025-07-08,1448.5,824935
2025-07-09,1443.0,1008636
2025-07-10,1443.0999755859375,1035509
2025-07-11,1431.699951171875,819864
2025-07-14,1433.0,718442
2025-07-15,1445.0999755859375,735108
2025-07-16,1456.699951171875,2488981
2025-07-17,1452.5,1168071
2025-07-18,1443.0999755859375,1147990
2025-07-21,1450.5,815780
2025-07-22,1420.699951171875,976668
2025-07-23,1420.800048828125,740816
2025-07-24,1411.5999755859375,598011
2025-07-25,1396.300048828125,744410
2025-07-28,1376.0,790020
2025-07-29,1395.9000244140625,782760
2025-07-30,1394.0,627316
2025-07-31,1373.0999755859375,1412892
2025-08-01,1347.0999755859375,1239941
2025-08-04,1388.9000244140625,1368323
2025-08-05,1358.0999755859375,3000067
2025-08-06,1367.0999755859375,2293293
2025-08-07,1345.4000244140625,2857406
2025-08-08,1325.0,1561061
2025-08-11,1339.4000244140625,2053173
2025-08-12,1330.5,1260241
2025-08-13,1319.5999755859375,1205658
2025-08-14,1300.300048828125,2298528
2025-08-18,1327.199951171875,10225114
2025-08-19,1369.4000244140625,3150673
2025-08-20,1370.5999755859375,1594619
2025-08-21,1361.800048828125,1227167
2025-08-22,1341.199951171875,1210284
2025-08-25,1340.4000244140625,1214246
2025-08-26,1315.4000244140625,1652272
2025-08-28,1315.4000244140625,1785681
2025-08-29,1312.800048828125,1592903
2025-09-01,1335.300048828125,983914
2025-09-02,1336.199951171875,1495993
2025-09-03,1332.4000244140625,1774676
2025-09-04,1328.199951171875,1350147
2025-09-05,1321.800048828125,1135666
2025-09-08,1348.300048828125,1445628
2025-09-09,1380.9000244140625,3515252
2025-09-10,1389.0999755859375,2553605
2025-09-11,1393.0999755859375,4041646
2025-09-12,1393.0999755859375,1466190
2025-09-15,1395.199951171875,1254831
2025-09-16,1408.199951171875,1636246
2025-09-17,1406.0999755859375,1062568
2025-09-18,1412.800048828125,1416920
2025-09-19,1427.800048828125,8069167
2025-09-22,1444.199951171875,5490489
2025-09-23,1441.5999755859375,2550337
2025-09-24,1431.5999755859375,2603193
2025-09-25,1407.199951171875,1970560
2025-09-26,1392.0,1899079
2025-09-29,1383.199951171875,1978395
2025-09-30,1403.5,1999250
2025-10-01,1422.699951171875,1602493
2025-10-03,1419.0999755859375,1576970
2025-10-06,1400.5,1338654
2025-10-07,1399.5,1608151
2025-10-08,1394.300048828125,1704405
2025-10-09,1395.5999755859375,1250770
2025-10-10,1409.4000244140625,1359246
2025-10-13,1437.800048828125,2245061
2025-10-14,1429.0,2640234
2025-10-15,1450.699951171875,2675240
2025-10-16,1479.5,6512312
2025-10-17,1479.4000244140625,3290072
2025-10-20,1467.0,2660484
2025-10-21,1473.5,394024
2025-10-23,1453.0999755859375,2999137
2025-10-24,1429.0,1907383
2025-10-27,1420.5999755859375,2280976
2025-10-28,1417.9000244140625,2068057
2025-10-29,1454.800048828125,3578596
2025-10-30,1457.9000244140625,1380931
2025-10-31,1451.5,1141853
2025-11-03,1444.699951171875,1059573
2025-11-04,1444.4000244140625,3554714
2025-11-06,1436.800048828125,2745063
2025-11-07,1448.300048828125,2184538
2025-11-10,1444.9000244140625,1161695
2025-11-11,1474.4000244140625,2258827
2025-11-12,1506.9000244140625,4641466
2025-11-13,1499.0,2304918
2025-11-14,1512.699951171875,2345593
2025-11-17,1507.5999755859375,1750560
2025-11-18,1495.0,1818617
2025-11-19,1484.199951171875,1746304
2025-11-20,1491.0999755859375,1459401
2025-11-21,1479.800048828125,1165365
2025-11-24,1485.9000244140625,2485518
2025-11-25,1483.9000244140625,1355333
2025-11-26,1506.199951171875,3986754
2025-11-27,1509.0999755859375,861910
2025-11-28,1516.9000244140625,2612938
2025-12-01,1530.5,4059126
2025-12-02,1518.0999755859375,1974536
2025-12-03,1497.699951171875,1958074
2025-12-04,1505.5999755859375,1591805
2025-12-05,1509.4000244140625,1141428
2025-12-08,1480.5,1070689
2025-12-09,1497.199951171875,1327921
2025-12-10,1498.0999755859375,1677388
2025-12-11,1504.0,1451645
2025-12-12,1522.800048828125,1152570
2025-12-15,1512.5999755859375,850425
2025-12-16,1499.0,1122212
2025-12-17,1486.300048828125,964352
2025-12-18,1495.699951171875,683681
2025-12-19,1496.4000244140625,1276175
2025-12-22,1508.699951171875,1116833
2025-12-23,1493.5999755859375,928446
2025-12-24,1494.300048828125,1318023
2025-12-26,1487.0999755859375,876540
2025-12-29,1454.4000244140625,1568472
2025-12-30,1461.199951171875,3463973
2025-12-31,1469.800048828125,707055
2026-01-01,1481.0999755859375,981252
2026-01-02,1489.5,1251176
2026-01-05,1493.0,790039
2026-01-06,1473.199951171875,1675609
2026-01-07,1465.300048828125,2124534
2026-01-08,1465.199951171875,1974347
2026-01-09,1435.9000244140625,2280396
2026-01-12,1443.5,1539180
2026-01-13,1428.5999755859375,919873
2026-01-14,1430.0,1278819
2026-01-15,1430.0,0
2026-01-16,1421.9000244140625,1556318
2026-01-19,1403.0,1130162
2026-01-20,1367.5999755859375,1799611
2026-01-21,1378.5999755859375,2141532
2026-01-22,1414.199951171875,1689638
2026-01-23,1308.4000244140625,6380222
2026-01-27,1363.9000244140625,3838632
2026-01-28,1381.9000244140625,2938285
2026-01-29,1417.800048828125,3918681
2026-01-30,1419.800048828125,2227414
2026-02-02,1403.0999755859375,2796673
2026-02-03,1530.800048828125,11977119
2026-02-04,1567.9000244140625,6632728
2026-02-05,1570.199951171875,3285127
2026-02-06,1550.699951171875,4429173
2026-02-09,1561.699951171875,1761025
2026-02-10,1554.699951171875,1643366
2026-02-11,1553.4000244140625,1359416
2026-02-12,1543.699951171875,1107584
2026-02-13,1519.0,1838361
2026-02-16,1540.0999755859375,1644108
2026-02-17,1566.300048828125,3168457
2026-02-18,1550.800048828125,1326139
2026-02-19,1513.300048828125,984392
2026-02-20,1511.5,1126987
2026-02-23,1555.800048828125,3113728
