date,adj_close,volume
2015-01-01,70.76136016845703,3946806
2015-01-02,71.10794830322266,6565229
2015-01-05,72.28489685058594,9404837
2015-01-06,71.73612976074219,18412441
2015-01-07,71.10071563720703,10863352
2015-01-08,73.9023208618164,7942903
2015-01-09,73.16580963134766,12083224
2015-01-12,74.30665588378906,12302379
2015-01-13,71.7289047241211,7711411
2015-01-14,70.9563217163086,6088603
2015-01-15,72.33544158935547,8490702
2015-01-16,72.24879455566406,7528008
2015-01-19,73.11527252197266,7947209
2015-01-20,73.14413452148438,6590817
2015-01-21,73.0936050415039,6416875
2015-01-22,74.89152526855469,8134532
2015-01-23,81.42611694335938,45485926
2015-01-27,81.057861328125,12114821
2015-01-28,80.46577453613281,13903344
2015-01-29,84.24935913085938,37824705
2015-01-30,90.58899688720703,65285063
2015-02-02,94.56029510498047,41701833
2015-02-03,92.6540756225586,11937206
2015-02-04,93.62163543701172,20534456
2015-02-05,89.94637298583984,15521514
2015-02-06,90.59619903564453,13093343
2015-02-09,87.97516632080078,9986256
2015-02-10,91.6937255859375,16479576
2015-02-11,95.52787017822266,19163587
2015-02-12,98.82763671875,19540915
2015-02-13,97.02973175048828,11217343
2015-02-16,95.74446868896484,11523388
2015-02-18,96.14158630371094,6802972
2015-02-19,99.96849060058594,16545483
2015-02-20,99.26808166503906,13753196
2015-02-23,98.17780303955078,6944254
2015-02-24,102.8494873046875,18937816
2015-02-25,100.49559783935547,13553581
2015-02-26,99.3619613647461,15476196
2015-02-27,102.72671508789062,12843035
2015-03-02,102.51734161376953,8781363
2015-03-03,104.23583984375,10908493
2015-03-04,101.7086410522461,9656926
2015-03-05,101.00823974609375,12558461
2015-03-09,96.14158630371094,7975309
2015-03-10,93.64327239990234,9985479
2015-03-11,93.67938995361328,11566206
2015-03-12,94.69026184082031,6724218
2015-03-13,91.57098388671875,9152930
2015-03-16,92.42301940917969,10155774
2015-03-17,93.12339782714844,6650031
2015-03-18,93.01509857177734,4567788
2015-03-19,89.35428619384766,8507137
2015-03-20,88.06903076171875,12267377
2015-03-23,86.10502624511719,9837934
2015-03-24,85.411865234375,9013384
2015-03-25,87.91738891601562,8756630
2015-03-26,86.86318969726562,14607308
2015-03-27,85.96061706542969,7045197
2015-03-30,89.35428619384766,5615297
2015-03-31,88.86328125,8187770
2015-04-01,88.43727111816406,5663060
2015-04-06,90.83448791503906,5353082
2015-04-07,92.5602035522461,8201797
2015-04-08,93.12339782714844,9957941
2015-04-09,92.42301940917969,4112808
2015-04-10,92.14141082763672,6573554
2015-04-13,95.5711669921875,10420149
2015-04-15,93.20282745361328,7813182
2015-04-16,92.53130340576172,7010657
2015-04-17,92.78404998779297,6112233
2015-04-20,92.67572021484375,8286932
2015-04-21,94.04041290283203,11180742
2015-04-22,95.3401107788086,9174702
2015-04-23,97.14524841308594,9486964
2015-04-24,95.34732818603516,7851453
2015-04-27,94.44477081298828,6648955
2015-04-28,94.43754577636719,5830498
2015-04-29,97.83841705322266,7722104
2015-04-30,97.36187744140625,13112048
2015-05-04,102.18518829345703,11619476
2015-05-05,103.31880187988281,9925470
2015-05-06,98.0044937133789,9298055
2015-05-07,93.81657409667969,6735975
2015-05-08,98.79875946044922,6537756
2015-05-11,102.12019348144531,6250194
2015-05-12,97.28244018554688,6854481
2015-05-13,104.29358673095703,38481851
2015-05-14,106.49585723876953,26280844
2015-05-15,106.67635345458984,15502215
2015-05-18,111.82462310791016,17281278
2015-05-19,111.20365142822266,13493245
2015-05-20,112.70553588867188,14434024
2015-05-21,112.70553588867188,9851602
2015-05-22,114.7706069946289,13381322
2015-05-25,113.55032348632812,11963825
2015-05-26,114.59008026123047,17826044
2015-05-27,114.15684509277344,11121457
2015-05-28,106.06985473632812,38326555
2015-05-29,101.99745178222656,52597892
2015-06-01,91.41936492919922,71545880
2015-06-02,91.98977661132812,112566102
2015-06-03,56.344425201416016,89673759
2015-06-04,59.83546829223633,27138057
2015-06-05,59.168067932128906,18109318
2015-06-08,51.210533142089844,27980663
2015-06-09,51.46723175048828,24868857
2015-06-10,51.64692306518555,9294001
2015-06-11,50.260765075683594,10489218
2015-06-12,48.23288345336914,9493008
2015-06-15,51.56991195678711,23764327
2015-06-16,49.696044921875,11264023
2015-06-17,50.9538459777832,13221475
2015-06-18,51.159202575683594,7826482
2015-06-19,49.747379302978516,6430158
2015-06-22,50.2350959777832,5395954
2015-06-23,51.51856994628906,8146500
2015-06-24,49.87572479248047,5616487
2015-06-25,48.515254974365234,14788371
2015-06-26,48.438236236572266,8700138
2015-06-29,46.89806365966797,5251014
2015-06-30,46.64137649536133,10729342
2015-07-01,47.052085876464844,8195635
2015-07-02,46.87240982055664,9383950
2015-07-03,46.7183837890625,8627185
2015-07-06,46.59003829956055,8015491
2015-07-07,47.2574462890625,8715245
2015-07-08,45.922630310058594,8641503
2015-07-09,45.665931701660156,6958615
2015-07-10,45.999637603759766,9393005
2015-07-13,46.538700103759766,7490181
2015-07-14,45.8969612121582,7973389
2015-07-15,45.742942810058594,6202960
2015-07-16,45.69160461425781,6807914
2015-07-17,45.48625183105469,3031881
2015-07-20,45.15254592895508,3264000
2015-07-21,43.48402786254883,5711592
2015-07-22,43.561038970947266,3952747
2015-07-23,43.40703201293945,3068660
2015-07-24,43.817745208740234,5275442
2015-07-27,41.610164642333984,6322345
2015-07-28,41.250789642333984,4621143
2015-07-29,41.969539642333984,3638918
2015-07-30,45.51192092895508,12972903
2015-07-31,46.03532409667969,6479144
2015-08-03,44.79397964477539,4156120
2015-08-04,49.89141082763672,19284731
2015-08-05,52.24204635620117,33057721
2015-08-06,50.26117706298828,10882998
2015-08-07,47.69926071166992,10726140
2015-08-10,48.20108413696289,11261468
2015-08-11,48.83495330810547,17005676
2015-08-12,46.61638259887695,8282185
2015-08-13,45.42786407470703,11534758
2015-08-14,46.82767868041992,8585856
2015-08-17,46.774845123291016,8447000
2015-08-18,45.639156341552734,8124520
2015-08-19,45.32221984863281,6206812
2015-08-20,43.948814392089844,12799958
2015-08-21,43.367759704589844,6279851
2015-08-24,37.68927764892578,10248837
2015-08-25,38.32316207885742,13239669
2015-08-26,38.032630920410156,7753423
2015-08-27,42.15283203125,19986363
2015-08-28,40.72660827636719,10542721
2015-08-31,39.69655990600586,6080032
2015-09-01,38.032630920410156,6376473
2015-09-02,37.63645935058594,5904936
2015-09-03,38.56086349487305,6226743
2015-09-04,36.65923309326172,6305827
2015-09-07,35.54994201660156,6581132
2015-09-08,36.13100051879883,5289929
2015-09-09,37.2138786315918,6264546
2015-09-10,36.71205520629883,5148802
2015-09-11,36.65923309326172,5485829
2015-09-14,40.72660827636719,16092993
2015-09-15,38.79855728149414,7953935
2015-09-16,39.432437896728516,10028024
2015-09-18,41.17560577392578,16642761
2015-09-21,42.86594772338867,10205902
2015-09-22,41.41331100463867,7453139
2015-09-23,42.25847625732422,7308058
2015-09-24,42.41694641113281,6136409
2015-09-28,42.443359375,5042820
2015-09-29,41.75666427612305,7114293
2015-09-30,42.707481384277344,4967654
2015-10-01,42.54899978637695,5458967
2015-10-05,43.44700241088867,5424113
2015-10-06,44.450645446777344,8280258
2015-10-07,44.820396423339844,5196692
2015-10-08,44.450645446777344,3677139
2015-10-09,44.344993591308594,4981978
2015-10-12,45.480690002441406,5669432
2015-10-13,44.926048278808594,3209653
2015-10-14,44.79397964477539,3471935
2015-10-15,51.10634994506836,46389867
2015-10-16,50.76299285888672,29536061
2015-10-19,49.52165603637695,6970459
2015-10-20,50.710174560546875,8720857
2015-10-21,49.4952392578125,5527554
2015-10-23,49.68012237548828,5240377
2015-10-26,48.4123649597168,3787304
2015-10-27,48.491600036621094,5276126
2015-10-28,48.12184524536133,6442492
2015-10-29,48.148250579833984,5365170
2015-10-30,48.80854034423828,8062369
2015-11-02,46.695621490478516,9626089
2015-11-03,46.695621490478516,6570152
2015-11-04,45.00528335571289,5166112
2015-11-05,43.07723617553711,4818884
2015-11-06,41.75666427612305,6193549
2015-11-09,41.96794891357422,7812735
2015-11-10,40.304019927978516,4699200
2015-11-13,39.85502243041992,4378881
2015-11-16,40.72660827636719,4831517
2015-11-17,42.337711334228516,9313041
2015-11-18,41.17560577392578,3872022
2015-11-19,41.17560577392578,3884973
2015-11-20,41.30766677856445,4890165
2015-11-23,41.862300872802734,5297543
2015-11-24,42.047183990478516,7182239
2015-11-26,43.63188171386719,7493473
2015-11-27,43.44700241088867,3772617
2015-11-30,43.52623748779297,2773913
2015-12-01,43.050819396972656,2357904
2015-12-02,44.00164031982422,6203687
2015-12-03,42.76029968261719,4221337
2015-12-04,41.73024368286133,4636317
2015-12-07,41.88871383666992,2366502
2015-12-08,40.27760696411133,3861641
2015-12-09,39.775794982910156,5907154
2015-12-10,39.85502243041992,3362000
2015-12-11,38.48162841796875,5117674
2015-12-14,39.643733978271484,5144866
2015-12-15,41.4925422668457,13412010
2015-12-16,41.01713562011719,4200454
2015-12-17,42.284889221191406,5904341
2015-12-18,42.311302185058594,5630842
2015-12-21,43.024417877197266,4289882
2015-12-22,42.94517517089844,5794288
2015-12-23,43.49981689453125,4970710
2015-12-24,44.50346374511719,5838327
2015-12-28,44.371395111083984,3912777
2015-12-29,44.26575469970703,4291684
2015-12-30,44.054466247558594,5667355
2015-12-31,44.054466247558594,4286718
2016-01-01,47.59360885620117,10963906
2016-01-04,44.95246124267578,9408965
2016-01-05,46.801265716552734,9801814
2016-01-06,45.55991744995117,7093448
2016-01-07,42.23207092285156,8919023
2016-01-08,43.314937591552734,6409374
2016-01-11,43.49981689453125,7610929
2016-01-12,42.68105697631836,7187524
2016-01-13,42.707481384277344,14813664
2016-01-14,41.096370697021484,8517248
2016-01-15,39.30038833618164,6162841
2016-01-18,37.028987884521484,6988884
2016-01-19,38.29674530029297,5936602
2016-01-20,36.3422966003418,5302168
2016-01-21,36.76487731933594,6301101
2016-01-22,38.95703125,6412547
2016-01-25,39.14191818237305,3702771
2016-01-27,38.69292449951172,3456780
2016-01-28,38.05904006958008,3743917
2016-01-29,38.48162841796875,4584955
2016-02-01,39.37961196899414,14301204
2016-02-02,38.05904006958008,4281060
2016-02-03,38.0062141418457,9088526
2016-02-04,38.16469192504883,4395526
2016-02-05,38.93062210083008,4563542
2016-02-08,39.881439208984375,12827236
2016-02-09,39.61732482910156,7145205
2016-02-10,38.2175178527832,5444984
2016-02-11,35.86688232421875,6162865
2016-02-12,33.91242980957031,8247087
2016-02-15,34.5198974609375,8626379
2016-02-16,33.304962158203125,7678551
2016-02-17,33.304962158203125,6460857
2016-02-18,33.0672607421875,5831539
2016-02-19,33.25213623046875,4855147
2016-02-22,32.908790588378906,4339569
2016-02-23,32.16926956176758,5223434
2016-02-24,32.2749137878418,6110278
2016-02-25,31.79950714111328,5504340
2016-02-26,31.95797348022461,4739308
2016-02-29,31.033567428588867,8277215
2016-03-01,32.090030670166016,6846633
2016-03-02,32.98801803588867,9313684
2016-03-03,33.01443862915039,7706783
2016-03-04,33.38419723510742,9013442
2016-03-08,33.83319854736328,11091171
2016-03-09,35.07453536987305,7364105
2016-03-10,34.44066619873047,5795786
2016-03-11,34.572715759277344,4388832
2016-03-14,34.7311897277832,9639983
2016-03-15,35.1801872253418,13157445
2016-03-16,34.916072845458984,6623525
2016-03-17,35.57635498046875,6197000
2016-03-18,36.395111083984375,4953618
2016-03-21,36.23664855957031,4441860
2016-03-22,36.56313705444336,3518755
2016-03-23,38.00432205200195,9235585
2016-03-28,36.50975799560547,4467554
2016-03-29,36.109432220458984,2954449
2016-03-30,38.698219299316406,7701201
2016-03-31,39.392112731933594,9873493
2016-04-01,40.61978530883789,7591623
2016-04-04,42.99504470825195,12870242
2016-04-05,39.73905563354492,15609107
2016-04-06,40.29951858520508,8288100
2016-04-07,40.45964813232422,8449410
2016-04-08,41.76737976074219,5535709
2016-04-11,42.648109436035156,9178024
2016-04-12,42.24776840209961,5169116
2016-04-13,42.99504470825195,8758910
2016-04-18,44.27608871459961,6639271
2016-04-20,44.94330978393555,9906061
2016-04-21,44.4095344543457,7968200
2016-04-22,43.79569625854492,2894785
2016-04-25,44.222713470458984,4414513
2016-04-26,44.969993591308594,7920306
2016-04-27,45.77064514160156,6246060
2016-04-28,44.75648498535156,15756725
2016-04-29,46.27772903442383,6954309
2016-05-02,46.46453857421875,8407771
2016-05-03,45.850711822509766,3210334
2016-05-04,42.24776840209961,20822656
2016-05-05,41.687320709228516,9217609
2016-05-06,40.966732025146484,4208863
2016-05-09,41.31367874145508,3602403
2016-05-10,40.13938903808594,4712978
2016-05-11,39.65899658203125,6481488
2016-05-12,40.40627670288086,2523613
2016-05-13,39.15191650390625,6561921
2016-05-16,40.64646530151367,5208855
2016-05-17,40.005950927734375,2650065
2016-05-18,40.005950927734375,4061224
2016-05-19,38.16444778442383,4148628
2016-05-20,36.77665328979492,5822513
2016-05-23,37.20365905761719,4193119
2016-05-24,37.65736770629883,3990547
2016-05-25,37.95093536376953,2631012
2016-05-26,39.55224609375,3692219
2016-05-27,39.15191650390625,3452128
2016-05-30,39.845821380615234,2433947
2016-05-31,38.885032653808594,6312199
2016-06-01,40.112693786621094,9021732
2016-06-02,40.32620620727539,5390009
2016-06-03,38.45802307128906,5454098
2016-06-06,38.59146499633789,5051899
2016-06-07,38.858333587646484,4197626
2016-06-08,39.97925567626953,4976982
2016-06-09,39.87249755859375,3803414
2016-06-10,39.845821380615234,2797763
2016-06-13,38.858333587646484,4466319
2016-06-14,42.087646484375,11896589
2016-06-15,42.648109436035156,8418476
2016-06-16,42.00757598876953,4883954
2016-06-17,42.06095886230469,5533237
2016-06-20,42.56803894042969,3617653
2016-06-21,41.98088836669922,3180115
2016-06-22,41.44712448120117,4106076
2016-06-23,42.06095886230469,5537212
2016-06-24,39.605621337890625,5617427
2016-06-27,40.32620620727539,3331651
2016-06-28,43.47543716430664,14977945
2016-06-29,44.46291732788086,8713634
2016-06-30,46.304412841796875,9513478
2016-07-01,45.18350601196289,4926955
2016-07-04,45.90408706665039,4389525
2016-07-05,45.15680694580078,4880851
2016-07-07,44.64972686767578,3419333
2016-07-08,43.74232482910156,4342598
2016-07-11,44.67641830444336,4478982
2016-07-12,44.80986022949219,4933490
2016-07-13,43.95582962036133,5360149
2016-07-14,43.74232482910156,3366956
2016-07-15,43.18186950683594,4422082
2016-07-18,43.28861999511719,6300888
2016-07-19,42.83491897583008,4267228
2016-07-20,44.27608871459961,7248467
2016-07-21,43.28861999511719,5338705
2016-07-22,43.55550765991211,4153765
2016-07-25,43.155181884765625,6642295
2016-07-26,44.24940490722656,14027560
2016-07-27,44.222713470458984,9301461
2016-07-28,43.929141998291016,52012681
2016-07-29,43.048423767089844,7206920
2016-08-01,41.5004997253418,8520575
2016-08-02,41.527183532714844,5121353
2016-08-03,40.112693786621094,6990512
2016-08-04,40.8599739074707,4363036
2016-08-05,41.233612060546875,6216275
2016-08-08,42.00757598876953,4328727
2016-08-09,41.42042922973633,4575831
2016-08-10,42.648109436035156,22730605
2016-08-11,40.51302719116211,10262382
2016-08-12,40.03263854980469,4789062
2016-08-16,39.44548797607422,6591779
2016-08-17,39.71237564086914,5498363
2016-08-18,39.89919662475586,4474693
2016-08-19,41.073486328125,13148637
2016-08-22,40.03263854980469,5673853
2016-08-23,39.73905563354492,4062899
2016-08-24,39.95256805419922,4865911
2016-08-25,39.098541259765625,6835484
2016-08-26,38.56477355957031,4364418
2016-08-29,38.83165740966797,10825980
2016-08-30,39.15191650390625,4425550
2016-08-31,38.858333587646484,3876489
2016-09-01,37.63067626953125,4977470
2016-09-02,37.95093536376953,3469164
2016-09-06,38.484703063964844,4055078
2016-09-07,38.67152404785156,4672665
2016-09-08,39.73905563354492,6031889
2016-09-09,39.205291748046875,3121694
2016-09-12,37.33710861206055,4306496
2016-09-14,38.05768966674805,3977495
2016-09-15,37.97761917114258,1811743
2016-09-16,36.88340377807617,12219607
2016-09-19,37.363792419433594,2856014
2016-09-20,37.63067626953125,4768877
2016-09-21,37.87087631225586,4374994
2016-09-22,38.351261138916016,4558398
2016-09-23,38.21782684326172,4331006
2016-09-26,37.49723434448242,3588558
2016-09-27,37.63067626953125,3363070
2016-09-28,37.97761917114258,2625123
2016-09-29,34.641571044921875,9283018
2016-09-30,35.06858825683594,5643033
2016-10-03,35.76248550415039,2435232
2016-10-04,36.2962532043457,4761110
2016-10-05,36.109432220458984,2904432
2016-10-06,35.62904357910156,2998323
2016-10-07,36.216190338134766,5426409
2016-10-10,36.85670852661133,9051818
2016-10-13,35.97599792480469,4018770
2016-10-14,36.0827522277832,3967572
2016-10-17,35.97599792480469,5609924
2016-10-18,36.58982467651367,2036798
2016-10-19,36.910091400146484,3772621
2016-10-20,37.97761917114258,4863051
2016-10-21,38.1110725402832,5021877
2016-10-24,38.1110725402832,5009177
2016-10-25,36.02936553955078,12491285
2016-10-26,35.92261505126953,4232086
2016-10-27,35.73579788208008,4514117
2016-10-28,35.709110260009766,4370843
2016-11-01,35.62904357910156,2748250
2016-11-02,34.561500549316406,5549840
2016-11-03,34.42806625366211,2929536
2016-11-04,33.307151794433594,4715639
2016-11-07,33.6807861328125,1975513
2016-11-08,34.588199615478516,7528276
2016-11-09,33.04026794433594,5306548
2016-11-10,34.775020599365234,5593644
2016-11-11,34.134490966796875,3677126
2016-11-15,33.013580322265625,4001574
2016-11-16,33.06695556640625,3095375
2016-11-17,33.600730895996094,2968862
2016-11-18,34.347999572753906,4611742
2016-11-21,33.520660400390625,3485853
2016-11-22,33.38721466064453,2372868
2016-11-23,33.814231872558594,2428579
2016-11-24,32.90681838989258,3539870
2016-11-25,33.92098617553711,4180924
2016-11-28,35.01520919799805,4605104
2016-11-29,35.46891403198242,3342447
2016-11-30,36.32294845581055,3278166
2016-12-01,35.84255599975586,1688975
2016-12-02,36.32294845581055,8445084
2016-12-05,37.17696762084961,8203002
2016-12-06,37.25703811645508,4109816
2016-12-07,37.283729553222656,3403877
2016-12-08,37.7374267578125,2653869
2016-12-09,38.1110725402832,3444567
2016-12-12,37.97761917114258,4230489
2016-12-13,37.84417724609375,2127965
2016-12-14,37.87087631225586,2190327
2016-12-15,38.911720275878906,5888109
2016-12-16,39.258670806884766,4653841
2016-12-19,39.045162200927734,3108930
2016-12-20,38.56477355957031,2956049
2016-12-21,39.28535842895508,2934843
2016-12-22,38.27119827270508,1856730
2016-12-23,38.084381103515625,2004243
2016-12-26,37.20365905761719,1737056
2016-12-27,37.84417724609375,2230132
2016-12-28,37.79080581665039,2156431
2016-12-29,38.99178695678711,3286922
2016-12-30,40.8599739074707,9296640
2017-01-02,41.073486328125,4214451
2017-01-03,40.8599739074707,2311286
2017-01-04,41.527183532714844,3999976
2017-01-05,42.24776840209961,4236903
2017-01-06,41.98088836669922,2129980
2017-01-09,42.03425979614258,1553096
2017-01-10,42.808231353759766,5866204
2017-01-11,43.155181884765625,2756868
2017-01-12,42.78153610229492,2850672
2017-01-13,41.90082550048828,3402978
2017-01-16,42.59471893310547,2758705
2017-01-17,42.14101791381836,1636711
2017-01-18,42.27446365356445,2935552
2017-01-19,43.02174377441406,2358482
2017-01-20,41.36705017089844,5478077
2017-01-23,41.74069595336914,1623211
2017-01-24,42.5146598815918,2803579
2017-01-25,42.701473236083984,3122787
2017-01-27,49.42695999145508,45884559
2017-01-30,49.29351806640625,17647258
2017-01-31,46.51791763305664,19334140
2017-02-01,48.492862701416016,12838038
2017-02-02,50.147544860839844,24532952
2017-02-03,50.467811584472656,8428402
2017-02-06,51.882293701171875,14001719
2017-02-07,49.02663040161133,13854294
2017-02-08,49.16007614135742,11251319
2017-02-09,49.98741912841797,6710539
2017-02-10,49.56039810180664,5862282
2017-02-13,48.946563720703125,3914814
2017-02-14,48.43948745727539,6104677
2017-02-15,49.24014663696289,21391968
2017-02-16,50.33436965942383,6326139
2017-02-17,50.06747817993164,3374607
2017-02-20,51.98904800415039,16147853
2017-02-21,52.0157356262207,6668577
2017-02-22,50.467811584472656,8602445
2017-02-23,51.56203079223633,10935229
2017-02-27,51.268463134765625,4548462
2017-02-28,52.57618713378906,14953530
2017-03-01,52.30930709838867,4400485
2017-03-02,49.96072769165039,7200998
2017-03-03,50.547874450683594,7195693
2017-03-06,50.92151641845703,4110992
2017-03-07,52.229244232177734,9477886
2017-03-08,50.52117919921875,5870227
2017-03-09,49.96072769165039,4135971
2017-03-10,50.20092010498047,3994643
2017-03-14,52.06910705566406,9306723
2017-03-15,54.017364501953125,17509404
2017-03-16,54.84470748901367,13066342
2017-03-17,55.35179138183594,11861764
2017-03-20,55.138282775878906,4024466
2017-03-21,55.29840850830078,4831769
2017-03-22,54.31093978881836,3989897
2017-03-23,55.805484771728516,7976964
2017-03-24,56.44601821899414,9503129
2017-03-27,55.431854248046875,6254579
2017-03-28,55.805484771728516,4754120
2017-03-29,55.75210952758789,3481548
2017-03-30,56.47270202636719,13591248
2017-03-31,57.94056701660156,12821532
2017-04-03,59.675315856933594,8702015
2017-04-05,61.16986083984375,7965639
2017-04-06,61.783695220947266,5980676
2017-04-07,62.66441345214844,10240832
2017-04-10,64.1055908203125,8917498
2017-04-11,64.74610900878906,20987827
2017-04-12,61.03642272949219,16831030
2017-04-13,62.370845794677734,9209628
2017-04-17,65.84033203125,10923462
2017-04-18,77.34304809570312,170150231
2017-04-19,77.47650146484375,43424860
2017-04-20,78.06362915039062,15559322
2017-04-21,77.90350341796875,10015198
2017-04-24,80.09194946289062,31232010
2017-04-25,80.03857421875,14660532
2017-04-26,63.27824783325195,82181128
2017-04-27,60.92966842651367,143366815
2017-04-28,58.15407943725586,72140018
2017-05-02,60.182403564453125,57251803
2017-05-03,60.1290168762207,32763787
2017-05-04,60.52934646606445,16931132
2017-05-05,60.68947219848633,22307960
2017-05-08,61.14318084716797,15326313
2017-05-09,63.091434478759766,23232623
2017-05-10,65.54676055908203,22752782
2017-05-11,64.13228607177734,42484602
2017-05-12,64.87955474853516,20021004
2017-05-15,65.06637573242188,13012270
2017-05-16,65.54676055908203,12654891
2017-05-17,64.85286712646484,10676920
2017-05-18,64.23904418945312,18925323
2017-05-19,65.06637573242188,11387421
2017-05-22,64.77281188964844,10622286
2017-05-23,60.39590072631836,23801357
2017-05-24,60.636104583740234,11718569
2017-05-25,62.05057907104492,17477139
2017-05-26,61.89045333862305,7654510
2017-05-29,59.46181106567383,8839231
2017-05-30,62.93130111694336,38287302
2017-05-31,62.34415054321289,15218036
2017-06-01,62.31747055053711,10238277
2017-06-02,62.71778869628906,7758119
2017-06-05,62.71778869628906,8493999
2017-06-06,68.34905242919922,69157294
2017-06-07,70.08380889892578,44938768
2017-06-08,69.28314208984375,15231545
2017-06-09,70.59087371826172,16885493
2017-06-12,69.79022216796875,9534346
2017-06-13,70.67094421386719,22458851
2017-06-14,70.0571060180664,7744458
2017-06-15,70.72431945800781,9302880
2017-06-16,69.87028503417969,7952593
2017-06-19,70.43075561523438,6177534
2017-06-20,69.87028503417969,6607942
2017-06-21,70.37737274169922,7566756
2017-06-22,69.84359741210938,7288840
2017-06-23,67.44163513183594,10851981
2017-06-27,69.92366790771484,10939841
2017-06-28,71.73848724365234,26231803
2017-06-29,71.12464141845703,7978677
2017-06-30,70.7776870727539,7870773
2017-07-03,72.8593978881836,17599655
2017-07-04,71.2847671508789,6844994
2017-07-05,72.19217681884766,8130271
2017-07-06,72.1655044555664,5565891
2017-07-07,71.63172912597656,3470118
2017-07-10,71.97867584228516,1100749
2017-07-11,71.2047119140625,4514082
2017-07-12,75.4214859008789,28304039
2017-07-13,75.15460205078125,20051700
2017-07-14,74.40731811523438,8610995
2017-07-17,74.40731811523438,4453041
2017-07-18,73.5799789428711,5014809
2017-07-19,74.460693359375,5478229
2017-07-20,74.94108581542969,7165638
2017-07-21,75.36810302734375,6503101
2017-07-24,74.86102294921875,6269892
2017-07-25,74.35393524169922,5266174
2017-07-26,75.1279067993164,6273285
2017-07-27,73.92692565917969,7645534
2017-07-28,74.03367614746094,3323407
2017-07-31,73.98628997802734,3185169
2017-08-01,75.22029876708984,4837408
2017-08-02,76.15921020507812,8038370
2017-08-03,73.90582275390625,4567580
2017-08-04,74.03996276855469,4232805
2017-08-07,75.16663360595703,4115633
2017-08-08,73.69122314453125,5253069
2017-08-09,66.66278839111328,9968105
2017-08-10,62.156002044677734,9423614
2017-08-11,61.00248336791992,9495491
2017-08-14,62.5852165222168,5295042
2017-08-16,61.8072624206543,12736794
2017-08-17,60.84151840209961,6875611
2017-08-18,60.22452163696289,5649934
2017-08-21,57.676048278808594,5089527
2017-08-22,57.0322265625,7407672
2017-08-23,59.04418182373047,8584999
2017-08-24,58.561302185058594,8056806
2017-08-28,63.953346252441406,29813304
2017-08-29,63.819210052490234,18008160
2017-08-30,68.75521087646484,30155980
2017-08-31,71.11589813232422,43525545
2017-09-01,73.28882598876953,32679896
2017-09-04,70.177001953125,18357593
2017-09-05,71.4109878540039,11848407
2017-09-06,70.177001953125,12783470
2017-09-07,69.96238708496094,7770281
2017-09-08,68.46013641357422,6971107
2017-09-11,70.09651947021484,6951762
2017-09-12,71.86702728271484,10505454
2017-09-13,70.15016174316406,5706700
2017-09-14,70.76717376708984,6454072
2017-09-15,70.09651947021484,7230572
2017-09-18,70.20381927490234,4911385
2017-09-19,70.2843017578125,4268999
2017-09-20,69.42587280273438,4512226
2017-09-21,68.5137710571289,5582608
2017-09-22,65.32146453857422,5068371
2017-09-25,62.5852165222168,6702097
2017-09-26,63.63143539428711,7843415
2017-09-27,61.29757308959961,6787630
2017-09-28,61.86091995239258,5966330
2017-09-29,62.397438049316406,4897720
2017-10-03,59.98309326171875,10619689
2017-10-04,61.86091995239258,11902628
2017-10-05,65.2409896850586,19893119
2017-10-06,66.23356628417969,11055196
2017-10-09,64.00699615478516,13791758
2017-10-10,64.51669311523438,6910072
2017-10-11,63.819210052490234,7825089
2017-10-12,64.43621826171875,3939302
2017-10-13,64.30208587646484,3528261
2017-10-16,62.98760986328125,4904567
2017-10-17,63.36317443847656,3021964
2017-10-18,65.77751922607422,10564364
2017-10-19,67.38707733154297,4913758
2017-10-23,68.11138916015625,8950521
2017-10-24,67.76265716552734,4607943
2017-10-25,68.5137710571289,5888478
2017-10-26,70.2843017578125,7526631
2017-10-27,69.72095489501953,6223089
2017-10-30,72.00117492675781,9970100
2017-10-31,70.98178100585938,5377681
2017-11-01,71.4109878540039,4099352
2017-11-02,71.54512023925781,4093488
2017-11-03,75.38124084472656,12055417
2017-11-06,80.31726837158203,23094679
2017-11-07,79.59294128417969,13500041
2017-11-08,81.28298950195312,25171927
2017-11-09,82.83889770507812,9036184
2017-11-10,83.91194152832031,10508253
2017-11-13,81.98047637939453,10686118
2017-11-14,83.3486099243164,11548080
2017-11-15,78.89546966552734,7782830
2017-11-16,77.66146850585938,10159450
2017-11-17,84.01925659179688,15663475
2017-11-20,86.05803680419922,15919341
2017-11-21,82.3292007446289,9886154
2017-11-22,84.6630630493164,9094343
2017-11-23,81.81951141357422,8674970
2017-11-24,82.2219009399414,6903783
2017-11-27,81.14885711669922,8443699
2017-11-28,79.8612060546875,5184110
2017-11-29,79.11007690429688,4860242
2017-11-30,78.65403747558594,4958806
2017-12-01,76.37381744384766,9676577
2017-12-04,76.50794982910156,12792602
2017-12-05,78.19799041748047,8662641
2017-12-06,76.32015991210938,7070494
2017-12-07,79.16373443603516,6141639
2017-12-08,81.04155731201172,9632929
2017-12-11,82.24873352050781,8346215
2017-12-12,81.8463363647461,14052062
2017-12-13,79.13690948486328,14168202
2017-12-14,79.70024871826172,8661813
2017-12-15,83.26812744140625,17693281
2017-12-18,85.81658935546875,66541253
2017-12-19,86.05803680419922,14853348
2017-12-20,86.35311889648438,11399943
2017-12-21,87.23837280273438,10145045
2017-12-22,87.39932250976562,8437720
2017-12-26,87.56028747558594,5369778
2017-12-27,89.03572845458984,16657198
2017-12-28,88.66014862060547,6887899
2017-12-29,89.2503433227539,7840092
2018-01-01,89.0893783569336,7745247
2018-01-02,87.93585205078125,4977129
2018-01-03,94.5350570678711,39032205
2018-01-04,98.3443603515625,22778210
2018-01-05,103.62910461425781,21144683
2018-01-08,105.39962768554688,15147523
2018-01-09,105.10453796386719,8653790
2018-01-10,106.66043853759766,21411711
2018-01-11,108.21636962890625,10238800
2018-01-12,107.27745819091797,9577781
2018-01-15,106.33853912353516,5453962
2018-01-16,104.40706634521484,13454300
2018-01-17,109.74545288085938,17383941
2018-01-18,104.75581359863281,24303136
2018-01-19,107.14332580566406,25753085
2018-01-22,106.714111328125,10534230
2018-01-23,109.66496276855469,13877472
2018-01-24,110.25514221191406,14325102
2018-01-25,115.03018951416016,24286217
2018-01-29,114.46683502197266,14632536
2018-01-30,113.3669662475586,7873404
2018-01-31,114.38636779785156,14190496
2018-02-01,114.81558990478516,9002862
2018-02-02,105.80201721191406,12747646
2018-02-05,107.00918579101562,11825552
2018-02-06,104.78262329101562,10865044
2018-02-07,105.56058502197266,7308821
2018-02-08,109.71863555908203,8147287
2018-02-09,112.72314453125,11122413
2018-02-12,116.55927276611328,13340428
2018-02-14,117.73963165283203,12691224
2018-02-15,115.21797943115234,9129656
2018-02-16,111.4891357421875,10018309
2018-02-19,108.86019897460938,8936687
2018-02-20,106.23123931884766,11610335
2018-02-21,105.90931701660156,7621480
2018-02-22,109.07479095458984,16437924
2018-02-23,109.63813781738281,9189024
2018-02-26,110.30879211425781,5353014
2018-02-27,111.08676147460938,10994042
2018-02-28,109.20892333984375,7114891
2018-03-01,106.8482437133789,6606714
2018-03-05,107.78714752197266,7142031
2018-03-06,99.90028381347656,14797586
2018-03-07,92.38897705078125,39901321
2018-03-08,90.6452865600586,35549750
2018-03-09,83.75099182128906,31361197
2018-03-12,87.05059051513672,36867220
2018-03-13,85.70928955078125,27822361
2018-03-14,87.85537719726562,24472244
2018-03-15,89.62589263916016,24216374
2018-03-16,86.1116714477539,22765608
2018-03-19,86.16534423828125,21394394
2018-03-20,86.35311889648438,17242124
2018-03-21,87.02377319335938,14220268
2018-03-22,85.54833221435547,11326269
2018-03-23,81.79269409179688,18236099
2018-03-26,87.85537719726562,22902521
2018-03-27,85.7897720336914,22051871
2018-03-28,83.91194152832031,21470217
2018-04-02,86.32627868652344,18337901
2018-04-03,87.1310806274414,21100128
2018-04-04,81.25616455078125,61208164
2018-04-05,93.40482330322266,42856294
2018-04-06,94.60514831542969,16557821
2018-04-09,92.96258544921875,8024416
2018-04-10,93.3416519165039,7711830
2018-04-11,91.32003784179688,7993153
2018-04-12,85.98171997070312,12107380
2018-04-13,88.0665054321289,18682047
2018-04-16,88.91936492919922,7913136
2018-04-17,88.12966918945312,5496341
2018-04-18,86.3923568725586,5139668
2018-04-19,89.48794555664062,9986051
2018-04-20,86.99252319335938,6122099
2018-04-23,88.28761291503906,6960812
2018-04-24,87.1188735961914,5641426
2018-04-25,86.89775085449219,4277522
2018-04-26,88.79302215576172,4409996
2018-04-27,89.58271789550781,11783652
2018-04-30,88.50872802734375,3973908
2018-05-02,81.74893951416016,13025322
2018-05-03,79.85369873046875,20057125
2018-05-04,79.98004150390625,20059687
2018-05-07,80.61180114746094,19006661
2018-05-08,83.0440444946289,7209269
2018-05-09,81.52784729003906,5556490
2018-05-10,80.01164245605469,7504479
2018-05-11,80.7381591796875,9263105
2018-05-14,78.33747863769531,7854960
2018-05-15,77.895263671875,10525423
2018-05-16,77.76891326904297,6247641
2018-05-17,77.95845031738281,4922000
2018-05-18,74.92601013183594,6429588
2018-05-21,74.6733169555664,4982120
2018-05-22,77.23191833496094,5766771
2018-05-23,74.16790771484375,3996194
2018-05-24,75.27347564697266,6809081
2018-05-25,78.8428955078125,8545640
2018-05-28,81.90689086914062,7804639
2018-05-29,78.1479721069336,6376433
2018-05-30,77.95845031738281,3324790
2018-05-31,76.44221496582031,7144834
2018-06-01,75.52617645263672,9722786
2018-06-04,73.44139862060547,8032675
2018-06-05,72.9043960571289,4918698
2018-06-06,74.70491027832031,6253502
2018-06-07,79.22193908691406,17145197
2018-06-08,79.79051971435547,8320813
2018-06-11,81.0224380493164,10227843
2018-06-12,80.64340209960938,3525932
2018-06-13,81.59103393554688,10410157
2018-06-14,84.62344360351562,15420224
2018-06-15,83.67581939697266,13898773
2018-06-18,84.87614440917969,13121499
2018-06-19,82.0648422241211,8714922
2018-06-20,83.23358917236328,7630630
2018-06-21,82.03324890136719,5664223
2018-06-22,82.34911346435547,6427410
2018-06-25,80.23274993896484,4307412
2018-06-26,81.59103393554688,8685766
2018-06-27,72.71488189697266,18195059
2018-06-28,69.0822982788086,13624874
2018-06-29,71.48296356201172,9766020
2018-07-02,66.3657455444336,22074830
2018-07-03,67.12385559082031,11787383
2018-07-04,68.0398941040039,11036532
2018-07-05,66.9027328491211,6545131
2018-07-06,70.09309387207031,19356589
2018-07-09,70.53533172607422,9358024
2018-07-10,72.08311462402344,8739556
2018-07-11,78.40066528320312,41430172
2018-07-12,78.52700805664062,12897744
2018-07-13,83.17040252685547,40819011
2018-07-16,84.4023208618164,28399661
2018-07-17,87.37156677246094,30615637
2018-07-18,89.83541107177734,24172884
2018-07-19,95.42642211914062,22465016
2018-07-20,102.94430541992188,42113359
2018-07-23,108.15628051757812,36429184
2018-07-24,117.53782653808594,84444898
2018-07-25,126.22442626953125,88858638
2018-07-26,124.92933654785156,66162047
2018-07-27,124.1400146484375,44416991
2018-07-30,122.65084075927734,21685477
2018-07-31,123.85484313964844,13956426
2018-08-01,122.46072387695312,8364175
2018-08-02,124.52022552490234,26533948
2018-08-03,125.56581115722656,31802007
2018-08-06,125.59750366210938,13783939
2018-08-07,120.49629974365234,21206813
2018-08-08,126.51634979248047,55314801
2018-08-09,126.95995330810547,23748439
2018-08-10,126.19950103759766,14473803
2018-08-13,123.1894760131836,11210689
2018-08-14,128.19564819335938,20777577
2018-08-16,128.57583618164062,14732446
2018-08-17,128.6708984375,8569903
2018-08-20,134.65927124023438,30872546
2018-08-21,135.1662139892578,34411752
2018-08-23,133.61367797851562,22438632
2018-08-24,132.31463623046875,12187310
2018-08-27,134.2473907470703,12303976
2018-08-28,145.55873107910156,56713612
2018-08-29,141.5031280517578,44981172
2018-08-30,141.94671630859375,44266980
2018-08-31,142.73883056640625,22107612
2018-09-03,133.3918914794922,31267861
2018-09-04,133.32855224609375,45530498
2018-09-05,133.67706298828125,55270563
2018-09-06,161.67666625976562,74817700
2018-09-07,155.40513610839844,42704819
2018-09-10,148.88673400878906,20590646
2018-09-11,146.41763305664062,15083637
2018-09-12,147.0595703125,16166704
2018-09-14,148.7385711669922,8859644
2018-09-17,150.170654296875,10925422
2018-09-18,146.6151580810547,7447741
2018-09-19,145.52874755859375,5315295
2018-09-21,136.7387237548828,12829824
2018-09-24,132.83758544921875,5960439
2018-09-25,136.63999938964844,8571550
2018-09-26,134.81285095214844,6768299
2018-09-27,140.4917755126953,9769528
2018-09-28,128.98577880859375,11876058
2018-10-01,135.65235900878906,9826192
2018-10-03,133.1338653564453,6829117
2018-10-04,131.3067169189453,7184987
2018-10-05,128.59071350097656,6099515
2018-10-08,131.50424194335938,10658358
2018-10-09,134.2202606201172,7186017
2018-10-10,141.97323608398438,9209149
2018-10-11,136.49183654785156,8421556
2018-10-12,142.07200622558594,6338784
2018-10-15,150.56570434570312,9011923
2018-10-16,155.70143127441406,9671300
2018-10-17,159.75076293945312,11660585
2018-10-19,166.66421508789062,11861481
2018-10-22,166.41732788085938,13950566
2018-10-23,167.45436096191406,8339433
2018-10-24,165.4790802001953,5451065
2018-10-25,169.9728240966797,7460591
2018-10-26,164.68896484375,6982991
2018-10-29,169.62716674804688,5332500
2018-10-30,166.96054077148438,3885243
2018-10-31,167.89878845214844,10254679
2018-11-01,172.8369903564453,8041754
2018-11-02,173.4295654296875,6839045
2018-11-05,166.41732788085938,12668556
2018-11-06,162.41737365722656,5834504
2018-11-07,163.70132446289062,1138303
2018-11-09,164.24452209472656,4079435
2018-11-12,158.26930236816406,4332207
2018-11-13,160.14581298828125,3641712
2018-11-14,158.86187744140625,3263131
2018-11-15,160.83717346191406,5297431
2018-11-16,159.45445251464844,3885301
2018-11-19,160.096435546875,3424402
2018-11-20,158.1705322265625,4293856
2018-11-21,159.01004028320312,4209404
2018-11-22,156.5409393310547,2405010
2018-11-26,155.40513610839844,2428238
2018-11-27,157.18289184570312,3925863
2018-11-28,156.047119140625,3156482
2018-11-29,167.8000030517578,13648898
2018-11-30,162.96058654785156,9405499
2018-12-03,164.6395721435547,3213684
2018-12-04,160.73838806152344,3797368
2018-12-05,155.45452880859375,8601249
2018-12-06,148.689208984375,5714514
2018-12-07,151.01011657714844,7411261
2018-12-10,141.3806610107422,7484723
2018-12-11,150.02249145507812,9251826
2018-12-12,154.17059326171875,4377945
2018-12-13,154.0718231201172,3499313
2018-12-14,155.15821838378906,3389589
2018-12-17,155.9977264404297,1595605
2018-12-18,156.09649658203125,1689582
2018-12-19,158.21990966796875,2312343
2018-12-20,157.28164672851562,2539589
2018-12-21,157.38043212890625,5335334
2018-12-24,156.59033203125,3130614
2018-12-26,159.25694274902344,4065516
2018-12-27,160.34335327148438,10882426
2018-12-28,159.55325317382812,3905985
2018-12-31,159.01004028320312,3890636
2019-01-01,155.30638122558594,4726656
2019-01-02,152.93606567382812,2735262
2019-01-03,150.61509704589844,2758876
2019-01-04,150.6645050048828,2777308
2019-01-07,149.38052368164062,2714218
2019-01-08,151.5533447265625,2791866
2019-01-09,147.5040283203125,4054809
2019-01-10,149.23240661621094,3534546
2019-01-11,149.62745666503906,2254999
2019-01-14,146.51638793945312,2624582
2019-01-15,146.8126678466797,1805678
2019-01-16,146.6151580810547,1574176
2019-01-17,147.15834045410156,2618859
2019-01-18,144.9361572265625,2306520
2019-01-21,144.1460418701172,1763205
2019-01-22,143.89913940429688,2261667
2019-01-23,141.23252868652344,2322990
2019-01-24,140.78807067871094,1678843
2019-01-25,135.65235900878906,3297651
2019-01-28,134.71409606933594,9404485
2019-01-29,139.05970764160156,4301493
2019-01-30,138.17080688476562,3102926
2019-01-31,135.45481872558594,3498642
2019-02-01,141.23252868652344,7091209
2019-02-04,121.57847595214844,9832462
2019-02-05,122.7142562866211,8484607
2019-02-06,121.38095092773438,9905219
2019-02-07,122.41796875,9826247
2019-02-08,122.2204360961914,8059813
2019-02-11,116.73902893066406,7048335
2019-02-12,115.50448608398438,3698931
2019-02-14,116.64027404785156,4962697
2019-02-15,118.31925964355469,4509378
2019-02-18,116.04769134521484,2569451
2019-02-19,116.78842163085938,2644152
2019-02-20,118.56617736816406,3739081
2019-02-21,117.92420959472656,2698192
2019-02-22,126.46729278564453,14695085
2019-02-25,130.36846923828125,12769956
2019-02-26,130.46725463867188,8879092
2019-02-27,130.61537170410156,5875292
2019-02-28,127.25743103027344,3960957
2019-03-01,132.19561767578125,7738116
2019-03-05,140.04734802246094,7598974
2019-03-06,137.5288848876953,4856085
2019-03-07,135.20790100097656,3496617
2019-03-08,136.49183654785156,3681442
2019-03-11,137.3313446044922,2550759
2019-03-12,146.56576538085938,12543653
2019-03-13,145.52874755859375,5700158
2019-03-14,143.75100708007812,4052596
2019-03-15,140.0967254638672,5981701
2019-03-18,142.1213836669922,4934286
2019-03-19,140.24488830566406,4320808
2019-03-20,137.7263641357422,3242462
2019-03-22,136.54122924804688,3147147
2019-03-25,132.68942260742188,2977535
2019-03-26,136.59059143066406,4180951
2019-03-27,135.8004913330078,2778662
2019-03-28,136.09677124023438,3966292
2019-04-01,149.5780487060547,7938713
2019-04-02,149.77560424804688,6228254
2019-04-03,145.72628784179688,3416023
2019-04-04,145.6768798828125,3963980
2019-04-05,145.0843048095703,2004719
2019-04-08,140.19549560546875,4399839
2019-04-09,144.19541931152344,8432342
2019-04-10,141.08438110351562,4356153
2019-04-11,139.25723266601562,3535449
2019-04-12,139.6522674560547,5769634
2019-04-15,141.18313598632812,4375074
2019-04-16,141.2819061279297,3648947
2019-04-18,136.88690185546875,3954004
2019-04-22,133.47952270507812,3189574
2019-04-23,130.86227416992188,4084835
2019-04-24,134.46714782714844,4329268
2019-04-25,133.08447265625,2112063
2019-04-26,129.77587890625,4350584
2019-04-30,125.47966766357422,4006829
2019-05-02,125.0845947265625,3754433
2019-05-03,126.7142105102539,6222801
2019-05-06,124.0475845336914,1996014
2019-05-07,120.8377456665039,4593214
2019-05-08,119.4056625366211,2661345
2019-05-09,118.61555480957031,2907774
2019-05-10,118.51678466796875,2835247
2019-05-13,116.1464614868164,2124122
2019-05-14,121.82538604736328,4548264
2019-05-15,115.94892883300781,3659017
2019-05-16,117.33162689208984,5368281
2019-05-17,117.825439453125,4631007
2019-05-20,150.0718994140625,37670288
2019-05-21,152.73851013183594,39732349
2019-05-22,155.9977264404297,13565092
2019-05-23,159.0594024658203,61334483
2019-05-24,154.46688842773438,19435041
2019-05-27,155.25698852539062,9664810
2019-05-28,155.70143127441406,5456461
2019-05-29,153.23233032226562,12993604
2019-05-30,156.1458740234375,6740283
2019-05-31,152.83726501464844,7553254
2019-06-03,157.0841064453125,7975636
2019-06-04,155.6520538330078,5502910
2019-06-06,151.2570343017578,3832155
2019-06-07,149.4792938232422,5016442
2019-06-10,148.0966033935547,3967379
2019-06-11,151.7014923095703,3413094
2019-06-12,151.30642700195312,7477081
2019-06-13,151.20767211914062,7968656
2019-06-14,150.56570434570312,6589668
2019-06-17,146.07192993164062,3470303
2019-06-18,146.12130737304688,5764444
2019-06-19,141.0349884033203,4744374
2019-06-20,146.6151580810547,4477064
2019-06-21,144.98556518554688,4673136
2019-06-24,145.92379760742188,3240654
2019-06-25,148.98548889160156,4920288
2019-06-26,151.89903259277344,4779891
2019-06-27,150.9607696533203,2858423
2019-06-28,148.63983154296875,4642404
2019-07-01,152.1953125,6182608
2019-07-02,152.78790283203125,11741576
2019-07-03,153.67678833007812,5661251
2019-07-04,154.17059326171875,15687573
2019-07-05,145.4793701171875,6607087
2019-07-08,137.18316650390625,5896584
2019-07-09,139.4053955078125,7317997
2019-07-10,137.6276092529297,5548654
2019-07-11,139.25723266601562,5098558
2019-07-12,138.5658721923828,6678610
2019-07-15,136.24493408203125,4491271
2019-07-16,138.41773986816406,4954078
2019-07-17,136.34368896484375,3984405
2019-07-18,132.54127502441406,4247055
2019-07-19,129.77587890625,4256095
2019-07-22,130.02279663085938,5467444
2019-07-23,132.39312744140625,5753483
2019-07-24,128.1956787109375,5403438
2019-07-25,127.80062103271484,3977652
2019-07-26,130.22032165527344,3632048
2019-07-29,128.22711181640625,4349871
2019-07-30,124.16586303710938,4167043
2019-07-31,127.58328247070312,3665392
2019-08-01,124.2649154663086,4462938
2019-08-02,126.889892578125,4637509
2019-08-05,123.52200317382812,5259236
2019-08-06,126.98894500732422,3899290
2019-08-07,124.41350555419922,3911797
2019-08-08,129.6634063720703,7070036
2019-08-09,131.14926147460938,8589075
2019-08-13,129.069091796875,4226112
2019-08-14,129.41578674316406,4761139
2019-08-16,131.59503173828125,4087073
2019-08-19,134.21998596191406,4261741
2019-08-20,134.36856079101562,4515865
2019-08-21,130.65396118164062,3426518
2019-08-22,125.70121002197266,3358838
2019-08-23,130.05966186523438,4374006
2019-08-26,133.9228057861328,5507570
2019-08-27,135.85438537597656,4495705
2019-08-28,134.6657257080078,5312871
2019-08-29,131.0997314453125,6108447
2019-08-30,136.05252075195312,7806183
2019-09-03,133.9723358154297,3477541
2019-09-04,133.67518615722656,4313711
2019-09-05,134.46759033203125,6840367
2019-09-06,136.44871520996094,3744649
2019-09-09,139.5689697265625,4349296
2019-09-11,142.59014892578125,4245005
2019-09-12,141.69866943359375,3500479
2019-09-13,144.37313842773438,3561056
2019-09-16,144.57125854492188,3713796
2019-09-17,142.3920440673828,4167662
2019-09-18,142.78826904296875,3465608
2019-09-19,141.20338439941406,2662885
2019-09-20,147.69151306152344,7545363
2019-09-23,150.9603271484375,4136992
2019-09-24,146.6514129638672,4576924
2019-09-25,146.15615844726562,4572108
2019-09-26,151.25750732421875,7013490
2019-09-27,148.03817749023438,4016921
2019-09-30,144.4722137451172,3528313
2019-10-01,142.29296875,3732047
2019-10-03,142.19393920898438,2070232
2019-10-04,138.677490234375,2382805
2019-10-07,134.51715087890625,2701943
2019-10-09,137.68692016601562,2682715
2019-10-10,136.10203552246094,2413888
2019-10-11,135.65628051757812,2780875
2019-10-14,145.71038818359375,10795909
2019-10-15,153.5357666015625,11048872
2019-10-16,158.63711547851562,9587304
2019-10-17,161.0144500732422,6523046
2019-10-18,173.44589233398438,14162661
2019-10-22,176.9623565673828,7909839
2019-10-23,174.7831268310547,4743985
2019-10-24,177.30905151367188,4753708
2019-10-25,179.5873260498047,7857185
2019-10-27,181.66749572753906,1003411
2019-10-29,193.7027130126953,9534790
2019-10-30,193.90081787109375,4791525
2019-10-31,197.7639617919922,6584768
2019-11-01,198.55642700195312,3522957
2019-11-04,199.0021514892578,3965499
2019-11-05,198.6554718017578,2326138
2019-11-06,205.58935546875,6220311
2019-11-07,207.17420959472656,3959490
2019-11-08,206.08462524414062,4057743
2019-11-11,208.85816955566406,2907157
2019-11-13,196.32766723632812,9836594
2019-11-14,200.3889617919922,4141184
2019-11-15,201.67666625976562,3314555
2019-11-18,199.2498016357422,2041767
2019-11-19,197.81349182128906,2954848
2019-11-20,203.75682067871094,3488019
2019-11-21,203.5587158203125,4409698
2019-11-22,201.528076171875,2545651
2019-11-25,213.1670684814453,6805228
2019-11-26,208.61053466796875,5247790
2019-11-27,211.53268432617188,4051404
2019-11-28,211.0869140625,4234343
2019-11-29,212.86990356445312,7969827
2019-12-02,207.02565002441406,3169460
2019-12-03,205.8865203857422,2382612
2019-12-04,210.44305419921875,2917279
2019-12-05,206.43130493164062,2309030
2019-12-06,204.54925537109375,1958477
2019-12-09,205.49029541015625,2550809
2019-12-10,202.27098083496094,2139886
2019-12-11,204.20257568359375,2155584
2019-12-12,208.4124298095703,2958155
2019-12-13,210.19541931152344,2867800
2019-12-16,208.511474609375,2184582
2019-12-17,209.20484924316406,1968218
2019-12-18,206.1836700439453,2542320
2019-12-19,208.5609893798828,2180662
2019-12-20,216.73306274414062,6997898
2019-12-23,212.52320861816406,3709426
2019-12-24,207.17420959472656,2984621
2019-12-26,206.9761199951172,3299177
2019-12-27,207.1247100830078,2240503
2019-12-30,206.67892456054688,1938731
2019-12-31,206.38180541992188,1600059
2020-01-01,205.8865203857422,1553127
2020-01-02,209.20484924316406,2991937
2020-01-03,206.332275390625,2512421
2020-01-06,197.66493225097656,4353179
2020-01-07,202.12240600585938,2966120
2020-01-08,199.5964813232422,5762654
2020-01-09,206.0351104736328,3496063
2020-01-10,207.1247100830078,2769132
2020-01-13,211.5821990966797,3527267
2020-01-14,212.32508850097656,1775182
2020-01-15,214.55386352539062,1982079
2020-01-16,217.9217529296875,4280379
2020-01-17,226.2423858642578,10810744
2020-01-20,224.40985107421875,4546367
2020-01-21,222.13157653808594,2813526
2020-01-22,223.7659912109375,2939366
2020-01-23,227.43106079101562,2650092
2020-01-24,227.57962036132812,7154795
2020-01-27,228.3720703125,5293975
2020-01-28,227.72821044921875,2161711
2020-01-29,230.1055450439453,3738186
2020-01-30,229.31309509277344,2192123
2020-01-31,227.282470703125,2720308
2020-02-03,218.81324768066406,2720614
2020-02-04,223.32025146484375,2028088
2020-02-05,234.01821899414062,8985919
2020-02-06,234.265869140625,8852675
2020-02-07,237.2375030517578,5052443
2020-02-10,242.19029235839844,5588211
2020-02-11,242.9827423095703,3533751
2020-02-12,247.34115600585938,4490312
2020-02-13,249.0746307373047,2563148
2020-02-14,253.730224609375,4968325
2020-02-17,250.11471557617188,2411524
2020-02-18,247.09352111816406,2430446
2020-02-19,251.60055541992188,2101729
2020-02-20,256.2066345214844,3108173
2020-02-24,244.914306640625,3309214
2020-02-25,244.1218719482422,3309962
2020-02-26,240.50634765625,2897390
2020-02-27,231.9380645751953,3568055
2020-02-28,216.58445739746094,3364181
2020-03-02,216.53497314453125,3162614
2020-03-03,223.617431640625,2992170
2020-03-04,219.0113525390625,5216787
2020-03-05,219.6552276611328,3159080
2020-03-06,212.72134399414062,4375226
2020-03-09,197.81349182128906,2763988
2020-03-11,193.90081787109375,3763186
2020-03-12,160.61822509765625,4834390
2020-03-13,147.34481811523438,7463176
2020-03-16,133.4275360107422,6582749
2020-03-17,132.1398162841797,6388061
2020-03-18,128.97003173828125,4255688
2020-03-19,127.68232727050781,5517080
2020-03-20,136.39920043945312,4496351
2020-03-23,120.60704040527344,1456143
2020-03-24,130.0341339111328,5125923
2020-03-25,131.9794158935547,2771318
2020-03-26,139.91015625,7980255
2020-03-27,127.68983459472656,4378366
2020-03-30,128.38815307617188,2397592
2020-03-31,137.26657104492188,2200227
2020-04-01,133.6254119873047,1997603
2020-04-03,128.73728942871094,1761897
2020-04-07,137.8152313232422,2463474
2020-04-08,137.76536560058594,3237290
2020-04-09,142.1048126220703,2359428
2020-04-13,145.64620971679688,2204560
2020-04-15,144.8980255126953,3413325
2020-04-16,142.9527587890625,2685695
2020-04-17,143.55130004882812,2383979
2020-04-20,146.34451293945312,6835058
2020-04-21,135.62057495117188,3576177
2020-04-22,137.26657104492188,6012030
2020-04-23,140.1595458984375,3371195
2020-04-24,134.32369995117188,1823167
2020-04-27,134.2738494873047,2996533
2020-04-28,138.96246337890625,5721109
2020-04-29,139.16195678710938,4774187
2020-04-30,141.05735778808594,4899422
2020-05-04,131.2312469482422,6012691
2020-05-05,132.37843322753906,3112486
2020-05-06,132.92710876464844,6685480
2020-05-07,134.57310485839844,2423478
2020-05-08,136.81765747070312,2431204
2020-05-11,139.71063232421875,2900696
2020-05-12,139.5609893798828,2901801
2020-05-13,140.80796813964844,3115038
2020-05-14,140.55856323242188,1587450
2020-05-15,140.70822143554688,2145697
2020-05-18,135.57069396972656,4941536
2020-05-19,139.36148071289062,5564024
2020-05-20,141.0074920654297,2872608
2020-05-21,137.96487426757812,2682428
2020-05-22,137.76536560058594,2449109
2020-05-26,139.16195678710938,2657870
2020-05-27,140.65834045410156,2224751
2020-05-28,142.30433654785156,2816689
2020-05-29,147.9905242919922,9162612
2020-06-01,150.13531494140625,3985102
2020-06-02,149.58663940429688,2482873
2020-06-03,150.28494262695312,5875845
2020-06-04,147.64137268066406,3146640
2020-06-05,152.08058166503906,4111095
2020-06-08,152.28009033203125,4899754
2020-06-09,151.5319061279297,3005643
2020-06-10,151.48207092285156,4135121
2020-06-11,151.43215942382812,16533100
2020-06-12,151.93093872070312,4817295
2020-06-15,148.8883514404297,3214496
2020-06-16,145.84573364257812,2640377
2020-06-17,146.79344177246094,1252809
2020-06-18,147.49176025390625,2037814
2020-06-19,152.32998657226562,5245179
2020-06-22,154.27525329589844,4662143
2020-06-23,156.81907653808594,4790074
2020-06-24,154.42489624023438,4078195
2020-06-25,161.25828552246094,14608370
2020-06-26,161.757080078125,6772909
2020-06-29,159.36288452148438,2937549
2020-06-30,155.8713836669922,3827240
2020-07-01,157.2679901123047,1681231
2020-07-02,157.816650390625,2152710
2020-07-03,159.61228942871094,4481657
2020-07-06,163.80210876464844,3515662
2020-07-07,167.7425537109375,8172143
2020-07-08,162.6050262451172,3650115
2020-07-09,162.35562133789062,1711099
2020-07-10,159.3130340576172,1950837
2020-07-13,155.67185974121094,2585981
2020-07-14,149.3871307373047,2352010
2020-07-15,147.3919677734375,2180415
2020-07-16,148.53916931152344,1473784
2020-07-17,151.232666015625,2222846
2020-07-20,160.3105926513672,6329853
2020-07-21,166.89462280273438,6517373
2020-07-22,168.98951721191406,4611051
2020-07-23,169.53819274902344,2199241
2020-07-24,168.34107971191406,1801357
2020-07-27,165.54786682128906,1156539
2020-07-28,173.12945556640625,4829045
2020-07-29,178.666015625,15392378
2020-07-30,174.62582397460938,3403335
2020-07-31,174.82534790039062,2644457
2020-08-03,171.83261108398438,2789132
2020-08-04,181.6587371826172,4208453
2020-08-05,179.16482543945312,4042372
2020-08-06,185.49940490722656,6447296
2020-08-07,192.4325714111328,9386323
2020-08-10,195.2257843017578,4627306
2020-08-11,195.3754119873047,2965963
2020-08-12,197.22093200683594,3352636
2020-08-13,200.26356506347656,3552469
2020-08-14,195.7245635986328,6617104
2020-08-17,197.3206787109375,3227005
2020-08-18,213.1821746826172,13367091
2020-08-19,238.9695281982422,19592028
2020-08-20,233.4329833984375,9484513
2020-08-21,232.7845458984375,5797329
2020-08-24,248.0973663330078,11878911
2020-08-25,306.80474853515625,49264537
2020-08-26,284.85809326171875,26717004
2020-08-27,286.0052795410156,15748895
2020-08-28,287.551513671875,7256271
2020-08-31,278.87261962890625,15172187
2020-09-01,280.41888427734375,5169176
2020-09-02,292.3398742675781,17403674
2020-09-03,290.54425048828125,9061697
2020-09-04,284.45904541015625,6719721
2020-09-07,284.558837890625,5812023
2020-09-08,277.027099609375,5660442
2020-09-09,282.3641052246094,6661093
2020-09-10,297.5771789550781,25430532
2020-09-11,295.2827453613281,9743753
2020-09-14,292.4396667480469,6120182
2020-09-15,287.85076904296875,2552460
2020-09-16,296.38006591796875,6159158
2020-09-17,292.98834228515625,2466000
2020-09-18,290.843505859375,2744172
2020-09-21,276.4285888671875,6459206
2020-09-22,279.7205505371094,12535965
2020-09-23,282.8628845214844,8864848
2020-09-24,269.7946472167969,3689023
2020-09-25,279.62078857421875,7663618
2020-09-28,294.9835205078125,5875621
2020-09-29,297.17816162109375,10246726
2020-09-30,296.38006591796875,5618023
2020-10-01,307.4032897949219,6914312
2020-10-05,325.8086242675781,20009492
2020-10-06,326.3572692871094,7705557
2020-10-07,329.30010986328125,8234005
2020-10-08,315.4836730957031,4125845
2020-10-09,312.2415466308594,2468904
2020-10-12,314.58587646484375,2556329
2020-10-13,312.4410705566406,1454109
2020-10-14,312.6405944824219,1517470
2020-10-15,306.3558654785156,4960658
2020-10-16,306.2560729980469,1871531
2020-10-19,316.1820068359375,3329571
2020-10-20,321.1199951171875,7198907
2020-10-21,311.24395751953125,4998821
2020-10-22,310.74517822265625,2380993
2020-10-23,314.68560791015625,4159352
2020-10-26,306.6551208496094,4397393
2020-10-27,313.28900146484375,3549135
2020-10-28,318.0773620605469,3098009
2020-10-29,328.1029968261719,6897070
2020-10-30,338.8768615722656,14205844
2020-11-02,340.2734680175781,4272022
2020-11-03,343.9645080566406,4078834
2020-11-04,350.9974060058594,9701398
2020-11-05,351.8952331542969,5361436
2020-11-06,351.2467956542969,3863486
2020-11-09,357.0327453613281,6278843
2020-11-10,358.62884521484375,3590100
2020-11-11,359.2274169921875,2869576
2020-11-12,364.6642150878906,4199715
2020-11-13,367.70684814453125,2786714
2020-11-14,370.35040283203125,620753
2020-11-17,393.34454345703125,10496968
2020-11-18,393.5440673828125,8656493
2020-11-19,384.8152770996094,7731483
2020-11-20,387.3591003417969,5490838
2020-11-23,408.0588073730469,7318547
2020-11-24,406.2132873535156,6167783
2020-11-25,398.28253173828125,3448648
2020-11-26,400.97601318359375,5490958
2020-11-27,397.4346008300781,6429153
2020-12-01,420.8776550292969,7846125
2020-12-02,452.6504821777344,16821595
2020-12-03,446.4654846191406,6848649
2020-12-04,444.8694152832031,4131360
2020-12-07,456.4412536621094,5371039
2020-12-08,450.8049621582031,3872952
2020-12-09,448.0117492675781,2798049
2020-12-10,446.1662292480469,3113868
2020-12-11,448.7100524902344,2940168
2020-12-14,454.0470886230469,3762369
2020-12-15,461.3294372558594,4779869
2020-12-16,462.12744140625,4088505
2020-12-17,458.18701171875,4912523
2020-12-18,454.0470886230469,2159692
2020-12-21,428.1600036621094,5350194
2020-12-22,457.688232421875,8342699
2020-12-23,462.47662353515625,4604130
2020-12-24,472.50225830078125,7985151
2020-12-28,489.6606140136719,13714406
2020-12-29,488.0146484375,5849496
2020-12-30,482.976806640625,5419517
2020-12-31,478.3879699707031,7575962
2021-01-01,489.9598693847656,5035248
2021-01-04,493.3017578125,4936582
2021-01-05,493.20196533203125,3654033
2021-01-06,489.7104797363281,3295461
2021-01-07,516.8445434570312,9879731
2021-01-08,516.7448120117188,3702267
2021-01-11,517.8920288085938,4148831
2021-01-12,524.1268920898438,4878024
2021-01-13,534.7510375976562,4948731
2021-01-14,530.8106689453125,3161306
2021-01-15,526.0222778320312,3376852
2021-01-18,506.619384765625,5204588
2021-01-19,528.8154907226562,4181185
2021-01-20,545.4251708984375,6681731
2021-01-21,535.5989990234375,4208383
2021-01-22,525.5235595703125,4179558
2021-01-25,512.6547241210938,3728411
2021-01-27,511.5574035644531,2792007
2021-01-28,510.6097106933594,4197516
2021-01-29,505.4222717285156,3822560
2021-02-01,535.898193359375,4004036
2021-02-02,562.8328857421875,5144708
2021-02-03,565.2269897460938,6087209
2021-02-04,588.2710571289062,11184167
2021-02-05,593.9073486328125,4754950
2021-02-08,626.7775268554688,7085276
2021-02-09,628.3237915039062,4510798
2021-02-10,649.1232299804688,5991927
2021-02-11,657.0040893554688,3688016
2021-02-12,717.2078857421875,16810897
2021-02-15,761.5999755859375,21579566
2021-02-16,778.3094482421875,19426061
2021-02-17,783.5467529296875,8908279
2021-02-18,806.2415771484375,9694238
2021-02-19,780.00537109375,20210882
2021-02-22,803.947265625,10890564
2021-02-23,797.7122802734375,9753081
2021-02-24,803.2489013671875,4626257
2021-02-25,841.4561157226562,12118095
2021-02-26,831.6299438476562,11355426
2021-03-01,849.4367065429688,5996840
2021-03-02,870.4356079101562,5116413
2021-03-03,913.1318969726562,11670544
2021-03-04,916.1746215820312,8141787
2021-03-05,907.6952514648438,7109101
2021-03-08,907.9945068359375,3904469
2021-03-09,903.006591796875,5561849
2021-03-10,895.9736328125,5465016
2021-03-12,891.9334716796875,6049852
2021-03-15,894.0284423828125,5234540
2021-03-16,895.62451171875,2555026
2021-03-17,871.782470703125,3886557
2021-03-18,868.9392700195312,4465851
2021-03-19,887.4943237304688,4794995
2021-03-22,988.6485595703125,22596465
2021-03-23,1055.8353271484375,31098225
2021-03-24,1022.965087890625,22877032
2021-03-25,979.1715087890625,13139164
2021-03-26,985.9050903320312,9396506
2021-03-30,1029.0504150390625,10470011
2021-03-31,1028.6514892578125,6440569
2021-04-01,1104.5169677734375,12713083
2021-04-05,1135.4918212890625,15795720
2021-04-06,1222.4307861328125,21496457
2021-04-07,1162.7257080078125,23007694
2021-04-08,1159.6829833984375,12404773
2021-04-09,1198.4888916015625,12923020
2021-04-12,1071.79638671875,13690016
2021-04-13,1103.669189453125,12137329
2021-04-15,1127.2119140625,9350889
2021-04-16,1156.191650390625,10661068
2021-04-19,1133.5963134765625,8565063
2021-04-20,1139.9808349609375,8261172
2021-04-22,1154.9945068359375,7124786
2021-04-23,1154.7947998046875,6167151
2021-04-26,1170.5067138671875,6939823
2021-04-27,1188.2635498046875,7109421
2021-04-28,1182.3280029296875,5020151
2021-04-29,1179.4351806640625,4070698
2021-04-30,1155.8922119140625,4232500
2021-05-03,1252.507568359375,11276228
2021-05-04,1259.4407958984375,10271516
2021-05-05,1264.4287109375,7805805
2021-05-06,1283.6319580078125,6240535
2021-05-07,1295.7525634765625,4584524
2021-05-10,1300.93994140625,3892338
2021-05-11,1300.34130859375,4744734
2021-05-12,1282.684326171875,4143731
2021-05-14,1217.3929443359375,6377643
2021-05-17,1285.976318359375,7782732
2021-05-18,1323.485107421875,6531595
2021-05-19,1291.562744140625,9925284
2021-05-20,1298.844970703125,5837747
2021-05-21,1311.9132080078125,8314215
2021-05-24,1303.633544921875,7913411
2021-05-25,1279.6414794921875,3697062
2021-05-26,1319.5947265625,5630730
2021-05-27,1322.5875244140625,36690935
2021-05-28,1299.443603515625,2979585
2021-05-31,1313.1103515625,2709718
2021-06-01,1412.8182373046875,10018645
2021-06-02,1543.001953125,24541949
2021-06-03,1579.263916015625,19107244
2021-06-04,1696.8282470703125,21102075
2021-06-07,1620.3642578125,15350263
2021-06-08,1632.484619140625,12410257
2021-06-09,1590.7860107421875,11614666
2021-06-10,1608.09375,5362307
2021-06-11,1597.718994140625,5355387
2021-06-14,1497.8115234375,43530006
2021-06-15,1535.12109375,22320542
2021-06-16,1444.7906494140625,12626149
2021-06-17,1364.3858642578125,27926070
2021-06-18,1483.8956298828125,30526777
2021-06-21,1536.2681884765625,21101083
2021-06-22,1537.864501953125,12069983
2021-06-23,1501.103759765625,12679703
2021-06-24,1504.8447265625,7261764
2021-06-25,1515.7681884765625,4962963
2021-06-28,1522.0528564453125,6178022
2021-06-29,1519.8583984375,5551918
2021-06-30,1503.8970947265625,3256147
2021-07-01,1487.5955810546875,3759914
2021-07-02,1419.5169677734375,6653653
2021-07-05,1391.8663330078125,12239845
2021-07-06,1412.280029296875,9485434
2021-07-07,1423.1107177734375,5549751
2021-07-08,1423.3602294921875,3898830
2021-07-09,1428.8004150390625,4502324
2021-07-12,1418.1693115234375,2557189
2021-07-13,1415.1746826171875,4157955
2021-07-14,1399.5526123046875,3859529
2021-07-15,1405.4420166015625,2728305
2021-07-16,1393.0142822265625,2134914
2021-07-19,1378.1407470703125,6190302
2021-07-20,1363.2672119140625,4529933
2021-07-22,1414.2264404296875,5009804
2021-07-23,1399.1533203125,4694140
2021-07-26,1401.3994140625,2054318
2021-07-27,1394.2620849609375,2978042
2021-07-28,1397.406494140625,3188606
2021-07-29,1397.755859375,2538248
2021-07-30,1417.72021484375,4403219
2021-08-02,1435.63818359375,2483790
2021-08-03,1440.2301025390625,4442122
2021-08-04,1427.003662109375,3341801
2021-08-05,1429.798583984375,2104359
2021-08-06,1533.9130859375,14250256
2021-08-09,1490.739990234375,6031426
2021-08-10,1443.9234619140625,3581449
2021-08-11,1434.4903564453125,3197412
2021-08-12,1440.329833984375,2455443
2021-08-13,1434.4404296875,2095991
2021-08-16,1427.5526123046875,1909352
2021-08-17,1439.08203125,3062815
2021-08-18,1457.3994140625,4738820
2021-08-20,1427.5526123046875,4933377
2021-08-23,1394.212158203125,4866080
2021-08-24,1435.239013671875,3362312
2021-08-25,1472.7220458984375,5361140
2021-08-26,1473.0714111328125,4678919
2021-08-27,1503.367431640625,5164477
2021-08-30,1513.8486328125,3149863
2021-08-31,1584.772216796875,7234384
2021-09-01,1562.411865234375,3056760
2021-09-02,1567.75244140625,2171898
2021-09-03,1562.7613525390625,1687999
2021-09-06,1579.1822509765625,5562312
2021-09-07,1555.32470703125,1651169
2021-09-08,1553.1783447265625,2084219
2021-09-09,1542.248046875,1243149
2021-09-13,1529.7203369140625,1759456
2021-09-14,1510.5047607421875,7143757
2021-09-15,1514.0982666015625,12834337
2021-09-16,1500.5223388671875,7616906
2021-09-17,1477.61328125,3329954
2021-09-20,1416.3226318359375,2273312
2021-09-21,1438.8824462890625,2682157
2021-09-22,1435.1890869140625,1663858
2021-09-23,1471.723876953125,1622616
2021-09-24,1459.09619140625,2760295
2021-09-27,1528.5225830078125,4737676
2021-09-28,1484.6507568359375,3547971
2021-09-29,1483.0037841796875,1764350
2021-09-30,1465.4849853515625,2072145
2021-10-01,1456.101806640625,2311858
2021-10-04,1523.9306640625,3209302
2021-10-05,1524.9288330078125,2544835
2021-10-06,1476.91455078125,1777998
2021-10-07,1518.0411376953125,1919106
2021-10-08,1545.1429443359375,2646112
2021-10-11,1537.00732421875,1910095
2021-10-12,1551.6810302734375,1900749
2021-10-13,1566.904052734375,3923958
2021-10-14,1643.41748046875,5256882
2021-10-18,1612.622314453125,3791222
2021-10-19,1566.654541015625,1822638
2021-10-20,1586.868408203125,2768997
2021-10-21,1592.2088623046875,3129269
2021-10-22,1540.2515869140625,2580699
2021-10-25,1529.4708251953125,2276050
2021-10-26,1541.0999755859375,1661783
2021-10-27,1563.7596435546875,2121282
2021-10-28,1396.058837890625,7093354
2021-10-29,1421.064208984375,3165141
2021-11-01,1442.7257080078125,1543436
2021-11-02,1470.1766357421875,1667692
2021-11-03,1483.2532958984375,1710819
2021-11-04,1486.7969970703125,272261
2021-11-08,1565.45654296875,2565017
2021-11-09,1632.536865234375,4713708
2021-11-10,1652.900390625,3728328
2021-11-11,1661.9344482421875,4470709
2021-11-12,1702.1624755859375,5349189
2021-11-15,1746.433837890625,3997553
2021-11-16,1708.5511474609375,2172117
2021-11-17,1703.4102783203125,1476385
2021-11-18,1685.741943359375,2255988
2021-11-22,1672.76513671875,2552170
2021-11-23,1704.9078369140625,2472589
2021-11-24,1752.023681640625,4562858
2021-11-25,1759.90966796875,2341862
2021-11-26,1666.576171875,3510810
2021-11-29,1662.084228515625,2119826
2021-11-30,1659.8880615234375,2952368
2021-12-01,1690.283935546875,2476360
2021-12-02,1729.16455078125,2159661
2021-12-03,1705.0574951171875,1544077
2021-12-06,1642.6688232421875,1574680
2021-12-07,1675.460205078125,1476012
2021-12-08,1712.4443359375,1406394
2021-12-09,1719.1822509765625,1306393
2021-12-10,1737.300048828125,2708578
2021-12-13,1716.4871826171875,1104594
2021-12-14,1717.0361328125,1198653
2021-12-15,1692.2802734375,866378
2021-12-16,1699.0181884765625,751885
2021-12-17,1642.369384765625,1215873
2021-12-20,1587.117919921875,1945211
2021-12-21,1617.613525390625,1563851
2021-12-22,1655.146484375,993006
2021-12-23,1673.2142333984375,979023
2021-12-24,1695.175048828125,1234386
2021-12-27,1727.117919921875,1672655
2021-12-28,1747.881103515625,1552918
2021-12-29,1714.9896240234375,1100579
2021-12-30,1693.3782958984375,1359574
2021-12-31,1706.405029296875,1310960
2022-01-03,1714.09130859375,1094708
2022-01-04,1715.93798828125,1191189
2022-01-05,1712.3944091796875,1583598
2022-01-06,1710.0484619140625,1615375
2022-01-07,1696.073486328125,1295933
2022-01-10,1749.478271484375,1670551
2022-01-11,1840.61572265625,5126019
2022-01-12,1826.840087890625,2518912
2022-01-13,1850.048828125,1881069
2022-01-14,1866.9185791015625,2357616
2022-01-17,1874.4552001953125,1700525
2022-01-18,1837.6707763671875,2294146
2022-01-19,1846.0059814453125,1544606
2022-01-20,1862.526611328125,1252017
2022-01-21,1825.0931396484375,1929667
2022-01-24,1712.7437744140625,2381112
2022-01-25,1738.29833984375,1817963
2022-01-27,1682.9969482421875,3549583
2022-01-28,1690.68310546875,1624750
2022-01-31,1711.895263671875,1024738
2022-02-01,1743.788330078125,1574361
2022-02-02,1776.1805419921875,1405276
2022-02-03,1748.7293701171875,588866
2022-02-04,1754.169921875,855996
2022-02-07,1728.71533203125,854871
2022-02-08,1712.9434814453125,1480201
2022-02-09,1779.9737548828125,1674022
2022-02-10,1782.9185791015625,1747943
2022-02-11,1761.1573486328125,1196002
2022-02-14,1660.986083984375,1919476
2022-02-15,1741.1431884765625,2261554
2022-02-16,1735.0040283203125,1663614
2022-02-17,1727.86669921875,1075487
2022-02-18,1733.207275390625,945100
2022-02-21,1682.1981201171875,1449291
2022-02-22,1664.729248046875,1717579
2022-02-23,1685.69189453125,1285012
2022-02-24,1541.1998291015625,2798065
2022-02-25,1615.816650390625,1741584
2022-02-28,1641.5208740234375,1869037
2022-03-02,1638.8756103515625,1249817
2022-03-03,1640.8720703125,1333325
2022-03-04,1612.123291015625,1433490
2022-03-07,1561.26416015625,1508821
2022-03-08,1598.7470703125,1396347
2022-03-09,1653.599365234375,1498176
2022-03-10,1739.74560546875,2294474
2022-03-11,1731.0111083984375,1354129
2022-03-14,1733.0076904296875,659190
2022-03-15,1698.36962890625,1085901
2022-03-16,1754.86865234375,1269866
2022-03-17,1816.4088134765625,2392329
2022-03-21,1799.738525390625,1081052
2022-03-22,1828.2874755859375,964066
2022-03-23,1807.774169921875,1553366
2022-03-24,1829.535400390625,1030145
2022-03-25,1863.6744384765625,1366115
2022-03-28,1906.29833984375,1895438
2022-03-29,1913.8349609375,1715098
2022-03-30,1991.696044921875,3215951
2022-03-31,2011.1611328125,2786973
2022-04-01,2040.0098876953125,1267111
2022-04-04,2062.17041015625,1334265
2022-04-05,2136.038818359375,4970260
2022-04-06,2156.152587890625,2259018
2022-04-07,2095.31103515625,3499044
2022-04-08,2167.0830078125,1924054
2022-04-11,2176.31640625,1615715
2022-04-12,2193.03662109375,2632324
2022-04-13,2195.5322265625,992512
2022-04-18,2229.87109375,1747434
2022-04-19,2164.43798828125,1639219
2022-04-20,2180.059814453125,1119025
2022-04-21,2282.277587890625,2243636
2022-04-22,2269.250732421875,1786042
2022-04-25,2280.13134765625,1683622
2022-04-26,2391.03369140625,3199358
2022-04-27,2329.942626953125,2559876
2022-04-28,2374.3134765625,1679893
2022-04-29,2327.845947265625,1916180
2022-05-02,2335.332763671875,1006544
2022-05-04,2249.785400390625,1744686
2022-05-05,2251.382568359375,1636796
2022-05-06,2243.6962890625,1161579
2022-05-09,2193.735595703125,1450886
2022-05-10,2105.742431640625,1471866
2022-05-11,2115.52490234375,1397917
2022-05-12,2041.556884765625,1553685
2022-05-13,2050.490966796875,1547617
2022-05-16,2102.148681640625,1742552
2022-05-17,2180.95849609375,1061085
2022-05-18,2177.215087890625,1296983
2022-05-19,2110.9833984375,986930
2022-05-20,2215.596435546875,1444803
2022-05-23,2166.783447265625,1455450
2022-05-24,2156.35205078125,1008943
2022-05-25,2070.455322265625,1382448
2022-05-26,2042.7548828125,4967514
2022-05-27,2076.444580078125,1354005
2022-05-30,2161.792236328125,1384584
2022-05-31,2163.689208984375,2861556
2022-06-01,2147.068603515625,1448212
2022-06-02,2205.46435546875,1855167
2022-06-03,2186.09912109375,1651685
2022-06-06,2221.086669921875,1664487
2022-06-07,2223.582275390625,2046676
2022-06-08,2173.322021484375,1530739
2022-06-09,2215.247314453125,1440385
2022-06-10,2199.17578125,1305761
2022-06-13,2076.04541015625,1764172
2022-06-14,2192.53759765625,6515102
2022-06-15,2180.708740234375,1313510
2022-06-16,2079.28955078125,2131789
2022-06-17,2092.06689453125,2280135
2022-06-20,2076.145263671875,2603594
2022-06-21,2157.94921875,1331500
2022-06-22,2085.478759765625,1774137
2022-06-23,2106.591064453125,1026783
2022-06-24,2157.599853515625,1156536
2022-06-27,2177.714111328125,1202504
2022-06-28,2200.673095703125,1282047
2022-06-29,2216.1455078125,1692493
2022-06-30,2186.997314453125,1568415
2022-07-01,2228.223876953125,2141743
2022-07-04,2257.821044921875,1581159
2022-07-05,2242.44873046875,1356776
2022-07-06,2268.801513671875,1045463
2022-07-07,2270.2490234375,946131
2022-07-08,2288.965576171875,898576
2022-07-11,2369.022705078125,1967308
2022-07-12,2361.43603515625,1273008
2022-07-13,2349.30810546875,982185
2022-07-14,2379.835693359375,933554
2022-07-15,2401.955078125,1169788
2022-07-18,2420.2802734375,937204
2022-07-19,2447.942138671875,843301
2022-07-20,2447.742431640625,693601
2022-07-21,2492.08154296875,1314165
2022-07-22,2495.97607421875,833522
2022-07-25,2547.106201171875,1220351
2022-07-26,2556.193603515625,865142
2022-07-27,2545.208740234375,953588
2022-07-28,2546.906005859375,759442
2022-07-29,2565.680419921875,1107195
2022-08-01,2656.506103515625,1267039
2022-08-02,2679.9736328125,1096480
2022-08-03,2707.685791015625,815831
2022-08-04,2719.869140625,1223799
2022-08-05,2694.703369140625,1639981
2022-08-08,2788.075439453125,1581696
2022-08-10,2823.326904296875,1304663
2022-08-11,2830.167724609375,978616
2022-08-12,2860.6259765625,843025
2022-08-16,2971.7734375,1969492
2022-08-17,3004.5283203125,1510171
2022-08-18,3149.329833984375,3502295
2022-08-19,3125.912109375,6109949
2022-08-22,3047.419677734375,3473580
2022-08-23,3026.49853515625,4169136
2022-08-24,3130.35595703125,3475387
2022-08-25,3062.149658203125,3119494
2022-08-26,3135.24951171875,2897602
2022-08-29,3138.29541015625,1924984
2022-08-30,3189.974365234375,4392183
2022-09-01,3228.821044921875,1880363
2022-09-02,3351.203125,4835905
2022-09-05,3341.965576171875,3686950
2022-09-06,3431.093505859375,2580772
2022-09-07,3468.991455078125,2188110
2022-09-08,3458.056396484375,1560414
2022-09-09,3446.472412109375,1614634
2022-09-12,3459.05517578125,1647756
2022-09-13,3550.92919921875,3479669
2022-09-14,3567.206787109375,2740337
2022-09-15,3743.56494140625,4716688
2022-09-16,3697.12841796875,5687429
2022-09-19,3773.4736328125,3092486
2022-09-20,3829.297119140625,3338704
2022-09-21,3635.11376953125,6089846
2022-09-22,3711.209228515625,3490772
2022-09-23,3669.2666015625,3001474
2022-09-26,3581.287353515625,3123908
2022-09-27,3554.224609375,3546332
2022-09-28,3543.888671875,2259832
2022-09-29,3465.945556640625,15060223
2022-09-30,3451.016357421875,4307707
2022-10-03,3152.97509765625,7578847
2022-10-04,3233.264892578125,5642467
2022-10-06,3280.5,2845165
2022-10-07,3273.1103515625,1930275
2022-10-10,3241.802978515625,1590792
2022-10-11,3269.465087890625,2544394
2022-10-12,3219.23388671875,2972601
2022-10-13,3229.22021484375,1840193
2022-10-14,3205.103515625,1344415
2022-10-17,3208.199462890625,1985298
2022-10-18,3279.801025390625,1635079
2022-10-19,3272.7607421875,1396513
2022-10-20,3352.501220703125,2211287
2022-10-21,3307.363037109375,1120790
2022-10-24,3305.26611328125,248249
2022-10-25,3295.978759765625,879424
2022-10-27,3320.4453125,1106870
2022-10-28,3318.74755859375,1323334
2022-10-31,3342.8642578125,575722
2022-11-01,3570.8017578125,4393335
2022-11-02,3575.794921875,2534755
2022-11-03,3585.481689453125,1275216
2022-11-04,3827.9990234375,6112097
2022-11-07,3955.1748046875,5985652
2022-11-09,3991.724365234375,3732472
2022-11-10,3986.78125,2313795
2022-11-11,4003.358642578125,1476875
2022-11-14,4017.039794921875,1803092
2022-11-15,4052.241455078125,1065546
2022-11-16,3951.179931640625,3059841
2022-11-17,4012.6455078125,2266112
2022-11-18,4014.29345703125,1440776
2022-11-21,3996.3681640625,1492003
2022-11-22,4028.473876953125,1705043
2022-11-23,3897.953125,2861156
2022-11-24,3915.728759765625,2797181
2022-11-25,3895.756103515625,2506346
2022-11-28,3880.826416015625,1119166
2022-11-29,3873.087158203125,1513444
2022-11-30,3912.53271484375,1968428
2022-12-01,3909.737060546875,945838
2022-12-02,3917.126708984375,1297832
2022-12-05,3925.015625,2392866
2022-12-06,4026.27685546875,2962621
2022-12-07,3993.821533203125,1257261
2022-12-08,4019.486328125,895075
2022-12-09,3991.324951171875,2129800
2022-12-12,4011.197509765625,802499
2022-12-13,4054.637939453125,1215308
2022-12-14,4050.244140625,1114492
2022-12-15,4038.210693359375,866138
2022-12-16,3975.346923828125,1598960
2022-12-19,4069.71728515625,1643404
2022-12-20,4159.59423828125,3778426
2022-12-21,3896.60498046875,3585883
2022-12-22,3863.25048828125,2879658
2022-12-23,3637.21044921875,3036157
2022-12-26,3711.658447265625,2162662
2022-12-27,3764.48583984375,1804911
2022-12-28,3792.49755859375,1377950
2022-12-29,3805.380126953125,1531692
2022-12-30,3853.064453125,1528747
2023-01-02,3835.93798828125,923051
2023-01-03,3825.7021484375,799905
2023-01-04,3821.8076171875,1028377
2023-01-05,3824.5537109375,997006
2023-01-06,3819.01123046875,912159
2023-01-09,3850.0185546875,753981
2023-01-10,3641.904296875,3595798
2023-01-11,3630.819580078125,2226506
2023-01-12,3642.20361328125,1199785
2023-01-13,3716.05224609375,1364712
2023-01-16,3614.84130859375,1863848
2023-01-17,3634.36474609375,1668381
2023-01-18,3591.77294921875,3652240
2023-01-19,3458.805419921875,3696319
2023-01-20,3451.41552734375,1510258
2023-01-23,3431.642822265625,974857
2023-01-24,3437.284912109375,1518123
2023-01-25,3384.307373046875,3686439
2023-01-27,2757.667236328125,14764368
2023-01-30,2888.88720703125,20947906
2023-01-31,2969.826171875,11568020
2023-02-01,2132.4248046875,13525314
2023-02-02,1563.1058349609375,34474080
2023-02-03,1584.6263427734375,43885579
2023-02-06,1570.5455322265625,19308603
2023-02-07,1800.4801025390625,19188072
2023-02-08,2161.28515625,19173006
2023-02-09,1923.06201171875,18279862
2023-02-10,1844.419921875,11334878
2023-02-13,1715.2969970703125,12210940
2023-02-14,1747.3031005859375,14579030
2023-02-15,1776.6629638671875,7636578
2023-02-16,1794.138916015625,5578515
2023-02-17,1720.340087890625,5392513
2023-02-20,1619.228759765625,6762330
2023-02-21,1568.94775390625,5571915
2023-02-22,1402.925537109375,10606476
2023-02-23,1380.7559814453125,8907540
2023-02-24,1313.8477783203125,8736727
2023-02-27,1191.8651123046875,10271008
2023-02-28,1361.9818115234375,33948366
2023-03-01,1562.1572265625,20114340
2023-03-02,1605.04833984375,26970925
2023-03-03,1876.92529296875,22888891
2023-03-06,1980.1837158203125,27180456
2023-03-08,2036.85595703125,13568243
2023-03-09,1950.4744873046875,12627794
2023-03-10,1893.6024169921875,9419942
2023-03-13,1871.8323974609375,7572604
2023-03-14,1735.8189697265625,12679663
2023-03-15,1836.4808349609375,12296703
2023-03-16,1841.2742919921875,6509495
2023-03-17,1873.9794921875,5969594
2023-03-20,1802.4774169921875,5168139
2023-03-21,1821.7509765625,4094018
2023-03-22,1812.913330078125,3248124
2023-03-23,1791.5423583984375,4108804
2023-03-24,1738.265625,6187968
2023-03-27,1720.689697265625,5053055
2023-03-28,1598.6571044921875,8144878
2023-03-29,1738.0159912109375,9332702
2023-03-31,1748.052001953125,4893249
2023-04-03,1715.0972900390625,3445796
2023-04-05,1695.6739501953125,3690559
2023-04-06,1751.647216796875,6012473
2023-04-10,1794.7880859375,4197975
2023-04-11,1800.679931640625,2883672
2023-04-12,1844.719482421875,4809035
2023-04-13,1868.187255859375,3402280
2023-04-17,1876.1763916015625,2983032
2023-04-18,1848.4144287109375,2542401
2023-04-19,1851.3104248046875,2455884
2023-04-20,1840.37548828125,2016823
2023-04-21,1800.5301513671875,2090833
2023-04-24,1799.4815673828125,1963582
2023-04-25,1842.0731201171875,5364841
2023-04-26,1845.3687744140625,2422711
2023-04-27,1850.5115966796875,1782360
2023-04-28,1922.31298828125,6159130
2023-05-02,1917.219970703125,3813963
2023-05-03,1836.4808349609375,5849432
2023-05-04,1908.6318359375,4842127
2023-05-05,1917.66943359375,6137744
2023-05-08,1884.9144287109375,2835197
2023-05-09,1893.50244140625,2700563
2023-05-10,1889.5579833984375,1970906
2023-05-11,1981.9312744140625,8835941
2023-05-12,1962.008544921875,3816201
2023-05-15,1913.4251708984375,4836782
2023-05-16,1886.5621337890625,3058799
2023-05-17,1896.89794921875,3632797
2023-05-18,1887.4110107421875,2437396
2023-05-19,1953.3704833984375,7541150
2023-05-22,2322.91357421875,26311368
2023-05-23,2630.092041015625,28432888
2023-05-24,2472.208984375,23465761
2023-05-25,2533.97412109375,8434009
2023-05-26,2540.86474609375,3963515
2023-05-29,2530.578857421875,2779432
2023-05-30,2493.0302734375,1736953
2023-05-31,2489.9345703125,4268439
2023-06-01,2488.736083984375,1704946
2023-06-02,2441.70068359375,5543791
2023-06-05,2430.615966796875,2956768
2023-06-06,2430.316162109375,6473608
2023-06-07,2436.208251953125,2522516
2023-06-08,2425.822265625,3781621
2023-06-09,2447.792236328125,1948506
2023-06-12,2481.39599609375,2804898
2023-06-13,2459.1767578125,2210990
2023-06-14,2453.78369140625,1364403
2023-06-15,2482.2451171875,3744029
2023-06-16,2506.162353515625,7999982
2023-06-19,2398.110595703125,11475674
2023-06-20,2411.491943359375,2479711
2023-06-21,2402.654052734375,7418013
2023-06-22,2393.966064453125,8459191
2023-06-23,2230.490478515625,15213238
2023-06-26,2292.455322265625,7847341
2023-06-27,2281.32080078125,3361053
2023-06-28,2398.70947265625,28353193
2023-06-30,2384.77880859375,5125497
2023-07-03,2382.232177734375,2662358
2023-07-04,2384.42919921875,2308684
2023-07-05,2395.86328125,2198481
2023-07-06,2399.608154296875,2476366
2023-07-07,2377.491455078125,1823645
2023-07-10,2408.1142578125,3771285
2023-07-11,2420.7529296875,2247776
2023-07-12,2385.783935546875,1445282
2023-07-13,2359.95703125,1247741
2023-07-14,2373.994384765625,1353535
2023-07-17,2406.415771484375,3090373
2023-07-18,2414.75830078125,5978272
2023-07-19,2421.602294921875,1637260
2023-07-20,2417.605712890625,1564275
2023-07-21,2414.158935546875,2280563
2023-07-24,2416.05712890625,1113193
2023-07-25,2464.464111328125,3017555
2023-07-26,2468.560546875,4021773
2023-07-27,2426.248046875,2243944
2023-07-28,2461.017333984375,2339800
2023-07-31,2489.991455078125,3359974
2023-08-01,2478.9013671875,1575727
2023-08-02,2471.358154296875,2506971
2023-08-03,2530.35595703125,4720470
2023-08-04,2539.547607421875,3294056
2023-08-07,2548.239990234375,4684333
2023-08-08,2472.357421875,6127920
2023-08-09,2504.878662109375,5781400
2023-08-10,2550.13818359375,8140756
2023-08-11,2537.249755859375,7157372
2023-08-14,2453.823486328125,9786919
2023-08-16,2442.93359375,7084828
2023-08-17,2477.50244140625,7769452
2023-08-18,2575.115966796875,14679923
2023-08-21,2637.410888671875,10479200
2023-08-22,2695.6591796875,10291468
2023-08-23,2528.057861328125,5251316
2023-08-24,2537.2998046875,4558367
2023-08-25,2493.53857421875,2808721
2023-08-28,2470.259033203125,4457038
2023-08-29,2504.22900390625,4802150
2023-08-30,2510.873291015625,6484593
2023-08-31,2417.106201171875,6230369
2023-09-01,2447.87890625,6764397
2023-09-04,2468.410888671875,5998454
2023-09-05,2491.83984375,6489319
2023-09-06,2494.287841796875,7416248
2023-09-07,2507.2763671875,4298988
2023-09-08,2517.067626953125,5640973
2023-09-11,2612.6328125,9148241
2023-09-12,2533.453125,5658774
2023-09-13,2516.66796875,1780068
2023-09-14,2517.567138671875,1218481
2023-09-15,2537.79931640625,1547001
2023-09-18,2500.232421875,861677
2023-09-20,2468.11083984375,1203019
2023-09-21,2477.052978515625,1279908
2023-09-22,2462.715576171875,865589
2023-09-25,2479.900634765625,1216898
2023-09-26,2455.771728515625,698863
2023-09-27,2481.099609375,1077373
2023-09-28,2473.056640625,2225560
2023-09-29,2411.760986328125,1689201
2023-10-03,2385.134521484375,2019899
2023-10-04,2462.765625,2857377
2023-10-05,2464.16455078125,1132455
2023-10-06,2475.904296875,1510035
2023-10-09,2440.435791015625,1408224
2023-10-10,2496.08642578125,1771910
2023-10-11,2486.394775390625,1627836
2023-10-12,2504.129150390625,1804818
2023-10-13,2452.375,2278682
2023-10-16,2427.197265625,803856
2023-10-17,2426.248046875,707543
2023-10-18,2404.2177734375,776977
2023-10-19,2400.0712890625,1168822
2023-10-20,2391.62890625,1240350
2023-10-23,2306.60400390625,1483549
2023-10-25,2255.0,1540819
2023-10-26,2201.24755859375,2226073
2023-10-27,2259.69580078125,1244293
2023-10-30,2297.06298828125,996448
2023-10-31,2292.61669921875,1155280
2023-11-01,2215.335205078125,1666579
2023-11-02,2213.337158203125,2340997
2023-11-03,2227.8740234375,1853300
2023-11-06,2244.009765625,770061
2023-11-07,2231.37109375,641554
2023-11-08,2257.947265625,1169180
2023-11-09,2212.6875,1267890
2023-11-10,2203.14599609375,1072597
2023-11-13,2211.688232421875,853633
2023-11-15,2223.427978515625,696475
2023-11-16,2203.9453125,1307584
2023-11-17,2206.8427734375,916518
2023-11-20,2147.94482421875,1577213
2023-11-21,2194.70361328125,1839502
2023-11-22,2170.724609375,1247205
2023-11-23,2173.322509765625,729114
2023-11-24,2223.477783203125,1946259
2023-11-28,2421.352294921875,11972275
2023-11-29,2394.476318359375,4561574
2023-11-30,2356.4599609375,2983879
2023-12-01,2360.6064453125,1792983
2023-12-04,2528.95703125,5681516
2023-12-05,2956.727783203125,22879079
2023-12-06,2881.394287109375,19355777
2023-12-07,2884.591552734375,6325887
2023-12-08,2819.649169921875,6959428
2023-12-11,2853.269287109375,5064123
2023-12-12,2855.11767578125,2017772
2023-12-13,2872.50244140625,2805832
2023-12-14,2891.485595703125,3224681
2023-12-15,2989.14892578125,4921484
2023-12-18,2977.958984375,2315922
2023-12-19,2938.643798828125,1741493
2023-12-20,2781.38330078125,3417739
2023-12-21,2797.26904296875,2678577
2023-12-22,2805.861572265625,1513956
2023-12-26,2862.910888671875,2048484
2023-12-27,2840.83056640625,1698325
2023-12-28,2807.409912109375,4102912
2023-12-29,2846.42529296875,1507086
2024-01-01,2914.614990234375,2898619
2024-01-02,2929.801513671875,2671368
2024-01-03,3000.339111328125,19725411
2024-01-04,2995.64306640625,2975620
2024-01-05,3003.935791015625,3219949
2024-01-08,2960.8740234375,1849061
2024-01-09,3011.9287109375,2885706
2024-01-10,3095.45458984375,3590297
2024-01-11,3078.169921875,2008103
2024-01-12,3101.349609375,1795933
2024-01-15,3086.76220703125,1407007
2024-01-16,3053.79150390625,2515564
2024-01-17,2968.417236328125,2897218
2024-01-18,2916.313232421875,2552342
2024-01-19,2913.06640625,2014096
2024-01-23,2893.9833984375,1827002
2024-01-24,2900.877197265625,5807940
2024-01-25,2891.0361328125,2601969
2024-01-29,3061.934326171875,4402976
2024-01-30,3088.361083984375,3115506
2024-01-31,3139.2158203125,2671051
2024-02-01,3150.70556640625,4686595
2024-02-02,3154.65185546875,2708695
2024-02-05,3170.637939453125,2191195
2024-02-06,3200.910888671875,2078891
2024-02-07,3226.988037109375,2095911
2024-02-08,3165.79248046875,1679004
2024-02-09,3212.350830078125,1572789
2024-02-12,3166.941162109375,1083138
2024-02-13,3175.633544921875,1225207
2024-02-14,3204.35791015625,1741264
2024-02-15,3190.969970703125,2035204
2024-02-16,3220.74365234375,2193673
2024-02-19,3255.912353515625,1779444
2024-02-20,3225.7392578125,1467630
2024-02-21,3220.34375,1657021
2024-02-22,3260.158447265625,1138722
2024-02-23,3270.3994140625,1975035
2024-02-26,3324.80126953125,1695378
2024-02-27,3299.373779296875,1125570
2024-02-28,3216.1474609375,1358879
2024-02-29,3282.48876953125,1352988
2024-03-01,3315.80908203125,1161067
2024-03-04,3314.21044921875,1061244
2024-03-05,3307.2666015625,1190416
2024-03-06,3231.084228515625,1935203
2024-03-07,3223.69091796875,856328
2024-03-11,3204.508056640625,738851
2024-03-12,3119.73291015625,1199487
2024-03-13,2903.624755859375,3407040
2024-03-14,3084.714111328125,3759100
2024-03-15,3129.424560546875,2199094
2024-03-18,3108.99267578125,3042515
2024-03-19,3049.994873046875,1460452
2024-03-20,3048.745849609375,966481
2024-03-21,3063.78271484375,1175751
2024-03-22,3104.946044921875,951557
2024-03-26,3107.194091796875,937103
2024-03-27,3119.33349609375,900231
2024-03-28,3194.26708984375,2327053
2024-04-01,3249.21826171875,1292646
2024-04-02,3265.853515625,868829
2024-04-03,3230.584716796875,1153109
2024-04-04,3207.954833984375,1403826
2024-04-05,3221.942626953125,755607
2024-04-08,3221.692626953125,577440
2024-04-09,3195.61572265625,833679
2024-04-10,3239.127197265625,1441138
2024-04-12,3207.055419921875,705173
2024-04-15,3144.660888671875,1035378
2024-04-16,3103.647216796875,1134184
2024-04-18,3016.624755859375,1703646
2024-04-19,3024.267578125,1727317
2024-04-22,3060.635498046875,993929
2024-04-23,3062.384033203125,1654272
2024-04-24,3040.85302734375,605917
2024-04-25,3112.489501953125,1515529
2024-04-26,3077.67041015625,662764
2024-04-29,3078.4697265625,648544
2024-04-30,3051.9931640625,804552
2024-05-02,3036.906494140625,2219085
2024-05-03,2990.597412109375,1472168
2024-05-06,2872.1025390625,2377944
2024-05-07,2833.43701171875,1262311
2024-05-08,2858.015380859375,951411
2024-05-09,2764.1982421875,1485510
2024-05-10,2794.771240234375,2354794
2024-05-13,2877.04833984375,3784373
2024-05-14,3034.8583984375,5725807
2024-05-15,3047.047607421875,1688836
2024-05-16,3038.95458984375,1835312
2024-05-17,3057.7880859375,825436
2024-05-21,3114.7373046875,3091659
2024-05-22,3138.166748046875,3371077
2024-05-23,3384.298583984375,6979082
2024-05-24,3381.950439453125,3473668
2024-05-27,3286.135498046875,2582485
2024-05-28,3241.175537109375,1621168
2024-05-29,3255.912353515625,1910729
2024-05-30,3191.419677734375,1990208
2024-05-31,3408.3271484375,6384589
2024-06-03,3642.02001953125,8511359
2024-06-04,2938.643798828125,20306909
2024-06-05,3112.589599609375,8778345
2024-06-06,3182.826904296875,5873271
2024-06-07,3216.697021484375,4740455
2024-06-10,3217.24658203125,4935698
2024-06-11,3218.3955078125,4173692
2024-06-12,3216.197509765625,3022477
2024-06-13,3221.942626953125,3202978
2024-06-14,3260.1337890625,4224855
2024-06-18,3307.410400390625,1755612
2024-06-19,3260.28369140625,1419264
2024-06-20,3257.8349609375,1366545
2024-06-21,3187.7197265625,4697655
2024-06-24,3193.01708984375,3261647
2024-06-25,3169.52880859375,1694962
2024-06-26,3168.928955078125,2142889
2024-06-27,3173.57666015625,5114980
2024-06-28,3175.57568359375,960905
2024-07-01,3182.222412109375,832170
2024-07-02,3151.637451171875,1490844
2024-07-03,3189.368896484375,1152522
2024-07-04,3142.692138671875,1055391
2024-07-05,3146.340087890625,663988
2024-07-08,3112.057373046875,1155112
2024-07-09,3109.208740234375,922403
2024-07-10,3094.466064453125,586710
2024-07-11,3076.774658203125,899781
2024-07-12,3063.93115234375,756036
2024-07-15,3088.86865234375,724171
2024-07-16,3107.759521484375,988357
2024-07-18,3090.667724609375,1021653
2024-07-19,3004.210693359375,1026941
2024-07-22,2999.36328125,662085
2024-07-23,2993.865966796875,1443331
2024-07-24,2969.22802734375,693702
2024-07-25,2972.026611328125,1105721
2024-07-26,3078.9736328125,1942427
2024-07-29,3087.8193359375,1037474
2024-07-30,3127.19970703125,1647048
2024-07-31,3167.82958984375,2414005
2024-08-01,3215.65576171875,6149883
2024-08-02,3159.333740234375,3360209
2024-08-05,3036.694580078125,2238921
2024-08-06,3071.177490234375,2125201
2024-08-07,3184.371337890625,1868169
2024-08-08,3165.98046875,2139376
2024-08-09,3185.970703125,760165
2024-08-12,3150.188232421875,10307245
2024-08-13,3090.667724609375,2192588
2024-08-14,3038.59375,1232383
2024-08-16,3107.259765625,970067
2024-08-19,3101.0126953125,557265
2024-08-20,3069.12841796875,662263
2024-08-21,3114.15625,1379240
2024-08-22,3097.514404296875,1378912
2024-08-23,3074.82568359375,1375224
2024-08-26,3067.479248046875,1632446
2024-08-27,3065.580322265625,1310440
2024-08-28,3026.499755859375,1569652
2024-08-29,3018.6533203125,1853966
2024-08-30,3017.85400390625,3509174
2024-09-02,3040.642578125,1842658
2024-09-03,3034.595703125,1371577
2024-09-04,3010.857421875,1212270
2024-09-05,3013.85595703125,734273
2024-09-06,2973.9755859375,1251165
2024-09-09,2962.68115234375,1523581
2024-09-10,2984.920166015625,803782
2024-09-11,2936.39453125,888628
2024-09-12,2989.51806640625,1314173
2024-09-13,2966.87939453125,815948
2024-09-16,2983.4208984375,695162
2024-09-17,2973.725830078125,698700
2024-09-18,2954.835205078125,831891
2024-09-19,2941.691650390625,1655401
2024-09-20,3007.00927734375,1787210
2024-09-23,3042.441650390625,897314
2024-09-24,3092.366943359375,1021918
2024-09-25,3103.5615234375,913008
2024-09-26,3121.1025390625,1548019
2024-09-27,3128.7490234375,2297441
2024-09-30,3134.29638671875,1607429
2024-10-01,3184.521484375,1367116
2024-10-03,3114.4560546875,1309703
2024-10-04,3109.108642578125,987583
2024-10-07,3016.504638671875,1743454
2024-10-08,3159.1337890625,1776511
2024-10-09,3152.187255859375,897335
2024-10-10,3172.627197265625,2905725
2024-10-11,3135.6455078125,1035260
2024-10-14,3099.5634765625,437728
2024-10-15,3103.16162109375,371613
2024-10-16,3084.370849609375,543476
2024-10-17,3012.256591796875,2655289
2024-10-18,3000.512451171875,796339
2024-10-21,2936.1943359375,1051690
2024-10-22,2822.40087890625,1209732
2024-10-23,2834.14501953125,1270530
2024-10-24,2828.797607421875,942066
2024-10-25,2692.115478515625,1954174
2024-10-28,2797.26318359375,1385033
2024-10-29,2847.188720703125,1529844
2024-10-30,2967.828857421875,2884272
2024-10-31,2945.78955078125,1156390
2024-11-01,2948.03857421875,304673
2024-11-04,2895.96435546875,1059384
2024-11-05,2914.10546875,752303
2024-11-06,3044.74072265625,1676755
2024-11-07,2968.62841796875,1285585
2024-11-08,2927.648681640625,835641
2024-11-11,2902.211181640625,584144
2024-11-12,2868.577880859375,597231
2024-11-13,2815.30419921875,890146
2024-11-14,2825.3994140625,646797
2024-11-18,2817.30322265625,489692
2024-11-19,2820.10205078125,536296
2024-11-21,2182.56787109375,21796668
2024-11-22,2226.89599609375,20939196
2024-11-25,2256.38134765625,7466733
2024-11-26,2149.434326171875,7723187
2024-11-27,2396.612060546875,17502156
2024-11-28,2435.892578125,14445549
2024-11-29,2461.929443359375,8191680
2024-12-02,2455.83251953125,3807565
2024-12-03,2512.9541015625,4070042
2024-12-04,2493.513916015625,2344949
2024-12-05,2521.300048828125,3333144
2024-12-06,2505.157958984375,1240437
2024-12-09,2494.613525390625,958369
2024-12-10,2465.9775390625,1119816
2024-12-11,2456.032470703125,712674
2024-12-12,2502.859375,2579624
2024-12-13,2526.297607421875,1940935
2024-12-16,2511.155029296875,654321
2024-12-17,2486.367431640625,1061891
2024-12-18,2456.182373046875,990217
2024-12-19,2418.1513671875,1181898
2024-12-20,2343.7880859375,1337016
2024-12-23,2337.791015625,758920
2024-12-24,2371.2744140625,1156186
2024-12-26,2399.060791015625,895785
2024-12-27,2408.755859375,1982291
2024-12-30,2591.065673828125,7825097
2024-12-31,2527.39697265625,2745674
2025-01-01,2553.584228515625,2875721
2025-01-02,2596.412841796875,1167236
2025-01-03,2563.329345703125,932795
2025-01-06,2473.223876953125,1121398
2025-01-07,2519.301025390625,1019130
2025-01-08,2514.003662109375,879641
2025-01-09,2476.672119140625,705838
2025-01-10,2373.223388671875,1418808
2025-01-13,2224.04736328125,1559903
2025-01-14,2379.37060546875,4120705
2025-01-15,2386.966552734375,1421437
2025-01-16,2426.647216796875,2841803
2025-01-17,2398.611083984375,1122205
2025-01-20,2441.589599609375,1039435
2025-01-21,2383.11865234375,1206512
2025-01-22,2375.37255859375,1147334
2025-01-23,2383.818359375,826721
2025-01-24,2313.952880859375,1388583
2025-01-27,2258.580322265625,1032995
2025-01-28,2284.917236328125,966497
2025-01-29,2317.451171875,785220
2025-01-30,2251.48388671875,2601625
2025-01-31,2286.66650390625,2013345
2025-02-01,2268.875244140625,987362
2025-02-03,2260.729248046875,824942
2025-02-04,2300.359619140625,691187
2025-02-05,2323.4482421875,560940
2025-02-06,2311.30419921875,680544
2025-02-07,2337.64111328125,892884
2025-02-10,2289.6650390625,739708
2025-02-11,2320.599609375,4895456
2025-02-12,2352.283935546875,1933098
2025-02-13,2243.587646484375,2551665
2025-02-14,2151.583251953125,2549876
2025-02-17,2222.59814453125,1400160
2025-02-18,2219.199951171875,1138085
2025-02-19,2179.719482421875,1203163
2025-02-20,2177.92041015625,1086670
2025-02-21,2132.043212890625,1540308
2025-02-24,2114.101806640625,1032294
2025-02-25,2128.794677734375,802131
2025-02-27,2109.904052734375,941950
2025-02-28,2094.96142578125,2373922
2025-03-03,2116.051025390625,1592611
2025-03-04,2143.7373046875,852978
2025-03-05,2244.7373046875,1370106
2025-03-06,2251.73388671875,890270
2025-03-07,2246.386474609375,818806
2025-03-10,2227.196044921875,940113
2025-03-11,2249.48486328125,947079
2025-03-12,2240.689208984375,1049076
2025-03-13,2219.99951171875,750310
2025-03-17,2251.583740234375,927737
2025-03-18,2251.583740234375,0
2025-03-19,2317.5009765625,1030345
2025-03-20,2338.140869140625,2587050
2025-03-21,2361.62939453125,1101418
2025-03-24,2367.5263671875,1010184
2025-03-25,2319.200439453125,763065
2025-03-26,2311.4541015625,1078870
2025-03-27,2362.178955078125,1696042
2025-03-28,2314.652587890625,1838836
2025-04-01,2334.093017578125,501942
2025-04-02,2368.225830078125,573928
2025-04-03,2409.60546875,1023200
2025-04-04,2333.4931640625,1219733
2025-04-07,2211.603515625,1567177
2025-04-08,2284.5673828125,1224337
2025-04-09,2235.79150390625,1001633
2025-04-11,2320.249755859375,981463
2025-04-15,2417.001708984375,1145125
2025-04-16,2414.403076171875,889949
2025-04-17,2416.90185546875,1054797
2025-04-21,2441.489501953125,782559
2025-04-22,2444.288330078125,766567
2025-04-23,2452.38427734375,672262
2025-04-24,2441.289794921875,596626
2025-04-25,2353.133544921875,1414809
2025-04-28,2368.625732421875,681421
2025-04-29,2329.4453125,670730
2025-04-30,2300.15966796875,837464
2025-05-02,2297.9609375,1695797
2025-05-05,2454.283203125,4227194
2025-05-06,2352.83349609375,1524692
2025-05-07,2351.93408203125,1012640
2025-05-08,2284.167724609375,1380069
2025-05-09,2249.884765625,1006000
2025-05-12,2424.098388671875,2147039
2025-05-13,2439.990234375,1815174
2025-05-14,2460.679931640625,774441
2025-05-15,2518.75146484375,1554800
2025-05-16,2553.734130859375,1641135
2025-05-19,2539.34130859375,680957
2025-05-20,2500.360595703125,628023
2025-05-21,2499.160888671875,529234
2025-05-22,2486.367431640625,906909
2025-05-23,2538.741455078125,968415
2025-05-26,2546.4375,552912
2025-05-27,2539.041259765625,514936
2025-05-28,2513.75390625,575989
2025-05-29,2539.541015625,802317
2025-05-30,2518.6513671875,684592
2025-06-02,2517.552001953125,1008716
2025-06-03,2469.675537109375,962656
2025-06-04,2488.16650390625,552667
2025-06-05,2503.158935546875,673209
2025-06-06,2532.9443359375,640680
2025-06-09,2580.82080078125,1711167
2025-06-10,2611.805419921875,2084054
2025-06-11,2579.9208984375,745432
2025-06-12,2542.439453125,955097
2025-06-13,2507.89990234375,695869
2025-06-16,2544.0,956459
2025-06-17,2488.5,703343
2025-06-18,2459.10009765625,667044
2025-06-19,2420.60009765625,688209
2025-06-20,2448.39990234375,3002549
2025-06-23,2472.0,790533
2025-06-24,2505.60009765625,996372
2025-06-25,2527.199951171875,921346
2025-06-26,2586.199951171875,1339627
2025-06-27,2646.300048828125,4049316
2025-06-30,2619.39990234375,694814
2025-07-01,2621.800048828125,729197
2025-07-02,2630.199951171875,621409
2025-07-03,2611.199951171875,502724
2025-07-04,2599.10009765625,370305
2025-07-07,2576.10009765625,412159
2025-07-08,2591.300048828125,357686
2025-07-09,2583.0,396880
2025-07-10,2581.0,306565
2025-07-11,2558.699951171875,390645
2025-07-14,2581.300048828125,536585
2025-07-15,2598.199951171875,379425
2025-07-16,2608.5,686644
2025-07-17,2616.60009765625,785771
2025-07-18,2596.10009765625,479942
2025-07-21,2619.5,369782
2025-07-22,2587.800048828125,387055
2025-07-23,2614.5,316424
2025-07-24,2608.39990234375,253782
2025-07-25,2550.10009765625,424612
2025-07-28,2522.300048828125,428409
2025-07-29,2547.89990234375,424781
2025-07-30,2532.89990234375,262063
2025-07-31,2430.699951171875,1457616
2025-08-01,2350.89990234375,976341
2025-08-04,2363.60009765625,576426
2025-08-05,2328.199951171875,576742
2025-08-06,2300.300048828125,631582
2025-08-07,2249.800048828125,1529410
2025-08-08,2178.10009765625,2552736
2025-08-11,2283.39990234375,2376286
2025-08-12,2288.199951171875,1075526
2025-08-13,2280.10009765625,833679
2025-08-14,2281.60009765625,998109
2025-08-18,2333.60009765625,988629
2025-08-19,2388.39990234375,1069432
2025-08-20,2387.10009765625,780025
2025-08-21,2377.199951171875,441867
2025-08-22,2324.89990234375,584211
2025-08-25,2302.89990234375,542455
2025-08-26,2272.0,1071550
2025-08-28,2275.199951171875,907868
2025-08-29,2244.699951171875,795699
2025-09-01,2284.199951171875,425639
2025-09-02,2274.199951171875,481894
2025-09-03,2288.699951171875,443629
2025-09-04,2278.800048828125,392697
2025-09-05,2281.39990234375,443010
2025-09-08,2310.89990234375,542811
2025-09-09,2311.60009765625,369431
2025-09-10,2340.199951171875,390490
2025-09-11,2398.800048828125,2111888
2025-09-12,2392.0,533971
2025-09-15,2383.39990234375,298129
2025-09-16,2399.39990234375,752979
2025-09-17,2402.0,514354
2025-09-18,2402.0,703730
2025-09-19,2524.0,7965135
2025-09-22,2629.5,7022985
2025-09-23,2676.39990234375,5610022
2025-09-24,2619.800048828125,1720785
2025-09-25,2576.39990234375,1489682
2025-09-26,2543.699951171875,1037808
2025-09-29,2509.5,1012402
2025-09-30,2505.89990234375,712592
2025-10-01,2592.699951171875,1573485
2025-10-03,2589.89990234375,917651
2025-10-06,2573.5,654955
2025-10-07,2542.199951171875,1120230
2025-10-08,2524.10009765625,1063357
2025-10-09,2542.39990234375,651703
2025-10-10,2550.89990234375,690142
2025-10-13,2527.39990234375,645483
2025-10-14,2517.0,673048
2025-10-15,2532.800048828125,759772
2025-10-16,2557.60009765625,1020102
2025-10-17,2549.39990234375,682968
2025-10-20,2548.10009765625,747349
2025-10-21,2549.89990234375,101019
2025-10-23,2545.800048828125,852445
2025-10-24,2504.199951171875,473765
2025-10-27,2492.800048828125,478055
2025-10-28,2494.39990234375,626988
2025-10-29,2537.39990234375,1526734
2025-10-30,2526.89990234375,783328
2025-10-31,2481.0,848642
2025-11-03,2467.0,731108
2025-11-04,2419.800048828125,2072668
2025-11-06,2314.300048828125,1978147
2025-11-07,2369.39990234375,2232889
2025-11-10,2298.358154296875,577428
2025-11-11,2294.5771484375,654132
2025-11-12,2408.685546875,6895852
2025-11-13,2412.272705078125,2791508
2025-11-14,2440.0,4637753
2025-11-17,2462.0,2672697
2025-11-18,2436.800048828125,1245215
2025-11-19,2433.10009765625,774785
2025-11-20,2446.10009765625,1526556
2025-11-21,2422.300048828125,547541
2025-11-24,2399.199951171875,691419
2025-11-25,2332.89990234375,2223715
2025-11-26,2315.0,1026965
2025-11-27,2255.0,1474038
2025-11-28,2280.199951171875,3037620
2025-12-01,2262.0,1313265
2025-12-02,2239.60009765625,1035354
2025-12-03,2189.800048828125,1643852
2025-12-04,2217.89990234375,2522821
2025-12-05,2265.39990234375,2400781
2025-12-08,2216.199951171875,939764
2025-12-09,2245.199951171875,1227728
2025-12-10,2211.60009765625,935149
2025-12-11,2277.699951171875,1519832
2025-12-12,2282.39990234375,929199
2025-12-15,2278.89990234375,573027
2025-12-16,2247.89990234375,654714
2025-12-17,2232.5,651509
2025-12-18,2229.300048828125,508238
2025-12-19,2239.0,880005
2025-12-22,2263.5,599195
2025-12-23,2248.800048828125,450112
2025-12-24,2222.699951171875,825693
2025-12-26,2229.89990234375,566237
2025-12-29,2203.199951171875,690691
2025-12-30,2214.699951171875,935026
2025-12-31,2239.699951171875,779141
2026-01-01,2260.0,1046220
2026-01-02,2279.800048828125,715242
2026-01-05,2279.5,696380
2026-01-06,2259.10009765625,698294
2026-01-07,2274.10009765625,529451
2026-01-08,2214.0,792800
2026-01-09,2153.699951171875,1570376
2026-01-12,2171.60009765625,1257197
2026-01-13,2158.5,791556
2026-01-14,2153.300048828125,618139
2026-01-15,2153.300048828125,0
2026-01-16,2157.300048828125,758469
2026-01-19,2134.60009765625,749495
2026-01-20,2055.10009765625,1160975
2026-01-21,2032.199951171875,1354644
2026-01-22,2086.39990234375,942721
2026-01-23,1864.199951171875,7492631
2026-01-27,1959.5,5449633
2026-01-28,1994.699951171875,2073198
2026-01-29,2019.199951171875,1391239
2026-01-30,2020.4000244140625,1230915
2026-02-02,1995.4000244140625,1229270
2026-02-03,2202.60009765625,6918581
2026-02-04,2228.199951171875,2051918
2026-02-05,2236.60009765625,992382
2026-02-06,2226.39990234375,933650
2026-02-09,2250.10009765625,1650899
2026-02-10,2228.39990234375,1670672
2026-02-11,2234.39990234375,682320
2026-02-12,2211.800048828125,649585
2026-02-13,2136.60009765625,1489548
2026-02-16,2184.60009765625,1824808
2026-02-17,2242.89990234375,1931699
2026-02-18,2211.199951171875,1149398
2026-02-19,2156.699951171875,1101633
2026-02-20,2160.800048828125,738454
2026-02-23,2191.0,1103960
