date,adj_close,volume
2015-01-01,486.9628601074219,1351985
2015-01-02,497.85308837890625,3852825
2015-01-05,500.9991455078125,2561430
2015-01-06,483.09075927734375,5284530
2015-01-07,482.7035827636719,4245189
2015-01-08,485.8980407714844,5637844
2015-01-09,479.1219177246094,5078463
2015-01-12,485.5108337402344,2290147
2015-01-13,488.36651611328125,4069260
2015-01-14,483.6231994628906,2973231
2015-01-15,497.6111145019531,6670800
2015-01-16,498.3371276855469,6920742
2015-01-19,512.0347290039062,6113156
2015-01-20,533.7666625976562,6934581
2015-01-21,529.7493896484375,4459351
2015-01-22,546.6898193359375,5546866
2015-01-23,547.0770874023438,4975114
2015-01-27,573.1651611328125,5376830
2015-01-28,571.713134765625,6370073
2015-01-29,580.3285522460938,5424486
2015-01-30,569.29296875,4497194
2015-02-02,597.5592041015625,6307718
2015-02-03,567.8410034179688,9290016
2015-02-04,540.7364501953125,10773056
2015-02-05,547.802978515625,6865785
2015-02-06,545.1410522460938,7706020
2015-02-09,535.8963012695312,4334546
2015-02-10,536.3802490234375,9809275
2015-02-11,551.0458984375,6200994
2015-02-12,560.2420654296875,5849894
2015-02-13,562.516845703125,4633409
2015-02-16,552.0621948242188,4284303
2015-02-18,551.2879028320312,4695905
2015-02-19,547.1737670898438,5349212
2015-02-20,543.5436401367188,6025707
2015-02-23,531.4918212890625,6089272
2015-02-24,534.15380859375,6155111
2015-02-25,535.3154296875,4185156
2015-02-26,534.6378173828125,5579001
2015-02-27,549.0130615234375,5791546
2015-03-02,626.8419189453125,13205219
2015-03-03,611.2083129882812,6817671
2015-03-04,593.15478515625,10097232
2015-03-05,597.0751953125,6914112
2015-03-09,572.6810913085938,6043383
2015-03-10,566.7279663085938,5791801
2015-03-11,565.1790771484375,5816344
2015-03-12,565.4208984375,4512080
2015-03-13,551.7718505859375,6749149
2015-03-16,550.4165649414062,6445254
2015-03-17,561.548828125,5627580
2015-03-18,562.662109375,5847672
2015-03-19,545.5282592773438,7705218
2015-03-20,538.461669921875,8160665
2015-03-23,537.4451904296875,4191424
2015-03-24,540.2039794921875,6309451
2015-03-25,544.2213134765625,5578540
2015-03-26,526.8937377929688,9233047
2015-03-27,528.9266357421875,10655577
2015-03-30,545.5282592773438,6631597
2015-03-31,542.2852783203125,5970862
2015-04-01,551.4330444335938,3753262
2015-04-06,550.8522338867188,4305263
2015-04-07,540.0104370117188,6754389
2015-04-08,538.122802734375,5750765
2015-04-09,553.8531494140625,9653162
2015-04-10,549.8842163085938,4938698
2015-04-13,547.8997802734375,4596222
2015-04-15,532.6051025390625,8869483
2015-04-16,533.1858520507812,7288785
2015-04-17,516.6327514648438,6618167
2015-04-20,501.6768493652344,7836613
2015-04-21,506.4684753417969,7204472
2015-04-22,522.8280029296875,6947536
2015-04-23,520.9888305664062,5464184
2015-04-24,510.38897705078125,6533254
2015-04-27,507.43658447265625,7839080
2015-04-28,517.89111328125,6322607
2015-04-29,534.2991943359375,9301407
2015-04-30,549.6422119140625,15658642
2015-05-04,550.1746215820312,4309985
2015-05-05,547.7545776367188,5385676
2015-05-06,525.9256591796875,7698992
2015-05-07,510.4857482910156,5848608
2015-05-08,523.505615234375,10010992
2015-05-11,533.4762573242188,6700085
2015-05-12,515.325927734375,4943428
2015-05-13,540.6395874023438,7971625
2015-05-14,538.0744018554688,4929250
2015-05-15,544.0761108398438,5825462
2015-05-18,549.351806640625,3944770
2015-05-19,543.4953002929688,6047850
2015-05-20,540.397705078125,4763209
2015-05-21,552.2074584960938,6157883
2015-05-22,550.465087890625,4265332
2015-05-25,544.1245727539062,3426379
2015-05-26,546.2057495117188,2475418
2015-05-27,559.3223876953125,4120709
2015-05-28,556.273193359375,8272414
2015-05-29,566.6793823242188,3421723
2015-06-01,559.95166015625,3142413
2015-06-02,535.4122924804688,6978299
2015-06-03,533.2826538085938,5114150
2015-06-04,538.6068115234375,7432416
2015-06-05,530.862548828125,7028734
2015-06-08,535.8963012695312,6286247
2015-06-09,540.833251953125,5252618
2015-06-10,546.44775390625,7919473
2015-06-11,529.2654418945312,7608358
2015-06-12,533.8150634765625,5518696
2015-06-15,532.4598388671875,5896234
2015-06-16,533.5247192382812,6283177
2015-06-17,531.6854248046875,4522392
2015-06-18,532.4598388671875,5579425
2015-06-19,533.911865234375,6783585
2015-06-22,553.8531494140625,7325101
2015-06-23,553.0302734375,6608481
2015-06-24,553.223876953125,5427984
2015-06-25,551.8201904296875,5953158
2015-06-26,547.4158325195312,4432487
2015-06-29,544.7052612304688,5390158
2015-06-30,541.0751953125,5479844
2015-07-01,560.1453247070312,7663185
2015-07-02,565.32421875,9886455
2015-07-03,567.2118530273438,4422432
2015-07-06,565.5177612304688,4973984
2015-07-07,567.4537353515625,4969526
2015-07-08,558.209228515625,6414143
2015-07-09,557.8677368164062,3602432
2015-07-10,564.1127319335938,6853759
2015-07-13,567.8697509765625,5161182
2015-07-14,569.7725219726562,4566647
2015-07-15,569.8701171875,3307716
2015-07-16,593.9237060546875,14142842
2015-07-17,587.5321044921875,5847889
2015-07-20,585.385498046875,4688323
2015-07-21,570.5044555664062,4375934
2015-07-22,575.5784912109375,5900119
2015-07-23,569.626220703125,5569255
2015-07-24,566.406005859375,13673495
2015-07-27,542.3524169921875,9829067
2015-07-28,547.6704711914062,8129213
2015-07-29,553.4766845703125,4635380
2015-07-30,552.0128173828125,6484751
2015-07-31,559.6240844726562,6283549
2015-08-03,562.7467651367188,4355574
2015-08-04,566.0643920898438,5903968
2015-08-05,566.3572387695312,3419273
2015-08-06,570.6019287109375,3125993
2015-08-07,566.259521484375,2298504
2015-08-10,561.966064453125,2402572
2015-08-11,557.4285278320312,3168648
2015-08-12,544.352783203125,4787034
2015-08-13,553.818115234375,5982710
2015-08-14,556.2088012695312,7528941
2015-08-17,547.81689453125,4466163
2015-08-18,547.76806640625,2952439
2015-08-19,540.595947265625,4135059
2015-08-20,520.4943237304688,8909772
2015-08-21,512.5902709960938,10454764
2015-08-24,470.38677978515625,17627734
2015-08-25,490.7810974121094,14248966
2015-08-26,483.60894775390625,6910566
2015-08-27,496.9286804199219,11302689
2015-08-28,495.8552551269531,10015309
2015-08-31,495.4649353027344,6111825
2015-09-01,468.48394775390625,8843551
2015-09-02,455.3105773925781,11537443
2015-09-03,475.1194763183594,8651466
2015-09-04,456.6767272949219,8969600
2015-09-07,438.9658508300781,9743637
2015-09-08,462.4339599609375,12602488
2015-09-09,474.48516845703125,11672474
2015-09-10,470.9234924316406,8384392
2015-09-11,469.60614013671875,7212180
2015-09-14,484.19439697265625,5537347
2015-09-15,470.2403869628906,9567400
2015-09-16,482.2915344238281,7293528
2015-09-18,504.9302978515625,18814281
2015-09-21,515.2250366210938,7516002
2015-09-22,497.3677978515625,7358434
2015-09-23,499.3193664550781,7602683
2015-09-24,501.5149841308594,6911468
2015-09-28,494.4403991699219,6526803
2015-09-29,492.2936096191406,19935063
2015-09-30,483.65771484375,12199436
2015-10-01,484.24322509765625,8137042
2015-10-05,500.8319396972656,9558125
2015-10-06,494.1476135253906,8226452
2015-10-07,484.77984619140625,11251639
2015-10-08,479.6081237792969,9941551
2015-10-09,478.58349609375,10368020
2015-10-12,475.2657775878906,5566595
2015-10-13,479.0226135253906,7268043
2015-10-14,483.5113525390625,5645540
2015-10-15,486.6339111328125,5251039
2015-10-16,492.7815246582031,5875167
2015-10-19,494.3915710449219,4242869
2015-10-20,497.07501220703125,5729459
2015-10-21,499.3681945800781,6245542
2015-10-23,512.9319458007812,11628906
2015-10-26,508.4432067871094,8015119
2015-10-27,509.17498779296875,13011580
2015-10-28,471.2161865234375,33157058
2015-10-29,457.6037292480469,22054683
2015-10-30,463.8976745605469,16103533
2015-11-02,466.67877197265625,10316509
2015-11-03,463.16583251953125,9337442
2015-11-04,461.0678405761719,6319148
2015-11-05,452.57830810546875,8078032
2015-11-06,453.89569091796875,9185858
2015-11-09,453.70050048828125,9643857
2015-11-10,457.01824951171875,7040567
2015-11-13,473.2166442871094,10014779
2015-11-16,469.8013000488281,6488927
2015-11-17,464.09283447265625,5944197
2015-11-18,452.3343811035156,6081331
2015-11-19,451.8464660644531,8717250
2015-11-20,448.7238464355469,11446890
2015-11-23,451.5049743652344,7774882
2015-11-24,452.6271057128906,5388027
2015-11-26,454.04205322265625,26648537
2015-11-27,459.6041259765625,10288912
2015-11-30,457.31097412109375,8926273
2015-12-01,450.43157958984375,11177827
2015-12-02,448.38238525390625,7152991
2015-12-03,451.30975341796875,8154164
2015-12-04,449.35821533203125,7000002
2015-12-07,451.1146240234375,6335649
2015-12-08,447.6993103027344,7003729
2015-12-09,439.6977233886719,8745990
2015-12-10,439.06341552734375,10192522
2015-12-11,429.9884338378906,15589823
2015-12-14,420.9134521484375,10389129
2015-12-15,425.54852294921875,11058615
2015-12-16,427.5489196777344,8881531
2015-12-17,425.0118408203125,11529678
2015-12-18,422.08441162109375,10297545
2015-12-21,431.6473388671875,5061836
2015-12-22,435.89208984375,8722574
2015-12-23,441.0638732910156,4493436
2015-12-24,439.84405517578125,3633255
2015-12-28,444.332763671875,5914945
2015-12-29,447.26019287109375,5987050
2015-12-30,444.0887756347656,3766369
2015-12-31,438.23406982421875,6329611
2016-01-01,439.0146789550781,3345654
2016-01-04,427.7928466796875,5862854
2016-01-05,425.8900451660156,5579449
2016-01-06,420.2792053222656,5756267
2016-01-07,399.3481750488281,13787371
2016-01-08,403.6905517578125,11307470
2016-01-11,407.1058349609375,10352347
2016-01-12,396.2744140625,13070476
2016-01-13,396.8598937988281,15873927
2016-01-14,381.1494445800781,11776737
2016-01-15,365.1950378417969,13178892
2016-01-18,364.1704406738281,14117119
2016-01-19,383.4913635253906,14215698
2016-01-20,378.2220153808594,15605644
2016-01-21,399.2506103515625,28200956
2016-01-22,413.8876647949219,15009103
2016-01-25,410.66754150390625,10252421
2016-01-27,405.3493347167969,8648945
2016-01-28,395.8352355957031,9370465
2016-01-29,398.51873779296875,13667701
2016-02-01,389.6388854980469,10700914
2016-02-02,381.442138671875,12131028
2016-02-03,371.3425598144531,10077279
2016-02-04,373.4893798828125,11472602
2016-02-05,389.8828430175781,11677917
2016-02-08,398.6651306152344,11996680
2016-02-09,390.22442626953125,6550274
2016-02-10,384.0768127441406,10922352
2016-02-11,368.0736389160156,8076824
2016-02-12,381.6373291015625,28434501
2016-02-15,407.544921875,13964589
2016-02-16,395.98162841796875,12445006
2016-02-17,393.3469543457031,10197761
2016-02-18,388.4191589355469,12069460
2016-02-19,383.0034484863281,12915275
2016-02-22,387.54095458984375,10284642
2016-02-23,375.8312683105469,9955791
2016-02-24,377.29498291015625,11983475
2016-02-25,369.0494384765625,9491615
2016-02-26,377.0022888183594,9588881
2016-02-29,366.6587219238281,82022905
2016-03-01,382.5155334472656,12822550
2016-03-02,397.39654541015625,15332044
2016-03-03,407.0570373535156,14677533
2016-03-04,405.983642578125,8992492
2016-03-08,401.7876892089844,6921273
2016-03-09,406.7642822265625,8437253
2016-03-10,403.0074462890625,5631550
2016-03-11,402.812255859375,8348484
2016-03-14,405.3981628417969,6963673
2016-03-15,408.7159423828125,8188560
2016-03-16,414.3268127441406,8290044
2016-03-17,417.7908630371094,11080947
2016-03-18,425.54852294921875,6675930
2016-03-21,433.74530029296875,8910574
2016-03-22,430.5739440917969,8004834
2016-03-23,426.91461181640625,5018310
2016-03-28,412.66796875,9200929
2016-03-29,419.0594482421875,6674980
2016-03-30,433.5013427734375,9551121
2016-03-31,433.4037780761719,12671936
2016-04-01,439.0146789550781,8827751
2016-04-04,433.98919677734375,5347581
2016-04-05,422.13323974609375,12100258
2016-04-06,414.3755798339844,7457831
2016-04-07,416.3271789550781,5374072
2016-04-08,411.3993835449219,6881318
2016-04-11,419.40093994140625,6221772
2016-04-12,423.548095703125,5586212
2016-04-13,429.8420715332031,9091282
2016-04-18,434.4771728515625,6674315
2016-04-20,447.9920654296875,10775664
2016-04-21,456.6279602050781,11717618
2016-04-22,464.3368225097656,7323373
2016-04-25,458.5307922363281,7474910
2016-04-26,468.58154296875,12685893
2016-04-27,454.2371826171875,29544825
2016-04-28,456.7254638671875,16457436
2016-04-29,460.97021484375,10883473
2016-05-02,460.3847961425781,9439328
2016-05-03,459.1650390625,8097969
2016-05-04,451.2610168457031,8777977
2016-05-05,449.89483642578125,8736141
2016-05-06,450.2851867675781,4804806
2016-05-09,465.55657958984375,10228014
2016-05-10,476.1440734863281,12131886
2016-05-11,486.1460266113281,21878712
2016-05-12,480.63275146484375,13528266
2016-05-13,478.7786560058594,7426191
2016-05-16,474.6803283691406,5809867
2016-05-17,491.1714172363281,8982435
2016-05-18,488.97589111328125,8241793
2016-05-19,478.6323547363281,5989236
2016-05-20,478.72991943359375,5012902
2016-05-23,474.7290954589844,4700955
2016-05-24,477.1198425292969,4838908
2016-05-25,490.0003967285156,7144175
2016-05-26,506.4427795410156,11207975
2016-05-27,500.00250244140625,7699491
2016-05-30,501.27099609375,4892196
2016-05-31,502.7347412109375,5706744
2016-06-01,499.5633239746094,9559476
2016-06-02,511.6632995605469,7013241
2016-06-03,529.5205078125,13581215
2016-06-06,519.9577026367188,9416306
2016-06-07,521.47021484375,11455340
2016-06-08,525.9588623046875,6988719
2016-06-09,529.4717407226562,7019405
2016-06-10,527.959228515625,6382258
2016-06-13,518.2988891601562,6788154
2016-06-14,516.8350830078125,8234417
2016-06-15,516.005615234375,7836638
2016-06-16,510.7851867675781,5375177
2016-06-17,514.151611328125,7201452
2016-06-20,509.80926513671875,11335041
2016-06-21,504.8815002441406,5301794
2016-06-22,503.7105407714844,5374493
2016-06-23,513.663818359375,5874012
2016-06-24,498.1484069824219,9745784
2016-06-27,502.00286865234375,4612787
2016-06-28,501.5637512207031,4479273
2016-06-29,505.3206481933594,4721178
2016-06-30,520.5919189453125,10912401
2016-07-01,529.7645263671875,6701034
2016-07-04,530.6915283203125,5173772
2016-07-05,526.6419067382812,5219466
2016-07-07,534.078125,4650991
2016-07-08,538.21484375,6016471
2016-07-11,536.1957397460938,6082359
2016-07-12,552.5455932617188,6541827
2016-07-13,548.4580688476562,6365885
2016-07-14,551.8068237304688,4020476
2016-07-15,556.5346069335938,6247207
2016-07-18,562.3948364257812,6641864
2016-07-19,556.9285888671875,5547223
2016-07-20,549.8370361328125,5258296
2016-07-21,529.9414672851562,9416152
2016-07-22,529.5967407226562,8134377
2016-07-25,529.9906616210938,15701682
2016-07-26,545.4540405273438,11437473
2016-07-27,540.57861328125,7787071
2016-07-28,535.654052734375,12174235
2016-07-29,537.91943359375,4861274
2016-08-01,542.2531127929688,7026398
2016-08-02,541.36669921875,5749264
2016-08-03,541.0711669921875,6489800
2016-08-04,539.2490234375,5769753
2016-08-05,558.701416015625,8030392
2016-08-08,562.5426635742188,7360104
2016-08-09,565.4481811523438,7958291
2016-08-10,559.341552734375,6611328
2016-08-11,561.1636962890625,5098948
2016-08-12,582.093505859375,13209690
2016-08-16,574.5094604492188,11126973
2016-08-17,580.6161499023438,9879769
2016-08-18,584.2111206054688,12089285
2016-08-19,579.680419921875,9209878
2016-08-22,571.5055541992188,9499230
2016-08-23,573.7215576171875,6963978
2016-08-24,574.6080322265625,5835501
2016-08-25,577.71044921875,17177795
2016-08-26,577.562744140625,7531289
2016-08-29,580.2713623046875,12461059
2016-08-30,582.2412109375,11834475
2016-08-31,587.8552856445312,120541914
2016-09-01,587.6582641601562,10204784
2016-09-02,590.169921875,7279782
2016-09-06,626.31689453125,15252302
2016-09-07,615.6795043945312,11869960
2016-09-08,619.8655395507812,8039571
2016-09-09,603.8604125976562,9795054
2016-09-12,583.1768798828125,8471237
2016-09-14,592.730712890625,5915220
2016-09-15,579.8773193359375,7145326
2016-09-16,593.1246948242188,19309804
2016-09-19,585.39306640625,5311980
2016-09-20,584.0140991210938,4538973
2016-09-21,589.8744506835938,5480087
2016-09-22,582.8814086914062,10205715
2016-09-23,549.0491333007812,30222177
2016-09-26,539.1505737304688,14880674
2016-09-27,532.8469848632812,9085199
2016-09-28,540.8248901367188,10240083
2016-09-29,531.172607421875,16581655
2016-09-30,533.191650390625,5781645
2016-10-03,542.5978393554688,5276340
2016-10-04,538.3626098632812,5690321
2016-10-05,527.626953125,8222912
2016-10-06,522.8006591796875,10646794
2016-10-07,525.8046875,7702773
2016-10-10,523.5393676757812,3261598
2016-10-13,510.9815368652344,10008090
2016-10-14,512.8037719726562,4314775
2016-10-17,511.1785583496094,7930102
2016-10-18,524.4259033203125,13532992
2016-10-19,527.4791259765625,10754624
2016-10-20,531.9113159179688,6969699
2016-10-21,518.1714477539062,6526349
2016-10-24,513.6900634765625,10660533
2016-10-25,521.1262817382812,7356952
2016-10-26,480.20245361328125,38780250
2016-10-27,478.3311767578125,17198496
2016-10-28,479.5622863769531,12688495
2016-11-01,468.6295471191406,10425548
2016-11-02,469.61444091796875,9885845
2016-11-03,468.6788330078125,6631504
2016-11-04,471.48590087890625,10868004
2016-11-07,478.0848693847656,6990315
2016-11-08,483.4527587890625,7460548
2016-11-09,480.20245361328125,12824970
2016-11-10,499.3101501464844,11433458
2016-11-11,491.23370361328125,7085764
2016-11-15,472.0768127441406,11822835
2016-11-16,465.5763244628906,10704594
2016-11-17,466.9552001953125,10250008
2016-11-18,466.31500244140625,4572569
2016-11-21,458.68182373046875,6217176
2016-11-22,463.65570068359375,7313923
2016-11-23,473.2587585449219,6477616
2016-11-24,461.14410400390625,8199524
2016-11-25,464.0989074707031,4674455
2016-11-28,465.7732849121094,8268812
2016-11-29,457.6476135253906,7612624
2016-11-30,462.7692565917969,13575386
2016-12-01,459.0264892578125,7451748
2016-12-02,453.0184326171875,6381901
2016-12-05,453.8063659667969,4995436
2016-12-06,449.0787353515625,5465618
2016-12-07,440.362060546875,7558363
2016-12-08,442.57818603515625,7629221
2016-12-09,449.5219421386719,7780448
2016-12-12,438.3922424316406,6849079
2016-12-13,446.1239318847656,8404874
2016-12-14,460.1592102050781,12775149
2016-12-15,470.8949279785156,18021627
2016-12-16,465.6748046875,20477361
2016-12-19,460.5531311035156,3735250
2016-12-20,454.69281005859375,4836019
2016-12-21,450.8023986816406,4454408
2016-12-22,440.8052673339844,6540181
2016-12-23,431.49774169921875,9018273
2016-12-26,425.4896240234375,4494204
2016-12-27,431.0545349121094,4694669
2016-12-28,433.4183349609375,5072550
2016-12-29,437.5550537109375,6082573
2016-12-30,443.16912841796875,4616817
2017-01-02,441.0022888183594,3054394
2017-01-03,448.3892517089844,4621782
2017-01-04,446.27166748046875,3703873
2017-01-05,451.1470642089844,5829373
2017-01-06,448.34002685546875,4431212
2017-01-09,445.92694091796875,2690456
2017-01-10,440.60833740234375,9436151
2017-01-11,446.7641296386719,5678047
2017-01-12,448.34002685546875,5106342
2017-01-13,465.6748046875,12693510
2017-01-16,470.0577087402344,7430300
2017-01-17,479.8577880859375,11331156
2017-01-18,481.1382141113281,8789347
2017-01-19,476.5090026855469,7688347
2017-01-20,443.9571228027344,30189779
2017-01-23,438.29376220703125,16502895
2017-01-24,444.4495849609375,7103963
2017-01-25,456.56414794921875,14328065
2017-01-27,465.7240295410156,8821164
2017-01-30,464.7883605957031,4525720
2017-01-31,458.97723388671875,10629001
2017-02-01,468.4818115234375,8340303
2017-02-02,475.27783203125,7557596
2017-02-03,483.3050231933594,7134563
2017-02-06,490.79046630859375,8575116
2017-02-07,485.96435546875,5242366
2017-02-08,480.25177001953125,9694192
2017-02-09,477.9371643066406,7938519
2017-02-10,481.53216552734375,10345868
2017-02-13,482.9110412597656,6626404
2017-02-14,479.5622863769531,4089031
2017-02-15,480.8426818847656,6242589
2017-02-16,485.71807861328125,5218900
2017-02-17,481.7291564941406,12983330
2017-02-20,473.8004455566406,5840632
2017-02-21,496.74932861328125,16440027
2017-02-22,517.3836059570312,20167381
2017-02-23,520.190673828125,10360480
2017-02-27,501.2799987792969,7372140
2017-02-28,499.0146789550781,5799421
2017-03-01,505.6629638671875,7624002
2017-03-02,498.6698913574219,7112655
2017-03-03,505.1705322265625,3965255
2017-03-06,510.83380126953125,6994407
2017-03-07,504.0870361328125,6043543
2017-03-08,502.4619140625,8850848
2017-03-09,508.61773681640625,8560015
2017-03-10,508.1252746582031,5494130
2017-03-14,503.2005920410156,7975713
2017-03-15,503.98858642578125,6248549
2017-03-16,505.9092102050781,5362177
2017-03-17,509.3564147949219,20296836
2017-03-20,495.2719421386719,4932998
2017-03-21,480.941162109375,11017752
2017-03-22,478.1341552734375,12685275
2017-03-23,480.8919372558594,6942275
2017-03-24,481.975341796875,5501203
2017-03-27,479.80853271484375,5384510
2017-03-28,495.2226257324219,11194711
2017-03-29,496.6015930175781,12677454
2017-03-30,491.7261657714844,8454772
2017-03-31,483.4035339355469,6985211
2017-04-03,493.05584716796875,5755303
2017-04-05,500.6397705078125,6595144
2017-04-06,501.0337219238281,9928098
2017-04-07,496.6015930175781,5019268
2017-04-10,503.0528564453125,5986936
2017-04-11,507.2879943847656,7406691
2017-04-12,498.3744812011719,6161411
2017-04-13,499.9010925292969,6216374
2017-04-17,494.7794494628906,4070932
2017-04-18,492.1201171875,5450454
2017-04-19,491.972412109375,7447021
2017-04-20,480.64569091796875,8153829
2017-04-21,478.922119140625,10301245
2017-04-24,491.1352233886719,14182302
2017-04-25,508.61773681640625,13778124
2017-04-26,509.3564147949219,11516903
2017-04-27,498.96539306640625,22108735
2017-04-28,501.96942138671875,9287281
2017-05-02,497.93121337890625,7539462
2017-05-03,493.3020935058594,7220815
2017-05-04,511.0307922363281,15719994
2017-05-05,496.8970642089844,9440005
2017-05-08,503.49609375,6834456
2017-05-09,510.3906555175781,7872272
2017-05-10,518.4177856445312,8812464
2017-05-11,509.11016845703125,8962710
2017-05-12,495.4196472167969,9934430
2017-05-15,492.5633850097656,8806756
2017-05-16,493.9422607421875,8610492
2017-05-17,495.2226257324219,6443135
2017-05-18,484.58544921875,9227022
2017-05-19,494.1392517089844,7611430
2017-05-22,494.7301940917969,4970982
2017-05-23,493.05584716796875,7549551
2017-05-24,491.7754211425781,7271148
2017-05-25,499.8026428222656,9157557
2017-05-26,503.7423400878906,5995136
2017-05-29,499.6056213378906,5441466
2017-05-30,506.64788818359375,4725430
2017-05-31,506.3031311035156,7263061
2017-06-01,501.6246643066406,8105813
2017-06-02,500.3935241699219,4474040
2017-06-05,505.9092102050781,3858825
2017-06-06,502.5111389160156,3866339
2017-06-07,506.45086669921875,3389166
2017-06-08,507.9775695800781,5980728
2017-06-09,505.9092102050781,3242063
2017-06-12,499.8518371582031,2360518
2017-06-13,498.8176574707031,2181945
2017-06-14,501.82171630859375,4648343
2017-06-15,499.9503173828125,3425367
2017-06-16,502.75738525390625,4999502
2017-06-19,512.3112182617188,6844723
2017-06-20,504.13629150390625,4388846
2017-06-21,500.09808349609375,4346995
2017-06-22,500.34429931640625,3463745
2017-06-23,497.0447998046875,3548884
2017-06-27,485.4226379394531,9842829
2017-06-28,484.58544921875,12691859
2017-06-29,504.3824768066406,11855524
2017-06-30,509.5533752441406,7600005
2017-07-03,509.45489501953125,3701949
2017-07-04,500.7382507324219,4086213
2017-07-05,506.1553955078125,3154406
2017-07-06,506.75213623046875,3514758
2017-07-07,500.4364318847656,3509920
2017-07-10,507.19976806640625,1238680
2017-07-11,504.06671142578125,3928279
2017-07-12,504.0169677734375,5504892
2017-07-13,509.13922119140625,22231839
2017-07-14,510.18353271484375,3160157
2017-07-17,507.74676513671875,3169635
2017-07-18,513.7640991210938,7864083
2017-07-19,517.3944091796875,8119092
2017-07-20,537.087646484375,16391849
2017-07-21,537.8833618164062,5567645
2017-07-24,531.9156494140625,4779353
2017-07-25,542.0110473632812,8181916
2017-07-26,525.997802734375,12085057
2017-07-27,521.8204345703125,12290852
2017-07-28,512.3219604492188,8268116
2017-07-31,516.9965209960938,7245884
2017-08-01,513.7640991210938,4562630
2017-08-02,514.1121826171875,4079631
2017-08-03,503.2710266113281,4140945
2017-08-04,505.3597106933594,4972811
2017-08-07,503.07208251953125,5293884
2017-08-08,496.7563781738281,8898560
2017-08-09,484.3237609863281,7169705
2017-08-10,482.8816223144531,10095387
2017-08-11,487.0589599609375,9261420
2017-08-14,489.097900390625,3983656
2017-08-16,496.80609130859375,5958229
2017-08-17,494.46875,3948664
2017-08-18,487.7551574707031,4166976
2017-08-21,492.13140869140625,17884400
2017-08-22,496.5076904296875,6654272
2017-08-23,499.9390869140625,3288488
2017-08-24,504.1164245605469,7157375
2017-08-28,507.8462219238281,3724389
2017-08-29,500.88397216796875,3266295
2017-08-30,501.182373046875,3972126
2017-08-31,497.6514892578125,4491876
2017-09-01,504.8126525878906,4569367
2017-09-04,499.0439147949219,3744616
2017-09-05,500.68505859375,3216819
2017-09-06,490.19195556640625,4947660
2017-09-07,493.9217224121094,4564617
2017-09-08,491.33575439453125,3662579
2017-09-11,491.23626708984375,3590293
2017-09-12,493.8222961425781,3324949
2017-09-13,496.6071472167969,4430874
2017-09-14,516.9468994140625,15168429
2017-09-15,513.3663330078125,8942804
2017-09-18,521.7210083007812,7337260
2017-09-19,517.9414672851562,2386279
2017-09-20,516.6484985351562,8297561
2017-09-21,509.78570556640625,3103034
2017-09-22,502.5747985839844,4546160
2017-09-25,498.9942321777344,11921527
2017-09-26,509.1889343261719,5292394
2017-09-27,503.56939697265625,5300694
2017-09-28,509.03973388671875,10408979
2017-09-29,506.4040222167969,11578743
2017-10-03,506.9013366699219,10712537
2017-10-04,503.2213134765625,4792373
2017-10-05,498.4969482421875,9349884
2017-10-06,500.6353454589844,11343137
2017-10-09,503.2213134765625,3942277
2017-10-10,511.7749328613281,4932758
2017-10-11,512.9684448242188,6188165
2017-10-12,522.2679443359375,4800917
2017-10-13,526.5946044921875,6447797
2017-10-16,517.5436401367188,7148294
2017-10-17,510.3824768066406,9443230
2017-10-18,461.99481201171875,49308621
2017-10-19,457.8175048828125,3302209
2017-10-23,447.5233154296875,21127981
2017-10-24,449.5125427246094,19327721
2017-10-25,470.44903564453125,37624005
2017-10-26,481.68804931640625,24936306
2017-10-27,483.32916259765625,7576778
2017-10-30,481.38970947265625,4815226
2017-10-31,520.3284912109375,39655956
2017-11-01,532.2140502929688,22542766
2017-11-02,529.2799682617188,7800191
2017-11-03,537.1870727539062,9303981
2017-11-06,531.6173706054688,8013536
2017-11-07,524.3069458007812,9642624
2017-11-08,541.9114990234375,19642327
2017-11-09,537.4855346679688,11290503
2017-11-10,541.86181640625,9869691
2017-11-13,534.4519653320312,21701958
2017-11-14,542.7072143554688,10644657
2017-11-15,539.0768432617188,7814066
2017-11-16,539.6735229492188,5176117
2017-11-17,539.4747314453125,4373503
2017-11-20,542.2099609375,3458524
2017-11-21,543.8509521484375,5770768
2017-11-22,537.5849609375,4536211
2017-11-23,541.21533203125,10724159
2017-11-24,542.5579833984375,3947490
2017-11-27,556.383056640625,9301318
2017-11-28,559.5159912109375,10113136
2017-11-29,546.536376953125,6387037
2017-11-30,532.5125122070312,19370807
2017-12-01,530.9708251953125,7138045
2017-12-04,532.0648803710938,4181453
2017-12-05,530.2745971679688,6167602
2017-12-06,527.6388549804688,4234770
2017-12-07,531.1697387695312,3528298
2017-12-08,539.5741577148438,6007380
2017-12-11,542.1602172851562,5326031
2017-12-12,535.6951293945312,5232189
2017-12-13,532.860595703125,4163419
2017-12-14,538.5299072265625,3558224
2017-12-15,544.9948120117188,6059220
2017-12-18,545.6910400390625,5889302
2017-12-19,550.6640625,4325512
2017-12-20,551.5094604492188,3534649
2017-12-21,545.9893798828125,5781370
2017-12-22,550.6142578125,3075576
2017-12-26,552.0067138671875,3272086
2017-12-27,551.60888671875,4163259
2017-12-28,543.9006958007812,8433564
2017-12-29,560.9085083007812,8363189
2018-01-01,562.4501342773438,6943234
2018-01-02,556.4824829101562,6292268
2018-01-03,557.4273071289062,3990149
2018-01-04,556.8804321289062,2766664
2018-01-05,560.2122802734375,3249056
2018-01-08,562.400390625,3770339
2018-01-09,562.251220703125,4607504
2018-01-10,559.7646484375,2411625
2018-01-11,555.7365112304688,2825921
2018-01-12,552.106201171875,6013121
2018-01-15,557.52685546875,3943472
2018-01-16,560.16259765625,5993564
2018-01-17,582.0438842773438,8453944
2018-01-18,581.64599609375,9466991
2018-01-19,587.0665893554688,3897048
2018-01-22,608.2518310546875,21790443
2018-01-23,616.755615234375,14286343
2018-01-24,604.6712646484375,6158610
2018-01-25,612.7772827148438,6749846
2018-01-29,602.2840576171875,7017160
2018-01-30,590.5477905273438,6447963
2018-01-31,590.3985595703125,7108060
2018-02-01,589.6029052734375,7839731
2018-02-02,561.8533935546875,6185174
2018-02-05,563.1961059570312,9318595
2018-02-06,560.659912109375,13938327
2018-02-07,556.3333129882812,7679830
2018-02-08,565.3842163085938,5816886
2018-02-09,554.54296875,5865587
2018-02-12,561.1571044921875,4765319
2018-02-14,540.9666748046875,6478108
2018-02-15,540.7677001953125,11593643
2018-02-16,534.9492797851562,3910503
2018-02-19,537.6347045898438,4251723
2018-02-20,528.8323974609375,3395183
2018-02-21,532.9102783203125,4638382
2018-02-22,527.3902587890625,7808359
2018-02-23,533.755859375,3888629
2018-02-26,549.3213500976562,5297794
2018-02-27,535.4962158203125,4136383
2018-02-28,525.8983154296875,6626661
2018-03-01,522.91455078125,9827510
2018-03-05,521.7210083007812,6766199
2018-03-06,514.5597534179688,12240160
2018-03-07,509.88519287109375,10428057
2018-03-08,517.7424926757812,8483978
2018-03-09,502.6245422363281,4955525
2018-03-12,516.3998413085938,5283334
2018-03-13,528.6334838867188,7846232
2018-03-14,533.2584838867188,4976540
2018-03-15,526.7935180664062,3932830
2018-03-16,519.781494140625,12146623
2018-03-19,516.6484985351562,4656613
2018-03-20,518.28955078125,5398111
2018-03-21,523.4614868164062,5518826
2018-03-22,515.4052734375,7194256
2018-03-23,496.80609130859375,29385110
2018-03-26,504.56402587890625,9498614
2018-03-27,509.4376220703125,6423140
2018-03-28,507.74676513671875,10980960
2018-04-02,496.35845947265625,7120498
2018-04-03,498.84503173828125,6053789
2018-04-04,489.5951843261719,6047813
2018-04-05,500.38665771484375,6682587
2018-04-06,497.5022888183594,3812133
2018-04-09,516.4993286132812,8708770
2018-04-10,543.2045288085938,21689156
2018-04-11,536.8887329101562,9261807
2018-04-12,545.79052734375,8021652
2018-04-13,539.6238403320312,8788919
2018-04-16,539.4747314453125,6418203
2018-04-17,529.5286865234375,5541004
2018-04-18,515.4550170898438,7131174
2018-04-19,510.13385009765625,10559623
2018-04-20,502.9726257324219,4437940
2018-04-23,503.4700012207031,4766412
2018-04-24,502.12725830078125,4564259
2018-04-25,495.7120056152344,4608455
2018-04-26,491.0870666503906,14919977
2018-04-27,536.2919311523438,58859461
2018-04-30,514.5100708007812,18357008
2018-05-02,520.9253540039062,25195767
2018-05-03,530.5233154296875,12001916
2018-05-04,517.493896484375,5929870
2018-05-07,533.2086791992188,6792091
2018-05-08,539.3255004882812,12028184
2018-05-09,545.5418701171875,7556830
2018-05-10,544.6964721679688,11415139
2018-05-11,550.31591796875,4960854
2018-05-14,548.9235229492188,4999526
2018-05-15,546.7353515625,6752759
2018-05-16,547.03369140625,9929095
2018-05-17,536.5405883789062,8551787
2018-05-18,530.0260009765625,7343619
2018-05-21,524.008544921875,4258800
2018-05-22,520.4777221679688,4711540
2018-05-23,517.4441528320312,4426060
2018-05-24,531.5675048828125,5188026
2018-05-25,535.5957641601562,4588810
2018-05-28,543.2045288085938,5611936
2018-05-29,544.7958374023438,8015443
2018-05-30,538.728759765625,5919369
2018-05-31,542.955810546875,15652651
2018-06-01,533.755859375,4061137
2018-06-04,534.153564453125,4291186
2018-06-05,528.0367431640625,5088506
2018-06-06,528.5340576171875,5281259
2018-06-07,539.4747314453125,6932191
2018-06-08,534.501708984375,4627913
2018-06-11,537.0379638671875,4095873
2018-06-12,534.2530517578125,3320721
2018-06-13,537.7341918945312,5924906
2018-06-14,529.1307983398438,3736633
2018-06-15,525.8983154296875,7854953
2018-06-18,519.7317504882812,3711213
2018-06-19,514.4105834960938,6483110
2018-06-20,516.3004150390625,4555002
2018-06-21,510.28302001953125,4856050
2018-06-22,522.8150634765625,5932446
2018-06-25,512.4215087890625,4882240
2018-06-26,511.4267883300781,4505122
2018-06-27,505.111083984375,5659070
2018-06-28,501.8785705566406,4854274
2018-06-29,508.04510498046875,7747444
2018-07-02,509.48736572265625,6799910
2018-07-03,508.7910461425781,6658467
2018-07-04,511.9737854003906,3893493
2018-07-05,508.2441101074219,2692462
2018-07-06,510.9295654296875,2706424
2018-07-09,522.417236328125,6295104
2018-07-10,529.6777954101562,5281760
2018-07-11,533.65625,6432494
2018-07-12,535.4464721679688,4128221
2018-07-13,520.1793823242188,4169212
2018-07-16,519.2841796875,5032325
2018-07-17,534.9990844726562,4511522
2018-07-18,523.710205078125,4954888
2018-07-19,523.9588623046875,5276418
2018-07-20,530.8217163085938,2532288
2018-07-23,537.435791015625,6009401
2018-07-24,543.1547241210938,6171893
2018-07-25,529.3794555664062,3341114
2018-07-26,538.728759765625,7920089
2018-07-27,550.2662353515625,7678597
2018-07-30,566.5778198242188,12949737
2018-07-31,547.4315795898438,21735293
2018-08-01,542.2099609375,6871812
2018-08-02,544.2986450195312,6495837
2018-08-03,571.6502685546875,15953749
2018-08-06,593.5814208984375,22629303
2018-08-07,589.8515625,16424825
2018-08-08,593.0840454101562,7138029
2018-08-09,617.7005004882812,18227195
2018-08-10,612.1804809570312,16074351
2018-08-13,601.6376953125,8445677
2018-08-14,614.7166748046875,10225641
2018-08-16,620.0875854492188,18777302
2018-08-17,623.9168701171875,13411536
2018-08-20,621.032470703125,6463139
2018-08-21,632.3212280273438,15522297
2018-08-23,628.3428344726562,12699837
2018-08-24,636.4489135742188,15035968
2018-08-27,646.693359375,9819034
2018-08-28,656.4901733398438,9886447
2018-08-29,653.3572387695312,13329261
2018-08-30,646.2457275390625,14868623
2018-08-31,645.7484741210938,10207700
2018-09-03,628.3925170898438,6494484
2018-09-04,638.338623046875,9305124
2018-09-05,634.2109985351562,8837398
2018-09-06,634.758056640625,10026621
2018-09-07,642.0684204101562,6999943
2018-09-10,648.2349243164062,32430222
2018-09-11,646.6436157226562,19162102
2018-09-12,632.0228881835938,14448365
2018-09-14,632.9677734375,12083354
2018-09-17,622.5740356445312,6644742
2018-09-18,605.3176879882812,10724450
2018-09-19,605.5166015625,9373364
2018-09-21,595.9683837890625,24788799
2018-09-24,594.12841796875,11998797
2018-09-25,611.03662109375,17515392
2018-09-26,614.1199340820312,8725133
2018-09-27,596.9132690429688,9683836
2018-09-28,609.9425659179688,16754620
2018-10-01,590.2494506835938,20117451
2018-10-03,569.1636962890625,18385327
2018-10-04,583.0882568359375,16877024
2018-10-05,565.4338989257812,9860010
2018-10-08,553.5484619140625,12918017
2018-10-09,549.8683471679688,8053297
2018-10-10,586.0223999023438,13695001
2018-10-11,577.71728515625,11223315
2018-10-12,581.7455444335938,10689006
2018-10-15,573.4404907226562,5065325
2018-10-16,585.6742553710938,13083651
2018-10-17,572.9431762695312,9609195
2018-10-19,559.5159912109375,12664549
2018-10-22,559.0187377929688,10235243
2018-10-23,559.7149658203125,9513054
2018-10-24,561.0576782226562,9759225
2018-10-25,558.0240478515625,13041860
2018-10-26,534.800048828125,9229395
2018-10-29,563.6436767578125,15917739
2018-10-30,559.6652221679688,8522604
2018-10-31,579.2590942382812,12135088
2018-11-01,598.9025268554688,16048865
2018-11-02,607.356689453125,12488669
2018-11-05,621.032470703125,24201213
2018-11-06,604.1738891601562,15354794
2018-11-07,603.5770874023438,1528117
2018-11-09,609.8928833007812,13927467
2018-11-12,603.2786865234375,7073703
2018-11-13,614.96533203125,8938939
2018-11-14,609.3955688476562,9840254
2018-11-15,622.7232666015625,11005288
2018-11-16,616.457275390625,12204545
2018-11-19,612.97607421875,9046876
2018-11-20,609.3457641601562,6658508
2018-11-21,623.46923828125,7842430
2018-11-22,611.235595703125,6946666
2018-11-26,627.6466064453125,9528169
2018-11-27,621.8778686523438,11251342
2018-11-28,624.5633544921875,9035388
2018-11-29,627.99462890625,19643832
2018-11-30,622.3751831054688,8984998
2018-12-03,621.4303588867188,5914250
2018-12-04,619.8886108398438,8382005
2018-12-05,611.6334228515625,9728083
2018-12-06,596.8138427734375,7519849
2018-12-07,600.6928100585938,12262327
2018-12-10,587.1163330078125,11643401
2018-12-11,600.9912109375,16429956
2018-12-12,616.6064453125,7232578
2018-12-13,615.7610473632812,7419355
2018-12-14,616.90478515625,4165047
2018-12-17,613.821533203125,4843342
2018-12-18,616.0595092773438,8492688
2018-12-19,638.189453125,16759139
2018-12-20,629.5364379882812,11004125
2018-12-21,617.5015869140625,10715457
2018-12-24,611.6831665039062,6191605
2018-12-26,616.158935546875,6519211
2018-12-27,614.2194213867188,12304812
2018-12-28,621.678955078125,6372911
2018-12-31,616.5568237304688,6030093
2019-01-01,623.9168701171875,12179223
2019-01-02,616.7059326171875,12386281
2019-01-03,604.6712646484375,13228602
2019-01-04,616.25830078125,8381367
2019-01-07,634.0120849609375,11735286
2019-01-08,647.3895874023438,11879875
2019-01-09,666.4859619140625,18003387
2019-01-10,659.6729736328125,12751327
2019-01-11,662.9054565429688,8330315
2019-01-14,655.644775390625,6856244
2019-01-15,657.0372314453125,5467484
2019-01-16,660.4189453125,6598151
2019-01-17,673.0006713867188,10448209
2019-01-18,661.0156860351562,7037386
2019-01-21,656.7388305664062,6157956
2019-01-22,658.0317993164062,7951640
2019-01-23,658.0317993164062,7596006
2019-01-24,660.07080078125,7013582
2019-01-25,666.1378784179688,6628922
2019-01-28,652.760498046875,7792690
2019-01-29,657.1864624023438,8302420
2019-01-30,687.2235717773438,46912230
2019-01-31,718.8023681640625,35239544
2019-02-01,713.3817138671875,13792059
2019-02-04,716.6141357421875,8195956
2019-02-05,725.5656127929688,8665426
2019-02-06,721.8358764648438,8077340
2019-02-07,726.212158203125,7203465
2019-02-08,715.5201416015625,7341956
2019-02-11,707.0162353515625,7234953
2019-02-12,701.7944946289062,15856819
2019-02-14,691.251708984375,10383603
2019-02-15,682.89697265625,10866440
2019-02-18,689.5608520507812,7135564
2019-02-19,689.3121948242188,6816325
2019-02-20,696.5728149414062,5772687
2019-02-21,693.4398193359375,6674353
2019-02-22,698.263671875,9822278
2019-02-25,699.9048461914062,11428024
2019-02-26,706.3200073242188,9166951
2019-02-27,714.3265991210938,13284424
2019-02-28,705.7232055664062,26230891
2019-03-01,698.6117553710938,7713824
2019-03-05,728.1019287109375,11298428
2019-03-06,716.713623046875,10510670
2019-03-07,729.792724609375,11263734
2019-03-08,729.4446411132812,7744794
2019-03-11,730.5387573242188,9421608
2019-03-12,738.5452270507812,8131901
2019-03-13,734.0198364257812,12333789
2019-03-14,736.6057739257812,7100875
2019-03-15,731.1354370117188,14560368
2019-03-18,742.9712524414062,8067253
2019-03-19,756.7963256835938,8818172
2019-03-20,751.674072265625,9758274
2019-03-22,752.9671020507812,10355078
2019-03-25,741.6782836914062,7130411
2019-03-26,753.0167846679688,7300104
2019-03-27,755.2048950195312,7456768
2019-03-28,776.489501953125,16643818
2019-04-01,761.4708862304688,6021202
2019-04-02,763.2612915039062,6592678
2019-04-03,757.39306640625,5591613
2019-04-04,758.0394897460938,7009879
2019-04-05,758.0892944335938,5343947
2019-04-08,750.5302124023438,4918795
2019-04-09,759.2828369140625,5483424
2019-04-10,756.74658203125,5933250
2019-04-11,748.24267578125,5365803
2019-04-12,760.2277221679688,4671869
2019-04-15,758.73583984375,3707106
2019-04-16,766.9412231445312,7088601
2019-04-18,767.040771484375,6098041
2019-04-22,751.4253540039062,4185156
2019-04-23,749.1876220703125,5098170
2019-04-24,748.7896728515625,7825049
2019-04-25,736.9041748046875,10282068
2019-04-26,755.8017578125,23294204
2019-04-30,762.7141723632812,12434805
2019-05-02,748.2923583984375,7033021
2019-05-03,753.2156982421875,5970814
2019-05-06,743.4188842773438,5909936
2019-05-07,737.8490600585938,5071941
2019-05-08,731.5332641601562,6739894
2019-05-09,727.0575561523438,4193451
2019-05-10,731.0857543945312,3913815
2019-05-13,728.1515502929688,5891071
2019-05-14,727.4057006835938,7049134
2019-05-15,718.0563354492188,4849130
2019-05-16,727.9029541015625,5142617
2019-05-17,744.9107666015625,9072242
2019-05-20,778.180419921875,15866697
2019-05-21,768.7813110351562,9251548
2019-05-22,774.9479370117188,5928186
2019-05-23,772.212646484375,14776218
2019-05-24,788.922119140625,9323114
2019-05-27,809.510498046875,9128216
2019-05-28,804.0401611328125,13473187
2019-05-29,800.360107421875,5958128
2019-05-30,803.1947021484375,6414384
2019-05-31,803.9406127929688,11140585
2019-06-03,808.2671508789062,6427567
2019-06-04,818.3624267578125,9515354
2019-06-06,803.3438720703125,14728937
2019-06-07,799.6638793945312,6884094
2019-06-10,809.759033203125,5923875
2019-06-11,810.4055786132812,5471529
2019-06-12,809.162353515625,4707478
2019-06-13,815.7267456054688,9056584
2019-06-14,796.8789672851562,8919370
2019-06-17,773.5056762695312,10151212
2019-06-18,771.5662841796875,8347632
2019-06-19,766.54345703125,6411258
2019-06-20,767.23974609375,9190732
2019-06-21,766.8915405273438,12610688
2019-06-24,758.73583984375,4866859
2019-06-25,777.4343872070312,10044436
2019-06-26,784.3468627929688,8715757
2019-06-27,796.133056640625,18439210
2019-06-28,804.1892700195312,9174348
2019-07-01,806.0790405273438,5896530
2019-07-02,798.2713623046875,7549027
2019-07-03,801.8519287109375,5535230
2019-07-04,805.4867553710938,5553273
2019-07-05,802.7482299804688,5871202
2019-07-08,779.6447143554688,7485169
2019-07-09,782.9310302734375,6448920
2019-07-10,766.0514526367188,5814417
2019-07-11,763.2133178710938,7111401
2019-07-12,752.6573486328125,8552548
2019-07-15,746.632568359375,6350785
2019-07-16,757.8855590820312,6170479
2019-07-17,749.470703125,5757193
2019-07-18,737.3214111328125,11283488
2019-07-19,726.2177734375,8091007
2019-07-22,724.4252319335938,7020071
2019-07-23,724.9729614257812,7048354
2019-07-24,709.3382568359375,6618279
2019-07-25,720.1431274414062,9972204
2019-07-26,726.8153076171875,5450010
2019-07-29,717.2552490234375,10314136
2019-07-30,704.6577758789062,14100900
2019-07-31,671.2970581054688,55836793
2019-08-01,666.51708984375,17001210
2019-08-02,671.0481567382812,14426295
2019-08-05,659.695556640625,13042504
2019-08-06,676.1767578125,12419831
2019-08-07,657.2059936523438,10486156
2019-08-08,657.3552856445312,17563795
2019-08-09,658.0524291992188,9289628
2019-08-13,646.7495727539062,7389394
2019-08-14,660.4424438476562,7148518
2019-08-16,672.8406372070312,7040117
2019-08-19,682.1517944335938,9082914
2019-08-20,669.5543823242188,7602499
2019-08-21,661.9362182617188,7892687
2019-08-22,658.4010009765625,9262172
2019-08-23,661.1395874023438,7775604
2019-08-26,680.8572387695312,8864341
2019-08-27,680.1102905273438,12015623
2019-08-28,675.3800659179688,5677087
2019-08-29,658.4010009765625,8753540
2019-08-30,661.1395874023438,17115901
2019-09-03,643.0152587890625,8461431
2019-09-04,644.6085205078125,10786466
2019-09-05,646.89892578125,8108303
2019-09-06,668.3095703125,11101456
2019-09-09,668.7576904296875,5607331
2019-09-11,678.8655395507812,5966906
2019-09-12,660.1436157226562,8087081
2019-09-13,671.4464721679688,12105997
2019-09-16,668.1104125976562,7659588
2019-09-17,637.7869873046875,17297040
2019-09-18,645.7040405273438,9702162
2019-09-19,635.5463256835938,9554331
2019-09-20,677.5210571289062,38862975
2019-09-23,722.4833374023438,31417887
2019-09-24,701.4711303710938,15683656
2019-09-25,692.0604248046875,17058681
2019-09-26,696.9898681640625,15007372
2019-09-27,697.6868286132812,10245068
2019-09-30,682.1517944335938,20073726
2019-10-01,676.3261108398438,49442205
2019-10-03,665.620849609375,17615854
2019-10-04,653.6707153320312,15317105
2019-10-07,670.6497802734375,21554138
2019-10-09,683.4463500976562,11537721
2019-10-10,670.15185546875,8679981
2019-10-11,669.9029541015625,11042828
2019-10-14,680.6580200195312,11099352
2019-10-15,687.1807250976562,9260732
2019-10-16,690.5169067382812,10404705
2019-10-17,707.3466186523438,10617761
2019-10-18,706.5996704101562,9500635
2019-10-22,709.786376953125,9704016
2019-10-23,711.8776245117188,16158781
2019-10-24,704.7573852539062,8986203
2019-10-25,705.6536254882812,8226456
2019-10-27,707.1473388671875,965647
2019-10-29,735.3795166015625,10422117
2019-10-30,744.2922973632812,10188947
2019-10-31,733.2882080078125,8775411
2019-11-01,745.1885375976562,8484197
2019-11-04,739.51220703125,7851370
2019-11-05,734.9811401367188,7306253
2019-11-06,744.1430053710938,7821243
2019-11-07,731.6949462890625,9871570
2019-11-08,722.4833374023438,7427196
2019-11-11,730.6492919921875,6355142
2019-11-13,708.2428588867188,9290616
2019-11-14,712.9232788085938,8000528
2019-11-15,713.9190673828125,9315652
2019-11-18,719.9439697265625,7907958
2019-11-19,744.690673828125,14424251
2019-11-20,745.63671875,8798051
2019-11-21,734.3338623046875,5529542
2019-11-22,729.055908203125,4889776
2019-11-25,751.6117553710938,6888402
2019-11-26,749.1220703125,14624880
2019-11-27,749.7694702148438,8436862
2019-11-28,747.4789428710938,9235443
2019-11-29,735.9769897460938,12674173
2019-12-02,741.2052001953125,8285491
2019-12-03,730.3505859375,5408215
2019-12-04,736.7736206054688,8016237
2019-12-05,726.2177734375,8151690
2019-12-06,714.6162109375,7458610
2019-12-09,728.9562377929688,8977174
2019-12-10,712.7240600585938,7625748
2019-12-11,713.570556640625,8266375
2019-12-12,719.0974731445312,5519774
2019-12-13,748.8732299804688,14834140
2019-12-16,744.1430053710938,7286003
2019-12-17,742.5496215820312,9788065
2019-12-18,738.765380859375,6678420
2019-12-19,739.46240234375,8400708
2019-12-20,736.7736206054688,7019925
2019-12-23,740.0599365234375,10250382
2019-12-24,737.5704345703125,3642916
2019-12-26,733.4376220703125,7919368
2019-12-27,756.9893188476562,10736285
2019-12-30,750.9644165039062,10034206
2019-12-31,750.9644165039062,11660781
2020-01-01,745.5869140625,4917748
2020-01-02,753.8026123046875,5156046
2020-01-03,739.86083984375,8489729
2020-01-06,720.2427368164062,6356198
2020-01-07,722.7323608398438,9103360
2020-01-08,721.487548828125,8973215
2020-01-09,739.7611694335938,7559853
2020-01-10,736.9728393554688,8550490
2020-01-13,734.3338623046875,6423758
2020-01-14,744.7901611328125,7237665
2020-01-15,743.1968994140625,7911661
2020-01-16,734.2342529296875,6487613
2020-01-17,736.8235473632812,7678864
2020-01-20,724.1763916015625,10677371
2020-01-21,714.6162109375,8242803
2020-01-22,709.6369018554688,13321307
2020-01-23,719.9937744140625,20643257
2020-01-24,734.3338623046875,9541490
2020-01-27,737.1719970703125,9170435
2020-01-28,734.0849609375,7836737
2020-01-29,732.1928100585938,7985274
2020-01-30,727.8609619140625,6041343
2020-01-31,726.2675170898438,8345819
2020-02-03,706.002197265625,11594991
2020-02-04,712.0270385742188,9653925
2020-02-05,721.0394287109375,7975101
2020-02-06,733.8857421875,9627252
2020-02-07,745.0391845703125,8438354
2020-02-10,738.0184326171875,4713339
2020-02-11,746.831787109375,7845657
2020-02-12,752.1096801757812,6190440
2020-02-13,744.690673828125,5031706
2020-02-14,733.4376220703125,6155000
2020-02-17,735.3297119140625,4275465
2020-02-18,730.5994873046875,5215502
2020-02-19,737.9686889648438,4372673
2020-02-20,741.2052001953125,7529403
2020-02-24,722.43359375,6589087
2020-02-25,725.7198486328125,5419596
2020-02-26,726.3671875,7136975
2020-02-27,732.7903442382812,8867328
2020-02-28,694.400634765625,16428944
2020-03-02,681.3551025390625,13854352
2020-03-03,684.2928466796875,11198145
2020-03-04,679.3634643554688,14802724
2020-03-05,675.081298828125,10508008
2020-03-06,654.91552734375,12969235
2020-03-09,620.957275390625,14336369
2020-03-11,616.7747802734375,11021433
2020-03-12,540.9911499023438,29369378
2020-03-13,566.4349365234375,25599305
2020-03-16,506.4852600097656,21542970
2020-03-17,486.3194580078125,20590414
2020-03-18,471.48138427734375,36240904
2020-03-19,426.4693298339844,33243997
2020-03-20,426.3697509765625,30764236
2020-03-23,307.36663818359375,37622635
2020-03-24,301.8894958496094,50681510
2020-03-25,325.4411315917969,51993973
2020-03-26,339.98046875,62971564
2020-03-27,358.254150390625,71042591
2020-03-30,366.6192321777344,61772544
2020-03-31,377.42413330078125,34637148
2020-04-01,357.1587219238281,27744593
2020-04-03,324.0968017578125,41317365
2020-04-07,387.233154296875,48093237
2020-04-08,389.7227478027344,64930598
2020-04-09,418.40301513671875,44090546
2020-04-13,417.2080078125,33431643
2020-04-15,415.5648498535156,48315019
2020-04-16,420.7929992675781,42344330
2020-04-17,476.8091125488281,47831797
2020-04-20,454.05413818359375,42163627
2020-04-21,418.9009094238281,33572119
2020-04-22,429.3572692871094,36619611
2020-04-23,428.2618713378906,29418000
2020-04-24,402.2703857421875,35773252
2020-04-27,425.52325439453125,35986805
2020-04-28,453.5562438964844,43938246
2020-04-29,437.2742004394531,61499689
2020-04-30,443.05010986328125,40382553
2020-05-04,401.1251220703125,37853978
2020-05-05,387.3825378417969,50981056
2020-05-06,387.233154296875,67511628
2020-05-07,395.69781494140625,41339309
2020-05-08,380.46142578125,33505509
2020-05-11,377.9718017578125,30141935
2020-05-12,385.2414855957031,38411107
2020-05-13,412.278564453125,48206058
2020-05-14,400.2786865234375,31604212
2020-05-15,386.9344177246094,25435025
2020-05-18,357.30810546875,47864748
2020-05-19,353.0260009765625,42889678
2020-05-20,360.9927062988281,30720803
2020-05-21,355.7147521972656,24794914
2020-05-22,335.5489501953125,48367892
2020-05-26,339.880859375,30692834
2020-05-27,385.390869140625,72430787
2020-05-28,389.324462890625,72693713
2020-05-29,383.349365234375,51056390
2020-06-01,395.2994689941406,44252980
2020-06-02,408.3948059082031,37508638
2020-06-03,407.8470764160156,49055899
2020-06-04,392.7102966308594,45553578
2020-06-05,403.61474609375,39002875
2020-06-08,428.4610290527344,60387580
2020-06-09,418.3034362792969,46273705
2020-06-10,425.67266845703125,36163051
2020-06-11,411.7308654785156,45562670
2020-06-12,406.30352783203125,47813512
2020-06-15,387.98004150390625,39577100
2020-06-16,379.9634704589844,96186227
2020-06-17,387.98004150390625,56949066
2020-06-18,403.7143249511719,43773580
2020-06-19,415.3158874511719,52085319
2020-06-22,428.3614196777344,40454004
2020-06-23,441.8052978515625,30757220
2020-06-24,422.88427734375,33577082
2020-06-25,419.94659423828125,49853200
2020-06-26,423.0834655761719,32610915
2020-06-29,403.1168212890625,36319455
2020-06-30,404.9591369628906,26951915
2020-07-01,431.44854736328125,53380512
2020-07-02,421.4403381347656,50362770
2020-07-03,426.6684875488281,31044457
2020-07-06,432.1954345703125,18424079
2020-07-07,445.48992919921875,37991679
2020-07-08,442.3032531738281,45877067
2020-07-09,451.8633117675781,29162679
2020-07-10,437.7721862792969,25676354
2020-07-13,438.2202453613281,21326370
2020-07-14,415.96319580078125,25685579
2020-07-15,424.8759765625,43250557
2020-07-16,432.1954345703125,30183647
2020-07-17,431.2991638183594,33464985
2020-07-20,432.1954345703125,30400586
2020-07-21,444.3446960449219,43147019
2020-07-22,476.9585266113281,89611937
2020-07-23,458.9338073730469,40249567
2020-07-24,443.7472229003906,30566635
2020-07-27,429.7555847167969,21924237
2020-07-28,435.23272705078125,33057573
2020-07-29,439.06671142578125,24404819
2020-07-30,424.079345703125,26861618
2020-07-31,429.85516357421875,27499638
2020-08-03,415.6146545410156,23824107
2020-08-04,427.3656311035156,24746211
2020-08-05,433.1415100097656,36932321
2020-08-06,431.1995544433594,33465135
2020-08-07,431.4983215332031,15569399
2020-08-10,429.3074951171875,14888044
2020-08-11,446.1371765136719,30469633
2020-08-12,449.2243347167969,23184137
2020-08-13,446.2367858886719,21885850
2020-08-14,434.0377502441406,36725538
2020-08-17,436.3281555175781,30198343
2020-08-18,443.9463806152344,21768516
2020-08-19,442.3529968261719,18127671
2020-08-20,433.1415100097656,16688938
2020-08-21,438.61859130859375,25087973
2020-08-24,443.9463806152344,18196776
2020-08-25,449.9214172363281,26273592
2020-08-26,461.4233703613281,25914508
2020-08-27,471.0830383300781,19544214
2020-08-28,507.082763671875,59179945
2020-08-31,494.68450927734375,55830536
2020-09-01,483.68048095703125,33276725
2020-09-02,482.3858337402344,20750575
2020-09-03,472.97515869140625,14045705
2020-09-04,453.3072814941406,29405304
2020-09-07,456.792724609375,25967554
2020-09-08,442.50238037109375,21052285
2020-09-09,429.4568786621094,31657672
2020-09-10,444.9919738769531,34434841
2020-09-11,445.3405456542969,18620781
2020-09-14,438.7181701660156,17622727
2020-09-15,447.6807556152344,17328721
2020-09-16,444.1455383300781,20016188
2020-09-17,441.0584411621094,14306232
2020-09-18,441.5065612792969,20809690
2020-09-21,421.5897216796875,19013877
2020-09-22,410.2868957519531,27558176
2020-09-23,418.0046691894531,18612700
2020-09-24,400.776611328125,21177182
2020-09-25,413.3241882324219,20460096
2020-09-28,437.423583984375,19387091
2020-09-29,425.0751647949219,19996904
2020-09-30,422.88427734375,18485278
2020-10-01,441.8551025390625,21083211
2020-10-05,442.3032531738281,24252318
2020-10-06,447.78033447265625,19387351
2020-10-07,451.21600341796875,19873734
2020-10-08,450.02099609375,20909290
2020-10-09,466.10382080078125,28048230
2020-10-12,466.0540771484375,21261504
2020-10-13,459.43170166015625,15582492
2020-10-14,469.3403015136719,13984621
2020-10-15,460.6764831542969,28971494
2020-10-16,470.4357604980469,16288157
2020-10-19,490.90032958984375,28131936
2020-10-20,491.89617919921875,21376064
2020-10-21,499.3649597167969,27029535
2020-10-22,508.17816162109375,30022336
2020-10-23,505.091064453125,18810262
2020-10-26,491.2986755371094,17446937
2020-10-27,505.9873352050781,24239860
2020-10-28,502.6014709472656,30343575
2020-10-29,491.7966003417969,50934336
2020-10-30,490.4521789550781,23140833
2020-11-02,520.476806640625,37597227
2020-11-03,531.928955078125,25991938
2020-11-04,522.9664916992188,28905623
2020-11-05,537.0575561523438,23728389
2020-11-06,539.4973754882812,22256961
2020-11-09,562.7005615234375,26041462
2020-11-10,581.17333984375,34935409
2020-11-11,606.1192626953125,50289937
2020-11-12,597.2064208984375,34244439
2020-11-13,607.8121337890625,28813262
2020-11-14,610.6005249023438,3211214
2020-11-17,626.1854248046875,25960060
2020-11-18,633.6542358398438,24928180
2020-11-19,608.9573974609375,26525371
2020-11-20,605.322509765625,29556191
2020-11-23,593.1234741210938,23728765
2020-11-24,617.073486328125,30742369
2020-11-25,597.3557739257812,35115637
2020-11-26,610.0030517578125,35476456
2020-11-27,599.0985717773438,29921076
2020-12-01,601.1400756835938,21285697
2020-12-02,605.5714721679688,19070722
2020-12-03,600.1939697265625,17746316
2020-12-04,611.9448852539062,20019707
2020-12-07,616.6751708984375,24658169
2020-12-08,618.0693969726562,16005349
2020-12-09,631.56298828125,22000284
2020-12-10,624.4426879882812,16126862
2020-12-11,610.7001342773438,17950692
2020-12-14,613.339111328125,14567480
2020-12-15,604.5756225585938,22311290
2020-12-16,603.579833984375,14860853
2020-12-17,602.8827514648438,14598759
2020-12-18,606.9656982421875,17301814
2020-12-21,580.0779418945312,18580262
2020-12-22,587.2978515625,19896386
2020-12-23,589.986572265625,12247401
2020-12-24,607.6627197265625,15488083
2020-12-28,615.081787109375,8444506
2020-12-29,627.5796508789062,13765454
2020-12-30,622.5007934570312,10262221
2020-12-31,617.8701782226562,12306502
2021-01-01,621.2062377929688,6047062
2021-01-04,622.1024780273438,14068156
2021-01-05,661.687255859375,37973963
2021-01-06,651.5296020507812,20829645
2021-01-07,668.3095703125,17887570
2021-01-08,669.9029541015625,12272794
2021-01-11,664.1768188476562,7928365
2021-01-12,672.8905029296875,13301893
2021-01-13,684.9401245117188,15645903
2021-01-14,673.189208984375,9337503
2021-01-15,672.0439453125,12339771
2021-01-18,654.2681884765625,13460603
2021-01-19,665.9693603515625,9010539
2021-01-20,672.940185546875,9980614
2021-01-21,673.0398559570312,15849438
2021-01-22,641.8201293945312,21392223
2021-01-25,655.662353515625,21325345
2021-01-27,629.4717407226562,24462588
2021-01-28,667.9113159179688,64303975
2021-01-29,660.1436157226562,31273252
2021-02-01,706.4005126953125,30648270
2021-02-02,711.2303466796875,28703320
2021-02-03,730.7488403320312,23541361
2021-02-04,740.806884765625,20490289
2021-02-05,716.6078491210938,31121503
2021-02-08,733.089111328125,15662890
2021-02-09,739.4127197265625,22307807
2021-02-10,731.7446899414062,15140744
2021-02-11,737.0225830078125,11897710
2021-02-12,747.2798461914062,15668442
2021-02-15,790.6986083984375,20648115
2021-02-16,771.8272705078125,23968943
2021-02-17,774.51611328125,16956357
2021-02-18,773.7692260742188,19685663
2021-02-19,746.532958984375,15634787
2021-02-22,716.4585571289062,18123202
2021-02-23,712.9730834960938,16804763
2021-02-24,746.2839965820312,11207286
2021-02-25,767.4456176757812,26635119
2021-02-26,721.7862548828125,31306177
2021-03-01,725.5206909179688,14301187
2021-03-02,728.20947265625,14503453
2021-03-03,750.8150634765625,13603791
2021-03-04,733.736328125,16896947
2021-03-05,727.7114868164062,16358252
2021-03-08,740.2094116210938,13898556
2021-03-09,742.3504028320312,18951683
2021-03-10,757.5867919921875,13377990
2021-03-12,747.4789428710938,16343307
2021-03-15,741.3048095703125,22466579
2021-03-16,734.6824340820312,11358574
2021-03-17,724.8734130859375,12380976
2021-03-18,715.761474609375,12261544
2021-03-19,723.230224609375,20377672
2021-03-22,713.2220458984375,14802230
2021-03-23,727.5123901367188,15949688
2021-03-24,703.4628295898438,14379147
2021-03-25,691.7118530273438,21179280
2021-03-26,695.2969360351562,13143312
2021-03-30,692.4586791992188,25965218
2021-03-31,694.5499877929688,14924620
2021-04-01,710.0353393554688,13090326
2021-04-05,682.4006958007812,16239521
2021-04-06,675.081298828125,12062011
2021-04-07,685.3882446289062,14433515
2021-04-08,678.765869140625,9026398
2021-04-09,665.4215698242188,12509114
2021-04-12,632.9571533203125,14649541
2021-04-13,658.2515258789062,12737650
2021-04-15,666.06884765625,15195951
2021-04-16,666.41748046875,12242522
2021-04-19,645.4550170898438,17292072
2021-04-20,649.0399780273438,12296248
2021-04-22,655.9611206054688,19385102
2021-04-23,668.5585327148438,19167768
2021-04-26,697.5375366210938,21646184
2021-04-27,696.6412353515625,46559967
2021-04-28,705.20556640625,54060587
2021-04-29,716.4087524414062,25939327
2021-04-30,711.9274291992188,23011654
2021-05-03,699.8280029296875,13752878
2021-05-04,697.4378662109375,11980155
2021-05-05,714.2178344726562,11155033
2021-05-06,712.77392578125,9484934
2021-05-07,713.7697143554688,7131970
2021-05-10,712.2759399414062,7980462
2021-05-11,704.4088745117188,12736700
2021-05-12,688.4255981445312,10856584
2021-05-14,682.1517944335938,9377968
2021-05-17,706.3009033203125,12099197
2021-05-18,708.6909790039062,19519055
2021-05-19,713.8195190429688,20244016
2021-05-20,702.9649047851562,18840413
2021-05-21,727.8609619140625,15883692
2021-05-24,738.068359375,15716900
2021-05-25,728.5082397460938,11344261
2021-05-26,732.0433959960938,9081086
2021-05-27,747.2300415039062,23040846
2021-05-28,736.7736206054688,17149692
2021-05-31,747.5785522460938,9275086
2021-06-01,742.0516967773438,6660243
2021-06-02,733.935546875,9973043
2021-06-03,747.52880859375,8170508
2021-06-04,738.9645385742188,10336011
2021-06-07,747.9769287109375,6986728
2021-06-08,743.2466430664062,6426815
2021-06-09,733.6865234375,8004726
2021-06-10,741.1553955078125,7795125
2021-06-11,735.3795166015625,4840759
2021-06-14,733.188720703125,5190670
2021-06-15,747.77783203125,9686490
2021-06-16,746.6822509765625,8614096
2021-06-17,735.52880859375,6674329
2021-06-18,733.2384643554688,8143792
2021-06-21,736.4749145507812,6464497
2021-06-22,736.2757568359375,6727233
2021-06-23,729.304931640625,6154147
2021-06-24,736.07666015625,5313822
2021-06-25,758.184326171875,11170037
2021-06-28,759.2299194335938,7672743
2021-06-29,748.8234252929688,7500655
2021-06-30,745.1885375976562,5459970
2021-07-01,743.3462524414062,5695690
2021-07-02,747.52880859375,3557647
2021-07-05,757.1884155273438,4680089
2021-07-06,755.1967163085938,5529485
2021-07-07,759.7279052734375,3573368
2021-07-08,751.2632446289062,4188267
2021-07-09,744.242431640625,5782119
2021-07-12,750.4664916992188,4475466
2021-07-13,767.5452270507812,9810976
2021-07-14,766.8480834960938,5621924
2021-07-15,770.93115234375,4239868
2021-07-16,767.943603515625,2913553
2021-07-19,752.059814453125,5554486
2021-07-20,742.649169921875,5815740
2021-07-22,743.6449584960938,7876163
2021-07-23,752.2590942382812,6604465
2021-07-26,753.1552734375,7890992
2021-07-27,728.6575927734375,15441543
2021-07-28,719.8941650390625,11102486
2021-07-29,714.2677001953125,6855673
2021-07-30,705.952392578125,10358450
2021-08-02,718.1514892578125,6823345
2021-08-03,735.52880859375,9265839
2021-08-04,750.6657104492188,9744349
2021-08-05,746.1844482421875,7246991
2021-08-06,737.7695922851562,6522599
2021-08-09,752.3585815429688,6064688
2021-08-10,758.3834228515625,8309248
2021-08-11,757.6365356445312,6429468
2021-08-12,754.2008666992188,3572081
2021-08-13,756.7403564453125,4239376
2021-08-16,758.8316040039062,3967629
2021-08-17,753.6034545898438,5576110
2021-08-18,751.2632446289062,5370460
2021-08-20,737.1719970703125,6092036
2021-08-23,733.039306640625,3614761
2021-08-24,743.2466430664062,4537435
2021-08-25,735.9769897460938,6726509
2021-08-26,743.2466430664062,6492155
2021-08-27,749.2716064453125,5841967
2021-08-30,780.7899780273438,12517507
2021-08-31,783.229736328125,12114870
2021-09-01,795.5781860351562,19972195
2021-09-02,799.3623657226562,6799617
2021-09-03,794.681884765625,7509746
2021-09-06,797.4702758789062,4539192
2021-09-07,784.5740966796875,6926921
2021-09-08,791.3956298828125,5903035
2021-09-09,786.8645629882812,4909325
2021-09-13,785.072021484375,4814443
2021-09-14,791.096923828125,6301208
2021-09-15,788.109375,4075592
2021-09-16,799.2627563476562,15446511
2021-09-17,803.9929809570312,14641298
2021-09-20,792.5408935546875,6306484
2021-09-21,792.0429077148438,7833561
2021-09-22,785.072021484375,4359142
2021-09-23,808.7731323242188,9043492
2021-09-24,794.731689453125,5184626
2021-09-27,793.63623046875,7715259
2021-09-28,785.9185791015625,7369680
2021-09-29,778.8978271484375,14241004
2021-09-30,763.3626708984375,9178187
2021-10-01,764.9561157226562,6089895
2021-10-04,775.7609252929688,5845527
2021-10-05,779.345947265625,3945224
2021-10-06,775.7111206054688,5092479
2021-10-07,773.8688354492188,6622698
2021-10-08,778.6986694335938,4295686
2021-10-11,783.8770751953125,4417455
2021-10-12,793.83544921875,5098502
2021-10-13,791.2960205078125,4381414
2021-10-14,798.7150268554688,7157116
2021-10-18,809.9182739257812,11014585
2021-10-19,798.3167724609375,10633732
2021-10-20,801.45361328125,9023067
2021-10-21,804.441162109375,7405639
2021-10-22,813.30419921875,10646970
2021-10-25,841.5859985351562,29193770
2021-10-26,838.3994140625,16771909
2021-10-27,784.2255249023438,39606414
2021-10-28,755.1967163085938,19320926
2021-10-29,738.914794921875,21343427
2021-11-01,749.2216796875,11694854
2021-11-02,752.7070922851562,11812106
2021-11-03,747.4789428710938,10529505
2021-11-04,749.8192749023438,793433
2021-11-08,747.9271240234375,13872770
2021-11-09,741.9520263671875,12120207
2021-11-10,746.234130859375,10844883
2021-11-11,734.9811401367188,6195359
2021-11-12,732.989501953125,9372897
2021-11-15,730.201171875,12849161
2021-11-16,723.1306762695312,8978763
2021-11-17,709.3880004882812,18083445
2021-11-18,703.4129638671875,13458109
2021-11-22,683.5458984375,16741079
2021-11-23,682.799072265625,16575348
2021-11-24,682.3011474609375,11463429
2021-11-25,677.072998046875,9760486
2021-11-26,658.9984741210938,10252753
2021-11-29,648.3927612304688,12084376
2021-11-30,652.9238891601562,24699809
2021-12-01,676.774169921875,16184200
2021-12-02,673.2887573242188,8612601
2021-12-03,670.20166015625,9505985
2021-12-06,660.3428344726562,8022785
2021-12-07,684.1434326171875,15123987
2021-12-08,694.201416015625,11670826
2021-12-09,691.0645141601562,7021395
2021-12-10,685.1890869140625,5549743
2021-12-13,701.0728149414062,13634563
2021-12-14,707.944091796875,8612512
2021-12-15,709.5374755859375,7692888
2021-12-16,706.6992797851562,7309187
2021-12-17,686.0355834960938,7844705
2021-12-20,671.5460815429688,9934646
2021-12-21,663.081298828125,10116104
2021-12-22,666.5667724609375,7489534
2021-12-23,675.9775390625,6884683
2021-12-24,664.7244873046875,6028893
2021-12-27,669.355224609375,6996729
2021-12-28,672.6414794921875,4645547
2021-12-29,667.7120361328125,3969894
2021-12-30,666.06884765625,5119705
2021-12-31,675.7285766601562,5586980
2022-01-03,693.4545288085938,8550860
2022-01-04,706.201416015625,9705906
2022-01-05,723.8776245117188,11312955
2022-01-06,727.263427734375,7955578
2022-01-07,727.5621337890625,10454143
2022-01-10,739.71142578125,9595787
2022-01-11,740.1595458984375,7252279
2022-01-12,743.74462890625,5294563
2022-01-13,737.6201171875,5196538
2022-01-14,718.6990966796875,16302342
2022-01-17,709.6868286132812,19680557
2022-01-18,722.1845703125,24055886
2022-01-19,726.5663452148438,7746270
2022-01-20,725.8692626953125,8505400
2022-01-21,709.5374755859375,10689060
2022-01-24,701.6702880859375,8812501
2022-01-25,749.0723266601562,38088158
2022-01-27,770.63232421875,34927774
2022-01-28,761.5203857421875,17765524
2022-01-31,769.8356323242188,12319200
2022-02-01,778.64892578125,15457534
2022-02-02,800.7565307617188,13478899
2022-02-03,796.2254638671875,10802708
2022-02-04,795.2296752929688,10776387
2022-02-07,786.3168334960938,10939179
2022-02-08,795.2296752929688,12300670
2022-02-09,800.507568359375,9399830
2022-02-10,806.4328002929688,12848281
2022-02-11,800.457763671875,9717894
2022-02-14,770.1343383789062,8617389
2022-02-15,793.63623046875,7426563
2022-02-16,793.73583984375,7457765
2022-02-17,779.545166015625,6516308
2022-02-18,784.1259765625,5466662
2022-02-21,785.5699462890625,5635224
2022-02-22,775.9103393554688,6923558
2022-02-23,773.9683837890625,6303173
2022-02-24,727.263427734375,13085009
2022-02-25,754.8980102539062,10066136
2022-02-28,739.3131103515625,14463418
2022-03-02,747.1304931640625,11691602
2022-03-03,734.5828857421875,8357181
2022-03-04,712.0270385742188,11660648
2022-03-07,664.7743530273438,20147061
2022-03-08,667.612548828125,24828458
2022-03-09,671.396728515625,20438651
2022-03-10,692.0604248046875,23224756
2022-03-11,687.9773559570312,14224356
2022-03-14,707.09765625,10720884
2022-03-15,695.2470703125,12157425
2022-03-16,720.8401489257812,10038170
2022-03-17,736.1761474609375,13657428
2022-03-21,722.8817138671875,7495685
2022-03-22,728.3588256835938,11117081
2022-03-23,723.7282104492188,5886245
2022-03-24,719.2469482421875,7559843
2022-03-25,718.2510375976562,5430894
2022-03-28,732.9397583007812,7077669
2022-03-29,734.732177734375,6174137
2022-03-30,747.3296508789062,16618114
2022-03-31,757.985107421875,20449544
2022-04-01,771.3294067382812,9321859
2022-04-04,780.8396606445312,10959783
2022-04-05,779.8438720703125,7334134
2022-04-06,770.4829711914062,9954921
2022-04-07,788.806396484375,9820244
2022-04-08,791.5948486328125,8104237
2022-04-11,782.7815551757812,6340427
2022-04-12,795.1300048828125,7672215
2022-04-13,789.7525024414062,7640132
2022-04-18,795.5283813476562,11478317
2022-04-19,794.4827270507812,8711816
2022-04-20,791.3956298828125,6676491
2022-04-21,798.4661254882812,6851615
2022-04-22,777.3541870117188,6255027
2022-04-25,777.453857421875,8023525
2022-04-26,771.7775268554688,11087204
2022-04-27,762.7153930664062,11485697
2022-04-28,776.5575561523438,11037317
2022-04-29,725.5704345703125,34401710
2022-05-02,724.3256225585938,16136040
2022-05-04,704.2594604492188,14548684
2022-05-05,699.4296264648438,12726146
2022-05-06,670.6000366210938,15511195
2022-05-09,660.9403076171875,13999329
2022-05-10,657.0067138671875,9523698
2022-05-11,669.5543823242188,9352398
2022-05-12,646.9488525390625,11166084
2022-05-13,633.3057250976562,9618627
2022-05-16,636.293212890625,6159695
2022-05-17,652.2266845703125,8152237
2022-05-18,656.7080078125,13013873
2022-05-19,647.4965209960938,9216948
2022-05-20,670.3012084960938,9708672
2022-05-23,672.5418701171875,7919353
2022-05-24,661.288818359375,8088546
2022-05-25,662.2349243164062,5169619
2022-05-26,680.4089965820312,10114633
2022-05-27,685.4380493164062,5539060
2022-05-30,690.7658081054688,3818060
2022-05-31,682.3510131835938,10410424
2022-06-01,683.1973876953125,6966674
2022-06-02,688.6744995117188,6347433
2022-06-03,674.4837036132812,8475726
2022-06-06,669.405029296875,6756864
2022-06-07,663.081298828125,8312778
2022-06-08,655.8615112304688,9282494
2022-06-09,658.55029296875,5682743
2022-06-10,657.9527587890625,6758832
2022-06-13,646.2516479492188,6135431
2022-06-14,648.0441284179688,5391833
2022-06-15,647.7952270507812,4638336
2022-06-16,632.2600708007812,5960283
2022-06-17,632.5587768554688,6849201
2022-06-20,625.6875610351562,5305222
2022-06-21,633.8533935546875,10333886
2022-06-22,624.1937866210938,5899024
2022-06-23,626.733154296875,8450777
2022-06-24,631.3638305664062,6918584
2022-06-27,634.4508666992188,4552114
2022-06-28,639.6790771484375,10711123
2022-06-29,622.9489135742188,13620084
2022-06-30,634.1521606445312,10563138
2022-07-01,641.2724609375,6549359
2022-07-04,651.629150390625,3933384
2022-07-05,645.8035278320312,5044787
2022-07-06,655.2142333984375,6684686
2022-07-07,656.4110717773438,11171714
2022-07-08,667.3819580078125,12669533
2022-07-11,678.0537109375,14864123
2022-07-12,674.4133911132812,6446810
2022-07-13,678.1036376953125,9614674
2022-07-14,666.484375,8026311
2022-07-15,660.4503173828125,6015057
2022-07-18,682.6914672851562,12464664
2022-07-19,698.7488403320312,10171314
2022-07-20,703.83544921875,11620331
2022-07-21,713.6593627929688,8036515
2022-07-22,728.8192138671875,9713490
2022-07-25,725.4281616210938,6230411
2022-07-26,704.5834350585938,14135744
2022-07-27,717.0504150390625,6106880
2022-07-28,723.9820556640625,6964838
2022-07-29,722.8350830078125,6624854
2022-08-01,728.8690795898438,5493105
2022-08-02,728.52001953125,7275626
2022-08-03,728.56982421875,9458761
2022-08-04,719.6934204101562,7466635
2022-08-05,726.5751953125,4583196
2022-08-08,743.580078125,8191870
2022-08-10,737.0474853515625,9069541
2022-08-11,756.844970703125,12384073
2022-08-12,758.54052734375,4614341
2022-08-16,762.6297607421875,7051498
2022-08-17,770.0599365234375,7674390
2022-08-18,763.0286254882812,9449924
2022-08-19,755.49853515625,7553270
2022-08-22,739.889892578125,4994311
2022-08-23,745.0761108398438,6594634
2022-08-24,748.1680297851562,6875820
2022-08-25,741.3859252929688,6320890
2022-08-26,742.9318237304688,4613713
2022-08-29,726.7747192382812,5904146
2022-08-30,749.514404296875,9193270
2022-09-01,742.1838989257812,9353805
2022-09-02,748.2178344726562,7767812
2022-09-05,754.1022338867188,5894055
2022-09-06,748.0183715820312,7606181
2022-09-07,753.4041748046875,10156460
2022-09-08,777.6898193359375,13410790
2022-09-09,782.7762451171875,8732302
2022-09-12,798.8836669921875,15521649
2022-09-13,803.4215698242188,9887516
2022-09-14,800.92822265625,10494713
2022-09-15,787.9126586914062,5996899
2022-09-16,787.2144775390625,11467351
2022-09-19,795.9912109375,11427799
2022-09-20,810.6026000976562,8274079
2022-09-21,804.4188842773438,6567084
2022-09-22,787.1148681640625,7804275
2022-09-23,766.5692138671875,10278805
2022-09-26,740.6378784179688,11090327
2022-09-27,735.5514526367188,11358306
2022-09-28,714.5570678710938,13170668
2022-09-29,717.1002807617188,12090981
2022-09-30,731.2627563476562,9536017
2022-10-03,720.8403930664062,6405645
2022-10-04,740.83740234375,5438934
2022-10-06,753.1048583984375,9376433
2022-10-07,753.703369140625,7500540
2022-10-10,774.7974243164062,14106654
2022-10-11,783.4744873046875,15953495
2022-10-12,806.563232421875,21228018
2022-10-13,799.8809814453125,13024911
2022-10-14,798.3849487304688,8220645
2022-10-17,811.9988403320312,9463827
2022-10-18,814.193115234375,8470882
2022-10-19,827.6573486328125,10868663
2022-10-20,823.66796875,11813817
2022-10-21,898.0210571289062,58057724
2022-10-24,907.0470581054688,3085307
2022-10-25,900.4645385742188,13187308
2022-10-27,912.7320556640625,11967044
2022-10-28,900.6640014648438,7320207
2022-10-31,903.6062622070312,9038777
2022-11-01,869.4467163085938,29191921
2022-11-02,861.268310546875,11029140
2022-11-03,861.7670288085938,10185978
2022-11-04,865.8063354492188,7323879
2022-11-07,870.6434936523438,9931261
2022-11-09,871.3916015625,10190209
2022-11-10,841.4708251953125,18956575
2022-11-11,848.4523315429688,19329819
2022-11-14,848.7515258789062,6985306
2022-11-15,856.38134765625,7124767
2022-11-16,853.139892578125,6521854
2022-11-17,855.9324951171875,4909607
2022-11-18,856.9298706054688,7065304
2022-11-21,867.751220703125,7209207
2022-11-22,867.751220703125,5535233
2022-11-23,872.388916015625,5861417
2022-11-24,876.228759765625,4928778
2022-11-25,885.4043579101562,7614047
2022-11-28,889.343994140625,7928147
2022-11-29,890.1917114257812,5661158
2022-11-30,898.8687744140625,10452798
2022-12-01,901.4618530273438,7053100
2022-12-02,902.7584838867188,7988851
2022-12-05,896.8241577148438,5098164
2022-12-06,902.259765625,5351099
2022-12-07,912.2333984375,9103656
2022-12-08,936.8681030273438,17466047
2022-12-09,931.2330322265625,8018981
2022-12-12,936.1699829101562,7621788
2022-12-13,942.1041259765625,8136559
2022-12-14,939.9100341796875,8573479
2022-12-15,935.6713256835938,7359261
2022-12-16,932.6292724609375,6926928
2022-12-19,943.7000122070312,4842336
2022-12-20,947.2406005859375,9511818
2022-12-21,929.8367309570312,8368960
2022-12-22,917.120361328125,9202717
2022-12-23,904.20458984375,6371695
2022-12-26,926.2462768554688,4764440
2022-12-27,929.7369995117188,3346083
2022-12-28,922.2567749023438,5956496
2022-12-29,932.0807495117188,12204113
2022-12-30,931.2828369140625,3704449
2023-01-02,939.112060546875,3498198
2023-01-03,959.7574462890625,6927819
2023-01-04,954.9202880859375,9059392
2023-01-05,947.0411376953125,6998980
2023-01-06,937.4166870117188,5787783
2023-01-09,956.216796875,7025747
2023-01-10,949.63427734375,7140150
2023-01-11,947.2406005859375,7100355
2023-01-12,933.078125,8661375
2023-01-13,931.6818237304688,9083608
2023-01-16,910.7373657226562,10008273
2023-01-17,915.2752685546875,6904960
2023-01-18,921.55859375,5730939
2023-01-19,926.2462768554688,7721730
2023-01-20,928.0913696289062,4511360
2023-01-23,930.2357177734375,5236124
2023-01-24,907.7951049804688,18527897
2023-01-25,889.9921875,11921748
2023-01-27,871.44140625,17300736
2023-01-30,869.5463256835938,21233998
2023-01-31,869.297119140625,16856151
2023-02-01,854.9849853515625,12409819
2023-02-02,866.1553955078125,9567053
2023-02-03,880.2680053710938,7365732
2023-02-06,880.3179321289062,10129098
2023-02-07,876.7772216796875,5055187
2023-02-08,869.4467163085938,6572818
2023-02-09,865.4074096679688,5993312
2023-02-10,864.9585571289062,4603464
2023-02-13,856.830078125,5707194
2023-02-14,868.4493408203125,7527755
2023-02-15,866.0057983398438,7322266
2023-02-16,862.4652099609375,5843235
2023-02-17,852.6412353515625,8420479
2023-02-20,844.5127563476562,5992322
2023-02-21,841.8198852539062,9677064
2023-02-22,831.1481323242188,6984037
2023-02-23,842.1190185546875,8437003
2023-02-24,849.1505126953125,7763814
2023-02-27,852.0926513671875,8064267
2023-02-28,841.8697509765625,13012372
2023-03-01,862.8641357421875,12345125
2023-03-02,843.2161865234375,13900508
2023-03-03,850.397216796875,7977804
2023-03-06,857.2290649414062,10781567
2023-03-08,858.6752319335938,8785735
2023-03-09,865.5071411132812,14746065
2023-03-10,849.6491088867188,11198583
2023-03-13,830.1507568359375,8315798
2023-03-14,830.6494140625,12573734
2023-03-15,821.8726806640625,6652641
2023-03-16,828.3555297851562,8791383
2023-03-17,835.1875,7762461
2023-03-20,835.3370361328125,10744023
2023-03-21,853.33935546875,11489951
2023-03-22,847.4050903320312,8018924
2023-03-23,846.5573120117188,9857892
2023-03-24,837.680908203125,8078718
2023-03-27,831.1481323242188,10602508
2023-03-28,830.2505493164062,11002402
2023-03-29,840.3737182617188,17121194
2023-03-31,856.231689453125,12946752
2023-04-03,862.3155517578125,13266882
2023-04-05,858.2264404296875,11890015
2023-04-06,849.6990356445312,19677316
2023-04-10,845.1111450195312,15656078
2023-04-11,851.04541015625,23930907
2023-04-12,848.8013916015625,13480335
2023-04-13,862.0662231445312,23934570
2023-04-17,862.2656860351562,22577380
2023-04-18,861.06884765625,17238709
2023-04-19,871.0924072265625,23494247
2023-04-20,866.4546508789062,19444753
2023-04-21,861.9166259765625,15520786
2023-04-24,879.9688110351562,18201632
2023-04-25,876.0292358398438,36394389
2023-04-26,885.3047485351562,19468723
2023-04-27,879.0712280273438,15992383
2023-04-28,857.7277221679688,23004117
2023-05-02,868.349609375,12947953
2023-05-03,857.578125,15103015
2023-05-04,863.6620483398438,9756391
2023-05-05,863.0137329101562,14343308
2023-05-08,876.1289672851562,7007882
2023-05-09,885.903076171875,12117151
2023-05-10,887.5487060546875,11893027
2023-05-11,893.582763671875,13816121
2023-05-12,908.2439575195312,10533272
2023-05-15,913.3803100585938,7339579
2023-05-16,915.3750610351562,12567615
2023-05-17,912.3829956054688,10248327
2023-05-18,912.283203125,13614127
2023-05-19,921.6084594726562,8393002
2023-05-22,915.1256713867188,9383158
2023-05-23,913.7294311523438,8273445
2023-05-24,915.2752685546875,6248545
2023-05-25,918.6163940429688,8149350
2023-05-26,924.5008544921875,4908462
2023-05-29,927.34326171875,7133871
2023-05-30,934.97314453125,7804403
2023-05-31,912.4328002929688,34757004
2023-06-01,917.27001953125,11817533
2023-06-02,923.653076171875,11616991
2023-06-05,948.337646484375,14520005
2023-06-06,965.641845703125,14457988
2023-06-07,974.1692504882812,15795824
2023-06-08,959.5579223632812,10209982
2023-06-09,972.1744995117188,12947464
2023-06-12,971.6259765625,7465375
2023-06-13,983.2451782226562,15233785
2023-06-14,975.1167602539062,8644423
2023-06-15,974.5682373046875,15978311
2023-06-16,978.95654296875,8860900
2023-06-19,963.0986328125,11025846
2023-06-20,972.2742309570312,7596593
2023-06-21,963.4476928710938,7805855
2023-06-22,964.0460205078125,10135883
2023-06-23,955.8677978515625,6188008
2023-06-26,958.0120849609375,5799528
2023-06-27,970.678466796875,6921886
2023-06-28,975.615478515625,10010996
2023-06-30,984.8410034179688,7096350
2023-07-03,979.5050659179688,5562743
2023-07-04,968.13525390625,7396806
2023-07-05,963.9463500976562,8200047
2023-07-06,978.3582153320312,10221727
2023-07-07,975.1134643554688,6236524
2023-07-10,962.4839477539062,7138850
2023-07-11,951.6516723632812,10616390
2023-07-12,948.4568481445312,10141257
2023-07-13,958.5903930664062,13079930
2023-07-14,955.495361328125,5383514
2023-07-17,963.2826538085938,8472444
2023-07-18,962.084716796875,14457717
2023-07-19,962.7335815429688,7574544
2023-07-20,976.3115234375,15329753
2023-07-21,969.7222290039062,6230317
2023-07-24,969.921875,9167788
2023-07-25,960.9365234375,13448045
2023-07-26,975.2132568359375,8298226
2023-07-27,958.3407592773438,17858061
2023-07-28,948.4069213867188,8504392
2023-07-31,952.3505249023438,6601991
2023-08-01,958.3407592773438,8409096
2023-08-02,943.7145385742188,9324465
2023-08-03,934.0303344726562,17076611
2023-08-04,950.7031860351562,12376086
2023-08-07,945.861083984375,10922609
2023-08-08,951.3521118164062,11512735
2023-08-09,948.4568481445312,7701831
2023-08-10,938.2234497070312,13590891
2023-08-11,935.6776123046875,9558237
2023-08-14,938.4231567382812,7172522
2023-08-16,931.5343017578125,7394623
2023-08-17,935.0286865234375,9336994
2023-08-18,941.5181274414062,6648744
2023-08-21,951.0525512695312,6822155
2023-08-22,955.495361328125,10860061
2023-08-23,977.6593017578125,12677151
2023-08-24,979.755859375,11899556
2023-08-25,981.5030517578125,6228241
2023-08-28,988.591552734375,8451441
2023-08-29,979.10693359375,8114141
2023-08-30,981.7526245117188,9023083
2023-08-31,971.9186401367188,21558300
2023-09-01,989.5399780273438,10946742
2023-09-04,980.6544799804688,6727188
2023-09-05,979.8557739257812,10548660
2023-09-06,963.4823608398438,16351052
2023-09-07,976.6110229492188,8686550
2023-09-08,978.7075805664062,6439351
2023-09-11,998.7749633789062,7130484
2023-09-12,999.274169921875,8958327
2023-09-13,1012.8021850585938,12254423
2023-09-14,1019.2416381835938,7855558
2023-09-15,1025.4815673828125,8986157
2023-09-18,1023.08544921875,6397319
2023-09-20,1025.6312255859375,13619788
2023-09-21,1012.8021850585938,8156588
2023-09-22,1016.595947265625,7108110
2023-09-25,1017.2948608398438,7123890
2023-09-26,1012.5026245117188,6387615
2023-09-27,1023.5345458984375,5158686
2023-09-28,1029.225341796875,15818489
2023-09-29,1035.0159912109375,9528626
2023-10-03,1039.35888671875,11589322
2023-10-04,993.9328002929688,22584212
2023-10-05,1001.6203002929688,7950412
2023-10-06,999.3240356445312,5289753
2023-10-09,994.6317138671875,6823214
2023-10-10,1010.6056518554688,5728499
2023-10-11,1017.444580078125,7396783
2023-10-12,1016.795654296875,4920222
2023-10-13,992.4352416992188,12173162
2023-10-16,1003.1677856445312,4646960
2023-10-17,1006.4125366210938,6105067
2023-10-18,991.2372436523438,7818946
2023-10-19,989.7896118164062,4836625
2023-10-20,978.7575073242188,5664400
2023-10-23,962.7335815429688,5896695
2023-10-25,953.89794921875,6957048
2023-10-26,970.470947265625,17540495
2023-10-27,1001.12109375,13443016
2023-10-30,987.5932006835938,5270567
2023-10-31,980.2550659179688,7816805
2023-11-01,970.221435546875,5703984
2023-11-02,981.3533325195312,5193982
2023-11-03,987.24365234375,4268048
2023-11-06,1007.7603149414062,6552178
2023-11-07,1019.2416381835938,6559859
2023-11-08,1020.0403442382812,7643314
2023-11-09,1020.2400512695312,4407935
2023-11-10,1027.528076171875,3294063
2023-11-13,1023.684326171875,5985481
2023-11-15,1039.6583251953125,7240388
2023-11-16,1024.6827392578125,6908825
2023-11-17,992.7348022460938,13268353
2023-11-20,987.093994140625,8215656
2023-11-21,990.1889038085938,7061614
2023-11-22,996.4786376953125,6103988
2023-11-23,997.4271240234375,3112891
2023-11-24,1006.86181640625,6956281
2023-11-28,1019.4912719726562,6173384
2023-11-29,1058.427978515625,9422396
2023-11-30,1072.5050048828125,24755589
2023-12-01,1102.855712890625,14428758
2023-12-04,1123.771484375,14043213
2023-12-05,1130.6103515625,15804808
2023-12-06,1118.6798095703125,7342767
2023-12-07,1116.0341796875,6439419
2023-12-08,1129.3624267578125,7300989
2023-12-11,1114.6864013671875,6924589
2023-12-12,1129.162841796875,9044111
2023-12-13,1113.0390625,8184523
2023-12-14,1118.6298828125,9421193
2023-12-15,1118.530029296875,12048410
2023-12-18,1109.544677734375,7922468
2023-12-19,1118.4302978515625,6824641
2023-12-20,1108.446533203125,9848057
2023-12-21,1093.62060546875,10914682
2023-12-22,1086.5322265625,10600025
2023-12-26,1092.472412109375,5687517
2023-12-27,1104.5528564453125,6132936
2023-12-28,1106.05029296875,14097667
2023-12-29,1100.5093994140625,8786731
2024-01-01,1095.916748046875,4083732
2024-01-02,1091.47412109375,7895577
2024-01-03,1096.8154296875,10225290
2024-01-04,1121.5751953125,11411683
2024-01-05,1135.10302734375,8025466
2024-01-08,1120.177490234375,4735538
2024-01-09,1114.736328125,6359362
2024-01-10,1105.2017822265625,5934163
2024-01-11,1123.9212646484375,4683035
2024-01-12,1118.530029296875,5616755
2024-01-15,1117.6815185546875,6719079
2024-01-16,1117.2821044921875,5229753
2024-01-17,1080.5419921875,24913719
2024-01-18,1095.71728515625,11473135
2024-01-19,1114.736328125,12303696
2024-01-23,1087.4805908203125,18924087
2024-01-24,1057.4295654296875,20884046
2024-01-25,1040.5570068359375,20835434
2024-01-29,1059.526123046875,11188604
2024-01-30,1052.3876953125,9426983
2024-01-31,1066.015625,12600390
2024-02-01,1082.4886474609375,9756682
2024-02-02,1065.3167724609375,8667415
2024-02-05,1059.775634765625,12569454
2024-02-06,1048.34423828125,8011171
2024-02-07,1067.36328125,7281793
2024-02-08,1034.21728515625,9869141
2024-02-09,1049.692138671875,8233454
2024-02-12,1044.999755859375,8694379
2024-02-13,1069.0107421875,8413609
2024-02-14,1095.0682373046875,16609115
2024-02-15,1070.4583740234375,11780823
2024-02-16,1067.013916015625,8660907
2024-02-19,1061.2232666015625,7562645
2024-02-20,1086.8316650390625,8722800
2024-02-21,1082.4388427734375,9177213
2024-02-22,1099.1116943359375,14633340
2024-02-23,1095.0184326171875,6250943
2024-02-26,1083.4371337890625,5354189
2024-02-27,1077.2972412109375,6546815
2024-02-28,1072.455078125,7643191
2024-02-29,1073.353515625,13648997
2024-03-01,1097.4644775390625,4819390
2024-03-04,1104.9521484375,5895441
2024-03-05,1099.011962890625,4851446
2024-03-06,1123.172607421875,13787638
2024-03-07,1109.64453125,6943879
2024-03-11,1103.304931640625,6751641
2024-03-12,1095.218017578125,9817138
2024-03-13,1078.64501953125,11503890
2024-03-14,1056.531005859375,10253613
2024-03-15,1044.7001953125,17798175
2024-03-18,1059.6258544921875,7612407
2024-03-19,1049.0931396484375,6728886
2024-03-20,1033.069091796875,12619644
2024-03-21,1033.917724609375,9903738
2024-03-22,1031.62158203125,9891194
2024-03-26,1038.8597412109375,9656767
2024-03-27,1051.1397705078125,17027308
2024-03-28,1045.498779296875,10235318
2024-04-01,1051.3892822265625,5484556
2024-04-02,1045.498779296875,13617893
2024-04-03,1061.5228271484375,11573590
2024-04-04,1061.2232666015625,17964844
2024-04-05,1057.3795166015625,9210187
2024-04-08,1074.3021240234375,4967186
2024-04-09,1078.24560546875,11385226
2024-04-10,1086.0330810546875,9064074
2024-04-12,1071.706298828125,18045983
2024-04-15,1056.2314453125,8889435
2024-04-16,1050.19140625,7107881
2024-04-18,1022.3366088867188,17832438
2024-04-19,1027.4283447265625,21598007
2024-04-22,1052.2379150390625,9410832
2024-04-23,1054.0350341796875,8300012
2024-04-24,1061.5228271484375,5641163
2024-04-25,1125.1693115234375,46136295
2024-04-26,1128.4639892578125,10133766
2024-04-29,1157.366943359375,15183242
2024-04-30,1164.0062255859375,18965164
2024-05-02,1147.982177734375,12302236
2024-05-03,1139.645751953125,9993632
2024-05-06,1141.792236328125,7490104
2024-05-07,1125.8681640625,7115509
2024-05-08,1126.816650390625,8175609
2024-05-09,1113.8377685546875,5226693
2024-05-10,1118.280517578125,7242718
2024-05-13,1130.1612548828125,5513160
2024-05-14,1121.026123046875,5471143
2024-05-15,1126.2176513671875,5436338
2024-05-16,1137.449462890625,10750526
2024-05-17,1139.4959716796875,9909986
2024-05-21,1135.802001953125,8162017
2024-05-22,1124.1710205078125,9094033
2024-05-23,1163.357177734375,12818081
2024-05-24,1172.0928955078125,8814997
2024-05-27,1185.07177734375,10450046
2024-05-28,1181.4776611328125,4018776
2024-05-29,1157.8660888671875,9418064
2024-05-30,1166.052734375,7232217
2024-05-31,1160.26220703125,10057642
2024-06-03,1221.911865234375,22197339
2024-06-04,1129.412353515625,24135989
2024-06-05,1182.575927734375,21039499
2024-06-06,1169.0478515625,12006879
2024-06-07,1184.872314453125,8583998
2024-06-10,1198.0506591796875,9995057
2024-06-11,1192.659423828125,9390212
2024-06-12,1185.970458984375,7199718
2024-06-13,1172.741943359375,5321148
2024-06-14,1179.131591796875,4451031
2024-06-18,1189.9638671875,6837181
2024-06-19,1224.657470703125,17987437
2024-06-20,1237.486572265625,8206858
2024-06-21,1235.43994140625,29311314
2024-06-24,1226.1051025390625,6676530
2024-06-25,1269.3846435546875,17607952
2024-06-26,1283.31201171875,13956370
2024-06-27,1286.856201171875,22311393
2024-06-28,1263.1947021484375,7167069
2024-07-01,1259.8502197265625,5797015
2024-07-02,1251.364013671875,9945447
2024-07-03,1277.9207763671875,15171347
2024-07-04,1278.8193359375,4817380
2024-07-05,1284.9593505859375,8593502
2024-07-08,1285.7579345703125,4216951
2024-07-09,1287.305419921875,6930340
2024-07-10,1289.5518798828125,9020489
2024-07-11,1294.6435546875,7848846
2024-07-12,1316.1751708984375,11278987
2024-07-15,1306.33349609375,11537127
2024-07-16,1302.886474609375,5433264
2024-07-18,1308.281982421875,6787511
2024-07-19,1291.2464599609375,4496066
2024-07-22,1281.4049072265625,6695557
2024-07-23,1262.1712646484375,8789327
2024-07-24,1238.1917724609375,10344860
2024-07-25,1174.8958740234375,32979871
2024-07-26,1176.3446044921875,18554648
2024-07-29,1169.0509033203125,19598573
2024-07-30,1169.0009765625,18090045
2024-07-31,1165.104248046875,17347076
2024-08-01,1171.299072265625,11190500
2024-08-02,1159.8587646484375,10581445
2024-08-05,1132.5321044921875,12013362
2024-08-06,1125.138427734375,8571122
2024-08-07,1135.829345703125,8370312
2024-08-08,1137.17822265625,7903428
2024-08-09,1141.774169921875,6262086
2024-08-12,1163.305908203125,9078384
2024-08-13,1158.6097412109375,6180463
2024-08-14,1152.1153564453125,5021841
2024-08-16,1165.8536376953125,6107134
2024-08-19,1152.2652587890625,6691823
2024-08-20,1167.002685546875,6721749
2024-08-21,1173.397216796875,9480630
2024-08-22,1168.950927734375,5841326
2024-08-23,1164.954345703125,5121962
2024-08-26,1169.30078125,3392612
2024-08-27,1180.2413330078125,8702113
2024-08-28,1169.9500732421875,5483503
2024-08-29,1174.3963623046875,7290114
2024-08-30,1174.2464599609375,10190506
2024-09-02,1187.784912109375,6432362
2024-09-03,1190.58251953125,7920246
2024-09-04,1176.6943359375,6527941
2024-09-05,1179.5419921875,4234766
2024-09-06,1157.760498046875,9874576
2024-09-09,1169.8502197265625,7700940
2024-09-10,1186.1861572265625,8723854
2024-09-11,1185.087158203125,6000329
2024-09-12,1202.3223876953125,7592871
2024-09-13,1216.410400390625,6762566
2024-09-16,1229.9989013671875,4039284
2024-09-17,1231.0478515625,8030427
2024-09-18,1239.3907470703125,8210034
2024-09-19,1241.6387939453125,8449864
2024-09-20,1243.9368896484375,15009629
2024-09-23,1245.7353515625,5462814
2024-09-24,1238.4915771484375,9225946
2024-09-25,1267.01708984375,6853324
2024-09-26,1276.009521484375,7270078
2024-09-27,1272.0628662109375,13372027
2024-09-30,1231.1478271484375,8466919
2024-10-01,1225.6025390625,11164280
2024-10-03,1174.696044921875,17300892
2024-10-04,1177.393798828125,13064515
2024-10-07,1144.7216796875,20047013
2024-10-08,1152.3153076171875,8464570
2024-10-09,1169.15087890625,9807734
2024-10-10,1183.23876953125,6806243
2024-10-11,1171.4488525390625,4754158
2024-10-14,1163.355712890625,9765296
2024-10-15,1152.86474609375,8741516
2024-10-16,1152.2152099609375,7739854
2024-10-17,1130.883544921875,6595231
2024-10-18,1195.8280029296875,20829666
2024-10-21,1189.28369140625,7456038
2024-10-22,1174.7459716796875,7256246
2024-10-23,1159.4091796875,6501834
2024-10-24,1166.3531494140625,5046700
2024-10-25,1188.3343505859375,12798716
2024-10-28,1170.599609375,8572243
2024-10-29,1185.8365478515625,9908946
2024-10-30,1169.400634765625,9686560
2024-10-31,1158.5599365234375,8682294
2024-11-01,1168.5513916015625,460781
2024-11-04,1138.2772216796875,9288653
2024-11-05,1170.699462890625,11701049
2024-11-06,1165.50390625,10353506
2024-11-07,1158.9095458984375,6252889
2024-11-08,1159.9586181640625,3786168
2024-11-11,1170.0001220703125,6620678
2024-11-12,1157.1611328125,9606088
2024-11-13,1138.1773681640625,8079113
2024-11-14,1139.7259521484375,5975873
2024-11-18,1125.23828125,9474971
2024-11-19,1132.981689453125,19225966
2024-11-21,1138.1773681640625,8126248
2024-11-22,1141.424560546875,16687505
2024-11-25,1154.9129638671875,12385823
2024-11-26,1143.822509765625,5127437
2024-11-27,1148.6683349609375,5989943
2024-11-28,1131.532958984375,10731275
2024-11-29,1135.3297119140625,6406277
2024-12-02,1136.1290283203125,4785858
2024-12-03,1159.509033203125,8382042
2024-12-04,1158.4599609375,18379798
2024-12-05,1165.404052734375,10640451
2024-12-06,1183.53857421875,7542210
2024-12-09,1162.2567138671875,6308112
2024-12-10,1152.6649169921875,4714389
2024-12-11,1146.2703857421875,7788242
2024-12-12,1144.6717529296875,4825283
2024-12-13,1147.169677734375,8731618
2024-12-16,1149.917236328125,3975202
2024-12-17,1135.27978515625,7292817
2024-12-18,1121.291748046875,7222127
2024-12-19,1107.953125,11677610
2024-12-20,1070.9346923828125,12623056
2024-12-23,1078.228515625,3886921
2024-12-24,1077.978759765625,4343694
2024-12-26,1075.780517578125,4775460
2024-12-27,1076.5299072265625,3801667
2024-12-30,1069.036376953125,9452155
2024-12-31,1063.790771484375,5292136
2025-01-01,1070.8848876953125,2985355
2025-01-02,1085.672119140625,6557076
2025-01-03,1083.9736328125,7357220
2025-01-06,1062.491943359375,5283413
2025-01-07,1066.5885009765625,4619462
2025-01-08,1074.0321044921875,8780098
2025-01-09,1060.8433837890625,9054190
2025-01-10,1039.811279296875,5612886
2025-01-13,1048.404052734375,7180930
2025-01-14,1050.7520751953125,6892897
2025-01-15,1025.9232177734375,11418721
2025-01-16,1037.1136474609375,10261727
2025-01-17,990.2037353515625,33831617
2025-01-20,987.206298828125,33440507
2025-01-21,969.37158203125,11894500
2025-01-22,958.4808349609375,17303146
2025-01-23,950.2379150390625,24649522
2025-01-24,947.6900634765625,14421921
2025-01-27,947.2904052734375,12713296
2025-01-28,982.9598999023438,21781371
2025-01-29,982.560302734375,11175206
2025-01-30,983.8591918945312,10473118
2025-01-31,985.2579345703125,9036312
2025-02-01,997.2977294921875,4830391
2025-02-03,988.55517578125,7124605
2025-02-04,1014.4330444335938,16058171
2025-02-05,1012.4347534179688,7858373
2025-02-06,1019.8284301757812,5815563
2025-02-07,1023.2255249023438,8638651
2025-02-10,1010.8860473632812,3960565
2025-02-11,1006.539794921875,4808215
2025-02-12,1006.0402221679688,7669283
2025-02-13,1007.339111328125,6348246
2025-02-14,996.6482543945312,5375755
2025-02-17,992.1021118164062,7166803
2025-02-18,993.3011474609375,3090004
2025-02-19,1010.4863891601562,6401381
2025-02-20,1016.3314208984375,5011212
2025-02-21,1008.0885009765625,5019937
2025-02-24,1009.1875,4265454
2025-02-25,1008.23828125,5708975
2025-02-27,1015.8318481445312,9777690
2025-02-28,1014.6828002929688,15026849
2025-03-03,1006.389892578125,6763184
2025-03-04,1000.944580078125,5786420
2025-03-05,1013.5838012695312,5133873
2025-03-06,1033.2169189453125,7861120
2025-03-07,1036.7640380859375,7597321
2025-03-10,1034.9654541015625,5995655
2025-03-11,1024.774169921875,4771085
2025-03-12,1010.3365478515625,7504702
2025-03-13,1009.33740234375,4004140
2025-03-17,1033.2669677734375,5938668
2025-03-18,1033.2669677734375,0
2025-03-19,1051.1517333984375,4822365
2025-03-20,1053.44970703125,3742644
2025-03-21,1069.2362060546875,6848565
2025-03-24,1096.9124755859375,8284863
2025-03-25,1117.594970703125,11720528
2025-03-26,1095.31396484375,7127060
2025-03-27,1097.412109375,8508917
2025-03-28,1101.0589599609375,4921190
2025-04-01,1084.6729736328125,6638140
2025-04-02,1083.52392578125,4065344
2025-04-03,1088.9193115234375,5345660
2025-04-04,1090.3681640625,6059991
2025-04-07,1047.0550537109375,9720457
2025-04-08,1076.9295654296875,8723357
2025-04-09,1060.7435302734375,6690201
2025-04-11,1068.0372314453125,8144072
2025-04-15,1111.849853515625,9320299
2025-04-16,1160.3084716796875,12836428
2025-04-17,1189.783203125,13446336
2025-04-21,1221.9556884765625,15166580
2025-04-22,1215.760986328125,8461710
2025-04-23,1205.8695068359375,9433911
2025-04-24,1206.0692138671875,9078137
2025-04-25,1165.30419921875,17243807
2025-04-28,1191.781494140625,5523502
2025-04-29,1186.2862548828125,6074520
2025-04-30,1183.9881591796875,6288257
2025-05-02,1182.3895263671875,5249372
2025-05-05,1172.1981201171875,7236056
2025-05-06,1160.4083251953125,5348267
2025-05-07,1160.3084716796875,4263817
2025-05-08,1171.198974609375,9912347
2025-05-09,1150.1170654296875,5379571
2025-05-12,1201.9727783203125,7616208
2025-05-13,1192.580810546875,5569926
2025-05-14,1194.4791259765625,4084921
2025-05-15,1208.0675048828125,6705748
2025-05-16,1207.767822265625,4016269
2025-05-19,1201.77294921875,4550022
2025-05-20,1194.7789306640625,4724482
2025-05-21,1196.7772216796875,3712472
2025-05-22,1187.485107421875,4795583
2025-05-23,1209.066650390625,3676469
2025-05-26,1214.162353515625,3607612
2025-05-27,1194.5791015625,7249163
2025-05-28,1193.6798095703125,3525421
2025-05-29,1200.673828125,7788068
2025-05-30,1191.181884765625,9998488
2025-06-02,1193.380126953125,3761853
2025-06-03,1180.4910888671875,8155665
2025-06-04,1170.0001220703125,4306355
2025-06-05,1158.0103759765625,10481600
2025-06-06,1193.5799560546875,14715421
2025-06-09,1218.8583984375,9138108
2025-06-10,1231.747314453125,7747558
2025-06-11,1230.3485107421875,4135775
2025-06-12,1211.8643798828125,3461744
2025-06-13,1204.7703857421875,3906868
2025-06-16,1214.3621826171875,5697424
2025-06-17,1214.0623779296875,4492946
2025-06-18,1219.9573974609375,3135662
2025-06-19,1216.4603271484375,4243763
2025-06-20,1219.6575927734375,4652390
2025-06-23,1213.063232421875,2312469
2025-06-24,1220.1572265625,6745788
2025-06-25,1212.2640380859375,4229259
2025-06-26,1232.44677734375,8678448
2025-06-27,1224.0538330078125,6068274
2025-06-30,1198.1759033203125,6559872
2025-07-01,1172.2982177734375,8702198
2025-07-02,1174.2965087890625,5471100
2025-07-03,1170.0999755859375,6237185
2025-07-04,1177.5999755859375,3926186
2025-07-07,1175.0999755859375,5783402
2025-07-08,1165.4000244140625,9973619
2025-07-09,1164.699951171875,8674795
2025-07-10,1164.300048828125,4339755
2025-07-11,1173.800048828125,4468654
2025-07-14,1172.699951171875,4772502
2025-07-15,1165.9000244140625,4776756
2025-07-16,1168.4000244140625,4388279
2025-07-17,1159.800048828125,5694428
2025-07-18,1099.300048828125,38053695
2025-07-21,1099.5999755859375,15905500
2025-07-22,1098.0,9999957
2025-07-23,1104.800048828125,6633979
2025-07-24,1095.0999755859375,9901209
2025-07-25,1086.0999755859375,11779887
2025-07-28,1073.5999755859375,9029557
2025-07-29,1064.199951171875,15599773
2025-07-30,1073.300048828125,8247433
2025-07-31,1068.4000244140625,7634413
2025-08-01,1062.4000244140625,5545447
2025-08-04,1068.5999755859375,4465845
2025-08-05,1070.800048828125,5318081
2025-08-06,1071.0,4216651
2025-08-07,1076.199951171875,5321131
2025-08-08,1058.0999755859375,5084903
2025-08-11,1073.300048828125,5452775
2025-08-12,1070.0,4573025
2025-08-13,1066.0,4966778
2025-08-14,1068.199951171875,6761305
2025-08-18,1082.5999755859375,7964987
2025-08-19,1083.199951171875,5661531
2025-08-20,1080.199951171875,3034728
2025-08-21,1078.9000244140625,6459262
2025-08-22,1070.9000244140625,3853718
2025-08-25,1070.0,2711278
2025-08-26,1050.0999755859375,7197666
2025-08-28,1051.9000244140625,8564803
2025-08-29,1045.199951171875,4718016
2025-09-01,1061.5,3190426
2025-09-02,1056.199951171875,4933541
2025-09-03,1054.699951171875,8303296
2025-09-04,1050.4000244140625,8088417
2025-09-05,1055.9000244140625,2849589
2025-09-08,1055.5,2260147
2025-09-09,1052.199951171875,4310419
2025-09-10,1070.0999755859375,5241075
2025-09-11,1087.4000244140625,5227539
2025-09-12,1105.300048828125,6014850
2025-09-15,1104.4000244140625,3881807
2025-09-16,1121.199951171875,7965606
2025-09-17,1126.0,5590739
2025-09-18,1133.0,5713032
2025-09-19,1135.9000244140625,8910732
2025-09-22,1144.4000244140625,7689900
2025-09-23,1170.800048828125,16079093
2025-09-24,1158.9000244140625,12812055
2025-09-25,1166.5999755859375,11188302
2025-09-26,1154.0,5618932
2025-09-29,1132.199951171875,9693881
2025-09-30,1131.5999755859375,8165203
2025-10-01,1159.5,9655009
2025-10-03,1181.0,11095015
2025-10-06,1212.800048828125,20128505
2025-10-07,1186.800048828125,8620156
2025-10-08,1180.5999755859375,5160430
2025-10-09,1167.4000244140625,7194651
2025-10-10,1180.4000244140625,6933035
2025-10-13,1189.5999755859375,4138448
2025-10-14,1176.800048828125,5742538
2025-10-15,1169.5999755859375,6328142
2025-10-16,1196.300048828125,17747171
2025-10-17,1200.199951171875,6404414
2025-10-20,1226.0,7418616
2025-10-21,1237.300048828125,1940248
2025-10-23,1258.800048828125,14611221
2025-10-24,1241.9000244140625,4882046
2025-10-27,1254.0999755859375,6185072
2025-10-28,1246.300048828125,8146777
2025-10-29,1248.800048828125,4578825
2025-10-30,1238.5999755859375,4017532
2025-10-31,1232.800048828125,4106607
2025-11-03,1233.699951171875,6118907
2025-11-04,1226.5999755859375,3299345
2025-11-06,1228.5,3733721
2025-11-07,1222.800048828125,3461466
2025-11-10,1217.0,4140568
2025-11-11,1222.5,5615453
2025-11-12,1221.5999755859375,6782513
2025-11-13,1225.199951171875,3345231
2025-11-14,1241.5999755859375,5197740
2025-11-17,1249.5999755859375,4088026
2025-11-18,1265.4000244140625,10175969
2025-11-19,1270.4000244140625,4101288
2025-11-20,1285.199951171875,4617594
2025-11-21,1275.800048828125,6363593
2025-11-24,1269.0,10491953
2025-11-25,1266.300048828125,5290156
2025-11-26,1290.199951171875,4842021
2025-11-27,1287.300048828125,5924706
2025-11-28,1279.699951171875,3093636
2025-12-01,1275.699951171875,4098016
2025-12-02,1258.0,8115347
2025-12-03,1270.699951171875,3582794
2025-12-04,1280.0,3216108
2025-12-05,1282.5,2728214
2025-12-08,1273.800048828125,2969478
2025-12-09,1275.9000244140625,4239279
2025-12-10,1278.5999755859375,2928746
2025-12-11,1272.699951171875,2017404
2025-12-12,1286.0999755859375,2281078
2025-12-15,1284.800048828125,1634472
2025-12-16,1219.5999755859375,11542048
2025-12-17,1224.699951171875,5147181
2025-12-18,1229.800048828125,3441592
2025-12-19,1230.5999755859375,5055047
2025-12-22,1233.199951171875,2405809
2025-12-23,1225.0,2920318
2025-12-24,1226.300048828125,3155506
2025-12-26,1228.199951171875,1665983
2025-12-29,1232.0,2209655
2025-12-30,1246.0,5673233
2025-12-31,1269.4000244140625,3711090
2026-01-01,1274.4000244140625,2022412
2026-01-02,1266.9000244140625,5860547
2026-01-05,1285.800048828125,6177100
2026-01-06,1293.800048828125,6751769
2026-01-07,1295.5,5440002
2026-01-08,1286.800048828125,3949654
2026-01-09,1272.0,5531427
2026-01-12,1274.199951171875,6489750
2026-01-13,1262.0,5163166
2026-01-14,1298.800048828125,7776704
2026-01-15,1298.800048828125,0
2026-01-16,1294.199951171875,5175495
2026-01-19,1307.5,8833223
2026-01-20,1293.5,6268527
2026-01-21,1284.9000244140625,3854702
2026-01-22,1294.800048828125,5949677
2026-01-23,1258.0,8885549
2026-01-27,1315.800048828125,22715357
2026-01-28,1319.800048828125,15426403
2026-01-29,1363.699951171875,16107684
2026-01-30,1370.4000244140625,14758482
2026-02-02,1311.5,8647298
2026-02-03,1356.199951171875,10384723
2026-02-04,1338.699951171875,6672251
2026-02-05,1330.5999755859375,3766488
2026-02-06,1341.5999755859375,5876574
2026-02-09,1341.4000244140625,4077536
2026-02-10,1356.699951171875,5478998
2026-02-11,1347.300048828125,3866272
2026-02-12,1340.0,4152620
2026-02-13,1332.300048828125,4624549
2026-02-16,1358.300048828125,5082167
2026-02-17,1357.199951171875,4513065
2026-02-18,1377.0,5556076
2026-02-19,1356.5999755859375,2744704
2026-02-20,1368.300048828125,3791536
2026-02-23,1386.699951171875,6160153
