date,adj_close,volume
2015-01-01,127.90369415283203,293920
2015-01-02,126.81512451171875,435600
2015-01-05,125.13008117675781,315660
2015-01-06,122.2371826171875,377240
2015-01-07,122.1327896118164,731140
2015-01-08,128.22178649902344,872680
2015-01-09,127.16802978515625,327840
2015-01-12,126.02477264404297,196780
2015-01-13,127.88876342773438,580420
2015-01-14,124.6827163696289,2587050
2015-01-15,128.14723205566406,1368270
2015-01-16,126.01981353759766,810480
2015-01-19,125.05550384521484,325300
2015-01-20,131.41790771484375,1360140
2015-01-21,128.50511169433594,1004960
2015-01-22,129.0568389892578,378310
2015-01-23,130.4486541748047,255020
2015-01-27,136.73146057128906,1055220
2015-01-28,144.18740844726562,2744860
2015-01-29,145.16661071777344,1059650
2015-01-30,143.904052734375,726130
2015-02-02,150.04273986816406,2714020
2015-02-03,145.98175048828125,667360
2015-02-04,146.2700653076172,501620
2015-02-05,146.75222778320312,216290
2015-02-06,146.0364227294922,308180
2015-02-09,144.1029052734375,181200
2015-02-10,142.8055419921875,330010
2015-02-11,140.20094299316406,182820
2015-02-12,149.02377319335938,653460
2015-02-13,150.1968536376953,728530
2015-02-16,147.47792053222656,974540
2015-02-18,147.53758239746094,485050
2015-02-19,145.86251831054688,236600
2015-02-20,146.2700653076172,138300
2015-02-23,142.72105407714844,4213950
2015-02-24,142.14447021484375,310620
2015-02-25,142.2836456298828,220350
2015-02-26,139.14222717285156,392490
2015-02-27,141.37899780273438,518850
2015-03-02,144.2867889404297,705830
2015-03-03,147.6320037841797,2472640
2015-03-04,146.15574645996094,933390
2015-03-05,152.01112365722656,3075300
2015-03-09,146.20547485351562,1599670
2015-03-10,144.8534698486328,922780
2015-03-11,144.9777069091797,398460
2015-03-12,147.09022521972656,2048440
2015-03-13,149.2126922607422,2585500
2015-03-16,144.36135864257812,1027980
2015-03-17,146.10604858398438,1134190
2015-03-18,142.631591796875,1227020
2015-03-19,140.14627075195312,1059700
2015-03-20,137.16888427734375,7859730
2015-03-23,132.74502563476562,553620
2015-03-24,133.3464813232422,600420
2015-03-25,136.6768035888672,1528320
2015-03-26,137.10922241210938,646920
2015-03-27,134.83767700195312,697550
2015-03-30,139.1223602294922,529100
2015-03-31,140.6234588623047,985290
2015-04-01,141.9158172607422,448110
2015-04-06,141.8213653564453,295280
2015-04-07,142.27865600585938,420600
2015-04-08,144.70437622070312,445590
2015-04-09,145.60398864746094,443770
2015-04-10,144.6297607421875,243060
2015-04-13,142.99444580078125,168320
2015-04-15,141.33424377441406,233200
2015-04-16,142.61666870117188,242640
2015-04-17,141.37899780273438,210050
2015-04-20,133.10293579101562,535080
2015-04-21,133.76400756835938,420840
2015-04-22,131.6813201904297,284090
2015-04-23,135.35960388183594,186120
2015-04-24,135.22535705566406,208550
2015-04-27,131.82546997070312,144050
2015-04-28,131.7658233642578,348190
2015-04-29,138.10336303710938,310230
2015-04-30,142.64649963378906,1146680
2015-05-04,144.2569580078125,530200
2015-05-05,143.52130126953125,386410
2015-05-06,143.03916931152344,298140
2015-05-07,137.16390991210938,253110
2015-05-08,141.6673126220703,192070
2015-05-11,143.36721801757812,410950
2015-05-12,141.86610412597656,243300
2015-05-13,142.4625701904297,110850
2015-05-14,143.36721801757812,829440
2015-05-15,143.57601928710938,254670
2015-05-18,145.09698486328125,263620
2015-05-19,145.76304626464844,173240
2015-05-20,144.1824188232422,577790
2015-05-21,145.1964111328125,472550
2015-05-22,146.2601318359375,159890
2015-05-25,147.2790985107422,197680
2015-05-26,147.3288116455078,229300
2015-05-27,152.3839111328125,517940
2015-05-28,152.08567810058594,577130
2015-05-29,151.8123016357422,351950
2015-06-01,149.5954132080078,170290
2015-06-02,149.6451416015625,2491530
2015-06-03,150.7684783935547,5312670
2015-06-04,152.1204833984375,954550
2015-06-05,150.62432861328125,719690
2015-06-08,149.2921905517578,553770
2015-06-09,155.39112854003906,371370
2015-06-10,154.20811462402344,555620
2015-06-11,153.07977294921875,659300
2015-06-12,149.23751831054688,320530
2015-06-15,149.04368591308594,101610
2015-06-16,148.6211700439453,143960
2015-06-17,149.14804077148438,3990730
2015-06-18,150.85296630859375,157500
2015-06-19,150.87286376953125,164050
2015-06-22,150.80821228027344,2239910
2015-06-23,151.66319274902344,1053780
2015-06-24,149.30712890625,210990
2015-06-25,150.2316436767578,563050
2015-06-26,149.17787170410156,1398710
2015-06-29,150.5646514892578,663200
2015-06-30,152.3093719482422,157910
2015-07-01,154.84437561035156,275780
2015-07-02,159.28807067871094,741550
2015-07-03,167.21124267578125,696800
2015-07-06,170.91432189941406,875650
2015-07-07,175.56187438964844,844810
2015-07-08,174.8809051513672,396000
2015-07-09,170.03968811035156,255640
2015-07-10,171.67662048339844,406910
2015-07-13,172.01995849609375,144870
2015-07-14,172.99517822265625,163820
2015-07-15,175.92576599121094,313510
2015-07-16,173.22900390625,167590
2015-07-17,171.1442413330078,202900
2015-07-20,169.49732971191406,492960
2015-07-21,167.79566955566406,129830
2015-07-22,166.8802032470703,390460
2015-07-23,172.11447143554688,1788230
2015-07-24,171.84579467773438,774280
2015-07-27,170.81585693359375,311800
2015-07-28,172.17913818359375,449530
2015-07-29,180.4783935546875,1676300
2015-07-30,182.41885375976562,917450
2015-07-31,183.667724609375,790090
2015-08-03,189.57371520996094,945030
2015-08-04,201.6742706298828,2569640
2015-08-05,198.13165283203125,820370
2015-08-06,191.64854431152344,658970
2015-08-07,200.0223846435547,1441930
2015-08-10,199.35565185546875,495890
2015-08-11,199.60443115234375,467820
2015-08-12,197.71371459960938,613260
2015-08-13,192.58889770507812,1917260
2015-08-14,196.27081298828125,250470
2015-08-17,193.3302459716797,316820
2015-08-18,191.12112426757812,197940
2015-08-19,187.4740447998047,309280
2015-08-20,187.0162811279297,2315400
2015-08-21,186.8819122314453,342140
2015-08-24,170.63174438476562,1031710
2015-08-25,169.98989868164062,849030
2015-08-26,170.5620880126953,386910
2015-08-27,173.61215209960938,331030
2015-08-28,180.6177215576172,998140
2015-08-31,180.09527587890625,293190
2015-09-01,176.39344787597656,529790
2015-09-02,177.65228271484375,620820
2015-09-03,184.11553955078125,432430
2015-09-04,181.9810028076172,517290
2015-09-07,174.19424438476562,661500
2015-09-08,174.14451599121094,916880
2015-09-09,180.2296142578125,285980
2015-09-10,179.64248657226562,556230
2015-09-11,178.14981079101562,145740
2015-09-14,187.23521423339844,767210
2015-09-15,185.31959533691406,305970
2015-09-16,183.34432983398438,279180
2015-09-18,182.55320739746094,1849440
2015-09-21,177.72193908691406,1032150
2015-09-22,177.60252380371094,553330
2015-09-23,175.50282287597656,331160
2015-09-24,173.63699340820312,316100
2015-09-28,172.23390197753906,249640
2015-09-29,171.55224609375,978370
2015-09-30,172.10450744628906,5383950
2015-10-01,175.39834594726562,610890
2015-10-05,179.0603790283203,672080
2015-10-06,177.32388305664062,802070
2015-10-07,176.45816040039062,405640
2015-10-08,176.19444274902344,226510
2015-10-09,178.56776428222656,718380
2015-10-12,178.2692413330078,478720
2015-10-13,174.96051025390625,232490
2015-10-14,174.74652099609375,134410
2015-10-15,173.81610107421875,179370
2015-10-16,176.1645965576172,1513530
2015-10-19,177.97569274902344,522420
2015-10-20,181.5232391357422,1031550
2015-10-21,184.02597045898438,1069670
2015-10-23,182.04071044921875,305990
2015-10-26,189.62344360351562,924070
2015-10-27,197.5146942138672,2569500
2015-10-28,196.91758728027344,1416700
2015-10-29,195.44985961914062,886410
2015-10-30,195.83795166015625,902360
2015-11-02,196.5742950439453,358650
2015-11-03,196.9723663330078,702750
2015-11-04,194.46966552734375,580290
2015-11-05,194.9373779296875,932720
2015-11-06,196.8380126953125,738310
2015-11-09,195.15130615234375,331170
2015-11-10,190.21060180664062,336180
2015-11-13,191.79281616210938,574150
2015-11-16,190.37478637695312,396010
2015-11-17,191.33009338378906,175060
2015-11-18,192.18089294433594,195690
2015-11-19,192.2953338623047,122070
2015-11-20,192.52420043945312,176710
2015-11-23,195.02194213867188,488530
2015-11-24,196.3155975341797,426610
2015-11-26,196.55441284179688,529200
2015-11-27,195.88768005371094,184920
2015-11-30,191.27532958984375,376190
2015-12-01,198.1416015625,599840
2015-12-02,202.98782348632812,443630
2015-12-03,201.664306640625,369800
2015-12-04,199.98255920410156,138210
2015-12-07,192.26548767089844,417330
2015-12-08,190.086181640625,251570
2015-12-09,186.48887634277344,280360
2015-12-10,191.33009338378906,685010
2015-12-11,189.13584899902344,162910
2015-12-14,189.6185302734375,182660
2015-12-15,188.23031616210938,119090
2015-12-16,191.7131805419922,337910
2015-12-17,194.65374755859375,282230
2015-12-18,191.1658935546875,196780
2015-12-21,192.99691772460938,306760
2015-12-22,192.16098022460938,409240
2015-12-23,192.65359497070312,739120
2015-12-24,191.73805236816406,176950
2015-12-28,191.26043701171875,122070
2015-12-29,191.56394958496094,263930
2015-12-30,193.67855834960938,832030
2015-12-31,197.81820678710938,478330
2016-01-01,197.4102020263672,444880
2016-01-04,194.99208068847656,166330
2016-01-05,193.648681640625,289710
2016-01-06,192.90731811523438,183520
2016-01-07,191.76296997070312,313990
2016-01-08,199.0620880126953,775570
2016-01-11,193.38995361328125,684410
2016-01-12,194.79307556152344,226260
2016-01-13,197.77342224121094,524490
2016-01-14,193.93727111816406,258440
2016-01-15,189.6185302734375,314070
2016-01-18,182.29449462890625,522450
2016-01-19,183.97622680664062,467500
2016-01-20,184.3195343017578,237260
2016-01-21,183.77220153808594,610470
2016-01-22,188.2551727294922,267590
2016-01-25,191.5042266845703,212080
2016-01-27,188.32981872558594,288050
2016-01-28,186.4988250732422,344870
2016-01-29,185.25491333007812,644440
2016-02-01,185.44400024414062,430930
2016-02-02,180.9211883544922,463500
2016-02-03,186.9366455078125,2513520
2016-02-04,187.1605682373047,930610
2016-02-05,189.92697143554688,739640
2016-02-08,182.66265869140625,672720
2016-02-09,177.54779052734375,307200
2016-02-10,178.08517456054688,279760
2016-02-11,168.82562255859375,1841180
2016-02-12,169.2734375,340450
2016-02-15,171.5024871826172,221640
2016-02-16,169.54708862304688,234700
2016-02-17,169.2833709716797,158420
2016-02-18,171.2537078857422,216830
2016-02-19,166.49208068847656,263280
2016-02-22,162.23301696777344,522330
2016-02-23,160.7950897216797,337470
2016-02-24,160.8050537109375,233880
2016-02-25,159.25267028808594,458350
2016-02-26,159.38201904296875,472880
2016-02-29,160.40200805664062,324840
2016-03-01,168.2036895751953,380310
2016-03-02,170.9601593017578,551440
2016-03-03,166.70106506347656,475900
2016-03-04,166.23336791992188,255700
2016-03-08,166.15875244140625,1716350
2016-03-09,166.99961853027344,168760
2016-03-10,167.95989990234375,257950
2016-03-11,163.79537963867188,488430
2016-03-14,163.6908721923828,256510
2016-03-15,165.34275817871094,850720
2016-03-16,163.86343383789062,501450
2016-03-17,164.5408172607422,757530
2016-03-18,164.30674743652344,498310
2016-03-21,164.32168579101562,2294360
2016-03-22,165.81593322753906,1929890
2016-03-23,171.81776428222656,949700
2016-03-28,167.83815002441406,477760
2016-03-29,166.05003356933594,229120
2016-03-30,169.00363159179688,239980
2016-03-31,170.4530487060547,971740
2016-04-01,174.0043487548828,1405480
2016-04-04,174.45762634277344,363600
2016-04-05,174.20858764648438,273710
2016-04-06,175.8671875,245660
2016-04-07,175.7078094482422,113080
2016-04-08,174.31813049316406,1271430
2016-04-11,177.11737060546875,1187080
2016-04-12,177.17214965820312,977830
2016-04-13,181.42074584960938,1099220
2016-04-18,186.44143676757812,1175370
2016-04-20,187.45252990722656,1794190
2016-04-21,183.93109130859375,717430
2016-04-22,184.04066467285156,592940
2016-04-25,183.4081268310547,339650
2016-04-26,186.18240356445312,679730
2016-04-27,187.2383575439453,465030
2016-04-28,183.5326385498047,1238450
2016-04-29,186.81500244140625,249650
2016-05-02,193.3448028564453,718070
2016-05-03,194.03216552734375,708150
2016-05-04,188.61801147460938,450690
2016-05-05,188.08010864257812,382100
2016-05-06,186.5958251953125,355100
2016-05-09,187.29315185546875,491620
2016-05-10,185.16635131835938,312930
2016-05-11,186.59083557128906,328390
2016-05-12,188.57818603515625,1033500
2016-05-13,186.0081024169922,560170
2016-05-16,185.07669067382812,427820
2016-05-17,184.99200439453125,538750
2016-05-18,185.1912384033203,448040
2016-05-19,184.63336181640625,322400
2016-05-20,179.7870635986328,484720
2016-05-23,179.9215545654297,389960
2016-05-24,175.54840087890625,957030
2016-05-25,178.2480010986328,1022650
2016-05-26,178.52691650390625,619450
2016-05-27,182.86520385742188,2068410
2016-05-30,183.20887756347656,517680
2016-05-31,181.36598205566406,425220
2016-06-01,179.16445922851562,1716460
2016-06-02,184.42916870117188,1857070
2016-06-03,184.86749267578125,1699900
2016-06-06,185.8835906982422,480810
2016-06-07,186.9544677734375,626870
2016-06-08,185.30581665039062,574780
2016-06-09,183.3284149169922,500870
2016-06-10,180.5192413330078,789840
2016-06-13,176.50473022460938,798660
2016-06-14,186.67054748535156,2500860
2016-06-15,193.94248962402344,3065700
2016-06-16,203.61026000976562,6193990
2016-06-17,204.82557678222656,1832920
2016-06-20,200.0141143798828,1266670
2016-06-21,200.5321044921875,411640
2016-06-22,201.78228759765625,575400
2016-06-23,199.52099609375,514630
2016-06-24,206.96730041503906,1704710
2016-06-27,217.35231018066406,5237010
2016-06-28,218.766845703125,2202390
2016-06-29,228.9276580810547,3250930
2016-06-30,231.2686767578125,2998350
2016-07-01,234.57591247558594,2038290
2016-07-04,234.27207946777344,1653710
2016-07-05,230.57630920410156,816040
2016-07-07,231.4878387451172,709600
2016-07-08,229.7196044921875,412340
2016-07-11,235.00924682617188,2822870
2016-07-12,241.97738647460938,2797700
2016-07-13,235.2781982421875,1101000
2016-07-14,238.8095703125,933110
2016-07-15,242.0869598388672,744560
2016-07-18,245.11029052734375,1363000
2016-07-19,248.87579345703125,1124050
2016-07-20,254.43934631347656,2789000
2016-07-21,259.868408203125,2734000
2016-07-22,258.9867858886719,2104030
2016-07-25,258.9967346191406,1846360
2016-07-26,270.46258544921875,7122620
2016-07-27,260.4113464355469,2122380
2016-07-28,265.4817810058594,3378160
2016-07-29,271.3442077636719,3522140
2016-08-01,281.7889099121094,3404200
2016-08-02,271.5633544921875,4341300
2016-08-03,263.5342712402344,2475730
2016-08-04,265.83538818359375,2057380
2016-08-05,265.9449768066406,1464360
2016-08-08,263.1905517578125,908970
2016-08-09,259.4749450683594,1362620
2016-08-10,268.51507568359375,2727470
2016-08-11,274.9951477050781,1978250
2016-08-12,276.0211486816406,1748930
2016-08-16,273.964111328125,1002410
2016-08-17,270.63690185546875,917410
2016-08-18,270.1288757324219,781290
2016-08-19,268.85382080078125,715420
2016-08-22,270.7564392089844,736750
2016-08-23,267.2100830078125,890900
2016-08-24,270.0989990234375,585180
2016-08-25,267.7928466796875,616380
2016-08-26,279.72186279296875,2274830
2016-08-29,280.5088806152344,1220560
2016-08-30,283.3578186035156,983840
2016-08-31,295.59075927734375,3560750
2016-09-01,301.8914794921875,2972970
2016-09-02,304.0779724121094,1574500
2016-09-06,306.1699523925781,1064280
2016-09-07,304.5611267089844,1071090
2016-09-08,311.738525390625,3508550
2016-09-09,302.27496337890625,1281660
2016-09-12,293.16015625,1580320
2016-09-14,289.2253112792969,1379150
2016-09-15,295.4762268066406,1097800
2016-09-16,288.3935241699219,1825230
2016-09-19,295.2619934082031,1012840
2016-09-20,308.4312744140625,2736230
2016-09-21,316.2760009765625,2287650
2016-09-22,324.1706237792969,2824250
2016-09-23,328.2000427246094,3278490
2016-09-26,327.4380187988281,1741300
2016-09-27,326.0085754394531,1359710
2016-09-28,322.2231140136719,2008710
2016-09-29,309.3776550292969,3013950
2016-09-30,305.7764587402344,2693680
2016-10-03,318.2384338378906,1674800
2016-10-04,318.7564392089844,1825880
2016-10-05,314.2537841796875,1166510
2016-10-06,314.73199462890625,1592320
2016-10-07,313.775634765625,906120
2016-10-10,310.7921447753906,1076710
2016-10-13,310.5630798339844,1473430
2016-10-14,316.2760009765625,2332470
2016-10-17,318.4725646972656,1494860
2016-10-18,331.322998046875,3627530
2016-10-19,334.8294982910156,3081740
2016-10-20,332.4486999511719,1922970
2016-10-21,326.282470703125,1690330
2016-10-24,320.8583984375,1286980
2016-10-25,323.6127014160156,1244340
2016-10-26,331.51727294921875,2273920
2016-10-27,325.5502624511719,2435730
2016-10-28,337.0211181640625,3612970
2016-11-01,344.56201171875,1923550
2016-11-02,335.96014404296875,1331160
2016-11-03,333.4896545410156,853410
2016-11-04,318.4427185058594,2333350
2016-11-07,312.93890380859375,3383490
2016-11-08,306.0254821777344,3408930
2016-11-09,302.0807189941406,2220340
2016-11-10,307.75885009765625,2405410
2016-11-11,301.0247802734375,3546800
2016-11-15,281.69927978515625,5291000
2016-11-16,291.3222351074219,4135410
2016-11-17,290.6946105957031,2933950
2016-11-18,293.1899719238281,3706610
2016-11-21,283.4774169921875,2640020
2016-11-22,289.041015625,3233450
2016-11-23,291.98956298828125,2289990
2016-11-24,293.8126220703125,3690760
2016-11-25,295.8746643066406,5163720
2016-11-28,293.0605163574219,3687870
2016-11-29,292.68194580078125,2775110
2016-11-30,297.85205078125,40606220
2016-12-01,292.80145263671875,1663560
2016-12-02,296.62176513671875,1596900
2016-12-05,302.0010986328125,1474770
2016-12-06,298.74859619140625,2130310
2016-12-07,294.5845947265625,715780
2016-12-08,298.389892578125,930490
2016-12-09,298.56427001953125,753280
2016-12-12,296.38262939453125,1054990
2016-12-13,286.37628173828125,2131870
2016-12-14,276.5093078613281,1475170
2016-12-15,270.0342712402344,1979860
2016-12-16,281.8935546875,1857870
2016-12-19,272.2308349609375,1310810
2016-12-20,268.430419921875,1285870
2016-12-21,264.9687194824219,1001910
2016-12-22,254.0309295654297,1524380
2016-12-23,261.0339660644531,2205350
2016-12-26,260.7799072265625,744030
2016-12-27,273.3016662597656,1013620
2016-12-28,278.999755859375,1059110
2016-12-29,286.11724853515625,1389910
2016-12-30,288.3735656738281,756730
2017-01-02,293.8324890136719,779620
2017-01-03,300.5068054199219,893630
2017-01-04,294.9482116699219,855920
2017-01-05,300.68609619140625,769120
2017-01-06,296.71136474609375,571250
2017-01-09,298.11602783203125,772390
2017-01-10,299.85931396484375,349700
2017-01-11,300.69110107421875,901490
2017-01-12,300.7010498046875,524130
2017-01-13,300.8006591796875,400330
2017-01-16,300.1033630371094,220130
2017-01-17,300.8106689453125,537170
2017-01-18,303.49530029296875,905970
2017-01-19,314.2637939453125,2799570
2017-01-20,305.2236022949219,919010
2017-01-23,305.1687927246094,645690
2017-01-24,311.6787414550781,639220
2017-01-25,315.7530212402344,1248180
2017-01-27,315.72314453125,747410
2017-01-30,319.31427001953125,1759710
2017-01-31,323.3387756347656,1846060
2017-02-01,331.5621032714844,1248820
2017-02-02,344.8807678222656,1705940
2017-02-03,340.6819152832031,688140
2017-02-06,370.7660217285156,3866130
2017-02-07,367.7077941894531,1547120
2017-02-08,364.8936462402344,1169340
2017-02-09,356.32666015625,1233120
2017-02-10,361.7009582519531,1704820
2017-02-13,362.3284606933594,1054820
2017-02-14,357.9105529785156,716440
2017-02-15,361.44195556640625,1307070
2017-02-16,365.71051025390625,507840
2017-02-17,367.135009765625,451220
2017-02-20,362.7767639160156,426170
2017-02-21,361.01861572265625,605730
2017-02-22,373.5801696777344,1195050
2017-02-23,383.24298095703125,2003360
2017-02-27,382.1869812011719,1074820
2017-02-28,389.9122009277344,1667410
2017-03-01,390.8785095214844,1211130
2017-03-02,386.06207275390625,884980
2017-03-03,374.730712890625,1003410
2017-03-06,380.3042297363281,817520
2017-03-07,379.04913330078125,724610
2017-03-08,381.7337646484375,722920
2017-03-09,379.0241394042969,836780
2017-03-10,381.1360168457031,600870
2017-03-14,391.6156311035156,1443650
2017-03-15,392.3527526855469,936410
2017-03-16,402.4538879394531,1105990
2017-03-17,395.38616943359375,1143950
2017-03-20,395.057373046875,464360
2017-03-21,404.1872253417969,1096270
2017-03-22,409.2078552246094,1409960
2017-03-23,413.2572326660156,795100
2017-03-24,411.349609375,518850
2017-03-27,402.9270324707031,658880
2017-03-28,407.5043640136719,743780
2017-03-29,404.7052001953125,1079920
2017-03-30,404.5009765625,797770
2017-03-31,408.2664489746094,656650
2017-04-03,408.25152587890625,455440
2017-04-05,411.2948303222656,925210
2017-04-06,416.2307434082031,552020
2017-04-07,420.9974670410156,1470250
2017-04-10,435.62103271484375,1617290
2017-04-11,435.8052978515625,785050
2017-04-12,448.566162109375,1454180
2017-04-13,459.4193115234375,1332430
2017-04-17,447.61981201171875,1370180
2017-04-18,435.2624206542969,1293930
2017-04-19,432.3387145996094,861160
2017-04-20,433.8677978515625,1042090
2017-04-21,428.75250244140625,731370
2017-04-24,435.4964599609375,873760
2017-04-25,450.6979064941406,1529420
2017-04-26,451.6791687011719,908970
2017-04-27,450.73779296875,724450
2017-04-28,455.8082580566406,2109480
2017-05-02,454.86181640625,1215570
2017-05-03,454.5381164550781,854700
2017-05-04,455.20556640625,792200
2017-05-05,441.1398010253906,1201400
2017-05-08,440.3975830078125,533860
2017-05-09,436.16400146484375,494350
2017-05-10,437.45892333984375,1043460
2017-05-11,447.8538818359375,1353840
2017-05-12,437.8674011230469,874150
2017-05-15,453.3476867675781,1881130
2017-05-16,454.9963684082031,1050340
2017-05-17,446.95233154296875,1702950
2017-05-18,430.2417907714844,1637650
2017-05-19,415.3890075683594,2533640
2017-05-22,394.89801025390625,1926740
2017-05-23,396.7757568359375,3926270
2017-05-24,393.8769226074219,2266040
2017-05-25,398.17535400390625,1085310
2017-05-26,399.19647216796875,1615140
2017-05-29,398.27001953125,786510
2017-05-30,413.8549499511719,1812700
2017-05-31,417.59051513671875,2835160
2017-06-01,418.94525146484375,945180
2017-06-02,428.9268493652344,1279320
2017-06-05,428.822265625,574130
2017-06-06,422.7805480957031,921330
2017-06-07,423.78167724609375,942670
2017-06-08,426.356689453125,586810
2017-06-09,422.59124755859375,1043040
2017-06-12,413.670654296875,635750
2017-06-13,416.08135986328125,613270
2017-06-14,411.2549743652344,846520
2017-06-15,408.2664489746094,1480210
2017-06-16,418.3575439453125,2550110
2017-06-19,422.6161804199219,1320570
2017-06-20,424.8027648925781,1053080
2017-06-21,425.2011413574219,2037090
2017-06-22,420.3797912597656,743430
2017-06-23,408.55535888671875,930200
2017-06-27,402.0553894042969,1226180
2017-06-28,409.23773193359375,1116920
2017-06-29,408.3013610839844,1429180
2017-06-30,410.2886657714844,867100
2017-07-03,411.4840393066406,1080620
2017-07-04,411.6833190917969,879380
2017-07-05,413.3319396972656,1794310
2017-07-06,413.7305603027344,983930
2017-07-07,410.1827392578125,936210
2017-07-10,408.89715576171875,174300
2017-07-11,410.9102783203125,1033300
2017-07-12,421.48394775390625,2130390
2017-07-13,434.96270751953125,4095450
2017-07-14,438.48565673828125,2299050
2017-07-17,443.10980224609375,1694230
2017-07-18,440.44390869140625,1034250
2017-07-19,454.8894348144531,3556760
2017-07-20,466.330078125,3474840
2017-07-21,489.3611145019531,5162030
2017-07-24,493.3025817871094,3210070
2017-07-25,494.1546936035156,1476440
2017-07-26,493.8507080078125,1229250
2017-07-27,491.7579040527344,3214780
2017-07-28,490.9457092285156,1660770
2017-07-31,497.478271484375,1474390
2017-08-01,504.9925231933594,1464870
2017-08-02,498.5246276855469,1423690
2017-08-03,509.7561340332031,3115780
2017-08-04,529.0000610351562,2681860
2017-08-07,541.4474487304688,2430570
2017-08-08,531.7855834960938,2571080
2017-08-09,510.43878173828125,2250190
2017-08-10,500.75701904296875,2379010
2017-08-11,497.4931640625,2887370
2017-08-14,520.4196166992188,1956240
2017-08-16,533.848388671875,2243580
2017-08-17,528.63134765625,1822990
2017-08-18,529.1346435546875,1513270
2017-08-21,519.9013671875,1645390
2017-08-22,521.6703491210938,1307270
2017-08-23,533.3003540039062,1946470
2017-08-24,548.742431640625,1856890
2017-08-28,555.892822265625,2147500
2017-08-29,542.4340209960938,1507160
2017-08-30,547.0880737304688,1395150
2017-08-31,548.4035034179688,1433420
2017-09-01,547.651123046875,912000
2017-09-04,535.886474609375,1218800
2017-09-05,537.7451782226562,1057810
2017-09-06,543.7495727539062,2588950
2017-09-07,560.4571533203125,3566240
2017-09-08,557.5621337890625,1788180
2017-09-11,571.3698120117188,2038300
2017-09-12,565.9484252929688,1485370
2017-09-13,570.3782348632812,1612750
2017-09-14,566.1177978515625,1411180
2017-09-15,565.514892578125,1839790
2017-09-18,560.7213134765625,1399010
2017-09-19,563.1927490234375,1041300
2017-09-20,558.3742065429688,1267780
2017-09-21,546.7542724609375,2441830
2017-09-22,521.376220703125,2489320
2017-09-25,509.3126525878906,2613730
2017-09-26,515.2822265625,2347720
2017-09-27,505.4010925292969,1866290
2017-09-28,502.6504821777344,2766350
2017-09-29,513.6826782226562,2368210
2017-10-03,530.7241821289062,2977400
2017-10-04,525.6466064453125,1164120
2017-10-05,524.0720825195312,1288490
2017-10-06,527.9835815429688,2575320
2017-10-09,528.765869140625,1312150
2017-10-10,531.5413818359375,943630
2017-10-11,528.3074951171875,3241560
2017-10-12,537.3714599609375,1443020
2017-10-13,535.687255859375,1317880
2017-10-16,533.5994262695312,1364980
2017-10-17,533.843505859375,1386370
2017-10-18,529.6878051757812,1011220
2017-10-19,528.7958374023438,211220
2017-10-23,526.9222412109375,887070
2017-10-24,523.4840698242188,830740
2017-10-25,497.99151611328125,2423900
2017-10-26,496.49664306640625,2331690
2017-10-27,501.6738586425781,1588400
2017-10-30,497.7772216796875,1106100
2017-10-31,499.32196044921875,3186070
2017-11-01,500.5427551269531,996290
2017-11-02,496.5115661621094,795400
2017-11-03,501.5393371582031,1237010
2017-11-06,499.2472229003906,794960
2017-11-07,496.3969421386719,1014530
2017-11-08,500.5527038574219,1409280
2017-11-09,498.9631652832031,1395970
2017-11-10,501.02606201171875,849730
2017-11-13,498.1260070800781,849850
2017-11-14,499.7255554199219,658220
2017-11-15,488.5887756347656,1162970
2017-11-16,496.7706604003906,843340
2017-11-17,511.2210693359375,2272230
2017-11-20,515.5861206054688,859750
2017-11-21,518.8399658203125,1054690
2017-11-22,515.865234375,1042440
2017-11-23,511.6048278808594,819410
2017-11-24,514.2955932617188,673520
2017-11-27,513.423583984375,953400
2017-11-28,522.2283935546875,1536010
2017-11-29,528.7459716796875,1618510
2017-11-30,519.6272583007812,2822180
2017-12-01,508.1417236328125,988230
2017-12-04,503.9510803222656,1317940
2017-12-05,498.6542053222656,1548860
2017-12-06,494.76751708984375,2087150
2017-12-07,505.28643798828125,1206190
2017-12-08,510.75775146484375,1410240
2017-12-11,508.8841247558594,815430
2017-12-12,509.2229919433594,1182850
2017-12-13,503.88629150390625,1170020
2017-12-14,509.875732421875,1615850
2017-12-15,515.2672119140625,1457000
2017-12-18,519.2784423828125,998800
2017-12-19,526.1448974609375,917370
2017-12-20,529.4535522460938,1007080
2017-12-21,533.5045776367188,877110
2017-12-22,540.9591064453125,1164520
2017-12-26,538.5075073242188,597370
2017-12-27,530.8089599609375,789240
2017-12-28,528.7608642578125,1372760
2017-12-29,521.251708984375,788920
2018-01-01,515.4166259765625,448990
2018-01-02,508.36590576171875,791230
2018-01-03,508.20147705078125,1194130
2018-01-04,504.5240478515625,792050
2018-01-05,510.9669494628906,1518180
2018-01-08,520.3397827148438,1810680
2018-01-09,513.876953125,2335100
2018-01-10,518.17724609375,2600210
2018-01-11,512.8804321289062,711600
2018-01-12,504.0009460449219,2247580
2018-01-15,499.32196044921875,1731850
2018-01-16,493.9852600097656,1241860
2018-01-17,494.7924499511719,1406370
2018-01-18,490.5769348144531,2110860
2018-01-19,495.6047058105469,1104060
2018-01-22,503.4178771972656,1048910
2018-01-23,499.7454833984375,1783010
2018-01-24,499.7305603027344,880030
2018-01-25,491.6183166503906,1490770
2018-01-29,489.5604248046875,1004040
2018-01-30,485.8980407714844,1043320
2018-01-31,479.5896301269531,2201610
2018-02-01,502.11737060546875,3508580
2018-02-02,491.887451171875,3751600
2018-02-05,490.11846923828125,2959400
2018-02-06,488.7831115722656,2630800
2018-02-07,499.4913330078125,2014350
2018-02-08,503.9959411621094,1545860
2018-02-09,504.2051086425781,1446000
2018-02-12,521.7549438476562,1411760
2018-02-14,517.1259155273438,1545470
2018-02-15,511.2808837890625,1041970
2018-02-16,504.0955505371094,884680
2018-02-19,498.3652038574219,1469280
2018-02-20,499.715576171875,1078990
2018-02-21,495.64453125,1008450
2018-02-22,493.4919128417969,1234530
2018-02-23,500.2487487792969,1363960
2018-02-26,517.51953125,1692300
2018-02-27,510.3840026855469,829610
2018-02-28,503.4428405761719,1304850
2018-03-01,498.2306823730469,849160
2018-03-05,502.0226745605469,1141330
2018-03-06,496.3620910644531,868420
2018-03-07,481.96148681640625,1237700
2018-03-08,484.7967529296875,1023510
2018-03-09,494.92706298828125,1400740
2018-03-12,502.28179931640625,1077040
2018-03-13,508.0968322753906,925700
2018-03-14,509.4123229980469,789750
2018-03-15,501.72869873046875,822930
2018-03-16,499.4216003417969,1782450
2018-03-19,494.64794921875,842920
2018-03-20,506.3478088378906,1077770
2018-03-21,511.3954772949219,999530
2018-03-22,510.2344665527344,739660
2018-03-23,510.91717529296875,1737720
2018-03-26,513.3438110351562,1264820
2018-03-27,524.096923828125,1297190
2018-03-28,515.3867797851562,12294620
2018-04-02,524.9390258789062,2394740
2018-04-03,536.3200073242188,1897500
2018-04-04,521.0673217773438,1887800
2018-04-05,542.5236206054688,2053870
2018-04-06,546.5498046875,1216930
2018-04-09,554.2285766601562,1376360
2018-04-10,539.4392700195312,1579070
2018-04-11,540.1668701171875,1462510
2018-04-12,540.2216186523438,796540
2018-04-13,529.8621826171875,1798690
2018-04-16,536.7734375,801130
2018-04-17,540.7548217773438,1297340
2018-04-18,535.3483276367188,833550
2018-04-19,536.6787719726562,652880
2018-04-20,526.8275756835938,1573930
2018-04-23,527.5899658203125,878050
2018-04-24,540.9092407226562,1420750
2018-04-25,541.5719604492188,1392980
2018-04-26,532.099609375,1617000
2018-04-27,541.6666259765625,871730
2018-04-30,546.3854370117188,931480
2018-05-02,541.8311157226562,1043240
2018-05-03,538.3580322265625,910650
2018-05-04,532.9764404296875,566890
2018-05-07,538.2832641601562,579780
2018-05-08,532.243896484375,744720
2018-05-09,533.1209716796875,450010
2018-05-10,522.0040893554688,871630
2018-05-11,532.7173461914062,629420
2018-05-14,536.8034057617188,708700
2018-05-15,537.9044799804688,1296930
2018-05-16,530.1013793945312,824530
2018-05-17,555.0208129882812,3930300
2018-05-18,571.0209350585938,5890240
2018-05-21,570.2486572265625,1630750
2018-05-22,595.13818359375,4291380
2018-05-23,577.0253295898438,1623480
2018-05-24,580.64794921875,1544930
2018-05-25,605.0940551757812,3166080
2018-05-28,598.8802490234375,1513430
2018-05-29,586.7718505859375,1176730
2018-05-30,593.84765625,1979760
2018-05-31,602.1591186523438,2647680
2018-06-01,586.2089233398438,1538040
2018-06-04,572.8895874023438,1031830
2018-06-05,575.121826171875,1376320
2018-06-06,589.4527587890625,1231560
2018-06-07,599.3687133789062,1471870
2018-06-08,600.4898681640625,1836740
2018-06-11,604.8199462890625,1481930
2018-06-12,605.7767333984375,1069110
2018-06-13,605.4028930664062,937900
2018-06-14,600.739013671875,659100
2018-06-15,595.86572265625,2511270
2018-06-18,597.5250854492188,976770
2018-06-19,589.29833984375,1246850
2018-06-20,592.7215576171875,1493340
2018-06-21,597.1065673828125,2296230
2018-06-22,615.5382690429688,2425970
2018-06-25,614.4569702148438,2624200
2018-06-26,606.354736328125,1649960
2018-06-27,595.4672241210938,1204210
2018-06-28,582.8004760742188,2121760
2018-06-29,580.1197509765625,1535690
2018-07-02,575.8543701171875,1136580
2018-07-03,586.5078125,1622730
2018-07-04,601.2223510742188,1922020
2018-07-05,605.00048828125,1991870
2018-07-06,603.958740234375,1680490
2018-07-09,610.552978515625,1003370
2018-07-10,618.0396118164062,1299720
2018-07-11,609.5113525390625,1012770
2018-07-12,624.1702880859375,2243230
2018-07-13,630.4655151367188,1826840
2018-07-16,622.8294677734375,1314750
2018-07-17,632.6187744140625,1054540
2018-07-18,634.57763671875,1680660
2018-07-19,627.7191772460938,2940300
2018-07-20,664.3092041015625,9689730
2018-07-23,690.1431884765625,6016000
2018-07-24,680.633056640625,2792820
2018-07-25,692.77490234375,4316270
2018-07-26,701.328125,2626790
2018-07-27,690.5518188476562,1958000
2018-07-30,687.4267578125,1219520
2018-07-31,695.546142578125,1318140
2018-08-01,696.8271484375,3037200
2018-08-02,688.17431640625,1236080
2018-08-03,692.1419677734375,1414300
2018-08-06,689.739501953125,984370
2018-08-07,697.2308959960938,1399860
2018-08-08,702.9529418945312,1987510
2018-08-09,705.2955322265625,1109270
2018-08-10,706.1678466796875,1390360
2018-08-13,692.3711547851562,918320
2018-08-14,709.0438232421875,2462530
2018-08-16,705.38525390625,2075670
2018-08-17,707.5136108398438,1209810
2018-08-20,704.149169921875,918980
2018-08-21,709.4324951171875,1446110
2018-08-23,706.9903564453125,1374090
2018-08-24,702.8582763671875,1281110
2018-08-27,700.8147583007812,1367240
2018-08-28,694.9630737304688,1453210
2018-08-29,694.6738891601562,1774320
2018-08-30,690.821044921875,1675020
2018-08-31,672.66796875,2238870
2018-09-03,663.207763671875,1962210
2018-09-04,648.7830200195312,3914490
2018-09-05,648.2695922851562,1829310
2018-09-06,652.6807861328125,1556790
2018-09-07,657.9442749023438,1155760
2018-09-10,632.7583618164062,2387990
2018-09-11,634.2236938476562,3581400
2018-09-12,639.287841796875,1937420
2018-09-14,668.864990234375,2650420
2018-09-17,652.9450073242188,1650640
2018-09-18,650.717041015625,2224700
2018-09-19,629.2294921875,2077890
2018-09-21,624.0108032226562,6819760
2018-09-24,604.865966796875,5103260
2018-09-25,616.62890625,3454210
2018-09-26,619.310546875,1645880
2018-09-27,596.1083984375,2767350
2018-09-28,598.7401733398438,2547700
2018-10-01,586.3440551757812,2762520
2018-10-03,573.4495239257812,3129200
2018-10-04,561.447265625,2098250
2018-10-05,535.8824462890625,2528810
2018-10-08,537.8663330078125,2713150
2018-10-09,541.2107543945312,2161600
2018-10-10,594.2841796875,5146980
2018-10-11,557.4497680664062,3194630
2018-10-12,579.5354614257812,2972240
2018-10-15,561.6615600585938,1749470
2018-10-16,563.9393920898438,2195860
2018-10-17,536.3411254882812,3018250
2018-10-19,540.223876953125,2966400
2018-10-22,523.376708984375,2112100
2018-10-23,515.1575927734375,4562510
2018-10-24,537.4576416015625,11055500
2018-10-25,535.0850830078125,3454210
2018-10-26,538.2301635742188,2905360
2018-10-29,539.2918090820312,2917080
2018-10-30,537.4276123046875,2910370
2018-10-31,538.7734375,3551310
2018-11-01,536.9641723632812,1936180
2018-11-02,550.8006591796875,4141850
2018-11-05,555.2168579101562,2031870
2018-11-06,557.3500366210938,2083500
2018-11-07,561.0584106445312,176240
2018-11-09,568.3555297851562,2360680
2018-11-12,553.1732177734375,1656170
2018-11-13,555.4260864257812,1485880
2018-11-14,556.019287109375,1375230
2018-11-15,557.9581909179688,1944500
2018-11-16,567.7824096679688,1411400
2018-11-19,570.8028564453125,983620
2018-11-20,567.0745239257812,1222960
2018-11-21,583.3634643554688,2140250
2018-11-22,570.5137939453125,1986440
2018-11-26,571.994140625,2036760
2018-11-27,586.1945190429688,1825400
2018-11-28,580.0238647460938,1289490
2018-11-29,599.1937866210938,2639560
2018-11-30,597.558837890625,3583070
2018-12-03,598.0523071289062,1597690
2018-12-04,605.1201171875,1662850
2018-12-05,588.402587890625,1595610
2018-12-06,564.9761352539062,1928950
2018-12-07,583.1590576171875,2200390
2018-12-10,567.6129150390625,2458450
2018-12-11,580.8911743164062,2315800
2018-12-12,597.0255126953125,1567020
2018-12-13,614.01220703125,2725480
2018-12-14,615.8314208984375,1687090
2018-12-17,606.8746337890625,1539500
2018-12-18,613.3392944335938,1514110
2018-12-19,638.5401611328125,3555770
2018-12-20,638.4903564453125,1876010
2018-12-21,634.0193481445312,3098510
2018-12-24,625.481201171875,1322470
2018-12-26,641.8897094726562,2726100
2018-12-27,638.5003051757812,2977170
2018-12-28,648.2545776367188,1998070
2018-12-31,645.6677856445312,2048880
2019-01-01,650.1537475585938,1418210
2019-01-02,636.40185546875,2212740
2019-01-03,636.3322143554688,2158450
2019-01-04,639.0386352539062,1563230
2019-01-07,638.709716796875,1032170
2019-01-08,642.2883911132812,1112490
2019-01-09,637.9071655273438,1597690
2019-01-10,635.20068359375,1647150
2019-01-11,635.170654296875,1224320
2019-01-14,634.8866577148438,1524090
2019-01-15,648.9324951171875,1333360
2019-01-16,644.4616088867188,1196800
2019-01-17,633.9097290039062,1390430
2019-01-18,623.0338745117188,1916260
2019-01-21,636.456787109375,1771760
2019-01-22,641.540771484375,1737750
2019-01-23,647.2827758789062,1874450
2019-01-24,638.7244873046875,1089930
2019-01-25,630.176513671875,925250
2019-01-28,603.1961669921875,2992860
2019-01-29,621.3541259765625,5789580
2019-01-30,622.7647094726562,3387880
2019-01-31,607.283203125,3776320
2019-02-01,607.7867431640625,3119840
2019-02-04,599.0390625,1281080
2019-02-05,599.8267211914062,1753040
2019-02-06,618.9218139648438,2289700
2019-02-07,623.3527221679688,1348790
2019-02-08,616.3348999023438,1384560
2019-02-11,607.7169799804688,1135180
2019-02-12,607.73193359375,1488690
2019-02-14,601.6708984375,1983370
2019-02-15,600.6590576171875,2778710
2019-02-18,586.6730346679688,2452220
2019-02-19,595.1065063476562,2130670
2019-02-20,597.967529296875,1617130
2019-02-21,614.9791870117188,2301210
2019-02-22,617.6258544921875,2110120
2019-02-25,631.3726196289062,2321700
2019-02-26,643.245361328125,5645230
2019-02-27,639.9755859375,2985390
2019-02-28,644.2222900390625,1589310
2019-03-01,642.044189453125,2220760
2019-03-05,652.3268432617188,2297930
2019-03-06,658.846435546875,2369210
2019-03-07,657.7847290039062,1990320
2019-03-08,659.6240234375,1448670
2019-03-11,676.2367553710938,2684600
2019-03-12,683.942626953125,2623730
2019-03-13,687.6610107421875,2212330
2019-03-14,691.0403442382812,1812360
2019-03-15,690.6266479492188,2194560
2019-03-18,694.2203369140625,1360100
2019-03-19,695.3817749023438,1608370
2019-03-20,693.1736450195312,1195250
2019-03-22,693.8265991210938,1556240
2019-03-25,689.5599365234375,1382800
2019-03-26,696.5977783203125,2215970
2019-03-27,695.8501586914062,4448930
2019-03-28,693.0789794921875,3282400
2019-04-01,713.639404296875,3114820
2019-04-02,725.6815795898438,2646660
2019-04-03,737.8384399414062,4267380
2019-04-04,729.5643920898438,2021730
2019-04-05,737.4645385742188,1701430
2019-04-08,732.4253540039062,1659750
2019-04-09,735.6103515625,1598660
2019-04-10,740.0066528320312,1654870
2019-04-11,753.9080200195312,2766070
2019-04-12,751.3259887695312,1807070
2019-04-15,748.564697265625,1012400
2019-04-16,755.5228881835938,1281210
2019-04-18,754.745361328125,1626900
2019-04-22,744.9362182617188,1270230
2019-04-23,747.1591796875,1100140
2019-04-24,761.4044189453125,1338870
2019-04-25,764.549560546875,2885100
2019-04-26,769.7083740234375,1093060
2019-04-30,749.6912231445312,2533990
2019-05-02,755.512939453125,1035510
2019-05-03,760.0337524414062,804220
2019-05-06,764.39501953125,1188240
2019-05-07,753.8281860351562,1035530
2019-05-08,732.2759399414062,2303830
2019-05-09,744.3927612304688,2381930
2019-05-10,736.0589599609375,1819240
2019-05-13,732.435302734375,1118690
2019-05-14,734.2646484375,2696370
2019-05-15,743.13671875,2440310
2019-05-16,759.3607788085938,3557880
2019-05-17,796.7933349609375,10124150
2019-05-20,820.9225463867188,3430890
2019-05-21,815.9780883789062,3791150
2019-05-22,819.5819091796875,2152330
2019-05-23,798.8218994140625,3114710
2019-05-24,812.6185913085938,2245940
2019-05-27,818.7344360351562,1698590
2019-05-28,810.3108520507812,2634090
2019-05-29,810.6298828125,1060400
2019-05-30,820.1151733398438,2114110
2019-05-31,816.2323608398438,2521990
2019-06-03,832.1970825195312,1709660
2019-06-04,828.6831665039062,1323330
2019-06-06,809.9769287109375,1766360
2019-06-07,817.667724609375,1590280
2019-06-10,827.8458251953125,1863620
2019-06-11,824.4764404296875,1655780
2019-06-12,821.9793090820312,1253710
2019-06-13,826.6395874023438,1151530
2019-06-14,820.9375610351562,1013310
2019-06-17,809.5881958007812,1040580
2019-06-18,822.0440673828125,1347110
2019-06-19,823.1156616210938,1303340
2019-06-20,839.1503295898438,1435960
2019-06-21,836.6183471679688,2309150
2019-06-24,832.8501586914062,1079270
2019-06-25,832.002685546875,1088730
2019-06-26,838.4176025390625,1178840
2019-06-27,841.7471313476562,1570720
2019-06-28,849.7969360351562,2242780
2019-07-01,849.4380493164062,1027350
2019-07-02,844.8324584960938,1523060
2019-07-03,840.4064331054688,1616610
2019-07-04,851.0828247070312,1449460
2019-07-05,840.8948364257812,1594490
2019-07-08,756.928466796875,8262060
2019-07-09,783.081298828125,12678160
2019-07-10,763.423095703125,5062770
2019-07-11,762.4259033203125,3731190
2019-07-12,770.4034423828125,3505710
2019-07-15,769.2815551757812,1786630
2019-07-16,785.9596557617188,1911880
2019-07-17,783.2523803710938,1682840
2019-07-18,782.5642700195312,1344660
2019-07-19,754.5131225585938,4068510
2019-07-22,714.2364501953125,6934770
2019-07-23,715.024169921875,3249220
2019-07-24,704.5486450195312,4417630
2019-07-25,676.3279418945312,10957450
2019-07-26,721.2716064453125,12828980
2019-07-29,710.0880737304688,4190890
2019-07-30,705.820068359375,3425040
2019-07-31,707.7945556640625,3561180
2019-08-01,706.2139892578125,3657970
2019-08-02,704.3890991210938,4698110
2019-08-05,696.7355346679688,2960690
2019-08-06,707.6449584960938,3499450
2019-08-07,713.2392578125,3958530
2019-08-08,727.0005493164062,2437180
2019-08-09,748.295654296875,4164120
2019-08-13,706.927001953125,4065280
2019-08-14,739.4404907226562,5465780
2019-08-16,741.8536987304688,4591640
2019-08-19,735.5963134765625,3001280
2019-08-20,721.585693359375,4278810
2019-08-21,712.5809936523438,3692630
2019-08-22,674.8370971679688,7101960
2019-08-23,686.529296875,6139540
2019-08-26,717.0634765625,5470430
2019-08-27,710.6514892578125,6833270
2019-08-28,701.621826171875,3926260
2019-08-29,696.027587890625,3127640
2019-08-30,709.95849609375,4724090
2019-09-03,700.6596069335938,2374460
2019-09-04,700.3405151367188,3033580
2019-09-05,698.1416625976562,2810480
2019-09-06,715.57763671875,3021260
2019-09-09,730.3411254882812,3978400
2019-09-11,733.357666015625,3480660
2019-09-12,727.1500244140625,2508030
2019-09-13,736.8029174804688,2137560
2019-09-16,725.9833374023438,2519900
2019-09-17,713.044677734375,2501050
2019-09-18,723.4703979492188,3073940
2019-09-19,716.8489990234375,2223700
2019-09-20,767.2073974609375,9650270
2019-09-23,827.4480590820312,8063210
2019-09-24,821.7589721679688,3767340
2019-09-25,823.244873046875,4748530
2019-09-26,844.0862426757812,5815770
2019-09-27,852.6371459960938,3842780
2019-09-30,848.9127197265625,4627170
2019-10-01,843.4630126953125,3528090
2019-10-03,842.2763671875,2077590
2019-10-04,827.7471923828125,2714160
2019-10-07,819.6948852539062,2769900
2019-10-09,829.4923095703125,3298370
2019-10-10,817.8848876953125,2000050
2019-10-11,814.6539306640625,2702600
2019-10-14,805.9585571289062,1903720
2019-10-15,801.3314819335938,2171140
2019-10-16,811.1488647460938,4531540
2019-10-17,829.332763671875,6224660
2019-10-18,824.2769165039062,3529090
2019-10-22,798.6390991210938,5033680
2019-10-23,804.8316040039062,5709890
2019-10-24,806.8310546875,3365150
2019-10-25,794.9793701171875,3548440
2019-10-27,797.9061279296875,417550
2019-10-29,812.80419921875,3899230
2019-10-30,805.973388671875,2264060
2019-10-31,811.1538696289062,4232870
2019-11-01,836.1236572265625,6564390
2019-11-04,868.2183837890625,5528120
2019-11-05,882.0943603515625,5984200
2019-11-06,874.8248291015625,3203030
2019-11-07,880.81298828125,2133830
2019-11-08,879.4119262695312,2949040
2019-11-11,887.833251953125,1749780
2019-11-13,895.3171997070312,3606730
2019-11-14,903.643798828125,3486340
2019-11-15,903.244873046875,2959190
2019-11-18,907.871826171875,2117600
2019-11-19,912.7131958007812,2376530
2019-11-20,905.3788452148438,2439930
2019-11-21,902.970703125,1733280
2019-11-22,901.3950805664062,1557720
2019-11-25,914.927001953125,1484370
2019-11-26,909.5721435546875,2950940
2019-11-27,920.2570190429688,1473510
2019-11-28,921.4187622070312,1646350
2019-11-29,908.4701538085938,1488770
2019-12-02,892.3206176757812,3207500
2019-12-03,906.4259033203125,1808800
2019-12-04,900.49267578125,2164590
2019-12-05,894.0357055664062,1192460
2019-12-06,882.827392578125,1670270
2019-12-09,890.3960571289062,1498330
2019-12-10,890.216552734375,1439350
2019-12-11,905.3638916015625,2258810
2019-12-12,914.3535766601562,1919850
2019-12-13,918.4472045898438,2153570
2019-12-16,926.2052612304688,1970750
2019-12-17,933.549560546875,2209980
2019-12-18,933.6344604492188,2284240
2019-12-19,924.4751586914062,1358430
2019-12-20,925.4026489257812,1676700
2019-12-23,927.7958374023438,1697040
2019-12-24,926.8783569335938,1001600
2019-12-26,932.3878784179688,1650070
2019-12-27,941.6668090820312,1334070
2019-12-30,941.2728881835938,1249650
2019-12-31,936.7008056640625,1167320
2020-01-01,935.2149658203125,636680
2020-01-02,947.894287109375,1578910
2020-01-03,931.9641723632812,1824790
2020-01-06,901.734130859375,2442890
2020-01-07,907.0143432617188,2426760
2020-01-08,911.9852905273438,2697180
2020-01-09,936.8903198242188,2141970
2020-01-10,934.5966796875,1393930
2020-01-13,942.87353515625,1507130
2020-01-14,952.8054809570312,1628990
2020-01-15,956.2258911132812,1372300
2020-01-16,959.5166625976562,1357820
2020-01-17,968.7755737304688,2841290
2020-01-20,954.590576171875,1841980
2020-01-21,950.7562866210938,1745070
2020-01-22,952.0725708007812,1395250
2020-01-23,950.7462768554688,1812800
2020-01-24,960.6734008789062,1239780
2020-01-27,953.079833984375,1131280
2020-01-28,960.4290161132812,1904690
2020-01-29,986.6502685546875,5019130
2020-01-30,961.26171875,4128250
2020-01-31,941.4923706054688,3295410
2020-02-03,906.0669555664062,5025510
2020-02-04,950.8160400390625,4636970
2020-02-05,956.4503173828125,3245400
2020-02-06,959.2723388671875,2713430
2020-02-07,959.6312866210938,1426260
2020-02-10,960.0003051757812,1435280
2020-02-11,970.4309692382812,1955790
2020-02-12,974.4447021484375,1885280
2020-02-13,968.9949340820312,1366300
2020-02-14,966.3324584960938,1392370
2020-02-17,950.2128295898438,1754010
2020-02-18,950.2776489257812,2663840
2020-02-19,973.1282958984375,2211320
2020-02-20,968.2470703125,1670200
2020-02-24,944.0352172851562,1993290
2020-02-25,949.8289184570312,2220180
2020-02-26,936.0675659179688,1755170
2020-02-27,938.1616821289062,2075830
2020-02-28,902.5369262695312,5378520
2020-03-02,888.9501342773438,3090310
2020-03-03,894.3529052734375,5507290
2020-03-04,877.99462890625,4402510
2020-03-05,885.9967041015625,3198530
2020-03-06,858.3888549804688,4086990
2020-03-09,818.8677368164062,3705070
2020-03-11,823.5473022460938,3723450
2020-03-12,742.1353759765625,6191940
2020-03-13,772.462158203125,5956730
2020-03-16,747.87744140625,5622460
2020-03-17,700.1748046875,4476050
2020-03-18,629.6035766601562,6444600
2020-03-19,577.2513427734375,8166380
2020-03-20,621.9058837890625,6574680
2020-03-23,461.0677185058594,6879880
2020-03-24,448.76544189453125,15587800
2020-03-25,481.9457702636719,7972700
2020-03-26,513.5695190429688,10191230
2020-03-27,487.96221923828125,12917940
2020-03-30,465.0686950683594,7509110
2020-03-31,458.08941650390625,11561100
2020-04-01,449.179443359375,7577660
2020-04-03,450.0624694824219,7223110
2020-04-07,471.42938232421875,11307140
2020-04-08,459.8155517578125,11130550
2020-04-09,480.9430236816406,8642210
2020-04-13,448.1318664550781,8916950
2020-04-15,458.87762451171875,9830710
2020-04-16,468.90509033203125,7473540
2020-04-17,498.84771728515625,13522230
2020-04-20,487.12908935546875,9031520
2020-04-21,458.47357177734375,6709420
2020-04-22,476.50299072265625,7921490
2020-04-23,471.8983154296875,6918170
2020-04-24,437.9946594238281,10218670
2020-04-27,460.7135009765625,11338730
2020-04-28,485.08868408203125,15204120
2020-04-29,498.7429504394531,15234930
2020-04-30,509.2892150878906,10643520
2020-05-04,475.16595458984375,8107070
2020-05-05,461.8808898925781,8158860
2020-05-06,468.2366027832031,12628290
2020-05-07,466.2909851074219,6454310
2020-05-08,459.0672302246094,4885760
2020-05-11,454.7768859863281,5852300
2020-05-12,465.7721252441406,10188930
2020-05-13,480.5588684082031,6987500
2020-05-14,477.94970703125,7928120
2020-05-15,471.2648010253906,3951110
2020-05-18,445.5426330566406,6469410
2020-05-19,452.5269470214844,5741510
2020-05-20,469.14947509765625,5828770
2020-05-21,452.901123046875,10925960
2020-05-22,430.5863037109375,27250160
2020-05-26,408.8052978515625,15756010
2020-05-27,424.84918212890625,24986770
2020-05-28,427.6329345703125,12472560
2020-05-29,439.5011901855469,13944250
2020-06-01,475.2508239746094,21106170
2020-06-02,517.30615234375,26933530
2020-06-03,527.4183959960938,24123590
2020-06-04,512.5269165039062,19944190
2020-06-05,522.4646606445312,15138920
2020-06-08,542.8735961914062,13966100
2020-06-09,529.8878784179688,11634230
2020-06-10,521.1275634765625,11622530
2020-06-11,514.6422119140625,10573320
2020-06-12,527.408447265625,16552510
2020-06-15,509.2143859863281,10234910
2020-06-16,511.6788024902344,11691030
2020-06-17,502.5643615722656,10498590
2020-06-18,541.5366821289062,18061720
2020-06-19,588.6556396484375,35955630
2020-06-22,616.9669189453125,25140100
2020-06-23,630.5465087890625,19812860
2020-06-24,603.247802734375,18864900
2020-06-25,600.7633666992188,19002920
2020-06-26,593.2952270507812,10672470
2020-06-29,587.6978149414062,10102710
2020-06-30,583.2030029296875,9766720
2020-07-01,615.5501098632812,17242340
2020-07-02,617.4908447265625,15292260
2020-07-03,613.5596313476562,8330750
2020-07-06,627.0891723632812,12201780
2020-07-07,657.4808349609375,20073540
2020-07-08,639.1021118164062,14003560
2020-07-09,655.4454345703125,13227850
2020-07-10,646.9244995117188,12206400
2020-07-13,644.694580078125,8107250
2020-07-14,622.9434814453125,11287050
2020-07-15,615.4603271484375,9813900
2020-07-16,625.0836181640625,8304120
2020-07-17,634.73193359375,5700380
2020-07-20,660.5289306640625,12218330
2020-07-21,637.0018920898438,18624970
2020-07-22,633.3152465820312,21580510
2020-07-23,636.70263671875,9248500
2020-07-24,625.6224975585938,8746470
2020-07-27,615.9342651367188,6562030
2020-07-28,632.856201171875,8378220
2020-07-29,631.439453125,7645410
2020-07-30,616.373291015625,6100800
2020-07-31,619.1969604492188,7497100
2020-08-03,608.945068359375,5095980
2020-08-04,614.8168334960938,6165030
2020-08-05,622.8038940429688,6954490
2020-08-06,628.1567993164062,6261130
2020-08-07,645.2633056640625,8257710
2020-08-10,638.8427734375,6052400
2020-08-11,642.58935546875,4306670
2020-08-12,634.2930297851562,3854220
2020-08-13,633.5746459960938,3905850
2020-08-14,623.267822265625,4217200
2020-08-17,625.5028076171875,4359390
2020-08-18,632.8811645507812,4571440
2020-08-19,628.4910888671875,4928450
2020-08-20,627.5332641601562,3149380
2020-08-21,626.8297119140625,3032040
2020-08-24,638.6082153320312,5861090
2020-08-25,648.8003540039062,7483450
2020-08-26,654.9664916992188,10013470
2020-08-27,651.609130859375,4618820
2020-08-28,653.085693359375,4901660
2020-08-31,617.6453857421875,11799190
2020-09-01,634.532470703125,8073470
2020-09-02,635.0762939453125,4439950
2020-09-03,634.1283569335938,3942650
2020-09-04,626.3109741210938,5443800
2020-09-07,624.958984375,4985730
2020-09-08,622.025634765625,3917540
2020-09-09,601.3271484375,9297500
2020-09-10,611.549072265625,5316080
2020-09-11,611.4644165039062,4654850
2020-09-14,609.843017578125,4161420
2020-09-15,610.1822509765625,4929870
2020-09-16,613.2153930664062,4032700
2020-09-17,599.3516235351562,5192360
2020-09-18,587.523193359375,8563830
2020-09-21,569.9426879882812,4921220
2020-09-22,566.9544677734375,6452290
2020-09-23,563.3975219726562,4600880
2020-09-24,541.35205078125,4987220
2020-09-25,579.02734375,9783460
2020-09-28,597.2512817382812,6722010
2020-09-29,586.350830078125,6344350
2020-09-30,583.9212646484375,3755980
2020-10-01,604.0011596679688,6807520
2020-10-05,586.7948608398438,7379100
2020-10-06,598.1941528320312,6060920
2020-10-07,589.199462890625,5812230
2020-10-08,585.8768920898438,5889720
2020-10-09,590.1922607421875,6593340
2020-10-12,589.9478149414062,4014350
2020-10-13,585.4479370117188,3656370
2020-10-14,608.6357421875,10295350
2020-10-15,588.5808715820312,7819790
2020-10-16,593.8938598632812,4762450
2020-10-19,596.7673950195312,3796850
2020-10-20,593.8490600585938,3111220
2020-10-21,589.0897216796875,6055610
2020-10-22,586.0216674804688,12299030
2020-10-23,581.8460083007812,6468960
2020-10-26,568.8152465820312,7831170
2020-10-27,565.452880859375,15507570
2020-10-28,562.9683837890625,6587900
2020-10-29,561.1326293945312,9808110
2020-10-30,556.0989379882812,5263380
2020-11-02,568.8651733398438,4913990
2020-11-03,573.0707397460938,5755360
2020-11-04,579.88037109375,5909610
2020-11-05,604.1558227539062,8486730
2020-11-06,627.2339477539062,15593390
2020-11-09,626.924560546875,9681560
2020-11-10,667.263916015625,21704380
2020-11-11,692.9210815429688,25424690
2020-11-12,701.0428466796875,12809160
2020-11-13,724.4800415039062,16545740
2020-11-14,731.9083251953125,3164850
2020-11-17,734.8817749023438,11725440
2020-11-18,777.2463989257812,14756370
2020-11-19,780.5839233398438,33870400
2020-11-20,852.3424072265625,41104120
2020-11-23,875.4653930664062,36075870
2020-11-24,883.9812622070312,17898620
2020-11-25,869.8181762695312,19861530
2020-11-26,878.693115234375,12622340
2020-11-27,873.9138793945312,14193500
2020-12-01,872.6917114257812,6942830
2020-12-02,878.244140625,8849690
2020-12-03,909.359130859375,14370480
2020-12-04,903.2129516601562,10624430
2020-12-07,903.1631469726562,7074050
2020-12-08,894.9266357421875,5831470
2020-12-09,899.0423583984375,4518180
2020-12-10,900.8582763671875,4667260
2020-12-11,897.4859008789062,5514560
2020-12-14,891.3446655273438,4448840
2020-12-15,927.6080932617188,11245270
2020-12-16,923.6919555664062,7611700
2020-12-17,927.32373046875,5507380
2020-12-18,919.4913330078125,4803330
2020-12-21,882.6891479492188,7132850
2020-12-22,891.8784790039062,7832960
2020-12-23,899.3016967773438,5754540
2020-12-24,897.2365112304688,4983970
2020-12-28,897.4859008789062,3449940
2020-12-29,895.590087890625,4066010
2020-12-30,894.1583251953125,4910740
2020-12-31,888.6358032226562,4760500
2021-01-01,885.0538330078125,2881010
2021-01-04,887.8775634765625,6133060
2021-01-05,880.1050415039062,4862140
2021-01-06,876.6627807617188,5991930
2021-01-07,896.782470703125,6016480
2021-01-08,915.1012573242188,8242610
2021-01-11,896.5928344726562,5424440
2021-01-12,893.8889770507812,5770450
2021-01-13,877.39111328125,5140780
2021-01-14,872.7714233398438,5684370
2021-01-15,861.6714477539062,5196510
2021-01-18,833.584716796875,6344360
2021-01-19,890.4117431640625,13797180
2021-01-20,891.8186645507812,7864960
2021-01-21,903.2479248046875,16453770
2021-01-22,905.0637817382812,8398220
2021-01-25,917.8251342773438,7811220
2021-01-27,910.5615234375,6166310
2021-01-28,893.5198364257812,8447360
2021-01-29,870.3170776367188,7273520
2021-02-01,969.9977416992188,15653650
2021-02-02,945.5028686523438,13943900
2021-02-03,951.4644165039062,6235450
2021-02-04,967.8775024414062,6047270
2021-02-05,970.03759765625,9225610
2021-02-08,999.8555297851562,9858550
2021-02-09,991.933349609375,5126070
2021-02-10,1020.4990234375,14306670
2021-02-11,1019.3716430664062,7155380
2021-02-12,1025.57275390625,3802850
2021-02-15,1051.4046630859375,5364060
2021-02-16,1043.7119140625,3586040
2021-02-17,1016.2786254882812,5822590
2021-02-18,1017.6055908203125,4347410
2021-02-19,1022.7442016601562,6233430
2021-02-22,997.8151245117188,4269080
2021-02-23,998.6183471679688,3426100
2021-02-24,1017.6705932617188,2699760
2021-02-25,1024.1407470703125,3548020
2021-02-26,962.6941528320312,8465050
2021-03-01,975.2110595703125,3224370
2021-03-02,985.48291015625,2970010
2021-03-03,1037.2265625,5041220
2021-03-04,1010.7211303710938,4121170
2021-03-05,993.5746459960938,3551260
2021-03-08,981.701416015625,2640070
2021-03-09,994.6771850585938,3062110
2021-03-10,996.9022216796875,2446320
2021-03-12,991.1801147460938,4543480
2021-03-15,966.7301025390625,5459130
2021-03-16,959.172119140625,3705870
2021-03-17,950.3718872070312,2934490
2021-03-18,940.8982543945312,4011350
2021-03-19,941.9458618164062,4881260
2021-03-22,938.4737548828125,2930290
2021-03-23,938.4087524414062,2964830
2021-03-24,918.1394653320312,3354390
2021-03-25,903.7218017578125,3820080
2021-03-26,944.619873046875,6786360
2021-03-30,948.1019897460938,3565110
2021-03-31,964.6895751953125,4241400
2021-04-01,976.7525024414062,3100650
2021-04-05,946.03662109375,6121660
2021-04-06,949.8131713867188,3441250
2021-04-07,951.8187255859375,3000030
2021-04-08,963.312744140625,3536340
2021-04-09,960.7435302734375,3286990
2021-04-12,914.2581176757812,5668360
2021-04-13,978.4686889648438,8309150
2021-04-15,971.78369140625,5875040
2021-04-16,980.2695922851562,4001320
2021-04-19,944.8643188476562,6974350
2021-04-20,979.7357788085938,7987320
2021-04-22,983.1731567382812,5822100
2021-04-23,989.4390258789062,6280250
2021-04-26,997.9298706054688,4195960
2021-04-27,1006.869873046875,3428470
2021-04-28,1046.5755615234375,11138810
2021-04-29,1115.1461181640625,16964980
2021-04-30,1101.6865234375,8353550
2021-05-03,1101.6915283203125,3969310
2021-05-04,1096.1788330078125,5221010
2021-05-05,1108.949951171875,3077500
2021-05-06,1100.3194580078125,2288400
2021-05-07,1129.3043212890625,3434430
2021-05-10,1130.6561279296875,4320370
2021-05-11,1116.7926025390625,1986640
2021-05-12,1106.30615234375,2269530
2021-05-14,1094.6873779296875,3136030
2021-05-17,1122.409912109375,3180210
2021-05-18,1137.121826171875,4039590
2021-05-19,1118.99755859375,2275670
2021-05-20,1120.269775390625,1778970
2021-05-21,1123.986328125,2775210
2021-05-24,1114.1734619140625,2142290
2021-05-25,1135.03125,3941510
2021-05-26,1187.9674072265625,10152650
2021-05-27,1186.2113037109375,4079730
2021-05-28,1168.690673828125,2633150
2021-05-31,1177.9798583984375,2411520
2021-06-01,1180.3345947265625,3024210
2021-06-02,1179.7059326171875,1834210
2021-06-03,1179.331787109375,1838160
2021-06-04,1212.83642578125,4107690
2021-06-07,1180.199951171875,5147270
2021-06-08,1170.67626953125,2896090
2021-06-09,1153.2904052734375,3082860
2021-06-10,1196.617919921875,6299980
2021-06-11,1188.0771484375,3529940
2021-06-14,1189.9378662109375,2887850
2021-06-15,1177.221435546875,3148410
2021-06-16,1182.95361328125,2475390
2021-06-17,1179.2022705078125,2201700
2021-06-18,1197.24169921875,4895670
2021-06-21,1212.9111328125,2948530
2021-06-22,1210.44189453125,2749230
2021-06-23,1225.4678955078125,3785550
2021-06-24,1230.5565185546875,2785730
2021-06-25,1245.8572998046875,2187170
2021-06-28,1235.0115966796875,1655170
2021-06-29,1227.22900390625,1571780
2021-06-30,1208.1868896484375,2315460
2021-07-01,1178.99267578125,3215210
2021-07-02,1172.407470703125,3554370
2021-07-05,1189.6337890625,1558690
2021-07-06,1206.3658447265625,3205220
2021-07-07,1234.6373291015625,4048000
2021-07-08,1230.919677734375,2066300
2021-07-09,1282.9005126953125,7919220
2021-07-12,1288.3046875,4091580
2021-07-13,1288.3544921875,2741810
2021-07-14,1296.51806640625,2401510
2021-07-15,1293.2996826171875,1779910
2021-07-16,1272.017333984375,2527820
2021-07-19,1269.562255859375,1881970
2021-07-20,1257.192138671875,1451370
2021-07-22,1303.8433837890625,5248770
2021-07-23,1317.47607421875,2898700
2021-07-26,1349.7962646484375,4211700
2021-07-27,1378.0196533203125,4134150
2021-07-28,1394.257080078125,3194930
2021-07-29,1456.981201171875,7105140
2021-07-30,1419.37158203125,3545430
2021-08-02,1409.68603515625,2647090
2021-08-03,1426.6370849609375,2024300
2021-08-04,1415.8785400390625,2831940
2021-08-05,1396.687255859375,2915270
2021-08-06,1397.7598876953125,1374730
2021-08-09,1421.4373779296875,3188650
2021-08-10,1400.8387451171875,2063630
2021-08-11,1417.774658203125,2118500
2021-08-12,1431.1978759765625,1609340
2021-08-13,1428.8824462890625,1538430
2021-08-16,1452.01611328125,2432620
2021-08-17,1470.7734375,2420690
2021-08-18,1497.6295166015625,3917340
2021-08-20,1494.855224609375,2750520
2021-08-23,1524.13134765625,3266880
2021-08-24,1642.873046875,12743930
2021-08-25,1587.254638671875,9745980
2021-08-26,1592.683837890625,6068820
2021-08-27,1616.3165283203125,4414750
2021-08-30,1652.7232666015625,3360380
2021-08-31,1711.4405517578125,6521270
2021-09-01,1675.2681884765625,4618430
2021-09-02,1666.979736328125,2768790
2021-09-03,1670.08349609375,2485550
2021-09-06,1671.3458251953125,1769580
2021-09-07,1674.759033203125,1881930
2021-09-08,1652.7581787109375,1909320
2021-09-09,1671.6951904296875,1808160
2021-09-13,1690.4276123046875,2166140
2021-09-14,1679.754150390625,1592270
2021-09-15,1679.5196533203125,1231990
2021-09-16,1669.94873046875,1542090
2021-09-17,1680.6473388671875,6549510
2021-09-20,1698.486572265625,3252040
2021-09-21,1755.2027587890625,3846940
2021-09-22,1757.9471435546875,2569820
2021-09-23,1846.67919921875,7125510
2021-09-24,1848.8896484375,3731750
2021-09-27,1799.498779296875,4071680
2021-09-28,1751.52001953125,3220580
2021-09-29,1739.8834228515625,3097120
2021-09-30,1775.11279296875,3430000
2021-10-01,1714.3397216796875,4326770
2021-10-04,1777.0537109375,4013250
2021-10-05,1781.1756591796875,2681630
2021-10-06,1758.1318359375,3004210
2021-10-07,1743.526123046875,2241000
2021-10-08,1751.4302978515625,1522380
2021-10-11,1767.8472900390625,2340900
2021-10-12,1818.615478515625,4545920
2021-10-13,1815.1822509765625,3183880
2021-10-14,1845.18701171875,1968050
2021-10-18,1864.0543212890625,2939480
2021-10-19,1903.83447265625,3878460
2021-10-20,1856.5941162109375,2247980
2021-10-21,1854.2388916015625,1925330
2021-10-22,1862.078125,5053300
2021-10-25,1805.092529296875,3018040
2021-10-26,1831.6590576171875,2967490
2021-10-27,1797.592529296875,3253010
2021-10-28,1795.16748046875,3425500
2021-10-29,1778.5457763671875,3205360
2021-11-01,1753.0518798828125,3849290
2021-11-02,1750.74658203125,2719290
2021-11-03,1747.4381103515625,1838020
2021-11-04,1755.87646484375,315060
2021-11-08,1828.3060302734375,3161990
2021-11-09,1813.6104736328125,1980870
2021-11-10,1828.944580078125,1784330
2021-11-11,1783.5556640625,2155580
2021-11-12,1823.72021484375,2078020
2021-11-15,1809.4189453125,1704610
2021-11-16,1817.3280029296875,2189550
2021-11-17,1821.8839111328125,1461000
2021-11-18,1788.535888671875,2745560
2021-11-22,1703.9554443359375,3707000
2021-11-23,1733.33154296875,2513150
2021-11-24,1737.3834228515625,2740240
2021-11-25,1733.406494140625,1616200
2021-11-26,1664.913818359375,3424860
2021-11-29,1685.6572265625,3042180
2021-11-30,1720.2828369140625,4586420
2021-12-01,1734.813720703125,2383490
2021-12-02,1772.2584228515625,2138810
2021-12-03,1745.367431640625,2034590
2021-12-06,1685.9615478515625,2036900
2021-12-07,1707.4735107421875,2300780
2021-12-08,1758.6357421875,2842990
2021-12-09,1756.1358642578125,2103820
2021-12-10,1767.562744140625,2333140
2021-12-13,1728.9302978515625,2199130
2021-12-14,1708.9205322265625,2420260
2021-12-15,1662.7332763671875,2532210
2021-12-16,1666.98974609375,3253500
2021-12-17,1617.1746826171875,3054350
2021-12-20,1579.450439453125,3371600
2021-12-21,1580.024169921875,3368050
2021-12-22,1591.396240234375,2612920
2021-12-23,1613.75146484375,1811180
2021-12-24,1588.8665771484375,2087360
2021-12-27,1598.10302734375,2351140
2021-12-28,1606.8603515625,1457220
2021-12-29,1621.6507568359375,1724280
2021-12-30,1613.5169677734375,2831460
2021-12-31,1637.334228515625,2300860
2022-01-03,1694.72900390625,2710610
2022-01-04,1710.1131591796875,2300430
2022-01-05,1795.2373046875,6082100
2022-01-06,1795.0478515625,3511360
2022-01-07,1772.1336669921875,3229140
2022-01-10,1776.3153076171875,1697970
2022-01-11,1776.385009765625,1648180
2022-01-12,1789.93798828125,2233940
2022-01-13,1818.85009765625,2480130
2022-01-14,1817.322998046875,1553280
2022-01-17,1833.3809814453125,1352730
2022-01-18,1811.7193603515625,2056670
2022-01-19,1804.109375,3481740
2022-01-20,1722.4383544921875,5444730
2022-01-21,1630.2484130859375,5582910
2022-01-24,1567.5692138671875,4736430
2022-01-25,1549.7847900390625,4090640
2022-01-27,1532.9088134765625,3497270
2022-01-28,1516.8310546875,3509310
2022-01-31,1565.812744140625,3129920
2022-02-01,1587.1998291015625,3571870
2022-02-02,1667.254150390625,5257450
2022-02-03,1631.535888671875,2891370
2022-02-04,1617.329345703125,2945050
2022-02-07,1567.9884033203125,3566640
2022-02-08,1595.712890625,4103730
2022-02-09,1622.52392578125,2510230
2022-02-10,1636.07666015625,2997700
2022-02-11,1608.0830078125,2446960
2022-02-14,1564.2757568359375,2961150
2022-02-15,1634.245361328125,3592130
2022-02-16,1623.98583984375,2738740
2022-02-17,1614.8792724609375,2144330
2022-02-18,1606.43115234375,1743270
2022-02-21,1598.0181884765625,2275920
2022-02-22,1615.7025146484375,3223740
2022-02-23,1610.1287841796875,2418300
2022-02-24,1521.466796875,3615630
2022-02-25,1574.0562744140625,3203370
2022-02-28,1598.048095703125,3732570
2022-03-02,1602.0850830078125,2817150
2022-03-03,1567.264892578125,3400140
2022-03-04,1530.2489013671875,3380590
2022-03-07,1434.4412841796875,3715210
2022-03-08,1442.17578125,4625690
2022-03-09,1498.5128173828125,3913410
2022-03-10,1543.6470947265625,4764050
2022-03-11,1553.781982421875,3296320
2022-03-14,1564.7099609375,2852010
2022-03-15,1567.7437744140625,2965110
2022-03-16,1609.2554931640625,2983170
2022-03-17,1633.8011474609375,4020680
2022-03-21,1614.83935546875,2016350
2022-03-22,1646.156494140625,2652790
2022-03-23,1637.448974609375,2290790
2022-03-24,1634.5897216796875,1839240
2022-03-25,1630.0587158203125,1477480
2022-03-28,1648.5865478515625,1751870
2022-03-29,1646.865234375,1981380
2022-03-30,1709.45947265625,4547640
2022-03-31,1702.628173828125,2986920
2022-04-01,1710.487548828125,2101410
2022-04-04,1716.19091796875,3243940
2022-04-05,1678.5166015625,3855370
2022-04-06,1668.6513671875,2465520
2022-04-07,1652.0745849609375,2167900
2022-04-08,1671.545654296875,2133830
2022-04-11,1654.46484375,1696860
2022-04-12,1628.5369873046875,2476470
2022-04-13,1605.782470703125,2483900
2022-04-18,1579.5550537109375,2818890
2022-04-19,1568.906494140625,2596960
2022-04-20,1547.82373046875,2517070
2022-04-21,1580.4034423828125,2364890
2022-04-22,1542.3248291015625,2148760
2022-04-25,1523.457763671875,1642190
2022-04-26,1540.3438720703125,2206380
2022-04-27,1479.6705322265625,3411920
2022-04-28,1498.178466796875,3475000
2022-04-29,1488.1285400390625,2211070
2022-05-02,1492.749267578125,1907980
2022-05-04,1429.37646484375,3164040
2022-05-05,1411.09326171875,2969280
2022-05-06,1361.3182373046875,3516160
2022-05-09,1375.62451171875,4034090
2022-05-10,1360.2802734375,2563120
2022-05-11,1330.310302734375,2918480
2022-05-12,1282.4962158203125,3256960
2022-05-13,1258.3048095703125,3487640
2022-05-16,1262.990478515625,4340040
2022-05-17,1294.6119384765625,4286060
2022-05-18,1273.6590576171875,3740540
2022-05-19,1238.8988037109375,2864010
2022-05-20,1253.6541748046875,3233300
2022-05-23,1254.77197265625,2788860
2022-05-24,1233.2550048828125,2554750
2022-05-25,1238.1202392578125,2175990
2022-05-26,1245.2760009765625,3792040
2022-05-27,1273.28466796875,3295340
2022-05-30,1289.816650390625,2803920
2022-05-31,1290.8096923828125,4199190
2022-06-01,1257.1373291015625,2812330
2022-06-02,1291.00927734375,3661460
2022-06-03,1266.6182861328125,3171800
2022-06-06,1249.1331787109375,3097470
2022-06-07,1231.3988037109375,1765480
2022-06-08,1244.003662109375,2368430
2022-06-09,1244.6024169921875,1742390
2022-06-10,1222.8958740234375,2906700
2022-06-13,1136.32470703125,4877320
2022-06-14,1131.3795166015625,3669480
2022-06-15,1178.604736328125,4962890
2022-06-16,1144.8924560546875,3940410
2022-06-17,1173.130859375,4193620
2022-06-20,1168.6197509765625,2428580
2022-06-21,1172.63671875,3079180
2022-06-22,1141.2647705078125,2848330
2022-06-23,1152.97119140625,2535530
2022-06-24,1155.9752197265625,3662910
2022-06-27,1157.1927490234375,2463700
2022-06-28,1134.1688232421875,3490570
2022-06-29,1108.75,3902730
2022-06-30,1091.378662109375,3481840
2022-07-01,1130.394287109375,4089830
2022-07-04,1136.95849609375,3004250
2022-07-05,1150.5760498046875,4223480
2022-07-06,1200.873291015625,4782940
2022-07-07,1194.768310546875,2729250
2022-07-08,1198.3375244140625,1690110
2022-07-11,1191.8531494140625,1613680
2022-07-12,1184.5252685546875,2272440
2022-07-13,1175.0858154296875,2672490
2022-07-14,1170.697998046875,2405440
2022-07-15,1182.0792236328125,1711040
2022-07-18,1222.987060546875,2834830
2022-07-19,1242.4349365234375,4230630
2022-07-20,1240.033935546875,2721470
2022-07-21,1269.5552978515625,2713300
2022-07-22,1273.3291015625,3024220
2022-07-25,1259.8812255859375,1747020
2022-07-26,1329.1123046875,13270240
2022-07-27,1328.518310546875,5339660
2022-07-28,1461.798828125,16276260
2022-07-29,1502.2872314453125,10442350
2022-08-01,1504.8331298828125,4320160
2022-08-02,1519.913330078125,4248930
2022-08-03,1521.8848876953125,3096500
2022-08-04,1516.03466796875,3113610
2022-08-05,1506.10595703125,2078470
2022-08-08,1550.5128173828125,4870730
2022-08-10,1561.749267578125,4425480
2022-08-11,1571.10888671875,2536510
2022-08-12,1573.954345703125,2052510
2022-08-16,1588.95947265625,1522190
2022-08-17,1681.2626953125,9435810
2022-08-18,1677.8282470703125,3616590
2022-08-19,1626.0833740234375,5126830
2022-08-22,1584.5618896484375,3722010
2022-08-23,1627.710693359375,7064070
2022-08-24,1630.700927734375,2649190
2022-08-25,1621.960205078125,3693150
2022-08-26,1625.9237060546875,2071780
2022-08-29,1605.9964599609375,3079400
2022-08-30,1693.4276123046875,7661440
2022-09-01,1737.7796630859375,10171920
2022-09-02,1730.0772705078125,6944080
2022-09-05,1734.7545166015625,3700530
2022-09-06,1694.1064453125,5077980
2022-09-07,1702.75732421875,3207730
2022-09-08,1735.4285888671875,4301170
2022-09-09,1717.737548828125,3957300
2022-09-12,1710.98876953125,4250820
2022-09-13,1781.817138671875,10413183
2022-09-14,1802.3831787109375,3784309
2022-09-15,1769.2877197265625,3051984
2022-09-16,1732.049072265625,3277213
2022-09-19,1763.0479736328125,2309647
2022-09-20,1796.6427001953125,2832208
2022-09-21,1799.038818359375,2080898
2022-09-22,1769.4375,4480817
2022-09-23,1719.0704345703125,2759913
2022-09-26,1674.0445556640625,4915173
2022-09-27,1676.7900390625,2624336
2022-09-28,1649.48486328125,2114266
2022-09-29,1633.2119140625,2418856
2022-09-30,1675.5919189453125,2788387
2022-10-03,1643.89404296875,1464138
2022-10-04,1698.3544921875,1806381
2022-10-06,1707.7391357421875,1661891
2022-10-07,1696.2081298828125,1150275
2022-10-10,1681.6319580078125,1229639
2022-10-11,1669.9013671875,1402150
2022-10-12,1691.8651123046875,1538819
2022-10-13,1678.9864501953125,1065166
2022-10-14,1685.5257568359375,1239168
2022-10-17,1716.4246826171875,1551410
2022-10-18,1723.413330078125,1661431
2022-10-19,1696.0084228515625,1804532
2022-10-20,1722.8641357421875,1438398
2022-10-21,1681.681884765625,2734130
2022-10-24,1699.00341796875,499690
2022-10-25,1655.8245849609375,1870289
2022-10-27,1628.269775390625,2177395
2022-10-28,1650.6829833984375,2115388
2022-10-31,1684.7269287109375,2217631
2022-11-01,1706.2415771484375,2002317
2022-11-02,1707.58935546875,2036615
2022-11-03,1720.667724609375,2205874
2022-11-04,1797.7408447265625,6981242
2022-11-07,1775.128173828125,2464569
2022-11-09,1749.8197021484375,1762741
2022-11-10,1697.555908203125,2030748
2022-11-11,1716.4246826171875,1671510
2022-11-14,1715.5262451171875,1459293
2022-11-15,1705.6925048828125,1401141
2022-11-16,1682.8800048828125,2040699
2022-11-17,1661.864501953125,1875515
2022-11-18,1651.681396484375,1581747
2022-11-21,1633.161865234375,1943750
2022-11-22,1640.6495361328125,1508906
2022-11-23,1633.5111083984375,1837952
2022-11-24,1631.3148193359375,1660403
2022-11-25,1631.0152587890625,1140578
2022-11-28,1650.1339111328125,2005182
2022-11-29,1629.318115234375,1346735
2022-11-30,1623.8271484375,2900845
2022-12-01,1636.1070556640625,2111362
2022-12-02,1639.9508056640625,1682841
2022-12-05,1631.514404296875,1383542
2022-12-06,1632.562744140625,1177485
2022-12-07,1604.0596923828125,2376490
2022-12-08,1615.9400634765625,1161239
2022-12-09,1595.972900390625,1766412
2022-12-12,1589.4837646484375,1365732
2022-12-13,1608.8018798828125,1279634
2022-12-14,1620.3829345703125,1137059
2022-12-15,1602.2626953125,1041690
2022-12-16,1584.491943359375,1533418
2022-12-19,1616.3895263671875,1508476
2022-12-20,1612.9949951171875,866377
2022-12-21,1579.20068359375,1397725
2022-12-22,1541.762451171875,2100618
2022-12-23,1494.5899658203125,1673592
2022-12-26,1532.4776611328125,1329547
2022-12-27,1535.173095703125,1102198
2022-12-28,1520.19775390625,1411078
2022-12-29,1509.2156982421875,3417120
2022-12-30,1545.3062744140625,2638505
2023-01-02,1549.94873046875,1061404
2023-01-03,1560.4315185546875,1306648
2023-01-04,1545.3062744140625,1036103
2023-01-05,1466.4361572265625,5979381
2023-01-06,1427.99951171875,5207616
2023-01-09,1411.676513671875,4513767
2023-01-10,1410.9776611328125,2903001
2023-01-11,1397.3997802734375,2327598
2023-01-12,1385.5194091796875,3168742
2023-01-13,1388.864013671875,3754686
2023-01-16,1381.6258544921875,3480545
2023-01-17,1370.6439208984375,3681802
2023-01-18,1365.05322265625,2589016
2023-01-19,1352.923095703125,1910318
2023-01-20,1331.0091552734375,2091612
2023-01-23,1330.559814453125,1832743
2023-01-24,1330.510009765625,1311451
2023-01-25,1312.1900634765625,1549899
2023-01-27,1312.040283203125,1829556
2023-01-30,1341.6416015625,4411750
2023-01-31,1340.243896484375,2213909
2023-02-01,1266.2158203125,4761664
2023-02-02,1269.8099365234375,2419664
2023-02-03,1335.252197265625,3271913
2023-02-06,1340.8428955078125,1546926
2023-02-07,1348.180908203125,1604424
2023-02-08,1366.6505126953125,1516979
2023-02-09,1397.9490966796875,2593600
2023-02-10,1399.446533203125,2069492
2023-02-13,1386.2681884765625,1467695
2023-02-14,1396.3016357421875,1390992
2023-02-15,1418.46533203125,1518171
2023-02-16,1425.8529052734375,2153424
2023-02-17,1411.726318359375,994199
2023-02-20,1402.291748046875,993735
2023-02-21,1392.0086669921875,1117177
2023-02-22,1358.7135009765625,1402505
2023-02-23,1344.736572265625,1095460
2023-02-24,1356.766845703125,1342454
2023-02-27,1355.16943359375,972575
2023-02-28,1332.7064208984375,1597380
2023-03-01,1341.691650390625,1134472
2023-03-02,1341.3421630859375,3267851
2023-03-03,1353.1226806640625,1199487
2023-03-06,1378.531005859375,2466703
2023-03-08,1378.531005859375,1557533
2023-03-09,1350.3275146484375,1545024
2023-03-10,1326.666259765625,1389890
2023-03-13,1293.57080078125,1668502
2023-03-14,1278.4456787109375,2060607
2023-03-15,1280.4921875,1376141
2023-03-16,1291.4742431640625,1539281
2023-03-17,1299.61083984375,1332869
2023-03-20,1243.353515625,3970911
2023-03-21,1266.01611328125,2333183
2023-03-22,1292.4228515625,2884348
2023-03-23,1287.880126953125,1947186
2023-03-24,1238.6112060546875,2676573
2023-03-27,1237.0638427734375,1553877
2023-03-28,1221.1400146484375,1510246
2023-03-29,1244.00244140625,1657420
2023-03-31,1264.418701171875,1830686
2023-04-03,1280.841796875,1381342
2023-04-05,1277.1976318359375,3366621
2023-04-06,1301.80712890625,1819711
2023-04-10,1302.9053955078125,1297282
2023-04-11,1321.025634765625,1281834
2023-04-12,1319.3782958984375,1105734
2023-04-13,1339.0958251953125,1330391
2023-04-17,1338.9461669921875,1073923
2023-04-18,1333.005859375,1236391
2023-04-19,1329.1622314453125,590360
2023-04-20,1329.9110107421875,467602
2023-04-21,1315.734375,825513
2023-04-24,1317.5811767578125,1051329
2023-04-25,1343.5885009765625,2725305
2023-04-26,1332.506591796875,889092
2023-04-27,1357.76513671875,3982526
2023-04-28,1352.423828125,3376186
2023-05-02,1346.833251953125,1387425
2023-05-03,1344.7864990234375,903123
2023-05-04,1372.1912841796875,2213569
2023-05-05,1357.016357421875,2572062
2023-05-08,1402.491455078125,2912772
2023-05-09,1406.385009765625,3772745
2023-05-10,1412.1256103515625,1297980
2023-05-11,1418.06591796875,915163
2023-05-12,1421.11083984375,1300969
2023-05-15,1419.0142822265625,1003664
2023-05-16,1426.0029296875,1678746
2023-05-17,1413.073974609375,804968
2023-05-18,1413.1239013671875,739262
2023-05-19,1412.7745361328125,754504
2023-05-22,1410.6781005859375,591903
2023-05-23,1434.88818359375,1991556
2023-05-24,1424.1058349609375,1047736
2023-05-25,1425.0045166015625,688673
2023-05-26,1436.78515625,1023550
2023-05-29,1447.16796875,1659680
2023-05-30,1463.441162109375,1506999
2023-05-31,1448.66552734375,1704213
2023-06-01,1447.76708984375,939379
2023-06-02,1454.855224609375,1129346
2023-06-05,1456.502685546875,829929
2023-06-06,1472.6759033203125,1472972
2023-06-07,1478.4664306640625,837622
2023-06-08,1464.9886474609375,722068
2023-06-09,1464.090087890625,499104
2023-06-12,1463.5909423828125,465964
2023-06-13,1483.7576904296875,1205104
2023-06-14,1477.96728515625,763762
2023-06-15,1472.276611328125,853566
2023-06-16,1506.1209716796875,2090874
2023-06-19,1539.4161376953125,3446484
2023-06-20,1518.550537109375,1943763
2023-06-21,1516.75341796875,799052
2023-06-22,1505.172607421875,966522
2023-06-23,1499.481689453125,1237464
2023-06-26,1505.0726318359375,647496
2023-06-27,1520.4473876953125,763062
2023-06-28,1516.35400390625,1158136
2023-06-30,1526.29296875,934639
2023-07-03,1538.37939453125,1068533
2023-07-04,1627.6796875,7337423
2023-07-05,1611.897216796875,2006206
2023-07-06,1618.09033203125,937466
2023-07-07,1613.095947265625,1456642
2023-07-10,1596.0150146484375,1731894
2023-07-11,1590.62109375,1500679
2023-07-12,1591.4200439453125,1281286
2023-07-13,1613.295654296875,1136620
2023-07-14,1612.396728515625,1088010
2023-07-17,1608.4510498046875,823296
2023-07-18,1616.4920654296875,2077115
2023-07-19,1642.26318359375,1920501
2023-07-20,1633.9725341796875,1159938
2023-07-21,1631.0257568359375,1149031
2023-07-24,1655.6483154296875,1455663
2023-07-25,1647.0079345703125,1378736
2023-07-26,1624.6329345703125,2225230
2023-07-27,1612.746337890625,3402069
2023-07-28,1583.0794677734375,3285744
2023-07-31,1596.5145263671875,1323373
2023-08-01,1570.5933837890625,1641917
2023-08-02,1525.2940673828125,2170178
2023-08-03,1491.9813232421875,2785017
2023-08-04,1484.6396484375,2703607
2023-08-07,1506.71484375,1228780
2023-08-08,1514.056640625,1409271
2023-08-09,1514.90576171875,1065831
2023-08-10,1517.70263671875,900666
2023-08-11,1502.31982421875,792201
2023-08-14,1480.394287109375,1549409
2023-08-16,1468.2078857421875,834135
2023-08-17,1475.2000732421875,1048714
2023-08-18,1458.518798828125,1053734
2023-08-21,1476.6485595703125,1498685
2023-08-22,1466.1602783203125,1557523
2023-08-23,1468.4576416015625,961649
2023-08-24,1466.9593505859375,847606
2023-08-25,1502.2198486328125,3624097
2023-08-28,1498.224365234375,1066459
2023-08-29,1501.7703857421875,1377001
2023-08-30,1499.8226318359375,700372
2023-08-31,1487.2366943359375,1542837
2023-09-01,1512.80810546875,904596
2023-09-04,1508.4129638671875,685689
2023-09-05,1508.762451171875,1298151
2023-09-06,1516.5037841796875,712220
2023-09-07,1517.8524169921875,647590
2023-09-08,1539.2784423828125,2168354
2023-09-11,1547.96875,841557
2023-09-12,1540.726806640625,1444688
2023-09-13,1551.0653076171875,1193072
2023-09-14,1549.16748046875,920905
2023-09-15,1536.3817138671875,3116428
2023-09-18,1558.207275390625,1403635
2023-09-20,1551.6146240234375,1076887
2023-09-21,1524.494873046875,1772341
2023-09-22,1541.9754638671875,1321743
2023-09-25,1575.6378173828125,2962182
2023-09-26,1565.9486083984375,2472382
2023-09-27,1564.0008544921875,964400
2023-09-28,1537.9798583984375,831496
2023-09-29,1538.529296875,1109857
2023-10-03,1559.3060302734375,1083086
2023-10-04,1530.837890625,1614123
2023-10-05,1540.8267822265625,1153064
2023-10-06,1632.8238525390625,7384628
2023-10-09,1619.738525390625,1712235
2023-10-10,1631.2755126953125,1453653
2023-10-11,1634.7216796875,952433
2023-10-12,1632.9736328125,1052767
2023-10-13,1644.710693359375,1212989
2023-10-16,1640.51513671875,859548
2023-10-17,1655.798095703125,1689224
2023-10-18,1626.3809814453125,1230439
2023-10-19,1632.9237060546875,1429935
2023-10-20,1633.223388671875,1191783
2023-10-23,1611.347900390625,1093182
2023-10-25,1609.6497802734375,1490405
2023-10-26,1558.25732421875,1780025
2023-10-27,1564.6500244140625,2003579
2023-10-30,1559.35595703125,850025
2023-10-31,1567.796630859375,1592788
2023-11-01,1571.0927734375,770557
2023-11-02,1573.8397216796875,1020303
2023-11-03,1534.4339599609375,2519096
2023-11-06,1562.65234375,917415
2023-11-07,1568.04638671875,2532282
2023-11-08,1573.7398681640625,831310
2023-11-09,1580.482421875,1108425
2023-11-10,1594.217041015625,672720
2023-11-13,1583.428955078125,853825
2023-11-15,1585.277099609375,1684967
2023-11-16,1618.8394775390625,3213352
2023-11-17,1614.0948486328125,1783393
2023-11-20,1592.01953125,1256179
2023-11-21,1608.6009521484375,1714833
2023-11-22,1622.0858154296875,807316
2023-11-23,1622.1357421875,695592
2023-11-24,1615.4432373046875,625345
2023-11-28,1652.5517578125,1564478
2023-11-29,1651.65283203125,746796
2023-11-30,1671.63037109375,1577522
2023-12-01,1684.0665283203125,1101136
2023-12-04,1694.35498046875,1419178
2023-12-05,1690.8089599609375,1778602
2023-12-06,1698.450439453125,737176
2023-12-07,1702.1463623046875,941890
2023-12-08,1708.239501953125,1376050
2023-12-11,1700.897705078125,1003371
2023-12-12,1704.8433837890625,1390539
2023-12-13,1682.6680908203125,1168629
2023-12-14,1729.0162353515625,2130836
2023-12-15,1731.2137451171875,1486079
2023-12-18,1722.6732177734375,696124
2023-12-19,1707.8399658203125,1214352
2023-12-20,1679.022216796875,1540009
2023-12-21,1664.9879150390625,988034
2023-12-22,1670.18212890625,1279614
2023-12-26,1643.4620361328125,1296291
2023-12-27,1667.5848388671875,1181177
2023-12-28,1679.32177734375,1360425
2023-12-29,1683.916748046875,738203
2024-01-01,1674.5272216796875,692280
2024-01-02,1684.3162841796875,1099965
2024-01-03,1675.77587890625,804258
2024-01-04,1700.048583984375,2268009
2024-01-05,1707.5902099609375,835592
2024-01-08,1694.454833984375,684254
2024-01-09,1680.5704345703125,1235008
2024-01-10,1669.9822998046875,607010
2024-01-11,1667.3851318359375,861924
2024-01-12,1650.0545654296875,1314964
2024-01-15,1630.576416015625,1089891
2024-01-16,1621.6864013671875,1063676
2024-01-17,1584.3779296875,1488186
2024-01-18,1579.383544921875,1133236
2024-01-19,1598.7119140625,1139473
2024-01-23,1580.7320556640625,3028946
2024-01-24,1619.0391845703125,1393463
2024-01-25,1628.328857421875,1744604
2024-01-29,1635.1212158203125,940220
2024-01-30,1588.773193359375,4851835
2024-01-31,1625.4820556640625,1486444
2024-02-01,1620.437744140625,1352416
2024-02-02,1649.655029296875,1514648
2024-02-05,1613.095947265625,2578535
2024-02-06,1595.265869140625,2376798
2024-02-07,1594.416748046875,1477982
2024-02-08,1568.7955322265625,1486674
2024-02-09,1569.1949462890625,1049368
2024-02-12,1555.5103759765625,803753
2024-02-13,1566.248291015625,1833289
2024-02-14,1577.9351806640625,763689
2024-02-15,1567.646728515625,803588
2024-02-16,1574.139404296875,850341
2024-02-19,1618.340087890625,1162373
2024-02-20,1601.059326171875,1232581
2024-02-21,1585.177001953125,674394
2024-02-22,1590.7708740234375,1149519
2024-02-23,1614.7440185546875,1199419
2024-02-26,1612.49658203125,742382
2024-02-27,1598.8118896484375,931236
2024-02-28,1582.7298583984375,790763
2024-02-29,1592.01953125,1352363
2024-03-01,1611.59765625,740120
2024-03-04,1617.490966796875,589948
2024-03-05,1548.7679443359375,2343463
2024-03-06,1552.8631591796875,1239370
2024-03-07,1581.0318603515625,1380840
2024-03-11,1597.013916015625,1285565
2024-03-12,1591.769775390625,1587096
2024-03-13,1571.392578125,1279653
2024-03-14,1561.9530029296875,1289823
2024-03-15,1569.6943359375,1929597
2024-03-18,1575.2882080078125,645594
2024-03-19,1579.733154296875,1385006
2024-03-20,1582.9295654296875,723724
2024-03-21,1600.8096923828125,1166497
2024-03-22,1585.7764892578125,1570412
2024-03-26,1592.119384765625,1616192
2024-03-27,1580.8819580078125,1205575
2024-03-28,1642.013427734375,5210310
2024-04-01,1644.1611328125,767676
2024-04-02,1654.699462890625,1605925
2024-04-03,1638.5174560546875,1055536
2024-04-04,1653.9503173828125,1328509
2024-04-05,1676.0753173828125,2364243
2024-04-08,1687.262939453125,1345380
2024-04-09,1708.4892578125,1284145
2024-04-10,1702.1961669921875,1031729
2024-04-12,1696.7523193359375,1312132
2024-04-15,1654.9990234375,828843
2024-04-16,1616.6917724609375,1528544
2024-04-18,1592.119384765625,1325537
2024-04-19,1617.1912841796875,1242066
2024-04-22,1627.629638671875,703167
2024-04-23,1619.2889404296875,1297705
2024-04-24,1628.528564453125,578310
2024-04-25,1653.7005615234375,1569437
2024-04-26,1595.5655517578125,5325417
2024-04-29,1593.867431640625,1132800
2024-04-30,1613.1956787109375,1748360
2024-05-02,1613.645263671875,1304846
2024-05-03,1625.4820556640625,5227529
2024-05-06,1609.5498046875,725360
2024-05-07,1613.345703125,1348125
2024-05-08,1601.2591552734375,802342
2024-05-09,1562.85205078125,1364729
2024-05-10,1570.9429931640625,768117
2024-05-13,1578.7843017578125,466042
2024-05-14,1574.6888427734375,652248
2024-05-15,1567.2972412109375,581805
2024-05-16,1594.217041015625,1212568
2024-05-17,1582.9796142578125,699522
2024-05-21,1580.7821044921875,903561
2024-05-22,1582.180419921875,578669
2024-05-23,1606.653076171875,1547483
2024-05-24,1599.9105224609375,566278
2024-05-27,1594.017333984375,1365230
2024-05-28,1597.863037109375,1306333
2024-05-29,1568.1461181640625,1665575
2024-05-30,1522.3973388671875,2285079
2024-05-31,1526.892333984375,2794001
2024-06-03,1574.0396728515625,1826290
2024-06-04,1475.649658203125,4388491
2024-06-05,1516.00439453125,1456768
2024-06-06,1524.74462890625,2891789
2024-06-07,1565.9486083984375,2787254
2024-06-10,1564.0509033203125,1154334
2024-06-11,1566.498046875,1184425
2024-06-12,1577.3359375,1799090
2024-06-13,1588.3236083984375,1095701
2024-06-14,1589.9718017578125,681385
2024-06-18,1596.164794921875,1282756
2024-06-19,1593.1182861328125,1269273
2024-06-20,1584.2281494140625,1649421
2024-06-21,1578.131103515625,3345305
2024-06-24,1586.8768310546875,822750
2024-06-25,1602.5692138671875,3093861
2024-06-26,1599.470703125,1310438
2024-06-27,1602.3193359375,2620064
2024-06-28,1587.3765869140625,2058302
2024-07-01,1579.430419921875,2444681
2024-07-02,1578.980712890625,2572175
2024-07-03,1593.373779296875,892102
2024-07-04,1584.927734375,1450706
2024-07-05,1578.830810546875,1070592
2024-07-08,1569.3353271484375,1000005
2024-07-09,1580.829833984375,1233946
2024-07-10,1581.7794189453125,1355610
2024-07-11,1587.0767822265625,1848978
2024-07-12,1596.47216796875,1003699
2024-07-15,1601.419677734375,1753186
2024-07-16,1608.7662353515625,980434
2024-07-18,1650.4459228515625,2999670
2024-07-19,1639.4512939453125,1865129
2024-07-22,1630.355712890625,784867
2024-07-23,1618.0616455078125,2718846
2024-07-24,1578.48095703125,3675430
2024-07-25,1571.1844482421875,1694503
2024-07-26,1585.6773681640625,2768936
2024-07-29,1616.362548828125,2217892
2024-07-30,1641.85009765625,3703774
2024-07-31,1650.845703125,1324150
2024-08-01,1634.00390625,747329
2024-08-02,1622.659423828125,1105569
2024-08-05,1566.9365234375,2058076
2024-08-06,1563.3382568359375,1897942
2024-08-07,1570.634765625,1443063
2024-08-08,1539.300048828125,1683534
2024-08-09,1559.440185546875,1014828
2024-08-12,1558.2408447265625,1125254
2024-08-13,1542.598388671875,1817066
2024-08-14,1528.4053955078125,1173504
2024-08-16,1549.145263671875,1841887
2024-08-19,1550.3446044921875,940893
2024-08-20,1601.31982421875,3149863
2024-08-21,1620.16064453125,1966030
2024-08-22,1624.9083251953125,1325535
2024-08-23,1639.1014404296875,1114056
2024-08-26,1685.3787841796875,2446507
2024-08-27,1718.162841796875,4205533
2024-08-28,1712.66552734375,1444329
2024-08-29,1754.7950439453125,5508206
2024-08-30,1782.1817626953125,3865499
2024-09-02,1839.65380859375,5442576
2024-09-03,1864.6915283203125,4429269
2024-09-04,1870.988525390625,2634954
2024-09-05,1864.041748046875,1441842
2024-09-06,1856.24560546875,2970645
2024-09-09,1859.5439453125,1576721
2024-09-10,1823.611572265625,2155688
2024-09-11,1832.25732421875,1492450
2024-09-12,1853.94677734375,2040386
2024-09-13,1893.5274658203125,3078216
2024-09-16,1856.6954345703125,3180768
2024-09-17,1847.7996826171875,1920113
2024-09-18,1887.2803955078125,2960854
2024-09-19,1889.4794921875,1821882
2024-09-20,1915.8665771484375,4225587
2024-09-23,1919.0150146484375,1118846
2024-09-24,1903.7225341796875,1461016
2024-09-25,1927.5609130859375,901659
2024-09-26,1981.83447265625,2541200
2024-09-27,2009.7208251953125,3718693
2024-09-30,1972.4390869140625,1859917
2024-10-01,1974.2880859375,1326900
2024-10-03,1912.46826171875,1702709
2024-10-04,1883.63232421875,2423416
2024-10-07,1878.3848876953125,1423722
2024-10-08,1837.2548828125,1423384
2024-10-09,1866.040771484375,1411255
2024-10-10,1874.7864990234375,1209065
2024-10-11,1875.486328125,516757
2024-10-14,1866.2906494140625,809881
2024-10-15,1853.047119140625,2072690
2024-10-16,1861.143310546875,850008
2024-10-17,1814.915771484375,1115879
2024-10-18,1819.0137939453125,990257
2024-10-21,1757.543701171875,1663903
2024-10-22,1721.7611083984375,3142294
2024-10-23,1738.852783203125,2585058
2024-10-24,1741.2515869140625,1502718
2024-10-25,1706.568603515625,875973
2024-10-28,1729.6072998046875,653158
2024-10-29,1765.839599609375,1561586
2024-10-30,1751.5965576171875,826677
2024-10-31,1749.8974609375,869480
2024-11-01,1753.845458984375,134827
2024-11-04,1711.666015625,1294236
2024-11-05,1734.8048095703125,1646381
2024-11-06,1747.848388671875,926170
2024-11-07,1728.857666015625,855044
2024-11-08,1738.90283203125,869560
2024-11-11,1716.6136474609375,696798
2024-11-12,1690.9261474609375,903492
2024-11-13,1663.639404296875,668302
2024-11-14,1639.00146484375,744472
2024-11-18,1615.2130126953125,1618700
2024-11-19,1595.5726318359375,2569730
2024-11-21,1568.48583984375,984265
2024-11-22,1600.0704345703125,2082813
2024-11-25,1604.1185302734375,2191916
2024-11-26,1593.6236572265625,2483861
2024-11-27,1599.2708740234375,1335825
2024-11-28,1574.2830810546875,3458405
2024-11-29,1579.1805419921875,1998058
2024-12-02,1595.87255859375,1423549
2024-12-03,1606.3173828125,1045367
2024-12-04,1627.30712890625,2271608
2024-12-05,1643.29931640625,1706032
2024-12-06,1634.4036865234375,1049225
2024-12-09,1636.2528076171875,859106
2024-12-10,1662.5899658203125,1673974
2024-12-11,1685.6787109375,2131913
2024-12-12,1678.4822998046875,1137744
2024-12-13,1678.8819580078125,1389802
2024-12-16,1672.8349609375,797240
2024-12-17,1642.349853515625,1045630
2024-12-18,1629.9559326171875,952592
2024-12-19,1588.7760009765625,1681562
2024-12-20,1568.8856201171875,1806341
2024-12-23,1562.638671875,1017438
2024-12-24,1563.7882080078125,810638
2024-12-26,1558.540771484375,760870
2024-12-27,1578.531005859375,1174865
2024-12-30,1575.93212890625,1307371
2024-12-31,1567.3363037109375,1041557
2025-01-01,1575.63232421875,464064
2025-01-02,1699.8218994140625,8022190
2025-01-03,1700.2716064453125,1563600
2025-01-06,1683.7796630859375,1837772
2025-01-07,1681.9305419921875,1242573
2025-01-08,1696.173583984375,1437122
2025-01-09,1689.4769287109375,1036731
2025-01-10,1700.4215087890625,1467079
2025-01-13,1673.334716796875,1177882
2025-01-14,1712.66552734375,2084348
2025-01-15,1670.8359375,2098490
2025-01-16,1696.5234375,1105433
2025-01-17,1679.83154296875,905680
2025-01-20,1734.35498046875,1674215
2025-01-21,1716.163818359375,2008953
2025-01-22,1742.451171875,1369310
2025-01-23,1745.2996826171875,1888122
2025-01-24,1727.858154296875,747930
2025-01-27,1710.7664794921875,1017680
2025-01-28,1768.0885009765625,2439528
2025-01-29,1789.5281982421875,1880079
2025-01-30,1744.35009765625,5190089
2025-01-31,1735.2545166015625,1917476
2025-02-01,1753.1458740234375,2887325
2025-02-03,1793.9759521484375,2918355
2025-02-04,1812.366943359375,2285643
2025-02-05,1795.875,1286850
2025-02-06,1787.1292724609375,1119866
2025-02-07,1797.4742431640625,1748940
2025-02-10,1791.5272216796875,908769
2025-02-11,1744.000244140625,1944713
2025-02-12,1787.828857421875,1888823
2025-02-13,1848.3494873046875,4070038
2025-02-14,1840.4034423828125,1823774
2025-02-17,1893.92724609375,3022597
2025-02-18,1892.77783203125,2116513
2025-02-19,1874.436767578125,768994
2025-02-20,1880.3338623046875,1012144
2025-02-21,1878.434814453125,852037
2025-02-24,1856.8953857421875,1076484
2025-02-25,1874.1868896484375,1761019
2025-02-27,1924.6123046875,2878330
2025-02-28,1871.3883056640625,1797567
2025-03-03,1837.65478515625,1046987
2025-03-04,1789.42822265625,1443339
2025-03-05,1800.922607421875,2143253
2025-03-06,1844.55126953125,2176883
2025-03-07,1844.4014892578125,1332323
2025-03-10,1839.4537353515625,1703046
2025-03-11,1804.5208740234375,2298735
2025-03-12,1818.56396484375,1196955
2025-03-13,1806.56982421875,1333932
2025-03-17,1870.6885986328125,6994837
2025-03-18,1870.6885986328125,0
2025-03-19,1841.3529052734375,2411880
2025-03-20,1850.9481201171875,2306910
2025-03-21,1846.3504638671875,3537391
2025-03-24,1893.2276611328125,1864839
2025-03-25,1944.1029052734375,3512725
2025-03-26,1942.45361328125,2779682
2025-03-27,2004.7733154296875,4506778
2025-03-28,2006.3724365234375,1907116
2025-04-01,1936.1566162109375,2125921
2025-04-02,1930.0096435546875,1057344
2025-04-03,1919.5147705078125,1598430
2025-04-04,1911.3687744140625,2120708
2025-04-07,1851.747802734375,2594074
2025-04-08,1902.273193359375,3182018
2025-04-09,1894.77685546875,1394829
2025-04-11,1945.352294921875,1880510
2025-04-15,1967.0416259765625,1250872
2025-04-16,1968.240966796875,1033717
2025-04-17,2034.3089599609375,2104540
2025-04-21,2102.4755859375,2642028
2025-04-22,2075.988525390625,1447675
2025-04-23,2099.777099609375,1483177
2025-04-24,2103.974853515625,1465968
2025-04-25,2044.50390625,1960343
2025-04-28,2048.701904296875,6311008
2025-04-29,2065.893310546875,2119823
2025-04-30,1950.649658203125,4684518
2025-05-02,1965.7421875,1949238
2025-05-05,2025.2132568359375,2072898
2025-05-06,2034.8087158203125,1698230
2025-05-07,2029.3114013671875,1078158
2025-05-08,2005.023193359375,1697652
2025-05-09,1969.0406494140625,1207361
2025-05-12,2049.4013671875,1057561
2025-05-13,2017.2171630859375,2217985
2025-05-14,2019.4161376953125,1670853
2025-05-15,2040.9056396484375,2640223
2025-05-16,2032.609619140625,1568556
2025-05-19,2037.3074951171875,1379603
2025-05-20,2004.12353515625,2170575
2025-05-21,2036.3079833984375,1291354
2025-05-22,2000.0255126953125,1178160
2025-05-23,2035.50830078125,1085026
2025-05-26,2051.6005859375,714431
2025-05-27,2028.9114990234375,1175928
2025-05-28,2021.4151611328125,415312
2025-05-29,2009.9207763671875,874950
2025-05-30,2016.4176025390625,2144136
2025-06-02,2028.011962890625,1339043
2025-06-03,1990.9300537109375,1522876
2025-06-04,1955.1474609375,1169875
2025-06-05,1943.0533447265625,1808602
2025-06-06,1989.0308837890625,6970191
2025-06-09,2016.4176025390625,4221378
2025-06-10,1997.126953125,3306765
2025-06-11,2011.9197998046875,2245988
2025-06-12,2027.8121337890625,3783347
2025-06-13,2010.020751953125,1418715
2025-06-16,2027.2122802734375,1645983
2025-06-17,2002.324462890625,1220096
2025-06-18,1980.4351806640625,1401356
2025-06-19,1966.641845703125,745887
2025-06-20,1985.2327880859375,1931248
2025-06-23,1996.627197265625,1125629
2025-06-24,2008.2215576171875,1717823
2025-06-25,2010.8203125,998245
2025-06-26,2052.60009765625,1828277
2025-06-27,2044.0,6315182
2025-06-30,2056.0,1363779
2025-07-01,2053.800048828125,1002015
2025-07-02,2007.9000244140625,1204931
2025-07-03,1980.699951171875,1133593
2025-07-04,1994.4000244140625,1509178
2025-07-07,2006.4000244140625,861699
2025-07-08,2018.300048828125,986803
2025-07-09,2026.4000244140625,1161769
2025-07-10,2039.4000244140625,1230564
2025-07-11,2017.199951171875,1145529
2025-07-14,2003.5999755859375,605261
2025-07-15,2036.5,888117
2025-07-16,2036.0,633132
2025-07-17,2026.5,458912
2025-07-18,2029.5999755859375,995783
2025-07-21,2053.89990234375,999643
2025-07-22,2039.5999755859375,1214275
2025-07-23,2060.5,878101
2025-07-24,2032.300048828125,658995
2025-07-25,1985.800048828125,4102292
2025-07-28,1977.800048828125,1469727
2025-07-29,1972.5999755859375,847965
2025-07-30,1959.800048828125,932988
2025-07-31,1948.0,985553
2025-08-01,1916.300048828125,836974
2025-08-04,1933.5999755859375,982532
2025-08-05,1939.4000244140625,1101680
2025-08-06,1924.0,875588
2025-08-07,1914.0,905353
2025-08-08,1919.199951171875,507893
2025-08-11,1922.800048828125,1489228
2025-08-12,1908.0,899579
2025-08-13,1914.4000244140625,710014
2025-08-14,1925.0999755859375,765742
2025-08-18,1993.5,1473915
2025-08-19,1972.199951171875,1389770
2025-08-20,1958.5,1461680
2025-08-21,1980.0,2346236
2025-08-22,1965.9000244140625,709444
2025-08-25,1963.800048828125,869509
2025-08-26,1924.199951171875,1179819
2025-08-28,1917.5999755859375,985012
2025-08-29,1913.5,735268
2025-09-01,1943.5,590079
2025-09-02,1955.9000244140625,907972
2025-09-03,1966.0999755859375,934230
2025-09-04,2002.199951171875,2459026
2025-09-05,2014.4000244140625,1077230
2025-09-08,2008.4000244140625,338055
2025-09-09,2025.300048828125,1240640
2025-09-10,2038.199951171875,927634
2025-09-11,2037.800048828125,720797
2025-09-12,2081.5,1546838
2025-09-15,2080.0,1014957
2025-09-16,2080.300048828125,928203
2025-09-17,2057.0,1199866
2025-09-18,2069.199951171875,904666
2025-09-19,2067.300048828125,1973991
2025-09-22,2069.5,633360
2025-09-23,2084.39990234375,1177350
2025-09-24,2069.199951171875,602541
2025-09-25,2035.5999755859375,952122
2025-09-26,2003.199951171875,754739
2025-09-29,2024.699951171875,2005041
2025-09-30,2006.4000244140625,924425
2025-10-01,2007.0,683568
2025-10-03,2000.9000244140625,789048
2025-10-06,2033.199951171875,821515
2025-10-07,2032.5999755859375,641471
2025-10-08,2013.5999755859375,369526
2025-10-09,2014.5999755859375,437357
2025-10-10,2004.300048828125,772401
2025-10-13,2020.4000244140625,1013809
2025-10-14,2019.4000244140625,668246
2025-10-15,2084.10009765625,1497249
2025-10-16,2090.199951171875,1424932
2025-10-17,2083.699951171875,609393
2025-10-20,2139.800048828125,1844869
2025-10-21,2169.10009765625,367784
2025-10-23,2176.60009765625,1291839
2025-10-24,2159.5,517200
2025-10-27,2170.199951171875,433573
2025-10-28,2140.199951171875,1200996
2025-10-29,2137.0,343434
2025-10-30,2114.60009765625,488305
2025-10-31,2088.300048828125,586237
2025-11-03,2081.60009765625,546962
2025-11-04,2073.199951171875,610128
2025-11-06,2063.199951171875,1175380
2025-11-07,2102.10009765625,839091
2025-11-10,2118.300048828125,985115
2025-11-11,1989.4000244140625,4943745
2025-11-12,2035.5,2396251
2025-11-13,2056.199951171875,1839900
2025-11-14,2065.800048828125,1433249
2025-11-17,2079.60009765625,817576
2025-11-18,2050.199951171875,734236
2025-11-19,2050.199951171875,704802
2025-11-20,2095.60009765625,1576354
2025-11-21,2052.39990234375,1019782
2025-11-24,2030.800048828125,1422874
2025-11-25,2030.199951171875,688300
2025-11-26,2085.10009765625,928388
2025-11-27,2103.199951171875,1125896
2025-11-28,2094.0,590610
2025-12-01,2081.800048828125,533604
2025-12-02,2065.89990234375,682583
2025-12-03,2046.0,785536
2025-12-04,2049.199951171875,758590
2025-12-05,2096.5,1742156
2025-12-08,2059.199951171875,904146
2025-12-09,2069.5,1176704
2025-12-10,2065.800048828125,937777
2025-12-11,2065.800048828125,624077
2025-12-12,2083.10009765625,554885
2025-12-15,2070.5,483403
2025-12-16,2035.199951171875,506106
2025-12-17,2021.199951171875,398342
2025-12-18,2026.300048828125,438810
2025-12-19,2043.800048828125,1104767
2025-12-22,2049.800048828125,1038998
2025-12-23,2047.5999755859375,677615
2025-12-24,2035.699951171875,1344198
2025-12-26,2017.5999755859375,1755050
2025-12-29,2012.0999755859375,1415166
2025-12-30,2026.4000244140625,5450560
2025-12-31,2039.9000244140625,1377422
2026-01-01,2037.0,270917
2026-01-02,2038.4000244140625,893818
2026-01-05,2039.199951171875,656058
2026-01-06,2044.5999755859375,1236924
2026-01-07,2031.9000244140625,653557
2026-01-08,2008.9000244140625,756940
2026-01-09,1992.4000244140625,1143760
2026-01-12,1998.9000244140625,996702
2026-01-13,2011.199951171875,1216677
2026-01-14,2000.9000244140625,1062849
2026-01-15,2000.9000244140625,0
2026-01-16,2002.5,1177279
2026-01-19,2017.800048828125,587791
2026-01-20,1958.699951171875,1572563
2026-01-21,1959.9000244140625,894555
2026-01-22,1993.0999755859375,1067186
2026-01-23,1949.0,1046873
2026-01-27,1917.699951171875,4700126
2026-01-28,1940.300048828125,1605973
2026-01-29,1948.0999755859375,884350
2026-01-30,1952.5999755859375,1342205
2026-02-02,1930.0999755859375,1183196
2026-02-03,2012.699951171875,1358926
2026-02-04,2019.5999755859375,1078917
2026-02-05,2000.0999755859375,857399
2026-02-06,2024.199951171875,1257237
2026-02-09,2024.5999755859375,431032
2026-02-10,2027.9000244140625,717899
2026-02-11,2027.0,538669
2026-02-12,2037.0999755859375,637754
2026-02-13,2023.199951171875,756233
2026-02-16,2050.89990234375,812257
2026-02-17,2044.4000244140625,252282
2026-02-18,2060.60009765625,611189
2026-02-19,2033.199951171875,659450
2026-02-20,2058.5,459679
2026-02-23,2051.60009765625,1070139
