date,adj_close,volume
2015-01-01,33.75812530517578,756600
2015-01-02,33.21842956542969,1404300
2015-01-05,33.131622314453125,1446200
2015-01-06,33.0457649230957,1378100
2015-01-07,33.71857833862305,1094700
2015-01-08,33.66118621826172,968600
2015-01-09,33.279197692871094,1731600
2015-01-12,33.16489791870117,1177400
2015-01-13,33.597042083740234,1419200
2015-01-14,36.403541564941406,41759300
2015-01-15,37.23551559448242,12232000
2015-01-16,37.984046936035156,5086200
2015-01-19,37.63630676269531,3989900
2015-01-20,37.66524124145508,1867600
2015-01-21,36.82266616821289,5657400
2015-01-22,37.04692459106445,1217100
2015-01-23,37.33148956298828,4241800
2015-01-27,40.219505310058594,11599500
2015-01-28,41.695831298828125,13940500
2015-01-29,39.82257080078125,4071600
2015-01-30,39.071632385253906,5898700
2015-02-02,40.128353118896484,3765600
2015-02-03,40.24603271484375,2104900
2015-02-04,39.61807632446289,2867700
2015-02-05,39.84282684326172,3847300
2015-02-06,38.993980407714844,3343100
2015-02-09,38.65155029296875,980600
2015-02-10,38.62067794799805,1728700
2015-02-11,39.66775894165039,2503400
2015-02-12,39.801841735839844,1900700
2015-02-13,40.36274719238281,1042000
2015-02-16,41.538116455078125,3374400
2015-02-18,41.661102294921875,2920100
2015-02-19,41.5689811706543,2802200
2015-02-20,40.428340911865234,5721400
2015-02-23,40.1519775390625,1133200
2015-02-24,39.744930267333984,1707400
2015-02-25,39.370174407958984,5669600
2015-02-26,39.51823806762695,1905200
2015-02-27,39.61710739135742,2808100
2015-03-02,42.16606903076172,4168400
2015-03-03,41.766239166259766,2753700
2015-03-04,41.602745056152344,2221400
2015-03-05,41.881507873535156,1266200
2015-03-09,40.65695571899414,2486700
2015-03-10,40.34442138671875,1462900
2015-03-11,39.864051818847656,1320800
2015-03-12,39.92963790893555,1240500
2015-03-13,39.62193298339844,2544500
2015-03-16,38.63322448730469,7726900
2015-03-17,38.91102981567383,3119500
2015-03-18,39.04751205444336,4020200
2015-03-19,38.92646408081055,1964100
2015-03-20,38.781768798828125,3521000
2015-03-23,38.51650619506836,4545900
2015-03-24,38.27583694458008,2209100
2015-03-25,38.08436584472656,2225600
2015-03-26,38.164913177490234,2005500
2015-03-27,38.21410369873047,1488400
2015-03-30,38.580650329589844,2434500
2015-03-31,39.630130767822266,3770100
2015-04-01,39.9349479675293,1292300
2015-04-06,40.907264709472656,1274900
2015-04-07,41.87523651123047,1844900
2015-04-08,43.30284118652344,1882400
2015-04-09,43.45188522338867,5351800
2015-04-10,43.620208740234375,3245100
2015-04-13,42.960899353027344,3008200
2015-04-15,42.982608795166016,3832700
2015-04-16,44.226463317871094,1044800
2015-04-17,43.69110107421875,1872200
2015-04-20,43.96890640258789,1909900
2015-04-21,42.18584442138672,12573800
2015-04-22,41.2839469909668,1725600
2015-04-23,41.23330307006836,7722400
2015-04-24,39.933494567871094,2896900
2015-04-27,38.537723541259766,4170100
2015-04-28,38.65925598144531,2084600
2015-04-29,38.48274230957031,6349800
2015-04-30,39.011348724365234,4903600
2015-05-04,40.44232177734375,3258700
2015-05-05,41.38282012939453,3202100
2015-05-06,41.336997985839844,1621300
2015-05-07,40.32561111450195,1217700
2015-05-08,41.906593322753906,2022600
2015-05-11,41.93215560913086,1501100
2015-05-12,41.87813949584961,1168900
2015-05-13,41.73923873901367,1755000
2015-05-14,42.29484558105469,2771900
2015-05-15,43.25172805786133,1780800
2015-05-18,43.0264892578125,1529200
2015-05-19,43.229061126708984,1407200
2015-05-20,43.39496612548828,8276300
2015-05-21,44.1497802734375,4842800
2015-05-22,43.47454833984375,1645300
2015-05-25,43.43934631347656,2050000
2015-05-26,43.24593734741211,3720200
2015-05-27,42.5543212890625,4273000
2015-05-28,42.675865173339844,1993500
2015-05-29,40.67287063598633,23631300
2015-06-01,42.248538970947266,4038200
2015-06-02,41.33024215698242,2672400
2015-06-03,41.717533111572266,2593300
2015-06-04,41.98183059692383,1721700
2015-06-05,42.930999755859375,3294000
2015-06-08,43.14369201660156,2425500
2015-06-09,44.201385498046875,5611000
2015-06-10,43.920196533203125,2279800
2015-06-11,45.00151443481445,8594200
2015-06-12,45.109066009521484,3890000
2015-06-15,45.483821868896484,2678700
2015-06-16,45.337669372558594,2233600
2015-06-17,46.071258544921875,9815000
2015-06-18,47.29340362548828,8103900
2015-06-19,49.754581451416016,7863000
2015-06-22,51.95628356933594,12956100
2015-06-23,51.30807113647461,5400400
2015-06-24,50.67723083496094,10692000
2015-06-25,51.94277572631836,7445800
2015-06-26,52.43327713012695,6722500
2015-06-29,52.62234115600586,5934300
2015-06-30,52.5070686340332,2855600
2015-07-01,53.03567123413086,5751000
2015-07-02,52.576515197753906,4948900
2015-07-03,53.64240646362305,5219900
2015-07-06,53.672794342041016,5063000
2015-07-07,53.61250686645508,5112400
2015-07-08,50.409053802490234,12273000
2015-07-09,48.6033821105957,18850200
2015-07-10,48.63580322265625,6691500
2015-07-13,49.31965255737305,9573700
2015-07-14,49.19285202026367,6645300
2015-07-15,49.923648834228516,4792000
2015-07-16,50.80592346191406,7216800
2015-07-17,50.12788391113281,8084100
2015-07-20,50.056739807128906,2941700
2015-07-21,49.43000030517578,4275200
2015-07-22,49.66762924194336,18540600
2015-07-23,49.75377655029297,9167900
2015-07-24,50.04318618774414,3066400
2015-07-27,50.605552673339844,7168100
2015-07-28,51.68141174316406,8062600
2015-07-29,52.651283264160156,5517800
2015-07-30,52.66144561767578,3616800
2015-07-31,53.34577941894531,6296500
2015-08-03,55.00143051147461,4170800
2015-08-04,54.464717864990234,4563800
2015-08-05,53.837005615234375,5596900
2015-08-06,52.85358428955078,3163800
2015-08-07,53.06846618652344,4062800
2015-08-10,52.64305877685547,4285300
2015-08-11,52.77470016479492,3530600
2015-08-12,51.41571044921875,4404000
2015-08-13,51.84257507324219,3891700
2015-08-14,52.382198333740234,6539900
2015-08-17,52.26797866821289,8362500
2015-08-18,52.2447509765625,3680800
2015-08-19,52.181358337402344,6178000
2015-08-20,51.37602996826172,5316000
2015-08-21,51.72981262207031,4970900
2015-08-24,47.146156311035156,14469900
2015-08-25,47.57931137084961,24910200
2015-08-26,48.07973098754883,11040300
2015-08-27,49.36418151855469,6201100
2015-08-28,48.90489196777344,20694900
2015-08-31,48.601932525634766,4484400
2015-09-01,47.76805114746094,6406400
2015-09-02,48.60919189453125,4201500
2015-09-03,50.35390090942383,14177400
2015-09-04,49.12848663330078,6736300
2015-09-07,48.77471160888672,5277800
2015-09-08,48.50900650024414,3858700
2015-09-09,48.880210876464844,5512500
2015-09-10,48.92618942260742,5638800
2015-09-11,48.75341796875,2067800
2015-09-14,49.837493896484375,6167300
2015-09-15,50.6713752746582,6967300
2015-09-16,50.333560943603516,4191600
2015-09-18,48.06375503540039,34401500
2015-09-21,47.776283264160156,7069800
2015-09-22,46.66799545288086,12573700
2015-09-23,46.895469665527344,14319300
2015-09-24,47.120025634765625,2846800
2015-09-28,46.681060791015625,2262200
2015-09-29,49.47065353393555,10475100
2015-09-30,49.66714096069336,8438400
2015-10-01,49.437747955322266,5197600
2015-10-05,50.40568161010742,4358800
2015-10-06,49.99769592285156,7465000
2015-10-07,49.55921936035156,5900600
2015-10-08,48.79793930053711,4041600
2015-10-09,48.36140060424805,5027700
2015-10-12,48.04246520996094,4935200
2015-10-13,48.170711517333984,3583700
2015-10-14,47.81500244140625,2054700
2015-10-15,48.245243072509766,3411500
2015-10-16,48.37736511230469,2375900
2015-10-19,48.54627227783203,4130500
2015-10-20,51.405555725097656,37756200
2015-10-21,51.86241912841797,15041400
2015-10-23,51.039676666259766,4707600
2015-10-26,51.37699508666992,4329600
2015-10-27,51.501861572265625,2621600
2015-10-28,50.41244888305664,5687200
2015-10-29,49.96574783325195,10727000
2015-10-30,50.54893112182617,4139200
2015-11-02,50.55715560913086,2493100
2015-11-03,50.84947967529297,2081400
2015-11-04,51.735626220703125,4055300
2015-11-05,51.548805236816406,5950300
2015-11-06,51.27487564086914,4034000
2015-11-09,51.74723434448242,3162600
2015-11-10,51.709007263183594,3473900
2015-11-13,51.40361785888672,6087400
2015-11-16,51.030479431152344,5449100
2015-11-17,50.62684631347656,4155200
2015-11-18,51.06629180908203,5910800
2015-11-19,52.433013916015625,3507300
2015-11-20,52.735496520996094,3861000
2015-11-23,53.20542907714844,4035900
2015-11-24,53.6700325012207,6254800
2015-11-26,53.7252082824707,7798500
2015-11-27,54.004459381103516,3494800
2015-11-30,53.633262634277344,2645400
2015-12-01,54.241119384765625,4725100
2015-12-02,53.939613342285156,2736400
2015-12-03,53.6830940246582,1828000
2015-12-04,52.724365234375,1700300
2015-12-07,53.010868072509766,1933400
2015-12-08,53.596473693847656,2675900
2015-12-09,53.27946853637695,7183900
2015-12-10,53.6017951965332,1871200
2015-12-11,53.474510192871094,2803200
2015-12-14,52.63580322265625,2855800
2015-12-15,54.261444091796875,3295800
2015-12-16,54.28419494628906,4391200
2015-12-17,55.528472900390625,9175600
2015-12-18,56.27377700805664,6464500
2015-12-21,56.81582260131836,3788400
2015-12-22,57.064090728759766,2572900
2015-12-23,57.21944808959961,2848900
2015-12-24,57.11684799194336,2460600
2015-12-28,57.16960906982422,902100
2015-12-29,57.944427490234375,3623100
2015-12-30,57.82634353637695,3829300
2015-12-31,58.17238235473633,5519300
2016-01-01,59.00383758544922,3039400
2016-01-04,58.58375930786133,4072000
2016-01-05,58.055259704589844,5112000
2016-01-06,59.11418914794922,3460100
2016-01-07,59.1049919128418,7822900
2016-01-08,61.12022399902344,10350700
2016-01-11,61.03989028930664,5324000
2016-01-12,60.09712600708008,5845200
2016-01-13,58.82960891723633,10359400
2016-01-14,58.810733795166016,5575400
2016-01-15,57.83699035644531,4152700
2016-01-18,53.267372131347656,11221300
2016-01-19,54.63894271850586,6370100
2016-01-20,54.58570098876953,9801800
2016-01-21,55.579288482666016,7095800
2016-01-22,56.34008026123047,5613300
2016-01-25,56.685157775878906,4681400
2016-01-27,57.465789794921875,3929500
2016-01-28,55.908390045166016,6951900
2016-01-29,57.38303756713867,3596300
2016-02-01,58.106563568115234,3292700
2016-02-02,56.250545501708984,7836400
2016-02-03,61.75180435180664,51682900
2016-02-04,61.40480041503906,13885700
2016-02-05,64.83563995361328,23956600
2016-02-08,64.46590423583984,10352100
2016-02-09,63.72929763793945,9211800
2016-02-10,62.70861053466797,7918000
2016-02-11,59.81061553955078,11069400
2016-02-12,58.04461669921875,14716300
2016-02-15,60.10826110839844,9653700
2016-02-16,58.18641662597656,6572000
2016-02-17,59.150001525878906,6671700
2016-02-18,59.663002014160156,3276500
2016-02-19,58.541648864746094,4720300
2016-02-22,58.099788665771484,5274800
2016-02-23,57.05829620361328,4355700
2016-02-24,56.27764892578125,4758100
2016-02-25,55.6843147277832,11698700
2016-02-26,56.221981048583984,10910400
2016-02-29,57.418357849121094,6404700
2016-03-01,60.09760665893555,8677500
2016-03-02,61.66614532470703,12220100
2016-03-03,60.08647918701172,6545100
2016-03-04,61.31430435180664,4627500
2016-03-08,60.91260528564453,5294900
2016-03-09,62.17818069458008,6285900
2016-03-10,61.9952392578125,4042300
2016-03-11,61.95167922973633,4313900
2016-03-14,63.077877044677734,4579100
2016-03-15,62.6655387878418,5195800
2016-03-16,62.919830322265625,5833300
2016-03-17,63.88270950317383,9279200
2016-03-18,64.37626647949219,6992000
2016-03-21,64.5859375,11715900
2016-03-22,64.13507843017578,3453000
2016-03-23,66.7232666015625,12459400
2016-03-28,65.03437042236328,6596800
2016-03-29,64.61261749267578,4419400
2016-03-30,65.88417053222656,4798900
2016-03-31,67.2081069946289,7455900
2016-04-01,66.75529479980469,6645800
2016-04-04,66.6795883178711,6338500
2016-04-05,66.23162841796875,5577900
2016-04-06,67.43524169921875,4550500
2016-04-07,67.77542114257812,5609500
2016-04-08,69.24011993408203,7467300
2016-04-11,69.819580078125,5598600
2016-04-12,71.2008056640625,12334700
2016-04-13,72.1219253540039,10425400
2016-04-18,70.99114227294922,14558100
2016-04-20,70.01565551757812,15538400
2016-04-21,67.81327819824219,18101800
2016-04-22,67.6642837524414,9793000
2016-04-25,66.52574920654297,6605600
2016-04-26,67.98655700683594,13350500
2016-04-27,67.41677856445312,7996400
2016-04-28,67.62496948242188,15367500
2016-04-29,66.2854995727539,7697200
2016-05-02,68.46603393554688,7833700
2016-05-03,67.80357360839844,9893900
2016-05-04,67.49977111816406,8851300
2016-05-05,69.45365905761719,9150400
2016-05-06,70.51116180419922,6698600
2016-05-09,71.61961364746094,8606200
2016-05-10,71.94624328613281,7833900
2016-05-11,72.63102722167969,8210500
2016-05-12,74.44902801513672,9471200
2016-05-13,74.0219497680664,16253100
2016-05-16,75.42887115478516,12775000
2016-05-17,75.30561065673828,6229000
2016-05-18,75.1517562866211,7226700
2016-05-19,75.10955047607422,7909300
2016-05-20,75.42304992675781,7481400
2016-05-23,74.28935241699219,10553200
2016-05-24,74.01611328125,43044900
2016-05-25,71.21778106689453,20068600
2016-05-26,72.3932113647461,16384900
2016-05-27,74.42717742919922,13854900
2016-05-30,74.18984985351562,7632500
2016-05-31,73.6594009399414,154592300
2016-06-01,74.17967224121094,9970900
2016-06-02,77.30657196044922,15882300
2016-06-03,76.67564392089844,13053400
2016-06-06,75.4579849243164,8372800
2016-06-07,74.6150131225586,14258800
2016-06-08,75.20417785644531,9940800
2016-06-09,74.92268371582031,3101200
2016-06-10,73.72588348388672,6892400
2016-06-13,72.80332946777344,9882200
2016-06-14,72.7188720703125,7466700
2016-06-15,74.26509857177734,4862300
2016-06-16,73.73172760009766,5810900
2016-06-17,73.09013366699219,6411800
2016-06-20,73.18428039550781,5460400
2016-06-21,73.82684326171875,4583500
2016-06-22,73.75889587402344,3036900
2016-06-23,74.70866394042969,3073000
2016-06-24,73.65260314941406,7542600
2016-06-27,74.696044921875,6817400
2016-06-28,74.70623779296875,6163300
2016-06-29,74.60091400146484,1971000
2016-06-30,77.61862182617188,13410000
2016-07-01,79.2735366821289,11114200
2016-07-04,79.63414001464844,4235200
2016-07-05,79.30072784423828,4760300
2016-07-07,78.57905578613281,4457900
2016-07-08,79.66764068603516,5548200
2016-07-11,83.15900421142578,26266600
2016-07-12,83.73797607421875,9689300
2016-07-13,83.23469543457031,11805700
2016-07-14,84.22411346435547,9246500
2016-07-15,84.51455688476562,7148000
2016-07-18,85.4923095703125,7276700
2016-07-19,83.96086120605469,8582700
2016-07-20,83.93218994140625,6288900
2016-07-21,84.59033203125,23674300
2016-07-22,85.85269927978516,7320400
2016-07-25,87.26953887939453,22901400
2016-07-26,95.66943359375,95646500
2016-07-27,95.1361312866211,38403300
2016-07-28,100.2200927734375,59563200
2016-07-29,100.76263427734375,28248400
2016-08-01,109.05472564697266,52960000
2016-08-02,106.31385040283203,40981800
2016-08-03,97.197021484375,54461400
2016-08-04,96.84825897216797,38068700
2016-08-05,98.06256866455078,26812600
2016-08-08,97.4762954711914,16569600
2016-08-09,98.88922882080078,14404700
2016-08-10,97.12609100341797,11447200
2016-08-11,97.2135238647461,8901000
2016-08-12,98.64249420166016,7975400
2016-08-16,99.12044525146484,9063600
2016-08-17,99.17095184326172,3955200
2016-08-18,98.44966888427734,6188300
2016-08-19,98.92129516601562,4067600
2016-08-22,98.75664520263672,4942700
2016-08-23,97.53749084472656,6695400
2016-08-24,97.66329956054688,4375400
2016-08-25,99.95634460449219,12545300
2016-08-26,101.81419372558594,9162400
2016-08-29,104.36614227294922,10646000
2016-08-30,104.69448852539062,13942300
2016-08-31,106.96471405029297,19100900
2016-09-01,108.41940307617188,12919100
2016-09-02,108.21493530273438,10016000
2016-09-06,109.43941497802734,7553400
2016-09-07,110.67749786376953,25193400
2016-09-08,112.95742797851562,16049330
2016-09-09,112.05887603759766,7584160
2016-09-12,106.31287384033203,10346120
2016-09-14,106.95887756347656,10497610
2016-09-15,106.75973510742188,6615510
2016-09-16,105.67659759521484,8039660
2016-09-19,104.51573181152344,8248830
2016-09-20,104.43316650390625,5971260
2016-09-21,103.96688079833984,7228850
2016-09-22,109.57201385498047,13636280
2016-09-23,109.43115997314453,11604320
2016-09-26,109.07171630859375,6485510
2016-09-27,106.72087860107422,9053720
2016-09-28,107.4494400024414,8753570
2016-09-29,100.75144958496094,15500650
2016-09-30,102.57289123535156,11517110
2016-10-03,105.56488037109375,8814260
2016-10-04,105.27830505371094,4900220
2016-10-05,104.35545349121094,7291610
2016-10-06,104.6468734741211,11826710
2016-10-07,105.15687561035156,6068850
2016-10-10,104.32630157470703,3824020
2016-10-13,102.38345336914062,9690240
2016-10-14,103.09745025634766,8194600
2016-10-17,104.80232238769531,9208790
2016-10-18,108.54230499267578,13562070
2016-10-19,108.68802642822266,6481410
2016-10-20,108.93572998046875,5359990
2016-10-21,110.18887329101562,4660280
2016-10-24,109.66915130615234,3998320
2016-10-25,110.90773010253906,4172010
2016-10-26,111.5585708618164,9716900
2016-10-27,107.32316589355469,20146350
2016-10-28,104.1903076171875,14524330
2016-11-01,103.04888916015625,9037750
2016-11-02,99.07089233398438,13298860
2016-11-03,100.13945007324219,9680280
2016-11-04,96.47718048095703,16667440
2016-11-07,96.21002960205078,10632580
2016-11-08,95.55918884277344,9603360
2016-11-09,90.26006317138672,33848550
2016-11-10,90.2649154663086,17539210
2016-11-11,83.35807037353516,27806070
2016-11-15,79.17608642578125,43683530
2016-11-16,87.40892791748047,77573480
2016-11-17,84.62580108642578,19293840
2016-11-18,85.33007049560547,16472760
2016-11-21,80.84208679199219,20767910
2016-11-22,83.34837341308594,14340860
2016-11-23,82.59550476074219,11615950
2016-11-24,79.72493743896484,16130900
2016-11-25,85.28150177001953,16230360
2016-11-28,85.41265106201172,18188630
2016-11-29,88.13262939453125,25464460
2016-11-30,89.35176086425781,17753150
2016-12-01,88.8077621459961,9974750
2016-12-02,86.11692810058594,18182210
2016-12-05,87.64692687988281,7978130
2016-12-06,87.23892974853516,8784340
2016-12-07,86.5589370727539,8880280
2016-12-08,88.55034637451172,10019200
2016-12-09,87.07377624511719,6517670
2016-12-12,81.94951629638672,23954250
2016-12-13,81.2840805053711,29139710
2016-12-14,82.44979095458984,14235920
2016-12-15,82.94036865234375,8334950
2016-12-16,82.64893341064453,6264590
2016-12-19,79.93865966796875,8083120
2016-12-20,78.27751159667969,20296040
2016-12-21,76.60665130615234,16082650
2016-12-22,74.35295104980469,18362220
2016-12-23,78.5835189819336,33652970
2016-12-26,78.68550872802734,21339160
2016-12-27,78.6612319946289,35055640
2016-12-28,79.67637634277344,21246090
2016-12-29,80.95379638671875,15940840
2016-12-30,81.81350708007812,8425640
2017-01-02,84.51892852783203,9499670
2017-01-03,85.87407684326172,12602640
2017-01-04,84.69864654541016,9714280
2017-01-05,87.40406036376953,14234470
2017-01-06,85.33492279052734,40406250
2017-01-09,85.31550598144531,6153810
2017-01-10,87.40406036376953,11472930
2017-01-11,87.05435180664062,20051890
2017-01-12,86.57349395751953,7377500
2017-01-13,87.4332046508789,8211850
2017-01-16,89.14777374267578,11175040
2017-01-17,88.82235717773438,8495540
2017-01-18,90.37664031982422,15251440
2017-01-19,89.98320007324219,5989970
2017-01-20,88.17634582519531,6978570
2017-01-23,90.30863952636719,8296480
2017-01-24,90.3183364868164,8262880
2017-01-25,97.12804412841797,38749460
2017-01-27,96.73947143554688,13869160
2017-01-30,102.46602630615234,48663840
2017-01-31,100.72718048095703,23045840
2017-02-01,103.56859588623047,18603790
2017-02-02,102.40290069580078,16817290
2017-02-03,101.7423324584961,9030790
2017-02-06,104.30203247070312,12180630
2017-02-07,103.06346893310547,6587860
2017-02-08,101.9463119506836,10462970
2017-02-09,101.11087799072266,9168710
2017-02-10,102.5291748046875,6433910
2017-02-13,102.86917114257812,4844760
2017-02-14,102.92259979248047,4381000
2017-02-15,101.0671615600586,6792040
2017-02-16,106.30802917480469,10350070
2017-02-17,105.83687591552734,14088530
2017-02-20,106.4585952758789,6175650
2017-02-21,106.4585952758789,3354820
2017-02-22,104.54974365234375,10006320
2017-02-23,103.76773834228516,11961770
2017-02-27,106.04087829589844,12234400
2017-02-28,107.6534423828125,12574750
2017-03-01,104.51087951660156,20450870
2017-03-02,101.8783187866211,25871530
2017-03-03,101.63545227050781,11857510
2017-03-06,100.44059753417969,11760840
2017-03-07,102.2328872680664,15346340
2017-03-08,105.03059387207031,17634140
2017-03-09,105.61345672607422,13914440
2017-03-10,106.32258605957031,7484050
2017-03-14,109.4505844116211,12546820
2017-03-15,110.2131576538086,7815100
2017-03-16,113.02542114257812,12345030
2017-03-17,112.61742401123047,8228260
2017-03-20,113.9045639038086,9783710
2017-03-21,114.09886169433594,22847520
2017-03-22,112.65628051757812,6915510
2017-03-23,115.18685913085938,8737410
2017-03-24,114.34171295166016,6680100
2017-03-27,115.11399841308594,4792650
2017-03-28,116.06112670898438,8099590
2017-03-29,114.70114135742188,6326070
2017-03-30,114.73027801513672,6579660
2017-03-31,113.76371002197266,4745850
2017-04-03,114.79828643798828,4736420
2017-04-05,113.95800018310547,6807770
2017-04-06,116.38656616210938,8568760
2017-04-07,116.72657775878906,10999610
2017-04-10,120.52969360351562,10466890
2017-04-11,122.00627136230469,11429670
2017-04-12,123.0019760131836,10620450
2017-04-13,123.74996185302734,6133480
2017-04-17,122.3559799194336,6094760
2017-04-18,120.07312774658203,5837080
2017-04-19,120.74341583251953,7772970
2017-04-20,121.62255859375,4436370
2017-04-21,121.1319808959961,3801260
2017-04-24,123.54113006591797,4754880
2017-04-25,130.33624267578125,20927240
2017-04-26,127.22767639160156,12073200
2017-04-27,124.89627075195312,16276310
2017-04-28,123.9734115600586,11831540
2017-05-02,123.2351303100586,7085740
2017-05-03,123.38082885742188,10867780
2017-05-04,125.95026397705078,11213020
2017-05-05,123.78397369384766,4672050
2017-05-08,123.56539154052734,4716270
2017-05-09,124.93511962890625,5677030
2017-05-10,128.9082489013672,13021850
2017-05-11,130.1419677734375,6727680
2017-05-12,127.71825408935547,4388630
2017-05-15,129.4862518310547,6341950
2017-05-16,130.92393493652344,7885300
2017-05-17,128.6945343017578,24083020
2017-05-18,127.6988296508789,12109850
2017-05-19,125.23139953613281,11670100
2017-05-22,120.66569519042969,8738730
2017-05-23,119.84970092773438,13483830
2017-05-24,118.9365463256836,7871010
2017-05-25,122.28797912597656,9058070
2017-05-26,128.01454162597656,13067930
2017-05-29,127.00910949707031,6522890
2017-05-30,128.37881469726562,5130050
2017-05-31,128.9033966064453,7262840
2017-06-01,128.9422607421875,3879680
2017-06-02,132.23541259765625,6680810
2017-06-05,132.4150848388672,5700090
2017-06-06,129.84567260742188,6016780
2017-06-07,130.4770965576172,5509880
2017-06-08,132.2790985107422,5708190
2017-06-09,133.7507781982422,5305820
2017-06-12,132.59481811523438,3700280
2017-06-13,133.2310791015625,4356440
2017-06-14,132.2111053466797,6347270
2017-06-15,136.5096435546875,15697740
2017-06-16,137.00022888183594,8245160
2017-06-19,135.98507690429688,4262230
2017-06-20,136.93223571777344,7811610
2017-06-21,137.6170654296875,4491810
2017-06-22,136.17449951171875,4775860
2017-06-23,136.072509765625,6207810
2017-06-27,131.13768005371094,10538290
2017-06-28,133.3136444091797,9982180
2017-06-29,133.69740295410156,7268690
2017-06-30,133.38653564453125,4962600
2017-07-03,134.75137329101562,4465140
2017-07-04,134.01309204101562,7043420
2017-07-05,135.85879516601562,6439290
2017-07-06,136.28245544433594,4181300
2017-07-07,135.54226684570312,2020050
2017-07-10,137.59727478027344,1496500
2017-07-11,138.2205810546875,6655560
2017-07-12,140.60671997070312,6549340
2017-07-13,144.71670532226562,10117980
2017-07-14,146.0315399169922,5705220
2017-07-17,149.839599609375,9470060
2017-07-18,147.29273986816406,5017080
2017-07-19,150.16587829589844,26552730
2017-07-20,155.3764190673828,21696350
2017-07-21,157.9086456298828,13805410
2017-07-24,155.57608032226562,8354750
2017-07-25,158.5076141357422,8138540
2017-07-26,164.31710815429688,14759060
2017-07-27,163.55746459960938,19555620
2017-07-28,165.70010375976562,9262680
2017-07-31,165.8705291748047,5769280
2017-08-01,167.15127563476562,6925910
2017-08-02,166.26986694335938,3961710
2017-08-03,165.73907470703125,7757090
2017-08-04,167.85250854492188,7106360
2017-08-07,175.12777709960938,15040330
2017-08-08,173.34060668945312,17610650
2017-08-09,165.34461975097656,18995600
2017-08-10,159.29649353027344,18350020
2017-08-11,165.12060546875,35055760
2017-08-14,166.6302032470703,13118550
2017-08-16,167.64796447753906,7057540
2017-08-17,168.3686981201172,7292690
2017-08-18,166.0507354736328,9323350
2017-08-21,164.65313720703125,10900570
2017-08-22,163.90318298339844,6543340
2017-08-23,173.2919158935547,18250880
2017-08-24,171.42196655273438,13245320
2017-08-28,178.2248992919922,13473450
2017-08-29,172.71730041503906,14822570
2017-08-30,174.14410400390625,10646010
2017-08-31,173.54515075683594,11167650
2017-09-01,175.30307006835938,4893960
2017-09-04,175.439453125,6589650
2017-09-05,174.76254272460938,7412290
2017-09-06,181.04928588867188,27428920
2017-09-07,191.2025604248047,42717340
2017-09-08,184.19024658203125,28563290
2017-09-11,187.03900146484375,10988040
2017-09-12,184.5018768310547,14739970
2017-09-13,185.74363708496094,8108100
2017-09-14,186.01150512695312,9518700
2017-09-15,185.31512451171875,9221490
2017-09-18,186.1819305419922,4309470
2017-09-19,186.19650268554688,5980200
2017-09-20,185.52452087402344,3775510
2017-09-21,186.94647216796875,7548800
2017-09-22,181.45834350585938,17729430
2017-09-25,174.9183807373047,18268840
2017-09-26,179.21339416503906,10449470
2017-09-27,175.96539306640625,7641480
2017-09-28,179.48126220703125,39255550
2017-09-29,179.01373291015625,12169640
2017-10-03,181.91123962402344,9752930
2017-10-04,181.40965270996094,5380690
2017-10-05,181.75540161132812,3984630
2017-10-06,187.34579467773438,12276150
2017-10-09,189.06961059570312,9995740
2017-10-10,189.994873046875,5171170
2017-10-11,187.34091186523438,7269780
2017-10-12,190.2237548828125,10193500
2017-10-13,190.21401977539062,8498320
2017-10-16,183.71299743652344,26527530
2017-10-17,181.84304809570312,17824210
2017-10-18,181.9794158935547,7100460
2017-10-19,179.77830505371094,1698450
2017-10-23,178.59500122070312,10111370
2017-10-24,177.84507751464844,9298720
2017-10-25,168.1349334716797,28652790
2017-10-26,170.12179565429688,16412620
2017-10-27,177.15841674804688,16560790
2017-10-30,175.7267303466797,5639010
2017-10-31,175.3663787841797,7648830
2017-11-01,175.96539306640625,4689990
2017-11-02,176.30137634277344,4586030
2017-11-03,178.90663146972656,7699950
2017-11-06,177.4506072998047,5830970
2017-11-07,175.5563201904297,7695900
2017-11-08,172.94129943847656,5495670
2017-11-09,170.73048400878906,8663490
2017-11-10,169.9513397216797,8059540
2017-11-13,168.3686981201172,5445300
2017-11-14,170.91551208496094,6335540
2017-11-15,166.91265869140625,9264650
2017-11-16,171.82614135742188,9010890
2017-11-17,174.07594299316406,9439390
2017-11-20,175.8192596435547,6021150
2017-11-21,176.25755310058594,4955850
2017-11-22,172.7708740234375,7382040
2017-11-23,171.76771545410156,5874120
2017-11-24,174.33401489257812,5729470
2017-11-27,172.70269775390625,5730990
2017-11-28,172.03553771972656,5529620
2017-11-29,171.05191040039062,6871180
2017-11-30,168.20314025878906,13045560
2017-12-01,166.6984100341797,6018220
2017-12-04,163.22634887695312,8020410
2017-12-05,166.28933715820312,11099200
2017-12-06,162.78805541992188,9332130
2017-12-07,163.26040649414062,9861670
2017-12-08,165.78778076171875,7677140
2017-12-11,166.32827758789062,6161890
2017-12-12,165.49559020996094,10518280
2017-12-13,162.82212829589844,9323780
2017-12-14,164.19053649902344,12570720
2017-12-15,168.4514617919922,15072790
2017-12-18,171.10545349121094,16301700
2017-12-19,171.19309997558594,7074670
2017-12-20,172.42514038085938,9578930
2017-12-21,170.24838256835938,8963980
2017-12-22,173.59869384765625,6627160
2017-12-26,174.28533935546875,4942240
2017-12-27,172.47866821289062,4504130
2017-12-28,170.93988037109375,8863760
2017-12-29,171.09083557128906,4475070
2018-01-01,168.0667724609375,5353190
2018-01-02,167.9693603515625,5762080
2018-01-03,167.05874633789062,4161360
2018-01-04,170.82786560058594,7301470
2018-01-05,176.72015380859375,9843270
2018-01-08,178.8968963623047,8250220
2018-01-09,177.20713806152344,5127210
2018-01-10,175.52223205566406,4067910
2018-01-11,173.39418029785156,8184710
2018-01-12,172.39590454101562,6063160
2018-01-15,169.2841796875,8470370
2018-01-16,164.33660888671875,10765810
2018-01-17,165.6855010986328,11995010
2018-01-18,161.74107360839844,9616920
2018-01-19,165.75367736816406,9745970
2018-01-22,166.1870880126953,9244980
2018-01-23,166.4159393310547,12454930
2018-01-24,169.38157653808594,14413130
2018-01-25,166.57176208496094,8808910
2018-01-29,167.05874633789062,6431370
2018-01-30,163.4649200439453,6801040
2018-01-31,163.41136169433594,13322250
2018-02-01,168.43685913085938,19398120
2018-02-02,158.64398193359375,16450450
2018-02-05,156.3114013671875,14721640
2018-02-06,161.88229370117188,21094160
2018-02-07,159.88572692871094,14669830
2018-02-08,161.88229370117188,7507460
2018-02-09,159.6665802001953,7037200
2018-02-12,160.0951385498047,4721150
2018-02-14,162.6419677734375,10660360
2018-02-15,163.3334503173828,11771160
2018-02-16,163.1581573486328,9476850
2018-02-19,159.9879913330078,6953100
2018-02-20,159.60328674316406,5839550
2018-02-21,155.4835662841797,16897440
2018-02-22,155.86337280273438,10506250
2018-02-23,159.08224487304688,7114740
2018-02-26,163.12893676757812,10366590
2018-02-27,161.36123657226562,6052440
2018-02-28,159.74940490722656,17563490
2018-03-01,161.60958862304688,12383900
2018-03-05,159.42799377441406,7437790
2018-03-06,159.5059051513672,9441760
2018-03-07,157.61648559570312,6445770
2018-03-08,158.5611572265625,6631960
2018-03-09,161.10801696777344,8397180
2018-03-12,162.18421936035156,4861870
2018-03-13,163.68896484375,8208020
2018-03-14,166.5522918701172,8486590
2018-03-15,168.1251983642578,7391870
2018-03-16,164.3901824951172,10176990
2018-03-19,158.9312744140625,8489840
2018-03-20,161.409912109375,13187580
2018-03-21,166.0117645263672,11310980
2018-03-22,165.1400909423828,11537160
2018-03-23,164.136962890625,10884260
2018-03-26,169.62020874023438,12889840
2018-03-27,172.624755859375,16702390
2018-03-28,172.14752197265625,9869600
2018-04-02,177.11949157714844,6332030
2018-04-03,178.6436767578125,10494570
2018-04-04,180.19712829589844,17934410
2018-04-05,186.56661987304688,13859590
2018-04-06,188.7092742919922,16120010
2018-04-09,189.35696411132812,11317920
2018-04-10,187.58438110351562,10138110
2018-04-11,187.4480438232422,11889760
2018-04-12,187.90577697753906,5353540
2018-04-13,186.44488525390625,5928860
2018-04-16,189.26441955566406,7727230
2018-04-17,188.46092224121094,6962030
2018-04-18,187.6623077392578,4629050
2018-04-19,186.34263610839844,6325890
2018-04-20,183.1383819580078,12261960
2018-04-23,184.9840087890625,7621250
2018-04-24,186.78089904785156,7848950
2018-04-25,185.0326690673828,6776750
2018-04-26,184.2778778076172,10983390
2018-04-27,185.1593017578125,6415910
2018-04-30,185.79722595214844,6472100
2018-05-02,185.54400634765625,6870830
2018-05-03,182.54428100585938,4717500
2018-05-04,180.89833068847656,5621770
2018-05-07,184.60415649414062,4855190
2018-05-08,181.9696807861328,6697570
2018-05-09,180.08998107910156,6455530
2018-05-10,178.9504852294922,5887920
2018-05-11,181.29766845703125,4832490
2018-05-14,181.58981323242188,6429710
2018-05-15,185.23724365234375,15703020
2018-05-16,186.99026489257812,9528360
2018-05-17,201.26329040527344,55812030
2018-05-18,209.36154174804688,83167340
2018-05-21,205.05674743652344,23768230
2018-05-22,209.32742309570312,19633730
2018-05-23,202.4222412109375,14438270
2018-05-24,204.01463317871094,8409320
2018-05-25,206.08424377441406,13421450
2018-05-28,204.03411865234375,8061900
2018-05-29,202.295654296875,7272590
2018-05-30,206.3423614501953,12515080
2018-05-31,205.49014282226562,13233970
2018-06-01,202.32484436035156,6045740
2018-06-04,200.9077911376953,5131520
2018-06-05,204.5843963623047,8168790
2018-06-06,210.43287658691406,18029770
2018-06-07,211.2899169921875,14894130
2018-06-08,212.9845428466797,30395950
2018-06-11,219.16416931152344,20595810
2018-06-12,220.23060607910156,16551670
2018-06-13,217.28936767578125,10953720
2018-06-14,218.4775390625,13213410
2018-06-15,222.40737915039062,16375000
2018-06-18,218.4678192138672,11268770
2018-06-19,221.14126586914062,11515820
2018-06-20,220.86854553222656,11272730
2018-06-21,219.8605194091797,7170230
2018-06-22,227.51564025878906,17142240
2018-06-25,232.8284454345703,23935350
2018-06-26,230.56407165527344,23379420
2018-06-27,227.46206665039062,10691260
2018-06-28,221.54054260253906,17130030
2018-06-29,223.6491241455078,13784210
2018-07-02,223.9608154296875,8403760
2018-07-03,226.0596160888672,8106670
2018-07-04,227.06277465820312,9163790
2018-07-05,227.3310546875,6887850
2018-07-06,228.84814453125,6906170
2018-07-09,229.07737731933594,5516950
2018-07-10,230.8627471923828,7841340
2018-07-11,229.81396484375,5948050
2018-07-12,235.6090850830078,13961500
2018-07-13,240.8383331298828,13904850
2018-07-16,241.19932556152344,11726440
2018-07-17,240.89198303222656,9446860
2018-07-18,242.80418395996094,14054780
2018-07-19,245.87249755859375,48898170
2018-07-20,265.4968566894531,73612740
2018-07-23,268.8577575683594,35518880
2018-07-24,264.71636962890625,27788370
2018-07-25,263.90655517578125,18841050
2018-07-26,261.6236267089844,21859050
2018-07-27,264.75048828125,9587030
2018-07-30,261.26751708984375,8221620
2018-07-31,263.208984375,7111740
2018-08-01,265.63824462890625,15845410
2018-08-02,261.8382873535156,7811730
2018-08-03,261.5894775390625,7418520
2018-08-06,263.0480041503906,6229050
2018-08-07,268.0333557128906,11664830
2018-08-08,274.452880859375,21139340
2018-08-09,276.1114501953125,11470830
2018-08-10,273.9943542480469,8775080
2018-08-13,269.30657958984375,8093650
2018-08-14,276.1163024902344,10516580
2018-08-16,278.6919250488281,22297270
2018-08-17,278.1650695800781,6881330
2018-08-20,277.0480041503906,6654800
2018-08-21,280.1748046875,9515490
2018-08-23,282.3260498046875,16759200
2018-08-24,284.54559326171875,13277100
2018-08-27,287.87725830078125,9760040
2018-08-28,286.1064758300781,12337420
2018-08-29,291.2674560546875,14025830
2018-08-30,285.5357360839844,14529960
2018-08-31,278.6919250488281,13572060
2018-09-03,265.76019287109375,25168400
2018-09-04,267.930908203125,26069920
2018-09-05,265.0626220703125,17284550
2018-09-06,261.8626403808594,11478790
2018-09-07,267.7261047363281,12644360
2018-09-10,255.18466186523438,15701790
2018-09-11,253.73101806640625,33576600
2018-09-12,253.07244873046875,26823400
2018-09-14,260.7016906738281,17951310
2018-09-17,254.1065673828125,14553200
2018-09-18,250.77003479003906,14492900
2018-09-19,243.8578338623047,18945570
2018-09-21,232.1359405517578,57508800
2018-09-24,220.56524658203125,77981720
2018-09-25,224.31153869628906,55373960
2018-09-26,225.90667724609375,27287560
2018-09-27,215.0432891845703,27962940
2018-09-28,211.51158142089844,38310960
2018-10-01,215.4628143310547,48217720
2018-10-03,217.7749786376953,55677010
2018-10-04,212.59938049316406,40027180
2018-10-05,197.39454650878906,34704410
2018-10-08,192.66773986816406,59666690
2018-10-09,201.0579833984375,48590160
2018-10-10,221.5554656982422,72359570
2018-10-11,210.93597412109375,54670860
2018-10-12,223.1554412841797,36655770
2018-10-15,224.99447631835938,24354130
2018-10-16,225.2530059814453,25284840
2018-10-17,209.8042755126953,38119850
2018-10-19,208.8286895751953,42867900
2018-10-22,206.37501525878906,36819460
2018-10-23,203.25308227539062,90647750
2018-10-24,225.5408172607422,103572950
2018-10-25,227.80422973632812,52011590
2018-10-26,228.1847381591797,37958310
2018-10-29,232.23837280273438,22011450
2018-10-30,229.88717651367188,22022300
2018-10-31,232.44325256347656,28088120
2018-11-01,235.91152954101562,25521340
2018-11-02,232.51641845703125,23671170
2018-11-05,230.18472290039062,16259990
2018-11-06,228.2676544189453,13686820
2018-11-07,229.11155700683594,1714670
2018-11-09,231.74081420898438,13278460
2018-11-12,222.20425415039062,14796780
2018-11-13,222.92617797851562,22977100
2018-11-14,223.7993621826172,14561460
2018-11-15,228.41888427734375,15771150
2018-11-16,234.35057067871094,19188730
2018-11-19,230.33592224121094,13577950
2018-11-20,232.20419311523438,12377020
2018-11-21,237.1261749267578,15147250
2018-11-22,232.34080505371094,16042790
2018-11-26,233.6188507080078,13914340
2018-11-27,237.6042022705078,15949550
2018-11-28,235.37008666992188,13962600
2018-11-29,244.535888671875,28612840
2018-11-30,247.57980346679688,27373410
2018-12-03,244.7456512451172,11155920
2018-12-04,248.15052795410156,13295870
2018-12-05,243.3261260986328,13270310
2018-12-06,237.30665588378906,13174720
2018-12-07,242.5700225830078,14787200
2018-12-10,233.71151733398438,13998940
2018-12-11,236.75543212890625,21892780
2018-12-12,243.31150817871094,16831970
2018-12-13,242.83834838867188,17131610
2018-12-14,242.5700225830078,12043790
2018-12-17,241.40419006347656,10196020
2018-12-18,247.043212890625,16531070
2018-12-19,253.35540771484375,29463140
2018-12-20,252.81881713867188,14670280
2018-12-21,252.8041534423828,30424640
2018-12-24,250.23342895507812,10500170
2018-12-26,250.47731018066406,16620680
2018-12-27,252.40415954589844,16263010
2018-12-28,257.05291748046875,19015810
2018-12-31,258.062744140625,14533270
2019-01-01,259.2040710449219,9178720
2019-01-02,255.028564453125,13049150
2019-01-03,252.31149291992188,12824780
2019-01-04,251.32127380371094,10510210
2019-01-07,249.13101196289062,10243280
2019-01-08,247.51637268066406,12333790
2019-01-09,246.27734375,10939920
2019-01-10,245.33102416992188,9108390
2019-01-11,245.287109375,8182180
2019-01-14,248.2724609375,10215040
2019-01-15,254.06764221191406,14663030
2019-01-16,250.7163543701172,9525970
2019-01-17,247.40420532226562,9941830
2019-01-18,248.0870819091797,7537750
2019-01-21,253.09194946289062,13321590
2019-01-22,255.79440307617188,14747130
2019-01-23,257.009033203125,9925040
2019-01-24,257.1358337402344,7538560
2019-01-25,253.6138916015625,9169270
2019-01-28,239.8529815673828,23640470
2019-01-29,245.41880798339844,61188330
2019-01-30,253.2187957763672,38797070
2019-01-31,251.20413208007812,20834180
2019-02-01,256.42852783203125,21177680
2019-02-04,253.11636352539062,9421130
2019-02-05,254.009033203125,10108170
2019-02-06,264.511474609375,17984610
2019-02-07,263.0821838378906,17605800
2019-02-08,264.1114501953125,15107850
2019-02-11,259.2383117675781,11947020
2019-02-12,255.7846221923828,12003700
2019-02-14,254.55540466308594,12141260
2019-02-15,249.86268615722656,16406960
2019-02-18,248.72613525390625,11545200
2019-02-19,249.7358856201172,11483390
2019-02-20,254.25784301757812,10381270
2019-02-21,258.994384765625,11398230
2019-02-22,257.5992736816406,8256720
2019-02-25,259.2919616699219,10240400
2019-02-26,259.2919616699219,16189960
2019-02-27,257.7553405761719,11478390
2019-02-28,258.4382629394531,11368430
2019-03-01,259.5845947265625,7070940
2019-03-05,262.9407653808594,8473070
2019-03-06,269.92120361328125,15434240
2019-03-07,266.8089904785156,8598510
2019-03-08,270.0772705078125,11780870
2019-03-11,272.29681396484375,11690750
2019-03-12,268.5894470214844,13853350
2019-03-13,275.9162902832031,15492960
2019-03-14,273.9601745605469,8960550
2019-03-15,279.0968017578125,20915620
2019-03-18,285.8089294433594,18199860
2019-03-19,284.96502685546875,14805650
2019-03-20,279.86260986328125,14068620
2019-03-22,276.7455749511719,12508760
2019-03-25,278.0284729003906,10667570
2019-03-26,286.2772521972656,15706370
2019-03-27,287.3406677246094,24196560
2019-03-28,292.27716064453125,13669450
2019-04-01,292.82354736328125,11090000
2019-04-02,298.0674133300781,11362380
2019-04-03,297.1698913574219,10527520
2019-04-04,296.5308837890625,7727760
2019-04-05,303.82354736328125,12444080
2019-04-08,295.0333251953125,16421890
2019-04-09,293.5308532714844,17333240
2019-04-10,292.5211181640625,9948990
2019-04-11,297.3503723144531,10167120
2019-04-12,293.5406188964844,10481380
2019-04-15,294.8528137207031,6516340
2019-04-16,295.85284423828125,10214780
2019-04-18,294.09185791015625,6588260
2019-04-22,291.8284606933594,6621570
2019-04-23,296.10162353515625,9919680
2019-04-24,301.7601318359375,9905800
2019-04-25,300.58453369140625,12405640
2019-04-26,302.1308288574219,6138070
2019-04-30,302.04302978515625,9009680
2019-05-02,305.53570556640625,8958300
2019-05-03,303.5942687988281,7307280
2019-05-06,296.0284423828125,9664870
2019-05-07,294.3454895019531,9702640
2019-05-08,285.0040588378906,11550230
2019-05-09,289.8869934082031,17452340
2019-05-10,285.1552734375,16300890
2019-05-13,286.0333557128906,13562290
2019-05-14,281.1552734375,18617600
2019-05-15,292.9504089355469,24536700
2019-05-16,303.4186096191406,36446720
2019-05-17,322.05755615234375,58487160
2019-05-20,332.4429931640625,27248590
2019-05-21,334.9551696777344,28849970
2019-05-22,336.4770812988281,15668120
2019-05-23,329.5356750488281,24062050
2019-05-24,338.33074951171875,15685230
2019-05-27,336.48681640625,9320000
2019-05-28,332.6624755859375,16277680
2019-05-29,332.6087646484375,9212780
2019-05-30,339.6722412109375,11751110
2019-05-31,338.2526550292969,21728660
2019-06-03,342.54052734375,12411330
2019-06-04,344.50146484375,10514000
2019-06-06,336.8722229003906,13149160
2019-06-07,342.3843994140625,12850440
2019-06-10,343.3746337890625,9832740
2019-06-11,346.52099609375,9031550
2019-06-12,342.0331726074219,12144700
2019-06-13,345.8039245605469,8803180
2019-06-14,343.2575988769531,8646410
2019-06-17,338.1941833496094,9534600
2019-06-18,342.36981201171875,10835270
2019-06-19,343.9502258300781,8739410
2019-06-20,349.5161437988281,11070050
2019-06-21,347.8868103027344,10582660
2019-06-24,345.8868408203125,5437030
2019-06-25,349.252685546875,8278690
2019-06-26,353.9453125,9788060
2019-06-27,355.3355712890625,11351420
2019-06-28,359.13067626953125,12000360
2019-07-01,360.87701416015625,9138840
2019-07-02,362.0575256347656,7064780
2019-07-03,362.4770202636719,6050400
2019-07-04,364.14532470703125,7436160
2019-07-05,362.84283447265625,7762800
2019-07-08,333.00396728515625,38571320
2019-07-09,351.5209045410156,51961250
2019-07-10,334.5404968261719,29095840
2019-07-11,337.27703857421875,27122410
2019-07-12,330.08880615234375,26966780
2019-07-15,333.4703674316406,16180730
2019-07-16,337.0473327636719,16858560
2019-07-17,338.4742126464844,9155470
2019-07-18,338.89935302734375,13204640
2019-07-19,324.772216796875,30339090
2019-07-22,317.2957458496094,36920230
2019-07-23,320.25701904296875,22236910
2019-07-24,310.1564636230469,27679890
2019-07-25,297.7396545410156,102905770
2019-07-26,319.0549011230469,69450800
2019-07-29,317.8870544433594,34784730
2019-07-30,317.6231689453125,22849050
2019-07-31,317.828369140625,24381300
2019-08-01,314.90130615234375,18925160
2019-08-02,316.4455261230469,33560190
2019-08-05,308.8370361328125,20133710
2019-08-06,319.8026123046875,20051390
2019-08-07,319.17218017578125,23989100
2019-08-08,325.9059143066406,15877420
2019-08-09,334.2131042480469,21017570
2019-08-13,314.8769226074219,19006940
2019-08-14,321.53240966796875,27702370
2019-08-16,326.1502380371094,17581540
2019-08-19,325.2560119628906,14328420
2019-08-20,321.93804931640625,16887170
2019-08-21,318.7470397949219,15528010
2019-08-22,304.3463134765625,25061940
2019-08-23,310.234619140625,31437870
2019-08-26,324.8846130371094,29500170
2019-08-27,328.15863037109375,22259370
2019-08-28,325.0898742675781,12509150
2019-08-29,322.44622802734375,15299260
2019-08-30,325.6908874511719,21189530
2019-09-03,318.4587707519531,11997260
2019-09-04,317.6524658203125,18793490
2019-09-05,321.8011779785156,15012260
2019-09-06,329.6490478515625,17008940
2019-09-09,335.9380798339844,18025510
2019-09-11,333.8905944824219,13011120
2019-09-12,330.5627746582031,11640860
2019-09-13,334.96075439453125,13283630
2019-09-16,334.1300354003906,11797670
2019-09-17,329.199462890625,13618720
2019-09-18,333.6413879394531,18536680
2019-09-19,328.5788879394531,12376920
2019-09-20,361.82232666015625,56480860
2019-09-23,393.2479553222656,40110020
2019-09-24,387.1885681152344,21896040
2019-09-25,384.173583984375,24147290
2019-09-26,391.0050354003906,23881650
2019-09-27,396.5365905761719,20244780
2019-09-30,395.4273986816406,22563610
2019-10-01,390.1840515136719,16155060
2019-10-03,386.998046875,12458400
2019-10-04,381.5396728515625,14782660
2019-10-07,381.2416076660156,14061520
2019-10-09,393.26263427734375,13566000
2019-10-10,385.9327392578125,11027880
2019-10-11,388.3076477050781,16238660
2019-10-14,379.52154541015625,17683520
2019-10-15,379.145263671875,13948940
2019-10-16,392.52960205078125,23817690
2019-10-17,401.3645324707031,21035930
2019-10-18,404.379638671875,18362130
2019-10-22,394.2643737792969,50347550
2019-10-23,394.6748046875,24422490
2019-10-24,393.4825134277344,12675570
2019-10-25,389.6807861328125,17580980
2019-10-27,388.8647155761719,2146910
2019-10-29,395.5446472167969,13355150
2019-10-30,390.14495849609375,13385540
2019-10-31,393.6193542480469,12512200
2019-11-01,397.75335693359375,18756120
2019-11-04,401.9704895019531,18631580
2019-11-05,413.1900939941406,29346520
2019-11-06,409.3150329589844,20766950
2019-11-07,412.9995422363281,11416030
2019-11-08,406.5101318359375,15096930
2019-11-11,407.4483642578125,7693020
2019-11-13,405.0539245605469,8990150
2019-11-14,411.50421142578125,13836290
2019-11-15,409.2613525390625,11931710
2019-11-18,406.06549072265625,9273640
2019-11-19,404.19390869140625,8295350
2019-11-20,404.467529296875,8138790
2019-11-21,403.0113525390625,7028530
2019-11-22,398.57916259765625,12226150
2019-11-25,404.7754211425781,13893040
2019-11-26,400.53875732421875,15027270
2019-11-27,402.49334716796875,4850640
2019-11-28,400.9003601074219,9697080
2019-11-29,398.17852783203125,8319830
2019-12-02,386.084228515625,20654040
2019-12-03,387.46221923828125,19843820
2019-12-04,390.0325622558594,14308300
2019-12-05,390.0325622558594,12553040
2019-12-06,386.2015075683594,11713550
2019-12-09,385.5368957519531,12689420
2019-12-10,389.64166259765625,11594800
2019-12-11,394.5233459472656,13659810
2019-12-12,396.51214599609375,10870560
2019-12-13,397.9586486816406,8616560
2019-12-16,394.7823181152344,8260690
2019-12-17,404.19390869140625,13794840
2019-12-18,402.5910949707031,11097750
2019-12-19,399.9034729003906,7361040
2019-12-20,404.1792297363281,10542340
2019-12-23,406.56390380859375,11378790
2019-12-24,404.5603942871094,7519790
2019-12-26,409.2123718261719,12650200
2019-12-27,415.6187744140625,11266480
2019-12-30,414.7049255371094,8319100
2019-12-31,413.86932373046875,7796080
2020-01-01,413.5321960449219,4070420
2020-01-02,414.9737548828125,8638440
2020-01-03,409.8330383300781,11768500
2020-01-06,390.6043395996094,28667350
2020-01-07,391.6744689941406,21490420
2020-01-08,395.8085021972656,16305760
2020-01-09,403.0650939941406,14193880
2020-01-10,405.083251953125,11066240
2020-01-13,407.0036926269531,6451520
2020-01-14,409.7890319824219,7034340
2020-01-15,411.1817321777344,6169760
2020-01-16,412.45220947265625,5787280
2020-01-17,413.576171875,6711290
2020-01-20,405.8406677246094,8486390
2020-01-21,404.4724426269531,8979220
2020-01-22,404.8242492675781,7979010
2020-01-23,403.221435546875,11545220
2020-01-24,409.93560791015625,8648920
2020-01-27,406.989013671875,7821550
2020-01-28,411.74365234375,10527640
2020-01-29,431.8764343261719,45814130
2020-01-30,426.5304870605469,35777740
2020-01-31,426.68682861328125,17369270
2020-02-03,426.04669189453125,10941810
2020-02-04,441.6739807128906,19583230
2020-02-05,442.5487365722656,12856310
2020-02-06,456.0503845214844,18464770
2020-02-07,454.8726501464844,9503260
2020-02-10,461.4646301269531,11608790
2020-02-11,464.1620788574219,11674290
2020-02-12,466.05316162109375,8829640
2020-02-13,468.6577453613281,6810390
2020-02-14,467.32855224609375,7311180
2020-02-17,466.8301696777344,7164840
2020-02-18,465.0074462890625,7286110
2020-02-19,476.7401123046875,11720490
2020-02-20,476.9747314453125,16346430
2020-02-24,469.49822998046875,12633890
2020-02-25,471.6483154296875,9593090
2020-02-26,470.0895080566406,8513460
2020-02-27,465.18341064453125,11748700
2020-02-28,436.4551086425781,49414100
2020-03-02,426.18353271484375,22382160
2020-03-03,436.30731201171875,20235030
2020-03-04,419.88006591796875,24729910
2020-03-05,424.2195129394531,18332950
2020-03-06,413.94879150390625,33122380
2020-03-09,394.4505310058594,35456270
2020-03-11,394.8276672363281,27936830
2020-03-12,365.80322265625,52726190
2020-03-13,387.17730712890625,48499170
2020-03-16,359.72015380859375,31404670
2020-03-17,337.4448547363281,25585480
2020-03-18,299.878662109375,54435800
2020-03-19,268.99786376953125,83247130
2020-03-20,289.15728759765625,61101890
2020-03-23,221.98373413085938,48442350
2020-03-24,242.36355590820312,62572210
2020-03-25,253.27587890625,62263550
2020-03-26,273.6606140136719,50961240
2020-03-27,249.0343780517578,71706090
2020-03-30,219.62791442871094,76983550
2020-03-31,217.05165100097656,110431110
2020-04-01,217.39939880371094,64083010
2020-04-03,216.2386016845703,61726720
2020-04-07,220.7299041748047,111614780
2020-04-08,228.5223388671875,91093390
2020-04-09,249.96986389160156,71932460
2020-04-13,224.05552673339844,81831990
2020-04-15,213.7847900390625,93336280
2020-04-16,217.46307373046875,72467400
2020-04-17,226.09791564941406,101915460
2020-04-20,226.10772705078125,54031770
2020-04-21,205.68382263183594,73839850
2020-04-22,210.43470764160156,90627230
2020-04-23,212.80523681640625,71440060
2020-04-24,193.58621215820312,104944510
2020-04-27,200.22763061523438,144952470
2020-04-28,218.25650024414062,147563440
2020-04-29,224.95181274414062,150601540
2020-04-30,227.07260131835938,88833050
2020-05-04,203.71490478515625,73127450
2020-05-05,196.1428680419922,115212090
2020-05-06,206.32052612304688,131496960
2020-05-07,201.8439178466797,77702040
2020-05-08,198.27830505371094,69663750
2020-05-11,197.3869171142578,76549900
2020-05-12,202.74021911621094,103365270
2020-05-13,211.68853759765625,94411850
2020-05-14,206.8837890625,143075310
2020-05-15,204.38101196289062,80267260
2020-05-18,189.89816284179688,108205710
2020-05-19,192.4792938232422,94135140
2020-05-20,200.10520935058594,163185080
2020-05-21,194.95269775390625,98795420
2020-05-22,185.65663146972656,161950940
2020-05-26,179.16212463378906,98692950
2020-05-27,189.68756103515625,173352460
2020-05-28,190.78956604003906,90517750
2020-05-29,191.3723907470703,103618470
2020-06-01,211.66896057128906,189159830
2020-06-02,229.82516479492188,234424700
2020-06-03,236.26089477539062,187051760
2020-06-04,226.57789611816406,163153500
2020-06-05,234.14993286132812,158500390
2020-06-08,245.60101318359375,149925030
2020-06-09,239.3660888671875,123730770
2020-06-10,238.58737182617188,89614430
2020-06-11,229.11007690429688,100427670
2020-06-12,240.00770568847656,168024570
2020-06-15,230.3345184326172,120703460
2020-06-16,231.66673278808594,129143510
2020-06-17,234.7034149169922,96502790
2020-06-18,247.4328155517578,127382680
2020-06-19,264.344970703125,186038260
2020-06-22,278.2253723144531,139393260
2020-06-23,296.3668518066406,161869530
2020-06-24,287.447998046875,201088070
2020-06-25,294.39306640625,159821300
2020-06-26,284.4162292480469,125724990
2020-06-29,279.954345703125,116139990
2020-06-30,277.3144226074219,97030570
2020-07-01,289.3532409667969,127048960
2020-07-02,290.3670349121094,116197340
2020-07-03,287.1589660644531,85435970
2020-07-06,304.52667236328125,114375830
2020-07-07,328.3447570800781,228764010
2020-07-08,314.2488098144531,191261830
2020-07-09,326.1946105957031,187577860
2020-07-10,324.6419677734375,161504130
2020-07-13,316.84954833984375,131364670
2020-07-14,312.57379150390625,124044220
2020-07-15,308.4889831542969,109802620
2020-07-16,313.93048095703125,99999250
2020-07-17,323.3832702636719,84256260
2020-07-20,337.11669921875,105554950
2020-07-21,322.516357421875,259600480
2020-07-22,318.6519775390625,170696590
2020-07-23,323.0403747558594,87180350
2020-07-24,318.539306640625,66376830
2020-07-27,310.63421630859375,70898670
2020-07-28,317.3393249511719,82116970
2020-07-29,321.7131042480469,80700220
2020-07-30,315.2528991699219,65082780
2020-07-31,318.4854431152344,72353970
2020-08-03,310.96240234375,44639200
2020-08-04,316.9475402832031,66791450
2020-08-05,319.54827880859375,69853800
2020-08-06,327.6835632324219,81729060
2020-08-07,339.35015869140625,101512670
2020-08-10,337.2587585449219,71292450
2020-08-11,338.6742248535156,55718180
2020-08-12,334.8392639160156,56625270
2020-08-13,334.97637939453125,46633590
2020-08-14,326.3023681640625,55313350
2020-08-17,331.5625915527344,46705720
2020-08-18,335.0008544921875,47062980
2020-08-19,334.0262145996094,41988490
2020-08-20,332.4442138671875,36774590
2020-08-21,332.00341796875,26273800
2020-08-24,342.06842041015625,62055750
2020-08-25,356.84515380859375,98540590
2020-08-26,357.1047058105469,66650850
2020-08-27,355.8263854980469,46110620
2020-08-28,359.578125,42513280
2020-08-31,341.652099609375,85297660
2020-09-01,356.9382019042969,60651820
2020-09-02,359.36749267578125,42810110
2020-09-03,354.5726013183594,32213660
2020-09-04,352.3293151855469,49146490
2020-09-07,343.3516540527344,46651680
2020-09-08,342.84716796875,44487030
2020-09-09,335.2898864746094,45632470
2020-09-10,342.71978759765625,47622820
2020-09-11,347.1964111328125,46083840
2020-09-14,337.0383605957031,45315090
2020-09-15,344.1597900390625,38936370
2020-09-16,344.9532165527344,39077180
2020-09-17,340.0995178222656,27811560
2020-09-18,340.378662109375,37690870
2020-09-21,326.2093200683594,36274190
2020-09-22,323.54974365234375,42249680
2020-09-23,317.755615234375,42443280
2020-09-24,296.6999816894531,59637770
2020-09-25,307.47998046875,62325930
2020-09-28,326.6990966796875,55886950
2020-09-29,322.74163818359375,46434460
2020-09-30,321.1596374511719,36035360
2020-10-01,337.24407958984375,53821060
2020-10-05,331.3764953613281,42071900
2020-10-06,340.3296813964844,47587570
2020-10-07,326.3072204589844,65710800
2020-10-08,325.84686279296875,44618100
2020-10-09,325.00933837890625,56840990
2020-10-12,325.9203186035156,32046520
2020-10-13,320.5719299316406,37776570
2020-10-14,330.3136291503906,53044470
2020-10-15,314.9051513671875,52680190
2020-10-16,316.5312194824219,50762360
2020-10-19,320.0429382324219,42066370
2020-10-20,319.54827880859375,32520900
2020-10-21,316.6781311035156,75364600
2020-10-22,324.67138671875,70857690
2020-10-23,324.9113464355469,32047770
2020-10-26,322.65838623046875,35462450
2020-10-27,338.2677001953125,60209460
2020-10-28,330.19122314453125,46491050
2020-10-29,331.0973205566406,37803490
2020-10-30,324.1374816894531,42876230
2020-11-02,334.9910888671875,42885510
2020-11-03,341.9459228515625,44460450
2020-11-04,348.8666076660156,43711430
2020-11-05,366.0530090332031,63321410
2020-11-06,370.3484802246094,57440500
2020-11-09,378.60125732421875,41498980
2020-11-10,412.2541809082031,114214480
2020-11-11,418.156005859375,138966540
2020-11-12,421.0456848144531,55900380
2020-11-13,428.6618347167969,60884590
2020-11-14,428.5393981933594,7894790
2020-11-17,439.6279602050781,58515230
2020-11-18,455.86431884765625,75130190
2020-11-19,444.3838195800781,83510050
2020-11-20,461.9473876953125,87364100
2020-11-23,471.31201171875,73250390
2020-11-24,471.233642578125,42973850
2020-11-25,459.3907470703125,47633210
2020-11-26,472.2720031738281,62732080
2020-11-27,480.84808349609375,123647070
2020-12-01,476.175537109375,40174270
2020-12-02,472.53155517578125,36549700
2020-12-03,476.7975769042969,28768440
2020-12-04,477.5714111328125,36793780
2020-12-07,473.07525634765625,31151240
2020-12-08,469.42144775390625,29710760
2020-12-09,474.5151672363281,19659920
2020-12-10,469.6810607910156,19259630
2020-12-11,474.4858093261719,26700190
2020-12-14,479.8537902832031,17863480
2020-12-15,501.7813415527344,59367960
2020-12-16,504.1420593261719,32691840
2020-12-17,517.86572265625,37331520
2020-12-18,514.5156860351562,32550430
2020-12-21,493.88116455078125,35515700
2020-12-22,490.8984069824219,54735210
2020-12-23,498.4900207519531,34314570
2020-12-24,507.8938293457031,26255590
2020-12-28,509.7745056152344,19326060
2020-12-29,509.42193603515625,19695290
2020-12-30,522.5137329101562,38647000
2020-12-31,518.6984252929688,28692120
2021-01-01,517.2241821289062,14471870
2021-01-04,510.9598388671875,23336590
2021-01-05,501.4384460449219,39534000
2021-01-06,492.749755859375,36079230
2021-01-07,497.7161560058594,30357500
2021-01-08,497.8141174316406,29984510
2021-01-11,488.23883056640625,29241640
2021-01-12,493.91546630859375,33359080
2021-01-13,480.2701110839844,32693730
2021-01-14,477.7673034667969,26808110
2021-01-15,478.3795471191406,25449160
2021-01-18,462.3392028808594,37034130
2021-01-19,485.78021240234375,47674650
2021-01-20,488.0135498046875,33147070
2021-01-21,501.369873046875,70618090
2021-01-22,487.0927734375,30847960
2021-01-25,480.8382568359375,36730600
2021-01-27,474.5984191894531,28004930
2021-01-28,471.1944885253906,34773290
2021-01-29,463.7791442871094,42607950
2021-02-01,495.52191162109375,42907450
2021-02-02,506.7477111816406,43479930
2021-02-03,513.790771484375,26507830
2021-02-04,539.2349243164062,53258880
2021-02-05,542.5360107421875,44379870
2021-02-08,538.5346069335938,28008090
2021-02-09,528.99365234375,22639040
2021-02-10,536.3991088867188,26380120
2021-02-11,545.3278198242188,20289470
2021-02-12,546.3466186523438,16252680
2021-02-15,566.1729125976562,31688260
2021-02-16,564.2530517578125,21268100
2021-02-17,558.8556518554688,23463950
2021-02-18,544.9653930664062,23175130
2021-02-19,538.5589599609375,27444560
2021-02-22,526.6964721679688,20005630
2021-02-23,527.367431640625,21902450
2021-02-24,544.9213256835938,19087950
2021-02-25,541.6937255859375,15845950
2021-02-26,515.7302856445312,37133260
2021-03-01,515.9164428710938,20318810
2021-03-02,520.7652587890625,22086340
2021-03-03,542.9622192382812,22524130
2021-03-04,537.378662109375,22346980
2021-03-05,533.3624877929688,20757600
2021-03-08,521.1913452148438,17210420
2021-03-09,530.4385375976562,18114960
2021-03-10,543.1727905273438,21912500
2021-03-12,544.4266357421875,25080130
2021-03-15,532.7894287109375,20870080
2021-03-16,534.4448852539062,15613050
2021-03-17,525.0263061523438,11347580
2021-03-18,526.2066650390625,23390580
2021-03-19,534.1804809570312,32203100
2021-03-22,527.9209594726562,19384610
2021-03-23,526.8875732421875,18490380
2021-03-24,516.2593383789062,17376430
2021-03-25,501.75189208984375,23432710
2021-03-26,507.71258544921875,23474600
2021-03-30,508.7411193847656,18452800
2021-03-31,504.4604187011719,18459750
2021-04-01,516.4405517578125,21482340
2021-04-05,486.1082763671875,37396800
2021-04-06,489.1057434082031,20709060
2021-04-07,497.3341064453125,24027820
2021-04-08,492.67138671875,14078790
2021-04-09,477.27264404296875,29026460
2021-04-12,441.8810119628906,45000460
2021-04-13,463.2110290527344,31750190
2021-04-15,456.5058898925781,28971850
2021-04-16,452.2252197265625,21426480
2021-04-19,438.80517578125,34265070
2021-04-20,451.9362487792969,33945970
2021-04-22,459.287841796875,25635390
2021-04-23,457.2406005859375,27295250
2021-04-26,463.97509765625,29039890
2021-04-27,476.5624694824219,26449970
2021-04-28,517.2976684570312,85764540
2021-04-29,537.2758178710938,72584860
2021-04-30,534.0481567382812,41248880
2021-05-03,543.770263671875,40335910
2021-05-04,550.0983276367188,48383470
2021-05-05,540.2439575195312,43786930
2021-05-06,541.5809936523438,22231110
2021-05-07,538.1525268554688,18510330
2021-05-10,538.514892578125,19973390
2021-05-11,531.3837280273438,16172480
2021-05-12,524.8892211914062,15393360
2021-05-14,522.1415405273438,15257620
2021-05-17,531.9127197265625,24115830
2021-05-18,557.2490844726562,31478830
2021-05-19,551.6117553710938,22509060
2021-05-20,547.4535522460938,14888270
2021-05-21,551.66552734375,18569660
2021-05-24,548.8395385742188,12150600
2021-05-25,550.3823852539062,13155460
2021-05-26,565.3207397460938,29167460
2021-05-27,556.607421875,21525900
2021-05-28,549.6084594726562,15263750
2021-05-31,551.2933959960938,17958110
2021-06-01,566.6578369140625,28534510
2021-06-02,568.994140625,20131950
2021-06-03,578.0894165039062,22303780
2021-06-04,587.0963134765625,24453670
2021-06-07,561.2652587890625,28358050
2021-06-08,563.77783203125,17890070
2021-06-09,555.8532104492188,15381120
2021-06-10,596.2014770507812,52961200
2021-06-11,599.4927368164062,37027210
2021-06-14,606.7562255859375,26336010
2021-06-15,603.5237426757812,15236610
2021-06-16,595.731201171875,14816580
2021-06-17,592.660400390625,18718570
2021-06-18,596.26513671875,27096150
2021-06-21,599.100830078125,12719620
2021-06-22,589.3836059570312,15406110
2021-06-23,589.2662353515625,12382150
2021-06-24,592.0088500976562,10824210
2021-06-25,595.1630859375,9619940
2021-06-28,591.3673095703125,8284810
2021-06-29,592.8709106445312,13100790
2021-06-30,589.2906494140625,12257940
2021-07-01,584.5202026367188,11206010
2021-07-02,587.5176391601562,8112980
2021-07-05,594.8594360351562,8631790
2021-07-06,607.5643310546875,34913930
2021-07-07,607.1920776367188,19479250
2021-07-08,600.2456665039062,11305600
2021-07-09,602.0460205078125,14475440
2021-07-12,603.3607788085938,9787400
2021-07-13,603.8268432617188,10021270
2021-07-14,601.8253173828125,7765740
2021-07-15,601.4132080078125,8709900
2021-07-16,600.9961547851562,9631210
2021-07-19,590.1986694335938,12905320
2021-07-20,582.9823608398438,14018370
2021-07-22,607.8739624023438,34885910
2021-07-23,606.4366455078125,9537390
2021-07-26,604.62646484375,7335020
2021-07-27,611.3964233398438,20685280
2021-07-28,614.393798828125,11491530
2021-07-29,627.943359375,14846640
2021-07-30,611.0676879882812,14068850
2021-08-02,608.3596801757812,10124350
2021-08-03,621.251953125,10917100
2021-08-04,623.9255981445312,16320910
2021-08-05,613.0447387695312,8665670
2021-08-06,610.69482421875,7297890
2021-08-09,607.6386108398438,8811790
2021-08-10,605.3770751953125,7310090
2021-08-11,605.1513061523438,7919290
2021-08-12,608.2616577148438,7946020
2021-08-13,604.0475463867188,6679320
2021-08-16,625.691650390625,14233350
2021-08-17,628.9244384765625,16027760
2021-08-18,642.0718383789062,21537300
2021-08-20,653.5512084960938,21647320
2021-08-23,662.4895629882812,17383400
2021-08-24,684.8499145507812,26229900
2021-08-25,681.401123046875,15096670
2021-08-26,680.1256713867188,12345880
2021-08-27,683.5252685546875,9359060
2021-08-30,703.040283203125,15043820
2021-08-31,738.263427734375,29464380
2021-09-01,737.7826538085938,22277890
2021-09-02,735.70751953125,11833780
2021-09-03,738.155517578125,8802470
2021-09-06,736.482666015625,8970710
2021-09-07,731.6701049804688,8360130
2021-09-08,732.2490234375,8592560
2021-09-09,729.0553588867188,7004360
2021-09-13,730.5172729492188,8025650
2021-09-14,727.7700805664062,7192580
2021-09-15,727.4364624023438,6572830
2021-09-16,727.176513671875,5771290
2021-09-17,728.8739013671875,34749690
2021-09-20,730.2131958007812,10838060
2021-09-21,766.6528930664062,19931330
2021-09-22,764.6710205078125,15005410
2021-09-23,775.0123291015625,21091470
2021-09-24,764.6465454101562,11293460
2021-09-27,764.84765625,6507740
2021-09-28,740.1080322265625,15723010
2021-09-29,737.37060546875,9458790
2021-09-30,752.3527221679688,14907070
2021-10-01,738.0918579101562,9377400
2021-10-04,754.9968872070312,10901980
2021-10-05,757.8568725585938,7732430
2021-10-06,758.9313354492188,17646310
2021-10-07,760.1822509765625,9405500
2021-10-08,758.6419067382812,7565710
2021-10-11,766.9718017578125,9086480
2021-10-12,770.7639770507812,10994490
2021-10-13,777.9802856445312,10524380
2021-10-14,771.4653930664062,11348490
2021-10-18,771.7254638671875,8550980
2021-10-19,759.3384399414062,12449890
2021-10-20,761.501953125,11028990
2021-10-21,759.1422119140625,6394610
2021-10-22,756.4833984375,15173760
2021-10-25,750.2481689453125,11697290
2021-10-26,770.7540283203125,16605750
2021-10-27,734.1083374023438,31122330
2021-10-28,734.3143310546875,15723020
2021-10-29,726.06787109375,9483340
2021-11-01,727.4169311523438,10373140
2021-11-02,731.4788208007812,6871160
2021-11-03,737.4539794921875,6687040
2021-11-04,738.3223266601562,940330
2021-11-08,752.8972778320312,9003010
2021-11-09,743.4635620117188,8002470
2021-11-10,743.8511352539062,4649890
2021-11-11,731.2188720703125,6344000
2021-11-12,743.6205444335938,4971280
2021-11-15,739.2200927734375,4025180
2021-11-16,741.3245849609375,5980490
2021-11-17,746.4216918945312,6455740
2021-11-18,734.3829956054688,7725390
2021-11-22,692.5223999023438,19352430
2021-11-23,698.0167846679688,11875890
2021-11-24,704.197998046875,10993800
2021-11-25,699.1452026367188,6154860
2021-11-26,667.8711547851562,16890820
2021-11-29,677.5550537109375,14918150
2021-11-30,686.5325317382812,21955390
2021-12-01,690.599365234375,11367680
2021-12-02,704.5120239257812,8477040
2021-12-03,693.5968017578125,8164110
2021-12-06,682.068359375,8582530
2021-12-07,696.9229125976562,10796080
2021-12-08,722.270751953125,14026910
2021-12-09,730.002197265625,10769500
2021-12-10,731.19921875,6791450
2021-12-13,708.2649536132812,12985990
2021-12-14,693.26806640625,12764810
2021-12-15,671.8153076171875,18175280
2021-12-16,689.6329345703125,17683180
2021-12-17,677.0988159179688,16805110
2021-12-20,650.9071044921875,22263190
2021-12-21,645.353759765625,13755910
2021-12-22,664.3536987304688,12678980
2021-12-23,678.732421875,13393990
2021-12-24,672.2813720703125,9807740
2021-12-27,676.0833740234375,9123600
2021-12-28,677.643310546875,8624640
2021-12-29,678.1339721679688,5323790
2021-12-30,674.1554565429688,6589920
2021-12-31,684.5751342773438,7699070
2022-01-03,708.348388671875,12697250
2022-01-04,720.4556274414062,9591730
2022-01-05,752.61767578125,25832620
2022-01-06,760.2166137695312,15359860
2022-01-07,751.4942016601562,11659510
2022-01-10,758.5535888671875,6390600
2022-01-11,752.5244140625,10379120
2022-01-12,762.7921142578125,14584040
2022-01-13,766.1133422851562,6163740
2022-01-14,768.4532470703125,5696350
2022-01-17,770.454833984375,6797740
2022-01-18,759.7996215820312,11300240
2022-01-19,742.9042358398438,50003170
2022-01-20,738.82763671875,29103830
2022-01-21,723.4725952148438,13704500
2022-01-24,680.10595703125,25025820
2022-01-25,683.24560546875,25259340
2022-01-27,670.8096923828125,17610280
2022-01-28,673.7775268554688,14675220
2022-01-31,686.826904296875,12512490
2022-02-01,688.23486328125,13834490
2022-02-02,711.0808715820312,13398210
2022-02-03,697.65869140625,8398560
2022-02-04,702.34375,8232080
2022-02-07,679.9931640625,11830120
2022-02-08,692.1986694335938,16405420
2022-02-09,698.3160400390625,6491660
2022-02-10,700.2440795898438,12442000
2022-02-11,687.9404296875,12764610
2022-02-14,665.8009033203125,11697660
2022-02-15,700.739501953125,13468200
2022-02-16,693.532958984375,10540410
2022-02-17,694.8919067382812,9036160
2022-02-18,689.7555541992188,7625170
2022-02-21,687.4254150390625,8166640
2022-02-22,687.916015625,12587320
2022-02-23,691.17333984375,7952280
2022-02-24,650.2841186523438,19300400
2022-02-25,683.8001098632812,14132810
2022-02-28,687.028076171875,15808910
2022-03-02,670.27490234375,16080090
2022-03-03,662.11181640625,13339990
2022-03-04,641.463623046875,19965090
2022-03-07,600.9520263671875,28435880
2022-03-08,604.5675048828125,28857830
2022-03-09,635.0469360351562,22801310
2022-03-10,646.0750122070312,20915610
2022-03-11,650.3036499023438,12647710
2022-03-14,653.9781494140625,12668460
2022-03-15,654.0860595703125,14792700
2022-03-16,671.162841796875,16335960
2022-03-17,686.2529296875,16706780
2022-03-21,674.0866088867188,9620190
2022-03-22,685.4091186523438,12737960
2022-03-23,687.2732543945312,11767500
2022-03-24,686.5619506835938,7837160
2022-03-25,684.2022705078125,7023730
2022-03-28,686.9397583007812,9369730
2022-03-29,690.6631469726562,7159500
2022-03-30,711.5125122070312,12722540
2022-03-31,712.30712890625,16330110
2022-04-01,726.8428955078125,8715130
2022-04-04,734.9422607421875,10497590
2022-04-05,724.9149780273438,10720820
2022-04-06,720.8431396484375,7670310
2022-04-07,715.2752685546875,7182660
2022-04-08,722.7711791992188,8819730
2022-04-11,719.8326416015625,5975080
2022-04-12,713.7348022460938,8055980
2022-04-13,719.028076171875,6723170
2022-04-18,712.4544677734375,7582220
2022-04-19,712.2680053710938,11911100
2022-04-20,689.9910278320312,15581810
2022-04-21,700.3519897460938,8753430
2022-04-22,697.6685180664062,8079870
2022-04-25,687.342041015625,6849530
2022-04-26,710.40380859375,10124190
2022-04-27,658.7514038085938,39843570
2022-04-28,660.080810546875,24990940
2022-04-29,654.6011352539062,13375170
2022-05-02,650.1221313476562,12387410
2022-05-04,622.0221557617188,16491150
2022-05-05,619.04931640625,14860280
2022-05-06,588.7171630859375,30648650
2022-05-09,592.3130493164062,19356480
2022-05-10,581.6676025390625,11779330
2022-05-11,569.7515869140625,18613390
2022-05-12,548.7943725585938,24940440
2022-05-13,541.1756591796875,21053150
2022-05-16,553.896240234375,14149550
2022-05-17,572.7244873046875,14017700
2022-05-18,570.55615234375,16550940
2022-05-19,559.9401245117188,10650250
2022-05-20,566.08203125,10986100
2022-05-23,568.4761962890625,9680210
2022-05-24,568.9470825195312,10840690
2022-05-25,571.7531127929688,8675980
2022-05-26,570.811279296875,12595460
2022-05-27,588.0499267578125,16258050
2022-05-30,599.5980834960938,8174840
2022-05-31,596.7479248046875,15489660
2022-06-01,589.6836547851562,8876200
2022-06-02,594.3635864257812,7508090
2022-06-03,591.45458984375,10434650
2022-06-06,590.7481079101562,7376570
2022-06-07,576.776611328125,8969820
2022-06-08,584.2039184570312,13341460
2022-06-09,578.7339477539062,12376740
2022-06-10,556.0646362304688,21518910
2022-06-13,525.72265625,19327850
2022-06-14,527.4396362304688,18845410
2022-06-15,538.15380859375,16599430
2022-06-16,518.4278564453125,21796860
2022-06-17,531.7371215820312,19379390
2022-06-20,536.7310791015625,11194560
2022-06-21,544.4526977539062,10023590
2022-06-22,533.704345703125,8983460
2022-06-23,534.543212890625,11018570
2022-06-24,548.2399291992188,13049330
2022-06-27,553.4842529296875,10490080
2022-06-28,547.1116333007812,7395000
2022-06-29,540.8863525390625,7559820
2022-06-30,531.7972412109375,11982750
2022-07-01,552.8604736328125,12218900
2022-07-04,554.4260864257812,7898180
2022-07-05,557.4591064453125,12284530
2022-07-06,582.6284790039062,22229520
2022-07-07,577.1140747070312,13352470
2022-07-08,578.344970703125,8032820
2022-07-11,577.1929321289062,7613370
2022-07-12,578.37939453125,9754460
2022-07-13,578.9063110351562,8869340
2022-07-14,574.1746826171875,6929200
2022-07-15,582.4807739257812,5698590
2022-07-18,596.7197875976562,9664320
2022-07-19,597.3253784179688,9785600
2022-07-20,598.1575317382812,8270920
2022-07-21,617.11328125,13254930
2022-07-22,616.2615966796875,9532950
2022-07-25,613.1842651367188,7240230
2022-07-26,616.8720703125,15304060
2022-07-27,629.8605346679688,14449890
2022-07-28,696.8460083007812,64857820
2022-07-29,709.8934936523438,26067620
2022-08-01,715.0042114257812,12270770
2022-08-02,722.9706420898438,12491240
2022-08-03,718.4851684570312,12186210
2022-08-04,720.484130859375,9494810
2022-08-05,719.3074340820312,7580780
2022-08-08,723.0001220703125,9574820
2022-08-10,704.0147705078125,19065230
2022-08-11,720.710693359375,10270510
2022-08-12,719.770263671875,10369410
2022-08-16,717.475830078125,8044640
2022-08-17,741.2076416015625,23444140
2022-08-18,737.3820190429688,8353540
2022-08-19,719.011962890625,11004270
2022-08-22,699.3668212890625,10608620
2022-08-23,709.7557373046875,10886030
2022-08-24,706.7227172851562,9530960
2022-08-25,693.946044921875,13542960
2022-08-26,695.418212890625,7591390
2022-08-29,685.7925415039062,9967350
2022-08-30,719.4600219726562,17313810
2022-09-01,707.1560668945312,14625790
2022-09-02,708.047119140625,9063700
2022-09-05,708.6232299804688,7070250
2022-09-06,701.0556640625,7919050
2022-09-07,705.6986083984375,7919940
2022-09-08,714.67431640625,7722510
2022-09-09,707.11669921875,6496070
2022-09-12,717.5546264648438,8347160
2022-09-13,729.0315551757812,13827000
2022-09-14,736.9092407226562,14933880
2022-09-15,727.3427734375,7174200
2022-09-16,716.294189453125,11870360
2022-09-19,738.1549072265625,16481170
2022-09-20,751.8720703125,16134500
2022-09-21,757.3126220703125,12392620
2022-09-22,760.1585083007812,12810390
2022-09-23,739.2430419921875,14123310
2022-09-26,714.8564453125,18752050
2022-09-27,713.2169189453125,11428290
2022-09-28,709.24365234375,8690690
2022-09-29,699.6180419921875,9696320
2022-09-30,722.3650512695312,16186650
2022-10-03,706.2205200195312,8201980
2022-10-04,737.4262084960938,11914950
2022-10-06,729.1004028320312,15100600
2022-10-07,723.2906494140625,9911960
2022-10-10,718.19482421875,6531130
2022-10-11,709.273193359375,7322060
2022-10-12,711.5774536132812,7407310
2022-10-13,704.2362670898438,6086550
2022-10-14,716.13671875,8390120
2022-10-17,724.2802734375,6174010
2022-10-18,727.7465209960938,9069750
2022-10-19,726.7618408203125,6271770
2022-10-20,731.88232421875,10260540
2022-10-21,708.2835083007812,23869600
2022-10-24,709.6375122070312,2278840
2022-10-25,699.4358520507812,9098990
2022-10-27,686.4572143554688,16414580
2022-10-28,689.9775390625,8396690
2022-10-31,703.4927978515625,8189860
2022-11-01,709.9329223632812,7627420
2022-11-02,704.684326171875,5859140
2022-11-03,701.2772216796875,6323130
2022-11-04,710.1791381835938,9219250
2022-11-07,708.0176391601562,7224940
2022-11-09,703.4830322265625,6896340
2022-11-10,686.8511962890625,10081820
2022-11-11,694.3695068359375,12333420
2022-11-14,691.8436889648438,8550600
2022-11-15,691.8387451171875,7195210
2022-11-16,678.9684448242188,13362040
2022-11-17,678.9684448242188,7339440
2022-11-18,668.7716674804688,13276890
2022-11-21,657.703369140625,10717480
2022-11-22,658.289306640625,9587690
2022-11-23,667.6442260742188,8936670
2022-11-24,666.7875366210938,7546110
2022-11-25,664.4388427734375,8590580
2022-11-28,667.3881225585938,6040540
2022-11-29,663.124267578125,6818600
2022-11-30,661.824462890625,14828310
2022-12-01,664.4635009765625,9816160
2022-12-02,657.37353515625,14386020
2022-12-05,655.866943359375,10292500
2022-12-06,659.6187133789062,8409800
2022-12-07,652.3958129882812,9610270
2022-12-08,648.1369018554688,11377840
2022-12-09,641.7854614257812,11312920
2022-12-12,640.7072143554688,11000480
2022-12-13,651.8936157226562,9586360
2022-12-14,655.3500366210938,6782830
2022-12-15,652.4154663085938,8577060
2022-12-16,649.6090698242188,8802330
2022-12-19,658.4813232421875,6595590
2022-12-20,654.1337890625,6077160
2022-12-21,642.6962890625,6223900
2022-12-22,639.1464233398438,8497060
2022-12-23,627.71875,9943030
2022-12-26,633.5384521484375,5305350
2022-12-27,640.5299072265625,7810350
2022-12-28,637.713623046875,7559340
2022-12-29,641.1405029296875,5218800
2022-12-30,647.4722290039062,15202660
2023-01-02,645.3600463867188,5793400
2023-01-03,650.5297241210938,7420810
2023-01-04,647.0586547851562,6712530
2023-01-05,600.6832885742188,51023000
2023-01-06,588.9010620117188,29319220
2023-01-09,590.1763916015625,14005480
2023-01-10,581.392578125,11203750
2023-01-11,580.5654907226562,11088910
2023-01-12,580.8264770507812,14769490
2023-01-13,588.6450805664062,11084900
2023-01-16,591.904541015625,9083390
2023-01-17,589.3491821289062,8170050
2023-01-18,590.6983032226562,7962810
2023-01-19,592.0571899414062,5481420
2023-01-20,577.08447265625,8330900
2023-01-23,577.3405151367188,8560640
2023-01-24,576.5577392578125,6081450
2023-01-25,570.7330932617188,8278370
2023-01-27,567.2669067382812,16213520
2023-01-30,592.9778442382812,24481600
2023-01-31,579.6448364257812,19967880
2023-02-01,572.8305053710938,26348660
2023-02-02,563.0276489257812,20250440
2023-02-03,592.2344360351562,14868920
2023-02-06,601.0919189453125,10738200
2023-02-07,606.640869140625,14721930
2023-02-08,625.4588623046875,19032080
2023-02-09,635.6359252929688,18381540
2023-02-10,633.7156982421875,12912820
2023-02-13,624.8532104492188,7365570
2023-02-14,636.0001831054688,10340900
2023-02-15,639.0775146484375,6189790
2023-02-16,633.8929443359375,5290480
2023-02-17,631.8643798828125,6160440
2023-02-20,627.009765625,4657320
2023-02-21,628.1766357421875,4485090
2023-02-22,610.3926391601562,9347000
2023-02-23,610.7569580078125,8097680
2023-02-24,614.0951538085938,6077610
2023-02-27,609.9840087890625,5950040
2023-02-28,601.8699340820312,9778520
2023-03-01,606.0795288085938,5448040
2023-03-02,599.0043334960938,5822980
2023-03-03,600.6832885742188,7120370
2023-03-06,604.110107421875,6084770
2023-03-08,590.52099609375,13427950
2023-03-09,581.1119995117188,9408580
2023-03-10,578.4385375976562,7708610
2023-03-13,574.4404907226562,7933560
2023-03-14,564.396484375,13725650
2023-03-15,563.1359252929688,6794730
2023-03-16,562.7764892578125,8849630
2023-03-17,564.4751586914062,10471510
2023-03-20,546.5977172851562,17127560
2023-03-21,562.2841796875,11301140
2023-03-22,574.5045776367188,12425340
2023-03-23,574.3912963867188,10544190
2023-03-24,556.292236328125,12780420
2023-03-27,550.758056640625,11187430
2023-03-28,544.9876708984375,9481360
2023-03-29,553.9240112304688,11096120
2023-03-31,553.091796875,12678280
2023-04-03,562.771728515625,7453860
2023-04-05,567.3259887695312,24333290
2023-04-06,584.1548461914062,17405020
2023-04-10,573.9728393554688,9282570
2023-04-11,574.8541870117188,8116200
2023-04-12,576.7448120117188,10230690
2023-04-13,581.4222412109375,8330060
2023-04-17,587.0350952148438,6728570
2023-04-18,582.5250854492188,6408890
2023-04-19,585.68603515625,5549280
2023-04-20,582.234619140625,4367310
2023-04-21,584.7161254882812,6431010
2023-04-24,584.3074340820312,5448920
2023-04-25,598.2412109375,14944750
2023-04-26,596.3406982421875,9740070
2023-04-27,610.5304565429688,28271360
2023-04-28,618.4131469726562,14896680
2023-05-02,615.365478515625,9912540
2023-05-03,608.580810546875,6682510
2023-05-04,629.2598266601562,12451410
2023-05-05,629.2203979492188,11600400
2023-05-08,655.6207275390625,22247350
2023-05-09,645.2122802734375,21307700
2023-05-10,653.0161743164062,8353210
2023-05-11,656.162353515625,5674940
2023-05-12,661.179443359375,9120780
2023-05-15,660.97265625,7390760
2023-05-16,668.09228515625,12651330
2023-05-17,660.2587890625,7407850
2023-05-18,668.5648803710938,11067180
2023-05-19,668.0528564453125,5928340
2023-05-22,668.9242553710938,4197920
2023-05-23,667.6934204101562,7901960
2023-05-24,668.2251586914062,5539360
2023-05-25,673.6608276367188,5302600
2023-05-26,679.8989868164062,6940730
2023-05-29,682.6118774414062,6407280
2023-05-30,689.8742065429688,8819230
2023-05-31,688.3035278320312,21476270
2023-06-01,693.2911376953125,5900260
2023-06-02,691.6565551757812,6642090
2023-06-05,693.5570068359375,5771620
2023-06-06,700.5238647460938,6905860
2023-06-07,697.1758422851562,5344830
2023-06-08,690.297607421875,4553600
2023-06-09,692.9613647460938,4473610
2023-06-12,698.9237670898438,5132550
2023-06-13,705.7232055664062,8001340
2023-06-14,698.8400268554688,4015200
2023-06-15,701.76953125,4370180
2023-06-16,709.3125610351562,14148580
2023-06-19,727.3329467773438,11845900
2023-06-20,713.8028564453125,8638260
2023-06-21,709.60302734375,5468040
2023-06-22,692.2572021484375,8271940
2023-06-23,688.2838745117188,8152260
2023-06-26,689.1749877929688,5635390
2023-06-27,691.1986083984375,7097890
2023-06-28,698.185302734375,7097820
2023-06-30,708.11376953125,8879080
2023-07-03,725.1624755859375,12092270
2023-07-04,777.3221435546875,41622080
2023-07-05,775.17626953125,19786660
2023-07-06,768.0067749023438,10459840
2023-07-07,753.7764282226562,10949150
2023-07-10,744.96533203125,14515180
2023-07-11,736.139404296875,16750430
2023-07-12,734.9476928710938,11317550
2023-07-13,739.1654052734375,7470520
2023-07-14,739.9317626953125,7266000
2023-07-17,742.7599487304688,5067440
2023-07-18,733.7659912109375,13097090
2023-07-19,750.0531616210938,9759430
2023-07-20,751.22998046875,6494360
2023-07-21,749.761474609375,6733940
2023-07-24,749.7466430664062,5843420
2023-07-25,752.2041015625,8508690
2023-07-26,735.06640625,22288660
2023-07-27,720.3267822265625,21471720
2023-07-28,729.9685668945312,10070500
2023-07-31,721.9288330078125,7493150
2023-08-01,718.9027709960938,7527650
2023-08-02,712.3512573242188,8985360
2023-08-03,702.9468383789062,10818980
2023-08-04,706.9370727539062,7313490
2023-08-07,704.3114624023438,7184090
2023-08-08,709.3993530273438,8073620
2023-08-09,704.6278686523438,5115720
2023-08-10,706.4573974609375,6161300
2023-08-11,698.2247924804688,6303960
2023-08-14,694.0170288085938,6937850
2023-08-16,690.402587890625,5987950
2023-08-17,684.6422119140625,7101180
2023-08-18,678.5950317382812,7455330
2023-08-21,696.99853515625,12308310
2023-08-22,699.1494140625,12487800
2023-08-23,703.7478637695312,8032480
2023-08-24,705.8245239257812,9103600
2023-08-25,713.1473999023438,13032760
2023-08-28,715.5305786132812,7036260
2023-08-29,721.2415161132812,14183050
2023-08-30,718.7445068359375,4602680
2023-08-31,708.3511352539062,14129800
2023-09-01,723.936279296875,6760760
2023-09-04,718.9571533203125,5813630
2023-09-05,726.359130859375,12213530
2023-09-06,730.5817260742188,6051570
2023-09-07,728.1489868164062,5496220
2023-09-08,732.84130859375,6246420
2023-09-11,730.9624633789062,4068490
2023-09-12,734.8834228515625,9635170
2023-09-13,739.2939453125,5798460
2023-09-14,741.1134643554688,6503720
2023-09-15,740.9058227539062,7874940
2023-09-18,746.4882202148438,7066180
2023-09-20,745.533935546875,8441900
2023-09-21,740.11474609375,6757250
2023-09-22,738.843994140625,5263040
2023-09-25,773.3071899414062,23475330
2023-09-26,778.3308715820312,12468200
2023-09-27,775.0576171875,7441100
2023-09-28,765.31201171875,7775050
2023-09-29,772.4073486328125,5730050
2023-10-03,787.9182739257812,9445550
2023-10-04,776.6892700195312,11763840
2023-10-05,776.3778076171875,7950610
2023-10-06,807.7903442382812,21450340
2023-10-09,793.8616333007812,7478000
2023-10-10,799.3895874023438,9650240
2023-10-11,801.2042236328125,7123720
2023-10-12,792.5364379882812,7640920
2023-10-13,796.22998046875,6622820
2023-10-16,794.6823120117188,4382460
2023-10-17,800.3191528320312,8382830
2023-10-18,777.9254760742188,15446420
2023-10-19,775.4531860351562,10614530
2023-10-20,768.2984619140625,7711530
2023-10-23,771.2355346679688,8822300
2023-10-25,760.9063720703125,7087740
2023-10-26,733.9439697265625,13246300
2023-10-27,742.3892211914062,9119440
2023-10-30,741.9788208007812,7992760
2023-10-31,740.9503784179688,7494100
2023-11-01,738.8983764648438,4627780
2023-11-02,736.6436157226562,8550300
2023-11-03,732.9254150390625,11387550
2023-11-06,747.8133544921875,6340430
2023-11-07,741.2420654296875,15630070
2023-11-08,737.7166137695312,9167170
2023-11-09,730.472900390625,7717910
2023-11-10,736.2184448242188,4962610
2023-11-13,727.9166870117188,7322400
2023-11-15,714.4130859375,19234400
2023-11-16,728.0748291015625,45570430
2023-11-17,714.0867919921875,20800340
2023-11-20,699.015869140625,19029400
2023-11-21,702.4326171875,16662250
2023-11-22,704.9246215820312,10414040
2023-11-23,699.5153198242188,6061580
2023-11-24,694.2890014648438,7264990
2023-11-28,704.845458984375,7281580
2023-11-29,705.09765625,6824300
2023-11-30,704.2867431640625,12719340
2023-12-01,717.8792724609375,9004770
2023-12-04,732.544677734375,11014260
2023-12-05,726.8238525390625,15222420
2023-12-06,734.4680786132812,7018000
2023-12-07,730.9179077148438,6688620
2023-12-08,722.6506958007812,11443880
2023-12-11,721.1822509765625,5900550
2023-12-12,723.3380126953125,6333120
2023-12-13,717.7457275390625,6829550
2023-12-14,739.1257934570312,17295670
2023-12-15,743.16552734375,11739380
2023-12-18,750.3400268554688,10827980
2023-12-19,754.7949829101562,7914080
2023-12-20,741.0789184570312,8745460
2023-12-21,728.5396728515625,9130820
2023-12-22,721.4343872070312,11294850
2023-12-26,708.281982421875,12258440
2023-12-27,715.2537231445312,16052790
2023-12-28,717.8099975585938,18560640
2023-12-29,724.6433715820312,9128020
2024-01-01,721.8052368164062,3314890
2024-01-02,734.759765625,11129900
2024-01-03,730.2850341796875,5534050
2024-01-04,762.0040893554688,29118790
2024-01-05,762.557861328125,10526010
2024-01-08,765.0152587890625,11212090
2024-01-09,763.9719848632812,12470830
2024-01-10,759.5318603515625,5590720
2024-01-11,758.4638671875,6517410
2024-01-12,757.6034545898438,8086380
2024-01-15,739.5015869140625,9972200
2024-01-16,737.3903198242188,11947230
2024-01-17,727.7188110351562,13802710
2024-01-18,718.4923706054688,16869960
2024-01-19,723.7879028320312,8308100
2024-01-23,699.2235717773438,25332970
2024-01-24,697.7007446289062,20636750
2024-01-25,700.6871948242188,11683490
2024-01-29,711.184326171875,18603610
2024-01-30,674.1549072265625,41531470
2024-01-31,678.6741943359375,18105120
2024-02-01,666.8469848632812,19111370
2024-02-02,677.2304077148438,13675080
2024-02-05,653.48681640625,17712220
2024-02-06,652.4929809570312,24395330
2024-02-07,663.4747314453125,15382370
2024-02-08,650.2680053710938,21932090
2024-02-09,658.0654296875,12098740
2024-02-12,649.6251220703125,5447840
2024-02-13,653.036865234375,9480140
2024-02-14,657.2743530273438,6361260
2024-02-15,654.5944213867188,8808590
2024-02-16,654.5745849609375,10294310
2024-02-19,663.8307495117188,13158810
2024-02-20,668.8543701171875,11067090
2024-02-21,661.4573974609375,8549440
2024-02-22,660.0877685546875,10223740
2024-02-23,662.3523559570312,12803110
2024-02-26,656.9529418945312,8920560
2024-02-27,648.3494873046875,11503060
2024-02-28,642.6583251953125,5353210
2024-02-29,642.3270874023438,16990980
2024-03-01,649.8526000976562,9190800
2024-03-04,652.918212890625,3971180
2024-03-05,625.4069213867188,17175580
2024-03-06,624.1212768554688,21047920
2024-03-07,634.9794921875,14694210
2024-03-11,636.2354125976562,12039710
2024-03-12,636.4628295898438,10946770
2024-03-13,638.4506225585938,11321830
2024-03-14,632.6456909179688,12198650
2024-03-15,644.2059936523438,19705000
2024-03-18,643.2467651367188,6764250
2024-03-19,652.3050537109375,14080870
2024-03-20,657.5709838867188,14908310
2024-03-21,664.1224975585938,18060920
2024-03-22,668.5874633789062,11252380
2024-03-26,683.3418579101562,18503210
2024-03-27,694.4818725585938,15512750
2024-03-28,716.4849243164062,35745180
2024-04-01,717.0485229492188,11252380
2024-04-02,712.7418823242188,9676150
2024-04-03,722.8138427734375,9589430
2024-04-04,720.2575073242188,10405890
2024-04-05,709.6021118164062,12004940
2024-04-08,709.888916015625,5182100
2024-04-09,711.3771362304688,7102810
2024-04-10,715.0015258789062,5679860
2024-04-12,714.932373046875,10925880
2024-04-15,699.7724609375,7584480
2024-04-16,687.707763671875,9632930
2024-04-18,681.6705932617188,13851330
2024-04-19,704.0494384765625,12183750
2024-04-22,721.1277465820312,11652720
2024-04-23,717.93359375,10815670
2024-04-24,724.78173828125,8869290
2024-04-25,721.394775390625,11733540
2024-04-26,665.6503295898438,58147230
2024-04-29,675.08447265625,16810300
2024-04-30,684.6718139648438,17986750
2024-05-02,680.6322631835938,11395720
2024-05-03,685.4580688476562,68186010
2024-05-06,678.37255859375,12299880
2024-05-07,679.6284790039062,12981260
2024-05-08,672.3995971679688,7259250
2024-05-09,653.1852416992188,13811150
2024-05-10,660.99755859375,8249080
2024-05-13,664.419189453125,5122560
2024-05-14,660.1619262695312,7558400
2024-05-15,660.587158203125,5950590
2024-05-16,667.2276611328125,10598510
2024-05-17,665.2745971679688,4801580
2024-05-21,666.8023681640625,7616240
2024-05-22,666.9705200195312,4160460
2024-05-23,675.08935546875,7093170
2024-05-24,676.10302734375,7420430
2024-05-27,681.89794921875,6554710
2024-05-28,679.6779174804688,7528670
2024-05-29,673.1165161132812,7213310
2024-05-30,654.302734375,11555750
2024-05-31,662.3375854492188,28417330
2024-06-03,683.8807373046875,11482120
2024-06-04,643.7313232421875,32993870
2024-06-05,676.0783081054688,12185170
2024-06-06,684.8944091796875,14657160
2024-06-07,711.1596069335938,29840520
2024-06-10,701.0184936523438,8723180
2024-06-11,705.8887939453125,12052130
2024-06-12,713.7654418945312,12685080
2024-06-13,721.3997802734375,13454950
2024-06-14,726.0081176757812,11874880
2024-06-18,725.3306274414062,9469040
2024-06-19,715.367431640625,5204000
2024-06-20,712.7122192382812,9001580
2024-06-21,709.0497436523438,14998180
2024-06-24,703.8419189453125,6356540
2024-06-25,703.1064453125,15608110
2024-06-26,711.4301147460938,9125520
2024-06-27,712.2798461914062,11376060
2024-06-28,707.1912841796875,8295840
2024-07-01,723.21240234375,7727450
2024-07-02,712.1655883789062,12810270
2024-07-03,721.4284057617188,8363930
2024-07-04,706.3464965820312,18979770
2024-07-05,709.4224853515625,9310790
2024-07-08,705.4718627929688,6777050
2024-07-09,702.4703979492188,9735030
2024-07-10,701.16845703125,8097140
2024-07-11,690.7676391601562,9718010
2024-07-12,696.134521484375,10688330
2024-07-15,702.0430297851562,5333730
2024-07-16,701.5808715820312,5582000
2024-07-18,706.6396484375,8646050
2024-07-19,688.9786376953125,9385980
2024-07-22,684.203125,5751930
2024-07-23,668.5845336914062,19322120
2024-07-24,656.6630859375,31006260
2024-07-25,660.6981811523438,9509650
2024-07-26,674.81103515625,11101840
2024-07-29,677.0671997070312,7485650
2024-07-30,678.17529296875,11794130
2024-07-31,676.5205688476562,8896590
2024-08-01,673.0121459960938,8395230
2024-08-02,668.3757934570312,6222180
2024-08-05,655.6244506835938,9440410
2024-08-06,649.8252563476562,8918280
2024-08-07,659.6447143554688,4642840
2024-08-08,654.1832885742188,6903890
2024-08-09,657.7612915039062,6994900
2024-08-12,656.762451171875,6748870
2024-08-13,642.5402221679688,10723270
2024-08-14,641.8892211914062,7742760
2024-08-16,655.0480346679688,7534190
2024-08-19,657.577392578125,5287300
2024-08-20,668.0974731445312,9571590
2024-08-21,669.4044189453125,6331110
2024-08-22,670.224365234375,7282600
2024-08-23,669.4541625976562,6180450
2024-08-26,673.6781005859375,8983430
2024-08-27,682.1507568359375,20359020
2024-08-28,685.7684936523438,8489860
2024-08-29,702.0231323242188,26391590
2024-08-30,715.5994262695312,20443670
2024-09-02,739.4423217773438,22963780
2024-09-03,730.8701782226562,18986560
2024-09-04,725.4734497070312,8867460
2024-09-05,720.0469360351562,6734470
2024-09-06,727.2276611328125,18428270
2024-09-09,730.2390747070312,8789380
2024-09-10,719.7438354492188,13089320
2024-09-11,730.0502319335938,11048900
2024-09-12,738.2744750976562,14467640
2024-09-13,755.1900634765625,22084380
2024-09-16,730.0701293945312,26795550
2024-09-17,732.0330200195312,15677860
2024-09-18,758.4300537109375,29749930
2024-09-19,754.3800659179688,17206440
2024-09-20,753.594970703125,16450040
2024-09-23,754.8521728515625,5734970
2024-09-24,750.7872924804688,10695400
2024-09-25,757.7145385742188,12720380
2024-09-26,772.075927734375,16681650
2024-09-27,770.8434448242188,11781310
2024-09-30,765.5759887695312,9619520
2024-10-01,765.5759887695312,7882880
2024-10-03,738.8260498046875,10406620
2024-10-04,716.7125244140625,17681110
2024-10-07,722.4818725585938,9362270
2024-10-08,714.2874755859375,9038050
2024-10-09,725.5678100585938,10543750
2024-10-10,727.4810791015625,5594270
2024-10-11,725.721923828125,3615870
2024-10-14,716.4590454101562,4451810
2024-10-15,697.3867797851562,14855670
2024-10-16,691.368896484375,11256980
2024-10-17,685.7188110351562,6897550
2024-10-18,685.7237548828125,7449290
2024-10-21,673.9315185546875,22099660
2024-10-22,663.6946411132812,17006190
2024-10-23,695.2897338867188,26373910
2024-10-24,699.7720947265625,8951250
2024-10-25,686.7772216796875,10223240
2024-10-28,686.896484375,7149810
2024-10-29,697.943359375,14097500
2024-10-30,691.2347412109375,5660440
2024-10-31,684.749755859375,7301530
2024-11-01,688.1139526367188,450110
2024-11-04,680.1729736328125,7162390
2024-11-05,688.7847900390625,12234300
2024-11-06,696.3233032226562,6962620
2024-11-07,686.2157592773438,4590470
2024-11-08,685.3659057617188,4248400
2024-11-11,673.7228393554688,7623160
2024-11-12,659.7490234375,10572330
2024-11-13,652.5732421875,8673470
2024-11-14,650.8986206054688,5277030
2024-11-18,652.76708984375,5965350
2024-11-19,655.4853515625,8040460
2024-11-21,642.599853515625,11010800
2024-11-22,664.2960205078125,9698550
2024-11-25,664.4400024414062,11327510
2024-11-26,657.7364501953125,6632780
2024-11-27,666.4078979492188,6420100
2024-11-28,646.947998046875,15768820
2024-11-29,653.5572509765625,7096430
2024-12-02,660.9863891601562,9202490
2024-12-03,663.451171875,13136660
2024-12-04,669.8665771484375,11304410
2024-12-05,680.8388671875,13482430
2024-12-06,680.8289184570312,8332070
2024-12-09,682.6228637695312,8409100
2024-12-10,689.3662719726562,12045630
2024-12-11,707.1465454101562,19931040
2024-12-12,708.2100219726562,9667960
2024-12-13,713.8750610351562,12504360
2024-12-16,716.4193115234375,7960740
2024-12-17,710.8934326171875,10318560
2024-12-18,703.1064453125,7275140
2024-12-19,687.612060546875,9076750
2024-12-20,680.6251831054688,27000190
2024-12-23,682.4588623046875,5829280
2024-12-24,676.644775390625,6014270
2024-12-26,677.3951416015625,3290960
2024-12-27,686.5387573242188,5554180
2024-12-30,684.6007080078125,4908760
2024-12-31,678.1156616210938,6153980
2025-01-01,689.27685546875,4187210
2025-01-02,734.388427734375,31716510
2025-01-03,736.182373046875,15059280
2025-01-06,730.4279174804688,19059760
2025-01-07,730.8850708007812,10425380
2025-01-08,731.0291748046875,8444660
2025-01-09,723.281982421875,6681410
2025-01-10,724.33544921875,8089630
2025-01-13,710.7095336914062,6642740
2025-01-14,729.0016479492188,9980110
2025-01-15,713.3383178710938,6817500
2025-01-16,721.5228271484375,8608490
2025-01-17,713.8054809570312,6652740
2025-01-20,739.447265625,10679710
2025-01-21,724.6932373046875,10032060
2025-01-22,735.1785888671875,7273680
2025-01-23,739.7603149414062,10302950
2025-01-24,739.2981567382812,6796870
2025-01-27,725.0709228515625,6928100
2025-01-28,755.9951171875,24789330
2025-01-29,771.206298828125,15149200
2025-01-30,785.3191528320312,56488830
2025-01-31,783.67431640625,18335460
2025-02-01,795.1038208007812,16153780
2025-02-03,837.4127197265625,43369260
2025-02-04,842.3373413085938,19663000
2025-02-05,845.7264404296875,18674930
2025-02-06,845.5127563476562,17094730
2025-02-07,842.22802734375,9665400
2025-02-10,823.5979614257812,12438380
2025-02-11,814.0966186523438,9630590
2025-02-12,816.36767578125,14837310
2025-02-13,835.7431030273438,18003130
2025-02-14,834.083251953125,8633150
2025-02-17,837.4922485351562,8627990
2025-02-18,841.398193359375,8689770
2025-02-19,838.7693481445312,8961980
2025-02-20,834.7938842773438,7900700
2025-02-21,834.5205688476562,6086470
2025-02-24,830.3711547851562,3552600
2025-02-25,843.674072265625,10985410
2025-02-27,865.2012329101562,18382830
2025-02-28,847.7987060546875,17545800
2025-03-03,857.4938354492188,8749960
2025-03-04,853.3295288085938,7655060
2025-03-05,824.7806396484375,16300920
2025-03-06,835.9269409179688,8814220
2025-03-07,835.2958374023438,4729460
2025-03-10,829.143798828125,10164530
2025-03-11,828.9300537109375,8135670
2025-03-12,843.2417602539062,20882230
2025-03-13,836.8809814453125,12173510
2025-03-17,852.7728881835938,11020850
2025-03-18,852.7728881835938,0
2025-03-19,867.80517578125,12898200
2025-03-20,862.64208984375,7924330
2025-03-21,886.1420288085938,27448010
2025-03-24,903.430419921875,14332170
2025-03-25,901.1643676757812,17482600
2025-03-26,881.167724609375,8862110
2025-03-27,894.86328125,20920440
2025-03-28,889.0739135742188,9770990
2025-04-01,864.4857177734375,11834240
2025-04-02,861.6083984375,6464950
2025-04-03,854.1892700195312,13966330
2025-04-04,866.5380249023438,18496580
2025-04-07,851.5455322265625,13981240
2025-04-08,876.8145751953125,14775630
2025-04-09,868.2225952148438,10487740
2025-04-11,886.6389770507812,10097220
2025-04-15,908.4940795898438,12633610
2025-04-16,900.095947265625,7198220
2025-04-17,910.6309204101562,11415130
2025-04-21,921.662841796875,7824150
2025-04-22,920.3707885742188,11293580
2025-04-23,926.58251953125,10818710
2025-04-24,924.39599609375,18496710
2025-04-25,905.6119384765625,10893540
2025-04-28,903.7235717773438,9946560
2025-04-29,903.7235717773438,11768180
2025-04-30,858.15478515625,39690570
2025-05-02,881.4112548828125,18933030
2025-05-05,887.7223510742188,8930610
2025-05-06,874.3547973632812,12040870
2025-05-07,893.138916015625,11635570
2025-05-08,877.8333129882812,12018090
2025-05-09,859.9691162109375,12151340
2025-05-12,897.5386352539062,10638220
2025-05-13,899.87744140625,13363000
2025-05-14,903.7587890625,7594000
2025-05-15,914.4573974609375,10385000
2025-05-16,912.3176879882812,6251920
2025-05-19,921.1253662109375,7162740
2025-05-20,903.5597534179688,8106160
2025-05-21,915.3530883789062,7321500
2025-05-22,909.5310668945312,6159740
2025-05-23,919.9310913085938,4251690
2025-05-26,922.5186767578125,5476790
2025-05-27,912.7157592773438,7150000
2025-05-28,922.3196411132812,6507400
2025-05-29,916.0,7081750
2025-05-30,918.0499877929688,15041740
2025-06-02,911.8499755859375,6619630
2025-06-03,897.9000244140625,9080270
2025-06-04,898.7000122070312,5544930
2025-06-05,893.4000244140625,7853320
2025-06-06,937.1500244140625,19783860
2025-06-09,960.75,23496010
2025-06-10,949.75,9044040
2025-06-11,942.5,11860810
2025-06-12,936.8499755859375,12388330
2025-06-13,933.0999755859375,10182020
2025-06-16,938.0,7016290
2025-06-17,923.0,6110175
2025-06-18,919.0,5002923
2025-06-19,900.5,6585940
2025-06-20,905.0,14320241
2025-06-23,915.5,5870597
2025-06-24,916.5,11555634
2025-06-25,928.0,6623799
2025-06-26,951.5,11677790
2025-06-27,947.0,21637194
2025-06-30,936.5,6086081
2025-07-01,936.6500244140625,5381327
2025-07-02,923.0,9394493
2025-07-03,910.1500244140625,7606558
2025-07-04,925.2999877929688,10613046
2025-07-07,924.6500244140625,3383973
2025-07-08,927.6500244140625,3851432
2025-07-09,940.5999755859375,5341529
2025-07-10,947.6500244140625,5409906
2025-07-11,933.5,4278038
2025-07-14,918.8499755859375,6657978
2025-07-15,928.4000244140625,3892075
2025-07-16,921.75,3952491
2025-07-17,923.2999877929688,4583882
2025-07-18,942.0,7893820
2025-07-21,948.4500122070312,4660232
2025-07-22,952.5499877929688,6237382
2025-07-23,968.2999877929688,9694991
2025-07-24,958.9500122070312,5189112
2025-07-25,913.75,24415481
2025-07-28,880.5,14011284
2025-07-29,886.5499877929688,11323854
2025-07-30,884.8499755859375,5054496
2025-07-31,881.2000122070312,6999179
2025-08-01,875.5999755859375,5300299
2025-08-04,885.2999877929688,3969985
2025-08-05,891.9000244140625,4446791
2025-08-06,876.6500244140625,4212648
2025-08-07,879.0999755859375,5998002
2025-08-08,877.1500244140625,3736916
2025-08-11,877.7999877929688,5367926
2025-08-12,853.0,8257312
2025-08-13,860.0,10117225
2025-08-14,861.4500122070312,5379250
2025-08-18,905.2000122070312,16277779
2025-08-19,902.2999877929688,5764382
2025-08-20,887.7999877929688,5561646
2025-08-21,895.5999755859375,6697533
2025-08-22,894.5,6424895
2025-08-25,900.7999877929688,5837876
2025-08-26,876.25,6712926
2025-08-28,876.8499755859375,8349342
2025-08-29,877.8499755859375,5672446
2025-09-01,889.3499755859375,4101526
2025-09-02,890.0999755859375,6103185
2025-09-03,896.2999877929688,5493809
2025-09-04,934.75,21738706
2025-09-05,937.5999755859375,5467260
2025-09-08,944.2999877929688,5657331
2025-09-09,948.4000244140625,5417393
2025-09-10,967.9500122070312,6836239
2025-09-11,970.25,5982627
2025-09-12,1003.25,11412561
2025-09-15,1009.8499755859375,9989753
2025-09-16,1003.25,7602155
2025-09-17,1007.5,6995023
2025-09-18,996.5,9738376
2025-09-19,992.4500122070312,6736440
2025-09-22,1006.5,4250045
2025-09-23,1025.5,10230040
2025-09-24,1029.75,6433184
2025-09-25,1012.75,16731453
2025-09-26,985.0999755859375,9109737
2025-09-29,990.9500122070312,5804877
2025-09-30,998.9000244140625,7182200
2025-10-01,987.7000122070312,6932272
2025-10-03,989.75,7692197
2025-10-06,1008.9000244140625,9299635
2025-10-07,1016.5499877929688,7991437
2025-10-08,1023.1500244140625,4448915
2025-10-09,1024.0999755859375,4444154
2025-10-10,1023.8499755859375,3714548
2025-10-13,1036.75,7684523
2025-10-14,1019.1500244140625,7668358
2025-10-15,1059.9000244140625,10205158
2025-10-16,1065.75,9901992
2025-10-17,1070.0999755859375,5761670
2025-10-20,1081.0,5700858
2025-10-21,1086.5,911624
2025-10-23,1094.1500244140625,11143407
2025-10-24,1089.75,6440277
2025-10-27,1084.4000244140625,7366175
2025-10-28,1072.75,12324341
2025-10-29,1062.949951171875,5386803
2025-10-30,1052.300048828125,4271927
2025-10-31,1042.800048828125,5315632
2025-11-03,1043.0999755859375,4135617
2025-11-04,1057.0,6202540
2025-11-06,1041.9000244140625,5776277
2025-11-07,1066.5999755859375,6940923
2025-11-10,1085.0,5692236
2025-11-11,1005.2000122070312,23762890
2025-11-12,1013.2000122070312,11131278
2025-11-13,1005.4000244140625,8503994
2025-11-14,1018.5,4381122
2025-11-17,1026.800048828125,6011603
2025-11-18,1013.5999755859375,4562185
2025-11-19,1005.5999755859375,5158832
2025-11-20,1028.5999755859375,5459073
2025-11-21,1004.0999755859375,6304584
2025-11-24,994.0,9574900
2025-11-25,986.2000122070312,6376983
2025-11-26,1010.7000122070312,9772235
2025-11-27,1033.800048828125,12076038
2025-11-28,1037.5,4983147
2025-12-01,1021.0999755859375,6459837
2025-12-02,1025.5,6706145
2025-12-03,1021.4000244140625,5895670
2025-12-04,1029.0999755859375,5404918
2025-12-05,1048.0,13123572
2025-12-08,1026.4000244140625,5189635
2025-12-09,1016.7000122070312,5968501
2025-12-10,1010.2999877929688,4990527
2025-12-11,1006.4000244140625,4670539
2025-12-12,1017.2999877929688,4381711
2025-12-15,1012.7000122070312,3958977
2025-12-16,998.4000244140625,3861617
2025-12-17,999.5999755859375,4695550
2025-12-18,1000.2999877929688,3103997
2025-12-19,1008.2999877929688,5126009
2025-12-22,1007.7999877929688,3921237
2025-12-23,1011.4000244140625,4712043
2025-12-24,1011.7000122070312,5984816
2025-12-26,1000.0,5211460
2025-12-29,998.0,6715489
2025-12-30,989.2999877929688,7473887
2025-12-31,986.7999877929688,9895270
2026-01-01,973.0999755859375,7118751
2026-01-02,990.4500122070312,6206869
2026-01-05,978.75,10564157
2026-01-06,977.3499755859375,8380183
2026-01-07,968.7999877929688,7048491
2026-01-08,971.9500122070312,4410256
2026-01-09,959.5999755859375,7598970
2026-01-12,951.9000244140625,5640136
2026-01-13,949.0,6765116
2026-01-14,945.9500122070312,4452202
2026-01-15,945.9500122070312,0
2026-01-16,950.25,10710080
2026-01-19,969.4500122070312,7000442
2026-01-20,933.2000122070312,9001207
2026-01-21,936.25,5375254
2026-01-22,942.8499755859375,5518756
2026-01-23,927.8499755859375,6535035
2026-01-27,914.7000122070312,15312488
2026-01-28,935.1500244140625,6046468
2026-01-29,935.1500244140625,6430445
2026-01-30,929.8499755859375,10151379
2026-02-02,903.7000122070312,11874989
2026-02-03,964.4000244140625,15261370
2026-02-04,963.2999877929688,17489015
2026-02-05,964.75,6020258
2026-02-06,981.7000122070312,13742927
2026-02-09,983.1500244140625,4852548
2026-02-10,965.5999755859375,6166752
2026-02-11,968.9500122070312,3597342
2026-02-12,999.0999755859375,10346853
2026-02-13,1024.75,21613987
2026-02-16,1012.75,4460636
2026-02-17,1014.1500244140625,2913899
2026-02-18,1023.7999877929688,4929647
2026-02-19,1017.0499877929688,9866245
2026-02-20,1030.199951171875,6922705
2026-02-23,1031.0,9452225
