date,adj_close,volume
2015-01-01,308.0735778808594,2460188
2015-01-02,309.8987121582031,2795887
2015-01-05,303.0224304199219,1605267
2015-01-06,300.6455078125,3916948
2015-01-07,301.36700439453125,4899318
2015-01-08,306.5880126953125,7096620
2015-01-09,302.0462341308594,3831782
2015-01-12,296.2311096191406,2276975
2015-01-13,293.9814147949219,1604173
2015-01-14,293.5569763183594,3415213
2015-01-15,296.5706481933594,4966049
2015-01-16,291.052734375,9779165
2015-01-19,297.5045166015625,3385131
2015-01-20,301.2821960449219,2891041
2015-01-21,313.2519836425781,5052826
2015-01-22,314.1009521484375,2502844
2015-01-23,326.0706787109375,6269436
2015-01-27,334.6447448730469,5268554
2015-01-28,317.15704345703125,4490563
2015-01-29,319.02459716796875,7542171
2015-01-30,317.24188232421875,5409140
2015-02-02,305.0174560546875,4157252
2015-02-03,315.4167175292969,4242370
2015-02-04,313.20947265625,5535031
2015-02-05,309.6015930175781,8259274
2015-02-06,312.61529541015625,3318996
2015-02-09,302.3009033203125,3030260
2015-02-10,302.3433837890625,6847286
2015-02-11,302.3009033203125,3489433
2015-02-12,299.41455078125,4361948
2015-02-13,301.36700439453125,3377769
2015-02-16,306.7576904296875,2355833
2015-02-18,298.8203125,3408770
2015-02-19,302.81024169921875,3057263
2015-02-20,296.5706481933594,4072136
2015-02-23,294.8304138183594,2410807
2015-02-24,290.37353515625,7390936
2015-02-25,295.9339904785156,2882686
2015-02-26,296.5706481933594,4571845
2015-02-27,301.536865234375,3711112
2015-03-02,296.3160095214844,4619840
2015-03-03,296.4858093261719,2293482
2015-03-04,298.18359375,3694564
2015-03-05,295.3397521972656,3879220
2015-03-09,291.56201171875,3823862
2015-03-10,312.3606262207031,12896222
2015-03-11,330.69732666015625,14318713
2015-03-12,337.7008972167969,18411651
2015-03-13,339.78076171875,12653947
2015-03-16,329.7210693359375,15605904
2015-03-17,328.1505432128906,13158523
2015-03-18,324.5001525878906,4777244
2015-03-19,324.2454833984375,4636137
2015-03-20,322.8023376464844,7256601
2015-03-23,325.34912109375,3546841
2015-03-24,334.34771728515625,8101985
2015-03-25,335.32391357421875,11374656
2015-03-26,339.27142333984375,12656646
2015-03-27,319.618896484375,9357286
2015-03-30,330.5699157714844,5166621
2015-03-31,333.8807678222656,6709861
2015-04-01,341.52105712890625,6096908
2015-04-06,340.2476806640625,4825167
2015-04-07,343.60089111328125,4691848
2015-04-08,355.8253479003906,6392808
2015-04-09,345.6807861328125,5176227
2015-04-10,349.713134765625,5103339
2015-04-13,361.38580322265625,4307880
2015-04-15,352.4296569824219,3883730
2015-04-16,354.84912109375,3429760
2015-04-17,344.61962890625,6165372
2015-04-20,341.52105712890625,3642501
2015-04-21,338.1253967285156,4315761
2015-04-22,339.0592346191406,4659581
2015-04-23,339.44110107421875,6374398
2015-04-24,338.8470153808594,8213565
2015-04-27,331.92828369140625,16825758
2015-04-28,340.2052001953125,5756976
2015-04-29,328.82965087890625,12480808
2015-04-30,323.5239562988281,9124401
2015-05-04,333.5412292480469,5025010
2015-05-05,328.57501220703125,2710648
2015-05-06,331.2491149902344,15076384
2015-05-07,334.1778259277344,8782001
2015-05-08,337.8282470703125,6371723
2015-05-11,336.34259033203125,4799566
2015-05-12,332.3951416015625,6930590
2015-05-13,324.75482177734375,6440531
2015-05-14,327.6836853027344,5484794
2015-05-15,332.7772216796875,4322623
2015-05-18,337.4037780761719,4866514
2015-05-19,337.8706970214844,6042689
2015-05-20,340.0354309082031,5645720
2015-05-21,336.5548400878906,2829064
2015-05-22,335.239013671875,3589617
2015-05-25,339.483642578125,5979086
2015-05-26,340.0354309082031,6978361
2015-05-27,346.99664306640625,5615442
2015-05-28,342.11529541015625,8018965
2015-05-29,361.30096435546875,75197864
2015-06-01,353.66064453125,4727277
2015-06-02,354.9340515136719,4759119
2015-06-03,357.1412048339844,4054895
2015-06-04,353.4908447265625,3630919
2015-06-05,352.81170654296875,5527337
2015-06-08,348.524658203125,3158812
2015-06-09,346.3174743652344,3013310
2015-06-10,352.3448181152344,3796042
2015-06-11,348.524658203125,3434353
2015-06-12,352.1325988769531,2529220
2015-06-15,351.15625,2604882
2015-06-16,351.7081604003906,4285319
2015-06-17,358.4994812011719,4864718
2015-06-18,362.02252197265625,6872461
2015-06-19,368.431884765625,3747410
2015-06-22,360.3670959472656,4135774
2015-06-23,365.29083251953125,5811630
2015-06-24,360.7491455078125,2864319
2015-06-25,362.2347717285156,4373706
2015-06-26,354.806640625,2623558
2015-06-29,351.3685607910156,3194613
2015-06-30,356.58941650390625,5214359
2015-07-01,360.3246765136719,3142082
2015-07-02,367.7102966308594,4975741
2015-07-03,369.3656311035156,3975749
2015-07-06,367.6678161621094,2229083
2015-07-07,366.606689453125,1311090
2015-07-08,365.29083251953125,3088205
2015-07-09,368.3469543457031,6238280
2015-07-10,355.95269775390625,5725932
2015-07-13,359.68792724609375,2771223
2015-07-14,358.4994812011719,1532422
2015-07-15,359.05126953125,2387269
2015-07-16,360.4944763183594,2347739
2015-07-17,361.51318359375,3436416
2015-07-20,364.5693359375,2266929
2015-07-21,377.98223876953125,6657689
2015-07-22,373.0160217285156,3125401
2015-07-23,367.498046875,2619973
2015-07-24,368.3469543457031,2156436
2015-07-27,354.806640625,2565851
2015-07-28,348.0578308105469,3535491
2015-07-29,354.552001953125,3834817
2015-07-30,353.9577941894531,3646699
2015-07-31,355.5282897949219,3222836
2015-08-03,355.6131286621094,1546763
2015-08-04,350.8167419433594,5116932
2015-08-05,354.46710205078125,6127568
2015-08-06,352.3023681640625,4021215
2015-08-07,349.416015625,4145596
2015-08-10,348.2275390625,2977050
2015-08-11,343.685791015625,3210336
2015-08-12,338.4649353027344,4155754
2015-08-13,328.4940490722656,7871377
2015-08-14,337.2868347167969,3612439
2015-08-17,333.1038513183594,1642969
2015-08-18,329.13427734375,1956234
2015-08-19,326.57330322265625,4410748
2015-08-20,324.3963623046875,4434974
2015-08-21,315.4754638671875,6592108
2015-08-24,297.33489990234375,7423096
2015-08-25,297.3775939941406,8827955
2015-08-26,289.56640625,7620596
2015-08-27,296.4812316894531,8545234
2015-08-28,309.4570617675781,6812371
2015-08-31,302.45697021484375,8370962
2015-09-01,294.8592224121094,4459476
2015-09-02,293.0238342285156,7030063
2015-09-03,296.0116882324219,3675760
2015-09-04,298.7861633300781,5305451
2015-09-07,296.3104248046875,2898337
2015-09-08,296.8653564453125,3089268
2015-09-09,302.627685546875,6374276
2015-09-10,299.1702575683594,3357167
2015-09-11,297.6763916015625,3354447
2015-09-14,302.3289489746094,2811019
2015-09-15,299.63983154296875,2361340
2015-09-16,306.8960876464844,2974270
2015-09-18,304.6764831542969,6783352
2015-09-21,300.74957275390625,2792725
2015-09-22,293.4933166503906,4558449
2015-09-23,288.4566345214844,4087837
2015-09-24,284.2309875488281,9967481
2015-09-28,279.66387939453125,5295350
2015-09-29,275.4381103515625,7126332
2015-09-30,288.4139709472656,7251836
2015-10-01,289.7799072265625,5093796
2015-10-05,295.5848388671875,5969834
2015-10-06,297.8044128417969,4610836
2015-10-07,292.51165771484375,3635620
2015-10-08,291.57257080078125,4770259
2015-10-09,296.7373352050781,5548083
2015-10-12,298.3593444824219,2441453
2015-10-13,294.90191650390625,2590061
2015-10-14,295.62750244140625,3464048
2015-10-15,299.8531799316406,5514188
2015-10-16,298.4873962402344,4598180
2015-10-19,310.4814453125,4334115
2015-10-20,308.90216064453125,2588064
2015-10-21,317.1401672363281,4434717
2015-10-23,306.5545654296875,4452331
2015-10-26,300.66424560546875,7353435
2015-10-27,301.04840087890625,2855148
2015-10-28,305.8716125488281,3806874
2015-10-29,303.3959655761719,4560952
2015-10-30,297.97515869140625,3988476
2015-11-02,298.9141540527344,2857066
2015-11-03,296.7799987792969,1670964
2015-11-04,295.7129211425781,2412413
2015-11-05,287.30419921875,3467567
2015-11-06,289.56640625,3373067
2015-11-09,286.19439697265625,3630757
2015-11-10,283.1211853027344,2421896
2015-11-13,285.04193115234375,2780378
2015-11-16,286.62127685546875,2697681
2015-11-17,285.5541687011719,2173068
2015-11-18,285.08465576171875,2486993
2015-11-19,289.8652648925781,1983013
2015-11-20,291.4018249511719,2315668
2015-11-23,289.3957214355469,2146374
2015-11-24,291.57257080078125,2882252
2015-11-26,292.0848388671875,8126680
2015-11-27,292.1274719238281,1460049
2015-11-30,285.42608642578125,7110699
2015-12-01,275.52349853515625,9058372
2015-12-02,275.6515197753906,6804758
2015-12-03,272.7917175292969,4408535
2015-12-04,274.2856140136719,2941586
2015-12-07,273.26123046875,2685214
2015-12-08,271.34051513671875,4590607
2015-12-09,265.3647155761719,5188413
2015-12-10,266.9013671875,2341048
2015-12-11,264.2549743652344,2355955
2015-12-14,261.3525085449219,3826300
2015-12-15,263.9561767578125,2623471
2015-12-16,273.4747314453125,4587498
2015-12-17,275.2247009277344,4000133
2015-12-18,272.3648986816406,4544383
2015-12-21,273.9442138671875,3305363
2015-12-22,275.90765380859375,3705221
2015-12-23,283.71881103515625,3980119
2015-12-24,288.9261779785156,2858615
2015-12-28,283.2065734863281,3336594
2015-12-29,286.19439697265625,2788729
2015-12-30,284.35906982421875,1726114
2015-12-31,290.5909118652344,3275719
2016-01-01,290.67626953125,1387248
2016-01-04,278.98089599609375,3498169
2016-01-05,276.12103271484375,2351113
2016-01-06,275.0539855957031,2678635
2016-01-07,275.1820983886719,3135368
2016-01-08,276.46258544921875,1999282
2016-01-11,274.1576232910156,2795794
2016-01-12,269.2489929199219,3262399
2016-01-13,263.4440002441406,5044083
2016-01-14,263.572021484375,3633282
2016-01-15,261.3097839355469,3572695
2016-01-18,256.3157653808594,4574694
2016-01-19,264.8952331542969,3707778
2016-01-20,264.29766845703125,5629713
2016-01-21,264.0415954589844,3422136
2016-01-22,254.99261474609375,5904068
2016-01-25,253.9681854248047,3479687
2016-01-27,254.2242889404297,5644966
2016-01-28,248.76083374023438,7080505
2016-01-29,247.4803009033203,7373584
2016-02-01,253.1999053955078,4425387
2016-02-02,257.98040771484375,4808715
2016-02-03,255.93167114257812,5232930
2016-02-04,259.7305603027344,3411138
2016-02-05,262.2488708496094,2647351
2016-02-08,265.4928283691406,2753109
2016-02-09,266.5599060058594,3145945
2016-02-10,265.7489318847656,10180024
2016-02-11,263.5293884277344,6520711
2016-02-12,277.0600891113281,4049410
2016-02-15,272.2369079589844,5615585
2016-02-16,269.1636047363281,2910959
2016-02-17,272.7917175292969,3974587
2016-02-18,274.2003173828125,2569038
2016-02-19,278.3406066894531,5961801
2016-02-22,280.9443359375,3455165
2016-02-23,274.2856140136719,5437598
2016-02-24,276.5478515625,2523354
2016-02-25,275.3527526855469,9556967
2016-02-26,271.4259033203125,7064596
2016-02-29,269.3343505859375,3988625
2016-03-01,273.7734375,4830530
2016-03-02,278.5967712402344,3289694
2016-03-03,284.6151428222656,3265002
2016-03-04,281.0723876953125,2167900
2016-03-08,282.9931640625,2393678
2016-03-09,285.6395263671875,3430173
2016-03-10,287.0907897949219,1837525
2016-03-11,287.9017639160156,3018179
2016-03-14,290.8896789550781,2633043
2016-03-15,292.72503662109375,2309456
2016-03-16,288.9689025878906,4361912
2016-03-17,290.8896789550781,7155690
2016-03-18,293.9201965332031,3951904
2016-03-21,301.902099609375,2813415
2016-03-22,299.554443359375,4425316
2016-03-23,305.7862854003906,5116641
2016-03-28,298.61541748046875,4630593
2016-03-29,302.627685546875,4073263
2016-03-30,302.030029296875,4229163
2016-03-31,299.46905517578125,7926944
2016-04-01,286.3651428222656,4517171
2016-04-04,297.50567626953125,3434762
2016-04-05,282.1395263671875,5289842
2016-04-06,285.5541687011719,3037097
2016-04-07,282.7797546386719,2415746
2016-04-08,285.6395263671875,2319546
2016-04-11,297.2922058105469,4524262
2016-04-12,298.87158203125,3089585
2016-04-13,299.8531799316406,6614377
2016-04-18,306.8106689453125,2828391
2016-04-20,304.4630432128906,3250868
2016-04-21,304.9752197265625,2218219
2016-04-22,301.43255615234375,1460160
2016-04-25,306.426513671875,3431082
2016-04-26,307.6643981933594,2605766
2016-04-27,318.46331787109375,8618572
2016-04-28,318.1645812988281,10016684
2016-04-29,310.3961181640625,5411248
2016-05-02,305.4447937011719,1745061
2016-05-03,314.4510803222656,4349238
2016-05-04,308.56072998046875,1883272
2016-05-05,302.5423278808594,2375047
2016-05-06,306.5545654296875,3196077
2016-05-09,313.1278381347656,2070741
2016-05-10,314.8778991699219,2932396
2016-05-11,306.3838806152344,5316307
2016-05-12,309.1155700683594,3224321
2016-05-13,302.9691467285156,4006032
2016-05-16,301.7313232421875,2996171
2016-05-17,299.81048583984375,2749594
2016-05-18,299.8531799316406,2421651
2016-05-19,294.3470153808594,2741126
2016-05-20,291.9140319824219,4199413
2016-05-23,295.2433776855469,1842701
2016-05-24,294.64581298828125,2293594
2016-05-25,300.1947021484375,2157455
2016-05-26,301.2191162109375,5273432
2016-05-27,299.8531799316406,3075870
2016-05-30,303.8227844238281,2845695
2016-05-31,299.9813232421875,24281872
2016-06-01,310.0973205566406,3081625
2016-06-02,312.61566162109375,2604662
2016-06-03,305.7435302734375,3677399
2016-06-06,297.7190246582031,5264582
2016-06-07,298.060546875,4463323
2016-06-08,301.04840087890625,2654000
2016-06-09,299.8531799316406,1549979
2016-06-10,299.7251892089844,2180603
2016-06-13,292.2981872558594,2180335
2016-06-14,292.51165771484375,3358585
2016-06-15,300.4081115722656,3259569
2016-06-16,295.7982482910156,2614007
2016-06-17,304.7618408203125,5592177
2016-06-20,311.1644592285156,3205939
2016-06-21,309.20098876953125,1615514
2016-06-22,309.92657470703125,2399688
2016-06-23,311.4205322265625,1405739
2016-06-24,303.7801513671875,2445195
2016-06-27,299.76788330078125,2697253
2016-06-28,304.84722900390625,3541398
2016-06-29,304.0788879394531,2469054
2016-06-30,313.1278381347656,4076692
2016-07-01,314.4510803222656,2907785
2016-07-04,318.7194519042969,1855655
2016-07-05,312.35955810546875,1559936
2016-07-07,310.1827087402344,2606039
2016-07-08,303.0971984863281,1746867
2016-07-11,307.19482421875,2437511
2016-07-12,310.1400146484375,1333227
2016-07-13,310.4814453125,1609500
2016-07-14,313.2558898925781,1097465
2016-07-15,323.4573974609375,2814751
2016-07-18,309.5851135253906,3592796
2016-07-19,310.99371337890625,3552577
2016-07-20,310.22540283203125,2845114
2016-07-21,314.0242614746094,2198453
2016-07-22,313.59735107421875,2559958
2016-07-25,317.5242919921875,1850765
2016-07-26,315.7315673828125,1862583
2016-07-27,318.0365295410156,2593217
2016-07-28,317.4816589355469,8216550
2016-07-29,309.07293701171875,4178023
2016-08-01,310.73760986328125,1775282
2016-08-02,305.4447937011719,3557285
2016-08-03,306.3411560058594,2491473
2016-08-04,312.6583251953125,3301158
2016-08-05,310.73760986328125,4259304
2016-08-08,300.1093444824219,5372323
2016-08-09,298.3166198730469,5734542
2016-08-10,295.75555419921875,1704178
2016-08-11,296.83544921875,2758046
2016-08-12,298.078125,2615030
2016-08-16,293.4930725097656,4152972
2016-08-17,296.23553466796875,3575486
2016-08-18,302.6632995605469,2093475
2016-08-19,301.1635437011719,1895295
2016-08-22,300.13507080078125,983587
2016-08-23,303.17755126953125,2546554
2016-08-24,302.19195556640625,1809971
2016-08-25,296.5354919433594,3583163
2016-08-26,294.7785339355469,1250748
2016-08-29,293.6215515136719,2828305
2016-08-30,284.4083557128906,4487274
2016-08-31,284.2369384765625,7103241
2016-09-01,266.4105224609375,39290697
2016-09-02,273.30975341796875,17010250
2016-09-06,275.53802490234375,7841855
2016-09-07,274.3809814453125,3788590
2016-09-08,278.0234680175781,3819474
2016-09-09,276.05218505859375,3280689
2016-09-12,272.5812072753906,3494956
2016-09-14,274.1239318847656,2224288
2016-09-15,276.56646728515625,2301243
2016-09-16,277.3377990722656,3584872
2016-09-19,277.8092041015625,1697274
2016-09-20,273.56683349609375,3040194
2016-09-21,275.8380432128906,1845538
2016-09-22,280.25177001953125,1642721
2016-09-23,280.2088928222656,2369838
2016-09-26,274.55242919921875,2391218
2016-09-27,269.7958679199219,2490305
2016-09-28,275.75225830078125,3263576
2016-09-29,270.56719970703125,6941546
2016-09-30,269.11029052734375,6355157
2016-10-03,273.1383361816406,1672721
2016-10-04,277.6806335449219,2908344
2016-10-05,275.70947265625,1439691
2016-10-06,276.2236328125,1741337
2016-10-07,273.7811279296875,1477152
2016-10-10,270.7386474609375,2687189
2016-10-13,262.89666748046875,3440146
2016-10-14,261.73968505859375,5431236
2016-10-17,258.225830078125,3779712
2016-10-18,262.81103515625,5102965
2016-10-19,263.068115234375,5073975
2016-10-20,264.9107360839844,5290430
2016-10-21,265.4678039550781,2362713
2016-10-24,262.81103515625,2185144
2016-10-25,267.2247619628906,4024793
2016-10-26,272.2812805175781,6538988
2016-10-27,276.9092712402344,5615716
2016-10-28,273.2668762207031,1566275
2016-11-01,272.0670166015625,2398681
2016-11-02,265.3392639160156,2221637
2016-11-03,264.7821960449219,2989059
2016-11-04,262.8538513183594,2376146
2016-11-07,261.9111022949219,1847168
2016-11-08,261.3111877441406,1527704
2016-11-09,257.9687194824219,5669889
2016-11-10,264.52508544921875,3190980
2016-11-11,258.31158447265625,1886129
2016-11-15,259.3828125,3114405
2016-11-16,265.382080078125,2746958
2016-11-17,254.66915893554688,4236589
2016-11-18,260.3255920410156,3641254
2016-11-21,256.68316650390625,1826207
2016-11-22,260.4970397949219,3327374
2016-11-23,257.5830383300781,1970256
2016-11-24,259.1685791015625,4795418
2016-11-25,257.9687194824219,2099139
2016-11-28,273.2239990234375,4886483
2016-11-29,278.4090881347656,4516337
2016-11-30,278.19482421875,4993485
2016-12-01,272.7098083496094,7124295
2016-12-02,273.0526123046875,1836012
2016-12-05,280.03753662109375,2481220
2016-12-06,281.8372802734375,3142493
2016-12-07,281.2373046875,2899591
2016-12-08,284.9226379394531,2061325
2016-12-09,284.53692626953125,2646396
2016-12-12,282.0943908691406,775144
2016-12-13,282.8228454589844,1063869
2016-12-14,276.4808044433594,1481398
2016-12-15,272.9240417480469,3073256
2016-12-16,265.8962707519531,4401700
2016-12-19,261.825439453125,4126010
2016-12-20,259.29718017578125,3596096
2016-12-21,258.5686340332031,2651665
2016-12-22,250.46963500976562,3156188
2016-12-23,253.29783630371094,2047449
2016-12-26,253.76925659179688,2719536
2016-12-27,256.7689208984375,2548216
2016-12-28,256.68316650390625,2899350
2016-12-29,259.682861328125,3551526
2016-12-30,261.9539489746094,1955045
2017-01-02,266.53912353515625,1643255
2017-01-03,260.9255676269531,3286354
2017-01-04,269.0245666503906,5776206
2017-01-05,275.1952209472656,4268281
2017-01-06,274.0382385253906,2656936
2017-01-09,272.49560546875,2635116
2017-01-10,274.3381652832031,1058176
2017-01-11,276.60931396484375,2609766
2017-01-12,275.795166015625,1680284
2017-01-13,274.42388916015625,2614161
2017-01-16,273.0526123046875,1871694
2017-01-17,272.9669494628906,2050997
2017-01-18,269.0245666503906,3670155
2017-01-19,271.7670593261719,2526854
2017-01-20,274.72381591796875,3784887
2017-01-23,273.9524841308594,1985278
2017-01-24,271.2528076171875,2393587
2017-01-25,266.8390808105469,14931206
2017-01-27,277.46636962890625,3540993
2017-01-30,296.23553466796875,23241046
2017-01-31,298.4209899902344,11732135
2017-02-01,295.7641906738281,4103983
2017-02-02,302.7918395996094,6964972
2017-02-03,303.2203674316406,2662623
2017-02-06,304.4631042480469,1504449
2017-02-07,302.6632995605469,4062008
2017-02-08,301.8491516113281,4888372
2017-02-09,304.4631042480469,2043938
2017-02-10,306.43426513671875,2203893
2017-02-13,306.86279296875,3669035
2017-02-14,316.2044982910156,4739203
2017-02-15,313.0762939453125,3974478
2017-02-16,313.41912841796875,4049974
2017-02-17,316.6759338378906,2551827
2017-02-20,321.68963623046875,3876138
2017-02-21,310.97662353515625,7028108
2017-02-22,309.3910827636719,7531248
2017-02-23,313.8905334472656,39500561
2017-02-27,304.8487548828125,10077345
2017-02-28,312.94775390625,13488220
2017-03-01,310.8908996582031,3826413
2017-03-02,305.8343811035156,4657721
2017-03-03,305.2344055175781,4021692
2017-03-06,309.81964111328125,3302817
2017-03-07,309.4767761230469,3171320
2017-03-08,309.1340026855469,3024515
2017-03-09,308.7054748535156,1304223
2017-03-10,312.7335205078125,2319807
2017-03-14,309.4767761230469,5921380
2017-03-15,311.2765197753906,7389777
2017-03-16,309.0910949707031,2670827
2017-03-17,297.2639465332031,6378625
2017-03-20,299.4494323730469,4737850
2017-03-21,299.8779602050781,2511084
2017-03-22,289.8506164550781,8955493
2017-03-23,290.10772705078125,4762081
2017-03-24,291.8218078613281,5308761
2017-03-27,290.27911376953125,3212610
2017-03-28,292.03607177734375,2316105
2017-03-29,295.5498962402344,9825597
2017-03-30,300.9920349121094,4345156
2017-03-31,300.00653076171875,5787371
2017-04-03,292.9359130859375,7333921
2017-04-05,295.2498779296875,4693744
2017-04-06,292.9359130859375,2412374
2017-04-07,295.42132568359375,6347228
2017-04-10,296.2784118652344,1532435
2017-04-11,300.13507080078125,2327556
2017-04-12,300.6492919921875,2529238
2017-04-13,291.6075439453125,6554985
2017-04-17,292.5074157714844,2089233
2017-04-18,290.36480712890625,6170878
2017-04-19,291.35040283203125,2779410
2017-04-20,293.7500915527344,2097176
2017-04-21,293.79296875,1500170
2017-04-24,295.3785095214844,1487606
2017-04-25,303.34893798828125,4747068
2017-04-26,306.43426513671875,3272330
2017-04-27,306.7342224121094,4978376
2017-04-28,304.6773376464844,2985691
2017-05-02,297.9067687988281,2436068
2017-05-03,296.83544921875,2616848
2017-05-04,296.5354919433594,1345900
2017-05-05,295.4641418457031,1708526
2017-05-08,301.0777893066406,2955948
2017-05-09,295.8926696777344,3126657
2017-05-10,319.4612731933594,27085852
2017-05-11,313.6763000488281,8059693
2017-05-12,312.9049072265625,4070508
2017-05-15,312.09075927734375,4132180
2017-05-16,320.83258056640625,6500818
2017-05-17,322.2038269042969,5842838
2017-05-18,317.7471923828125,3683713
2017-05-19,319.4612731933594,6026064
2017-05-22,319.2898864746094,3037325
2017-05-23,318.73284912109375,6451328
2017-05-24,315.6903076171875,7704006
2017-05-25,317.7043762207031,15733429
2017-05-26,320.18975830078125,3171630
2017-05-29,319.76123046875,2214859
2017-05-30,317.7043762207031,2172819
2017-05-31,318.4328308105469,17087943
2017-06-01,314.4476013183594,2467620
2017-06-02,319.8898620605469,5747881
2017-06-05,319.1613464355469,2588187
2017-06-06,316.24737548828125,3666864
2017-06-07,319.504150390625,4307736
2017-06-08,315.13323974609375,3858535
2017-06-09,315.2189636230469,3205017
2017-06-12,312.9906311035156,2462371
2017-06-13,311.2765197753906,1257634
2017-06-14,313.2477111816406,2338631
2017-06-15,313.0762939453125,2823152
2017-06-16,312.6906433105469,4962261
2017-06-19,314.96185302734375,1888109
2017-06-20,314.1904602050781,2553936
2017-06-21,314.7904357910156,2945763
2017-06-22,313.84765625,7013343
2017-06-23,313.84765625,5681037
2017-06-27,318.3471374511719,4226917
2017-06-28,323.275146484375,4209925
2017-06-29,327.77459716796875,4698010
2017-06-30,325.4176940917969,3628132
2017-07-03,327.43170166015625,1687712
2017-07-04,325.07489013671875,1836644
2017-07-05,322.5037536621094,2338530
2017-07-06,326.7889404296875,2399488
2017-07-07,330.7313537597656,4849963
2017-07-10,347.70074462890625,2101702
2017-07-11,338.91607666015625,6175288
2017-07-12,340.3301696777344,2894251
2017-07-13,346.3875732421875,2879273
2017-07-14,349.6954650878906,2424013
2017-07-17,350.9413757324219,2517635
2017-07-18,350.81243896484375,4039652
2017-07-19,361.9391174316406,5104135
2017-07-20,360.69329833984375,3406260
2017-07-21,353.3900146484375,12143745
2017-07-24,360.9080810546875,5425590
2017-07-25,367.5669250488281,7134553
2017-07-26,366.235107421875,5764897
2017-07-27,357.4712829589844,15443045
2017-07-28,355.10845947265625,1940125
2017-07-31,359.9629821777344,2953735
2017-08-01,358.33050537109375,2448373
2017-08-02,357.2994384765625,2195053
2017-08-03,364.4737548828125,2812811
2017-08-04,361.638427734375,3004061
2017-08-07,358.6741638183594,1299253
2017-08-08,358.97491455078125,1994391
2017-08-09,357.4712829589844,1360936
2017-08-10,357.6430969238281,1661135
2017-08-11,356.1824951171875,2538665
2017-08-14,351.0272521972656,2234285
2017-08-16,350.33984375,4181433
2017-08-17,357.7290344238281,3282886
2017-08-18,361.724365234375,3062360
2017-08-21,360.1347961425781,2075746
2017-08-22,362.6694030761719,3456653
2017-08-23,371.08966064453125,4754764
2017-08-24,371.9918518066406,2773039
2017-08-28,373.2376403808594,2806489
2017-08-29,367.8246765136719,2102533
2017-08-30,368.5979919433594,2389197
2017-08-31,367.48101806640625,7912495
2017-09-01,363.0561218261719,1996184
2017-09-04,357.77197265625,1409182
2017-09-05,349.26593017578125,7204076
2017-09-06,345.82904052734375,2064288
2017-09-07,341.3612365722656,2642421
2017-09-08,346.6882629394531,2013742
2017-09-11,346.2157287597656,1612161
2017-09-12,348.14892578125,2583110
2017-09-13,345.0987548828125,1877714
2017-09-14,342.7359924316406,1667328
2017-09-15,340.2442932128906,5339372
2017-09-18,340.80279541015625,1309340
2017-09-19,339.2132568359375,1103781
2017-09-20,340.97454833984375,11779464
2017-09-21,343.7669677734375,6557075
2017-09-22,339.6858215332031,5273742
2017-09-25,334.8742370605469,3002284
2017-09-26,332.8121643066406,4203146
2017-09-27,331.6092529296875,2714173
2017-09-28,328.2583312988281,16167139
2017-09-29,334.6164245605469,5337179
2017-10-03,330.4923400878906,1842563
2017-10-04,324.04827880859375,3138906
2017-10-05,324.5208740234375,3371352
2017-10-06,328.4731750488281,1065853
2017-10-09,325.59478759765625,1192143
2017-10-10,330.4493408203125,1502210
2017-10-11,346.7312316894531,7774168
2017-10-12,343.8958740234375,4023386
2017-10-13,370.2304382324219,45960026
2017-10-16,389.4765625,21145098
2017-10-17,400.34552001953125,18843801
2017-10-18,396.90863037109375,9015866
2017-10-19,407.0472717285156,2646228
2017-10-23,427.3244934082031,29564820
2017-10-24,431.3626708984375,17646810
2017-10-25,443.1337585449219,10080877
2017-10-26,439.310302734375,11031934
2017-10-27,416.9710998535156,8904315
2017-10-30,423.5010070800781,7211306
2017-10-31,427.195556640625,12690735
2017-11-01,463.1961364746094,35708310
2017-11-02,466.7189025878906,10951971
2017-11-03,465.04339599609375,18131291
2017-11-06,457.56842041015625,8295950
2017-11-07,441.930908203125,7054590
2017-11-08,425.5630798339844,50336608
2017-11-09,433.2529296875,10980638
2017-11-10,432.5655517578125,10487687
2017-11-13,427.8829040527344,7079805
2017-11-14,428.0118103027344,6449030
2017-11-15,418.2168884277344,9690914
2017-11-16,420.9234313964844,10682218
2017-11-17,424.0164794921875,11712737
2017-11-20,423.28619384765625,5804375
2017-11-21,432.3937683105469,10087242
2017-11-22,428.82806396484375,3621523
2017-11-23,426.4652404785156,5918577
2017-11-24,426.8518981933594,3900017
2017-11-27,427.8829040527344,3499938
2017-11-28,422.7276916503906,3346897
2017-11-29,425.94970703125,5898170
2017-11-30,426.5511779785156,14879534
2017-12-01,415.98297119140625,6127500
2017-12-04,416.11181640625,3040197
2017-12-05,421.5677795410156,4264268
2017-12-06,415.38153076171875,8331495
2017-12-07,442.2315979003906,6949368
2017-12-08,451.2102966308594,14197096
2017-12-11,457.697265625,12378453
2017-12-12,450.09332275390625,3625294
2017-12-13,444.50848388671875,7920791
2017-12-14,447.04315185546875,3350247
2017-12-15,445.0240173339844,6986672
2017-12-18,452.1553955078125,10462828
2017-12-19,461.0481262207031,6870721
2017-12-20,454.43231201171875,7494558
2017-12-21,450.3081359863281,5651594
2017-12-22,454.13153076171875,9484716
2017-12-26,466.50408935546875,6436620
2017-12-27,459.37274169921875,6700159
2017-12-28,456.5373229980469,8699172
2017-12-29,455.0766906738281,7502053
2018-01-01,453.57305908203125,4807939
2018-01-02,443.82110595703125,5242199
2018-01-03,445.2388610839844,6333269
2018-01-04,449.363037109375,5953924
2018-01-05,463.96942138671875,8008838
2018-01-08,443.6492919921875,12287843
2018-01-09,438.0216064453125,7541257
2018-01-10,435.10015869140625,6667296
2018-01-11,442.27459716796875,5905519
2018-01-12,437.80670166015625,4847824
2018-01-15,433.4677429199219,2834570
2018-01-16,427.2385559082031,6420450
2018-01-17,429.51544189453125,6824337
2018-01-18,425.3052978515625,7912892
2018-01-19,427.7970886230469,9966300
2018-01-22,421.6107482910156,4532165
2018-01-23,422.8136291503906,6150836
2018-01-24,394.8036193847656,29348889
2018-01-25,388.9610595703125,20580178
2018-01-29,378.5647277832031,27139736
2018-01-30,381.02069091796875,10679523
2018-01-31,380.3720703125,7069368
2018-02-01,379.1181640625,8096718
2018-02-02,365.2384948730469,6668088
2018-02-05,380.6747741699219,15080352
2018-02-06,379.7667236328125,9331070
2018-02-07,372.0702209472656,10982569
2018-02-08,371.68109130859375,6173490
2018-02-09,365.3681945800781,5393964
2018-02-12,367.0113220214844,3987231
2018-02-14,376.0049743652344,10468199
2018-02-15,370.9460144042969,4583095
2018-02-16,362.94683837890625,4403814
2018-02-19,358.3202819824219,6457099
2018-02-20,361.5632019042969,8022411
2018-02-21,362.9035949707031,4731875
2018-02-22,359.8336486816406,10769504
2018-02-23,368.0057678222656,7504250
2018-02-26,365.9303283691406,4071745
2018-02-27,372.28643798828125,5188255
2018-02-28,370.6001281738281,25920217
2018-03-01,369.9082946777344,5837005
2018-03-05,364.460205078125,3863655
2018-03-06,357.93115234375,4204736
2018-03-07,348.6780090332031,12064643
2018-03-08,347.03497314453125,8664079
2018-03-09,347.7700500488281,5093353
2018-03-12,364.5466613769531,8387164
2018-03-13,368.65435791015625,5712773
2018-03-14,365.4546813964844,4194515
2018-03-15,363.5954284667969,3636202
2018-03-16,360.395751953125,8030364
2018-03-19,345.6080322265625,6000592
2018-03-20,346.2566223144531,8280683
2018-03-21,361.6496887207031,9266412
2018-03-22,359.4012451171875,5382163
2018-03-23,356.8934020996094,5696201
2018-03-26,364.50347900390625,4884776
2018-03-27,357.3257751464844,6746611
2018-03-28,344.7864990234375,11413279
2018-04-02,341.67327880859375,5533293
2018-04-03,347.8132019042969,5059176
2018-04-04,341.630126953125,4025117
2018-04-05,340.6356201171875,9747139
2018-04-06,332.8958740234375,9425575
2018-04-09,328.8746032714844,13296149
2018-04-10,333.4146728515625,13281396
2018-04-11,333.1985168457031,7693575
2018-04-12,328.78814697265625,4967973
2018-04-13,326.7991638183594,7738347
2018-04-16,325.7182312011719,4140008
2018-04-17,330.3879699707031,6356203
2018-04-18,332.29046630859375,6360948
2018-04-19,341.8895568847656,3848720
2018-04-20,347.6402893066406,7492919
2018-04-23,348.3753356933594,4195101
2018-04-24,351.3156433105469,6982218
2018-04-25,363.0765075683594,22192116
2018-04-26,353.86669921875,13874130
2018-04-27,353.4775390625,5013031
2018-04-30,354.1693420410156,3633132
2018-05-02,353.2181091308594,6754394
2018-05-03,349.7157287597656,4124205
2018-05-04,343.1002197265625,15994662
2018-05-07,344.3973693847656,6553080
2018-05-08,346.9051513671875,3955811
2018-05-09,348.0294494628906,9019801
2018-05-10,356.3745422363281,9023511
2018-05-11,334.3227233886719,25555353
2018-05-14,331.3392333984375,9823967
2018-05-15,330.301513671875,7078344
2018-05-16,324.593994140625,6766242
2018-05-17,317.8919677734375,9999816
2018-05-18,312.4870910644531,12433574
2018-05-21,311.319580078125,5482372
2018-05-22,312.91949462890625,7236788
2018-05-23,308.5523681640625,6604278
2018-05-24,321.6105651855469,4997302
2018-05-25,325.97760009765625,4145304
2018-05-28,324.4210205078125,6609989
2018-05-29,327.880126953125,3858054
2018-05-30,324.98309326171875,3737750
2018-05-31,323.08056640625,11979616
2018-06-01,331.8148498535156,4548210
2018-06-04,321.9564208984375,3958335
2018-06-05,315.0382080078125,5535807
2018-06-06,328.39898681640625,5566018
2018-06-07,328.5719909667969,4036551
2018-06-08,326.4964904785156,4298662
2018-06-11,336.2252197265625,6040503
2018-06-12,329.17724609375,6132581
2018-06-13,324.8533935546875,7432828
2018-06-14,325.5884704589844,5218952
2018-06-15,327.1018371582031,6339567
2018-06-18,320.74566650390625,3120256
2018-06-19,321.005126953125,3962117
2018-06-20,321.6105651855469,2785850
2018-06-21,318.84320068359375,4261882
2018-06-22,323.90216064453125,3404583
2018-06-25,323.55621337890625,3337617
2018-06-26,328.78814697265625,4792013
2018-06-27,324.8533935546875,3786049
2018-06-28,326.8424072265625,6498784
2018-06-29,330.301513671875,3820380
2018-07-02,318.2810974121094,4872211
2018-07-03,320.61602783203125,3092637
2018-07-04,317.718994140625,4355428
2018-07-05,314.2598571777344,7104382
2018-07-06,313.265380859375,8008826
2018-07-09,313.1356506347656,5248262
2018-07-10,318.0649719238281,1879352
2018-07-11,313.0491943359375,2085140
2018-07-12,313.1789245605469,2299214
2018-07-13,310.4116516113281,5311215
2018-07-16,300.4234619140625,3618410
2018-07-17,296.22930908203125,5420158
2018-07-18,291.2568359375,5322210
2018-07-19,298.3480224609375,5027938
2018-07-20,298.69390869140625,4212334
2018-07-23,310.4116516113281,4145242
2018-07-24,308.5523681640625,4350541
2018-07-25,304.660888671875,5175174
2018-07-26,309.2874450683594,3816677
2018-07-27,315.38409423828125,9016962
2018-07-30,331.42572021484375,7476176
2018-07-31,337.7818298339844,8096298
2018-08-01,332.5066833496094,9444961
2018-08-02,324.67279052734375,6186750
2018-08-03,325.9783935546875,3647704
2018-08-06,335.7708435058594,4039536
2018-08-07,332.4196472167969,2430919
2018-08-08,335.3791198730469,3321970
2018-08-09,319.4936828613281,12249927
2018-08-10,321.88739013671875,4489796
2018-08-13,322.1920471191406,4235777
2018-08-14,319.45013427734375,3215464
2018-08-16,323.80230712890625,3012465
2018-08-17,323.280029296875,3362891
2018-08-20,322.5401611328125,2837782
2018-08-21,320.5382385253906,3451323
2018-08-23,321.97442626953125,4746745
2018-08-24,321.1474914550781,2318341
2018-08-27,330.02593994140625,6589318
2018-08-28,327.98046875,4072000
2018-08-29,326.3266296386719,4481303
2018-08-30,333.4641418457031,7796683
2018-08-31,334.1170349121094,8709625
2018-09-03,334.0734558105469,4176986
2018-09-04,329.32958984375,3202349
2018-09-05,323.84588623046875,6639329
2018-09-06,324.0634460449219,2611929
2018-09-07,339.12200927734375,5463110
2018-09-10,338.0774841308594,5613805
2018-09-11,329.6342468261719,5815679
2018-09-12,327.8934020996094,4065958
2018-09-14,333.8994140625,3596796
2018-09-17,332.55023193359375,3424364
2018-09-18,325.2820739746094,2955053
2018-09-19,322.10498046875,2182182
2018-09-21,322.4967041015625,6106651
2018-09-24,310.0494079589844,7884016
2018-09-25,313.79229736328125,6854558
2018-09-26,314.4886169433594,4398347
2018-09-27,310.5716857910156,4483893
2018-09-28,294.68621826171875,12408231
2018-10-01,284.4150695800781,10867591
2018-10-03,277.1904296875,7389608
2018-10-04,269.9658203125,8969681
2018-10-05,259.91229248046875,7954131
2018-10-08,256.95281982421875,10015308
2018-10-09,251.5560760498047,9499251
2018-10-10,256.86578369140625,11334821
2018-10-11,248.37901306152344,5194191
2018-10-12,252.47006225585938,9995231
2018-10-15,253.38401794433594,2892892
2018-10-16,255.90829467773438,3341220
2018-10-17,251.12086486816406,4302545
2018-10-19,250.0763702392578,4139025
2018-10-22,248.72720336914062,7247010
2018-10-23,248.85777282714844,7364748
2018-10-24,274.9273376464844,13531404
2018-10-25,257.2574462890625,16981629
2018-10-26,259.34649658203125,8719999
2018-10-29,255.99533081054688,6271130
2018-10-30,254.6896514892578,5334354
2018-10-31,254.47207641601562,8163543
2018-11-01,255.4730987548828,5268238
2018-11-02,262.9153137207031,4910534
2018-11-05,266.118896484375,4841471
2018-11-06,267.74267578125,2943744
2018-11-07,268.7958984375,307017
2018-11-09,263.0908508300781,9425801
2018-11-12,259.9750061035156,6792319
2018-11-13,261.1598815917969,4317488
2018-11-14,264.4512634277344,5418605
2018-11-15,267.172119140625,4493893
2018-11-16,292.0549621582031,25046229
2018-11-19,295.6535339355469,13062401
2018-11-20,291.352783203125,11910774
2018-11-21,292.0111083984375,9406787
2018-11-22,287.7542419433594,9903933
2018-11-26,293.6347961425781,6623860
2018-11-27,288.01751708984375,7734474
2018-11-28,275.6858215332031,10180878
2018-11-29,278.4067077636719,9217365
2018-11-30,275.15924072265625,6595578
2018-12-03,280.6448669433594,3368628
2018-12-04,279.5915832519531,7156660
2018-12-05,274.5448303222656,5027352
2018-12-06,266.821044921875,6566491
2018-12-07,266.7771911621094,5298884
2018-12-10,258.87786865234375,5748768
2018-12-11,254.75270080566406,9994368
2018-12-12,268.18145751953125,10299827
2018-12-13,266.0311584472656,7666679
2018-12-14,280.2060241699219,22730782
2018-12-17,276.6513366699219,6809035
2018-12-18,278.933349609375,6272518
2018-12-19,283.2341003417969,5789644
2018-12-20,277.8362121582031,5987582
2018-12-21,270.2441101074219,12363968
2018-12-24,271.29736328125,5225655
2018-12-26,281.25927734375,8367166
2018-12-27,277.9678649902344,8764732
2018-12-28,277.8362121582031,5184819
2018-12-31,274.281494140625,4210832
2019-01-01,280.4254455566406,6117146
2019-01-02,274.4132080078125,6218991
2019-01-03,275.15924072265625,6230813
2019-01-04,283.0146789550781,11361086
2019-01-07,285.20892333984375,5511088
2019-01-08,288.9830322265625,7194973
2019-01-09,293.5909729003906,8018192
2019-01-10,296.04852294921875,5748158
2019-01-11,294.1175537109375,5922578
2019-01-14,291.0456237792969,3674704
2019-01-15,296.4434814453125,5706902
2019-01-16,293.10821533203125,7705383
2019-01-17,291.44061279296875,4569576
2019-01-18,273.09661865234375,16359865
2019-01-21,273.2721862792969,8621248
2019-01-22,267.5671081542969,8770625
2019-01-23,266.5577697753906,5617992
2019-01-24,264.75848388671875,10389592
2019-01-25,269.8930358886719,6040052
2019-01-28,267.83038330078125,4546062
2019-01-29,270.2001953125,3210022
2019-01-30,266.5577697753906,6553462
2019-01-31,268.9275817871094,9493241
2019-02-01,273.71099853515625,9243929
2019-02-04,269.0592041015625,3895812
2019-02-05,270.5074157714844,14678663
2019-02-06,270.9901428222656,5202682
2019-02-07,273.09661865234375,3852519
2019-02-08,274.9398498535156,3413931
2019-02-11,274.0181884765625,3303611
2019-02-12,273.1844177246094,2226134
2019-02-14,264.0124206542969,8573394
2019-02-15,267.34765625,6727458
2019-02-18,265.54840087890625,4440252
2019-02-19,266.5577697753906,7593977
2019-02-20,271.2095642089844,6216966
2019-02-21,271.9994812011719,5805770
2019-02-22,275.4664001464844,6199607
2019-02-25,278.45062255859375,4154758
2019-02-26,276.8707580566406,5562215
2019-02-27,280.9959411621094,4527145
2019-02-28,279.15277099609375,7687680
2019-03-01,270.0246887207031,29577827
2019-03-05,270.2001953125,11396759
2019-03-06,271.5606384277344,7093395
2019-03-07,270.0246887207031,6466583
2019-03-08,270.94622802734375,4441514
2019-03-11,292.9765319824219,17059011
2019-03-12,308.7751770019531,30070085
2019-03-13,296.4434814453125,13993813
2019-03-14,300.5247802734375,6931287
2019-03-15,296.3995666503906,11536718
2019-03-18,290.2118225097656,5844953
2019-03-19,295.5657653808594,5639437
2019-03-20,293.1520690917969,3309504
2019-03-22,291.0017395019531,9113700
2019-03-25,287.0081787109375,5253505
2019-03-26,287.7103576660156,4247229
2019-03-27,283.05853271484375,5951916
2019-03-28,289.597412109375,13616927
2019-04-01,299.1204833984375,7080411
2019-04-02,312.8564758300781,22251488
2019-04-03,307.1953125,12250809
2019-04-04,313.1637268066406,12168154
2019-04-05,313.0320129394531,3728070
2019-04-08,311.5399169921875,5656181
2019-04-09,308.5996398925781,10073980
2019-04-10,298.4182434082031,4759411
2019-04-11,303.99169921875,18189273
2019-04-12,300.1297912597656,8349759
2019-04-15,305.1766052246094,10210051
2019-04-16,306.0981750488281,9519380
2019-04-18,304.5183410644531,16138821
2019-04-22,306.6687316894531,15339393
2019-04-23,302.5472717285156,11627154
2019-04-24,310.194580078125,7161510
2019-04-25,314.0182189941406,11517967
2019-04-26,311.1026611328125,5000316
2019-04-30,306.1797180175781,6139942
2019-05-02,309.90777587890625,7925814
2019-05-03,316.83819580078125,9901409
2019-05-06,318.7499694824219,14870120
2019-05-07,310.62469482421875,17735230
2019-05-08,310.194580078125,4864438
2019-05-09,301.5434875488281,7998137
2019-05-10,309.81219482421875,7855974
2019-05-13,304.6024475097656,6620278
2019-05-14,321.76116943359375,10954653
2019-05-15,316.64697265625,7782551
2019-05-16,310.86370849609375,4591691
2019-05-17,313.9704284667969,4117918
2019-05-20,325.1068420410156,7858379
2019-05-21,316.0734558105469,4316609
2019-05-22,320.3750305175781,6791987
2019-05-23,323.8641357421875,5449864
2019-05-24,337.6293640136719,9756740
2019-05-27,334.0924377441406,4004333
2019-05-28,330.3643493652344,8643505
2019-05-29,323.8641357421875,4581547
2019-05-30,331.4158630371094,14152211
2019-05-31,333.42333984375,11028688
2019-06-03,337.1991882324219,5214139
2019-06-04,336.86456298828125,6749428
2019-06-06,338.202880859375,10510811
2019-06-07,341.357421875,5879853
2019-06-10,347.4274597167969,5992522
2019-06-11,347.23626708984375,5668149
2019-06-12,344.033935546875,2868026
2019-06-13,347.7142333984375,3839377
2019-06-14,337.72491455078125,5170880
2019-06-17,328.83489990234375,7087101
2019-06-18,329.9342346191406,4977568
2019-06-19,326.0627746582031,4008250
2019-06-20,333.1843566894531,3563847
2019-06-21,328.6437072753906,9764198
2019-06-24,329.88641357421875,3310679
2019-06-25,333.232177734375,2848907
2019-06-26,330.3165588378906,4732848
2019-06-27,333.2799072265625,13137225
2019-06-28,331.3680725097656,8737050
2019-07-01,333.13653564453125,3469130
2019-07-02,338.0116882324219,3816212
2019-07-03,337.6293640136719,8473243
2019-07-04,346.7583312988281,8565250
2019-07-05,348.7179260253906,6878479
2019-07-08,340.688232421875,3543845
2019-07-09,346.3282165527344,3931858
2019-07-10,342.7434997558594,5299464
2019-07-11,344.8465270996094,3513505
2019-07-12,340.4015197753906,4750306
2019-07-15,335.1439208984375,3524295
2019-07-16,335.2873840332031,3651688
2019-07-17,330.9857177734375,4765414
2019-07-18,327.4010314941406,3711155
2019-07-19,324.96343994140625,2517348
2019-07-22,327.4488220214844,3120156
2019-07-23,328.4525451660156,3682410
2019-07-24,323.9597473144531,4840787
2019-07-25,324.0552978515625,7600173
2019-07-26,320.1360778808594,5089100
2019-07-29,319.8014831542969,5072884
2019-07-30,330.50775146484375,12960949
2019-07-31,322.7170104980469,11065547
2019-08-01,309.62103271484375,9957404
2019-08-02,328.4047546386719,28586783
2019-08-05,341.93096923828125,15513355
2019-08-06,352.2070617675781,17339262
2019-08-07,349.9606018066406,12759435
2019-08-08,355.74395751953125,16351434
2019-08-09,354.78802490234375,7844936
2019-08-13,336.1476745605469,14292351
2019-08-14,345.2767028808594,7813907
2019-08-16,345.6112365722656,5827109
2019-08-19,345.08544921875,4606667
2019-08-20,342.2655334472656,5364922
2019-08-21,339.2544250488281,4122882
2019-08-22,337.1991882324219,3171984
2019-08-23,340.688232421875,4676421
2019-08-26,344.7508850097656,5024254
2019-08-27,332.94537353515625,32805677
2019-08-28,330.5555419921875,5628194
2019-08-29,328.35699462890625,6040518
2019-08-30,331.5115051269531,4855098
2019-09-03,322.0001220703125,4305439
2019-09-04,330.46002197265625,5241168
2019-09-05,332.3717956542969,3325608
2019-09-06,333.85345458984375,6392799
2019-09-09,340.7360534667969,3782198
2019-09-11,339.4455871582031,4900745
2019-09-12,332.2283935546875,5639186
2019-09-13,327.92681884765625,5012583
2019-09-16,328.83489990234375,5104088
2019-09-17,324.86785888671875,8486044
2019-09-18,320.8052062988281,7631530
2019-09-19,322.7170104980469,11891538
2019-09-20,340.688232421875,15819981
2019-09-23,332.6585693359375,5854791
2019-09-24,333.2799072265625,4811334
2019-09-25,326.58856201171875,4697149
2019-09-26,328.8826904296875,4958745
2019-09-27,333.7100830078125,3416220
2019-09-30,350.8687744140625,19984719
2019-10-01,335.478515625,7344343
2019-10-03,329.69525146484375,5037665
2019-10-04,324.5333251953125,4794009
2019-10-07,326.4928894042969,3566103
2019-10-09,343.5560302734375,8848384
2019-10-10,360.6191101074219,48555442
2019-10-11,366.02001953125,11113337
2019-10-14,376.2005310058594,10930620
2019-10-15,366.7369384765625,8746356
2019-10-16,368.2664489746094,9079900
2019-10-17,368.8399963378906,4877679
2019-10-18,366.5936279296875,4053714
2019-10-22,357.60797119140625,11570680
2019-10-23,344.464111328125,13588127
2019-10-24,355.93511962890625,74062675
2019-10-25,358.61163330078125,28275934
2019-10-27,356.652099609375,2033141
2019-10-29,344.033935546875,36912144
2019-10-30,351.72906494140625,17185921
2019-10-31,357.7513732910156,13034332
2019-11-01,356.604248046875,13938891
2019-11-04,361.3360595703125,7763797
2019-11-05,367.0237121582031,6766429
2019-11-06,355.0747985839844,8335534
2019-11-07,355.361572265625,4906572
2019-11-08,352.8761901855469,6094415
2019-11-11,355.12261962890625,2826663
2019-11-13,352.3504333496094,6544841
2019-11-14,346.5193786621094,21487581
2019-11-15,375.7225646972656,56210391
2019-11-18,391.1606140136719,43462375
2019-11-19,419.9814453125,63965674
2019-11-20,418.0218200683594,56689066
2019-11-21,407.50677490234375,22595291
2019-11-22,402.1058349609375,17090583
2019-11-25,431.5002746582031,34112216
2019-11-26,413.2900695800781,23906748
2019-11-27,414.2460021972656,13586924
2019-11-28,417.40045166015625,22352772
2019-11-29,422.9447937011719,20386454
2019-12-02,438.3828430175781,56782244
2019-12-03,438.86077880859375,24319749
2019-12-04,441.0593566894531,16851755
2019-12-05,427.62872314453125,17642464
2019-12-06,425.23895263671875,11629491
2019-12-09,426.1949157714844,8012971
2019-12-10,427.2942199707031,7274085
2019-12-11,423.2315979003906,6931352
2019-12-12,419.31231689453125,7527779
2019-12-13,408.9405822753906,13320154
2019-12-16,403.2529296875,7093336
2019-12-17,420.5549621582031,23423482
2019-12-18,418.9777526855469,17986000
2019-12-19,429.63616943359375,14236801
2019-12-20,433.79443359375,21689127
2019-12-23,434.75030517578125,10630886
2019-12-24,436.99676513671875,6974012
2019-12-26,427.8199768066406,5997570
2019-12-27,435.037109375,5997611
2019-12-30,440.1990661621094,12141748
2019-12-31,435.70623779296875,5212590
2020-01-01,433.31646728515625,5154996
2020-01-02,435.1326904296875,4933053
2020-01-03,435.037109375,5154587
2020-01-06,429.8273620605469,7538915
2020-01-07,425.47796630859375,4353883
2020-01-08,438.6217956542969,14118818
2020-01-09,439.8166809082031,18180867
2020-01-10,436.85333251953125,37724966
2020-01-13,448.2287292480469,15206224
2020-01-14,448.65887451171875,8238486
2020-01-15,447.22503662109375,10875259
2020-01-16,453.0083312988281,16290593
2020-01-17,478.00555419921875,61915666
2020-01-20,486.2742004394531,45298836
2020-01-21,489.1897277832031,65202963
2020-01-22,491.8184814453125,20285793
2020-01-23,500.5650939941406,15772863
2020-01-24,501.138671875,23824625
2020-01-27,491.7229309082031,11856786
2020-01-28,469.59344482421875,31674769
2020-01-29,468.6375427246094,20037283
2020-01-30,468.2073669433594,15337903
2020-01-31,474.5642395019531,18356252
2020-02-03,487.5646667480469,15212799
2020-02-04,496.0245361328125,14646591
2020-02-05,509.8375244140625,30647706
2020-02-06,522.694580078125,17180298
2020-02-07,515.6685791015625,8967847
2020-02-10,514.95166015625,8570467
2020-02-11,510.74560546875,6622800
2020-02-12,515.81201171875,5160923
2020-02-13,516.1466674804688,5729055
2020-02-14,540.0922241210938,37517890
2020-02-17,539.9487915039062,23354434
2020-02-18,524.0806884765625,21865560
2020-02-19,519.4443969726562,22088140
2020-02-20,521.5474243164062,16010058
2020-02-24,506.53955078125,9834434
2020-02-25,511.6537170410156,9804202
2020-02-26,512.3229370117188,18965240
2020-02-27,508.21246337890625,11381143
2020-02-28,500.4217224121094,16934165
2020-03-02,495.498779296875,10096159
2020-03-03,497.84075927734375,10563605
2020-03-04,493.96929931640625,18066379
2020-03-05,503.671875,14344961
2020-03-06,496.26348876953125,9503868
2020-03-09,474.373046875,15664232
2020-03-11,472.0310363769531,21401999
2020-03-12,444.452880859375,14471096
2020-03-13,470.1670227050781,24254296
2020-03-16,444.30950927734375,14936276
2020-03-17,434.6547546386719,12629709
2020-03-18,406.78985595703125,29342689
2020-03-19,425.1434020996094,24017236
2020-03-20,442.2542724609375,19758966
2020-03-23,389.39215087890625,14907385
2020-03-24,386.2376403808594,12947855
2020-03-25,410.1833190917969,14093189
2020-03-26,449.9493713378906,22302573
2020-03-27,429.15826416015625,16378409
2020-03-30,412.04736328125,10210726
2020-03-31,421.4631042480469,17059457
2020-04-01,402.7749938964844,9646905
2020-04-03,405.26031494140625,14419445
2020-04-07,449.4714660644531,15553539
2020-04-08,441.2983093261719,13639333
2020-04-09,467.1558837890625,11962829
2020-04-13,489.61993408203125,24416550
2020-04-15,487.9948425292969,26277115
2020-04-16,478.38787841796875,17401120
2020-04-17,480.2997131347656,16430317
2020-04-20,468.68536376953125,11688508
2020-04-21,478.4356994628906,15781695
2020-04-22,479.2960205078125,18447565
2020-04-23,474.13409423828125,12767355
2020-04-24,472.4612121582031,12161869
2020-04-27,472.2700500488281,10074370
2020-04-28,464.2403259277344,11729091
2020-04-29,474.13409423828125,8371711
2020-04-30,491.6273193359375,20170888
2020-05-04,509.02496337890625,34658164
2020-05-05,504.7711181640625,30498970
2020-05-06,521.9296875,26074684
2020-05-07,504.7711181640625,15823732
2020-05-08,506.6829833984375,13847608
2020-05-11,512.5618896484375,14490804
2020-05-12,535.1692504882812,23041211
2020-05-13,531.4412231445312,21509772
2020-05-14,516.051025390625,13428330
2020-05-15,529.6727905273438,14758117
2020-05-18,514.3302612304688,21991328
2020-05-19,572.4022216796875,73259076
2020-05-20,567.8614501953125,36412918
2020-05-21,568.3394775390625,20673544
2020-05-22,567.0491333007812,11630640
2020-05-26,534.5957641601562,77933211
2020-05-27,538.2760009765625,22948762
2020-05-28,537.9414672851562,16574283
2020-05-29,528.2388305664062,55206200
2020-06-01,534.4044799804688,40024637
2020-06-02,533.4963989257812,32573015
2020-06-03,527.3307495117188,29783799
2020-06-04,547.2137451171875,30007267
2020-06-05,558.5892333984375,48771843
2020-06-08,559.3538818359375,20813563
2020-06-09,542.768798828125,15219451
2020-06-10,542.0997314453125,19489440
2020-06-11,527.5219116210938,27803048
2020-06-12,535.4082641601562,19224358
2020-06-15,526.4226684570312,13838935
2020-06-16,520.8783569335938,19430678
2020-06-17,538.6105346679688,20916747
2020-06-18,536.1730346679688,19692591
2020-06-19,547.2615966796875,41924711
2020-06-22,555.4346923828125,12954502
2020-06-23,553.2838134765625,9944839
2020-06-24,532.7794189453125,12619809
2020-06-25,534.3567504882812,15881470
2020-06-26,535.6950073242188,11317405
2020-06-29,542.0997314453125,13162970
2020-06-30,535.1692504882812,13182057
2020-07-01,535.4559936523438,13894655
2020-07-02,533.8310546875,13795692
2020-07-03,555.8170776367188,21005887
2020-07-06,551.1807861328125,16114629
2020-07-07,542.1473999023438,12759442
2020-07-08,536.5553588867188,9581306
2020-07-09,543.5813598632812,8611659
2020-07-10,549.3646240234375,13532330
2020-07-13,560.93115234375,16660491
2020-07-14,563.3688354492188,32935464
2020-07-15,538.7540283203125,20062926
2020-07-16,537.9414672851562,11528871
2020-07-17,541.7650756835938,12189475
2020-07-20,550.3683471679688,9789671
2020-07-21,542.7210083007812,12005925
2020-07-22,544.059326171875,11034525
2020-07-23,542.1951904296875,9718786
2020-07-24,534.786865234375,9960443
2020-07-27,534.8346557617188,10895560
2020-07-28,539.7098999023438,14210206
2020-07-29,541.2393188476562,9979767
2020-07-30,528.3344116210938,45326361
2020-07-31,530.3897094726562,13917435
2020-08-03,523.2202758789062,9392745
2020-08-04,524.7976684570312,12035116
2020-08-05,534.3088989257812,12920232
2020-08-06,532.7260131835938,10620956
2020-08-07,538.0023803710938,7346008
2020-08-10,536.1317138671875,9594610
2020-08-11,528.69677734375,8290695
2020-08-12,525.4349365234375,12613101
2020-08-13,513.5869750976562,37464752
2020-08-14,507.1114196777344,18550546
2020-08-17,500.2040710449219,19369462
2020-08-18,504.9049072265625,13771669
2020-08-19,514.066650390625,17395288
2020-08-20,504.1853942871094,13690809
2020-08-21,499.1008605957031,22244899
2020-08-24,505.4805603027344,29714401
2020-08-25,507.159423828125,19881871
2020-08-26,493.5845947265625,26386996
2020-08-27,490.3707580566406,22268191
2020-08-28,502.1708068847656,22217757
2020-08-31,492.2414855957031,190329697
2020-09-01,524.0438842773438,75732733
2020-09-02,528.1691284179688,35680638
2020-09-03,516.1292724609375,25084656
2020-09-04,501.8829650878906,28610361
2020-09-07,494.4959716796875,16450037
2020-09-08,477.851318359375,33745174
2020-09-09,483.75128173828125,32068518
2020-09-10,477.13177490234375,21400064
2020-09-11,471.6634826660156,15888599
2020-09-14,454.8269348144531,53032505
2020-09-15,465.81146240234375,31436333
2020-09-16,462.16595458984375,13379581
2020-09-17,459.5277404785156,13750507
2020-09-18,474.44561767578125,55830089
2020-09-21,448.73504638671875,23162880
2020-09-22,451.8050231933594,18950065
2020-09-23,416.16522216796875,86810146
2020-09-24,402.254638671875,36458719
2020-09-25,421.7774353027344,34232784
2020-09-28,425.6147766113281,21445626
2020-09-29,417.8920593261719,18187111
2020-09-30,403.83758544921875,27686374
2020-10-01,414.774169921875,13593932
2020-10-05,407.1952819824219,15282146
2020-10-06,409.4018249511719,11078299
2020-10-07,405.276611328125,10393534
2020-10-08,407.1952819824219,17018635
2020-10-09,407.9148254394531,20948615
2020-10-12,398.17742919921875,14326607
2020-10-13,398.417236328125,28303313
2020-10-14,396.45062255859375,14374547
2020-10-15,382.9717712402344,28378188
2020-10-16,385.3221435546875,23786283
2020-10-19,381.5327453613281,17237471
2020-10-20,388.53594970703125,26395238
2020-10-21,401.9668884277344,23929199
2020-10-22,413.1432800292969,27014551
2020-10-23,416.7408142089844,18512271
2020-10-26,416.4050598144531,11956996
2020-10-27,415.7335205078125,13021129
2020-10-28,433.4814453125,125905730
2020-10-29,432.47412109375,25537340
2020-10-30,416.1172180175781,23483928
2020-11-02,438.8058166503906,28703578
2020-11-03,436.11962890625,16337850
2020-11-04,434.63262939453125,10191499
2020-11-05,438.7098693847656,9407770
2020-11-06,431.6107177734375,12195207
2020-11-09,452.62042236328125,24953555
2020-11-10,447.4399719238281,9800899
2020-11-11,459.14398193359375,16032885
2020-11-12,460.34320068359375,14785276
2020-11-13,456.4098815917969,8428163
2020-11-14,461.9261169433594,4014491
2020-11-17,464.85211181640625,19050384
2020-11-18,458.9521179199219,10504589
2020-11-19,449.5025634765625,11541941
2020-11-20,464.0367126464844,12090462
2020-11-23,457.8489074707031,10193531
2020-11-24,454.9708251953125,9346208
2020-11-25,445.2334289550781,14497115
2020-11-26,449.3586730957031,11535113
2020-11-27,444.41802978515625,18491882
2020-12-01,459.9595031738281,18534936
2020-12-02,465.1878662109375,20948620
2020-12-03,460.39117431640625,20094168
2020-12-04,473.67816162109375,31622330
2020-12-07,488.2602233886719,22541162
2020-12-08,483.1277160644531,19661141
2020-12-09,482.6000671386719,11826802
2020-12-10,484.6147155761719,13441906
2020-12-11,483.8951416015625,14019094
2020-12-14,482.6000671386719,14147649
2020-12-15,483.70330810546875,13320211
2020-12-16,495.21551513671875,17707777
2020-12-17,494.16021728515625,20023766
2020-12-18,489.89111328125,11000487
2020-12-21,470.9440002441406,15539470
2020-12-22,479.9618835449219,21632475
2020-12-23,486.58135986328125,13326963
2020-12-24,496.27081298828125,21241048
2020-12-28,500.39593505859375,13124256
2020-12-29,499.1008605957031,11457626
2020-12-30,495.16754150390625,10691466
2020-12-31,488.9797058105469,15816475
2021-01-01,494.20819091796875,10377082
2021-01-04,496.07891845703125,13489114
2021-01-05,493.1049499511719,10689423
2021-01-06,503.945556640625,30837593
2021-01-07,523.0845336914062,39444841
2021-01-08,518.2879028320312,14538362
2021-01-11,524.9073486328125,19892197
2021-01-12,542.7511596679688,25857074
2021-01-13,554.7430419921875,85239439
2021-01-14,556.9495239257812,16974338
2021-01-15,578.151123046875,57451072
2021-01-18,563.0894165039062,21359539
2021-01-19,568.2218627929688,11034273
2021-01-20,571.9154052734375,13333007
2021-01-21,557.7169799804688,17380638
2021-01-22,553.3999633789062,12662954
2021-01-25,557.1414184570312,12503932
2021-01-27,547.5958251953125,15567653
2021-01-28,547.6918334960938,15201598
2021-01-29,531.0951538085938,25521965
2021-02-01,555.6065063476562,14212955
2021-02-02,574.9853515625,21711996
2021-02-03,584.09912109375,30641248
2021-02-04,576.1844482421875,51976676
2021-02-05,557.4771728515625,35465208
2021-02-08,573.0185546875,21646080
2021-02-09,574.6015625,20927436
2021-02-10,566.2072143554688,31642664
2021-02-11,573.7860717773438,19253595
2021-02-12,562.4178466796875,15905053
2021-02-15,569.56494140625,17972742
2021-02-16,569.8048095703125,15064854
2021-02-17,569.7089233398438,16436661
2021-02-18,565.10400390625,22193564
2021-02-19,557.7169799804688,19465126
2021-02-22,547.1161499023438,20227667
2021-02-23,542.559326171875,23764401
2021-02-24,549.6585083007812,8888950
2021-02-25,555.6065063476562,16230241
2021-02-26,533.6853637695312,198547005
2021-03-01,510.5650634765625,55091122
2021-03-02,519.19921875,30622757
2021-03-03,524.0919189453125,24669015
2021-03-04,517.6642456054688,17678275
2021-03-05,511.14068603515625,16658703
2021-03-08,504.329345703125,15293359
2021-03-09,500.53985595703125,20181762
2021-03-10,504.4731750488281,19013738
2021-03-12,502.8902587890625,11624491
2021-03-15,501.59515380859375,10875944
2021-03-16,507.7829895019531,13252045
2021-03-17,501.64312744140625,8482758
2021-03-18,505.7683410644531,12465338
2021-03-19,508.4064636230469,49597558
2021-03-22,506.5357971191406,13581706
2021-03-23,507.7349548339844,15239339
2021-03-24,502.3626403808594,10801499
2021-03-25,487.1089782714844,17572322
2021-03-26,501.2593994140625,11148490
2021-03-30,500.300048828125,10691124
2021-03-31,496.27081298828125,7712521
2021-04-01,499.62847900390625,7111516
2021-04-05,506.775634765625,9376649
2021-04-06,510.5650634765625,13115141
2021-04-07,519.5829467773438,21391503
2021-04-08,520.9259643554688,11367448
2021-04-09,523.0845336914062,11641539
2021-04-12,501.21142578125,9869735
2021-04-13,514.3544311523438,6657701
2021-04-15,517.4243774414062,9989813
2021-04-16,518.7675170898438,6273393
2021-04-19,505.0487976074219,7368743
2021-04-20,508.6463623046875,7369109
2021-04-22,509.26995849609375,6675147
2021-04-23,501.35528564453125,7123670
2021-04-26,506.10406494140625,5929161
2021-04-27,512.5796508789062,9875033
2021-04-28,522.1732177734375,12195400
2021-04-29,518.8634033203125,8846896
2021-04-30,514.9301147460938,8331737
2021-05-03,536.1317138671875,14556346
2021-05-04,529.9918823242188,14196229
2021-05-05,537.1869506835938,12095639
2021-05-06,536.0357666015625,9169742
2021-05-07,545.389404296875,12894499
2021-05-10,549.2747192382812,8365615
2021-05-11,545.29345703125,8033470
2021-05-12,538.9138793945312,6815070
2021-05-14,537.61865234375,7697716
2021-05-17,527.3056640625,13677009
2021-05-18,514.5464477539062,34968901
2021-05-19,506.7276916503906,19583966
2021-05-20,499.4845886230469,14036583
2021-05-21,509.3658752441406,10492773
2021-05-24,505.3846130371094,6386039
2021-05-25,504.7130126953125,9412913
2021-05-26,504.3772888183594,6908901
2021-05-27,498.669189453125,22783169
2021-05-28,502.3146667480469,10248988
2021-05-31,513.1553344726562,12803471
2021-06-01,511.236572265625,8435896
2021-06-02,507.97479248046875,10567595
2021-06-03,510.4211730957031,6290021
2021-06-04,511.04473876953125,4878809
2021-06-07,514.642333984375,9674473
2021-06-08,524.571533203125,12822963
2021-06-09,518.0479736328125,12674395
2021-06-10,522.9885864257812,7018193
2021-06-11,518.8634033203125,7777365
2021-06-14,517.4243774414062,5714387
2021-06-15,520.4462890625,7264778
2021-06-16,514.9301147460938,10045600
2021-06-17,507.159423828125,10214732
2021-06-18,516.8488159179688,15000348
2021-06-21,517.6642456054688,5742834
2021-06-22,514.5943603515625,9114558
2021-06-23,512.3399047851562,4767421
2021-06-24,507.25531005859375,6419922
2021-06-25,513.34716796875,5504204
2021-06-28,509.60577392578125,5265796
2021-06-29,503.6098327636719,8713975
2021-06-30,504.2812805175781,5760552
2021-07-01,501.40325927734375,6575188
2021-07-02,503.6577453613281,13309063
2021-07-05,502.65045166015625,6373586
2021-07-06,504.7130126953125,10494366
2021-07-07,508.0707702636719,6669192
2021-07-08,503.945556640625,5400962
2021-07-09,514.4503784179688,7303645
2021-07-12,508.1187438964844,8932790
2021-07-13,508.5024719238281,8138019
2021-07-14,508.5024719238281,6666859
2021-07-15,504.0894470214844,6886797
2021-07-16,519.1511840820312,11251138
2021-07-19,516.5609130859375,9130551
2021-07-20,504.3772888183594,7646460
2021-07-22,524.4756469726562,20220601
2021-07-23,526.010498046875,33200836
2021-07-26,521.9332885742188,5214592
2021-07-27,518.5756225585938,5835018
2021-07-28,544.8138427734375,32532037
2021-07-29,544.09423828125,15844335
2021-07-30,538.8179321289062,10125413
2021-08-02,542.1755981445312,6372299
2021-08-03,556.6138305664062,21680353
2021-08-04,551.049560546875,21816567
2021-08-05,574.3617553710938,72423461
2021-08-06,583.187744140625,29055626
2021-08-09,574.889404296875,10078649
2021-08-10,596.9063720703125,34514358
2021-08-11,595.611328125,18731287
2021-08-12,597.8177490234375,8430316
2021-08-13,611.1527709960938,21079044
2021-08-16,608.274658203125,10506327
2021-08-17,600.8876953125,11311229
2021-08-18,597.6259155273438,7136872
2021-08-20,588.751953125,12770173
2021-08-23,597.3380737304688,12790616
2021-08-24,594.8917236328125,5885050
2021-08-25,587.5527954101562,8127668
2021-08-26,563.0414428710938,26316897
2021-08-27,570.9560546875,16444274
2021-08-30,595.2276000976562,40506274
2021-08-31,637.0551147460938,60781970
2021-09-01,639.3095092773438,30796359
2021-09-02,639.405517578125,18951106
2021-09-03,631.6828002929688,7920313
2021-09-06,627.9892578125,10223448
2021-09-07,643.2908325195312,28185127
2021-09-08,640.7006225585938,20876941
2021-09-09,658.2567749023438,19784500
2021-09-13,665.1160278320312,19704664
2021-09-14,665.9794311523438,11694600
2021-09-15,696.0070190429688,56796797
2021-09-16,689.3875732421875,45001991
2021-09-17,698.5492553710938,26649321
2021-09-20,695.4793701171875,14330899
2021-09-21,697.1102905273438,14216876
2021-09-22,697.206298828125,16348622
2021-09-23,697.2542724609375,26497345
2021-09-24,709.3419799804688,72175065
2021-09-27,706.1913452148438,11282248
2021-09-28,680.3890991210938,21944239
2021-09-29,678.385498046875,16729859
2021-09-30,672.716796875,13911568
2021-10-01,660.5975341796875,14952128
2021-10-04,665.9730834960938,8917898
2021-10-05,683.4188842773438,25598885
2021-10-06,675.7467041015625,10406502
2021-10-07,676.82177734375,8121590
2021-10-08,679.7537841796875,6297352
2021-10-11,675.2090454101562,8792050
2021-10-12,670.8109130859375,8579567
2021-10-13,674.2806396484375,7062149
2021-10-14,670.2734375,9820591
2021-10-18,665.1911010742188,8574445
2021-10-19,665.6798095703125,7328862
2021-10-20,692.4105834960938,21217306
2021-10-21,680.291259765625,8908979
2021-10-22,678.7764282226562,6587256
2021-10-25,675.453369140625,9540441
2021-10-26,680.4379272460938,10953878
2021-10-27,686.4486694335938,11878571
2021-10-28,674.1339721679688,8884507
2021-10-29,669.8336181640625,8602343
2021-11-01,696.368896484375,17121001
2021-11-02,697.7860717773438,7725455
2021-11-03,683.2722778320312,23261507
2021-11-04,685.2269897460938,1064714
2021-11-08,692.9481811523438,7565546
2021-11-09,697.0530395507812,5278131
2021-11-10,718.79931640625,15180490
2021-11-11,712.1043701171875,7421118
2021-11-12,726.6671142578125,9207508
2021-11-15,720.8517456054688,5454742
2021-11-16,713.7659301757812,4639931
2021-11-17,703.7479248046875,8002927
2021-11-18,698.1769409179688,4469597
2021-11-22,725.2987060546875,36884348
2021-11-23,741.718505859375,18240414
2021-11-24,741.718505859375,21653712
2021-11-25,747.826904296875,8483653
2021-11-26,722.0245971679688,11142921
2021-11-29,722.6109619140625,15885643
2021-11-30,711.7623291015625,14272616
2021-12-01,705.898193359375,10488561
2021-12-02,715.9649658203125,11507427
2021-12-03,702.0864868164062,11024093
2021-12-06,681.8062744140625,8804487
2021-12-07,683.0278930664062,10238693
2021-12-08,698.9589233398438,8296393
2021-12-09,697.7860717773438,9069515
2021-12-10,694.609619140625,4251339
2021-12-13,687.181640625,9896899
2021-12-14,675.942138671875,9275631
2021-12-15,669.9312744140625,7674319
2021-12-16,665.9730834960938,9633006
2021-12-17,650.9705200195312,13850460
2021-12-20,643.3471069335938,11812939
2021-12-21,651.8990478515625,8084499
2021-12-22,669.2471923828125,8522226
2021-12-23,663.3829345703125,5602466
2021-12-24,661.7214965820312,3756020
2021-12-27,660.4509887695312,3658572
2021-12-28,664.653564453125,3892590
2021-12-29,661.5260620117188,3847574
2021-12-30,663.9694213867188,5701612
2021-12-31,668.3186645507812,4598628
2022-01-03,675.6488647460938,2939833
2022-01-04,681.6596069335938,6473875
2022-01-05,684.1519165039062,4586105
2022-01-06,694.3165283203125,21642414
2022-01-07,688.7454833984375,4315015
2022-01-10,688.9898681640625,3565324
2022-01-11,687.5238647460938,10642484
2022-01-12,713.6681518554688,12366953
2022-01-13,715.23193359375,5829874
2022-01-14,704.2854614257812,5344096
2022-01-17,712.1043701171875,4340924
2022-01-18,698.1769409179688,4312058
2022-01-19,687.7681884765625,5879490
2022-01-20,699.203369140625,4812496
2022-01-21,679.5093994140625,6704622
2022-01-24,674.2806396484375,11091633
2022-01-25,695.7335815429688,14128764
2022-01-27,691.2378540039062,8937312
2022-01-28,699.5941772460938,21450677
2022-01-31,712.7885131835938,10745370
2022-02-01,706.6799926757812,4814511
2022-02-02,708.634765625,3286577
2022-02-03,705.311767578125,3651578
2022-02-04,703.8945922851562,3284198
2022-02-07,690.5047607421875,6833983
2022-02-08,692.8504638671875,7167684
2022-02-09,703.0638427734375,10185173
2022-02-10,707.6574096679688,6074014
2022-02-11,698.9589233398438,5646980
2022-02-14,674.0850830078125,7441445
2022-02-15,695.4404296875,4650249
2022-02-16,705.4583129882812,5433910
2022-02-17,700.7669677734375,5107708
2022-02-18,696.4177856445312,4099366
2022-02-21,693.8766479492188,4307430
2022-02-22,683.4188842773438,9148804
2022-02-23,688.4522705078125,4124469
2022-02-24,655.7107543945312,14139461
2022-02-25,673.0588989257812,6452099
2022-02-28,670.9575805664062,8301523
2022-03-02,658.9849243164062,10220908
2022-03-03,656.8346557617188,6517030
2022-03-04,638.900146484375,7094874
2022-03-07,660.10888671875,12615451
2022-03-08,667.5367431640625,8462985
2022-03-09,675.8443603515625,9896395
2022-03-10,681.952880859375,5989327
2022-03-11,679.1184692382812,3353880
2022-03-14,684.5428466796875,4016137
2022-03-15,687.181640625,6006439
2022-03-16,695.8802490234375,3843706
2022-03-17,706.5335083007812,8168953
2022-03-21,692.166259765625,6317305
2022-03-22,702.9661254882812,3000133
2022-03-23,688.9898681640625,7974713
2022-03-24,690.3580932617188,3597143
2022-03-25,693.2902221679688,2930336
2022-03-28,716.4536743164062,7960258
2022-03-29,737.8578491210938,15833573
2022-03-30,732.5311889648438,9938988
2022-03-31,737.8578491210938,7371181
2022-04-01,741.3274536132812,5920139
2022-04-04,750.4168701171875,5783224
2022-04-05,749.2440795898438,3990794
2022-04-06,758.0891723632812,7490027
2022-04-07,745.1392211914062,5818505
2022-04-08,744.8458862304688,5583587
2022-04-11,740.8876342773438,4927865
2022-04-12,724.8589477539062,3904026
2022-04-13,723.8816528320312,6343030
2022-04-18,712.9840087890625,8950327
2022-04-19,707.1198120117188,9957060
2022-04-20,722.6109619140625,6632292
2022-04-21,719.092529296875,6111830
2022-04-22,722.0245971679688,5182247
2022-04-25,722.6109619140625,3571031
2022-04-26,739.1773071289062,4987848
2022-04-27,735.4633178710938,4571399
2022-04-28,730.4298706054688,6101866
2022-04-29,722.2689819335938,7219115
2022-05-02,724.565673828125,3938533
2022-05-04,706.0447998046875,6785271
2022-05-05,702.6728515625,4836692
2022-05-06,694.1697998046875,5912312
2022-05-09,695.3915405273438,4819274
2022-05-10,703.3571166992188,6746893
2022-05-11,706.4845581054688,6919703
2022-05-12,689.4296875,6754953
2022-05-13,674.2806396484375,11938252
2022-05-16,677.505859375,5412233
2022-05-17,691.0423583984375,4847812
2022-05-18,680.3890991210938,18992703
2022-05-19,658.9849243164062,7322668
2022-05-20,672.3258056640625,5577407
2022-05-23,670.322265625,3788601
2022-05-24,662.845458984375,4053608
2022-05-25,672.6190795898438,4188088
2022-05-26,677.9457397460938,5780597
2022-05-27,668.9050903320312,7131633
2022-05-30,683.223388671875,4675033
2022-05-31,684.3474731445312,44593174
2022-06-01,678.9231567382812,3749781
2022-06-02,680.1936645507812,3466993
2022-06-03,670.9575805664062,6673615
2022-06-06,667.4879150390625,6407024
2022-06-07,669.7847900390625,8349903
2022-06-08,648.2827758789062,13904149
2022-06-09,661.0372924804688,6774925
2022-06-10,658.1052856445312,3221484
2022-06-13,656.1017456054688,5982102
2022-06-14,666.6083374023438,8878530
2022-06-15,666.6571655273438,6005970
2022-06-16,639.3888549804688,9525587
2022-06-17,629.0777587890625,11085830
2022-06-20,626.3899536132812,3883001
2022-06-21,639.486572265625,3515991
2022-06-22,628.2957763671875,4348884
2022-06-23,645.2530517578125,4336533
2022-06-24,656.0039672851562,5621332
2022-06-27,668.4652709960938,5284297
2022-06-28,665.7286376953125,3216376
2022-06-29,672.2281494140625,5011798
2022-06-30,669.442626953125,6505666
2022-07-01,658.2030639648438,4488771
2022-07-04,666.4617309570312,4229588
2022-07-05,668.9539794921875,3494504
2022-07-06,678.2388305664062,4697006
2022-07-07,671.250732421875,3485283
2022-07-08,679.4117431640625,2732170
2022-07-11,645.5950927734375,18687521
2022-07-12,647.9895629882812,7416645
2022-07-13,628.9310913085938,12030163
2022-07-14,627.1229858398438,11379990
2022-07-15,637.0431518554688,5567877
2022-07-18,648.0384521484375,8982417
2022-07-19,657.66552734375,7836419
2022-07-20,655.4664306640625,4458819
2022-07-21,662.9920654296875,3550107
2022-07-22,663.480712890625,2415220
2022-07-25,663.0409545898438,2913348
2022-07-26,668.6119384765625,5016687
2022-07-27,659.6201782226562,6237523
2022-07-28,651.75244140625,7374170
2022-07-29,662.6011352539062,7669970
2022-08-01,681.744384765625,8812526
2022-08-02,674.2343139648438,6236599
2022-08-03,680.4682006835938,5237250
2022-08-04,681.5971069335938,6352142
2022-08-05,690.7760620117188,5811092
2022-08-08,691.4631958007812,5918607
2022-08-10,702.163818359375,12201239
2022-08-11,696.8134765625,7142902
2022-08-12,696.7153930664062,4540159
2022-08-16,691.2178344726562,6679663
2022-08-17,709.7229614257812,8812954
2022-08-18,719.785400390625,10354897
2022-08-19,718.90185546875,13743828
2022-08-22,714.287841796875,8118490
2022-08-23,724.1048583984375,8229797
2022-08-24,725.2338256835938,14922081
2022-08-25,727.4426879882812,9849958
2022-08-26,717.4783935546875,5928897
2022-08-29,707.4158325195312,5878942
2022-08-30,713.30615234375,8894800
2022-09-01,721.6015014648438,11869518
2022-09-02,721.552490234375,5693707
2022-09-05,726.853759765625,3660135
2022-09-06,747.3221435546875,10166270
2022-09-07,739.3212280273438,126794211
2022-09-08,755.7156982421875,10648073
2022-09-09,751.7398681640625,4627905
2022-09-12,755.07763671875,2654087
2022-09-13,769.9013671875,8335652
2022-09-14,769.017822265625,6645392
2022-09-15,770.73583984375,5485310
2022-09-16,765.3856201171875,20211162
2022-09-19,768.4288330078125,5760313
2022-09-20,777.6568603515625,7936714
2022-09-21,765.9254760742188,9966193
2022-09-22,769.754150390625,7721133
2022-09-23,757.2373657226562,9271829
2022-09-26,741.235595703125,13144297
2022-09-27,746.6840209960938,5965026
2022-09-28,747.5184936523438,5546932
2022-09-29,750.6600341796875,5413233
2022-09-30,785.2650756835938,7469164
2022-10-03,788.6519165039062,12619046
2022-10-04,793.904052734375,5772140
2022-10-06,774.1717529296875,6503205
2022-10-07,778.5894165039062,6025982
2022-10-10,777.8531494140625,3519416
2022-10-11,766.023681640625,3699862
2022-10-12,761.360595703125,5984299
2022-10-13,754.832275390625,2842056
2022-10-14,751.9362182617188,3608210
2022-10-17,751.9852905273438,4566333
2022-10-18,768.821533203125,4391263
2022-10-19,769.0669555664062,5219180
2022-10-20,778.3931884765625,4756732
2022-10-21,782.85986328125,4807736
2022-10-24,787.4247436523438,522406
2022-10-25,787.62109375,3184277
2022-10-27,802.1503295898438,8159181
2022-10-28,801.9049072265625,3905093
2022-10-31,816.7777099609375,5487233
2022-11-01,820.2628173828125,10488759
2022-11-02,795.032958984375,11729925
2022-11-03,803.6720581054688,5897840
2022-11-04,801.4631958007812,3768226
2022-11-07,807.6478881835938,7171570
2022-11-09,804.064697265625,3969171
2022-11-10,810.64208984375,4425290
2022-11-11,811.7710571289062,4325441
2022-11-14,806.862548828125,10406576
2022-11-15,819.96826171875,6229710
2022-11-16,825.8094482421875,3445345
2022-11-17,830.6689453125,4545534
2022-11-18,821.980712890625,7405949
2022-11-21,835.62646484375,5527122
2022-11-22,832.09228515625,7601660
2022-11-23,827.8219604492188,4596816
2022-11-24,832.82861328125,3455310
2022-11-25,831.3560180664062,2991065
2022-11-28,822.0789794921875,3668846
2022-11-29,820.5573120117188,2680296
2022-11-30,833.2212524414062,6874390
2022-12-01,833.0740356445312,4506664
2022-12-02,833.1231689453125,3505272
2022-12-05,828.6563720703125,3311316
2022-12-06,818.10302734375,5567349
2022-12-07,818.7411499023438,3771882
2022-12-08,817.3667602539062,4822179
2022-12-09,819.624755859375,4615843
2022-12-12,813.24365234375,3149823
2022-12-13,822.717041015625,3832999
2022-12-14,814.0289916992188,7491333
2022-12-15,811.2310180664062,2996482
2022-12-16,807.6969604492188,4309644
2022-12-19,825.0241088867188,6397169
2022-12-20,813.7835083007812,2828863
2022-12-21,799.1071166992188,5079337
2022-12-22,801.6594848632812,3626834
2022-12-23,793.85498046875,2804496
2022-12-26,796.1619873046875,6023206
2022-12-27,799.8924560546875,1782053
2022-12-28,789.0936889648438,2907741
2022-12-29,805.7335815429688,6110313
2022-12-30,791.3516235351562,3113243
2023-01-02,798.6162109375,1626846
2023-01-03,802.6411743164062,1717603
2023-01-04,796.9473266601562,2970216
2023-01-05,792.3333129882812,5297349
2023-01-06,781.4364013671875,3199618
2023-01-09,804.4082641601562,4340729
2023-01-10,778.343994140625,8392344
2023-01-11,751.54345703125,28389020
2023-01-12,743.0518188476562,12732671
2023-01-13,750.3163452148438,12279288
2023-01-16,745.2606201171875,5779293
2023-01-17,751.6907348632812,6594428
2023-01-18,762.3422241210938,5800899
2023-01-19,757.87548828125,4169463
2023-01-20,750.4636840820312,6289718
2023-01-23,758.562744140625,2685320
2023-01-24,761.458740234375,5012125
2023-01-25,762.2931518554688,6560514
2023-01-27,760.3297119140625,6745926
2023-01-30,756.1084594726562,5420851
2023-01-31,756.2066650390625,8537557
2023-02-01,755.028564453125,4472974
2023-02-02,763.520263671875,2841909
2023-02-03,778.3931884765625,5493687
2023-02-06,774.8098754882812,2407975
2023-02-07,771.5211791992188,4126502
2023-02-08,760.9187622070312,9951783
2023-02-09,752.6234130859375,5913945
2023-02-10,757.8264770507812,2954992
2023-02-13,754.5376586914062,3705892
2023-02-14,761.0170288085938,3502010
2023-02-15,771.0303955078125,3602838
2023-02-16,770.0977172851562,3399428
2023-02-17,762.587646484375,3093216
2023-02-20,764.8947143554688,3381774
2023-02-21,764.7965087890625,2769616
2023-02-22,758.0228271484375,3261898
2023-02-23,748.9911499023438,4062194
2023-02-24,743.2481079101562,4357223
2023-02-27,739.125,6719439
2023-02-28,728.6698608398438,10562614
2023-03-01,736.4744262695312,3744982
2023-03-02,726.5591430664062,4910541
2023-03-03,750.41455078125,5759333
2023-03-06,752.5742797851562,4597345
2023-03-08,752.5252075195312,3546995
2023-03-09,759.2498779296875,5240056
2023-03-10,759.593505859375,4113931
2023-03-13,751.298095703125,3447889
2023-03-14,757.6791381835938,3753502
2023-03-15,742.806396484375,8101060
2023-03-16,732.3021850585938,7465693
2023-03-17,743.3953857421875,9306857
2023-03-20,740.9901733398438,3566109
2023-03-21,743.1008911132812,5332221
2023-03-22,742.85546875,2680654
2023-03-23,749.580078125,2454948
2023-03-24,748.500244140625,2336818
2023-03-27,747.8130493164062,2258853
2023-03-28,734.7564086914062,4166723
2023-03-29,729.9950561523438,4891868
2023-03-31,735.2963256835938,5796532
2023-04-03,746.635009765625,2120667
2023-04-05,749.4819946289062,3197932
2023-04-06,751.9362182617188,1777379
2023-04-10,755.6666870117188,1701065
2023-04-11,759.9862060546875,3485481
2023-04-12,756.991943359375,3794841
2023-04-13,753.01611328125,4292170
2023-04-17,745.75146484375,9083437
2023-04-18,745.8496704101562,4051481
2023-04-19,750.6600341796875,3429794
2023-04-20,758.1700439453125,2355441
2023-04-21,751.199951171875,4524208
2023-04-24,746.3404541015625,5271105
2023-04-25,758.4645385742188,5773233
2023-04-26,759.2990112304688,5057352
2023-04-27,772.1102294921875,4129769
2023-04-28,784.6759643554688,6572656
2023-05-02,775.7425537109375,6301210
2023-05-03,765.0419311523438,3908267
2023-05-04,774.6626586914062,2457671
2023-05-05,772.8955688476562,1438467
2023-05-08,779.2275390625,2489174
2023-05-09,779.0802612304688,2486331
2023-05-10,781.4854736328125,2737334
2023-05-11,774.1717529296875,4808171
2023-05-12,777.4605102539062,2576010
2023-05-15,782.4671630859375,7569060
2023-05-16,772.9447021484375,4846217
2023-05-17,777.7550659179688,6529233
2023-05-18,784.72509765625,11383252
2023-05-19,791.0079956054688,3432240
2023-05-22,787.1793823242188,9996762
2023-05-23,785.3141479492188,6516636
2023-05-24,786.7376708984375,9104329
2023-05-25,807.6478881835938,9570396
2023-05-26,802.9848022460938,6150206
2023-05-29,806.224365234375,3684829
2023-05-30,803.4757080078125,5148256
2023-05-31,834.3502807617188,47342125
2023-06-01,812.8018188476562,9713155
2023-06-02,821.1954345703125,6834131
2023-06-05,819.2319946289062,5298053
2023-06-06,814.2744140625,2722174
2023-06-07,828.8036499023438,4110739
2023-06-08,820.7045288085938,4050621
2023-06-09,818.2503051757812,3332436
2023-06-12,821.0481567382812,1569715
2023-06-13,819.084716796875,3224345
2023-06-14,812.8018188476562,5108720
2023-06-15,814.5198364257812,3865201
2023-06-16,822.4716186523438,4907797
2023-06-19,812.9981689453125,3017364
2023-06-20,815.9923706054688,2691557
2023-06-21,823.6497192382812,3022724
2023-06-22,827.380126953125,4380046
2023-06-23,839.1605224609375,7667340
2023-06-26,836.3627319335938,4431992
2023-06-27,849.0758056640625,5533649
2023-06-28,856.2422485351562,6272649
2023-06-30,862.6724243164062,5217511
2023-07-03,863.0650634765625,3333167
2023-07-04,849.3212280273438,7397493
2023-07-05,850.7938232421875,4284477
2023-07-06,853.7388916015625,6365222
2023-07-07,854.5242309570312,18763997
2023-07-10,869.2008056640625,4310681
2023-07-11,875.5818481445312,3353977
2023-07-12,873.6675415039062,3033186
2023-07-13,868.8571166992188,4228714
2023-07-14,870.2805786132812,3860080
2023-07-17,862.0343017578125,5614592
2023-07-18,859.4328002929688,4731911
2023-07-19,854.8187866210938,6641825
2023-07-20,868.6607666015625,3779959
2023-07-21,869.7897338867188,7001587
2023-07-24,871.9004516601562,4125577
2023-07-25,867.4827880859375,3652262
2023-07-26,873.1276245117188,2845581
2023-07-27,878.7723388671875,3445446
2023-07-28,878.7232666015625,2314339
2023-07-31,873.618408203125,4424817
2023-08-01,875.33642578125,2087412
2023-08-02,862.0343017578125,3328903
2023-08-03,855.75146484375,4642067
2023-08-04,873.373046875,7066276
2023-08-07,875.0909423828125,4086452
2023-08-08,869.2008056640625,3282856
2023-08-09,867.5318603515625,3185159
2023-08-10,858.794677734375,3439922
2023-08-11,858.548095703125,2812690
2023-08-14,855.0963745117188,2665905
2023-08-16,845.1356201171875,3962408
2023-08-17,844.8890991210938,3013019
2023-08-18,844.4453125,4929835
2023-08-21,859.9288330078125,3220142
2023-08-22,865.5502319335938,3333869
2023-08-23,856.1812133789062,1860153
2023-08-24,857.4632568359375,2842728
2023-08-25,861.4573974609375,3124339
2023-08-28,858.350830078125,3094455
2023-08-29,843.4097290039062,14064286
2023-08-30,845.924560546875,3261665
2023-08-31,844.5932006835938,12528190
2023-09-01,854.0115356445312,4427899
2023-09-04,853.3704833984375,3102649
2023-09-05,853.9622192382812,2216754
2023-09-06,868.1636962890625,4235096
2023-09-07,863.2326049804688,4532834
2023-09-08,873.6371459960938,3741470
2023-09-11,878.5189208984375,2733894
2023-09-12,878.12451171875,4106031
2023-09-13,902.533203125,5222561
2023-09-14,902.3359985351562,5513106
2023-09-15,923.2437744140625,14003428
2023-09-18,907.5136108398438,2977375
2023-09-20,898.1445922851562,5241903
2023-09-21,905.2946166992188,4896202
2023-09-22,898.8349609375,6112928
2023-09-25,897.8487548828125,5278045
2023-09-26,900.1170043945312,5355047
2023-09-27,907.5628662109375,4713145
2023-09-28,912.8884887695312,7386917
2023-09-29,913.628173828125,5608557
2023-10-03,912.5432739257812,4338272
2023-10-04,911.5077514648438,5603669
2023-10-05,916.0443725585938,7063132
2023-10-06,913.282958984375,2420855
2023-10-09,911.8036499023438,2248103
2023-10-10,935.2755126953125,7897875
2023-10-11,942.425537109375,5645289
2023-10-12,937.2479248046875,5544735
2023-10-13,941.0448608398438,4421671
2023-10-16,933.5003051757812,1881721
2023-10-17,940.5025024414062,3863410
2023-10-18,939.7134399414062,2334392
2023-10-19,929.949951171875,4306963
2023-10-20,932.1689453125,3125104
2023-10-23,926.3502807617188,2180066
2023-10-25,909.8804931640625,6365249
2023-10-26,893.0162963867188,6595332
2023-10-27,901.9907836914062,3508393
2023-10-30,913.480224609375,3686768
2023-10-31,901.7936401367188,5697563
2023-11-01,900.856689453125,4821458
2023-11-02,911.11328125,6611573
2023-11-03,917.9181518554688,3895154
2023-11-06,926.251708984375,2760800
2023-11-07,924.22998046875,3616946
2023-11-08,923.83544921875,1808553
2023-11-09,919.49609375,3914416
2023-11-10,922.6026611328125,1345614
2023-11-13,922.1095581054688,1656368
2023-11-15,936.9027709960938,4816316
2023-11-16,936.458984375,5310736
2023-11-17,934.239990234375,3249469
2023-11-20,948.1456298828125,4646962
2023-11-21,957.4652709960938,5704644
2023-11-22,956.3804931640625,3309732
2023-11-23,963.1853637695312,2749555
2023-11-24,959.733642578125,2322104
2023-11-28,971.3215942382812,5096984
2023-11-29,981.6768798828125,5647918
2023-11-30,1000.7107543945312,9934052
2023-12-01,1000.7107543945312,5544950
2023-12-04,1018.659912109375,5164902
2023-12-05,1016.8847045898438,4266159
2023-12-06,1010.3262939453125,4121251
2023-12-07,986.2134399414062,13805235
2023-12-08,986.4599609375,6630766
2023-12-11,987.0516967773438,6195119
2023-12-12,981.5288696289062,7119331
2023-12-13,986.1148071289062,4153219
2023-12-14,991.3417358398438,6541673
2023-12-15,978.8661499023438,10119597
2023-12-18,976.5978393554688,5750263
2023-12-19,974.8226928710938,3912964
2023-12-20,958.1556396484375,3990591
2023-12-21,964.4181518554688,4294277
2023-12-22,975.907470703125,4605120
2023-12-26,986.0654907226562,2460643
2023-12-27,1007.1211547851562,4791379
2023-12-28,1022.4073486328125,5288328
2023-12-29,1017.969482421875,4631749
2024-01-01,999.08349609375,3804406
2024-01-02,1007.6143188476562,6865791
2024-01-03,1020.9281616210938,3604276
2024-01-04,1033.453125,4664043
2024-01-05,1032.1710205078125,4008221
2024-01-08,1034.5872802734375,4489695
2024-01-09,1049.82421875,3371125
2024-01-10,1048.0489501953125,3111573
2024-01-11,1048.1968994140625,2604325
2024-01-12,1061.5107421875,3394013
2024-01-15,1087.2017822265625,3312897
2024-01-16,1080.7913818359375,5025540
2024-01-17,1070.2880859375,4568700
2024-01-18,1072.0634765625,4407330
2024-01-19,1109.4901123046875,11753391
2024-01-23,1142.03515625,18194595
2024-01-24,1173.544677734375,9546592
2024-01-25,1144.550048828125,11424697
2024-01-29,1146.1279296875,4015858
2024-01-30,1142.67626953125,3902023
2024-01-31,1154.56005859375,5981966
2024-02-01,1135.328857421875,3606209
2024-02-02,1134.9344482421875,4969983
2024-02-05,1098.197998046875,7809331
2024-02-06,1118.4154052734375,9863065
2024-02-07,1118.661865234375,2770694
2024-02-08,1126.4036865234375,6519392
2024-02-09,1104.8055419921875,4203171
2024-02-12,1103.2769775390625,3887976
2024-02-13,1102.4385986328125,3211554
2024-02-14,1100.4661865234375,4653070
2024-02-15,1105.2493896484375,5056712
2024-02-16,1104.55908203125,3091952
2024-02-19,1126.4530029296875,4711035
2024-02-20,1128.1787109375,5397418
2024-02-21,1124.1846923828125,4570259
2024-02-22,1119.894775390625,8642368
2024-02-23,1110.2298583984375,6709844
2024-02-26,1094.7462158203125,3186134
2024-02-27,1111.9556884765625,7149094
2024-02-28,1113.1883544921875,5302711
2024-02-29,1107.8629150390625,13818650
2024-03-01,1113.1390380859375,5927490
2024-03-04,1117.8729248046875,5855090
2024-03-05,1152.784912109375,5375008
2024-03-06,1177.242919921875,5464839
2024-03-07,1183.16015625,8903981
2024-03-11,1180.1029052734375,6679208
2024-03-12,1187.6475830078125,4249548
2024-03-13,1152.6368408203125,7528096
2024-03-14,1178.130615234375,8569080
2024-03-15,1203.180419921875,10115416
2024-03-18,1208.4073486328125,4141080
2024-03-19,1211.415283203125,7703719
2024-03-20,1214.8177490234375,6596032
2024-03-21,1203.9693603515625,9952250
2024-03-22,1219.0584716796875,7840007
2024-03-26,1196.37548828125,10898138
2024-03-27,1207.914306640625,5779169
2024-03-28,1211.6617431640625,10518377
2024-04-01,1200.56689453125,5461473
2024-04-02,1191.5924072265625,3625577
2024-04-03,1208.8017578125,9532291
2024-04-04,1190.211669921875,7327626
2024-04-05,1174.5802001953125,4227519
2024-04-08,1188.0911865234375,4827733
2024-04-09,1187.8447265625,3372798
2024-04-10,1212.4508056640625,6442196
2024-04-12,1208.6539306640625,7877073
2024-04-15,1207.667724609375,4281602
2024-04-16,1199.6793212890625,5235632
2024-04-18,1248.2996826171875,19939924
2024-04-19,1271.2291259765625,13103862
2024-04-22,1279.6612548828125,7894656
2024-04-23,1323.8436279296875,12074766
2024-04-24,1317.9755859375,6277492
2024-04-25,1320.243896484375,8512627
2024-04-26,1307.718994140625,5289771
2024-04-29,1314.080078125,3195888
2024-04-30,1304.070068359375,5272565
2024-05-02,1286.0716552734375,7995432
2024-05-03,1259.7890625,11290875
2024-05-06,1265.706298828125,5555467
2024-05-07,1268.41845703125,5767030
2024-05-08,1270.8345947265625,2682816
2024-05-09,1257.8658447265625,4809145
2024-05-10,1283.211669921875,5532513
2024-05-13,1268.22119140625,3703942
2024-05-14,1266.593994140625,3262908
2024-05-15,1291.8409423828125,6891004
2024-05-16,1326.5556640625,11932181
2024-05-17,1325.9146728515625,6614017
2024-05-21,1325.766845703125,5422220
2024-05-22,1329.317138671875,3026723
2024-05-23,1355.1065673828125,7147341
2024-05-24,1369.357421875,5622368
2024-05-27,1365.2645263671875,6553974
2024-05-28,1352.14794921875,2068963
2024-05-29,1358.114501953125,4445083
2024-05-30,1358.163818359375,7100303
2024-05-31,1353.824462890625,24825643
2024-06-03,1371.9215087890625,6017122
2024-06-04,1281.781494140625,19924421
2024-06-05,1325.81591796875,12175520
2024-06-06,1351.7042236328125,10279789
2024-06-07,1405.6005859375,12280748
2024-06-10,1406.3896484375,5318477
2024-06-11,1407.5731201171875,4416792
2024-06-12,1418.5693359375,4876138
2024-06-13,1406.0938720703125,7990376
2024-06-14,1407.7210693359375,3978442
2024-06-18,1408.657958984375,8671131
2024-06-19,1373.154296875,8640918
2024-06-20,1362.1087646484375,8742855
2024-06-21,1396.527587890625,43929578
2024-06-24,1400.2259521484375,6195831
2024-06-25,1395.442626953125,6353748
2024-06-26,1439.3785400390625,9579826
2024-06-27,1455.453857421875,19675528
2024-06-28,1424.1416015625,29145832
2024-07-01,1433.954345703125,6011806
2024-07-02,1399.3875732421875,7792632
2024-07-03,1400.275146484375,8261388
2024-07-04,1403.4310302734375,9570938
2024-07-05,1409.9892578125,4881198
2024-07-08,1415.3642578125,3261797
2024-07-09,1415.7587890625,2897480
2024-07-10,1425.1278076171875,3416762
2024-07-11,1418.1256103515625,4178558
2024-07-12,1413.4903564453125,6342135
2024-07-15,1417.7803955078125,3324806
2024-07-16,1446.281982421875,6967651
2024-07-18,1463.195556640625,6470342
2024-07-19,1441.597412109375,3858596
2024-07-22,1445.197265625,3560584
2024-07-23,1445.492919921875,2936143
2024-07-24,1435.1378173828125,4529339
2024-07-25,1429.171142578125,4277756
2024-07-26,1493.5216064453125,9564987
2024-07-29,1460.92724609375,4589313
2024-07-30,1450.078857421875,4263689
2024-07-31,1470.98681640625,5634305
2024-08-01,1484.7442626953125,4531379
2024-08-02,1473.2056884765625,3335905
2024-08-05,1445.492919921875,5111901
2024-08-06,1423.6484375,8249573
2024-08-07,1429.7969970703125,5700734
2024-08-08,1439.7637939453125,5986360
2024-08-09,1451.961669921875,3615910
2024-08-12,1446.50732421875,4028226
2024-08-13,1447.59814453125,4495208
2024-08-14,1459.4986572265625,5891784
2024-08-16,1471.25048828125,7176426
2024-08-19,1457.4658203125,4404075
2024-08-20,1437.1357421875,10046892
2024-08-21,1451.317138671875,6175510
2024-08-22,1474.0272216796875,6781325
2024-08-23,1494.2581787109375,6238112
2024-08-26,1501.0018310546875,4307432
2024-08-27,1510.12548828125,3965066
2024-08-28,1543.4468994140625,6225319
2024-08-29,1552.9178466796875,8036748
2024-08-30,1575.8758544921875,37820442
2024-09-02,1558.322509765625,4890314
2024-09-03,1547.6617431640625,4546295
2024-09-04,1548.950927734375,5213811
2024-09-05,1534.372802734375,5652812
2024-09-06,1526.48876953125,5497805
2024-09-09,1529.860595703125,3912508
2024-09-10,1564.7686767578125,6163457
2024-09-11,1564.7191162109375,5994914
2024-09-12,1633.097412109375,12204496
2024-09-13,1620.8994140625,5609618
2024-09-16,1621.89111328125,3762063
2024-09-17,1647.97314453125,4223072
2024-09-18,1641.179931640625,3171195
2024-09-19,1651.04736328125,8498240
2024-09-20,1697.55859375,21646275
2024-09-23,1735.937744140625,5001827
2024-09-24,1742.0863037109375,7579205
2024-09-25,1745.8052978515625,4017103
2024-09-26,1756.41650390625,7417423
2024-09-27,1720.2191162109375,7116861
2024-09-30,1695.3768310546875,6907288
2024-10-01,1684.61669921875,3649090
2024-10-03,1659.5760498046875,7200276
2024-10-04,1627.2960205078125,8576527
2024-10-07,1648.2706298828125,5387707
2024-10-08,1643.708740234375,5224335
2024-10-09,1664.1875,3414614
2024-10-10,1664.1875,5047657
2024-10-11,1673.4105224609375,2367678
2024-10-14,1681.54248046875,2069815
2024-10-15,1703.012939453125,5891334
2024-10-16,1719.574462890625,3299887
2024-10-17,1687.0465087890625,4373392
2024-10-18,1693.69091796875,4154915
2024-10-21,1678.517822265625,3836168
2024-10-22,1678.22021484375,3070057
2024-10-23,1671.82373046875,2764757
2024-10-24,1664.53466796875,3669575
2024-10-25,1652.1878662109375,3434386
2024-10-28,1649.559814453125,2811651
2024-10-29,1623.5274658203125,6990747
2024-10-30,1619.80859375,4622628
2024-10-31,1599.2305908203125,4921681
2024-11-01,1603.048583984375,279441
2024-11-04,1578.0576171875,6094029
2024-11-05,1565.314208984375,6473278
2024-11-06,1585.5450439453125,6631728
2024-11-07,1562.7357177734375,5160994
2024-11-08,1556.8846435546875,3096384
2024-11-11,1547.6121826171875,3664301
2024-11-12,1542.7528076171875,4479934
2024-11-13,1537.5958251953125,5816699
2024-11-14,1537.6453857421875,5139154
2024-11-18,1524.25732421875,4816078
2024-11-19,1512.8526611328125,6238241
2024-11-21,1512.505615234375,7356679
2024-11-22,1556.2896728515625,7640321
2024-11-25,1565.6612548828125,12155641
2024-11-26,1564.1737060546875,4030593
2024-11-27,1564.5704345703125,4982785
2024-11-28,1547.46337890625,6714728
2024-11-29,1613.6600341796875,10775801
2024-12-02,1629.9735107421875,3790108
2024-12-03,1607.11474609375,9131055
2024-12-04,1570.966796875,8772014
2024-12-05,1601.957763671875,10324005
2024-12-06,1584.6029052734375,4296866
2024-12-09,1589.263916015625,4264409
2024-12-10,1565.5621337890625,14645786
2024-12-11,1572.85107421875,3853182
2024-12-12,1597.1976318359375,13120939
2024-12-13,1667.8072509765625,12900707
2024-12-16,1648.7664794921875,4375126
2024-12-17,1601.908203125,6182486
2024-12-18,1588.619384765625,3905144
2024-12-19,1587.0325927734375,5865855
2024-12-20,1565.0166015625,9738879
2024-12-23,1573.74365234375,4363599
2024-12-24,1570.7685546875,3610076
2024-12-26,1586.2392578125,3400479
2024-12-27,1586.5863037109375,2559578
2024-12-30,1573.74365234375,4438130
2024-12-31,1574.586669921875,2249626
2025-01-01,1582.470703125,1405565
2025-01-02,1596.3546142578125,3728040
2025-01-03,1585.5946044921875,3669685
2025-01-06,1575.28076171875,4584188
2025-01-07,1577.660888671875,2830856
2025-01-08,1585.941650390625,3674564
2025-01-09,1593.7266845703125,4684859
2025-01-10,1602.5032958984375,4145892
2025-01-13,1583.958251953125,3705039
2025-01-14,1586.834228515625,7284572
2025-01-15,1594.123291015625,2960985
2025-01-16,1616.6846923828125,5299325
2025-01-17,1614.007080078125,2678801
2025-01-20,1627.5439453125,3933044
2025-01-21,1612.6683349609375,7958844
2025-01-22,1618.2218017578125,3262136
2025-01-23,1622.4366455078125,2457080
2025-01-24,1631.1636962890625,3620058
2025-01-27,1589.3134765625,6622807
2025-01-28,1604.932861328125,5216471
2025-01-29,1587.1812744140625,5009227
2025-01-30,1627.147216796875,4283637
2025-01-31,1612.8170166015625,8340866
2025-02-01,1609.7923583984375,2741589
2025-02-03,1638.6510009765625,4146970
2025-02-04,1647.675537109375,6385876
2025-02-05,1646.683837890625,3920893
2025-02-06,1606.3212890625,5229162
2025-02-07,1662.8487548828125,14873255
2025-02-10,1679.013671875,6782878
2025-02-11,1682.6829833984375,8965266
2025-02-12,1697.3603515625,7148192
2025-02-13,1700.3848876953125,5356002
2025-02-14,1702.814697265625,5125863
2025-02-17,1661.65869140625,4906462
2025-02-18,1655.0638427734375,7529598
2025-02-19,1631.560302734375,7776555
2025-02-20,1629.8743896484375,5524503
2025-02-21,1625.65966796875,5447583
2025-02-24,1588.0242919921875,4673190
2025-02-25,1627.7918701171875,6286808
2025-02-27,1636.71728515625,7568745
2025-02-28,1557.18212890625,13640211
2025-03-03,1582.5699462890625,6993525
2025-03-04,1562.2894287109375,5219668
2025-03-05,1604.833740234375,6295425
2025-03-06,1613.412109375,5174009
2025-03-07,1617.1805419921875,3035558
2025-03-10,1617.428466796875,3778450
2025-03-11,1649.1630859375,6078564
2025-03-12,1629.229736328125,9907628
2025-03-13,1618.965576171875,8317331
2025-03-17,1625.560546875,6405522
2025-03-18,1625.560546875,0
2025-03-19,1623.5770263671875,6283464
2025-03-20,1691.1124267578125,12074465
2025-03-21,1711.4921875,14715349
2025-03-24,1704.5501708984375,4120999
2025-03-25,1716.153076171875,4857399
2025-03-26,1724.136474609375,7142394
2025-03-27,1710.401123046875,6222339
2025-03-28,1719.0291748046875,4133264
2025-04-01,1709.8558349609375,6773056
2025-04-02,1740.0533447265625,6431226
2025-04-03,1731.524658203125,2341989
2025-04-04,1728.9957275390625,7817334
2025-04-07,1672.666748046875,14870388
2025-04-08,1706.1368408203125,7206935
2025-04-09,1701.3271484375,5600666
2025-04-11,1742.0367431640625,8340002
2025-04-15,1783.886962890625,10313411
2025-04-16,1807.489501953125,6180958
2025-04-17,1873.438232421875,10894325
2025-04-21,1867.7855224609375,3501123
2025-04-22,1836.8441162109375,6155127
2025-04-23,1866.0003662109375,6855027
2025-04-24,1830.298828125,5180688
2025-04-25,1802.13427734375,4570083
2025-04-28,1806.6962890625,3301891
2025-04-29,1808.6796875,4684155
2025-04-30,1849.042236328125,9139821
2025-05-02,1832.8773193359375,3866806
2025-05-05,1850.52978515625,3548839
2025-05-06,1885.2396240234375,8597920
2025-05-07,1881.074462890625,5554616
2025-05-08,1859.35595703125,5500724
2025-05-09,1833.07568359375,3686209
2025-05-12,1855.2900390625,3936019
2025-05-13,1805.506103515625,8817763
2025-05-14,1818.993408203125,7401614
2025-05-15,1851.7197265625,8788351
2025-05-16,1798.9608154296875,100662047
2025-05-19,1803.2252197265625,5799804
2025-05-20,1793.9031982421875,12512596
2025-05-21,1807.390380859375,6849562
2025-05-22,1816.2166748046875,6496923
2025-05-23,1816.5140380859375,3460945
2025-05-26,1832.083984375,3254715
2025-05-27,1828.513916015625,5847725
2025-05-28,1840.7117919921875,3713699
2025-05-29,1848.149658203125,5786774
2025-05-30,1840.8109130859375,16712960
2025-06-02,1838.7283935546875,3199499
2025-06-03,1826.0345458984375,5596977
2025-06-04,1859.851806640625,5892170
2025-06-05,1863.2236328125,8999675
2025-06-06,1854.6949462890625,4644174
2025-06-09,1849.63720703125,3649505
2025-06-10,1841.7034912109375,7925901
2025-06-11,1844.77783203125,8907265
2025-06-12,1828.910400390625,7346031
2025-06-13,1825.1419677734375,4613000
2025-06-16,1845.8687744140625,5722187
2025-06-17,1839.422607421875,6561555
2025-06-18,1850.4306640625,5069427
2025-06-19,1861.4385986328125,4712312
2025-06-20,1920.6435546875,16228526
2025-06-23,1920.2469482421875,2946463
2025-06-24,1917.5693359375,6837210
2025-06-25,1949.303955078125,4152765
2025-06-26,1997.600341796875,9413241
2025-06-27,2010.2940673828125,6405854
2025-06-30,1992.939208984375,5597484
2025-07-01,2002.657958984375,3769165
2025-07-02,2016.4427490234375,6513288
2025-07-03,2002.558837890625,5558647
2025-07-04,2000.4761962890625,2178315
2025-07-07,2017.037841796875,4165432
2025-07-08,2013.1700439453125,3624619
2025-07-09,2002.9554443359375,2937734
2025-07-10,1948.213134765625,5695845
2025-07-11,1905.96630859375,13103980
2025-07-14,1904.974609375,5269381
2025-07-15,1918.164306640625,4163140
2025-07-16,1920.54443359375,4211258
2025-07-17,1913.9000244140625,6256455
2025-07-18,1901.0,4643961
2025-07-21,1909.199951171875,5109654
2025-07-22,1906.800048828125,4513541
2025-07-23,1943.800048828125,5194282
2025-07-24,1936.0999755859375,4150685
2025-07-25,1937.9000244140625,3896884
2025-07-28,1890.300048828125,3575044
2025-07-29,1918.300048828125,3748040
2025-07-30,1932.5999755859375,5044683
2025-07-31,1914.300048828125,4674966
2025-08-01,1884.4000244140625,5192594
2025-08-04,1914.5999755859375,3074380
2025-08-05,1931.800048828125,5167672
2025-08-06,1929.699951171875,5461349
2025-08-07,1922.5999755859375,4268534
2025-08-08,1858.5999755859375,93801105
2025-08-11,1857.4000244140625,5266532
2025-08-12,1850.300048828125,4645011
2025-08-13,1867.4000244140625,6697206
2025-08-14,1873.800048828125,3958631
2025-08-18,1892.300048828125,7146376
2025-08-19,1909.699951171875,5706265
2025-08-20,1928.4000244140625,6962619
2025-08-21,1929.9000244140625,3376913
2025-08-22,1933.300048828125,3271920
2025-08-25,1930.699951171875,2451388
2025-08-26,1904.699951171875,5984656
2025-08-28,1881.0999755859375,5494113
2025-08-29,1888.800048828125,4339042
2025-09-01,1900.5999755859375,3421488
2025-09-02,1887.199951171875,4423049
2025-09-03,1883.9000244140625,3803044
2025-09-04,1880.4000244140625,5205333
2025-09-05,1895.300048828125,2620140
2025-09-08,1887.699951171875,2547552
2025-09-09,1893.699951171875,4517793
2025-09-10,1891.4000244140625,3566139
2025-09-11,1913.0,4718266
2025-09-12,1902.5999755859375,3192824
2025-09-15,1904.5,3553258
2025-09-16,1939.5,5427586
2025-09-17,1941.300048828125,4234637
2025-09-18,1941.0999755859375,5080814
2025-09-19,1962.4000244140625,11287603
2025-09-22,1956.199951171875,4469137
2025-09-23,1938.699951171875,4348633
2025-09-24,1931.0999755859375,5237977
2025-09-25,1935.5999755859375,7133365
2025-09-26,1916.5999755859375,3239306
2025-09-29,1902.199951171875,5072608
2025-09-30,1878.4000244140625,5945625
2025-10-01,1867.5999755859375,5675393
2025-10-03,1896.699951171875,5828332
2025-10-06,1903.0999755859375,2809218
2025-10-07,1929.0,5713060
2025-10-08,1943.5,4957406
2025-10-09,1942.0,3945737
2025-10-10,1939.9000244140625,2512581
2025-10-13,1954.9000244140625,3672419
2025-10-14,1946.5999755859375,4454239
2025-10-15,1968.5,3447352
2025-10-16,1967.4000244140625,3700674
2025-10-17,2012.0,6743801
2025-10-20,2051.5,7387180
2025-10-21,2043.5,240850
2025-10-23,2007.9000244140625,8790128
2025-10-24,2029.300048828125,3236799
2025-10-27,2080.10009765625,5796831
2025-10-28,2090.199951171875,9891522
2025-10-29,2100.60009765625,2742750
2025-10-30,2066.300048828125,4222189
2025-10-31,2054.5,4659723
2025-11-03,2074.0,2979629
2025-11-04,2113.300048828125,12263078
2025-11-06,2094.89990234375,9546299
2025-11-07,2001.199951171875,70392750
2025-11-10,2019.800048828125,7457061
2025-11-11,2042.300048828125,14825625
2025-11-12,2073.800048828125,8210277
2025-11-13,2091.800048828125,5958875
2025-11-14,2100.699951171875,6312655
2025-11-17,2112.199951171875,5998770
2025-11-18,2149.199951171875,10972556
2025-11-19,2159.800048828125,7419461
2025-11-20,2158.300048828125,7452899
2025-11-21,2162.699951171875,6720938
2025-11-24,2152.10009765625,9686848
2025-11-25,2161.60009765625,7102592
2025-11-26,2126.800048828125,43174047
2025-11-27,2115.60009765625,4444877
2025-11-28,2101.60009765625,6263457
2025-12-01,2089.699951171875,5058900
2025-12-02,2104.0,6591396
2025-12-03,2086.0,4357641
2025-12-04,2103.800048828125,4611819
2025-12-05,2108.800048828125,2938290
2025-12-08,2086.199951171875,4327091
2025-12-09,2089.699951171875,5139229
2025-12-10,2067.0,3987451
2025-12-11,2053.199951171875,3254850
2025-12-12,2083.39990234375,2706420
2025-12-15,2069.699951171875,3233614
2025-12-16,2102.0,5756692
2025-12-17,2108.0,6412516
2025-12-18,2092.0,3760341
2025-12-19,2097.699951171875,10127415
2025-12-22,2147.60009765625,7670853
2025-12-23,2122.89990234375,4110853
2025-12-24,2123.699951171875,3145464
2025-12-26,2105.39990234375,1297870
2025-12-29,2081.60009765625,2371034
2025-12-30,2099.800048828125,6983390
2025-12-31,2105.60009765625,2991434
2026-01-01,2110.39990234375,2097756
2026-01-02,2106.300048828125,2927138
2026-01-05,2105.0,2642580
2026-01-06,2105.300048828125,9119265
2026-01-07,2084.199951171875,4171371
2026-01-08,2066.300048828125,5534929
2026-01-09,2027.0999755859375,4165409
2026-01-12,2044.0,4689135
2026-01-13,2026.9000244140625,7388496
2026-01-14,2022.5,4842964
2026-01-15,2022.5,0
2026-01-16,2016.4000244140625,7310676
2026-01-19,2010.0,4272071
2026-01-20,1996.0,6076838
2026-01-21,1996.0999755859375,7952295
2026-01-22,2002.199951171875,6722567
2026-01-23,1984.699951171875,4340925
2026-01-27,1973.4000244140625,10510891
2026-01-28,1957.699951171875,9426909
2026-01-29,1967.9000244140625,6065044
2026-01-30,1968.699951171875,7683747
2026-02-02,1965.4000244140625,5326225
2026-02-03,1997.300048828125,6915795
2026-02-04,2025.800048828125,7464725
2026-02-05,1992.4000244140625,7708690
2026-02-06,2038.4000244140625,13870403
2026-02-09,2038.199951171875,7570161
2026-02-10,2011.300048828125,9077763
2026-02-11,2012.0999755859375,7423601
2026-02-12,2014.5,7437690
2026-02-13,2004.699951171875,4808543
2026-02-16,2029.4000244140625,3455964
2026-02-17,2020.300048828125,4471158
2026-02-18,2021.800048828125,2182669
2026-02-19,1988.5999755859375,4712417
2026-02-20,1977.4000244140625,5180301
2026-02-23,1997.300048828125,3728878
