date,adj_close,volume
2015-01-01,56.39250946044922,2893002
2015-01-02,55.547752380371094,6142290
2015-01-05,55.655487060546875,6566232
2015-01-06,55.09519577026367,13121010
2015-01-07,55.59514617919922,7856364
2015-01-08,58.409603118896484,16840194
2015-01-09,58.560455322265625,10079154
2015-01-12,58.30617904663086,3867444
2015-01-13,57.7156867980957,5972538
2015-01-14,56.177024841308594,7112274
2015-01-15,57.14677429199219,11808276
2015-01-16,56.83213806152344,7147248
2015-01-19,55.61669158935547,6617304
2015-01-20,55.82789993286133,4653270
2015-01-21,56.38819122314453,5534538
2015-01-22,56.638187408447266,4936338
2015-01-23,58.16394805908203,8706078
2015-01-27,59.65520477294922,11605284
2015-01-28,60.87925720214844,11438976
2015-01-29,63.258399963378906,19402494
2015-01-30,64.55142211914062,14754744
2015-02-02,64.5341796875,10153596
2015-02-03,62.70240020751953,9786834
2015-02-04,62.150718688964844,10960314
2015-02-05,64.6505355834961,18653808
2015-02-06,63.0084228515625,9303972
2015-02-09,61.35768127441406,8207352
2015-02-10,60.193965911865234,14683530
2015-02-11,61.452491760253906,4827102
2015-02-12,60.84477615356445,4276554
2015-02-13,62.48689270019531,22005114
2015-02-16,62.56879806518555,11987340
2015-02-18,62.8963623046875,4127406
2015-02-19,63.9781608581543,7744434
2015-02-20,63.943695068359375,4395330
2015-02-23,63.75836181640625,4430634
2015-02-24,65.2798080444336,7384584
2015-02-25,64.81001281738281,9594054
2015-02-26,64.28851318359375,8611818
2015-02-27,64.1548843383789,5141580
2015-03-02,67.19346618652344,18558558
2015-03-03,67.30551147460938,9442494
2015-03-04,66.41766357421875,10777344
2015-03-05,66.92192840576172,7745406
2015-03-09,65.85736083984375,10691736
2015-03-10,65.87460327148438,8797860
2015-03-11,64.72380065917969,3598278
2015-03-12,64.60743713378906,3971940
2015-03-13,63.04721450805664,5221908
2015-03-16,63.499752044677734,2856366
2015-03-17,64.7065658569336,6329616
2015-03-18,66.58574676513672,8524572
2015-03-19,64.94363403320312,4517646
2015-03-20,62.67222213745117,5789646
2015-03-23,61.66799545288086,4267110
2015-03-24,63.85749435424805,12425196
2015-03-25,64.53848266601562,8616528
2015-03-26,65.71080780029297,16437222
2015-03-27,64.6160659790039,10540140
2015-03-30,66.31421661376953,7203846
2015-03-31,69.89155578613281,15727752
2015-04-01,69.32262420654297,6395814
2015-04-06,69.14159393310547,5115972
2015-04-07,68.58991241455078,5338818
2015-04-08,70.65442657470703,13900224
2015-04-09,69.9820556640625,6251700
2015-04-10,70.68889617919922,8098518
2015-04-13,70.54666900634766,5826048
2015-04-15,69.16746520996094,7068102
2015-04-16,69.03815460205078,8001768
2015-04-17,68.77523040771484,6567684
2015-04-20,69.26228332519531,7801080
2015-04-21,68.88731384277344,9105102
2015-04-22,69.3958740234375,11554200
2015-04-23,69.18040466308594,5109906
2015-04-24,67.27965545654297,4140084
2015-04-27,63.12479019165039,7453998
2015-04-28,65.95648193359375,10898772
2015-04-29,65.16343688964844,6079548
2015-04-30,65.92200469970703,12239616
2015-05-04,67.55549621582031,6247296
2015-05-05,67.00381469726562,5669406
2015-05-06,64.49536895751953,9049056
2015-05-07,62.922203063964844,7835052
2015-05-08,64.48245239257812,6661260
2015-05-11,64.71949768066406,4596036
2015-05-12,62.57309341430664,6562188
2015-05-13,63.4307975769043,5709978
2015-05-14,65.22808074951172,8644740
2015-05-15,66.1202621459961,5713560
2015-05-18,68.33993530273438,9579510
2015-05-19,67.60721588134766,4082520
2015-05-20,67.83565521240234,3304956
2015-05-21,66.97366333007812,3487548
2015-05-22,67.43482208251953,3380910
2015-05-25,68.25372314453125,5917968
2015-05-26,67.38742065429688,3009906
2015-05-27,68.69336700439453,5004018
2015-05-28,70.48634338378906,17573184
2015-05-29,73.28353118896484,14055870
2015-06-01,74.197265625,7888962
2015-06-02,72.9904556274414,6693198
2015-06-03,72.33964538574219,6242430
2015-06-04,74.71015930175781,9076686
2015-06-05,73.76195526123047,6505038
2015-06-08,72.67151641845703,5678730
2015-06-09,73.21891021728516,6719184
2015-06-10,72.74478912353516,6214632
2015-06-11,72.61548614501953,7230666
2015-06-12,72.1930923461914,6596406
2015-06-15,71.84829711914062,4985322
2015-06-16,70.72769927978516,13739532
2015-06-17,69.86138153076172,8158962
2015-06-18,71.8741683959961,8334918
2015-06-19,72.03363037109375,10627728
2015-06-22,72.93873596191406,8893092
2015-06-23,74.20590209960938,7067238
2015-06-24,73.13267517089844,8124672
2015-06-25,73.99039459228516,8971212
2015-06-26,74.309326171875,6327366
2015-06-29,75.15411376953125,10065324
2015-06-30,75.80061340332031,12221166
2015-07-01,76.54193115234375,10567200
2015-07-02,77.58065032958984,11362380
2015-07-03,77.82635498046875,9642438
2015-07-06,80.23992919921875,14890800
2015-07-07,80.3692398071289,10308678
2015-07-08,78.96849822998047,21047976
2015-07-09,74.70585632324219,22729302
2015-07-10,76.00748443603516,13542372
2015-07-13,78.38231658935547,11457930
2015-07-14,79.90375518798828,12379488
2015-07-15,79.10209655761719,6911448
2015-07-16,80.85626983642578,9387990
2015-07-17,80.99853515625,6695742
2015-07-20,83.04576873779297,12488844
2015-07-21,82.08033752441406,6307188
2015-07-22,83.79141235351562,6997932
2015-07-23,83.64054870605469,8923296
2015-07-24,83.23109436035156,9778230
2015-07-27,82.2742919921875,6139320
2015-07-28,81.45538330078125,8393730
2015-07-29,81.83032989501953,6921432
2015-07-30,81.64932250976562,9763290
2015-07-31,79.8864974975586,7913964
2015-08-03,78.33922576904297,10713894
2015-08-04,80.47269439697266,13755924
2015-08-05,80.21837615966797,7028724
2015-08-06,80.90799713134766,8748198
2015-08-07,82.36479187011719,11210442
2015-08-10,81.60621643066406,9969234
2015-08-11,79.75720977783203,8983368
2015-08-12,74.99462890625,15764058
2015-08-13,76.3091812133789,12599136
2015-08-14,75.31788635253906,14301696
2015-08-17,74.57654571533203,9525816
2015-08-18,77.2746353149414,11988600
2015-08-19,76.46866607666016,9754836
2015-08-20,77.75735473632812,16790154
2015-08-21,76.6884536743164,12428550
2015-08-24,70.56389617919922,14335530
2015-08-25,74.36966705322266,15342618
2015-08-26,72.20604705810547,11131890
2015-08-27,75.87388610839844,10730940
2015-08-28,76.161376953125,12107526
2015-08-31,78.12965393066406,15147240
2015-09-01,76.37366485595703,6153930
2015-09-02,75.11309051513672,10897218
2015-09-03,74.12674713134766,7986282
2015-09-04,75.24578857421875,8178066
2015-09-07,73.4411849975586,5877948
2015-09-08,72.6494369506836,6657216
2015-09-09,72.56098937988281,9907272
2015-09-10,74.28155517578125,15361362
2015-09-11,75.24136352539062,6733848
2015-09-14,77.88196563720703,9196044
2015-09-15,77.81118774414062,6176136
2015-09-16,76.28521728515625,8430468
2015-09-18,76.92216491699219,7152396
2015-09-21,77.07251739501953,5070582
2015-09-22,76.2011947631836,5933388
2015-09-23,77.55907440185547,3956502
2015-09-24,77.92618560791016,5856360
2015-09-28,78.15619659423828,5234808
2015-09-29,74.99810028076172,9199632
2015-09-30,75.254638671875,9221190
2015-10-01,75.64385986328125,7917072
2015-10-05,76.13924407958984,6550182
2015-10-06,77.4617919921875,8022018
2015-10-07,76.39137268066406,9349692
2015-10-08,75.63059997558594,6175332
2015-10-09,75.06001281738281,6165072
2015-10-12,75.10868072509766,4355766
2015-10-13,76.38694763183594,8031192
2015-10-14,76.28079986572266,4512738
2015-10-15,79.00543212890625,9365970
2015-10-16,80.61103820800781,10406160
2015-10-19,81.25236511230469,6140070
2015-10-20,80.71717071533203,5368296
2015-10-21,79.66891479492188,4277856
2015-10-23,80.51813507080078,4399380
2015-10-26,79.9475326538086,5264628
2015-10-27,80.91178894042969,11420244
2015-10-28,80.44735717773438,6413472
2015-10-29,77.76695251464844,12440094
2015-10-30,77.05927276611328,10099650
2015-11-02,77.1211929321289,6053736
2015-11-03,77.55465698242188,4376820
2015-11-04,78.37732696533203,3822780
2015-11-05,78.64273834228516,4922694
2015-11-06,79.27081298828125,4208082
2015-11-09,79.87236022949219,12706644
2015-11-10,77.56790924072266,7105122
2015-11-13,80.1510009765625,6901326
2015-11-16,79.49639129638672,7344072
2015-11-17,77.51484680175781,7002486
2015-11-18,78.2004165649414,3192474
2015-11-19,80.27045440673828,6606444
2015-11-20,81.04006958007812,5102562
2015-11-23,80.12004852294922,5525520
2015-11-24,80.27045440673828,5177028
2015-11-26,80.05370330810547,4895076
2015-11-27,79.73524475097656,3201420
2015-11-30,79.77062225341797,8882058
2015-12-01,82.50852966308594,9238092
2015-12-02,82.4598617553711,8326290
2015-12-03,81.38062286376953,5015892
2015-12-04,80.19082641601562,3626358
2015-12-07,80.5667953491211,5565606
2015-12-08,80.6773681640625,8616162
2015-12-09,78.04560852050781,6665106
2015-12-10,79.98292541503906,5594490
2015-12-11,78.98773956298828,5120418
2015-12-14,78.7356185913086,3884490
2015-12-15,78.7002182006836,2252190
2015-12-16,79.92985534667969,4870278
2015-12-17,79.96524047851562,5187336
2015-12-18,79.68217468261719,4418478
2015-12-21,79.3946533203125,3409950
2015-12-22,79.85467529296875,3324306
2015-12-23,79.68658447265625,5128014
2015-12-24,79.97850036621094,3247686
2015-12-28,79.90776062011719,2211558
2015-12-29,79.84580993652344,4788678
2015-12-30,78.88157653808594,3117588
2015-12-31,78.93464660644531,18646938
2016-01-01,79.2663803100586,1657350
2016-01-04,78.85945129394531,3606078
2016-01-05,79.85022735595703,5962272
2016-01-06,80.70388793945312,9086724
2016-01-07,78.22252655029297,5033250
2016-01-08,79.92985534667969,4050576
2016-01-11,78.55870819091797,4601892
2016-01-12,78.74447631835938,7515132
2016-01-13,79.25312042236328,9316644
2016-01-14,80.44735717773438,6475314
2016-01-15,82.49524688720703,17947962
2016-01-18,79.31504821777344,8199276
2016-01-19,79.2442855834961,5754630
2016-01-20,78.33312225341797,12644868
2016-01-21,77.45291900634766,6498924
2016-01-22,78.13408660888672,4724358
2016-01-25,77.66079711914062,5743554
2016-01-27,77.0150375366211,10432572
2016-01-28,76.8646469116211,13622442
2016-01-29,79.00984954833984,9394056
2016-02-01,77.85984802246094,5548908
2016-02-02,76.30290222167969,5678850
2016-02-03,74.44088745117188,8508744
2016-02-04,74.63831329345703,10128570
2016-02-05,75.64783477783203,4834668
2016-02-08,74.05054473876953,3625992
2016-02-09,74.02362060546875,10934466
2016-02-10,75.15876770019531,4740144
2016-02-11,73.38200378417969,6531510
2016-02-12,69.34834289550781,14008980
2016-02-15,69.97200012207031,9162588
2016-02-16,67.39210510253906,12028806
2016-02-17,70.0796890258789,12109608
2016-02-18,70.86936950683594,12523590
2016-02-19,68.72467041015625,10177932
2016-02-22,68.1458740234375,8374212
2016-02-23,66.0505142211914,7897014
2016-02-24,68.99838256835938,13869816
2016-02-25,68.5721206665039,12691176
2016-02-26,68.6214599609375,7388796
2016-02-29,69.02976989746094,58759392
2016-03-01,71.22383880615234,5870094
2016-03-02,70.58671569824219,6927816
2016-03-03,71.20413970947266,7814532
2016-03-04,73.48011779785156,10276464
2016-03-08,73.99388885498047,9000768
2016-03-09,72.05144500732422,11601114
2016-03-10,71.58271789550781,9329226
2016-03-11,72.43903350830078,8007786
2016-03-14,72.5381851196289,6063630
2016-03-15,73.09252166748047,6480744
2016-03-16,73.7685546875,9897174
2016-03-17,77.95545959472656,24451710
2016-03-18,77.23886108398438,10210908
2016-03-21,78.42415618896484,10117392
2016-03-22,78.48275756835938,8979450
2016-03-23,78.284423828125,6985866
2016-03-28,78.74415588378906,10564908
2016-03-29,78.78020477294922,9620322
2016-03-30,81.22744750976562,14510682
2016-03-31,81.51136779785156,16855632
2016-04-01,79.97453308105469,5694990
2016-04-04,79.9520034790039,5617644
2016-04-05,80.25846862792969,9844548
2016-04-06,80.23593139648438,10679808
2016-04-07,79.7762222290039,9557472
2016-04-08,81.09223937988281,3622740
2016-04-11,82.67415618896484,6454800
2016-04-12,83.003173828125,9046572
2016-04-13,83.43582153320312,6253500
2016-04-18,87.42439270019531,12232620
2016-04-20,86.01373291015625,7911024
2016-04-21,87.50102233886719,6417180
2016-04-22,87.06385803222656,3955446
2016-04-25,88.18153381347656,3926892
2016-04-26,87.95618438720703,5958750
2016-04-27,88.54660034179688,4711896
2016-04-28,86.77992248535156,7211784
2016-04-29,88.15450286865234,3448788
2016-05-02,87.39282989501953,2469942
2016-05-03,85.9822006225586,5230200
2016-05-04,85.3647689819336,4202982
2016-05-05,84.62112426757812,4213530
2016-05-06,84.65715789794922,7279452
2016-05-09,84.4588623046875,5622882
2016-05-10,83.58903503417969,6334680
2016-05-11,82.88594818115234,6297276
2016-05-12,83.50791931152344,4013010
2016-05-13,83.6296157836914,3274212
2016-05-16,83.1698989868164,4096440
2016-05-17,85.20700073242188,6148596
2016-05-18,84.1073226928711,8779230
2016-05-19,85.02223205566406,6125832
2016-05-20,82.97162628173828,4772916
2016-05-23,83.09780883789062,4392420
2016-05-24,80.75872802734375,6197946
2016-05-25,82.69218444824219,4737294
2016-05-26,83.53947448730469,7243644
2016-05-27,91.21918487548828,35309520
2016-05-30,90.08797454833984,7861158
2016-05-31,88.37986755371094,13993596
2016-06-01,88.97476196289062,6444396
2016-06-02,90.4169692993164,8659596
2016-06-03,91.2642593383789,11162388
2016-06-06,90.96690368652344,7691856
2016-06-07,89.3200454711914,7041228
2016-06-08,89.6768569946289,6137646
2016-06-09,91.25968933105469,7902216
2016-06-10,90.28987121582031,5078658
2016-06-13,92.28438568115234,7468200
2016-06-14,90.68328857421875,6453570
2016-06-15,92.49942016601562,5033340
2016-06-16,92.5451431274414,6597216
2016-06-17,91.94587707519531,5262264
2016-06-20,91.93215942382812,3727578
2016-06-21,92.2752456665039,4405194
2016-06-22,92.34844207763672,4655760
2016-06-23,93.67510223388672,4479852
2016-06-24,92.72357177734375,6516624
2016-06-27,94.988037109375,8603070
2016-06-28,96.22319030761719,7127814
2016-06-29,96.46564483642578,4994928
2016-06-30,98.09418487548828,14095068
2016-07-01,99.90576171875,6395178
2016-07-04,101.20496368408203,10156236
2016-07-05,100.45472717285156,11752260
2016-07-07,101.93233489990234,15105402
2016-07-08,101.98722839355469,17025198
2016-07-11,103.68901062011719,18865734
2016-07-12,102.5224609375,22119798
2016-07-13,99.83715057373047,11222685
2016-07-14,101.26444244384766,4710903
2016-07-15,101.51148223876953,7296570
2016-07-18,101.76766204833984,5087847
2016-07-19,104.69542694091797,8744865
2016-07-20,105.12545013427734,6950838
2016-07-21,105.44566345214844,8300904
2016-07-22,106.7174072265625,5877606
2016-07-25,108.60218048095703,9220002
2016-07-26,107.65978240966797,6438093
2016-07-27,107.6872329711914,6539757
2016-07-28,106.82721710205078,12794370
2016-07-29,108.44661712646484,5296830
2016-08-01,108.803466796875,6665085
2016-08-02,106.01290893554688,8036001
2016-08-03,104.8326644897461,8537019
2016-08-04,104.17389678955078,7452468
2016-08-05,107.33041381835938,8297040
2016-08-08,111.0267333984375,24490668
2016-08-09,108.99560546875,14751804
2016-08-10,106.78144836425781,12475206
2016-08-11,109.21517944335938,12648321
2016-08-12,106.12273406982422,9017328
2016-08-16,109.13285064697266,9808143
2016-08-17,107.47681427001953,5871177
2016-08-18,107.43103790283203,7606128
2016-08-19,108.54729461669922,7811124
2016-08-22,109.33412170410156,9868461
2016-08-23,105.4182357788086,11280069
2016-08-24,106.45207977294922,10981716
2016-08-25,109.47136688232422,16940337
2016-08-26,109.01388549804688,9223407
2016-08-29,109.572021484375,7354326
2016-08-30,111.30120849609375,8935185
2016-08-31,110.26734924316406,29762541
2016-09-01,107.37617492675781,11173824
2016-09-02,107.36701965332031,7794672
2016-09-06,109.535400390625,6827253
2016-09-07,107.92510986328125,4939659
2016-09-08,107.44938659667969,6330264
2016-09-09,107.6963882446289,5477118
2016-09-12,103.55176544189453,8236623
2016-09-14,105.28097534179688,7191990
2016-09-15,103.96345520019531,5802084
2016-09-16,105.75674438476562,34517982
2016-09-19,107.08340454101562,6450138
2016-09-20,107.18402862548828,6279582
2016-09-21,107.37617492675781,5321154
2016-09-22,109.572021484375,7755264
2016-09-23,110.64246368408203,6251616
2016-09-26,113.89965057373047,9488160
2016-09-27,111.75868225097656,8364234
2016-09-28,112.77423858642578,4161453
2016-09-29,111.64887237548828,13435797
2016-09-30,112.09721374511719,5275098
2016-10-03,114.86945343017578,5511669
2016-10-04,116.64441680908203,4858818
2016-10-05,118.922607421875,5038164
2016-10-06,122.72871398925781,10077342
2016-10-07,121.42034912109375,5750160
2016-10-10,120.36813354492188,4705734
2016-10-13,120.24007415771484,9780993
2016-10-14,122.02420043945312,5224341
2016-10-17,120.60604858398438,6081093
2016-10-18,120.1760482788086,5267634
2016-10-19,120.88054656982422,5475876
2016-10-20,121.16416931152344,4646502
2016-10-21,122.28038024902344,3965844
2016-10-24,125.56497192382812,5641779
2016-10-25,125.42772674560547,5356071
2016-10-26,123.7076416015625,5726604
2016-10-27,123.80831909179688,6855798
2016-10-28,122.42676544189453,5632266
2016-11-01,123.7259521484375,4520814
2016-11-02,120.79817962646484,4199952
2016-11-03,117.85214233398438,5728524
2016-11-04,117.75145721435547,5656077
2016-11-07,120.78904724121094,4872915
2016-11-08,120.87137603759766,4135614
2016-11-09,120.76160430908203,5701092
2016-11-10,121.60332489013672,6838788
2016-11-11,118.86772155761719,8564676
2016-11-15,117.7697982788086,19785117
2016-11-16,116.04054260253906,10973214
2016-11-17,116.2875747680664,13619667
2016-11-18,117.5776596069336,10984683
2016-11-21,115.98564147949219,9408087
2016-11-22,117.27569580078125,8587329
2016-11-23,115.99480438232422,9209448
2016-11-24,116.76335144042969,8038728
2016-11-25,117.00123596191406,4451607
2016-11-28,119.17874908447266,12447963
2016-11-29,117.80635833740234,7684374
2016-11-30,117.83382415771484,76838898
2016-12-01,115.07987213134766,9648663
2016-12-02,111.28290557861328,14752566
2016-12-05,110.56011962890625,8166354
2016-12-06,112.16124725341797,6772569
2016-12-07,115.67459106445312,8027163
2016-12-08,116.75421142578125,5348127
2016-12-09,116.13206481933594,6470070
2016-12-12,111.95997619628906,6398667
2016-12-13,115.03412628173828,4686300
2016-12-14,113.56111145019531,4862082
2016-12-15,112.65531921386719,8331282
2016-12-16,111.82272338867188,6771279
2016-12-19,111.95997619628906,5986500
2016-12-20,111.99655151367188,5768442
2016-12-21,112.3167953491211,6451359
2016-12-22,111.75868225097656,2523849
2016-12-23,111.7861328125,2547054
2016-12-26,110.20330047607422,2446068
2016-12-27,112.63700103759766,3327189
2016-12-28,112.5638198852539,7007838
2016-12-29,117.0469741821289,14972490
2016-12-30,116.2875747680664,4676346
2017-01-02,117.20252990722656,3380304
2017-01-03,119.04151153564453,9472155
2017-01-04,119.93815612792969,8356224
2017-01-05,123.0946273803711,7441497
2017-01-06,121.65821075439453,4953354
2017-01-09,119.50812530517578,3520716
2017-01-10,120.82564544677734,5889747
2017-01-11,120.9354476928711,5018715
2017-01-12,120.64265441894531,3147279
2017-01-13,120.34075164794922,3556449
2017-01-16,122.2529067993164,3933180
2017-01-17,121.67652130126953,2637174
2017-01-18,119.93815612792969,6318378
2017-01-19,123.31424713134766,5453529
2017-01-20,121.63993072509766,4089552
2017-01-23,123.8906478881836,5101446
2017-01-24,124.8696060180664,5566491
2017-01-25,130.13961791992188,10893219
2017-01-27,128.95938110351562,5733753
2017-01-30,128.94105529785156,2928624
2017-01-31,124.73237609863281,6823653
2017-02-01,126.76351165771484,5528706
2017-02-02,128.43785095214844,4782462
2017-02-03,127.83399200439453,4896420
2017-02-06,129.0691375732422,3632685
2017-02-07,131.1368865966797,6836934
2017-02-08,131.84141540527344,7005252
2017-02-09,133.00335693359375,5934867
2017-02-10,130.9355926513672,7534047
2017-02-13,130.75262451171875,2897595
2017-02-14,126.63544464111328,5446899
2017-02-15,123.46063995361328,9680544
2017-02-16,122.49080657958984,10280532
2017-02-17,124.24744415283203,5836983
2017-02-20,128.1359405517578,5841243
2017-02-21,128.81297302246094,4876872
2017-02-22,130.70687866210938,7402581
2017-02-23,131.3198699951172,9037395
2017-02-27,129.4991455078125,6559227
2017-02-28,126.08387756347656,15042585
2017-03-01,124.08924865722656,10965873
2017-03-02,119.51670837402344,17818512
2017-03-03,119.07450103759766,23674239
2017-03-06,119.96833038330078,9895818
2017-03-07,121.53953552246094,6908280
2017-03-08,120.24117279052734,6447222
2017-03-09,118.92396545410156,6311064
2017-03-10,117.29630279541016,7306419
2017-03-14,119.80838012695312,9366018
2017-03-15,119.77072143554688,4512816
2017-03-16,121.88765716552734,5624442
2017-03-17,120.82447814941406,6703974
2017-03-20,121.10676574707031,3582735
2017-03-21,120.78683471679688,5581119
2017-03-22,121.37020111083984,5892471
2017-03-23,123.26130676269531,11486508
2017-03-24,124.53600311279297,5505504
2017-03-27,123.28044891357422,5589924
2017-03-28,123.81719207763672,3425301
2017-03-29,123.27088928222656,4163748
2017-03-30,122.80126190185547,9312888
2017-03-31,124.56472778320312,7375137
2017-04-03,122.36998748779297,3026667
2017-04-05,122.24539184570312,10093317
2017-04-06,123.86509704589844,5526771
2017-04-07,129.45265197753906,15781053
2017-04-10,134.23512268066406,15483084
2017-04-11,136.17112731933594,10697775
2017-04-12,137.49371337890625,6569679
2017-04-13,140.13894653320312,9633930
2017-04-17,138.73007202148438,4634016
2017-04-18,138.81631469726562,5230545
2017-04-19,138.56710815429688,5492082
2017-04-20,138.26046752929688,3699786
2017-04-21,137.20619201660156,3636798
2017-04-24,137.02410888671875,4247748
2017-04-25,141.72030639648438,7337697
2017-04-26,140.26353454589844,3972912
2017-04-27,141.0781707763672,3351435
2017-04-28,137.8675079345703,4010133
2017-05-02,141.8161163330078,6627813
2017-05-03,141.11651611328125,7422234
2017-05-04,140.2156219482422,5293185
2017-05-05,138.9217529296875,7678389
2017-05-08,137.16786193847656,5539539
2017-05-09,138.2795867919922,3841134
2017-05-10,139.59263610839844,4519719
2017-05-11,140.05267333984375,4014561
2017-05-12,140.53187561035156,3019362
2017-05-15,139.51597595214844,2519025
2017-05-16,140.56065368652344,2614563
2017-05-17,139.4392852783203,3423087
2017-05-18,137.0336456298828,3143223
2017-05-19,134.64723205566406,3208638
2017-05-22,133.33421325683594,4520811
2017-05-23,134.09133911132812,5377980
2017-05-24,136.4586181640625,7050066
2017-05-25,139.32427978515625,10675392
2017-05-26,143.6946258544922,11422914
2017-05-29,144.69137573242188,12864804
2017-05-30,141.60531616210938,7421124
2017-05-31,142.35287475585938,6592494
2017-06-01,141.6532440185547,4509996
2017-06-02,138.9313201904297,3975357
2017-06-05,139.65013122558594,4039431
2017-06-06,139.07508850097656,4600956
2017-06-07,137.49371337890625,8595087
2017-06-08,135.67979431152344,6691548
2017-06-09,135.08474731445312,5840328
2017-06-12,134.69125366210938,5218104
2017-06-13,134.1729736328125,2471295
2017-06-14,132.829345703125,5689032
2017-06-15,128.68321228027344,13449645
2017-06-16,129.33584594726562,14039070
2017-06-19,128.05935668945312,6110037
2017-06-20,127.59868621826172,6585135
2017-06-21,125.61199188232422,8037780
2017-06-22,123.19344329833984,10208172
2017-06-23,121.0724105834961,5273571
2017-06-27,117.48294830322266,28287252
2017-06-28,118.37550354003906,10596600
2017-06-29,120.17024230957031,15832566
2017-06-30,122.73275756835938,12922401
2017-07-03,124.64265441894531,10764759
2017-07-04,126.14947509765625,22330908
2017-07-05,127.09003448486328,5161158
2017-07-06,126.69654083251953,7229721
2017-07-07,127.44514465332031,10959354
2017-07-10,127.57949829101562,1460856
2017-07-11,130.19961547851562,11229114
2017-07-12,131.23614501953125,9404598
2017-07-13,132.02792358398438,7751906
2017-07-14,132.67576599121094,5322378
2017-07-17,134.59046936035156,4081512
2017-07-18,134.9215850830078,5595054
2017-07-19,135.281494140625,5090296
2017-07-20,134.5184783935547,3599056
2017-07-21,134.50408935546875,4011048
2017-07-24,134.23056030273438,5182362
2017-07-25,134.43209838867188,8360884
2017-07-26,135.72776794433594,6456672
2017-07-27,137.3977508544922,7113370
2017-07-28,136.9370880126953,7454950
2017-07-31,135.65577697753906,6001224
2017-08-01,139.8162841796875,6984958
2017-08-02,140.0178680419922,7148256
2017-08-03,141.0831756591797,12424750
2017-08-04,149.11630249023438,10812720
2017-08-07,151.93795776367188,9363506
2017-08-08,145.4164276123047,8597082
2017-08-09,142.79632568359375,6241150
2017-08-10,138.63580322265625,9696100
2017-08-11,139.44200134277344,8423938
2017-08-14,137.7288360595703,9685338
2017-08-16,139.3412322998047,6404160
2017-08-17,142.1484832763672,9280626
2017-08-18,144.9125518798828,11946308
2017-08-21,143.31459045410156,8719356
2017-08-22,146.9424591064453,9180118
2017-08-23,146.7552947998047,6142666
2017-08-24,146.3234405517578,5855832
2017-08-28,146.2658233642578,6220854
2017-08-29,145.14291381835938,7745342
2017-08-30,149.9944610595703,8234412
2017-08-31,152.31227111816406,11927368
2017-09-01,154.73081970214844,7310390
2017-09-04,152.93130493164062,8962268
2017-09-05,155.26345825195312,4018344
2017-09-06,154.01100158691406,3691782
2017-09-07,150.9014129638672,6529362
2017-09-08,147.80624389648438,6425078
2017-09-11,147.489501953125,6053096
2017-09-12,153.70867919921875,7914244
2017-09-13,144.02000427246094,17962048
2017-09-14,144.10638427734375,31656128
2017-09-15,143.170654296875,10685170
2017-09-18,143.37217712402344,5703140
2017-09-19,145.94911193847656,7939846
2017-09-20,142.3212432861328,12619394
2017-09-21,142.85391235351562,10910736
2017-09-22,141.65904235839844,9620876
2017-09-25,140.26258850097656,7274742
2017-09-26,135.10874938964844,18420112
2017-09-27,134.05780029296875,11097560
2017-09-28,133.2660369873047,13692558
2017-09-29,135.698974609375,12056308
2017-10-03,137.87283325195312,6540366
2017-10-04,139.9746551513672,9858378
2017-10-05,138.2327423095703,5856194
2017-10-06,140.96800231933594,4993610
2017-10-09,138.5638427734375,6073230
2017-10-10,138.8661346435547,6351158
2017-10-11,140.89602661132812,12012196
2017-10-12,141.54385375976562,4643356
2017-10-13,140.70887756347656,6494000
2017-10-16,143.50173950195312,8298660
2017-10-17,147.6334686279297,8898506
2017-10-18,147.87818908691406,5375658
2017-10-19,146.3090057373047,412600
2017-10-23,147.21595764160156,4281146
2017-10-24,146.74085998535156,4140328
2017-10-25,146.7841033935547,6380212
2017-10-26,154.45729064941406,14973218
2017-10-27,152.0099334716797,18156626
2017-10-30,154.39971923828125,6843452
2017-10-31,155.94007873535156,6390978
2017-11-01,155.42184448242188,4928758
2017-11-02,156.29998779296875,4972752
2017-11-03,153.4927215576172,4452146
2017-11-06,150.93020629882812,6772472
2017-11-07,150.1240234375,8327804
2017-11-08,149.77850341796875,4610162
2017-11-09,150.33998107910156,4520122
2017-11-10,147.44631958007812,5373388
2017-11-13,144.13519287109375,8779378
2017-11-14,141.96131896972656,6297226
2017-11-15,145.31568908691406,8235204
2017-11-16,143.7752685546875,5210196
2017-11-17,145.11412048339844,5960372
2017-11-20,145.2436981201172,3580888
2017-11-21,147.27357482910156,8089018
2017-11-22,146.179443359375,4000474
2017-11-23,145.4452362060547,6902686
2017-11-24,147.12962341308594,3523990
2017-11-27,146.3953857421875,5464612
2017-11-28,146.15065002441406,8132930
2017-11-29,146.208251953125,5519554
2017-11-30,145.0709228515625,12166956
2017-12-01,142.92588806152344,3303010
2017-12-04,142.8683319091797,3124760
2017-12-05,144.22154235839844,4796400
2017-12-06,141.35670471191406,5856060
2017-12-07,143.70330810546875,2700558
2017-12-08,148.12295532226562,5633376
2017-12-11,148.0509796142578,5134186
2017-12-12,143.66014099121094,3953284
2017-12-13,145.77635192871094,6012970
2017-12-14,147.86378479003906,7816630
2017-12-15,150.59909057617188,7770128
2017-12-18,151.5636444091797,9972622
2017-12-19,153.4783172607422,7799112
2017-12-20,153.19041442871094,5450164
2017-12-21,154.06857299804688,5495720
2017-12-22,154.0830078125,3773180
2017-12-26,155.16268920898438,4046770
2017-12-27,153.57911682128906,3567206
2017-12-28,151.5060577392578,9984850
2017-12-29,149.05868530273438,3208434
2018-01-01,146.43858337402344,3880586
2018-01-02,143.9048309326172,5073166
2018-01-03,142.49400329589844,7741628
2018-01-04,141.51507568359375,5440616
2018-01-05,140.4209442138672,5878478
2018-01-08,143.15623474121094,9981252
2018-01-09,142.8395538330078,7307420
2018-01-10,142.3212432861328,6242816
2018-01-11,141.774169921875,5917284
2018-01-12,141.05438232421875,5617420
2018-01-15,140.27699279785156,8156456
2018-01-16,138.0455780029297,9323778
2018-01-17,138.1607208251953,6795488
2018-01-18,135.39666748046875,7342492
2018-01-19,137.42652893066406,7816330
2018-01-22,135.0799560546875,4336230
2018-01-23,138.53504943847656,7558880
2018-01-24,138.34788513183594,5081584
2018-01-25,138.39108276367188,8033530
2018-01-29,135.26710510253906,5294232
2018-01-30,139.8162841796875,13185108
2018-01-31,141.74539184570312,12222654
2018-02-01,141.18394470214844,7298886
2018-02-02,137.38333129882812,5980182
2018-02-05,137.03785705566406,6870184
2018-02-06,134.5184783935547,6296186
2018-02-07,137.1242218017578,7262940
2018-02-08,137.68568420410156,12077668
2018-02-09,136.87948608398438,5724900
2018-02-12,134.61924743652344,9138866
2018-02-14,132.47421264648438,8902568
2018-02-15,136.7786865234375,9447478
2018-02-16,134.0865936279297,4826418
2018-02-19,131.53848266601562,3685810
2018-02-20,130.4443817138672,4500020
2018-02-21,128.86074829101562,18326086
2018-02-22,127.04769897460938,17814722
2018-02-23,127.77590942382812,6836098
2018-02-26,128.69729614257812,11794172
2018-02-27,126.89908599853516,13629606
2018-02-28,127.67189025878906,12142648
2018-03-01,131.34259033203125,12444394
2018-03-05,129.08370971679688,5686010
2018-03-06,132.32339477539062,15708338
2018-03-07,131.78842163085938,6948874
2018-03-08,131.43174743652344,7891378
2018-03-09,130.59951782226562,7425564
2018-03-12,132.7841033935547,5083992
2018-03-13,138.69883728027344,8341074
2018-03-14,137.5545196533203,5703778
2018-03-15,137.3315887451172,3657142
2018-03-16,133.02186584472656,12294654
2018-03-19,128.02853393554688,9910680
2018-03-20,126.2897720336914,5625596
2018-03-21,127.99882507324219,5800674
2018-03-22,123.25811004638672,9497264
2018-03-23,122.88660430908203,7327480
2018-03-26,124.69963073730469,7459884
2018-03-27,125.05630493164062,9496436
2018-03-28,127.04769897460938,11726684
2018-04-02,125.84397888183594,4584294
2018-04-03,126.6910400390625,7140288
2018-04-04,123.33244323730469,4902828
2018-04-05,125.56159210205078,3673050
2018-04-06,128.9796600341797,7060242
2018-04-09,133.85409545898438,12496028
2018-04-10,134.0918731689453,10069126
2018-04-11,124.03087615966797,36976826
2018-04-12,124.43214416503906,38695926
2018-04-13,120.49393463134766,17621388
2018-04-16,121.32615661621094,11015550
2018-04-17,122.05438232421875,12778496
2018-04-18,120.43452453613281,10324696
2018-04-19,111.9190902709961,31872834
2018-04-20,110.3884048461914,23408106
2018-04-23,113.34575653076172,17368914
2018-04-24,114.04422760009766,12783140
2018-04-25,114.66839599609375,13352822
2018-04-26,114.57923889160156,7893284
2018-04-27,115.96129608154297,8893008
2018-04-30,115.12908935546875,7924314
2018-05-02,113.22686767578125,4594832
2018-05-03,112.2608871459961,5778062
2018-05-04,113.00395965576172,7335112
2018-05-07,114.66839599609375,7618908
2018-05-08,116.68950653076172,11944494
2018-05-09,114.56436920166016,21715226
2018-05-10,115.9761734008789,8393668
2018-05-11,118.68089294433594,9051198
2018-05-14,120.13729095458984,8090792
2018-05-15,120.61283874511719,10351852
2018-05-16,118.39852905273438,9717354
2018-05-17,116.09504699707031,12898592
2018-05-18,114.83185577392578,13183142
2018-05-21,117.06104278564453,8663050
2018-05-22,118.17562103271484,11578438
2018-05-23,111.14633178710938,19965306
2018-05-24,110.37354278564453,17467898
2018-05-25,113.10796356201172,16436392
2018-05-28,119.4833984375,14322672
2018-05-29,120.47908020019531,9805644
2018-05-30,118.96324920654297,12205548
2018-05-31,120.06298065185547,17614886
2018-06-01,121.63826751708984,10370104
2018-06-04,121.41532897949219,15724670
2018-06-05,120.47908020019531,7023232
2018-06-06,121.86117553710938,5862606
2018-06-07,123.65937042236328,6087188
2018-06-08,121.81658935546875,6484074
2018-06-11,123.16895294189453,12667834
2018-06-12,123.37700653076172,6865952
2018-06-13,124.8036880493164,10363704
2018-06-14,123.74855041503906,7497040
2018-06-15,122.52991485595703,12401856
2018-06-18,125.75479888916016,12946848
2018-06-19,122.9311752319336,8598042
2018-06-20,122.06922912597656,6025038
2018-06-21,125.41299438476562,8592666
2018-06-22,126.72074890136719,14595152
2018-06-25,122.45562744140625,10733728
2018-06-26,123.42158508300781,8421460
2018-06-27,113.77671813964844,17001328
2018-06-28,109.06576538085938,26701926
2018-06-29,110.95310974121094,13846402
2018-07-02,109.73450469970703,9069732
2018-07-03,111.13143920898438,7993666
2018-07-04,109.33323669433594,6720446
2018-07-05,110.43296813964844,8423950
2018-07-06,111.32463836669922,13842516
2018-07-09,111.84478759765625,4580944
2018-07-10,111.53270721435547,3375712
2018-07-11,108.9320068359375,8323782
2018-07-12,112.1568603515625,12074942
2018-07-13,114.9210205078125,11727122
2018-07-16,113.5984115600586,7070272
2018-07-17,116.7043685913086,14043960
2018-07-18,119.58743286132812,13400542
2018-07-19,118.3836898803711,5890524
2018-07-20,115.57491302490234,8501230
2018-07-23,115.82756042480469,7558568
2018-07-24,117.982421875,5659434
2018-07-25,117.59602355957031,5498132
2018-07-26,115.58975982666016,11744230
2018-07-27,118.05672454833984,6981856
2018-07-30,117.62577056884766,8310826
2018-07-31,115.84243774414062,7792336
2018-08-01,117.70006561279297,8792976
2018-08-02,119.4239501953125,8384800
2018-08-03,119.17131042480469,5823858
2018-08-06,119.1861801147461,3482306
2018-08-07,117.13533782958984,3810902
2018-08-08,115.11422729492188,8469624
2018-08-09,115.60465240478516,10836354
2018-08-10,119.36453247070312,11106596
2018-08-13,112.8553466796875,8766994
2018-08-14,111.94880676269531,8609654
2018-08-16,112.43923950195312,7820138
2018-08-17,112.2311782836914,5434214
2018-08-20,111.74075317382812,6797042
2018-08-21,109.6007308959961,11132910
2018-08-23,106.3313217163086,14180494
2018-08-24,106.09353637695312,9731858
2018-08-27,107.46076202392578,6347096
2018-08-28,106.56908416748047,7747378
2018-08-29,107.50532531738281,6736818
2018-08-30,107.99576568603516,8130098
2018-08-31,109.73835754394531,12008646
2018-09-03,109.1322250366211,4359234
2018-09-04,106.46529388427734,7254520
2018-09-05,105.79855346679688,7872604
2018-09-06,107.16232299804688,7535324
2018-09-07,108.1775894165039,6979302
2018-09-10,104.28324890136719,9668840
2018-09-11,102.44973754882812,9776294
2018-09-12,101.26780700683594,12442422
2018-09-14,107.43510437011719,18661472
2018-09-17,110.31415557861328,17953744
2018-09-18,107.61693572998047,12373420
2018-09-19,110.63237762451172,9421832
2018-09-21,114.10240936279297,16295730
2018-09-24,111.3445816040039,13131362
2018-09-25,110.37478637695312,7893402
2018-09-26,111.72340393066406,6304634
2018-09-27,112.79927825927734,6862024
2018-09-28,113.39024353027344,7629776
2018-10-01,111.63247680664062,6316314
2018-10-03,114.51155853271484,9743764
2018-10-04,100.3586196899414,19841194
2018-10-05,80.40204620361328,111440754
2018-10-08,80.28083038330078,51461200
2018-10-09,77.94725799560547,24359252
2018-10-10,80.43235778808594,18048794
2018-10-11,84.29637145996094,43975840
2018-10-12,87.55428314208984,22536196
2018-10-15,89.81210327148438,18292836
2018-10-16,91.5547103881836,15744782
2018-10-17,86.41780090332031,13039636
2018-10-19,85.93290710449219,22938928
2018-10-22,82.17495727539062,9585342
2018-10-23,81.69007110595703,17512914
2018-10-24,85.32679748535156,27791198
2018-10-25,83.9478530883789,18119966
2018-10-26,83.4023666381836,14583372
2018-10-29,84.0539321899414,9988492
2018-10-30,80.72026824951172,20999664
2018-10-31,83.37206268310547,11628440
2018-11-01,85.90262603759766,15030068
2018-11-02,91.63046264648438,34265322
2018-11-05,88.43316650390625,7889190
2018-11-06,86.40266418457031,6516560
2018-11-07,87.50884246826172,1059084
2018-11-09,89.96363067626953,13115928
2018-11-12,88.2513427734375,12029462
2018-11-13,91.87291717529297,15427542
2018-11-14,95.7520980834961,29661262
2018-11-15,97.5401611328125,11734218
2018-11-16,97.60076904296875,9942196
2018-11-19,97.87352752685547,5482956
2018-11-20,97.85838317871094,8885146
2018-11-21,98.97969818115234,15524294
2018-11-22,97.00979614257812,7144756
2018-11-26,99.20700073242188,14290304
2018-11-27,101.67693328857422,10291628
2018-11-28,97.02494049072266,10244930
2018-11-29,99.55552673339844,17783444
2018-11-30,98.31294250488281,18242294
2018-12-03,98.17658996582031,9158842
2018-12-04,101.13141632080078,10470422
2018-12-05,99.84341430664062,9539930
2018-12-06,98.4644775390625,7213812
2018-12-07,98.61600494384766,10294418
2018-12-10,100.08587646484375,11618054
2018-12-11,99.02513122558594,10861812
2018-12-12,99.82827758789062,6257126
2018-12-13,101.49508666992188,5970876
2018-12-14,104.64691162109375,7198212
2018-12-17,106.1773910522461,7454414
2018-12-18,107.05626678466797,8987630
2018-12-19,109.63227844238281,7350428
2018-12-20,112.46589660644531,7217516
2018-12-21,113.5417709350586,10465642
2018-12-24,110.60210418701172,6491252
2018-12-26,111.0263442993164,12955862
2018-12-27,110.49601745605469,14625538
2018-12-28,109.67774200439453,9355426
2018-12-31,109.93534088134766,6782002
2019-01-01,111.28396606445312,3105422
2019-01-02,108.48065185546875,19725590
2019-01-03,106.8289566040039,9972260
2019-01-04,108.93522644042969,7717220
2019-01-07,107.75331115722656,5790820
2019-01-08,106.66226959228516,4342090
2019-01-09,103.05585479736328,9131732
2019-01-10,101.70724487304688,9773604
2019-01-11,102.22244262695312,4669620
2019-01-14,101.51025390625,7516622
2019-01-15,103.55591583251953,6913912
2019-01-16,105.23790740966797,9562002
2019-01-17,107.64723205566406,7898996
2019-01-18,107.34418487548828,5008314
2019-01-21,106.54105377197266,3885636
2019-01-22,107.22295379638672,4687940
2019-01-23,108.23821258544922,3973026
2019-01-24,107.26842498779297,3294118
2019-01-25,108.32914733886719,3868832
2019-01-28,105.67733001708984,2902748
2019-01-29,104.52569580078125,6198614
2019-01-30,103.8589859008789,5565262
2019-01-31,104.69242095947266,15638906
2019-02-01,103.34378814697266,5444740
2019-02-04,102.60127258300781,4309536
2019-02-05,102.41946411132812,2584132
2019-02-06,102.82858276367188,4190822
2019-02-07,102.85887145996094,3048046
2019-02-08,102.25273895263672,6682742
2019-02-11,101.10111236572266,6629896
2019-02-12,102.82858276367188,6080496
2019-02-14,95.66117858886719,21289140
2019-02-15,99.35850524902344,13414256
2019-02-18,99.32820892333984,7905264
2019-02-19,101.60118103027344,7666336
2019-02-20,103.37405395507812,12565482
2019-02-21,105.00250244140625,9353768
2019-02-22,107.78962707519531,9709800
2019-02-25,105.23738098144531,14031192
2019-02-26,105.4252700805664,9058794
2019-02-27,103.56198120117188,9000098
2019-02-28,105.70709991455078,17938838
2019-03-01,108.36897277832031,5744496
2019-03-05,113.52045440673828,12761902
2019-03-06,116.71470642089844,12197224
2019-03-07,116.08837890625,11389848
2019-03-08,115.0392837524414,5625148
2019-03-11,121.2085189819336,18973830
2019-03-12,122.19498443603516,12191846
2019-03-13,121.83484649658203,9568180
2019-03-14,122.22628021240234,4095730
2019-03-15,124.10526275634766,17258182
2019-03-18,127.00199890136719,14786442
2019-03-19,127.70659637451172,8445352
2019-03-20,121.86617279052734,10572670
2019-03-22,118.67195892333984,11837696
2019-03-25,120.1594467163086,8329530
2019-03-26,120.2220687866211,8515642
2019-03-27,118.67195892333984,6621912
2019-03-28,120.83274841308594,11169948
2019-04-01,122.72736358642578,5260852
2019-04-02,119.15734100341797,10816790
2019-04-03,113.73968505859375,16579908
2019-04-04,110.95255279541016,20399592
2019-04-05,112.1425552368164,9088048
2019-04-08,109.91912841796875,7918214
2019-04-09,111.57886505126953,9893784
2019-04-10,112.032958984375,8233760
2019-04-11,113.2699203491211,12602810
2019-04-12,113.09769439697266,10236092
2019-04-15,112.23650360107422,4478062
2019-04-16,111.95465850830078,8531892
2019-04-18,113.64572143554688,9575132
2019-04-22,106.50568389892578,13842844
2019-04-23,105.33132934570312,16697164
2019-04-24,109.29278564453125,13873428
2019-04-25,112.18951416015625,19560314
2019-04-26,116.19795989990234,18568212
2019-04-30,118.95376586914062,19629858
2019-05-02,118.51536560058594,7697948
2019-05-03,119.23563385009766,10739028
2019-05-06,122.24195861816406,18541980
2019-05-07,118.64061737060547,14994644
2019-05-08,118.93811798095703,7602616
2019-05-09,115.25848388671875,9027084
2019-05-10,113.66136932373047,8232720
2019-05-13,111.20307922363281,7620290
2019-05-14,112.29914093017578,9998950
2019-05-15,112.59662628173828,12644948
2019-05-16,117.60718536376953,13210048
2019-05-17,117.81075286865234,12851786
2019-05-20,122.69603729248047,10395734
2019-05-21,117.26273345947266,16756886
2019-05-22,120.33168029785156,15525660
2019-05-23,120.36300659179688,25917602
2019-05-24,123.83907318115234,19806268
2019-05-27,125.89026641845703,10222742
2019-05-28,125.87460327148438,39821192
2019-05-29,124.99774932861328,8503056
2019-05-30,127.65959930419922,14101926
2019-05-31,128.19198608398438,27635592
2019-06-03,130.61898803710938,14043966
2019-06-04,127.87882232666016,7454624
2019-06-06,124.34014129638672,15270900
2019-06-07,126.20343780517578,11055246
2019-06-10,122.02274322509766,10884088
2019-06-11,121.19285583496094,12654378
2019-06-12,119.31390380859375,10407070
2019-06-13,121.75656127929688,13827442
2019-06-14,121.03630065917969,6075586
2019-06-17,118.42140197753906,7936522
2019-06-18,120.7387924194336,6221722
2019-06-19,118.79720306396484,8241572
2019-06-20,120.62919616699219,8612672
2019-06-21,119.0007553100586,10787948
2019-06-24,119.26693725585938,6543204
2019-06-25,123.1031494140625,12409938
2019-06-26,122.57077026367188,6532534
2019-06-27,122.82131958007812,14063226
2019-06-28,122.89959716796875,6986386
2019-07-01,117.81075286865234,10267468
2019-07-02,118.53101348876953,10836020
2019-07-03,119.37654113769531,10199616
2019-07-04,119.0007553100586,4168848
2019-07-05,115.88481140136719,17903966
2019-07-08,113.0037612915039,7431476
2019-07-09,112.76886749267578,7555928
2019-07-10,109.48069763183594,7914012
2019-07-11,109.7781982421875,12277678
2019-07-12,108.27501678466797,9083694
2019-07-15,108.79174041748047,6301116
2019-07-16,110.99952697753906,10593218
2019-07-17,110.48279571533203,9661402
2019-07-18,109.37108612060547,9032900
2019-07-19,109.91912841796875,7205646
2019-07-22,110.7020263671875,7729488
2019-07-23,112.44007110595703,7010734
2019-07-24,109.32410430908203,8405494
2019-07-25,106.56829833984375,7031300
2019-07-26,107.66437530517578,9319712
2019-07-29,107.16329956054688,4835106
2019-07-30,105.06513977050781,4263936
2019-07-31,108.19674682617188,8266802
2019-08-01,107.61740112304688,6126716
2019-08-02,107.24160766601562,7131364
2019-08-05,106.16118621826172,5443194
2019-08-06,108.13408660888672,6630268
2019-08-07,103.68722534179688,7087110
2019-08-08,107.57042694091797,8306696
2019-08-09,108.49423217773438,7708548
2019-08-13,107.4451675415039,11053004
2019-08-14,110.99952697753906,6025432
2019-08-16,109.98175048828125,5180670
2019-08-19,108.66647338867188,3454752
2019-08-20,107.17897033691406,4697534
2019-08-21,105.11074829101562,8004410
2019-08-22,100.36505126953125,11576938
2019-08-23,105.6077651977539,9339236
2019-08-26,107.54771423339844,7892084
2019-08-27,109.76022338867188,8821812
2019-08-28,112.40564727783203,10035400
2019-08-29,113.52793884277344,9832932
2019-08-30,113.91271209716797,8897562
2019-09-03,114.21733856201172,15730198
2019-09-04,116.57417297363281,14584568
2019-09-05,122.10546112060547,29854604
2019-09-06,121.52828216552734,14843534
2019-09-09,122.49022674560547,7140042
2019-09-11,123.80493927001953,9387752
2019-09-12,123.19571685791016,11277332
2019-09-13,131.00363159179688,25553156
2019-09-16,121.84894561767578,49680268
2019-09-17,118.24154663085938,30489784
2019-09-18,122.52230072021484,48256504
2019-09-19,121.80082702636719,25760746
2019-09-20,129.49658203125,57665806
2019-09-23,144.56735229492188,62012634
2019-09-24,147.91818237304688,62666152
2019-09-25,149.16873168945312,66318294
2019-09-26,153.9304962158203,41339080
2019-09-27,150.64376831054688,21898254
2019-09-30,150.73997497558594,26279222
2019-10-01,158.37155151367188,68201818
2019-10-03,170.4602508544922,51969202
2019-10-04,165.31373596191406,55031842
2019-10-07,157.3294219970703,54898474
2019-10-09,158.03488159179688,21716066
2019-10-10,157.0889434814453,9259080
2019-10-11,156.47967529296875,14742088
2019-10-14,155.82235717773438,23112252
2019-10-15,157.2172088623047,11684324
2019-10-16,164.3036651611328,40761516
2019-10-17,164.59225463867188,16703674
2019-10-18,166.83682250976562,28373482
2019-10-22,171.26187133789062,27148144
2019-10-23,169.01727294921875,10594102
2019-10-24,164.51210021972656,28158152
2019-10-25,168.0713653564453,26762366
2019-10-27,168.92108154296875,2076306
2019-10-29,167.6705322265625,16633944
2019-10-30,168.37600708007812,15046050
2019-10-31,168.85694885253906,14271838
2019-11-01,166.5482635498047,10122286
2019-11-04,167.4460906982422,9362690
2019-11-05,165.9390106201172,6563058
2019-11-06,167.9912109375,7611862
2019-11-07,164.56019592285156,8203706
2019-11-08,161.20933532714844,19724600
2019-11-11,165.97105407714844,17530142
2019-11-13,163.56617736816406,14465586
2019-11-14,165.02516174316406,10832162
2019-11-15,162.42787170410156,8330994
2019-11-18,167.3018035888672,34144672
2019-11-19,166.4039764404297,7099862
2019-11-20,174.62875366210938,37688996
2019-11-21,164.84877014160156,44625320
2019-11-22,163.34170532226562,23624890
2019-11-25,162.7003936767578,15397928
2019-11-26,159.2533721923828,24838188
2019-11-27,162.21942138671875,24415850
2019-11-28,163.53408813476562,15665952
2019-11-29,164.03114318847656,15058900
2019-12-02,160.3435821533203,8820042
2019-12-03,158.56393432617188,7580674
2019-12-04,160.71237182617188,8570876
2019-12-05,157.71420288085938,6266430
2019-12-06,156.6400146484375,9387226
2019-12-09,160.21531677246094,10948226
2019-12-10,155.93458557128906,14342168
2019-12-11,154.7642059326172,13760958
2019-12-12,157.68215942382812,12828956
2019-12-13,159.2854461669922,15259514
2019-12-16,157.7623291015625,6012620
2019-12-17,159.06094360351562,12287138
2019-12-18,156.88050842285156,9314170
2019-12-19,157.10498046875,9325412
2019-12-20,156.41555786132812,7468454
2019-12-23,158.0829620361328,14857646
2019-12-24,153.20899963378906,14856636
2019-12-26,153.01661682128906,20743272
2019-12-27,157.42562866210938,16908756
2019-12-30,158.09898376464844,16373046
2019-12-31,157.61802673339844,11589904
2020-01-01,157.65008544921875,4766592
2020-01-02,156.33538818359375,6424966
2020-01-03,155.03672790527344,22655540
2020-01-06,150.4353485107422,15332634
2020-01-07,147.8219757080078,23454588
2020-01-08,147.46926879882812,24743076
2020-01-09,150.88426208496094,12999312
2020-01-10,150.78805541992188,8708498
2020-01-13,150.94837951660156,7338838
2020-01-14,151.78208923339844,7216716
2020-01-15,150.05055236816406,9956518
2020-01-16,148.07852172851562,6370550
2020-01-17,145.54534912109375,11132598
2020-01-20,146.5874786376953,11681302
2020-01-21,148.73587036132812,8398840
2020-01-22,146.04237365722656,7460864
2020-01-23,150.3872528076172,11131352
2020-01-24,149.4573516845703,7871260
2020-01-27,149.98643493652344,8828966
2020-01-28,154.21905517578125,15217662
2020-01-29,153.6098175048828,14264654
2020-01-30,150.5956573486328,10891876
2020-01-31,146.5233917236328,13892950
2020-02-03,147.5975341796875,18802900
2020-02-04,153.4334716796875,15683820
2020-02-05,160.8726806640625,30234094
2020-02-06,158.7403106689453,22467954
2020-02-07,157.5699005126953,9022030
2020-02-10,155.66201782226562,8848392
2020-02-11,154.23509216308594,7943310
2020-02-12,152.23101806640625,7549204
2020-02-13,150.3872528076172,8083000
2020-02-14,152.77615356445312,23043576
2020-02-17,148.03041076660156,9025984
2020-02-18,150.94837951660156,11940592
2020-02-19,152.48751831054688,10786834
2020-02-20,151.26905822753906,8752120
2020-02-24,148.9923858642578,12382886
2020-02-25,146.45921325683594,11044046
2020-02-26,143.91000366210938,14491090
2020-02-27,142.3868865966797,12178324
2020-02-28,136.7113037109375,12199026
2020-03-02,132.22213745117188,15624380
2020-03-03,136.2784423828125,11415592
2020-03-04,134.25830078125,15457514
2020-03-05,134.16209411621094,11450828
2020-03-06,129.2560577392578,15762914
2020-03-09,135.90968322753906,79590744
2020-03-11,129.67291259765625,29496116
2020-03-12,110.40156555175781,35196480
2020-03-13,120.58234405517578,50824080
2020-03-16,116.9268798828125,33314334
2020-03-17,114.53800964355469,19649626
2020-03-18,106.63386535644531,20417518
2020-03-19,96.27669525146484,27434876
2020-03-20,101.92021942138672,20390122
2020-03-23,91.09745025634766,18697444
2020-03-24,88.89907836914062,19533962
2020-03-25,92.5855712890625,14919242
2020-03-26,95.47727966308594,12626898
2020-03-27,94.2766342163086,12155778
2020-03-30,92.92378997802734,13666176
2020-03-31,107.17941284179688,33090992
2020-04-01,102.46137237548828,25195590
2020-04-03,107.26398468017578,28641760
2020-04-07,118.74629974365234,21185186
2020-04-08,115.7699966430664,18356498
2020-04-09,116.64936828613281,15853988
2020-04-13,118.4080810546875,9908612
2020-04-15,119.67637634277344,12598234
2020-04-16,120.20059204101562,11831216
2020-04-17,121.79019165039062,8840986
2020-04-20,124.59735107421875,12420738
2020-04-21,120.14986419677734,10283406
2020-04-22,120.64027404785156,14252248
2020-04-23,120.11604309082031,8341956
2020-04-24,118.52644348144531,6912420
2020-04-27,120.20059204101562,9902396
2020-04-28,121.45199584960938,22200402
2020-04-29,122.01002502441406,11648158
2020-04-30,125.13848114013672,16016718
2020-05-04,117.66397857666016,14509120
2020-05-05,117.37650299072266,26356086
2020-05-06,116.27732849121094,41361302
2020-05-07,111.45781707763672,17100430
2020-05-08,109.83440399169922,16997368
2020-05-11,106.46919250488281,21372716
2020-05-12,105.6913070678711,16622240
2020-05-13,107.06105041503906,15241920
2020-05-14,104.74430084228516,9664168
2020-05-15,107.61910247802734,27767190
2020-05-18,99.45127868652344,20378694
2020-05-19,99.19762420654297,12045836
2020-05-20,104.47372436523438,17342228
2020-05-21,105.92803955078125,14931316
2020-05-22,106.6044692993164,17078040
2020-05-26,105.9111328125,12212502
2020-05-27,111.42398071289062,18130652
2020-05-28,110.40936279296875,18552604
2020-05-29,115.9391098022461,26722320
2020-06-01,117.12287139892578,20423126
2020-06-02,115.53327178955078,12639442
2020-06-03,118.05293273925781,20167782
2020-06-04,120.8262939453125,32779676
2020-06-05,125.00318908691406,21970108
2020-06-08,133.28941345214844,29583292
2020-06-09,129.02793884277344,19643304
2020-06-10,128.16551208496094,14983264
2020-06-11,125.15540313720703,16965850
2020-06-12,126.4574966430664,15636964
2020-06-15,122.0946044921875,13054104
2020-06-16,121.67180633544922,11469976
2020-06-17,123.31214904785156,10041494
2020-06-18,125.22303771972656,12301976
2020-06-19,128.70660400390625,13271548
2020-06-22,130.26239013671875,20792714
2020-06-23,132.57916259765625,8346306
2020-06-24,128.03021240234375,8117432
2020-06-25,125.22303771972656,13394304
2020-06-26,133.13722229003906,24376122
2020-06-29,129.65362548828125,12024496
2020-06-30,126.49134063720703,9018244
2020-07-01,128.57135009765625,10365588
2020-07-02,129.704345703125,13185606
2020-07-03,130.34695434570312,6962106
2020-07-06,131.9703826904297,9926808
2020-07-07,128.4698944091797,9853948
2020-07-08,127.89491271972656,8446692
2020-07-09,127.42141723632812,5702054
2020-07-10,127.28614044189453,11766114
2020-07-13,128.5037078857422,10277456
2020-07-14,126.40677642822266,9482614
2020-07-15,125.00318908691406,9807552
2020-07-16,133.2217559814453,26616036
2020-07-17,150.09852600097656,107684344
2020-07-20,147.90016174316406,28745778
2020-07-21,156.9980926513672,98290940
2020-07-22,152.3983917236328,25364622
2020-07-23,154.74896240234375,72915804
2020-07-24,151.65432739257812,22294340
2020-07-27,154.79969787597656,40099526
2020-07-28,156.08489990234375,30188154
2020-07-29,153.4806671142578,20079062
2020-07-30,141.7447052001953,49057034
2020-07-31,139.95217895507812,22379048
2020-08-03,141.30502319335938,28463794
2020-08-04,138.1765594482422,51231218
2020-08-05,138.81918334960938,22069412
2020-08-06,138.51478576660156,25134282
2020-08-07,141.96456909179688,18237588
2020-08-10,140.4087677001953,16504844
2020-08-11,145.1775665283203,25534582
2020-08-12,142.6578826904297,18101040
2020-08-13,142.4380340576172,11681234
2020-08-14,139.7661590576172,28445040
2020-08-17,137.9567108154297,22849152
2020-08-18,136.062744140625,27093554
2020-08-19,136.53623962402344,33242206
2020-08-20,139.49560546875,36899472
2020-08-21,138.7008056640625,17126912
2020-08-24,138.5824432373047,13081806
2020-08-25,139.6477813720703,25017896
2020-08-26,138.7008056640625,10814154
2020-08-27,139.66470336914062,15646796
2020-08-28,140.37493896484375,17487384
2020-08-31,137.92291259765625,37997902
2020-09-01,137.73687744140625,12040094
2020-09-02,140.0029296875,10307040
2020-09-03,139.81690979003906,8794738
2020-09-04,136.41787719726562,9733000
2020-09-07,135.35250854492188,16616944
2020-09-08,139.37722778320312,37280122
2020-09-09,137.29722595214844,13471164
2020-09-10,145.53268432617188,50834954
2020-09-11,145.00845336914062,25168858
2020-09-14,141.085205078125,12050202
2020-09-15,140.1551055908203,16667382
2020-09-16,139.69851684570312,10001736
2020-09-17,140.56097412109375,13708168
2020-09-18,139.3603057861328,19110716
2020-09-21,135.77525329589844,11706332
2020-09-22,132.62989807128906,15913160
2020-09-23,131.10791015625,11588706
2020-09-24,127.59053039550781,9254902
2020-09-25,127.08322143554688,26544582
2020-09-28,130.26239013671875,14260844
2020-09-29,130.73587036132812,17532748
2020-09-30,119.40580749511719,87189586
2020-10-01,119.49032592773438,32424524
2020-10-05,119.77784729003906,13176802
2020-10-06,119.06759643554688,13773544
2020-10-07,115.75311279296875,20549154
2020-10-08,115.00904083251953,19178934
2020-10-09,116.68317413330078,26861436
2020-10-12,115.53327178955078,9593558
2020-10-13,114.687744140625,10558800
2020-10-14,112.59081268310547,16178274
2020-10-15,110.47699737548828,10821450
2020-10-16,114.97521209716797,26906266
2020-10-19,117.24122619628906,14750554
2020-10-20,116.12515258789062,10486228
2020-10-21,118.22205352783203,34108526
2020-10-22,118.15443420410156,11658856
2020-10-23,118.8984603881836,10095206
2020-10-26,117.05522918701172,10164184
2020-10-27,117.91765594482422,8717246
2020-10-28,116.83540344238281,7743220
2020-10-29,115.60091400146484,14722436
2020-10-30,119.87930297851562,33648648
2020-11-02,117.15666198730469,8690720
2020-11-03,118.66175079345703,13322292
2020-11-04,117.98529052734375,8101954
2020-11-05,123.8871078491211,27315846
2020-11-06,122.58497619628906,11623324
2020-11-09,127.01557159423828,23414854
2020-11-10,129.46759033203125,16074814
2020-11-11,133.25559997558594,22991936
2020-11-12,133.4754180908203,13222638
2020-11-13,133.25559997558594,19115708
2020-11-14,139.63087463378906,16811038
2020-11-17,133.4754180908203,44296492
2020-11-18,129.55215454101562,42174930
2020-11-19,129.7720184326172,33181436
2020-11-20,129.63670349121094,18928924
2020-11-23,133.40777587890625,18370378
2020-11-24,131.8181915283203,14237058
2020-11-25,129.2139434814453,14976356
2020-11-26,127.84420013427734,16774012
2020-11-27,126.15312957763672,27707056
2020-12-01,128.28384399414062,9807172
2020-12-02,130.04257202148438,19302512
2020-12-03,133.2217559814453,37347498
2020-12-04,132.68064880371094,14825638
2020-12-07,133.59381103515625,20185302
2020-12-08,132.054931640625,11461924
2020-12-09,133.64453125,16825160
2020-12-10,135.048095703125,14788112
2020-12-11,134.40548706054688,29170228
2020-12-14,137.12811279296875,22254470
2020-12-15,134.81137084960938,17578662
2020-12-16,135.1495819091797,14206982
2020-12-17,133.7290802001953,12233988
2020-12-18,133.20486450195312,13147766
2020-12-21,124.24222564697266,25446600
2020-12-22,125.9840316772461,20183368
2020-12-23,126.62663269042969,11965506
2020-12-24,127.69195556640625,12131772
2020-12-28,129.45068359375,9806128
2020-12-29,129.02793884277344,8034014
2020-12-30,129.48452758789062,6183434
2020-12-31,128.89263916015625,8594440
2021-01-01,129.18014526367188,5723498
2021-01-04,133.71218872070312,16477784
2021-01-05,132.57916259765625,9064136
2021-01-06,130.98956298828125,16144720
2021-01-07,132.6468048095703,13121606
2021-01-08,135.33558654785156,24755912
2021-01-11,135.87672424316406,13668006
2021-01-12,136.1472930908203,16662142
2021-01-13,139.3095703125,42362294
2021-01-14,144.3151397705078,25200192
2021-01-15,140.2227325439453,17655902
2021-01-18,138.51478576660156,16787164
2021-01-19,139.83383178710938,11094214
2021-01-20,139.9691162109375,9874786
2021-01-21,138.09202575683594,17536476
2021-01-22,133.94891357421875,15404838
2021-01-25,130.98956298828125,12060426
2021-01-27,128.72354125976562,12066876
2021-01-28,129.97491455078125,16311766
2021-01-29,129.73818969726562,16517910
2021-02-01,132.91737365722656,27876736
2021-02-02,137.99053955078125,17753676
2021-02-03,140.32420349121094,17018506
2021-02-04,141.55868530273438,15198682
2021-02-05,140.35806274414062,7722568
2021-02-08,142.06602478027344,12645654
2021-02-09,141.82923889160156,45154044
2021-02-10,140.62860107421875,19160592
2021-02-11,142.7086181640625,11459318
2021-02-12,141.406494140625,10941890
2021-02-15,141.71084594726562,11037552
2021-02-16,141.35574340820312,10795324
2021-02-17,144.78460693359375,17178862
2021-02-18,151.99392700195312,41510988
2021-02-19,151.22023010253906,48892610
2021-02-22,148.60028076171875,19380682
2021-02-23,153.06654357910156,28795656
2021-02-24,154.27981567382812,11981366
2021-02-25,162.31558227539062,37621658
2021-02-26,158.2010040283203,36883078
2021-03-01,160.1000518798828,12185500
2021-03-02,164.93557739257812,53200666
2021-03-03,164.00363159179688,17675284
2021-03-04,163.14202880859375,12556622
2021-03-05,162.40350341796875,17793026
2021-03-08,164.12672424316406,11349538
2021-03-09,156.81187438964844,399581906
2021-03-10,156.6712188720703,23491604
2021-03-12,160.90890502929688,52792772
2021-03-15,161.96392822265625,33839076
2021-03-16,159.60769653320312,30782874
2021-03-17,151.941162109375,57699598
2021-03-18,150.1300811767578,26361962
2021-03-19,152.25767517089844,26622950
2021-03-22,154.50839233398438,27343862
2021-03-23,153.50613403320312,17089478
2021-03-24,151.20265197753906,10317086
2021-03-25,149.0677947998047,20898974
2021-03-26,150.93582153320312,19204862
2021-03-30,153.28414916992188,17153798
2021-03-31,152.27012634277344,10018670
2021-04-01,155.6325225830078,9156394
2021-04-05,152.30567932128906,11510442
2021-04-06,152.32347106933594,9190874
2021-04-07,152.3590545654297,7430944
2021-04-08,153.19522094726562,6708234
2021-04-09,151.4339599609375,8179184
2021-04-12,143.73060607910156,12368094
2021-04-13,145.66978454589844,8064312
2021-04-15,144.0508270263672,14440358
2021-04-16,147.2353515625,22292626
2021-04-19,145.43850708007812,11256462
2021-04-20,145.2072296142578,7026888
2021-04-22,148.85427856445312,15611348
2021-04-23,150.526611328125,47680532
2021-04-26,149.0500030517578,12888196
2021-04-27,149.56593322753906,10816330
2021-04-28,148.55186462402344,19805066
2021-04-29,149.28128051757812,13265608
2021-04-30,150.0818634033203,33702940
2021-05-03,148.01812744140625,16118782
2021-05-04,149.95730590820312,19987878
2021-05-05,151.14930725097656,13778662
2021-05-06,154.4227752685547,12787288
2021-05-07,157.678466796875,24054728
2021-05-10,161.4322967529297,19405820
2021-05-11,164.4744873046875,21695878
2021-05-12,159.84890747070312,15235594
2021-05-14,157.35821533203125,9799430
2021-05-17,157.85635375976562,6063462
2021-05-18,159.5642547607422,9934246
2021-05-19,158.85263061523438,16215214
2021-05-20,161.8236846923828,18799814
2021-05-21,164.04751586914062,23987738
2021-05-24,168.24610900878906,22941220
2021-05-25,168.79759216308594,21199352
2021-05-26,168.01483154296875,25944614
2021-05-27,166.46702575683594,102988808
2021-05-28,167.76576232910156,29313704
2021-05-31,167.94366455078125,13495562
2021-06-01,167.53448486328125,8869530
2021-06-02,168.88656616210938,12676710
2021-06-03,168.6197052001953,12184524
2021-06-04,170.16751098632812,17759466
2021-06-07,171.28829956054688,12523390
2021-06-08,173.4409637451172,15198964
2021-06-09,172.58700561523438,18980362
2021-06-10,172.0532989501953,7388634
2021-06-11,172.0710906982422,7438508
2021-06-14,172.10667419433594,7237652
2021-06-15,171.46620178222656,6507360
2021-06-16,171.23492431640625,7994924
2021-06-17,169.6871337890625,6651076
2021-06-18,168.0681915283203,10583776
2021-06-21,169.02886962890625,5397088
2021-06-22,168.53074645996094,5553420
2021-06-23,167.0897216796875,4927558
2021-06-24,165.8443603515625,8462210
2021-06-25,167.2498321533203,5904240
2021-06-28,166.2179718017578,4334320
2021-06-29,165.89772033691406,5921594
2021-06-30,166.5559844970703,5924634
2021-07-01,164.65240478515625,5757026
2021-07-02,164.65240478515625,4769492
2021-07-05,163.56715393066406,11190174
2021-07-06,162.98007202148438,7749392
2021-07-07,163.85182189941406,6000580
2021-07-08,163.033447265625,6426778
2021-07-09,162.57089233398438,7058662
2021-07-12,160.4716033935547,7393710
2021-07-13,160.20474243164062,7409874
2021-07-14,159.65322875976562,4936524
2021-07-15,159.06613159179688,6617550
2021-07-16,159.40414428710938,6726604
2021-07-19,161.50344848632812,14737948
2021-07-20,161.46786499023438,7689016
2021-07-22,163.994140625,13532496
2021-07-23,164.15426635742188,6954808
2021-07-26,162.2506561279297,5177476
2021-07-27,161.28994750976562,4635256
2021-07-28,161.34332275390625,4411220
2021-07-29,159.79556274414062,5979220
2021-07-30,158.51463317871094,13531870
2021-08-02,162.89109802246094,9965680
2021-08-03,164.8836669921875,7855132
2021-08-04,162.65985107421875,5192276
2021-08-05,161.3611297607422,7099910
2021-08-06,162.1083526611328,8118604
2021-08-09,161.0052947998047,4555246
2021-08-10,158.22996520996094,7098198
2021-08-11,160.11575317382812,10635072
2021-08-12,159.45753479003906,12567714
2021-08-13,161.8592529296875,14232032
2021-08-16,165.09716796875,17964436
2021-08-17,165.45297241210938,14363500
2021-08-18,164.9192657470703,7947234
2021-08-20,161.9659881591797,12114818
2021-08-23,160.72067260742188,7925892
2021-08-24,162.39297485351562,7248688
2021-08-25,163.92298889160156,9704266
2021-08-26,166.07565307617188,14847298
2021-08-27,167.69459533691406,12536762
2021-08-30,168.13937377929688,9029840
2021-08-31,167.81912231445312,18002472
2021-09-01,169.72271728515625,10439002
2021-09-02,170.718994140625,8362628
2021-09-03,174.8108673095703,16372070
2021-09-06,174.6329345703125,13979558
2021-09-07,171.48402404785156,13420280
2021-09-08,174.1881866455078,13609662
2021-09-09,174.75747680664062,9084984
2021-09-13,177.23037719726562,21460684
2021-09-14,175.45130920410156,24182782
2021-09-15,174.3305206298828,22748506
2021-09-16,177.19598388671875,34750954
2021-09-17,176.06593322753906,24016408
2021-09-20,169.66903686523438,14744276
2021-09-21,167.00534057617188,22963476
2021-09-22,169.56814575195312,9640070
2021-09-23,169.4874267578125,11769116
2021-09-24,167.408935546875,12674828
2021-09-27,169.749755859375,9778866
2021-09-28,173.38206481933594,18266942
2021-09-29,176.32826232910156,15251714
2021-09-30,174.43138122558594,8934732
2021-10-01,174.77442932128906,5489980
2021-10-04,175.90447998046875,5362228
2021-10-05,179.13323974609375,18020292
2021-10-06,180.48521423339844,16248822
2021-10-07,181.2924346923828,7445114
2021-10-08,181.39332580566406,6019304
2021-10-11,183.3910675048828,11833332
2021-10-12,183.734130859375,10923204
2021-10-13,185.10633850097656,14072722
2021-10-14,185.36868286132812,7894780
2021-10-18,186.66015625,8784646
2021-10-19,182.84622192382812,10805314
2021-10-20,178.02334594726562,13086926
2021-10-21,182.0390625,19775152
2021-10-22,180.5054168701172,7829992
2021-10-25,174.2296142578125,14550354
2021-10-26,173.96725463867188,9945226
2021-10-27,172.61524963378906,6737796
2021-10-28,169.83045959472656,7242482
2021-10-29,168.57936096191406,12075018
2021-11-01,170.17352294921875,11652400
2021-11-02,167.95376586914062,8099346
2021-11-03,167.4492950439453,10516486
2021-11-04,169.40670776367188,1975024
2021-11-08,174.24978637695312,11870418
2021-11-09,173.7452850341797,5867180
2021-11-10,174.04798889160156,6565108
2021-11-11,173.6600799560547,6633538
2021-11-12,174.6400604248047,4288924
2021-11-15,174.08880615234375,3839888
2021-11-16,171.45513916015625,5533442
2021-11-17,168.96434020996094,7538798
2021-11-18,165.4936065673828,9990796
2021-11-22,161.53286743164062,10565788
2021-11-23,162.34950256347656,6765412
2021-11-24,164.69737243652344,8482816
2021-11-25,163.3703155517578,6323818
2021-11-26,153.8767852783203,20046662
2021-11-29,150.03854370117188,15037552
2021-11-30,151.07977294921875,18393470
2021-12-01,150.5693817138672,13057566
2021-12-02,154.6934356689453,12449776
2021-12-03,157.57211303710938,17313246
2021-12-06,156.57171630859375,8919812
2021-12-07,158.34793090820312,7275406
2021-12-08,159.7158203125,7187328
2021-12-09,160.7774658203125,12970082
2021-12-10,162.0841064453125,4565918
2021-12-13,160.205810546875,5199416
2021-12-14,159.91998291015625,6582798
2021-12-15,156.91879272460938,11115184
2021-12-16,159.6749725341797,7909366
2021-12-17,157.08213806152344,16049722
2021-12-20,146.9965362548828,22510560
2021-12-21,148.71148681640625,12855558
2021-12-22,152.0801544189453,10045244
2021-12-23,154.08096313476562,10693866
2021-12-24,151.95765686035156,6287570
2021-12-27,152.8763885498047,4632660
2021-12-28,155.32630920410156,6449486
2021-12-29,155.61216735839844,8260658
2021-12-30,154.32594299316406,12171414
2021-12-31,157.3883819580078,7780656
2022-01-03,157.65380859375,6468384
2022-01-04,157.59254455566406,11799296
2022-01-05,161.16537475585938,13483996
2022-01-06,161.614501953125,8237148
2022-01-07,161.77783203125,11914426
2022-01-10,162.32908630371094,4179728
2022-01-11,159.7158203125,6854016
2022-01-12,158.71542358398438,9246820
2022-01-13,161.08372497558594,8491424
2022-01-14,162.6966094970703,6915504
2022-01-17,163.55406188964844,9671610
2022-01-18,162.5536651611328,13220496
2022-01-19,161.0224609375,10347976
2022-01-20,160.49163818359375,6495234
2022-01-21,155.857177734375,10310538
2022-01-24,152.34556579589844,10668074
2022-01-25,156.20425415039062,9905300
2022-01-27,156.0613250732422,11474790
2022-01-28,156.18382263183594,8089918
2022-01-31,162.12490844726562,13928184
2022-02-01,154.6934356689453,25515398
2022-02-02,156.02049255371094,11701576
2022-02-03,153.9584503173828,10658294
2022-02-04,153.38681030273438,8957710
2022-02-07,152.0801544189453,8189026
2022-02-08,154.10134887695312,6909612
2022-02-09,153.36636352539062,9292356
2022-02-10,152.97325134277344,12283058
2022-02-11,152.93186950683594,11262552
2022-02-14,149.68328857421875,10196386
2022-02-15,152.66287231445312,11049572
2022-02-16,154.81478881835938,10889816
2022-02-17,154.35958862304688,5224320
2022-02-18,154.42164611816406,4420434
2022-02-21,152.60079956054688,6207542
2022-02-22,147.03472900390625,14106162
2022-02-23,147.7796630859375,5636142
2022-02-24,137.8269805908203,14094970
2022-02-25,139.19261169433594,11679020
2022-02-28,144.7586669921875,19146282
2022-03-02,141.5721435546875,15469204
2022-03-03,143.35162353515625,12825706
2022-03-04,144.15859985351562,15557860
2022-03-07,139.87542724609375,19936000
2022-03-08,141.36524963378906,12880560
2022-03-09,141.7997589111328,13563906
2022-03-10,144.42759704589844,18109208
2022-03-11,149.8074188232422,16557604
2022-03-14,148.8349151611328,16449824
2022-03-15,144.96556091308594,12130866
2022-03-16,147.44857788085938,9444984
2022-03-17,150.71786499023438,22827672
2022-03-21,147.82102966308594,12369650
2022-03-22,152.45594787597656,14934378
2022-03-23,151.7110595703125,12475458
2022-03-24,150.05572509765625,9696758
2022-03-25,149.10389709472656,7259104
2022-03-28,148.85560607910156,11624382
2022-03-29,148.3383331298828,11417328
2022-03-30,149.0004425048828,8247132
2022-03-31,148.71075439453125,11007364
2022-04-01,154.93893432617188,12772330
2022-04-04,157.3391876220703,14714720
2022-04-05,157.2564239501953,6622344
2022-04-06,159.65664672851562,11686350
2022-04-07,157.58746337890625,6693770
2022-04-08,159.1393280029297,8380548
2022-04-11,160.71189880371094,4778320
2022-04-12,157.50469970703125,4891948
2022-04-13,156.84255981445312,6523924
2022-04-18,153.84228515625,5585346
2022-04-19,155.5390167236328,11592654
2022-04-20,161.37405395507812,17136378
2022-04-21,164.58126831054688,15955692
2022-04-22,162.80177307128906,8821478
2022-04-25,152.99392700195312,20815928
2022-04-26,154.29751586914062,6278956
2022-04-27,151.669677734375,6163612
2022-04-28,152.84910583496094,6573278
2022-04-29,150.05572509765625,6718850
2022-05-02,151.6489715576172,6400476
2022-05-04,150.40748596191406,5737094
2022-05-05,149.39361572265625,3695092
2022-05-06,147.8624267578125,4697742
2022-05-09,146.24844360351562,5048780
2022-05-10,146.2691650390625,5909904
2022-05-11,143.6413116455078,7774130
2022-05-12,140.68243408203125,7716626
2022-05-13,139.44093322753906,4515592
2022-05-16,139.0891571044922,3884304
2022-05-17,141.71701049804688,9596420
2022-05-18,137.35105895996094,15314616
2022-05-19,135.17845153808594,10187938
2022-05-20,137.7235107421875,6393394
2022-05-23,137.433837890625,8792862
2022-05-24,136.60617065429688,5891438
2022-05-25,134.97152709960938,8163646
2022-05-26,134.22662353515625,16061314
2022-05-27,133.3989715576172,9751704
2022-05-30,136.21299743652344,7101016
2022-05-31,134.99221801757812,20841502
2022-06-01,134.9094696044922,13381064
2022-06-02,136.29579162597656,16113808
2022-06-03,135.79917907714844,9938986
2022-06-06,132.157470703125,9345428
2022-06-07,132.52992248535156,7910152
2022-06-08,134.04039001464844,5381610
2022-06-09,137.74420166015625,13918892
2022-06-10,136.97860717773438,5453434
2022-06-13,131.578125,7503680
2022-06-14,130.06761169433594,10098392
2022-06-15,129.9434814453125,9987308
2022-06-16,128.97096252441406,8720718
2022-06-17,124.5636215209961,13905510
2022-06-20,122.5151596069336,7456818
2022-06-21,124.64641571044922,5603658
2022-06-22,126.5914077758789,13204868
2022-06-23,127.41908264160156,8697024
2022-06-24,127.27422332763672,6549900
2022-06-27,130.3572998046875,5569614
2022-06-28,131.8470916748047,6481036
2022-06-29,130.9366455078125,4503176
2022-06-30,127.6259994506836,9158568
2022-07-01,131.74363708496094,8833390
2022-07-04,130.91595458984375,4431040
2022-07-05,129.57101440429688,6138608
2022-07-06,132.9644317626953,8353864
2022-07-07,136.3164825439453,9279814
2022-07-08,134.61978149414062,5034654
2022-07-11,130.72975158691406,11830842
2022-07-12,127.72943878173828,10690702
2022-07-13,128.4950408935547,9645842
2022-07-14,126.69487762451172,11835382
2022-07-15,129.15716552734375,10024354
2022-07-18,130.68833923339844,7029760
2022-07-19,130.9987335205078,5009030
2022-07-20,131.22633361816406,6723570
2022-07-21,133.54380798339844,7298344
2022-07-22,132.55059814453125,6293178
2022-07-25,131.24703979492188,6529228
2022-07-26,131.78501892089844,4397264
2022-07-27,134.33009338378906,6514864
2022-07-28,134.93014526367188,6933530
2022-07-29,136.6889190673828,9605766
2022-08-01,138.28219604492188,6221584
2022-08-02,138.69601440429688,7663472
2022-08-03,138.1787109375,4079330
2022-08-04,138.19944763183594,5023836
2022-08-05,139.21331787109375,5115246
2022-08-08,134.7646026611328,18945812
2022-08-10,135.8612823486328,5743378
2022-08-11,135.8819580078125,3377190
2022-08-12,138.1787109375,5285940
2022-08-16,143.14471435546875,10721280
2022-08-17,146.14500427246094,14146800
2022-08-18,143.62062072753906,7118970
2022-08-19,142.44151306152344,7463376
2022-08-22,140.50436401367188,4227956
2022-08-23,140.5254669189453,3118316
2022-08-24,138.77783203125,5188148
2022-08-25,138.88308715820312,6420988
2022-08-26,138.58831787109375,4127464
2022-08-29,137.36709594726562,3250026
2022-08-30,138.3988037109375,6339262
2022-09-01,139.53582763671875,6741662
2022-09-02,135.577392578125,9679250
2022-09-05,136.75648498535156,4784578
2022-09-06,136.54591369628906,5099528
2022-09-07,137.6408233642578,5529460
2022-09-08,143.1152801513672,17335416
2022-09-09,142.54676818847656,6934262
2022-09-12,144.2733612060547,5406378
2022-09-13,143.62063598632812,10351084
2022-09-14,141.55715942382812,6863114
2022-09-15,139.556884765625,4993238
2022-09-16,135.30361938476562,11937446
2022-09-19,135.13519287109375,5473706
2022-09-20,135.97743225097656,5591400
2022-09-21,134.77723693847656,4507332
2022-09-22,133.00857543945312,5353540
2022-09-23,131.36622619628906,5516760
2022-09-26,128.39739990234375,10934478
2022-09-27,130.81878662109375,6266672
2022-09-28,128.86062622070312,4451088
2022-09-29,127.70255279541016,6532502
2022-09-30,128.3552703857422,11182546
2022-10-03,130.0397186279297,7084402
2022-10-04,131.1556854248047,4266520
2022-10-06,131.45045471191406,6973606
2022-10-07,129.45018005371094,6436838
2022-10-10,128.29208374023438,4731232
2022-10-11,126.22865295410156,5305338
2022-10-12,127.38670349121094,14791710
2022-10-13,126.46025848388672,6058154
2022-10-14,125.42854309082031,5155460
2022-10-17,124.88108825683594,5344642
2022-10-18,124.5442123413086,6574926
2022-10-19,123.0281982421875,6029504
2022-10-20,125.11272430419922,10261122
2022-10-21,125.63909912109375,4378164
2022-10-24,126.6497802734375,785990
2022-10-25,127.42882537841797,5684662
2022-10-27,128.69216918945312,6769606
2022-10-28,127.72359466552734,4980844
2022-10-31,127.87100982666016,8168120
2022-11-01,128.16578674316406,6729148
2022-11-02,128.5237274169922,4907332
2022-11-03,128.48162841796875,4588148
2022-11-04,126.9024429321289,7678230
2022-11-07,130.43978881835938,7732442
2022-11-09,129.21856689453125,5580594
2022-11-10,128.65003967285156,2795742
2022-11-11,130.0818328857422,4580064
2022-11-14,129.55543518066406,2600014
2022-11-15,130.0818328857422,4035358
2022-11-16,129.0501251220703,2926810
2022-11-17,128.5237274169922,3816246
2022-11-18,128.0605010986328,4065720
2022-11-21,130.67138671875,7671706
2022-11-22,129.21856689453125,7471030
2022-11-23,130.60821533203125,5713460
2022-11-24,135.1773223876953,16914922
2022-11-25,136.63015747070312,8593556
2022-11-28,143.49429321289062,26418498
2022-11-29,142.7783966064453,10055668
2022-11-30,143.66273498535156,10029732
2022-12-01,142.58889770507812,4289334
2022-12-02,143.64166259765625,5595618
2022-12-05,142.5046844482422,4976546
2022-12-06,138.35670471191406,10051146
2022-12-07,140.79916381835938,14328596
2022-12-08,141.38873291015625,5220452
2022-12-09,142.52574157714844,10392346
2022-12-12,146.9684600830078,13477930
2022-12-13,145.76829528808594,7750970
2022-12-14,146.8632049560547,9635850
2022-12-15,147.03163146972656,5908812
2022-12-16,143.9154052734375,9481326
2022-12-19,143.72589111328125,5444230
2022-12-20,143.28372192382812,5614312
2022-12-21,140.69387817382812,5170900
2022-12-22,138.08299255371094,6135896
2022-12-23,136.9038848876953,5802076
2022-12-26,136.9038848876953,3377562
2022-12-27,137.2828826904297,2819074
2022-12-28,136.4827423095703,9481554
2022-12-29,137.7882080078125,6195112
2022-12-30,139.17787170410156,4199128
2023-01-02,140.58863830566406,4405586
2023-01-03,141.85195922851562,5264652
2023-01-04,141.62033081054688,5848474
2023-01-05,144.16807556152344,7428290
2023-01-06,145.15768432617188,7364410
2023-01-09,146.02096557617188,4519436
2023-01-10,146.2736358642578,4762962
2023-01-11,148.44236755371094,14348024
2023-01-12,145.30506896972656,5863672
2023-01-13,147.43170166015625,5433700
2023-01-16,146.9474334716797,5698298
2023-01-17,146.71580505371094,3477566
2023-01-18,145.7261962890625,4099580
2023-01-19,147.24220275878906,3279112
2023-01-20,145.8525390625,3993550
2023-01-23,147.22113037109375,3362750
2023-01-24,146.9474334716797,4752342
2023-01-25,146.02096557617188,3866394
2023-01-27,141.72560119628906,5251902
2023-01-30,141.11502075195312,6395210
2023-01-31,144.5470733642578,17988324
2023-02-01,140.94654846191406,8358226
2023-02-02,139.89378356933594,9029328
2023-02-03,137.57765197753906,5653818
2023-02-06,140.54649353027344,6611800
2023-02-07,139.8727264404297,3480708
2023-02-08,140.7360076904297,2499180
2023-02-09,140.5254669189453,4275406
2023-02-10,140.65179443359375,2551682
2023-02-13,141.03076171875,3587566
2023-02-14,139.45159912109375,2385346
2023-02-15,139.45159912109375,3529300
2023-02-16,137.15655517578125,7507670
2023-02-17,139.68321228027344,6702378
2023-02-20,137.3460235595703,3546252
2023-02-21,136.1248016357422,2962498
2023-02-22,134.94569396972656,8178548
2023-02-23,134.98779296875,5490782
2023-02-24,133.72445678710938,3794754
2023-02-27,134.94569396972656,3962002
2023-02-28,133.6402587890625,7852658
2023-03-01,133.02963256835938,6991434
2023-03-02,135.19837951660156,6768720
2023-03-03,135.34576416015625,4226202
2023-03-06,136.6722412109375,3629924
2023-03-08,137.32498168945312,4785062
2023-03-09,136.79859924316406,3895532
2023-03-10,137.30393981933594,3517038
2023-03-13,135.85108947753906,3910894
2023-03-14,137.36709594726562,5894652
2023-03-15,139.09364318847656,5511946
2023-03-16,147.7686004638672,36574630
2023-03-17,147.97915649414062,23389012
2023-03-20,151.45333862304688,18492346
2023-03-21,150.99009704589844,10250562
2023-03-22,148.14759826660156,11934054
2023-03-23,146.69473266601562,5146176
2023-03-24,145.45245361328125,5875488
2023-03-27,145.22085571289062,4245926
2023-03-28,143.1152801513672,6854316
2023-03-29,143.1152801513672,5971840
2023-03-31,144.98924255371094,10137510
2023-04-03,138.94625854492188,18864744
2023-04-05,138.14614868164062,8249158
2023-04-06,139.80955505371094,4767830
2023-04-10,141.40977478027344,4930618
2023-04-11,142.79946899414062,2729894
2023-04-12,142.0414581298828,4260174
2023-04-13,139.91481018066406,8347294
2023-04-17,141.36766052246094,2905562
2023-04-18,140.98867797851562,5806422
2023-04-19,144.0206756591797,9852864
2023-04-20,144.73660278320312,4865018
2023-04-21,145.7893829345703,6552688
2023-04-24,146.21047973632812,4245824
2023-04-25,146.33680725097656,3084392
2023-04-26,146.9684600830078,2639794
2023-04-27,149.76885986328125,7271052
2023-04-28,150.5900421142578,6742936
2023-05-02,152.06393432617188,6425960
2023-05-03,151.93760681152344,8712958
2023-05-04,155.11700439453125,8282286
2023-05-05,153.89581298828125,3300230
2023-05-08,154.84329223632812,2400728
2023-05-09,154.569580078125,4179678
2023-05-10,156.7172393798828,5561956
2023-05-11,156.8856964111328,3387368
2023-05-12,152.4008331298828,7791814
2023-05-15,150.33738708496094,4809530
2023-05-16,152.5692596435547,7572742
2023-05-17,153.60101318359375,7759756
2023-05-18,151.89549255371094,3426890
2023-05-19,151.72705078125,2315526
2023-05-22,152.27450561523438,3206888
2023-05-23,154.38006591796875,11943178
2023-05-24,152.99038696289062,3750960
2023-05-25,152.99038696289062,3352570
2023-05-26,153.4114990234375,2185592
2023-05-29,152.31663513183594,2341038
2023-05-30,151.76914978027344,2722688
2023-05-31,153.07461547851562,23214480
2023-06-01,153.5167694091797,3537282
2023-06-02,151.62176513671875,6932474
2023-06-05,150.25315856933594,5858136
2023-06-06,149.97943115234375,4213074
2023-06-07,155.01174926757812,12830856
2023-06-08,152.06393432617188,7164382
2023-06-09,151.3690948486328,3085970
2023-06-12,156.50668334960938,9434298
2023-06-13,157.32785034179688,7974634
2023-06-14,157.30677795410156,6714368
2023-06-15,159.5597686767578,12210880
2023-06-16,158.6754150390625,4278588
2023-06-19,157.81211853027344,3034770
2023-06-20,156.84356689453125,2415876
2023-06-21,156.99095153808594,2680298
2023-06-22,157.24362182617188,4024128
2023-06-23,151.43228149414062,10934896
2023-06-26,150.88482666015625,5281280
2023-06-27,151.7481231689453,6784532
2023-06-28,153.87472534179688,7166772
2023-06-30,153.5799560546875,8391660
2023-07-03,158.0437469482422,12429962
2023-07-04,158.6122589111328,5390328
2023-07-05,162.78126525878906,12565366
2023-07-06,165.62379455566406,13080534
2023-07-07,164.928955078125,6527978
2023-07-10,162.63389587402344,7264538
2023-07-11,164.61309814453125,6249314
2023-07-12,162.63389587402344,3379704
2023-07-13,159.83348083496094,4556112
2023-07-14,159.83348083496094,6358916
2023-07-17,160.7599334716797,3944706
2023-07-18,159.58082580566406,4545860
2023-07-19,161.9390411376953,4894862
2023-07-20,163.370849609375,5790108
2023-07-21,164.50782775878906,4677570
2023-07-24,164.04461669921875,2997768
2023-07-25,162.7180938720703,4256186
2023-07-26,163.0550079345703,12787834
2023-07-27,159.70716857910156,16459384
2023-07-28,157.26470947265625,7259444
2023-07-31,158.97021484375,10035348
2023-08-01,158.97021484375,9122844
2023-08-02,155.432861328125,9528240
2023-08-03,154.96961975097656,6404888
2023-08-04,151.76914978027344,6557502
2023-08-07,151.8744354248047,4002256
2023-08-08,150.69532775878906,6307980
2023-08-09,151.7481231689453,6443716
2023-08-10,152.7166748046875,8137376
2023-08-11,152.24826049804688,5578802
2023-08-14,151.8224639892578,5111068
2023-08-16,152.3972930908203,3864088
2023-08-17,151.9927978515625,4778606
2023-08-18,150.26824951171875,4777304
2023-08-21,149.90634155273438,5180764
2023-08-22,147.71340942382812,8015338
2023-08-23,146.8191680908203,6414210
2023-08-24,149.56568908691406,8741756
2023-08-25,149.13987731933594,5113762
2023-08-28,151.2902069091797,10985570
2023-08-29,151.92892456054688,6253738
2023-08-30,149.86375427246094,9709432
2023-08-31,145.00949096679688,13575650
2023-09-01,146.56373596191406,9980752
2023-09-04,146.776611328125,6898572
2023-09-05,149.1185760498047,8363178
2023-09-06,150.3747100830078,6751054
2023-09-07,150.9921417236328,7249346
2023-09-08,154.121826171875,10344130
2023-09-11,154.88827514648438,10452850
2023-09-12,148.3520965576172,18168222
2023-09-13,151.41793823242188,9713718
2023-09-14,152.75924682617188,10116738
2023-09-15,149.99147033691406,12383408
2023-09-18,153.4405517578125,10007488
2023-09-20,150.11923217773438,18292152
2023-09-21,151.26890563964844,9879542
2023-09-22,149.86375427246094,3982102
2023-09-25,149.8424530029297,4959752
2023-09-26,149.73599243164062,3788360
2023-09-27,148.60760498046875,5969046
2023-09-28,146.457275390625,9701978
2023-09-29,147.5856475830078,2669870
2023-10-03,145.35015869140625,10514554
2023-10-04,145.35015869140625,6049760
2023-10-05,146.67018127441406,7115506
2023-10-06,147.8411407470703,3717076
2023-10-09,144.77529907226562,8740080
2023-10-10,144.9456329345703,3572978
2023-10-11,145.86111450195312,4799512
2023-10-12,148.47987365722656,7703802
2023-10-13,148.05404663085938,3981804
2023-10-16,147.86244201660156,3262470
2023-10-17,151.03472900390625,10443728
2023-10-18,149.1185760498047,9162228
2023-10-19,150.60891723632812,5743188
2023-10-20,147.50047302246094,4400690
2023-10-23,145.9675750732422,7813800
2023-10-25,144.7540283203125,5429774
2023-10-26,142.6462860107422,7743878
2023-10-27,142.62498474121094,2996088
2023-10-30,147.71340942382812,21873188
2023-10-31,148.71405029296875,10673186
2023-11-01,151.97149658203125,13929780
2023-11-02,153.5257110595703,10130432
2023-11-03,153.9302215576172,5627900
2023-11-06,155.9528350830078,9072020
2023-11-07,158.74185180664062,10702176
2023-11-08,163.59613037109375,24020912
2023-11-09,163.31932067871094,12843896
2023-11-10,163.5322265625,4932486
2023-11-13,164.8309783935547,4838906
2023-11-15,167.15162658691406,11266250
2023-11-16,169.7490692138672,15416172
2023-11-17,166.17227172851562,16380696
2023-11-20,166.9174346923828,4506882
2023-11-21,165.2141571044922,4477214
2023-11-22,171.21810913085938,25730664
2023-11-23,175.1355438232422,16239092
2023-11-24,174.83749389648438,10975546
2023-11-28,180.75624084472656,23186856
2023-11-29,182.52333068847656,25208812
2023-11-30,185.5253143310547,32721308
2023-12-01,186.50465393066406,19278842
2023-12-04,196.51119995117188,41482794
2023-12-05,201.06736755371094,38376064
2023-12-06,201.34414672851562,27408826
2023-12-07,202.13189697265625,23850564
2023-12-08,200.3221893310547,18940478
2023-12-11,198.21444702148438,27693108
2023-12-12,199.5745086669922,19940320
2023-12-13,199.5522003173828,26664018
2023-12-14,198.7495574951172,12555568
2023-12-15,200.2211151123047,22079148
2023-12-18,199.44073486328125,16831064
2023-12-19,200.55555725097656,12644672
2023-12-20,195.96250915527344,17347978
2023-12-21,200.46636962890625,18554414
2023-12-22,199.1731719970703,11559264
2023-12-26,201.38050842285156,22976450
2023-12-27,202.76290893554688,12398088
2023-12-28,207.71267700195312,45183336
2023-12-29,200.95689392089844,17088440
2024-01-01,201.5811767578125,7006288
2024-01-02,203.45408630371094,9458818
2024-01-03,205.5945281982422,15058884
2024-01-04,201.84873962402344,17904916
2024-01-05,202.04942321777344,8080468
2024-01-08,202.8966827392578,18232610
2024-01-09,205.10400390625,12301290
2024-01-10,201.22445678710938,15261992
2024-01-11,204.54661560058594,15751252
2024-01-12,204.345947265625,11990812
2024-01-15,205.10400390625,10408382
2024-01-16,210.85646057128906,42369500
2024-01-17,210.32135009765625,22429284
2024-01-18,211.01255798339844,19802302
2024-01-19,214.4684600830078,12973856
2024-01-23,206.4864044189453,18419550
2024-01-24,212.77395629882812,15161312
2024-01-25,211.54763793945312,21346674
2024-01-29,219.68580627441406,27869484
2024-01-30,224.83627319335938,44271876
2024-01-31,224.0113067626953,20707736
2024-02-01,226.73146057128906,14008198
2024-02-02,248.9832000732422,77556082
2024-02-05,256.2964172363281,45025890
2024-02-06,271.7031555175781,45260656
2024-02-07,268.4701843261719,28791718
2024-02-08,276.69757080078125,37522588
2024-02-09,273.93280029296875,29524266
2024-02-12,263.29742431640625,17042236
2024-02-13,260.55499267578125,12659942
2024-02-14,278.10223388671875,47987362
2024-02-15,291.0787048339844,51245018
2024-02-16,291.90362548828125,55744810
2024-02-19,290.9894714355469,24997270
2024-02-20,293.2414245605469,20913510
2024-02-21,282.3608703613281,17722264
2024-02-22,279.1055603027344,27653580
2024-02-23,275.5604248046875,12564690
2024-02-26,279.6629638671875,23264196
2024-02-27,278.7265319824219,14881202
2024-02-28,271.7031555175781,12645922
2024-02-29,269.2728576660156,20515464
2024-03-01,277.9461669921875,15763236
2024-03-04,285.5937805175781,14804172
2024-03-05,287.6673583984375,12317936
2024-03-06,284.6573181152344,18258188
2024-03-07,278.5704650878906,11968574
2024-03-11,279.32855224609375,15353008
2024-03-12,278.9049072265625,14074364
2024-03-13,266.5527038574219,14910184
2024-03-14,271.4578857421875,19372474
2024-03-15,261.5137023925781,57039318
2024-03-18,259.66314697265625,10980494
2024-03-19,248.69334411621094,21665634
2024-03-20,252.68443298339844,17528566
2024-03-21,262.11572265625,16625332
2024-03-22,264.3453674316406,21445540
2024-03-26,267.4891662597656,13567050
2024-03-27,265.4156188964844,10893576
2024-03-28,268.6263122558594,12168632
2024-04-01,267.86822509765625,6260114
2024-04-02,274.6016845703125,18944588
2024-04-03,272.43896484375,12456516
2024-04-04,266.8871765136719,15187270
2024-04-05,263.29742431640625,17546990
2024-04-08,263.9663391113281,11628512
2024-04-09,261.20159912109375,9089852
2024-04-10,269.6741943359375,22286674
2024-04-12,268.0911560058594,13419366
2024-04-15,262.8960876464844,16619074
2024-04-16,264.1224060058594,11546770
2024-04-18,262.91839599609375,25834400
2024-04-19,261.223876953125,20996084
2024-04-22,269.09454345703125,17525618
2024-04-23,264.4345397949219,11440602
2024-04-24,264.59063720703125,9778936
2024-04-25,269.0722351074219,14346756
2024-04-26,271.7700500488281,9905056
2024-04-29,275.9394836425781,15908852
2024-04-30,270.8336181640625,12520696
2024-05-02,283.0074157714844,31766132
2024-05-03,280.866943359375,8997336
2024-05-06,272.1268005371094,9472036
2024-05-07,269.4735107421875,19902238
2024-05-08,276.60833740234375,13939168
2024-05-09,264.0555419921875,19938848
2024-05-10,275.8725891113281,44164342
2024-05-13,270.6329650878906,22898652
2024-05-14,270.2093505859375,12813314
2024-05-15,278.7265319824219,18835012
2024-05-16,275.9172058105469,26886936
2024-05-17,280.17578125,10203386
2024-05-21,287.1768493652344,21247760
2024-05-22,285.6160888671875,14673810
2024-05-23,288.71527099609375,14982550
2024-05-24,291.6806640625,16208524
2024-05-27,292.5502014160156,12493582
2024-05-28,288.2916259765625,8950082
2024-05-29,282.5168762207031,10753416
2024-05-30,279.0386962890625,9645688
2024-05-31,279.9527893066406,18484104
2024-06-03,297.0541076660156,33828234
2024-06-04,258.7267150878906,45748526
2024-06-05,259.1280517578125,47388174
2024-06-06,260.48809814453125,37934232
2024-06-07,267.46685791015625,21620630
2024-06-10,268.7154235839844,14828594
2024-06-11,270.7667236328125,27027544
2024-06-12,273.5091552734375,23479388
2024-06-13,276.1847229003906,12050324
2024-06-14,279.44000244140625,14628644
2024-06-18,281.335205078125,15884950
2024-06-19,274.6016845703125,19648006
2024-06-20,279.2616271972656,18076646
2024-06-21,274.33416748046875,30004484
2024-06-24,272.23828125,7557297
2024-06-25,264.2561950683594,15630568
2024-06-26,266.12908935546875,7973173
2024-06-27,271.88153076171875,12487595
2024-06-28,271.0788879394531,9077880
2024-07-01,271.6139831542969,4793023
2024-07-02,271.4801940917969,5553786
2024-07-03,273.4422912597656,4355165
2024-07-04,270.23162841796875,6607472
2024-07-05,273.48687744140625,7684768
2024-07-08,267.110107421875,11488688
2024-07-09,267.7344055175781,18094862
2024-07-10,267.86822509765625,12134270
2024-07-11,273.4422912597656,19246022
2024-07-12,271.6139831542969,10426157
2024-07-15,274.4679260253906,8687357
2024-07-16,281.7811279296875,28132502
2024-07-18,283.7431945800781,19588548
2024-07-19,270.945068359375,19823046
2024-07-22,274.9138488769531,27102699
2024-07-23,272.9071960449219,24287234
2024-07-24,280.8892517089844,16934157
2024-07-25,290.8780212402344,30554549
2024-07-26,293.2414245605469,21839106
2024-07-29,301.3572998046875,20234464
2024-07-30,310.5433654785156,45785745
2024-07-31,312.19329833984375,17224023
2024-08-01,311.3460693359375,16959971
2024-08-02,309.56231689453125,15120989
2024-08-05,304.7463684082031,23868328
2024-08-06,298.5033874511719,13702018
2024-08-07,306.4854431152344,14250381
2024-08-08,301.71405029296875,15378854
2024-08-09,306.8683776855469,11351617
2024-08-12,306.8683776855469,12253716
2024-08-13,296.0994873046875,9757429
2024-08-14,299.182861328125,8457477
2024-08-16,306.0400390625,8214443
2024-08-19,316.4407653808594,17875728
2024-08-20,321.5951232910156,22888866
2024-08-21,323.25189208984375,14795459
2024-08-22,322.2394714355469,10244576
2024-08-23,324.17236328125,15872017
2024-08-26,323.20587158203125,6672007
2024-08-27,321.2729797363281,9683173
2024-08-28,320.44464111328125,7295981
2024-08-29,328.0841369628906,13054801
2024-08-30,329.1885986328125,20312502
2024-09-02,329.92498779296875,14344785
2024-09-03,327.11767578125,9289259
2024-09-04,328.8204650878906,19416507
2024-09-05,331.9959411621094,15927510
2024-09-06,324.12628173828125,19044553
2024-09-09,320.1224670410156,9200270
2024-09-10,318.4197082519531,8137710
2024-09-11,313.17327880859375,12194591
2024-09-12,316.9010009765625,15970391
2024-09-13,315.0601501464844,11006109
2024-09-16,313.54144287109375,4850244
2024-09-17,311.47052001953125,7237522
2024-09-18,309.35357666015625,4111826
2024-09-19,298.6306457519531,12549677
2024-09-20,304.843505859375,14642546
2024-09-23,311.1943664550781,6110287
2024-09-24,312.16082763671875,7068491
2024-09-25,312.75909423828125,6087353
2024-09-26,317.6373596191406,9517367
2024-09-27,338.0706787109375,40756678
2024-09-30,340.5097961425781,23860696
2024-10-01,338.9450988769531,9440793
2024-10-03,321.08892822265625,20754875
2024-10-04,313.17327880859375,18185208
2024-10-07,308.3410949707031,7847806
2024-10-08,311.1023254394531,9565667
2024-10-09,311.88470458984375,13523561
2024-10-10,308.7552490234375,5706365
2024-10-11,310.7801818847656,4046559
2024-10-14,313.63348388671875,7967181
2024-10-15,320.99688720703125,17183945
2024-10-16,322.8377380371094,17073700
2024-10-17,315.4283447265625,11023063
2024-10-18,315.2442321777344,7328694
2024-10-21,305.2576599121094,8609636
2024-10-22,297.2039489746094,6372285
2024-10-23,297.342041015625,6639274
2024-10-24,295.8693542480469,5706821
2024-10-25,281.92498779296875,11583887
2024-10-28,285.69873046875,13299872
2024-10-29,286.6651611328125,8437903
2024-10-30,286.527099609375,6248318
2024-10-31,286.0208740234375,11375689
2024-11-01,288.0918273925781,710149
2024-11-04,279.3017883300781,14063318
2024-11-05,283.4437255859375,9542018
2024-11-06,291.7734680175781,10787602
2024-11-07,289.93267822265625,7387875
2024-11-08,285.7447204589844,9304376
2024-11-11,287.6776123046875,5277147
2024-11-12,285.14642333984375,7192998
2024-11-13,281.5107727050781,7306795
2024-11-14,274.4696044921875,11061057
2024-11-18,266.185791015625,7940666
2024-11-19,264.6210632324219,9912544
2024-11-21,259.9269104003906,8273120
2024-11-22,263.10235595703125,6539977
2024-11-25,272.95086669921875,16903527
2024-11-26,270.46575927734375,5160007
2024-11-27,270.09759521484375,5995425
2024-11-28,267.7965393066406,13130411
2024-11-29,268.8550109863281,8125467
2024-12-02,270.7419128417969,5193026
2024-12-03,270.83392333984375,9198285
2024-12-04,270.2816467285156,9840659
2024-12-05,273.36505126953125,9287638
2024-12-06,276.4485168457031,9586531
2024-12-09,279.3017883300781,11637358
2024-12-10,279.34783935546875,8649367
2024-12-11,282.9834899902344,10867782
2024-12-12,278.105224609375,7454904
2024-12-13,277.6910705566406,7726611
2024-12-16,274.239501953125,8696443
2024-12-17,269.6833801269531,8415828
2024-12-18,265.3573913574219,6535229
2024-12-19,271.1100158691406,11822064
2024-12-20,266.0476989746094,9979749
2024-12-23,266.0937805175781,6819725
2024-12-24,268.76300048828125,7937629
2024-12-26,272.0765075683594,11310555
2024-12-27,270.1896057128906,3708404
2024-12-30,269.9595031738281,8236910
2024-12-31,269.1771545410156,4161509
2025-01-01,271.80035400390625,3545200
2025-01-02,273.2730407714844,6846413
2025-01-03,272.8128356933594,4806469
2025-01-06,262.1819763183594,7361716
2025-01-07,260.2950744628906,8306436
2025-01-08,263.9767761230469,6037032
2025-01-09,257.7178955078125,6215902
2025-01-10,255.55490112304688,9073218
2025-01-13,244.18771362304688,10488655
2025-01-14,248.69781494140625,6710730
2025-01-15,245.75242614746094,13448052
2025-01-16,245.660400390625,13754046
2025-01-17,251.82723999023438,9300647
2025-01-20,255.2327880859375,9623368
2025-01-21,257.9020080566406,15304149
2025-01-22,255.50892639160156,6301894
2025-01-23,249.66421508789062,18806324
2025-01-24,242.8070831298828,18480516
2025-01-27,240.50601196289062,10083126
2025-01-28,237.51466369628906,13321189
2025-01-29,241.22218322753906,9435973
2025-01-30,241.3629608154297,9410974
2025-01-31,245.07044982910156,8790578
2025-02-01,239.95504760742188,11464565
2025-02-03,234.22955322265625,21517136
2025-02-04,240.2366485595703,7000612
2025-02-05,245.21124267578125,10088345
2025-02-06,246.4314422607422,14058587
2025-02-07,248.07400512695312,6557480
2025-02-10,243.9441375732422,8052376
2025-02-11,239.48574829101562,6819100
2025-02-12,239.90814208984375,6568833
2025-02-13,240.04891967773438,5514711
2025-02-14,235.5905303955078,5205573
2025-02-17,236.8107147216797,5899597
2025-02-18,237.2331085205078,5534272
2025-02-19,239.90814208984375,6887175
2025-02-20,242.7239532470703,8155780
2025-02-21,235.87210083007812,9845416
2025-02-24,235.5905303955078,6773845
2025-02-25,233.1970672607422,4172676
2025-02-27,229.72422790527344,7376510
2025-02-28,222.73159790039062,14066882
2025-03-03,227.52789306640625,6864635
2025-03-04,234.57684326171875,7201075
2025-03-05,240.13339233398438,7802519
2025-03-06,248.76858520507812,12828381
2025-03-07,245.2206573486328,7057204
2025-03-10,241.15647888183594,8487911
2025-03-11,248.33680725097656,12306539
2025-03-12,249.97000122070312,10648004
2025-03-13,248.17724609375,4545159
2025-03-17,245.370849609375,6482574
2025-03-18,245.370849609375,0
2025-03-19,248.97508239746094,4955027
2025-03-20,255.42333984375,10789615
2025-03-21,262.49102783203125,26173451
2025-03-24,263.22314453125,11376607
2025-03-25,261.97479248046875,12143699
2025-03-26,256.2492980957031,9475308
2025-03-27,259.1120300292969,107524873
2025-03-28,261.3741149902344,12687883
2025-04-01,267.12774658203125,20780255
2025-04-02,269.19268798828125,12058406
2025-04-03,269.19268798828125,6663148
2025-04-04,262.2939147949219,18852567
2025-04-07,256.8969421386719,15010047
2025-04-08,268.3479309082031,18994276
2025-04-09,270.2721252441406,14519066
2025-04-11,275.1997985839844,14955235
2025-04-15,276.3260803222656,8516322
2025-04-16,280.4090576171875,9064723
2025-04-17,280.0335998535156,7510897
2025-04-21,285.3836669921875,6455955
2025-04-22,287.3078308105469,7096150
2025-04-23,282.0046691894531,7400827
2025-04-24,283.4595031738281,5773985
2025-04-25,277.5462951660156,7773037
2025-04-28,290.9683837890625,14414879
2025-04-29,292.56402587890625,9522966
2025-04-30,291.01531982421875,21424437
2025-05-02,292.2824401855469,6850147
2025-05-05,301.3399963378906,16037327
2025-05-06,292.3293762207031,5444873
2025-05-07,297.44476318359375,7970668
2025-05-08,289.0442810058594,5918739
2025-05-09,288.01177978515625,4955934
2025-05-12,290.0766906738281,6844271
2025-05-13,288.0587158203125,7241358
2025-05-14,293.3149108886719,7733320
2025-05-15,297.5386047363281,7055032
2025-05-16,300.4483337402344,6861786
2025-05-19,297.7263488769531,2956007
2025-05-20,293.6903381347656,5016433
2025-05-21,296.459228515625,5232094
2025-05-22,293.8311462402344,4876801
2025-05-23,299.3219909667969,4257721
2025-05-26,303.12335205078125,5050848
2025-05-27,297.5386047363281,4716473
2025-05-28,301.9501037597656,7112876
2025-05-29,299.5566101074219,4000772
2025-05-30,298.8526916503906,9148638
2025-06-02,297.1632080078125,3086437
2025-06-03,290.7337341308594,7853488
2025-06-04,292.4232177734375,5925942
2025-06-05,290.7806396484375,5900170
2025-06-06,297.2570495605469,5825337
2025-06-09,300.7298889160156,3787426
2025-06-10,300.4483337402344,6489933
2025-06-11,313.35418701171875,21739121
2025-06-12,299.0873107910156,13568848
2025-06-13,293.1271667480469,13958229
2025-06-16,296.9754638671875,6893567
2025-06-17,293.5964660644531,7219608
2025-06-18,296.459228515625,10011198
2025-06-19,294.20660400390625,5399948
2025-06-20,294.2535095214844,8522458
2025-06-23,294.20660400390625,6848410
2025-06-24,299.6505126953125,11172373
2025-06-25,299.9790344238281,6658747
2025-06-26,309.5058898925781,15528180
2025-06-27,312.5563659667969,9911738
2025-06-30,311.5708312988281,5840638
2025-07-01,311.6646728515625,3921773
2025-07-02,311.4300231933594,3799017
2025-07-03,311.1484680175781,5049883
2025-07-04,324.94598388671875,13743465
2025-07-07,328.98199462890625,8603937
2025-07-08,333.7688903808594,12905482
2025-07-09,327.10479736328125,8039090
2025-07-10,329.4043884277344,6580919
2025-07-11,323.6788635253906,4803470
2025-07-14,323.2564697265625,5372218
2025-07-15,326.6824035644531,6270256
2025-07-16,326.49468994140625,8426412
2025-07-17,325.4621887207031,4026086
2025-07-18,322.4117431640625,5631392
2025-07-21,321.5669860839844,5051058
2025-07-22,319.45513916015625,4447293
2025-07-23,323.30340576171875,5089227
2025-07-24,320.440673828125,3270996
2025-07-25,312.4624938964844,3514659
2025-07-28,312.9317932128906,5630809
2025-07-29,314.38665771484375,7809814
2025-07-30,316.3576965332031,11366010
2025-07-31,313.7376403808594,6867024
2025-08-01,302.82879638671875,4105518
2025-08-04,302.82879638671875,3536322
2025-08-05,300.2087707519531,6730701
2025-08-06,300.8280334472656,3601019
2025-08-07,295.6832275390625,5018154
2025-08-08,304.3531799316406,10028343
2025-08-11,305.78228759765625,7957794
2025-08-12,308.40234375,4392686
2025-08-13,307.2590637207031,2707971
2025-08-14,303.0193176269531,10549386
2025-08-18,299.1607360839844,8091527
2025-08-19,306.2586669921875,4343312
2025-08-20,304.8295593261719,3670375
2025-08-21,304.8295593261719,3790333
2025-08-22,301.4949645996094,3007303
2025-08-25,300.87567138671875,2841339
2025-08-26,297.35052490234375,10819770
2025-08-28,296.0167236328125,8888325
2025-08-29,293.6348571777344,4334416
2025-09-01,299.87530517578125,3672180
2025-09-02,300.06585693359375,3405312
2025-09-03,299.9705810546875,6616690
2025-09-04,298.11273193359375,5225640
2025-09-05,297.73162841796875,6159420
2025-09-08,301.4949645996094,2002604
2025-09-09,299.1131286621094,6476251
2025-09-10,302.924072265625,5214899
2025-09-11,304.877197265625,7529271
2025-09-12,302.9717102050781,4705998
2025-09-15,302.7335205078125,4653626
2025-09-16,303.2098693847656,5381837
2025-09-17,308.2594299316406,7035565
2025-09-18,310.3078308105469,5615664
2025-09-19,313.9758605957031,10022009
2025-09-22,310.02197265625,4768219
2025-09-23,314.78570556640625,7992615
2025-09-24,314.7380676269531,5489995
2025-09-25,314.0711364746094,5798602
2025-09-26,309.0216064453125,5692665
2025-09-29,322.1217956542969,12616059
2025-09-30,323.5985412597656,6762730
2025-10-01,323.6462097167969,9814406
2025-10-03,325.40875244140625,5833883
2025-10-06,327.36187744140625,5914399
2025-10-07,325.7422180175781,5934834
2025-10-08,328.7909851074219,7955678
2025-10-09,327.7429504394531,7028656
2025-10-10,322.6934509277344,5737637
2025-10-13,321.9788818359375,6785828
2025-10-14,316.73883056640625,4343927
2025-10-15,321.9312438964844,16271995
2025-10-16,320.0257568359375,6279302
2025-10-17,319.9781494140625,7824777
2025-10-20,321.74072265625,6134873
2025-10-21,323.0268859863281,404063
2025-10-23,315.64312744140625,8457356
2025-10-24,314.8333435058594,8260920
2025-10-27,326.79022216796875,11767585
2025-10-28,324.5513000488281,6156249
2025-10-29,331.64923095703125,9756868
2025-10-30,340.70025634765625,14807100
2025-10-31,339.93804931640625,7532962
2025-11-03,349.94183349609375,20107281
2025-11-04,355.3248596191406,12649509
2025-11-06,350.5611572265625,11803637
2025-11-07,357.0773010253906,11711108
2025-11-10,355.1321716308594,6934285
2025-11-11,363.88525390625,10689646
2025-11-12,365.14959716796875,9316462
2025-11-13,364.663330078125,9719258
2025-11-14,360.9675598144531,6848609
2025-11-17,363.9825134277344,9063998
2025-11-18,361.64837646484375,7729409
2025-11-19,355.6184387207031,7056032
2025-11-20,355.034912109375,9025414
2025-11-21,354.5486145019531,7177944
2025-11-24,349.7830505371094,13807356
2025-11-25,346.0873107910156,4113590
2025-11-26,357.5635681152344,7651793
2025-11-27,354.69451904296875,5180488
2025-11-28,349.2481689453125,3459790
2025-12-01,344.2880859375,4470807
2025-12-02,348.9077453613281,9468149
2025-12-03,348.5673522949219,6169622
2025-12-04,346.23321533203125,5798181
2025-12-05,350.41522216796875,3479044
2025-12-08,347.74066162109375,6762135
2025-12-09,345.30926513671875,5612269
2025-12-10,345.4065246582031,8521964
2025-12-11,341.6621398925781,4491115
2025-12-12,355.034912109375,6101145
2025-12-15,356.9314270019531,6128925
2025-12-16,358.04986572265625,4332510
2025-12-17,358.244384765625,6872112
2025-12-18,353.3815612792969,3880069
2025-12-19,355.9102478027344,6515994
2025-12-22,359.7518615722656,3949754
2025-12-23,359.84912109375,3379297
2025-12-24,355.8616027832031,2339154
2025-12-26,355.9588623046875,2997958
2025-12-29,361.40521240234375,4666863
2025-12-30,359.3628234863281,8567519
2025-12-31,373.46502685546875,12051156
2026-01-01,371.0335998535156,6554899
2026-01-02,370.9849853515625,3614573
2026-01-05,367.5323791503906,5243413
2026-01-06,360.6271667480469,6881934
2026-01-07,358.0985107421875,6613161
2026-01-08,344.8229675292969,7714421
2026-01-09,344.4339599609375,5252007
2026-01-12,348.9077453613281,4474234
2026-01-13,345.35791015625,3681627
2026-01-14,347.1084899902344,7777436
2026-01-15,347.1084899902344,0
2026-01-16,353.2356872558594,6243090
2026-01-19,351.33917236328125,4545354
2026-01-20,345.4551696777344,6408732
2026-01-21,342.2943115234375,6076732
2026-01-22,344.4339599609375,4615713
2026-01-23,339.5711364746094,5338663
2026-01-27,347.59478759765625,11887552
2026-01-28,352.40899658203125,12428097
2026-01-29,356.8828125,14186586
2026-01-30,354.5,12639803
2026-02-02,366.70001220703125,12038292
2026-02-03,373.45001220703125,12411365
2026-02-04,382.45001220703125,8138573
2026-02-05,382.04998779296875,8446290
2026-02-06,386.3500061035156,7988984
2026-02-09,388.29998779296875,5171617
2026-02-10,386.3500061035156,3114005
2026-02-11,387.6000061035156,5156493
2026-02-12,377.70001220703125,6352805
2026-02-13,374.1000061035156,2696607
2026-02-16,374.3500061035156,1709180
2026-02-17,374.95001220703125,2646518
2026-02-18,380.8999938964844,2527223
2026-02-19,367.6499938964844,5506935
2026-02-20,366.29998779296875,6928709
2026-02-23,372.1000061035156,7760029
