date,adj_close,volume
2015-01-01,586.8889770507812,596787
2015-01-02,588.5234375,688999
2015-01-05,591.1852416992188,1282895
2015-01-06,573.7672729492188,1615490
2015-01-07,571.5257568359375,813936
2015-01-08,577.3629150390625,1273014
2015-01-09,590.5781860351562,2151608
2015-01-12,589.0838623046875,1094136
2015-01-13,594.3606567382812,1261489
2015-01-14,589.69091796875,1033679
2015-01-15,595.9014892578125,1229115
2015-01-16,604.5872802734375,1245788
2015-01-19,614.3469848632812,1536486
2015-01-20,618.0827026367188,1537603
2015-01-21,600.9450073242188,1541897
2015-01-22,611.5452270507812,1642285
2015-01-23,632.8858642578125,2255956
2015-01-27,660.3436889648438,2067849
2015-01-28,657.0748901367188,1379608
2015-01-29,651.3778076171875,2245977
2015-01-30,649.7900390625,1061983
2015-02-02,649.5565795898438,878717
2015-02-03,632.65234375,772717
2015-02-04,633.2127075195312,1326140
2015-02-05,618.64306640625,913021
2015-02-06,611.7786865234375,1572398
2015-02-09,588.0565795898438,1213162
2015-02-10,597.8629150390625,1834808
2015-02-11,594.4074096679688,1671824
2015-02-12,617.0087280273438,4022095
2015-02-13,623.1727294921875,6373168
2015-02-16,627.188720703125,1056625
2015-02-18,632.8858642578125,975390
2015-02-19,637.36865234375,1803177
2015-02-20,631.2979736328125,1323954
2015-02-23,624.9472045898438,1030305
2015-02-24,632.5587768554688,745543
2015-02-25,631.6716918945312,865007
2015-02-26,615.8880004882812,1754632
2015-02-27,625.60107421875,1632882
2015-03-02,669.5897216796875,2226858
2015-03-03,683.5520629882812,2346080
2015-03-04,679.0225830078125,1975785
2015-03-05,690.6500854492188,1863532
2015-03-09,685.7001953125,886869
2015-03-10,681.2639770507812,2224099
2015-03-11,670.2901611328125,1656569
2015-03-12,672.625,1970544
2015-03-13,657.35498046875,1031988
2015-03-16,647.828857421875,2758251
2015-03-17,663.6124267578125,1832519
2015-03-18,664.9199829101562,1470026
2015-03-19,663.4256591796875,1697308
2015-03-20,653.5725708007812,1874430
2015-03-23,654.973388671875,825791
2015-03-24,663.3321533203125,976875
2015-03-25,664.4529418945312,1175071
2015-03-26,654.6466674804688,2634979
2015-03-27,648.1556396484375,2072818
2015-03-30,655.8140258789062,1612745
2015-03-31,665.3868408203125,2267378
2015-04-01,662.7251586914062,1693796
2015-04-06,687.0543212890625,2457940
2015-04-07,680.0964965820312,1652776
2015-04-08,688.0350341796875,2259141
2015-04-09,671.9244384765625,1409699
2015-04-10,654.83349609375,2038210
2015-04-13,665.3402099609375,1497566
2015-04-15,647.12841796875,1604656
2015-04-16,634.0064086914062,1787533
2015-04-17,635.4541015625,2231820
2015-04-20,616.401611328125,1915626
2015-04-21,609.4903564453125,2144141
2015-04-22,613.3197021484375,1969424
2015-04-23,620.0907592773438,3600202
2015-04-24,595.5281372070312,1623284
2015-04-27,586.9357299804688,1502771
2015-04-28,589.9244384765625,1434089
2015-04-29,587.6830444335938,1272786
2015-04-30,593.987060546875,2844112
2015-05-04,629.1967163085938,3045985
2015-05-05,618.5496826171875,2220174
2015-05-06,594.2205810546875,3640420
2015-05-07,586.3286743164062,1896392
2015-05-08,611.4518432617188,2770332
2015-05-11,622.0986328125,2078211
2015-05-12,620.2308959960938,2714276
2015-05-13,631.9050903320312,1858476
2015-05-14,640.6841430664062,2412197
2015-05-15,638.2091674804688,1187367
2015-05-18,640.2638549804688,864835
2015-05-19,637.6021728515625,848057
2015-05-20,643.0657958984375,884919
2015-05-21,629.8037719726562,1596030
2015-05-22,629.3834838867188,1181691
2015-05-25,616.58837890625,1333330
2015-05-26,615.514404296875,989654
2015-05-27,617.428955078125,1529286
2015-05-28,601.4586791992188,2667994
2015-05-29,607.4826049804688,3757040
2015-06-01,618.3629150390625,2655528
2015-06-02,598.93701171875,1725187
2015-06-03,593.1932373046875,1140795
2015-06-04,588.8037109375,965314
2015-06-05,581.5188598632812,1161230
2015-06-08,574.0940551757812,1535540
2015-06-09,552.846923828125,1880172
2015-06-10,553.5941162109375,1518836
2015-06-11,536.4096069335938,2025695
2015-06-12,543.227294921875,1768081
2015-06-15,547.0098876953125,1358401
2015-06-16,551.3526000976562,1586626
2015-06-17,572.4129638671875,3226832
2015-06-18,566.9494018554688,2134429
2015-06-19,566.5758666992188,2017997
2015-06-22,572.9733276367188,1609442
2015-06-23,588.710205078125,1700335
2015-06-24,580.6782836914062,1350706
2015-06-25,570.4050903320312,1916121
2015-06-26,578.3901977539062,2088582
2015-06-29,570.5918579101562,1359591
2015-06-30,574.747802734375,2352929
2015-07-01,592.9597778320312,1789439
2015-07-02,584.9744873046875,1018273
2015-07-03,589.8310546875,1062854
2015-07-06,610.5178833007812,2193898
2015-07-07,603.7935180664062,1151563
2015-07-08,603.5132446289062,1553260
2015-07-09,598.7969360351562,1165623
2015-07-10,605.1943359375,1329511
2015-07-13,617.5690307617188,1334312
2015-07-14,621.9586791992188,966237
2015-07-15,626.3014526367188,790552
2015-07-16,634.8937377929688,1342722
2015-07-17,639.9370727539062,1180811
2015-07-20,637.9756469726562,756355
2015-07-21,618.7365112304688,1019824
2015-07-22,630.037109375,1412682
2015-07-23,628.7297973632812,759001
2015-07-24,633.3060302734375,1177924
2015-07-27,630.7376098632812,807908
2015-07-28,627.515625,832236
2015-07-29,634.6602172851562,1183157
2015-07-30,664.0794067382812,2842736
2015-07-31,662.2114868164062,2031688
2015-08-03,665.2468872070312,916688
2015-08-04,662.7719116210938,1237267
2015-08-05,671.130615234375,1274983
2015-08-06,675.61376953125,1374485
2015-08-07,667.9085693359375,980254
2015-08-10,668.001953125,914543
2015-08-11,673.5745849609375,1636795
2015-08-12,662.7572021484375,2149755
2015-08-13,679.4747924804688,2079678
2015-08-14,692.6803588867188,3238561
2015-08-17,658.5426635742188,7582133
2015-08-18,640.4202270507812,5972184
2015-08-19,651.93994140625,2593642
2015-08-20,647.7254028320312,2267326
2015-08-21,653.157470703125,2011811
2015-08-24,595.51220703125,4568527
2015-08-25,604.4563598632812,4891926
2015-08-26,597.0107421875,2031606
2015-08-27,619.0198974609375,3929856
2015-08-28,617.9896850585938,2111583
2015-08-31,638.8750610351562,2172057
2015-09-01,621.0802612304688,2567389
2015-09-02,607.1723022460938,2734383
2015-09-03,614.0560913085938,3366027
2015-09-04,608.3429565429688,4428049
2015-09-07,608.3429565429688,1844881
2015-09-08,608.7644653320312,2197872
2015-09-09,614.8052978515625,1561345
2015-09-10,612.229736328125,1254979
2015-09-11,611.7146606445312,1179996
2015-09-14,618.7857666015625,796196
2015-09-15,616.5380249023438,921666
2015-09-16,619.6286010742188,1038816
2015-09-18,610.6375732421875,2152655
2015-09-21,608.0621337890625,1001552
2015-09-22,603.2857055664062,1673424
2015-09-23,601.41259765625,1098608
2015-09-24,602.3021850585938,2130588
2015-09-28,601.1784057617188,2002727
2015-09-29,596.120849609375,1385234
2015-09-30,595.6994018554688,3135198
2015-10-01,593.3580322265625,2945165
2015-10-05,599.4925537109375,2469393
2015-10-06,621.87646484375,2513511
2015-10-07,637.6105346679688,2160153
2015-10-08,637.0955200195312,2304302
2015-10-09,645.8054809570312,1867010
2015-10-12,633.4429321289062,980356
2015-10-13,635.9716796875,1215291
2015-10-14,636.1121215820312,1219164
2015-10-15,628.385498046875,1232379
2015-10-16,636.3462524414062,1925227
2015-10-19,644.7752685546875,2154963
2015-10-20,630.8673706054688,5642920
2015-10-21,634.98828125,2005358
2015-10-23,638.9217529296875,1705211
2015-10-26,638.0320434570312,1217235
2015-10-27,641.2631225585938,1610215
2015-10-28,651.8931274414062,1537365
2015-10-29,647.6785888671875,2975896
2015-10-30,646.6483764648438,1885373
2015-11-02,637.0955200195312,766804
2015-11-03,632.5531005859375,1048233
2015-11-04,628.1512451171875,1321427
2015-11-05,616.3037719726562,1833741
2015-11-06,616.3975219726562,1715887
2015-11-09,606.516845703125,1192556
2015-11-10,601.1784057617188,1166182
2015-11-13,578.7008666992188,2193410
2015-11-16,586.0996704101562,1127051
2015-11-17,595.41845703125,808720
2015-11-18,589.799072265625,1026565
2015-11-19,595.3248291015625,523990
2015-11-20,605.8143310546875,1070873
2015-11-23,600.7568969726562,878175
2015-11-24,596.8701782226562,909556
2015-11-26,594.2946166992188,1319195
2015-11-27,602.8173828125,1110713
2015-11-30,602.8173828125,2146672
2015-12-01,607.406494140625,670534
2015-12-02,616.6316528320312,1610659
2015-12-03,609.8883666992188,1484709
2015-12-04,604.8309326171875,1127553
2015-12-07,604.2691040039062,921343
2015-12-08,601.8339233398438,730708
2015-12-09,584.2266235351562,1044192
2015-12-10,596.40185546875,1030589
2015-12-11,598.6964111328125,1104857
2015-12-14,596.635986328125,721113
2015-12-15,598.36865234375,948636
2015-12-16,598.134521484375,1166504
2015-12-17,602.1149291992188,1333918
2015-12-18,601.3656005859375,995474
2015-12-21,602.8641357421875,738842
2015-12-22,603.3324584960938,508379
2015-12-23,606.3764038085938,342498
2015-12-24,607.0787353515625,395801
2015-12-28,615.8823852539062,793844
2015-12-29,612.370361328125,472504
2015-12-30,611.761474609375,587218
2015-12-31,608.5302734375,765254
2016-01-01,613.7749633789062,556012
2016-01-04,604.6905517578125,631534
2016-01-05,600.1950073242188,642269
2016-01-06,610.7312622070312,1234096
2016-01-07,597.0107421875,732335
2016-01-08,582.8685302734375,1553402
2016-01-11,571.3488159179688,1668698
2016-01-12,572.6600952148438,1278522
2016-01-13,570.0376586914062,794118
2016-01-14,575.3291625976562,986574
2016-01-15,570.4591674804688,1119442
2016-01-18,553.55419921875,1435098
2016-01-19,560.1101684570312,849433
2016-01-20,555.5210571289062,1002709
2016-01-21,543.4393920898438,1452498
2016-01-22,544.9846801757812,1297154
2016-01-25,543.7671508789062,910559
2016-01-27,543.6735229492188,982504
2016-01-28,541.1448364257812,1336930
2016-01-29,547.981689453125,1146060
2016-02-01,561.42138671875,1045333
2016-02-02,537.5858764648438,1779141
2016-02-03,526.3939819335938,1188642
2016-02-04,515.4830322265625,1614064
2016-02-05,533.9801025390625,864080
2016-02-08,530.889404296875,1264314
2016-02-09,520.5873413085938,1357674
2016-02-10,504.4316711425781,2425499
2016-02-11,506.538818359375,5647601
2016-02-12,495.06610107421875,1981976
2016-02-15,505.4619445800781,2467275
2016-02-16,490.80462646484375,2664696
2016-02-17,486.168701171875,1924596
2016-02-18,491.13250732421875,1967772
2016-02-19,491.3665771484375,1054082
2016-02-22,496.8454284667969,1236400
2016-02-23,489.4467468261719,1047760
2016-02-24,481.34539794921875,1836770
2016-02-25,486.0750427246094,2723564
2016-02-26,490.75787353515625,1985528
2016-02-29,481.53271484375,3487816
2016-03-01,483.5931396484375,2146110
2016-03-02,492.2563171386719,3422308
2016-03-03,493.6611328125,3101778
2016-03-04,503.58868408203125,2693406
2016-03-08,498.5781555175781,1409496
2016-03-09,495.7215270996094,4376676
2016-03-10,500.07666015625,3609343
2016-03-11,500.6854248046875,2806975
2016-03-14,503.49505615234375,3909833
2016-03-15,491.7412109375,2961527
2016-03-16,497.3138427734375,2221318
2016-03-17,491.27294921875,2100095
2016-03-18,494.7381896972656,4345885
2016-03-21,501.85595703125,1221223
2016-03-22,501.34088134765625,1529194
2016-03-23,498.99957275390625,1361735
2016-03-28,490.94525146484375,1947564
2016-03-29,471.55828857421875,6503207
2016-03-30,479.8468933105469,4372138
2016-03-31,479.4722595214844,3086978
2016-04-01,481.9073791503906,1239447
2016-04-04,481.6732177734375,768318
2016-04-05,471.090087890625,1086907
2016-04-06,472.9163513183594,1820374
2016-04-07,474.2743835449219,2102922
2016-04-08,472.44805908203125,1262329
2016-04-11,470.29400634765625,2929584
2016-04-12,470.10675048828125,3622355
2016-04-13,479.4254455566406,3642720
2016-04-18,490.8514404296875,3507933
2016-04-20,493.7548828125,2898556
2016-04-21,498.25042724609375,3392813
2016-04-22,497.6415100097656,1880283
2016-04-25,493.0992431640625,1959119
2016-04-26,506.2110900878906,1855477
2016-04-27,505.93017578125,1456338
2016-04-28,494.7381896972656,3088525
2016-04-29,502.93316650390625,932705
2016-05-02,506.35162353515625,1336667
2016-05-03,502.7925720214844,1524809
2016-05-04,499.37420654296875,785756
2016-05-05,507.4285583496094,1025103
2016-05-06,503.26092529296875,511789
2016-05-09,502.51171875,727957
2016-05-10,502.97991943359375,669096
2016-05-11,502.5584716796875,943441
2016-05-12,502.2774353027344,670055
2016-05-13,497.96929931640625,891484
2016-05-16,488.6974182128906,883516
2016-05-17,490.52374267578125,679688
2016-05-18,491.27294921875,653047
2016-05-19,480.1747131347656,1062398
2016-05-20,474.92999267578125,1700932
2016-05-23,465.8453674316406,2021694
2016-05-24,462.70782470703125,2526624
2016-05-25,439.9962158203125,15183389
2016-05-26,438.26361083984375,4432025
2016-05-27,443.4147033691406,2638981
2016-05-30,443.5083312988281,1183625
2016-05-31,442.6654357910156,2368362
2016-06-01,435.4070739746094,1247617
2016-06-02,438.4041442871094,1354914
2016-06-03,435.68804931640625,1318109
2016-06-06,437.0460510253906,1409144
2016-06-07,438.6382141113281,1797918
2016-06-08,442.1971740722656,811331
2016-06-09,448.7062683105469,1695845
2016-06-10,446.224365234375,1704257
2016-06-13,438.966064453125,1271568
2016-06-14,452.0779113769531,2522251
2016-06-15,458.9615783691406,1860880
2016-06-16,455.7772521972656,1239939
2016-06-17,455.59002685546875,593507
2016-06-20,457.2757873535156,1026672
2016-06-21,452.7334899902344,861422
2016-06-22,451.8437194824219,673949
2016-06-23,445.56878662109375,1918112
2016-06-24,446.3179931640625,1875935
2016-06-27,458.0250549316406,2362093
2016-06-28,465.7984924316406,1775304
2016-06-29,470.574951171875,1048438
2016-06-30,469.2169494628906,2152521
2016-07-01,476.3348083496094,1008068
2016-07-04,477.83331298828125,1055119
2016-07-05,474.8363342285156,689915
2016-07-07,481.6732177734375,2078580
2016-07-08,487.2926025390625,1828792
2016-07-11,488.8846740722656,1441960
2016-07-12,482.9844665527344,891315
2016-07-13,481.95416259765625,1202156
2016-07-14,479.4722595214844,1257722
2016-07-15,483.6400146484375,1004156
2016-07-18,474.78948974609375,1459230
2016-07-19,473.7124328613281,1027246
2016-07-20,484.9979553222656,3584904
2016-07-21,483.1249084472656,2274652
2016-07-22,487.38629150390625,1188747
2016-07-25,491.3197021484375,1337348
2016-07-26,490.3363037109375,2105457
2016-07-27,489.9618835449219,894972
2016-07-28,487.6203918457031,1347889
2016-07-29,493.9421691894531,1785352
2016-08-01,490.80462646484375,955999
2016-08-02,485.0448913574219,1009436
2016-08-03,495.86212158203125,1846161
2016-08-04,493.52069091796875,1564658
2016-08-05,499.4210205078125,699384
2016-08-08,501.43463134765625,852842
2016-08-09,499.14007568359375,886532
2016-08-10,488.1822204589844,809814
2016-08-11,490.7110290527344,761596
2016-08-12,483.218505859375,2124886
2016-08-16,518.9951782226562,8817547
2016-08-17,514.9679565429688,3819727
2016-08-18,517.5903930664062,1434412
2016-08-19,521.47705078125,1598177
2016-08-22,522.2262573242188,1218782
2016-08-23,520.3999633789062,874783
2016-08-24,531.21728515625,2340210
2016-08-25,527.190185546875,3471437
2016-08-26,531.2640380859375,2196070
2016-08-29,531.9664916992188,1085860
2016-08-30,539.5526123046875,1075723
2016-08-31,536.6025390625,3596264
2016-09-01,542.4092407226562,960422
2016-09-02,541.2853393554688,880437
2016-09-06,541.89404296875,1189215
2016-09-07,543.9075927734375,1786522
2016-09-08,557.3941650390625,1573263
2016-09-09,543.6735229492188,1513978
2016-09-12,535.7792358398438,1296182
2016-09-14,542.7337036132812,1579482
2016-09-15,550.1581420898438,1294197
2016-09-16,557.8174438476562,2145891
2016-09-19,561.8115844726562,1213754
2016-09-20,566.5576171875,2209606
2016-09-21,565.1480102539062,1578461
2016-09-22,572.431396484375,1926725
2016-09-23,574.73388671875,1225528
2016-09-26,568.1083374023438,1796225
2016-09-27,570.6456909179688,1443938
2016-09-28,569.330078125,1561039
2016-09-29,566.5576171875,2252434
2016-09-30,545.1302490234375,6967821
2016-10-03,553.4004516601562,1146677
2016-10-04,561.8115844726562,1656807
2016-10-05,556.0318603515625,961556
2016-10-06,543.95556640625,1504743
2016-10-07,535.7322387695312,1317543
2016-10-10,545.6940307617188,929998
2016-10-13,546.9628295898438,3834775
2016-10-14,551.661865234375,1054501
2016-10-17,550.72216796875,1344977
2016-10-18,557.0657348632812,1213156
2016-10-19,560.4489135742188,1001409
2016-10-20,560.6839599609375,913371
2016-10-21,548.1376342773438,1792780
2016-10-24,549.5003051757812,992033
2016-10-25,549.3123779296875,831989
2016-10-26,542.874755859375,814132
2016-10-27,550.4871215820312,779140
2016-10-28,540.5252075195312,911117
2016-11-01,537.3298950195312,880843
2016-11-02,526.3812866210938,806345
2016-11-03,526.2872314453125,701598
2016-11-04,511.9084777832031,1517311
2016-11-07,512.8950805664062,939497
2016-11-08,503.07421875,1015538
2016-11-09,494.6160888671875,3810958
2016-11-10,529.7645263671875,3982787
2016-11-11,514.962646484375,1232505
2016-11-15,519.1447143554688,1505372
2016-11-16,505.75262451171875,1169205
2016-11-17,512.84814453125,924167
2016-11-18,517.7821655273438,1214083
2016-11-21,512.2842407226562,1056778
2016-11-22,517.359130859375,1300502
2016-11-23,519.5206298828125,1520986
2016-11-24,520.319580078125,1816603
2016-11-25,531.033203125,1022658
2016-11-28,536.2021484375,1224023
2016-11-29,534.8864135742188,832424
2016-11-30,532.4899291992188,1366319
2016-12-01,533.9937133789062,1064251
2016-12-02,536.81298828125,984594
2016-12-05,538.5045776367188,1158108
2016-12-06,540.2431640625,779936
2016-12-07,536.4840698242188,694556
2016-12-08,547.667724609375,1177494
2016-12-09,544.049560546875,539344
2016-12-12,540.1962280273438,848042
2016-12-13,544.00244140625,553306
2016-12-14,533.8056640625,585671
2016-12-15,529.2476806640625,1032429
2016-12-16,532.114013671875,665505
2016-12-19,534.8864135742188,997716
2016-12-20,529.2005615234375,873053
2016-12-21,528.918701171875,743830
2016-12-22,527.60302734375,1870565
2016-12-23,547.244873046875,2585856
2016-12-26,521.541259765625,2106357
2016-12-27,529.7175903320312,1063407
2016-12-28,528.5427856445312,743252
2016-12-29,530.84521484375,985947
2016-12-30,534.5574340820312,673901
2017-01-02,531.9260864257812,520139
2017-01-03,539.1155395507812,626867
2017-01-04,534.0406494140625,729355
2017-01-05,544.9422607421875,919562
2017-01-06,547.7616577148438,851729
2017-01-09,541.9818725585938,545949
2017-01-10,540.290283203125,430654
2017-01-11,542.216796875,543706
2017-01-12,550.9569702148438,1086059
2017-01-13,548.2785034179688,557024
2017-01-16,553.3534545898438,634510
2017-01-17,551.896728515625,737937
2017-01-18,545.8350830078125,591422
2017-01-19,545.4120483398438,772657
2017-01-20,542.8276977539062,1100568
2017-01-23,541.0891723632812,1197343
2017-01-24,544.9893188476562,527089
2017-01-25,550.39306640625,888914
2017-01-27,545.2242431640625,622149
2017-01-30,547.19775390625,589553
2017-01-31,540.7131958007812,712955
2017-02-01,537.7059326171875,873328
2017-02-02,549.1712646484375,1033116
2017-02-03,571.3036499023438,2491068
2017-02-06,565.3828125,2513820
2017-02-07,561.5767822265625,1084820
2017-02-08,566.8865966796875,2122225
2017-02-09,552.2727661132812,4192748
2017-02-10,545.0362548828125,1485266
2017-02-13,547.5737915039062,946922
2017-02-14,541.3709716796875,816754
2017-02-15,539.679443359375,1441907
2017-02-16,549.4063720703125,1156826
2017-02-17,557.5355834960938,1209276
2017-02-20,557.0657348632812,1008015
2017-02-21,557.3945922851562,712028
2017-02-22,553.7763671875,942703
2017-02-23,556.7366943359375,1263865
2017-02-27,550.0171508789062,867683
2017-02-28,548.560546875,749802
2017-03-01,551.0039672851562,808027
2017-03-02,553.7763671875,1571599
2017-03-03,553.1654052734375,759454
2017-03-06,554.5751342773438,943409
2017-03-07,552.648681640625,475240
2017-03-08,556.2198486328125,1055453
2017-03-09,553.7294311523438,690612
2017-03-10,553.6353759765625,558480
2017-03-14,564.0671997070312,1324778
2017-03-15,564.0671997070312,1479366
2017-03-16,565.1948852539062,852049
2017-03-17,561.341796875,2189719
2017-03-20,560.4019775390625,1027093
2017-03-21,556.2198486328125,861663
2017-03-22,559.3682250976562,1018355
2017-03-23,560.35498046875,1555876
2017-03-24,558.1934814453125,930175
2017-03-27,556.4547729492188,1038435
2017-03-28,558.3814697265625,772698
2017-03-29,557.441650390625,1047812
2017-03-30,562.3284301757812,2096305
2017-03-31,557.2536010742188,2242680
2017-04-03,556.9717407226562,758083
2017-04-05,557.3475952148438,1926049
2017-04-06,554.7630615234375,1436914
2017-04-07,554.481201171875,1958876
2017-04-10,554.1522216796875,1177737
2017-04-11,545.1302490234375,2103296
2017-04-12,544.519287109375,1188457
2017-04-13,542.4988403320312,1038273
2017-04-17,541.7939453125,487497
2017-04-18,541.1359252929688,1062574
2017-04-19,540.76025390625,1078477
2017-04-20,539.4915161132812,1339006
2017-04-21,530.4692993164062,1256922
2017-04-24,523.514892578125,1997176
2017-04-25,519.6617431640625,1543039
2017-04-26,523.2329711914062,1425158
2017-04-27,527.8849487304688,2343761
2017-04-28,523.8907470703125,865584
2017-05-02,521.917236328125,1380964
2017-05-03,522.5750732421875,798476
2017-05-04,516.84228515625,1271612
2017-05-05,516.84228515625,560799
2017-05-08,518.3458862304688,302450
2017-05-09,519.6617431640625,652189
2017-05-10,527.2741088867188,718502
2017-05-11,528.1198120117188,566621
2017-05-12,533.7586669921875,725246
2017-05-15,534.7454833984375,606569
2017-05-16,531.550048828125,330195
2017-05-17,528.4957885742188,895238
2017-05-18,526.3812866210938,2155599
2017-05-19,530.9392700195312,685662
2017-05-22,529.2005615234375,948063
2017-05-23,501.10064697265625,1225772
2017-05-24,488.3663635253906,1340656
2017-05-25,473.6585388183594,4378940
2017-05-26,459.4676208496094,7010307
2017-05-29,474.92724609375,4118338
2017-05-30,479.7672424316406,1047968
2017-05-31,485.2650146484375,1366315
2017-06-01,484.5132141113281,1433241
2017-06-02,498.14031982421875,2152367
2017-06-05,502.60430908203125,802335
2017-06-06,502.4634704589844,765557
2017-06-07,507.67926025390625,719071
2017-06-08,517.0302734375,1396596
2017-06-09,517.9229736328125,867969
2017-06-12,520.03759765625,910344
2017-06-13,518.3458862304688,946713
2017-06-14,507.39727783203125,1176535
2017-06-15,516.3724365234375,826366
2017-06-16,504.43695068359375,1127326
2017-06-19,507.2563171386719,1723168
2017-06-20,514.86865234375,774728
2017-06-21,508.43115234375,784293
2017-06-22,507.6323547363281,750732
2017-06-23,508.57196044921875,603986
2017-06-27,502.4634704589844,1038604
2017-06-28,504.53094482421875,601643
2017-06-29,511.0155334472656,1252382
2017-06-30,522.152099609375,830751
2017-07-03,518.6279296875,490390
2017-07-04,512.2372436523438,559358
2017-07-05,513.0361328125,833105
2017-07-06,510.1697082519531,556426
2017-07-07,514.2108764648438,893680
2017-07-10,516.1373291015625,123363
2017-07-11,506.0346374511719,1526837
2017-07-12,507.4442443847656,1039208
2017-07-13,510.92156982421875,694180
2017-07-14,515.0565795898438,960041
2017-07-17,522.998046875,692893
2017-07-18,526.0523071289062,1319574
2017-07-19,534.0406494140625,761444
2017-07-20,537.470947265625,1090882
2017-07-21,532.114013671875,672906
2017-07-24,535.4503173828125,873677
2017-07-25,530.4224243164062,510032
2017-07-26,542.73046875,864728
2017-07-27,536.3641357421875,1853099
2017-07-28,533.9119262695312,907951
2017-07-31,528.2532348632812,753415
2017-08-01,530.4696044921875,712732
2017-08-02,536.2227172851562,664681
2017-08-03,525.4710083007812,1065451
2017-08-04,536.3641357421875,1004233
2017-08-07,534.2892456054688,769606
2017-08-08,545.7012329101562,1367344
2017-08-09,529.9036254882812,1801630
2017-08-10,517.02978515625,1217416
2017-08-11,510.61651611328125,4337214
2017-08-14,537.6373291015625,4029605
2017-08-16,556.8775634765625,1838012
2017-08-17,540.6083984375,1422631
2017-08-18,533.1575317382812,1680225
2017-08-21,529.809326171875,1222907
2017-08-22,527.4514770507812,848353
2017-08-23,527.3572387695312,848822
2017-08-24,541.4100341796875,1866440
2017-08-28,541.4570922851562,905222
2017-08-29,536.5528564453125,608351
2017-08-30,534.1477661132812,596376
2017-08-31,539.3822021484375,1908728
2017-09-01,536.081298828125,891591
2017-09-04,529.7622680664062,1731377
2017-09-05,527.7816162109375,928770
2017-09-06,526.5555419921875,581901
2017-09-07,522.6886596679688,885205
2017-09-08,520.6137084960938,775272
2017-09-11,522.3585205078125,523800
2017-09-12,528.6304321289062,1330724
2017-09-13,522.8773193359375,1159840
2017-09-14,533.7705078125,1600717
2017-09-15,529.4793090820312,926019
2017-09-18,538.25048828125,649831
2017-09-19,540.7970581054688,675306
2017-09-20,537.3072509765625,759531
2017-09-21,558.2451782226562,3102522
2017-09-22,552.0675048828125,4003845
2017-09-25,544.380859375,2389495
2017-09-26,546.0785522460938,978323
2017-09-27,537.6845703125,561243
2017-09-28,549.5211181640625,2993535
2017-09-29,552.7748413085938,1021610
2017-10-03,545.9843139648438,522462
2017-10-04,548.011962890625,631463
2017-10-05,552.0675048828125,647977
2017-10-06,552.1146240234375,462656
2017-10-09,552.2560424804688,1116280
2017-10-10,556.5946044921875,741493
2017-10-11,552.8218994140625,1053561
2017-10-12,556.1229248046875,751507
2017-10-13,559.1410522460938,936015
2017-10-16,572.250732421875,1716771
2017-10-17,596.1593017578125,2563968
2017-10-18,576.2589721679688,1185323
2017-10-19,573.240966796875,151609
2017-10-23,559.1882934570312,1413195
2017-10-24,561.2160034179688,1138645
2017-10-25,558.9524536132812,991374
2017-10-26,576.7305908203125,2002276
2017-10-27,589.5100708007812,2198491
2017-10-30,590.4533081054688,1045267
2017-10-31,591.9151611328125,1522851
2017-11-01,591.1134643554688,1359809
2017-11-02,599.8375854492188,2058898
2017-11-03,603.7044067382812,1722647
2017-11-06,617.568603515625,2195805
2017-11-07,573.0051879882812,7331364
2017-11-08,587.199462890625,5570213
2017-11-09,579.6071166992188,1809019
2017-11-10,574.6556396484375,1400233
2017-11-13,567.8651123046875,1109147
2017-11-14,568.1951293945312,1498244
2017-11-15,559.8954467773438,1171698
2017-11-16,559.1410522460938,1228065
2017-11-17,573.9483032226562,1448847
2017-11-20,569.8928833007812,1609788
2017-11-21,581.0689697265625,2222545
2017-11-22,584.0398559570312,2014698
2017-11-23,582.4837646484375,792383
2017-11-24,580.6917724609375,1118354
2017-11-27,579.8428955078125,1388114
2017-11-28,577.0135498046875,1486189
2017-11-29,573.3352661132812,1465289
2017-11-30,566.7333374023438,1612910
2017-12-01,564.0924072265625,747562
2017-12-04,562.7721557617188,660077
2017-12-05,562.536376953125,979009
2017-12-06,562.536376953125,919271
2017-12-07,559.7069091796875,752359
2017-12-08,568.8081665039062,606123
2017-12-11,569.3269653320312,850998
2017-12-12,558.0092163085938,762200
2017-12-13,545.2767944335938,1197264
2017-12-14,556.8775634765625,1428906
2017-12-15,543.6735229492188,4312419
2017-12-18,558.0092163085938,2379562
2017-12-19,569.562744140625,1474696
2017-12-20,566.49755859375,1068145
2017-12-21,565.6958618164062,1274585
2017-12-22,567.0162353515625,668806
2017-12-26,576.9663696289062,1239536
2017-12-27,577.8152465820312,1765029
2017-12-28,571.5904541015625,1428319
2017-12-29,573.9012451171875,702774
2018-01-01,576.7305908203125,873546
2018-01-02,573.240966796875,1038258
2018-01-03,572.2977905273438,771828
2018-01-04,581.6820678710938,990602
2018-01-05,580.173095703125,1072254
2018-01-08,580.0787963867188,1061612
2018-01-09,580.597412109375,846158
2018-01-10,584.5115966796875,1207313
2018-01-11,577.5322265625,1092456
2018-01-12,577.2965087890625,891848
2018-01-15,575.5515747070312,470386
2018-01-16,567.2048950195312,1088762
2018-01-17,572.6279907226562,883340
2018-01-18,569.3269653320312,1028921
2018-01-19,568.4780883789062,818518
2018-01-22,566.9691772460938,933769
2018-01-23,586.963623046875,2105060
2018-01-24,583.1439819335938,1089562
2018-01-25,586.0677490234375,2973765
2018-01-29,580.0316772460938,1564268
2018-01-30,571.4962158203125,596682
2018-01-31,558.4808959960938,1264055
2018-02-01,553.6708374023438,1050098
2018-02-02,548.1063232421875,998752
2018-02-05,547.1160278320312,797017
2018-02-06,532.167236328125,1284112
2018-02-07,536.8829345703125,3161498
2018-02-08,577.8152465820312,8349913
2018-02-09,586.0677490234375,2373799
2018-02-12,586.3035278320312,1957424
2018-02-14,581.1162719726562,1306512
2018-02-15,571.40185546875,1391858
2018-02-16,576.3532104492188,906025
2018-02-19,566.2617797851562,1216005
2018-02-20,569.1383056640625,1599249
2018-02-21,563.2908935546875,1409752
2018-02-22,556.1229248046875,1859008
2018-02-23,561.7819213867188,1576584
2018-02-26,556.54736328125,1417465
2018-02-27,553.152099609375,1349590
2018-02-28,556.1229248046875,2255189
2018-03-01,548.6250610351562,1343806
2018-03-05,546.3142700195312,1179725
2018-03-06,550.8884887695312,1891302
2018-03-07,547.2103271484375,1849650
2018-03-08,545.1353759765625,1084582
2018-03-09,538.58056640625,1149194
2018-03-12,547.6347045898438,919792
2018-03-13,545.8427734375,801792
2018-03-14,545.0410766601562,811747
2018-03-15,538.6748657226562,849222
2018-03-16,527.5929565429688,1867538
2018-03-19,527.9230346679688,1447941
2018-03-20,521.4625854492188,9119209
2018-03-21,519.7177734375,3091963
2018-03-22,510.0033264160156,1506405
2018-03-23,507.7870178222656,1203262
2018-03-26,510.99371337890625,1105319
2018-03-27,514.0588989257812,2206872
2018-03-28,514.4361572265625,2667979
2018-04-02,543.4849243164062,2823880
2018-04-03,537.8731689453125,2493190
2018-04-04,537.401611328125,1852997
2018-04-05,528.4888916015625,2396864
2018-04-06,527.1686401367188,2420324
2018-04-09,525.0936889648438,1470765
2018-04-10,526.4140625,1591682
2018-04-11,529.5736083984375,1789789
2018-04-12,524.5277709960938,1309557
2018-04-13,523.9147338867188,1019158
2018-04-16,551.690185546875,6741354
2018-04-17,546.9744873046875,2688507
2018-04-18,551.3601684570312,3853951
2018-04-19,551.1715087890625,1525419
2018-04-20,555.55712890625,1641179
2018-04-23,566.0260009765625,3016500
2018-04-24,567.6764526367188,2782988
2018-04-25,559.3296508789062,1125208
2018-04-26,565.8373413085938,1503008
2018-04-27,565.7429809570312,1031376
2018-04-30,572.8637084960938,687828
2018-05-02,577.2021484375,1862999
2018-05-03,574.6556396484375,999887
2018-05-04,563.0550537109375,925559
2018-05-07,557.4432983398438,1046885
2018-05-08,557.066162109375,1039491
2018-05-09,554.5668334960938,652527
2018-05-10,542.7774658203125,2163326
2018-05-11,541.079833984375,921890
2018-05-14,545.60693359375,888370
2018-05-15,543.0604248046875,2049528
2018-05-16,528.0645751953125,4071898
2018-05-17,522.26416015625,3719963
2018-05-18,502.7412109375,1708157
2018-05-21,490.857666015625,2013336
2018-05-22,494.2058410644531,3080285
2018-05-23,502.1282043457031,7413823
2018-05-24,503.1656494140625,1925524
2018-05-25,506.13653564453125,1525355
2018-05-28,508.82440185546875,1460566
2018-05-29,500.43048095703125,2656979
2018-05-30,495.71478271484375,2156315
2018-05-31,494.9602355957031,3539206
2018-06-01,494.6773376464844,1625446
2018-06-04,491.09344482421875,1247023
2018-06-05,511.2766418457031,3398337
2018-06-06,507.8341979980469,2909756
2018-06-07,509.95623779296875,1119973
2018-06-08,527.8287963867188,4815940
2018-06-11,528.913330078125,3113604
2018-06-12,534.8551635742188,3234303
2018-06-13,549.0023193359375,4657712
2018-06-14,554.6139526367188,3244655
2018-06-15,576.824951171875,7125922
2018-06-18,572.0148315429688,2518169
2018-06-19,567.6292114257812,2992184
2018-06-20,568.5723876953125,9121187
2018-06-21,569.1854858398438,3052143
2018-06-22,580.7389526367188,3245849
2018-06-25,576.6363525390625,3253606
2018-06-26,565.4129028320312,2323337
2018-06-27,568.0537109375,2520918
2018-06-28,566.7333374023438,4173735
2018-06-29,581.5878295898438,1525608
2018-07-02,581.9179077148438,1502606
2018-07-03,603.9873657226562,5271600
2018-07-04,593.1412963867188,5043141
2018-07-05,590.9249267578125,2127794
2018-07-06,577.6737670898438,2514518
2018-07-09,587.482421875,1462808
2018-07-10,596.1121215820312,1872744
2018-07-11,589.7459716796875,1669583
2018-07-12,597.3381958007812,2177684
2018-07-13,591.0663452148438,1475306
2018-07-16,585.6432495117188,2211200
2018-07-17,601.2051391601562,2228377
2018-07-18,591.7265014648438,2348371
2018-07-19,575.41015625,1424272
2018-07-20,590.2174682617188,2832150
2018-07-23,598.0455932617188,1553101
2018-07-24,591.6793212890625,1319369
2018-07-25,588.425537109375,1413265
2018-07-26,592.15087890625,3163498
2018-07-27,600.0262451171875,1508269
2018-07-30,598.2342529296875,990056
2018-07-31,604.8833618164062,2469759
2018-08-01,602.8084716796875,2411436
2018-08-02,602.1953735351562,3974559
2018-08-03,604.6004028320312,1530339
2018-08-06,601.6766357421875,2716402
2018-08-07,593.6600341796875,2414266
2018-08-08,596.5838012695312,4121062
2018-08-09,583.945556640625,9996909
2018-08-10,585.737548828125,3168280
2018-08-13,595.4517211914062,2374657
2018-08-14,609.1463012695312,2451003
2018-08-16,614.4534301757812,3925549
2018-08-17,613.0794067382812,2915387
2018-08-20,610.1887817382812,1296664
2018-08-21,616.2542114257812,1981523
2018-08-23,623.5515747070312,2891829
2018-08-24,617.1544189453125,1904031
2018-08-27,625.1153564453125,1381724
2018-08-28,614.4060668945312,5237362
2018-08-29,609.8569946289062,1891523
2018-08-30,615.4960327148438,2124122
2018-08-31,627.5320434570312,3056580
2018-09-03,615.1642456054688,1971733
2018-09-04,610.2362060546875,2249087
2018-09-05,612.74755859375,2542543
2018-09-06,627.4844970703125,2841096
2018-09-07,629.9960327148438,2431363
2018-09-10,633.12353515625,3453432
2018-09-11,620.6610717773438,3399042
2018-09-12,622.1300048828125,3302191
2018-09-14,631.559814453125,1512857
2018-09-17,630.1383056640625,2220455
2018-09-18,629.0010375976562,1814726
2018-09-19,626.06298828125,3043018
2018-09-21,619.0499267578125,2276641
2018-09-24,611.8472900390625,2766326
2018-09-25,627.1529541015625,2295464
2018-09-26,637.6251831054688,2131833
2018-09-27,624.87841796875,3433359
2018-09-28,619.8554077148438,1862405
2018-10-01,619.9502563476562,1309530
2018-10-03,620.329345703125,1533990
2018-10-04,605.023681640625,1736407
2018-10-05,603.3651733398438,1806150
2018-10-08,605.4027099609375,1564640
2018-10-09,605.9239501953125,1535781
2018-10-10,606.1609497070312,1881053
2018-10-11,583.984375,1707508
2018-10-12,590.3340454101562,2085360
2018-10-15,613.9795532226562,2666868
2018-10-16,606.3031005859375,1510216
2018-10-17,606.966552734375,1280980
2018-10-19,600.6641845703125,2267774
2018-10-22,596.7310791015625,1399755
2018-10-23,589.812744140625,1370461
2018-10-24,588.817626953125,987144
2018-10-25,577.1607666015625,5739386
2018-10-26,572.1378784179688,1935618
2018-10-29,601.943603515625,1614423
2018-10-30,578.4400634765625,2418471
2018-10-31,596.3519897460938,2305046
2018-11-01,583.2261962890625,1442392
2018-11-02,575.3600463867188,1566053
2018-11-05,533.613037109375,12941350
2018-11-06,503.0491943359375,16941828
2018-11-07,505.4658203125,698244
2018-11-09,499.4004211425781,6125274
2018-11-12,504.04425048828125,7669697
2018-11-13,500.490234375,2410643
2018-11-14,492.3872985839844,2740756
2018-11-15,492.00823974609375,2661535
2018-11-16,502.85955810546875,3483625
2018-11-19,500.6324462890625,1913914
2018-11-20,493.4771423339844,1707971
2018-11-21,494.8514404296875,1749806
2018-11-22,490.8709411621094,2045318
2018-11-26,494.80401611328125,1728468
2018-11-27,490.586669921875,2100159
2018-11-28,488.3594970703125,2003272
2018-11-29,497.26806640625,2799578
2018-11-30,512.57373046875,3855382
2018-12-03,507.7877197265625,2033213
2018-12-04,517.8810424804688,3400053
2018-12-05,500.8220520019531,2192065
2018-12-06,488.3594970703125,2562048
2018-12-07,486.74835205078125,3503808
2018-12-10,485.75323486328125,2201377
2018-12-11,491.581787109375,2326059
2018-12-12,503.52301025390625,1683131
2018-12-13,499.44781494140625,2234487
2018-12-14,494.4722595214844,1950888
2018-12-17,496.27301025390625,1196871
2018-12-18,495.5622253417969,1628240
2018-12-19,497.3153991699219,1241000
2018-12-20,493.0507507324219,2074097
2018-12-21,489.638916015625,1758710
2018-12-24,491.6765441894531,1214348
2018-12-26,487.41180419921875,1318560
2018-12-27,490.8236083984375,1351636
2018-12-28,494.70928955078125,1933464
2018-12-31,492.33990478515625,1897948
2019-01-01,495.7043151855469,1361809
2019-01-02,487.6487121582031,1243067
2019-01-03,485.6111145019531,2086150
2019-01-04,485.9902038574219,1651456
2019-01-07,487.1748352050781,1168002
2019-01-08,486.7958068847656,1765015
2019-01-09,483.43133544921875,1929305
2019-01-10,486.41668701171875,1252439
2019-01-11,483.5261535644531,2051418
2019-01-14,485.18463134765625,1472415
2019-01-15,488.0277404785156,1177377
2019-01-16,484.7582092285156,1446921
2019-01-17,482.9574890136719,1598184
2019-01-18,482.7679748535156,1502360
2019-01-21,482.6257629394531,1150380
2019-01-22,480.58819580078125,1455953
2019-01-23,482.67315673828125,1358623
2019-01-24,474.5227966308594,1620195
2019-01-25,481.1094665527344,1193442
2019-01-28,466.4198303222656,3215535
2019-01-29,478.6453552246094,2675481
2019-01-30,479.3561706542969,1524621
2019-01-31,490.2549743652344,2203919
2019-02-01,494.09320068359375,1380838
2019-02-04,482.9574890136719,1480952
2019-02-05,481.4411315917969,4358002
2019-02-06,506.982177734375,8775759
2019-02-07,505.0393981933594,4417618
2019-02-08,506.31878662109375,2747159
2019-02-11,514.8956909179688,2989919
2019-02-12,514.8956909179688,2252766
2019-02-14,514.5165405273438,2766535
2019-02-15,512.2893676757812,2491806
2019-02-18,512.8580322265625,1590101
2019-02-19,511.4364318847656,1879600
2019-02-20,512.8106079101562,1208930
2019-02-21,516.9805908203125,1093548
2019-02-22,513.0001831054688,1592112
2019-02-25,519.6342163085938,1961905
2019-02-26,521.62451171875,1952961
2019-02-27,523.0460815429688,2389977
2019-02-28,525.5575561523438,2618486
2019-03-01,522.71435546875,2430914
2019-03-05,519.9658813476562,1644098
2019-03-06,518.9234008789062,1587182
2019-03-07,513.0474853515625,1144534
2019-03-08,511.7208251953125,2618767
2019-03-11,511.8629150390625,2342102
2019-03-12,510.58349609375,2049339
2019-03-13,504.9446105957031,1582245
2019-03-14,504.897216796875,1490894
2019-03-15,504.7550048828125,2019240
2019-03-18,506.5557861328125,1266863
2019-03-19,505.7500915527344,874797
2019-03-20,505.37109375,1255306
2019-03-22,499.25830078125,1579084
2019-03-25,499.3056945800781,1874898
2019-03-26,501.6275634765625,3044792
2019-03-27,498.0262145996094,1217387
2019-03-28,498.1209411621094,4133379
2019-04-01,498.1684265136719,4091454
2019-04-02,495.3252868652344,1268431
2019-04-03,493.2402648925781,3276338
2019-04-04,493.7615051269531,5555991
2019-04-05,504.2812194824219,9784780
2019-04-08,497.9315185546875,2429845
2019-04-09,504.1864318847656,2301681
2019-04-10,517.8810424804688,5992326
2019-04-11,516.3645629882812,2977870
2019-04-12,525.8417358398438,4347530
2019-04-15,536.693115234375,2252373
2019-04-16,530.1064453125,2246831
2019-04-18,532.19140625,2306549
2019-04-22,531.7650146484375,1205612
2019-04-23,532.3336181640625,2179959
2019-04-24,529.3482666015625,1896565
2019-04-25,526.5525512695312,2416194
2019-04-26,538.2568969726562,2593397
2019-04-30,535.461181640625,1914026
2019-05-02,536.0297241210938,1700976
2019-05-03,534.9873046875,2758638
2019-05-06,533.8973388671875,1715311
2019-05-07,528.7796630859375,1478212
2019-05-08,528.8270874023438,1890174
2019-05-09,528.5901489257812,1672967
2019-05-10,526.5052490234375,1687480
2019-05-13,518.117919921875,2027570
2019-05-14,526.931640625,1822829
2019-05-15,526.6473388671875,1396473
2019-05-16,521.434814453125,2589467
2019-05-17,515.7012329101562,1194005
2019-05-20,535.8876953125,1586746
2019-05-21,530.1064453125,4286383
2019-05-22,524.0885620117188,7762734
2019-05-23,535.2243041992188,5640728
2019-05-24,540.768310546875,1796355
2019-05-27,548.4448852539062,1959075
2019-05-28,547.734130859375,2469586
2019-05-29,534.8450927734375,1948077
2019-05-30,532.570556640625,2577559
2019-05-31,529.6326293945312,1912387
2019-06-03,538.5411987304688,1284381
2019-06-04,533.23388671875,1558827
2019-06-06,530.5328979492188,1750285
2019-06-07,520.7713623046875,2696228
2019-06-10,525.5575561523438,1708042
2019-06-11,530.5803833007812,2518184
2019-06-12,532.2388916015625,1253337
2019-06-13,535.08203125,1594956
2019-06-14,526.5525512695312,1808363
2019-06-17,516.6489868164062,1267159
2019-06-18,518.9708251953125,1257992
2019-06-19,505.7975769042969,1137906
2019-06-20,522.4774169921875,1986432
2019-06-21,522.71435546875,1534007
2019-06-24,521.1506958007812,981017
2019-06-25,521.2927856445312,805704
2019-06-26,527.452880859375,1020879
2019-06-27,523.0933227539062,1323494
2019-06-28,524.514892578125,996578
2019-07-01,526.7421264648438,565463
2019-07-02,526.3156127929688,565414
2019-07-03,524.325439453125,797387
2019-07-04,522.71435546875,639531
2019-07-05,521.245361328125,796604
2019-07-08,510.29925537109375,1490078
2019-07-09,520.1080932617188,1472836
2019-07-10,516.4594116210938,1045560
2019-07-11,523.5198974609375,726448
2019-07-12,527.689697265625,1485506
2019-07-15,521.7666015625,842129
2019-07-16,524.6096801757812,1460303
2019-07-17,528.400634765625,1034734
2019-07-18,518.4021606445312,1355289
2019-07-19,508.6407165527344,783708
2019-07-22,503.1912841796875,1816845
2019-07-23,501.24847412109375,2353027
2019-07-24,491.629150390625,2707033
2019-07-25,508.59326171875,3183510
2019-07-26,504.2812194824219,1371242
2019-07-29,494.94610595703125,735045
2019-07-30,492.8137512207031,1665158
2019-07-31,496.7219543457031,1828077
2019-08-01,488.4766845703125,1289007
2019-08-02,491.95587158203125,1574251
2019-08-05,494.6249084472656,2162918
2019-08-06,476.75201416015625,7425849
2019-08-07,494.0529479980469,4668643
2019-08-08,479.5163879394531,6750611
2019-08-09,461.834228515625,5172748
2019-08-13,453.4934997558594,2952687
2019-08-14,455.92425537109375,2376714
2019-08-16,453.8271789550781,1279325
2019-08-19,453.5888977050781,1211272
2019-08-20,456.3055419921875,1606901
2019-08-21,446.15374755859375,1065506
2019-08-22,442.2932434082031,1398888
2019-08-23,444.10430908203125,2217428
2019-08-26,444.7239074707031,2158865
2019-08-27,443.580078125,2992115
2019-08-28,442.5315246582031,2193022
2019-08-29,443.43707275390625,1410078
2019-08-30,450.347900390625,1126818
2019-09-03,447.58355712890625,1564714
2019-09-04,449.3470153808594,2339657
2019-09-05,456.01959228515625,1216510
2019-09-06,452.68328857421875,1668897
2019-09-09,452.7785949707031,780846
2019-09-11,449.72833251953125,996410
2019-09-12,445.91546630859375,1179858
2019-09-13,447.059326171875,818854
2019-09-16,448.4891357421875,1257381
2019-09-17,439.0999450683594,1753611
2019-09-18,437.1935119628906,1656705
2019-09-19,430.9022521972656,1027073
2019-09-20,441.6259765625,2558072
2019-09-23,427.899658203125,2819792
2019-09-24,429.1864929199219,1959468
2019-09-25,414.2686767578125,3524655
2019-09-26,417.9385070800781,3960277
2019-09-27,418.84405517578125,3151119
2019-09-30,405.5943603515625,6307161
2019-10-01,393.345458984375,4914716
2019-10-03,398.54052734375,2639852
2019-10-04,398.77880859375,4182360
2019-10-07,389.1513366699219,2564196
2019-10-09,403.5448913574219,4117690
2019-10-10,402.4010314941406,2381621
2019-10-11,420.70281982421875,17354782
2019-10-14,420.27386474609375,5861895
2019-10-15,425.6595764160156,3153015
2019-10-16,425.8978576660156,2180925
2019-10-17,425.4212646484375,1818421
2019-10-18,423.371826171875,2850227
2019-10-22,432.66571044921875,2333810
2019-10-23,432.9993591308594,2262575
2019-10-24,425.945556640625,1733751
2019-10-25,438.3373718261719,2647759
2019-10-27,439.48126220703125,179612
2019-10-29,450.91986083984375,3498572
2019-10-30,443.2464294433594,2640132
2019-10-31,445.0098876953125,3944718
2019-11-01,447.2499694824219,3649879
2019-11-04,446.39202880859375,2393325
2019-11-05,445.963134765625,1391429
2019-11-06,458.3549499511719,17751556
2019-11-07,449.7759704589844,5892783
2019-11-08,440.8634033203125,4300075
2019-11-11,433.5712890625,4109355
2019-11-13,426.9463806152344,3001272
2019-11-14,430.2826843261719,2659601
2019-11-15,441.57830810546875,10693852
2019-11-18,439.0522766113281,2847404
2019-11-19,450.0143127441406,5080106
2019-11-20,460.0230712890625,4080054
2019-11-21,462.78741455078125,5600894
2019-11-22,456.448486328125,2778328
2019-11-25,460.8809814453125,1465490
2019-11-26,456.16253662109375,3880896
2019-11-27,446.1061096191406,3494515
2019-11-28,446.4397277832031,2933958
2019-11-29,444.8669128417969,1307574
2019-12-02,442.2932434082031,2492362
2019-12-03,442.5315246582031,1067139
2019-12-04,448.0125427246094,1426757
2019-12-05,440.0055236816406,1483537
2019-12-06,434.1432189941406,2520045
2019-12-09,426.9463806152344,3761784
2019-12-10,431.8554382324219,2807906
2019-12-11,428.9005126953125,1806996
2019-12-12,439.48126220703125,2730092
2019-12-13,439.671875,1213599
2019-12-16,436.8122253417969,903737
2019-12-17,442.24560546875,2434853
2019-12-18,445.91546630859375,1705929
2019-12-19,445.7248229980469,1485123
2019-12-20,443.96136474609375,2248997
2019-12-23,445.963134765625,866023
2019-12-24,456.3055419921875,3262749
2019-12-26,451.9683837890625,2887784
2019-12-27,458.5932312011719,2005404
2019-12-30,457.4970703125,1809828
2019-12-31,455.8289489746094,1640854
2020-01-01,453.63653564453125,1316812
2020-01-02,451.3487854003906,1406381
2020-01-03,447.9648742675781,2252752
2020-01-06,444.91455078125,1501855
2020-01-07,446.67803955078125,2365554
2020-01-08,443.00811767578125,1507276
2020-01-09,448.10784912109375,1700600
2020-01-10,451.3487854003906,1213600
2020-01-13,455.3046569824219,1229969
2020-01-14,461.5959167480469,2160301
2020-01-15,461.3575744628906,1413668
2020-01-16,457.78302001953125,1694372
2020-01-17,457.8306579589844,2039387
2020-01-20,457.68768310546875,1206931
2020-01-21,451.25347900390625,1448808
2020-01-22,449.53765869140625,2380518
2020-01-23,443.3894348144531,5783749
2020-01-24,437.3841857910156,2713370
2020-01-27,442.7221984863281,5849003
2020-01-28,442.9604797363281,3592413
2020-01-29,439.95782470703125,1737293
2020-01-30,429.9013977050781,2766881
2020-01-31,425.9931945800781,2184609
2020-02-03,423.7531433105469,1690394
2020-02-04,427.470703125,2030860
2020-02-05,426.61273193359375,3637403
2020-02-06,419.0823669433594,7118843
2020-02-07,422.46630859375,6386193
2020-02-10,423.94378662109375,3557480
2020-02-11,429.52008056640625,1889638
2020-02-12,425.8978576660156,1683136
2020-02-13,422.65692138671875,2041017
2020-02-14,426.183837890625,1814780
2020-02-17,411.6949462890625,4581786
2020-02-18,415.6031188964844,2453801
2020-02-19,426.5650939941406,2359566
2020-02-20,415.36480712890625,3048500
2020-02-24,410.0268249511719,2569563
2020-02-25,405.8802795410156,2438218
2020-02-26,402.44873046875,8068909
2020-02-27,401.49554443359375,5109022
2020-02-28,383.2890625,4200936
2020-03-02,383.1460876464844,3460583
2020-03-03,405.4037170410156,5476676
2020-03-04,426.7080993652344,9297945
2020-03-05,419.9879455566406,9637431
2020-03-06,414.0779724121094,2916146
2020-03-09,406.21392822265625,2986596
2020-03-11,397.5873107910156,5314547
2020-03-12,376.2828674316406,5636464
2020-03-13,405.6419677734375,6096891
2020-03-16,377.85565185546875,5394603
2020-03-17,382.95538330078125,2989674
2020-03-18,367.94219970703125,4200456
2020-03-19,360.9108581542969,2926091
2020-03-20,378.3447570800781,4718358
2020-03-23,361.4405822753906,5507004
2020-03-24,363.5596618652344,6649616
2020-03-25,362.5964660644531,6418955
2020-03-26,371.9394836425781,4291225
2020-03-27,392.6482849121094,6471291
2020-03-30,415.86138916015625,9020926
2020-03-31,407.2889099121094,9434602
2020-04-01,398.5238037109375,6329668
2020-04-03,432.6692199707031,17906762
2020-04-07,474.13494873046875,20843608
2020-04-08,493.8805236816406,19456188
2020-04-09,558.2703857421875,27207708
2020-04-13,571.0327758789062,15483858
2020-04-15,570.55126953125,16213806
2020-04-16,578.3531494140625,12716342
2020-04-17,575.9932861328125,8304173
2020-04-20,563.8569946289062,5856150
2020-04-21,570.3104248046875,14471856
2020-04-22,565.5907592773438,6182243
2020-04-23,565.109130859375,6277840
2020-04-24,577.2454223632812,11127889
2020-04-27,586.299560546875,14089786
2020-04-28,576.5712280273438,8193422
2020-04-29,574.3076782226562,6767183
2020-04-30,567.9024047851562,9099721
2020-05-04,589.3336791992188,16815950
2020-05-05,574.9337768554688,9257154
2020-05-06,569.9732666015625,6978135
2020-05-07,567.854248046875,4620871
2020-05-08,570.1177978515625,5051303
2020-05-11,564.4830932617188,5853892
2020-05-12,549.1682739257812,8868938
2020-05-13,549.2164306640625,10438589
2020-05-14,548.7828979492188,8546002
2020-05-15,549.312744140625,14388403
2020-05-18,578.3531494140625,22898114
2020-05-19,573.0555419921875,10951060
2020-05-20,597.809814453125,13440063
2020-05-21,593.9088134765625,7916771
2020-05-22,615.8215942382812,10874832
2020-05-26,604.600341796875,8859302
2020-05-27,609.75341796875,7710100
2020-05-28,605.2263793945312,5488625
2020-05-29,624.2977294921875,10580203
2020-06-01,618.8556518554688,7439123
2020-06-02,614.135986328125,6883363
2020-06-03,617.6035766601562,5044700
2020-06-04,636.2413940429688,10452388
2020-06-05,626.946533203125,6481383
2020-06-08,611.72802734375,6263334
2020-06-09,616.495849609375,8968365
2020-06-10,619.2891235351562,5425984
2020-06-11,611.6317138671875,3172467
2020-06-12,619.9151611328125,5579009
2020-06-15,619.9634399414062,4520180
2020-06-16,614.32861328125,2927072
2020-06-17,616.7847900390625,2648039
2020-06-18,618.4223022460938,2161524
2020-06-19,612.7875366210938,4476020
2020-06-22,631.8107299804688,29312493
2020-06-23,635.5189819335938,8287482
2020-06-24,607.9714965820312,6955942
2020-06-25,611.535400390625,5816404
2020-06-26,611.535400390625,3847728
2020-06-29,621.1673583984375,6772032
2020-06-30,616.6884765625,4319880
2020-07-01,604.0223388671875,4809651
2020-07-02,622.4196166992188,6169821
2020-07-03,615.2918701171875,5379171
2020-07-06,611.2464599609375,5604802
2020-07-07,613.1245727539062,3781547
2020-07-08,611.0537719726562,6952585
2020-07-09,615.5326538085938,4354183
2020-07-10,615.38818359375,4119561
2020-07-13,614.8583374023438,3450069
2020-07-14,609.031005859375,5432821
2020-07-15,614.7139282226562,4253913
2020-07-16,649.6780395507812,16098128
2020-07-17,663.74072265625,15244102
2020-07-20,649.5335083007812,5469496
2020-07-21,637.9269409179688,4314750
2020-07-22,637.3490600585938,5918154
2020-07-23,646.7403564453125,4620517
2020-07-24,641.5390014648438,4962702
2020-07-27,628.8729248046875,4465020
2020-07-28,638.2160034179688,4583066
2020-07-29,656.1796875,7288781
2020-07-30,660.7067260742188,7170665
2020-07-31,693.6481323242188,18897302
2020-08-03,684.2569580078125,12500683
2020-08-04,687.5798950195312,6970907
2020-08-05,695.5745849609375,5263136
2020-08-06,704.1951293945312,9663886
2020-08-07,701.8353881835938,6159632
2020-08-10,766.321533203125,56895213
2020-08-11,749.3692626953125,14861526
2020-08-12,734.0543212890625,7841540
2020-08-13,732.2723999023438,13741253
2020-08-14,743.3972778320312,16276204
2020-08-17,743.2528686523438,6145819
2020-08-18,736.703125,5520627
2020-08-19,730.4423217773438,6296055
2020-08-20,734.6322631835938,8167570
2020-08-21,732.7539672851562,4700914
2020-08-24,724.0852661132812,4942344
2020-08-25,720.2323608398438,3424047
2020-08-26,720.4732055664062,3730702
2020-08-27,728.3714599609375,6989194
2020-08-28,721.0512084960938,8205618
2020-08-31,687.291015625,7649137
2020-09-01,709.444580078125,6260037
2020-09-02,711.08203125,5583378
2020-09-03,711.4191284179688,3560610
2020-09-04,697.934326171875,7473315
2020-09-07,690.3732299804688,4688730
2020-09-08,682.1378784179688,4818121
2020-09-09,700.7757568359375,9082694
2020-09-10,700.0533447265625,4571167
2020-09-11,699.234619140625,2465429
2020-09-14,695.0447387695312,3104686
2020-09-15,715.1275634765625,14548327
2020-09-16,724.9038696289062,6773101
2020-09-17,723.844482421875,7105767
2020-09-18,776.57958984375,35527335
2020-09-21,739.8335571289062,12576400
2020-09-22,749.0321044921875,14483843
2020-09-23,739.1593017578125,6236391
2020-09-24,706.4586791992188,7123763
2020-09-25,741.7599487304688,13365087
2020-09-28,746.2869262695312,9290917
2020-09-29,734.295166015625,6582879
2020-09-30,746.1906127929688,14333215
2020-10-01,744.55322265625,5852563
2020-10-05,749.9953002929688,6798052
2020-10-06,751.6327514648438,4789613
2020-10-07,745.131103515625,6086371
2020-10-08,781.5882568359375,12019967
2020-10-09,773.5936889648438,11673228
2020-10-12,783.707275390625,6612623
2020-10-13,758.1824951171875,13964602
2020-10-14,752.7403564453125,8675720
2020-10-15,740.0261840820312,6291141
2020-10-16,753.55908203125,9099048
2020-10-19,735.8843994140625,4351337
2020-10-20,736.17333984375,6029701
2020-10-21,738.870361328125,6932513
2020-10-22,729.6236572265625,8429247
2020-10-23,729.6717529296875,8515845
2020-10-26,719.654541015625,4665147
2020-10-27,741.9044189453125,7003966
2020-10-28,737.0884399414062,7050213
2020-10-29,734.2469482421875,6084020
2020-10-30,726.7339477539062,4126276
2020-11-02,723.6035766601562,3265890
2020-11-03,731.357421875,5390467
2020-11-04,752.4033203125,9035451
2020-11-05,764.2987670898438,6656549
2020-11-06,760.8795166015625,7765316
2020-11-09,735.1138305664062,21178707
2020-11-10,690.9030151367188,22558440
2020-11-11,715.0311279296875,18892977
2020-11-12,712.4786376953125,10422659
2020-11-13,717.2465209960938,6955531
2020-11-14,718.3060302734375,631992
2020-11-17,715.2238159179688,7313289
2020-11-18,715.609130859375,7190828
2020-11-19,714.7903442382812,5804230
2020-11-20,712.67138671875,5394676
2020-11-23,718.8357543945312,8690680
2020-11-24,720.9066772460938,5471533
2020-11-25,704.7249145507812,6060158
2020-11-26,711.5154418945312,6088729
2020-11-27,718.1614990234375,12777697
2020-12-01,727.7935180664062,6241872
2020-12-02,730.4423217773438,3983393
2020-12-03,734.1026000976562,3765555
2020-12-04,738.725830078125,5423289
2020-12-07,744.69775390625,6779545
2020-12-08,737.810791015625,4166424
2020-12-09,734.34326171875,4045201
2020-12-10,734.6803588867188,3679209
2020-12-11,728.0343627929688,3178041
2020-12-14,760.2533569335938,19785595
2020-12-15,752.8848876953125,8249684
2020-12-16,757.8453979492188,3817724
2020-12-17,754.3778686523438,3984988
2020-12-18,764.2506713867188,6487014
2020-12-21,749.850830078125,14465355
2020-12-22,765.74365234375,6139589
2020-12-23,794.302490234375,8520251
2020-12-24,802.537841796875,7294578
2020-12-28,799.6001586914062,4810932
2020-12-29,797.4810791015625,3311293
2020-12-30,793.4837036132812,2715404
2020-12-31,789.775390625,4842886
2021-01-01,796.1806640625,2474916
2021-01-04,801.622802734375,3487801
2021-01-05,796.8068237304688,4559213
2021-01-06,794.4468994140625,3318460
2021-01-07,796.1324462890625,2879675
2021-01-08,807.83544921875,5072916
2021-01-11,825.3174438476562,5332109
2021-01-12,812.1217041015625,4338010
2021-01-13,810.7250366210938,3596529
2021-01-14,809.9545288085938,3652930
2021-01-15,793.387451171875,3137877
2021-01-18,772.2451782226562,3742440
2021-01-19,792.1834106445312,3791378
2021-01-20,802.152587890625,3056546
2021-01-21,782.8403930664062,3326213
2021-01-22,778.5541381835938,3883231
2021-01-25,806.0053100585938,10704200
2021-01-27,811.49560546875,7410174
2021-01-28,810.9176635742188,4489853
2021-01-29,795.5064697265625,7185812
2021-02-01,776.72412109375,13856367
2021-02-02,791.3646240234375,8486828
2021-02-03,817.9971313476562,15674616
2021-02-04,803.7418212890625,4639606
2021-02-05,816.504150390625,7381183
2021-02-08,816.0707397460938,4244906
2021-02-09,810.7731323242188,4200281
2021-02-10,831.62646484375,5665209
2021-02-11,828.158935546875,5347864
2021-02-12,817.3229370117188,2473012
2021-02-15,813.2293090820312,2531913
2021-02-16,817.1302490234375,2808115
2021-02-17,804.9458618164062,2539649
2021-02-18,795.072998046875,4114251
2021-02-19,777.6390380859375,3834443
2021-02-22,763.2874755859375,4090429
2021-02-23,761.8426513671875,3264477
2021-02-24,760.0125732421875,1587082
2021-02-25,779.3729248046875,5478169
2021-02-26,758.086181640625,7549015
2021-03-01,760.7349243164062,2748271
2021-03-02,781.92529296875,4275166
2021-03-03,782.5995483398438,3265559
2021-03-04,777.0611572265625,3640996
2021-03-05,775.5200805664062,3832170
2021-03-08,779.4691772460938,2915298
2021-03-09,767.669921875,2783825
2021-03-10,782.5032958984375,2512573
2021-03-12,776.2906494140625,2082799
2021-03-15,775.8572387695312,2651062
2021-03-16,763.1429443359375,3671229
2021-03-17,743.7344970703125,3246092
2021-03-18,727.360107421875,2894624
2021-03-19,732.6576538085938,5262000
2021-03-22,744.4087524414062,3563266
2021-03-23,747.5391235351562,2118532
2021-03-24,763.76904296875,6904173
2021-03-25,758.2787475585938,5292130
2021-03-26,758.471435546875,2934548
2021-03-30,782.310546875,4453933
2021-03-31,785.1038208007812,3075406
2021-04-01,788.1860961914062,1910949
2021-04-05,789.582763671875,2920638
2021-04-06,805.3793334960938,4569120
2021-04-07,809.90625,2404472
2021-04-08,811.0139770507812,2459821
2021-04-09,850.5533447265625,11189432
2021-04-12,869.1912231445312,30141861
2021-04-13,852.6241455078125,11667200
2021-04-15,880.5570068359375,13218002
2021-04-16,903.5292358398438,13746268
2021-04-19,911.4757080078125,17805574
2021-04-20,914.365234375,10205616
2021-04-22,909.5974731445312,8522208
2021-04-23,901.1694946289062,7972589
2021-04-26,872.0808715820312,10255697
2021-04-27,878.8231811523438,5669049
2021-04-28,876.7041625976562,7251009
2021-04-29,873.1403198242188,4953091
2021-04-30,876.8486328125,6459737
2021-05-03,876.7041625976562,6330144
2021-05-04,846.1226196289062,8347795
2021-05-05,855.947265625,10491085
2021-05-06,851.7572631835938,17973153
2021-05-07,850.4088134765625,5479029
2021-05-10,867.120361328125,8379304
2021-05-11,858.1144409179688,5864464
2021-05-12,865.531005859375,5224240
2021-05-14,870.7804565429688,15048471
2021-05-17,848.7714233398438,14122085
2021-05-18,851.8536376953125,5129966
2021-05-19,870.6842651367188,7242643
2021-05-20,890.18896484375,12378690
2021-05-21,892.7896728515625,6740711
2021-05-24,896.9796142578125,6420035
2021-05-25,901.1694946289062,3695242
2021-05-26,910.3680419921875,5445187
2021-05-27,907.6709594726562,6249606
2021-05-28,899.9653930664062,2156991
2021-05-31,914.4135131835938,3183414
2021-06-01,911.6201782226562,2904962
2021-06-02,919.5665893554688,2449102
2021-06-03,913.3538818359375,2258695
2021-06-04,911.572021484375,3057699
2021-06-07,905.2149047851562,2028426
2021-06-08,918.6514892578125,2278534
2021-06-09,923.3712158203125,5498857
2021-06-10,938.3489990234375,4754350
2021-06-11,932.2326049804688,3480545
2021-06-14,940.2271728515625,2377279
2021-06-15,934.0145874023438,1289684
2021-06-16,921.5411376953125,1684500
2021-06-17,915.95458984375,2429291
2021-06-18,925.5383911132812,4978288
2021-06-21,924.8161010742188,1625660
2021-06-22,920.6742553710938,2344400
2021-06-23,922.5043334960938,1807471
2021-06-24,915.9064331054688,1769651
2021-06-25,921.8782348632812,2134441
2021-06-28,927.6093139648438,1759671
2021-06-29,943.5501708984375,4300755
2021-06-30,936.133544921875,7195632
2021-07-01,942.1054077148438,2291137
2021-07-02,943.1649780273438,1421148
2021-07-05,938.8306274414062,1286458
2021-07-06,933.4366455078125,1157576
2021-07-07,929.68017578125,1740439
2021-07-08,915.6656494140625,1662518
2021-07-09,924.4788208007812,1301555
2021-07-12,924.527099609375,1122802
2021-07-13,930.1136474609375,1317621
2021-07-14,941.1904907226562,1729994
2021-07-15,937.77099609375,979315
2021-07-16,941.1904907226562,2087320
2021-07-19,938.1563110351562,854347
2021-07-20,920.0000610351562,1520300
2021-07-22,914.9431762695312,1783069
2021-07-23,913.1130981445312,1056183
2021-07-26,915.5692749023438,1306026
2021-07-27,879.4973754882812,3366104
2021-07-28,857.1513061523438,5094903
2021-07-29,850.6014404296875,4929314
2021-07-30,886.191650390625,6280365
2021-08-02,887.1549072265625,2981630
2021-08-03,893.9935913085938,2014511
2021-08-04,905.0704956054688,2517694
2021-08-05,910.60888671875,4022548
2021-08-06,877.763671875,9727673
2021-08-09,889.724853515625,3310964
2021-08-10,883.8652954101562,2552532
2021-08-11,881.2018432617188,2174054
2021-08-12,876.795166015625,2127392
2021-08-13,866.2384643554688,2919925
2021-08-16,860.2820434570312,1954152
2021-08-17,876.1656494140625,3767678
2021-08-18,880.2333374023438,2323095
2021-08-20,862.8001098632812,2354874
2021-08-23,870.0640258789062,2081206
2021-08-24,888.75634765625,2588128
2021-08-25,883.8652954101562,1697757
2021-08-26,882.606201171875,1522032
2021-08-27,894.8095703125,1878603
2021-08-30,905.26953125,2016968
2021-08-31,917.9569702148438,2463088
2021-09-01,893.7925415039062,4434153
2021-09-02,925.1724243164062,3688123
2021-09-03,911.468017578125,3110583
2021-09-06,920.281494140625,1699875
2021-09-07,920.572021484375,1113880
2021-09-08,921.8310546875,1600457
2021-09-09,919.4097900390625,3769007
2021-09-13,920.5235595703125,865538
2021-09-14,923.1386108398438,1373821
2021-09-15,922.9449462890625,2509424
2021-09-16,923.9617919921875,3574908
2021-09-17,924.01025390625,2006356
2021-09-20,908.5624389648438,2308294
2021-09-21,925.9956665039062,2438464
2021-09-22,933.16259765625,2267730
2021-09-23,937.6177978515625,1297533
2021-09-24,937.1820678710938,1803409
2021-09-27,932.3878784179688,1217035
2021-09-28,940.426513671875,1542732
2021-09-29,956.5038452148438,4052980
2021-09-30,952.581298828125,2312926
2021-10-01,955.1478881835938,1948517
2021-10-04,927.3515625,4097873
2021-10-05,905.1241455078125,4986700
2021-10-06,884.6885986328125,2615582
2021-10-07,887.2067260742188,7008049
2021-10-08,888.2236328125,2075219
2021-10-11,884.9791259765625,1449593
2021-10-12,887.1099243164062,1164581
2021-10-13,884.7369995117188,1821818
2021-10-14,882.6547241210938,913675
2021-10-18,875.2939453125,1913667
2021-10-19,877.6668701171875,1360282
2021-10-20,877.3763427734375,1941581
2021-10-21,882.848388671875,2723509
2021-10-22,868.1270141601562,1360319
2021-10-25,873.453857421875,1901039
2021-10-26,878.9259033203125,1405411
2021-10-27,893.45361328125,5111161
2021-10-28,863.671875,2224983
2021-10-29,876.552978515625,2783659
2021-11-01,880.6207275390625,986133
2021-11-02,874.955078125,1038025
2021-11-03,883.913818359375,1275433
2021-11-04,882.0252075195312,96347
2021-11-08,884.9307250976562,860650
2021-11-09,885.3665161132812,843911
2021-11-10,883.7200927734375,1597922
2021-11-11,876.4077758789062,1180372
2021-11-12,887.1099243164062,936613
2021-11-15,908.61083984375,2615304
2021-11-16,892.7271728515625,1925000
2021-11-17,876.8435668945312,1996857
2021-11-18,864.2045288085938,1009418
2021-11-22,867.2069702148438,1443344
2021-11-23,881.9283447265625,1820473
2021-11-24,865.3182983398438,1392190
2021-11-25,871.6135864257812,1325422
2021-11-26,936.261962890625,14458893
2021-11-29,934.6154174804688,8303735
2021-11-30,940.717041015625,4771579
2021-12-01,898.9256591796875,3879683
2021-12-02,892.2429809570312,2749084
2021-12-03,883.3326416015625,2388529
2021-12-06,866.7710571289062,1573419
2021-12-07,861.2505493164062,2471419
2021-12-08,869.6766967773438,1663728
2021-12-09,866.3352661132812,1645541
2021-12-10,865.754150390625,947538
2021-12-13,863.2359619140625,1785608
2021-12-14,867.400634765625,2651452
2021-12-15,867.4974975585938,1192775
2021-12-16,853.2603149414062,2280037
2021-12-17,833.115234375,2824703
2021-12-20,865.6572875976562,8501360
2021-12-21,858.8292846679688,2301316
2021-12-22,861.6864624023438,1271710
2021-12-23,881.1050415039062,1970110
2021-12-24,879.7007446289062,1114033
2021-12-27,900.9596557617188,4596248
2021-12-28,903.9135131835938,1907169
2021-12-29,906.0927124023438,2687014
2021-12-30,922.7511596679688,1729705
2021-12-31,914.3734741210938,2039044
2022-01-03,901.20166015625,2013140
2022-01-04,895.1484985351562,1238138
2022-01-05,899.3130493164062,1407995
2022-01-06,892.9694213867188,1384402
2022-01-07,885.9476318359375,1546099
2022-01-10,887.3519897460938,1637506
2022-01-11,887.1099243164062,1578147
2022-01-12,877.6668701171875,2090537
2022-01-13,894.9547729492188,2739659
2022-01-14,892.4850463867188,2321761
2022-01-17,881.5408935546875,1058857
2022-01-18,873.744384765625,1830577
2022-01-19,867.4490356445312,1413292
2022-01-20,854.5677490234375,1614683
2022-01-21,840.1369018554688,1669132
2022-01-24,864.0108032226562,4992078
2022-01-25,877.13427734375,2322693
2022-01-27,898.3930053710938,7859401
2022-01-28,902.8966674804688,2428175
2022-01-31,915.2451782226562,2008278
2022-02-01,916.6011352539062,2033319
2022-02-02,921.8310546875,1735750
2022-02-03,922.7511596679688,1116446
2022-02-04,916.310546875,1428601
2022-02-07,903.9135131835938,949273
2022-02-08,918.1991577148438,1812035
2022-02-09,937.7631225585938,2513281
2022-02-10,944.3489379882812,2044733
2022-02-11,928.320068359375,1292417
2022-02-14,924.83349609375,2346622
2022-02-15,892.8240356445312,8304774
2022-02-16,903.7197875976562,2480569
2022-02-17,898.9741821289062,2843010
2022-02-18,880.4754638671875,3643338
2022-02-21,878.6837768554688,1860041
2022-02-22,884.6401977539062,1884736
2022-02-23,886.0929565429688,1399309
2022-02-24,867.5942993164062,2003438
2022-02-25,894.5674438476562,2825642
2022-02-28,895.92333984375,1534018
2022-03-02,894.0347290039062,3276260
2022-03-03,905.4631958007812,2622469
2022-03-04,901.8796997070312,2453781
2022-03-07,911.5164184570312,2604231
2022-03-08,939.0221557617188,5826939
2022-03-09,950.6444091796875,3501351
2022-03-10,955.97119140625,4146797
2022-03-11,1011.07958984375,11106725
2022-03-14,1015.6316528320312,5590771
2022-03-15,1034.4207763671875,7945333
2022-03-16,1022.556640625,3379138
2022-03-17,1015.4863891601562,3712730
2022-03-21,1017.2295532226562,2039889
2022-03-22,1000.0868530273438,2269544
2022-03-23,982.5084228515625,2781735
2022-03-24,996.6002807617188,3344649
2022-03-25,981.58837890625,1680031
2022-03-28,985.074951171875,3847112
2022-03-29,1006.14013671875,3194089
2022-03-30,996.5518188476562,3083750
2022-03-31,985.9950561523438,1976418
2022-04-01,982.8958129882812,1285646
2022-04-04,995.4381103515625,1665075
2022-04-05,989.2880249023438,1596381
2022-04-06,996.6002807617188,1487844
2022-04-07,1004.0578002929688,3496357
2022-04-08,979.7481079101562,3001682
2022-04-11,993.2105102539062,2094493
2022-04-12,994.9053955078125,2746930
2022-04-13,984.5907592773438,1890795
2022-04-18,995.4865112304688,2092141
2022-04-19,968.803955078125,1813890
2022-04-20,980.1840209960938,1796999
2022-04-21,967.1090087890625,1526774
2022-04-22,936.5524291992188,2455188
2022-04-25,923.1386108398438,1309361
2022-04-26,947.5935668945312,1806747
2022-04-27,946.9640502929688,1033333
2022-04-28,950.3053588867188,1840948
2022-04-29,950.3053588867188,1972427
2022-05-02,945.8502197265625,1767117
2022-05-04,927.4000854492188,2086372
2022-05-05,918.5381469726562,2161283
2022-05-06,905.3179321289062,1828238
2022-05-09,908.756103515625,2047297
2022-05-10,896.9887084960938,1662201
2022-05-11,908.0781860351562,5296875
2022-05-12,891.7587890625,2242769
2022-05-13,905.1725463867188,1734146
2022-05-16,904.010498046875,1456551
2022-05-17,908.465576171875,2301253
2022-05-18,926.964111328125,2580102
2022-05-19,908.465576171875,1198917
2022-05-20,947.5935668945312,2594816
2022-05-23,939.5064086914062,1220231
2022-05-24,939.845458984375,1622192
2022-05-25,941.249755859375,1950710
2022-05-26,934.1795654296875,1630614
2022-05-27,935.9229125976562,1249374
2022-05-30,955.72900390625,2171285
2022-05-31,961.6853637695312,4874664
2022-06-01,952.581298828125,1285579
2022-06-02,956.01953125,2639988
2022-06-03,930.6929321289062,1057504
2022-06-06,945.3175659179688,1412548
2022-06-07,942.1214599609375,1759986
2022-06-08,932.6300048828125,1874689
2022-06-09,941.3466186523438,1405851
2022-06-10,936.3587646484375,776457
2022-06-13,924.6881103515625,3016612
2022-06-14,934.324951171875,1570434
2022-06-15,938.2957153320312,1112618
2022-06-16,911.3226928710938,1898194
2022-06-17,885.9476318359375,2715476
2022-06-20,896.6981811523438,942685
2022-06-21,908.6592407226562,521963
2022-06-22,888.0299072265625,1698830
2022-06-23,903.9619140625,615616
2022-06-24,904.301025390625,722838
2022-06-27,902.9934692382812,846797
2022-06-28,915.3419799804688,931109
2022-06-29,917.811767578125,2455089
2022-06-30,888.3204956054688,2433648
2022-07-01,919.4097900390625,1793834
2022-07-04,901.3470458984375,1004832
2022-07-05,907.884521484375,1532205
2022-07-06,915.8262329101562,1390651
2022-07-07,905.8021850585938,1390277
2022-07-08,905.995849609375,1072803
2022-07-11,917.71484375,1037956
2022-07-12,906.2864379882812,672406
2022-07-13,923.332275390625,1511059
2022-07-14,921.2015991210938,1713101
2022-07-15,935.63232421875,1046876
2022-07-18,936.8914184570312,846036
2022-07-19,930.4024658203125,1162631
2022-07-20,950.5958251953125,1627220
2022-07-21,938.0051879882812,1681422
2022-07-22,941.4918212890625,977238
2022-07-25,929.5791625976562,1024751
2022-07-26,925.6083374023438,988405
2022-07-27,943.3804931640625,904733
2022-07-28,936.9883422851562,1043837
2022-07-29,946.625,2941566
2022-08-01,972.920166015625,4647912
2022-08-02,972.5811157226562,1184696
2022-08-03,979.990234375,4052763
2022-08-04,1011.6122436523438,2865077
2022-08-05,1001.6365356445312,1561405
2022-08-08,1001.9772338867188,767289
2022-08-10,1010.5415649414062,1293683
2022-08-11,1010.5902099609375,838963
2022-08-12,999.6415405273438,1140717
2022-08-16,1006.8433227539062,776409
2022-08-17,998.2789306640625,1102323
2022-08-18,1004.55615234375,1201720
2022-08-19,1002.512451171875,654004
2022-08-22,995.1646728515625,993053
2022-08-23,1012.7799072265625,1868332
2022-08-24,1009.5682983398438,1562062
2022-08-25,998.2789306640625,1112617
2022-08-26,993.4614868164062,1264070
2022-08-29,990.0552368164062,1305557
2022-08-30,1010.6387939453125,1571042
2022-09-01,995.6026000976562,1528731
2022-09-02,988.4007568359375,1655229
2022-09-05,998.181640625,1275368
2022-09-06,1012.9745483398438,1369910
2022-09-07,1023.33935546875,2471263
2022-09-08,1027.7674560546875,1755391
2022-09-09,1029.957275390625,1092235
2022-09-12,1036.2344970703125,936787
2022-09-13,1030.541259765625,1144685
2022-09-14,1031.56298828125,998799
2022-09-15,1005.6268310546875,927244
2022-09-16,1015.5536499023438,2850439
2022-09-19,1008.5464477539062,2073673
2022-09-20,1063.0467529296875,2491392
2022-09-21,1041.733154296875,2283817
2022-09-22,1033.4608154296875,1634304
2022-09-23,1039.494873046875,3268298
2022-09-26,1037.1103515625,1219450
2022-09-27,1069.275146484375,2343041
2022-09-28,1067.7667236328125,3450534
2022-09-29,1085.9659423828125,2093772
2022-09-30,1085.090087890625,1834565
2022-10-03,1100.4669189453125,2601710
2022-10-04,1113.9947509765625,1911413
2022-10-06,1104.0677490234375,1561938
2022-10-07,1100.2236328125,1182984
2022-10-10,1088.885498046875,1583891
2022-10-11,1080.3699951171875,1538943
2022-10-12,1078.7640380859375,1231143
2022-10-13,1074.0927734375,1438932
2022-10-14,1079.2021484375,1131139
2022-10-17,1078.47216796875,1076392
2022-10-18,1095.6981201171875,960283
2022-10-19,1091.9512939453125,1300144
2022-10-20,1106.35498046875,1633570
2022-10-21,1104.3597412109375,1349759
2022-10-24,1116.1844482421875,129688
2022-10-25,1124.9432373046875,2210622
2022-10-27,1134.675537109375,2359658
2022-10-28,1124.2620849609375,1087865
2022-10-31,1136.1353759765625,1554670
2022-11-01,1141.974609375,1491658
2022-11-02,1128.20361328125,1479828
2022-11-03,1131.9505615234375,1992697
2022-11-04,1115.40576171875,1712836
2022-11-07,1100.61279296875,2006468
2022-11-09,1099.153076171875,2068940
2022-11-10,1092.2432861328125,2028565
2022-11-11,1091.367431640625,1513809
2022-11-14,1099.2503662109375,1501491
2022-11-15,1088.788330078125,1262746
2022-11-16,1091.172607421875,1649021
2022-11-17,1089.5181884765625,1270387
2022-11-18,1072.876220703125,1486381
2022-11-21,1074.87109375,1488424
2022-11-22,1074.5306396484375,1302811
2022-11-23,1078.326171875,2192276
2022-11-24,1066.0150146484375,2933085
2022-11-25,1075.7471923828125,1454838
2022-11-28,1072.2435302734375,673339
2022-11-29,1091.1240234375,1899345
2022-11-30,1109.1285400390625,2680903
2022-12-01,1094.773681640625,1360439
2022-12-02,1084.506103515625,2586376
2022-12-05,1085.479248046875,1236554
2022-12-06,1079.8831787109375,1180968
2022-12-07,1075.6986083984375,1031921
2022-12-08,1077.8394775390625,808315
2022-12-09,1078.2288818359375,994866
2022-12-12,1067.42626953125,1544297
2022-12-13,1080.17529296875,1282727
2022-12-14,1082.9002685546875,1013627
2022-12-15,1072.2923583984375,710477
2022-12-16,1060.224365234375,1309491
2022-12-19,1067.2802734375,779326
2022-12-20,1061.9276123046875,795748
2022-12-21,1097.79052734375,3224730
2022-12-22,1092.3892822265625,2070809
2022-12-23,1089.1776123046875,2773210
2022-12-26,1067.13427734375,1279529
2022-12-27,1066.5015869140625,1209316
2022-12-28,1056.720703125,872940
2022-12-29,1058.4239501953125,1625961
2022-12-30,1047.134521484375,1185711
2023-01-02,1042.2684326171875,895053
2023-01-03,1047.0858154296875,952230
2023-01-04,1038.3270263671875,1369415
2023-01-05,1059.202392578125,1605744
2023-01-06,1047.5238037109375,824772
2023-01-09,1058.3265380859375,893437
2023-01-10,1049.810791015625,594426
2023-01-11,1019.5437622070312,2168577
2023-01-12,1032.73095703125,1188988
2023-01-13,1039.154052734375,1089004
2023-01-16,1031.222412109375,825308
2023-01-17,1040.4678955078125,762941
2023-01-18,1034.920654296875,1299797
2023-01-19,1036.331787109375,376954
2023-01-20,1025.237060546875,954230
2023-01-23,1034.093505859375,750581
2023-01-24,1033.7042236328125,712627
2023-01-25,1007.5245361328125,2226483
2023-01-27,1019.203125,2947920
2023-01-30,1006.6973266601562,2118395
2023-01-31,990.6879272460938,2705095
2023-02-01,1004.4102783203125,1598213
2023-02-02,997.841064453125,1291262
2023-02-03,994.9213256835938,1617105
2023-02-06,1002.2205810546875,979035
2023-02-07,1003.680419921875,965322
2023-02-08,1011.2714233398438,746863
2023-02-09,994.142822265625,1331902
2023-02-10,1005.5294189453125,1106858
2023-02-13,994.5807495117188,1042379
2023-02-14,1000.809326171875,759416
2023-02-15,1003.1937255859375,662924
2023-02-16,1007.767822265625,667265
2023-02-17,998.2789306640625,1509783
2023-02-20,938.1827392578125,5829572
2023-02-21,940.0805053710938,2042234
2023-02-22,936.7715454101562,1602953
2023-02-23,934.581787109375,1216409
2023-02-24,936.0416259765625,1585383
2023-02-27,924.7522583007812,1377270
2023-02-28,882.1253662109375,5380673
2023-03-01,875.5074462890625,3496231
2023-03-02,862.7096557617188,1887367
2023-03-03,855.1185302734375,1892639
2023-03-06,857.3082885742188,4090356
2023-03-08,853.7559814453125,2933956
2023-03-09,858.1354370117188,6176157
2023-03-10,857.6002197265625,1718841
2023-03-13,851.37158203125,1697362
2023-03-14,848.6952514648438,2444217
2023-03-15,854.437255859375,1286900
2023-03-16,859.7899780273438,2023997
2023-03-17,850.6417236328125,2205087
2023-03-20,843.4885864257812,997827
2023-03-21,839.2550659179688,888443
2023-03-22,840.2769775390625,1622488
2023-03-23,845.82421875,1865868
2023-03-24,853.7559814453125,3166046
2023-03-27,865.4832763671875,3986238
2023-03-28,865.6779174804688,3623017
2023-03-29,863.9260864257812,3049688
2023-03-31,876.38330078125,2320879
2023-04-03,867.57568359375,2623264
2023-04-05,871.7605590820312,1612376
2023-04-06,869.4248657226562,1512783
2023-04-10,877.6971435546875,919722
2023-04-11,882.8552856445312,1778775
2023-04-12,893.3660278320312,3449942
2023-04-13,891.2249145507812,1068355
2023-04-17,882.1739501953125,2604979
2023-04-18,899.497314453125,1949777
2023-04-19,887.47802734375,1538261
2023-04-20,879.7896118164062,4446158
2023-04-21,890.543701171875,3481218
2023-04-24,878.81640625,1784945
2023-04-25,885.288330078125,2440358
2023-04-26,886.699462890625,1400796
2023-04-27,889.4730834960938,2457652
2023-04-28,883.7310791015625,2695819
2023-05-02,893.1226806640625,1857324
2023-05-03,895.9937133789062,2566561
2023-05-04,908.49951171875,3393228
2023-05-05,900.0325317382812,2262141
2023-05-08,908.3048706054688,3877794
2023-05-09,914.0469360351562,2657968
2023-05-10,919.107666015625,1618668
2023-05-11,918.3290405273438,1537103
2023-05-12,912.34375,3850078
2023-05-15,898.0861206054688,5487301
2023-05-16,897.4048461914062,2964696
2023-05-17,899.205322265625,1866976
2023-05-18,890.0083618164062,1881606
2023-05-19,891.7114868164062,1168086
2023-05-22,900.178466796875,1402783
2023-05-23,905.4826049804688,1577827
2023-05-24,912.8790283203125,1034319
2023-05-25,920.1295166015625,2178211
2023-05-26,925.8714599609375,1130476
2023-05-29,930.6402587890625,1744868
2023-05-30,934.1438598632812,1337311
2023-05-31,927.5259399414062,3561991
2023-06-01,938.91259765625,1132919
2023-06-02,939.983154296875,1098485
2023-06-05,948.6934814453125,1469770
2023-06-06,946.01708984375,2079735
2023-06-07,934.7278442382812,1614117
2023-06-08,939.5452270507812,1481632
2023-06-09,943.2921142578125,717024
2023-06-12,934.2412109375,1239721
2023-06-13,955.2140502929688,2158120
2023-06-14,952.4890747070312,1831109
2023-06-15,971.466796875,1804458
2023-06-16,979.1065673828125,1572197
2023-06-19,984.1672973632812,1015057
2023-06-20,984.0699462890625,1413571
2023-06-21,981.8802490234375,1140198
2023-06-22,971.5640258789062,2852669
2023-06-23,962.9025268554688,1776614
2023-06-26,994.5321044921875,2313439
2023-06-27,982.2208251953125,1651238
2023-06-28,982.8534545898438,1653212
2023-06-30,987.7681884765625,1963457
2023-07-03,974.9703369140625,1454455
2023-07-04,984.7511596679688,1112255
2023-07-05,983.7293090820312,748219
2023-07-06,993.8994750976562,1236819
2023-07-07,993.3155517578125,1914093
2023-07-10,989.4713745117188,1142988
2023-07-11,1000.2741088867188,814514
2023-07-12,994.8240356445312,1163653
2023-07-13,993.3641967773438,1419223
2023-07-14,1003.2910766601562,787233
2023-07-17,1004.994140625,1047614
2023-07-18,1003.1937255859375,780402
2023-07-19,1008.059814453125,1069988
2023-07-20,1028.254150390625,1280545
2023-07-21,1029.1370849609375,879139
2023-07-24,1029.1370849609375,936947
2023-07-25,1034.82763671875,599999
2023-07-26,1048.31787109375,1854416
2023-07-27,1149.3232421875,14590950
2023-07-28,1155.5533447265625,4454009
2023-07-31,1152.8062744140625,2221571
2023-08-01,1156.093017578125,1362536
2023-08-02,1146.23291015625,1861901
2023-08-03,1143.8291015625,2574025
2023-08-04,1186.89990234375,8359856
2023-08-07,1200.537353515625,2468250
2023-08-08,1242.52880859375,5064238
2023-08-09,1242.136474609375,2105178
2023-08-10,1235.1705322265625,2102129
2023-08-11,1226.585693359375,1286301
2023-08-14,1212.2615966796875,830936
2023-08-16,1220.0615234375,1665083
2023-08-17,1217.5595703125,1855386
2023-08-18,1213.0465087890625,1292509
2023-08-21,1210.49560546875,1101408
2023-08-22,1197.9373779296875,1379445
2023-08-23,1207.4051513671875,2562635
2023-08-24,1197.44677734375,848018
2023-08-25,1186.5565185546875,887533
2023-08-28,1205.688232421875,1666004
2023-08-29,1206.5220947265625,1209087
2023-08-30,1212.80126953125,1282450
2023-08-31,1233.8460693359375,3103295
2023-09-01,1221.87646484375,1167597
2023-09-04,1215.4501953125,1126182
2023-09-05,1215.54833984375,2179947
2023-09-06,1233.0120849609375,2721714
2023-09-07,1225.702880859375,849621
2023-09-08,1221.091552734375,787710
2023-09-11,1223.7896728515625,1162138
2023-09-12,1216.38232421875,1132283
2023-09-13,1205.295654296875,1627384
2023-09-14,1210.446533203125,1713142
2023-09-15,1212.1634521484375,1938487
2023-09-18,1217.1181640625,1864030
2023-09-20,1216.2841796875,1701959
2023-09-21,1183.6131591796875,1895731
2023-09-22,1163.5003662109375,2796199
2023-09-25,1157.0740966796875,1267600
2023-09-26,1141.670654296875,1056359
2023-09-27,1158.2022705078125,2165043
2023-09-28,1142.0631103515625,1303811
2023-09-29,1163.74560546875,1878381
2023-10-03,1160.458984375,1581125
2023-10-04,1145.0064697265625,999123
2023-10-05,1139.168701171875,1446743
2023-10-06,1141.032958984375,928951
2023-10-09,1137.5989990234375,822110
2023-10-10,1133.233154296875,822199
2023-10-11,1149.8138427734375,1465239
2023-10-12,1136.0291748046875,2533930
2023-10-13,1145.693115234375,940547
2023-10-16,1142.4063720703125,802207
2023-10-17,1151.3345947265625,877856
2023-10-18,1187.7337646484375,7367540
2023-10-19,1200.194091796875,2157683
2023-10-20,1177.5302734375,692067
2023-10-23,1161.4400634765625,957929
2023-10-25,1135.587646484375,1433911
2023-10-26,1129.1124267578125,2016469
2023-10-27,1152.0704345703125,1775011
2023-10-30,1170.90771484375,2853500
2023-10-31,1177.333984375,1720955
2023-11-01,1178.5604248046875,1051902
2023-11-02,1185.6734619140625,1556467
2023-11-03,1183.5640869140625,772013
2023-11-06,1181.3565673828125,1262938
2023-11-07,1193.4732666015625,1210644
2023-11-08,1217.5595703125,1107006
2023-11-09,1214.7635498046875,751433
2023-11-10,1216.6766357421875,576673
2023-11-13,1217.1181640625,689808
2023-11-15,1218.29541015625,1323010
2023-11-16,1211.476806640625,1251094
2023-11-17,1225.801025390625,992848
2023-11-20,1223.54443359375,848916
2023-11-21,1229.5782470703125,594738
2023-11-22,1247.4835205078125,1735497
2023-11-23,1148.5384521484375,7643376
2023-11-24,1176.009521484375,5331201
2023-11-28,1169.779541015625,1691543
2023-11-29,1178.8548583984375,2173427
2023-11-30,1189.4017333984375,3219799
2023-12-01,1182.9263916015625,1078680
2023-12-04,1193.5223388671875,2097408
2023-12-05,1201.3221435546875,2132150
2023-12-06,1182.435791015625,1416770
2023-12-07,1199.7034912109375,1269290
2023-12-08,1196.0732421875,1453955
2023-12-11,1179.5906982421875,1565455
2023-12-12,1176.009521484375,899911
2023-12-13,1193.5223388671875,1809563
2023-12-14,1181.896240234375,1809248
2023-12-15,1184.2999267578125,1976112
2023-12-18,1193.8167724609375,1995091
2023-12-19,1213.7332763671875,1738507
2023-12-20,1212.8502197265625,2484819
2023-12-21,1198.771240234375,1580136
2023-12-22,1212.2615966796875,1969524
2023-12-26,1221.4349365234375,820163
2023-12-27,1216.333251953125,2528609
2023-12-28,1236.9857177734375,2592699
2023-12-29,1222.759521484375,1794218
2024-01-01,1227.3707275390625,343584
2024-01-02,1257.34375,2589484
2024-01-03,1275.5924072265625,2357093
2024-01-04,1272.1585693359375,1248143
2024-01-05,1262.5926513671875,1013196
2024-01-08,1247.7288818359375,740848
2024-01-09,1264.996337890625,1133466
2024-01-10,1304.0936279296875,3625567
2024-01-11,1300.61083984375,1097204
2024-01-12,1283.2940673828125,2051301
2024-01-15,1288.3468017578125,762036
2024-01-16,1277.750732421875,1030845
2024-01-17,1269.5584716796875,2073596
2024-01-18,1297.961669921875,1723297
2024-01-19,1302.8673095703125,1135846
2024-01-23,1382.3863525390625,7556815
2024-01-24,1390.57861328125,1808713
2024-01-25,1343.7796630859375,1801468
2024-01-29,1311.59912109375,2480508
2024-01-30,1292.22216796875,1908926
2024-01-31,1325.48193359375,1723379
2024-02-01,1361.4395751953125,2784507
2024-02-02,1366.34521484375,1161705
2024-02-05,1406.816162109375,2369316
2024-02-06,1398.5255126953125,979752
2024-02-07,1411.574462890625,890299
2024-02-08,1393.374755859375,1447767
2024-02-09,1412.5555419921875,1215784
2024-02-12,1407.6500244140625,453460
2024-02-13,1430.215576171875,981536
2024-02-14,1398.427490234375,1113254
2024-02-15,1395.4842529296875,1402161
2024-02-16,1413.487548828125,857301
2024-02-19,1442.57763671875,888909
2024-02-20,1424.2308349609375,1550412
2024-02-21,1419.9630126953125,1074054
2024-02-22,1425.8497314453125,1582836
2024-02-23,1438.7022705078125,1308103
2024-02-26,1442.0870361328125,898290
2024-02-27,1459.3544921875,1231196
2024-02-28,1449.1019287109375,1083605
2024-02-29,1452.388671875,4923680
2024-03-01,1443.1171875,1982189
2024-03-04,1443.705810546875,1147249
2024-03-05,1445.618896484375,1306046
2024-03-06,1457.1961669921875,1158132
2024-03-07,1455.1358642578125,1569074
2024-03-11,1475.690185546875,2183994
2024-03-12,1438.064453125,1855916
2024-03-13,1443.4605712890625,1720173
2024-03-14,1468.380859375,1748907
2024-03-15,1459.9432373046875,1537072
2024-03-18,1460.335693359375,996530
2024-03-19,1408.58203125,1647925
2024-03-20,1390.627685546875,1728210
2024-03-21,1421.33642578125,1699939
2024-03-22,1453.271728515625,1746930
2024-03-26,1444.441650390625,1635695
2024-03-27,1435.7098388671875,1642266
2024-03-28,1468.6751708984375,2110407
2024-04-01,1470.343017578125,563831
2024-04-02,1461.2677001953125,614238
2024-04-03,1443.705810546875,1465540
2024-04-04,1431.981689453125,1474799
2024-04-05,1422.0233154296875,1211684
2024-04-08,1434.8267822265625,1039235
2024-04-09,1422.9063720703125,1225255
2024-04-10,1396.0728759765625,2493253
2024-04-12,1370.4168701171875,2190583
2024-04-15,1355.3077392578125,1125072
2024-04-16,1349.2247314453125,1433760
2024-04-18,1321.851806640625,2974196
2024-04-19,1320.3310546875,1173025
2024-04-22,1329.2591552734375,974434
2024-04-23,1321.2630615234375,1031497
2024-04-24,1371.790283203125,4415480
2024-04-25,1379.63916015625,2027213
2024-04-26,1382.5335693359375,695034
2024-04-29,1381.4052734375,1082487
2024-04-30,1373.556396484375,1327606
2024-05-02,1393.2276611328125,1540210
2024-05-03,1397.8388671875,804513
2024-05-06,1396.514404296875,929301
2024-05-07,1360.998046875,1085239
2024-05-08,1358.5943603515625,1497782
2024-05-09,1333.1346435546875,1152636
2024-05-10,1314.2481689453125,5080539
2024-05-13,1387.9296875,7910590
2024-05-14,1331.7119140625,3721994
2024-05-15,1380.1297607421875,7893092
2024-05-16,1394.2578125,3226214
2024-05-17,1372.6243896484375,3443452
2024-05-21,1415.0574951171875,2939271
2024-05-22,1454.3018798828125,4216347
2024-05-23,1461.0224609375,4389470
2024-05-24,1458.3734130859375,758326
2024-05-27,1450.7208251953125,1393334
2024-05-28,1451.505615234375,784496
2024-05-29,1465.3394775390625,1607691
2024-05-30,1438.8983154296875,1732140
2024-05-31,1419.86474609375,3270743
2024-06-03,1424.91748046875,1335614
2024-06-04,1434.9249267578125,2049577
2024-06-05,1468.6751708984375,1834280
2024-06-06,1449.1019287109375,1605122
2024-06-07,1468.969482421875,1591055
2024-06-10,1505.2706298828125,2751606
2024-06-11,1501.34619140625,1699446
2024-06-12,1511.843994140625,1578793
2024-06-13,1515.3760986328125,1525789
2024-06-14,1535.1944580078125,1845043
2024-06-18,1545.0548095703125,2068897
2024-06-19,1530.338134765625,1881544
2024-06-20,1515.67041015625,1705002
2024-06-21,1512.4327392578125,2613883
2024-06-24,1475.9844970703125,1283529
2024-06-25,1471.3731689453125,1199626
2024-06-26,1451.1622314453125,1930909
2024-06-27,1452.9283447265625,2792582
2024-06-28,1452.8302001953125,2087765
2024-07-01,1451.1622314453125,1313651
2024-07-02,1460.5318603515625,1191962
2024-07-03,1455.7244873046875,1061247
2024-07-04,1452.7811279296875,1498413
2024-07-05,1481.3804931640625,2188675
2024-07-08,1458.9622802734375,1524489
2024-07-09,1483.489990234375,1791406
2024-07-10,1484.6181640625,671042
2024-07-11,1477.55419921875,1314312
2024-07-12,1483.489990234375,1192685
2024-07-15,1488.5426025390625,1825510
2024-07-16,1481.87109375,963199
2024-07-18,1478.1920166015625,2169744
2024-07-19,1457.44140625,868261
2024-07-22,1461.8563232421875,1328847
2024-07-23,1469.607177734375,1241630
2024-07-24,1475.1014404296875,2266300
2024-07-25,1471.7166748046875,2200932
2024-07-26,1545.2509765625,4687416
2024-07-29,1524.598388671875,3983153
2024-07-30,1500.021728515625,2988651
2024-07-31,1515.130859375,1645138
2024-08-01,1516.994873046875,1529481
2024-08-02,1512.6414794921875,1353707
2024-08-05,1499.0367431640625,1719770
2024-08-06,1515.7086181640625,1775016
2024-08-07,1537.1298828125,1359682
2024-08-08,1553.3564453125,3541556
2024-08-09,1558.105712890625,956684
2024-08-12,1569.4842529296875,1731555
2024-08-13,1566.7137451171875,2281463
2024-08-14,1547.271484375,896638
2024-08-16,1559.44140625,909870
2024-08-19,1558.8477783203125,742635
2024-08-20,1546.33154296875,1413845
2024-08-21,1577.7459716796875,1074905
2024-08-22,1569.0390625,906819
2024-08-23,1557.907958984375,770573
2024-08-26,1577.102783203125,658120
2024-08-27,1581.1595458984375,1570234
2024-08-28,1601.096435546875,1433847
2024-08-29,1601.44287109375,2749546
2024-08-30,1637.40869140625,3296701
2024-09-02,1629.245849609375,1306971
2024-09-03,1635.7265625,1264708
2024-09-04,1634.4403076171875,1019049
2024-09-05,1610.5455322265625,1081756
2024-09-06,1594.0220947265625,913336
2024-09-09,1603.02587890625,1003511
2024-09-10,1614.7506103515625,1248269
2024-09-11,1611.13916015625,1243738
2024-09-12,1639.7337646484375,1728200
2024-09-13,1642.1578369140625,747149
2024-09-16,1641.861083984375,683436
2024-09-17,1654.1300048828125,958137
2024-09-18,1634.1434326171875,1084127
2024-09-19,1620.390380859375,2048750
2024-09-20,1621.3304443359375,2504382
2024-09-23,1640.624267578125,1129445
2024-09-24,1620.2420654296875,1476260
2024-09-25,1625.832275390625,759761
2024-09-26,1604.6585693359375,2613098
2024-09-27,1654.8226318359375,3866952
2024-09-30,1636.6170654296875,1313437
2024-10-01,1647.25341796875,945740
2024-10-03,1639.041259765625,1533472
2024-10-04,1606.1427001953125,2371220
2024-10-07,1607.4783935546875,1553239
2024-10-08,1623.358642578125,1239808
2024-10-09,1662.738037109375,1671718
2024-10-10,1601.7891845703125,2288313
2024-10-11,1578.8837890625,1894245
2024-10-14,1581.55517578125,2301224
2024-10-15,1555.137451171875,2206500
2024-10-16,1545.6883544921875,2519123
2024-10-17,1542.225341796875,1498368
2024-10-18,1535.29931640625,1879293
2024-10-21,1507.644775390625,1297970
2024-10-22,1494.3863525390625,1757792
2024-10-23,1469.89794921875,1925211
2024-10-24,1476.5272216796875,1178365
2024-10-25,1473.1632080078125,1175088
2024-10-28,1487.2625732421875,928896
2024-10-29,1461.93310546875,3475282
2024-10-30,1403.2598876953125,5064434
2024-10-31,1535.348876953125,17447689
2024-11-01,1543.06640625,538362
2024-11-04,1567.8515625,4190449
2024-11-05,1584.276123046875,2238168
2024-11-06,1577.2017822265625,2074821
2024-11-07,1559.490966796875,1512145
2024-11-08,1575.76708984375,1718495
2024-11-11,1536.3878173828125,1725382
2024-11-12,1509.030029296875,2782808
2024-11-13,1489.6866455078125,1552443
2024-11-14,1483.8984375,1469143
2024-11-18,1449.7630615234375,1760344
2024-11-19,1455.99658203125,1116002
2024-11-21,1450.010498046875,1363706
2024-11-22,1470.7884521484375,704859
2024-11-25,1487.4110107421875,2453548
2024-11-26,1476.9229736328125,873585
2024-11-27,1475.389404296875,1676606
2024-11-28,1476.972412109375,4358321
2024-11-29,1517.6875,3256635
2024-12-02,1491.764404296875,5328936
2024-12-03,1517.6875,1951182
2024-12-04,1484.98681640625,2971135
2024-12-05,1482.414306640625,4084059
2024-12-06,1461.78466796875,3768932
2024-12-09,1453.4735107421875,2144057
2024-12-10,1439.8193359375,3397465
2024-12-11,1438.73095703125,2448702
2024-12-12,1430.1229248046875,2651833
2024-12-13,1432.0029296875,1318852
2024-12-16,1433.140625,2076469
2024-12-17,1435.5152587890625,3500888
2024-12-18,1456.8375244140625,2499842
2024-12-19,1490.6265869140625,3426222
2024-12-20,1456.4913330078125,2196991
2024-12-23,1460.448974609375,760728
2024-12-24,1460.152099609375,909994
2024-12-26,1474.7957763671875,1254464
2024-12-27,1490.676025390625,1446303
2024-12-30,1505.3197021484375,1501086
2024-12-31,1512.83935546875,1664122
2025-01-01,1512.938232421875,1578715
2025-01-02,1521.645263671875,1448048
2025-01-03,1495.27685546875,1581838
2025-01-06,1475.63671875,981443
2025-01-07,1481.6226806640625,1045516
2025-01-08,1479.0997314453125,1277871
2025-01-09,1472.470458984375,995821
2025-01-10,1453.275634765625,930723
2025-01-13,1423.9884033203125,873093
2025-01-14,1432.4481201171875,1028726
2025-01-15,1431.90380859375,1126634
2025-01-16,1428.2430419921875,1080833
2025-01-17,1427.0557861328125,658778
2025-01-20,1430.17236328125,738447
2025-01-21,1412.9068603515625,820225
2025-01-22,1424.1864013671875,808605
2025-01-23,1435.8121337890625,1070838
2025-01-24,1396.4822998046875,1615412
2025-01-27,1381.343994140625,1448841
2025-01-28,1405.5849609375,5627159
2025-01-29,1408.8995361328125,3775947
2025-01-30,1442.0455322265625,1773294
2025-01-31,1463.7635498046875,2083385
2025-02-01,1424.2852783203125,1306859
2025-02-03,1405.53564453125,1757831
2025-02-04,1433.734375,1750660
2025-02-05,1421.6138916015625,2516488
2025-02-06,1455.947021484375,2918537
2025-02-07,1456.6890869140625,1445335
2025-02-10,1443.4307861328125,1282801
2025-02-11,1437.791015625,1938792
2025-02-12,1433.8826904296875,1791670
2025-02-13,1456.5902099609375,1879916
2025-02-14,1444.0244140625,1703559
2025-02-17,1459.063720703125,1113888
2025-02-18,1466.4349365234375,967394
2025-02-19,1448.6748046875,1210464
2025-02-20,1464.060302734375,1652209
2025-02-21,1460.152099609375,1413123
2025-02-24,1461.1416015625,1403090
2025-02-25,1447.8831787109375,992994
2025-02-27,1425.9178466796875,1260808
2025-02-28,1392.62353515625,3340343
2025-03-03,1392.6729736328125,854264
2025-03-04,1386.9837646484375,1456530
2025-03-05,1404.7440185546875,2187830
2025-03-06,1446.300048828125,1525159
2025-03-07,1443.034912109375,678497
2025-03-10,1447.28955078125,905854
2025-03-11,1430.46923828125,1231247
2025-03-12,1438.9288330078125,1254797
2025-03-13,1446.448486328125,804032
2025-03-17,1476.823974609375,1329884
2025-03-18,1476.823974609375,0
2025-03-19,1483.3048095703125,1015731
2025-03-20,1496.0684814453125,984355
2025-03-21,1507.7437744140625,2846648
2025-03-24,1507.941650390625,826040
2025-03-25,1495.2274169921875,1092805
2025-03-26,1460.5972900390625,1375794
2025-03-27,1467.2265625,1848444
2025-03-28,1426.9566650390625,1495932
2025-04-01,1428.985107421875,1080262
2025-04-02,1436.9993896484375,1054143
2025-04-03,1479.8912353515625,3488899
2025-04-04,1400.2916259765625,2768438
2025-04-07,1370.064453125,1604721
2025-04-08,1417.4088134765625,1324180
2025-04-09,1400.6378173828125,1701314
2025-04-11,1447.58642578125,2311803
2025-04-15,1466.13818359375,1720323
2025-04-16,1480.5838623046875,1023697
2025-04-17,1499.18505859375,1211601
2025-04-21,1495.12841796875,570266
2025-04-22,1512.0477294921875,954974
2025-04-23,1517.4896240234375,819016
2025-04-24,1535.29931640625,1590469
2025-04-25,1509.7720947265625,1353813
2025-04-28,1538.6634521484375,1207247
2025-04-29,1525.2071533203125,1385331
2025-04-30,1533.71630859375,2315010
2025-05-02,1498.4925537109375,1578868
2025-05-05,1526.5924072265625,786898
2025-05-06,1495.42529296875,1788719
2025-05-07,1492.8529052734375,1424662
2025-05-08,1471.0853271484375,2773328
2025-05-09,1464.357177734375,1042380
2025-05-12,1495.6231689453125,1706217
2025-05-13,1504.0333251953125,4042184
2025-05-14,1479.0008544921875,3417567
2025-05-15,1486.322509765625,3918531
2025-05-16,1484.046875,1660861
2025-05-19,1475.8345947265625,1857648
2025-05-20,1439.02783203125,3573210
2025-05-21,1466.7318115234375,2001251
2025-05-22,1452.978759765625,1804507
2025-05-23,1468.5128173828125,915286
2025-05-26,1468.5128173828125,885022
2025-05-27,1464.8519287109375,881728
2025-05-28,1452.978759765625,1090511
2025-05-29,1461.2900390625,1384536
2025-05-30,1450.208251953125,7040777
2025-06-02,1454.6607666015625,962897
2025-06-03,1457.6290283203125,870331
2025-06-04,1456.3428955078125,1297075
2025-06-05,1474.0537109375,1570159
2025-06-06,1488.3013916015625,861882
2025-06-09,1490.676025390625,689631
2025-06-10,1494.8316650390625,929786
2025-06-11,1505.616455078125,1046396
2025-06-12,1486.916259765625,1199034
2025-06-13,1489.290771484375,874315
2025-06-16,1510.8604736328125,2679763
2025-06-17,1487.60888671875,1334810
2025-06-18,1482.265869140625,1075494
2025-06-19,1468.31494140625,1124204
2025-06-20,1483.8489990234375,1917041
2025-06-23,1483.2552490234375,657381
2025-06-24,1486.5205078125,1351552
2025-06-25,1494.0401611328125,1032762
2025-06-26,1497.800048828125,1440423
2025-06-27,1502.4000244140625,1851991
2025-06-30,1505.9000244140625,1053681
2025-07-01,1515.699951171875,1112637
2025-07-02,1497.5999755859375,1273704
2025-07-03,1508.699951171875,869963
2025-07-04,1513.300048828125,1118483
2025-07-07,1510.5,1061434
2025-07-08,1488.300048828125,2197699
2025-07-09,1491.699951171875,1364142
2025-07-10,1477.800048828125,2178068
2025-07-11,1485.0,920651
2025-07-14,1484.0,1554680
2025-07-15,1490.9000244140625,1203850
2025-07-16,1475.800048828125,1569604
2025-07-17,1482.4000244140625,1349535
2025-07-18,1482.300048828125,1001794
2025-07-21,1473.9000244140625,1198993
2025-07-22,1464.4000244140625,1908949
2025-07-23,1473.5,1268156
2025-07-24,1487.9000244140625,1389152
2025-07-25,1532.5,5226395
2025-07-28,1572.0,3843168
2025-07-29,1574.0,1303888
2025-07-30,1559.4000244140625,1390012
2025-07-31,1554.5999755859375,2457841
2025-08-01,1502.800048828125,2109707
2025-08-04,1515.0999755859375,549494
2025-08-05,1499.800048828125,1156528
2025-08-06,1486.699951171875,1157300
2025-08-07,1491.0,1882304
2025-08-08,1485.800048828125,920270
2025-08-11,1504.800048828125,898160
2025-08-12,1521.5999755859375,910349
2025-08-13,1561.0,1859765
2025-08-14,1564.0,2535958
2025-08-18,1565.199951171875,1783835
2025-08-19,1548.9000244140625,898746
2025-08-20,1546.0999755859375,936556
2025-08-21,1592.800048828125,1698280
2025-08-22,1592.800048828125,1574526
2025-08-25,1601.199951171875,1298471
2025-08-26,1579.800048828125,2332380
2025-08-28,1580.300048828125,1903230
2025-08-29,1589.4000244140625,1342344
2025-09-01,1587.199951171875,783524
2025-09-02,1569.199951171875,1161872
2025-09-03,1578.4000244140625,1160380
2025-09-04,1577.800048828125,614470
2025-09-05,1553.4000244140625,701865
2025-09-08,1541.199951171875,588546
2025-09-09,1551.5999755859375,788242
2025-09-10,1563.800048828125,718311
2025-09-11,1560.800048828125,732911
2025-09-12,1574.5999755859375,785508
2025-09-15,1548.300048828125,758979
2025-09-16,1559.0,471395
2025-09-17,1559.5999755859375,785651
2025-09-18,1578.199951171875,874860
2025-09-19,1575.800048828125,1464121
2025-09-22,1542.199951171875,1257495
2025-09-23,1527.0999755859375,1487350
2025-09-24,1538.0,943785
2025-09-25,1509.699951171875,2502680
2025-09-26,1499.4000244140625,2653841
2025-09-29,1488.0,1778220
2025-09-30,1503.300048828125,1040806
2025-10-01,1513.0,1000285
2025-10-03,1517.699951171875,1070489
2025-10-06,1513.0999755859375,772031
2025-10-07,1513.300048828125,834623
2025-10-08,1494.5999755859375,1068066
2025-10-09,1513.0999755859375,878167
2025-10-10,1561.800048828125,1495524
2025-10-13,1563.5999755859375,671620
2025-10-14,1552.300048828125,1056222
2025-10-15,1558.699951171875,1638237
2025-10-16,1569.4000244140625,989785
2025-10-17,1577.5999755859375,1222051
2025-10-20,1639.0999755859375,3372906
2025-10-21,1663.5999755859375,709223
2025-10-23,1645.0999755859375,2150725
2025-10-24,1584.4000244140625,2941997
2025-10-27,1584.0,1213749
2025-10-28,1568.0999755859375,1489133
2025-10-29,1581.0999755859375,898965
2025-10-30,1540.0999755859375,4053965
2025-10-31,1501.300048828125,3365093
2025-11-03,1511.5,1505905
2025-11-04,1503.300048828125,1590643
2025-11-06,1501.5,1596245
2025-11-07,1505.699951171875,1037508
2025-11-10,1511.5,1143959
2025-11-11,1514.9000244140625,850772
2025-11-12,1519.300048828125,1179131
2025-11-13,1525.800048828125,1217362
2025-11-14,1532.0999755859375,810970
2025-11-17,1535.5999755859375,912322
2025-11-18,1514.5,747913
2025-11-19,1526.800048828125,1171078
2025-11-20,1529.199951171875,896750
2025-11-21,1511.800048828125,1126820
2025-11-24,1504.0,2801854
2025-11-25,1507.5,908386
2025-11-26,1523.800048828125,1087736
2025-11-27,1525.199951171875,810411
2025-11-28,1531.300048828125,991042
2025-12-01,1523.0999755859375,1010599
2025-12-02,1516.5999755859375,1760512
2025-12-03,1508.0,1034323
2025-12-04,1521.0,726473
2025-12-05,1520.800048828125,813485
2025-12-08,1497.5999755859375,1263559
2025-12-09,1490.5999755859375,1646840
2025-12-10,1490.9000244140625,1316274
2025-12-11,1512.300048828125,606130
2025-12-12,1517.4000244140625,1054050
2025-12-15,1508.0,855508
2025-12-16,1499.5999755859375,789492
2025-12-17,1496.9000244140625,1000116
2025-12-18,1498.9000244140625,974170
2025-12-19,1517.0999755859375,769045
2025-12-22,1512.9000244140625,757496
2025-12-23,1500.699951171875,826988
2025-12-24,1496.300048828125,1022767
2025-12-26,1506.0,951555
2025-12-29,1494.0,1077645
2025-12-30,1492.5,1993298
2025-12-31,1511.300048828125,883966
2026-01-01,1500.9000244140625,228078
2026-01-02,1511.5999755859375,964611
2026-01-05,1519.800048828125,1532549
2026-01-06,1530.800048828125,1614326
2026-01-07,1467.9000244140625,5076416
2026-01-08,1460.5999755859375,2651011
2026-01-09,1465.699951171875,1804271
2026-01-12,1465.199951171875,2380033
2026-01-13,1448.300048828125,1909873
2026-01-14,1434.5,1775529
2026-01-15,1434.5,0
2026-01-16,1397.5,4333315
2026-01-19,1392.300048828125,1653550
2026-01-20,1378.4000244140625,2040403
2026-01-21,1369.5999755859375,2306655
2026-01-22,1370.4000244140625,1536604
2026-01-23,1315.0,6590032
2026-01-27,1313.0,4109525
2026-01-28,1328.4000244140625,1535898
2026-01-29,1320.9000244140625,2099306
2026-01-30,1324.0,2157826
2026-02-02,1311.5999755859375,1832963
2026-02-03,1322.800048828125,2711571
2026-02-04,1326.699951171875,1590247
2026-02-05,1333.300048828125,999810
2026-02-06,1330.0,1457970
2026-02-09,1342.5,1936551
2026-02-10,1342.0999755859375,1053439
2026-02-11,1349.9000244140625,830695
2026-02-12,1330.0,1613374
2026-02-13,1331.5,1236946
2026-02-16,1356.4000244140625,1616868
2026-02-17,1343.9000244140625,1413727
2026-02-18,1349.800048828125,1119159
2026-02-19,1328.9000244140625,587384
2026-02-20,1341.0999755859375,1551722
2026-02-23,1326.5,2435610
