date,adj_close,volume
2015-01-01,152.53903198242188,540225
2015-01-02,153.22132873535156,969551
2015-01-05,152.61927795410156,1857013
2015-01-06,152.4989013671875,4644316
2015-01-07,150.39170837402344,2628276
2015-01-08,152.29820251464844,1779075
2015-01-09,150.5321807861328,1442177
2015-01-12,143.6287078857422,3794388
2015-01-13,144.97325134277344,1654914
2015-01-14,145.77601623535156,1186130
2015-01-15,147.88320922851562,2278050
2015-01-16,152.1376495361328,2086327
2015-01-19,152.19790649414062,1720402
2015-01-20,153.4420928955078,1371798
2015-01-21,157.275146484375,2579948
2015-01-22,159.10134887695312,1632779
2015-01-23,158.4190216064453,1892706
2015-01-27,153.5825958251953,2619631
2015-01-28,154.0441436767578,2589117
2015-01-29,150.49205017089844,11218814
2015-01-30,144.8328094482422,14790368
2015-02-02,142.5249786376953,25950717
2015-02-03,143.14706420898438,7690620
2015-02-04,146.9198760986328,15177656
2015-02-05,148.4651336669922,9382752
2015-02-06,146.09710693359375,3576894
2015-02-09,144.75253295898438,2498414
2015-02-10,147.7627716064453,5296191
2015-02-11,149.34815979003906,27184800
2015-02-12,148.0036163330078,4759855
2015-02-13,151.6560516357422,16984215
2015-02-16,151.33493041992188,4307836
2015-02-18,152.65940856933594,5508230
2015-02-19,154.1043701171875,6011878
2015-02-20,153.62269592285156,5970211
2015-02-23,154.20472717285156,4701758
2015-02-24,154.20472717285156,4510109
2015-02-25,155.16799926757812,3296025
2015-02-26,154.26490783691406,10641810
2015-02-27,158.6397705078125,24773100
2015-03-02,158.4391326904297,8425861
2015-03-03,160.81114196777344,5328335
2015-03-04,157.38015747070312,4497793
2015-03-05,154.16098022460938,4971903
2015-03-09,151.3441925048828,4555473
2015-03-10,157.0201416015625,4533632
2015-03-11,156.42710876464844,3136497
2015-03-12,154.47865295410156,2979075
2015-03-13,154.64810180664062,2770431
2015-03-16,154.35157775878906,2446877
2015-03-17,153.25027465820312,2003857
2015-03-18,154.4151153564453,1296884
2015-03-19,154.7539825439453,2412424
2015-03-20,155.9823455810547,2118984
2015-03-23,156.30001831054688,2544068
2015-03-24,156.74481201171875,1960112
2015-03-25,153.25027465820312,1851588
2015-03-26,149.22628784179688,3834991
2015-03-27,147.40489196777344,2344094
2015-03-30,152.19131469726562,2451097
2015-03-31,153.71621704101562,3477225
2015-04-01,153.758544921875,1428949
2015-04-06,152.80551147460938,1248881
2015-04-07,152.3184356689453,1859700
2015-04-08,161.10763549804688,6874570
2015-04-09,163.90325927734375,3309241
2015-04-10,164.77163696289062,3579563
2015-04-13,166.19058227539062,2909461
2015-04-15,163.47970581054688,4149634
2015-04-16,162.50540161132812,2034424
2015-04-17,161.1288299560547,2106426
2015-04-20,157.5919189453125,3400318
2015-04-21,158.5873260498047,1820148
2015-04-22,160.62057495117188,2165103
2015-04-23,162.7595977783203,2812629
2015-04-24,159.3710174560547,2896474
2015-04-27,159.96395874023438,2202533
2015-04-28,157.7401885986328,3455021
2015-04-29,157.12603759765625,2453973
2015-04-30,153.6526641845703,4879254
2015-05-04,156.63890075683594,1970167
2015-05-05,154.35157775878906,2200905
2015-05-06,149.56515502929688,3280440
2015-05-07,152.82672119140625,2921296
2015-05-08,154.05508422851562,2285680
2015-05-11,157.5496063232422,3000387
2015-05-12,156.3848114013672,4880073
2015-05-13,156.27886962890625,2227226
2015-05-14,156.80831909179688,2518413
2015-05-15,155.4105224609375,2370660
2015-05-18,155.07167053222656,1902932
2015-05-19,154.03387451171875,3367308
2015-05-20,153.05966186523438,3619042
2015-05-21,158.29086303710938,3494856
2015-05-22,158.735595703125,1724948
2015-05-25,156.68124389648438,1558758
2015-05-26,158.8414764404297,1825840
2015-05-27,162.25128173828125,2478570
2015-05-28,162.37838745117188,3353352
2015-05-29,165.6399383544922,6003508
2015-06-01,165.95758056640625,2859251
2015-06-02,162.44190979003906,2191899
2015-06-03,164.0303497314453,4210717
2015-06-04,164.5809783935547,2843287
2015-06-05,171.6970977783203,9218970
2015-06-08,169.83335876464844,6610246
2015-06-09,169.98158264160156,3662673
2015-06-10,171.50645446777344,4448352
2015-06-11,169.47328186035156,3080462
2015-06-12,167.7789764404297,3609449
2015-06-15,167.01658630371094,4389850
2015-06-16,168.30845642089844,5719136
2015-06-17,168.6261749267578,4690179
2015-06-18,167.1224365234375,2862686
2015-06-19,166.74122619628906,2788874
2015-06-22,169.30389404296875,3765670
2015-06-23,175.9540252685547,6294096
2015-06-24,174.64093017578125,5522329
2015-06-25,174.23855590820312,6149596
2015-06-26,174.2597198486328,2521061
2015-06-29,172.69247436523438,2017827
2015-06-30,178.4319610595703,9240034
2015-07-01,180.23214721679688,7247029
2015-07-02,179.61795043945312,4018078
2015-07-03,176.84353637695312,2469598
2015-07-06,177.7965545654297,4931673
2015-07-07,181.67234802246094,5529091
2015-07-08,176.69529724121094,5123404
2015-07-09,176.69529724121094,2934615
2015-07-10,177.8813018798828,3748152
2015-07-13,177.8813018798828,2023481
2015-07-14,183.89613342285156,6061876
2015-07-15,184.95506286621094,3890009
2015-07-16,185.65391540527344,2685433
2015-07-17,182.2017364501953,1939162
2015-07-20,180.21095275878906,3351240
2015-07-21,181.56640625,3572121
2015-07-22,183.13363647460938,3028536
2015-07-23,182.7736358642578,3970346
2015-07-24,180.46510314941406,4240548
2015-07-27,179.42739868164062,6244014
2015-07-28,178.2625274658203,4224368
2015-07-29,177.9660186767578,5348695
2015-07-30,178.0507354736328,7044484
2015-07-31,185.9716339111328,5559406
2015-08-03,182.85830688476562,2794167
2015-08-04,187.814208984375,4990892
2015-08-05,185.7386474609375,3410332
2015-08-06,182.7312469482422,4162278
2015-08-07,175.6575469970703,7480783
2015-08-10,172.7983856201172,5571855
2015-08-11,166.33883666992188,8619915
2015-08-12,157.316650390625,14392544
2015-08-13,159.70982360839844,7986914
2015-08-14,159.92164611816406,2980717
2015-08-17,160.89585876464844,2719119
2015-08-18,154.24563598632812,7856857
2015-08-19,150.645263671875,4342672
2015-08-20,148.1885528564453,4973865
2015-08-21,147.6802520751953,3733692
2015-08-24,142.5761260986328,9826523
2015-08-25,149.77694702148438,8086602
2015-08-26,151.7041778564453,4958051
2015-08-27,153.27145385742188,11449981
2015-08-28,151.45005798339844,4320791
2015-08-31,155.17755126953125,4502846
2015-09-01,150.24288940429688,3454778
2015-09-02,145.8588409423828,4050972
2015-09-03,146.26126098632812,3216240
2015-09-04,147.19313049316406,3506413
2015-09-07,142.93617248535156,3456022
2015-09-08,142.89382934570312,5328867
2015-09-09,143.5715789794922,6479310
2015-09-10,143.31739807128906,3799294
2015-09-11,141.4113006591797,1813830
2015-09-14,143.71975708007812,2800185
2015-09-15,143.1903076171875,3505826
2015-09-16,142.93617248535156,8157111
2015-09-18,145.435302734375,6337365
2015-09-21,144.9481658935547,3328761
2015-09-22,137.06964111328125,3776365
2015-09-23,138.84864807128906,3327509
2015-09-24,134.8670196533203,5936377
2015-09-28,130.82186889648438,7962444
2015-09-29,133.59628295898438,7414233
2015-09-30,138.76394653320312,7806132
2015-10-01,139.08160400390625,2815897
2015-10-05,139.67465209960938,3601833
2015-10-06,145.1599578857422,4666670
2015-10-07,146.6636199951172,3319321
2015-10-08,146.6424560546875,2394780
2015-10-09,142.2584228515625,3407835
2015-10-12,141.64427185058594,2260848
2015-10-13,144.16455078125,1960525
2015-10-14,141.79251098632812,1985322
2015-10-15,144.60928344726562,2765986
2015-10-16,143.4232940673828,2787049
2015-10-19,143.08441162109375,1741503
2015-10-20,141.87722778320312,1736696
2015-10-21,142.85145568847656,7302126
2015-10-23,144.82107543945312,2219876
2015-10-26,141.220703125,3866037
2015-10-27,140.75473022460938,3829306
2015-10-28,139.86524963378906,3432045
2015-10-29,136.30718994140625,7634777
2015-10-30,135.5023956298828,3556422
2015-11-02,137.66265869140625,2024779
2015-11-03,138.02264404296875,1681515
2015-11-04,139.97109985351562,2142185
2015-11-05,142.78794860839844,3740920
2015-11-06,144.9481658935547,3849776
2015-11-09,143.84689331054688,2613167
2015-11-10,138.10739135742188,2215348
2015-11-13,143.0420684814453,6657788
2015-11-16,140.09820556640625,4014192
2015-11-17,140.77597045898438,1859904
2015-11-18,141.91958618164062,6900525
2015-11-19,141.34776306152344,3658468
2015-11-20,141.17831420898438,1647969
2015-11-23,140.71243286132812,2979816
2015-11-24,140.79710388183594,4012527
2015-11-26,142.23727416992188,5909688
2015-11-27,142.53379821777344,2109945
2015-11-30,140.01345825195312,4387003
2015-12-01,144.67279052734375,3623167
2015-12-02,143.31739807128906,2168133
2015-12-03,141.8136749267578,1780516
2015-12-04,142.0042724609375,2023873
2015-12-07,138.74273681640625,2915052
2015-12-08,134.6975860595703,3247712
2015-12-09,130.2924041748047,3961414
2015-12-10,131.7113494873047,3494488
2015-12-11,130.35594177246094,1918941
2015-12-14,133.9139404296875,2456429
2015-12-15,133.2362518310547,1937912
2015-12-16,134.18930053710938,2194038
2015-12-17,133.87161254882812,4540387
2015-12-18,133.99871826171875,3328948
2015-12-21,135.2482452392578,2328659
2015-12-22,135.1635284423828,1619130
2015-12-23,136.60369873046875,1438759
2015-12-24,136.5189971923828,1548582
2015-12-28,137.8744354248047,2159124
2015-12-29,136.2859649658203,2318395
2015-12-30,136.43421936035156,2583837
2015-12-31,139.69577026367188,4739203
2016-01-01,141.49603271484375,1001091
2016-01-04,139.86524963378906,1402242
2016-01-05,138.00149536132812,3789711
2016-01-06,138.89100646972656,3950971
2016-01-07,138.2556610107422,2845034
2016-01-08,136.0106964111328,3587538
2016-01-11,133.82925415039062,3136079
2016-01-12,133.85044860839844,2704456
2016-01-13,134.40110778808594,1860750
2016-01-14,134.97288513183594,1469470
2016-01-15,134.93055725097656,1925285
2016-01-18,131.6690216064453,1736472
2016-01-19,130.82186889648438,3268371
2016-01-20,126.28960418701172,3609992
2016-01-21,122.07499694824219,4600455
2016-01-22,126.8402328491211,8008963
2016-01-25,129.1487274169922,3162445
2016-01-27,128.78866577148438,3860574
2016-01-28,129.8688201904297,8121506
2016-01-29,135.5235595703125,4782044
2016-02-01,139.16632080078125,3208370
2016-02-02,135.1000213623047,3045611
2016-02-03,134.37991333007812,4106124
2016-02-04,136.60369873046875,3572599
2016-02-05,138.19210815429688,6271759
2016-02-08,136.96376037597656,2378719
2016-02-09,130.9912872314453,3673347
2016-02-10,132.89736938476562,3126063
2016-02-11,129.23341369628906,4387964
2016-02-12,128.2803955078125,4767172
2016-02-15,137.34490966796875,5228881
2016-02-16,134.65521240234375,2434947
2016-02-17,132.49497985839844,2497160
2016-02-18,134.52818298339844,1809851
2016-02-19,132.26205444335938,3183958
2016-02-22,132.9608917236328,2820180
2016-02-23,127.53913116455078,3468668
2016-02-24,125.06121063232422,2928473
2016-02-25,126.81907653808594,14688967
2016-02-26,131.92318725585938,6359697
2016-02-29,131.73255920410156,6433602
2016-03-01,134.63406372070312,3958446
2016-03-02,131.73255920410156,4195722
2016-03-03,133.04562377929688,4070260
2016-03-04,137.7261505126953,6405159
2016-03-08,137.2602081298828,13626475
2016-03-09,136.60369873046875,6614341
2016-03-10,136.26480102539062,8652210
2016-03-11,135.07882690429688,11276463
2016-03-14,137.48843383789062,9036862
2016-03-15,137.0019073486328,4471379
2016-03-16,137.0019073486328,3600579
2016-03-17,136.35313415527344,3428625
2016-03-18,137.9750213623047,4585864
2016-03-21,137.442138671875,2804720
2016-03-22,136.4226837158203,5604065
2016-03-23,138.09085083007812,2712299
2016-03-28,136.00558471679688,4199915
2016-03-29,136.77015686035156,2231442
2016-03-30,137.55796813964844,3076806
2016-03-31,135.2873077392578,8788685
2016-04-01,132.9935760498047,4021684
2016-04-04,132.0667724609375,3745464
2016-04-05,127.5487060546875,4975193
2016-04-06,127.71086883544922,6518559
2016-04-07,130.3290252685547,3137807
2016-04-08,129.56443786621094,3567115
2016-04-11,129.95835876464844,6696441
2016-04-12,127.15481567382812,9281615
2016-04-13,128.5681610107422,9314286
2016-04-18,127.80355834960938,7530454
2016-04-20,129.12420654296875,8438851
2016-04-21,133.3411102294922,6341547
2016-04-22,133.3642578125,3616133
2016-04-25,133.4337615966797,2987563
2016-04-26,133.59596252441406,1972410
2016-04-27,134.80078125,2654547
2016-04-28,132.08990478515625,5733507
2016-04-29,133.4801025390625,3886257
2016-05-02,133.75816345214844,1741094
2016-05-03,129.3559112548828,4658529
2016-05-04,129.72662353515625,6641861
2016-05-05,130.5839080810547,2845968
2016-05-06,130.63021850585938,3358599
2016-05-09,132.3448028564453,2147251
2016-05-10,132.02041625976562,3178150
2016-05-11,131.51068115234375,4069757
2016-05-12,131.5338592529297,3368917
2016-05-13,130.42169189453125,2846180
2016-05-16,131.07046508789062,4442240
2016-05-17,131.5338592529297,1736009
2016-05-18,131.5802459716797,2782932
2016-05-19,129.88882446289062,1489126
2016-05-20,129.28640747070312,4355684
2016-05-23,129.98147583007812,2035863
2016-05-24,129.54127502441406,2073509
2016-05-25,130.2132110595703,2075737
2016-05-26,130.14369201660156,4619836
2016-05-27,130.35220336914062,4543846
2016-05-30,135.56533813476562,17863356
2016-05-31,135.03245544433594,7041001
2016-06-01,137.72015380859375,5843470
2016-06-02,142.42356872558594,9888554
2016-06-03,143.1649932861328,6459723
2016-06-06,141.70529174804688,5184081
2016-06-07,142.63209533691406,2708323
2016-06-08,142.16868591308594,1673081
2016-06-09,145.04173278808594,2240051
2016-06-10,142.09921264648438,2251748
2016-06-13,142.95648193359375,2418196
2016-06-14,143.11866760253906,2102212
2016-06-15,143.53573608398438,2353608
2016-06-16,142.51625061035156,1665463
2016-06-17,145.13441467285156,3608513
2016-06-20,144.74053955078125,1683234
2016-06-21,145.04173278808594,1174461
2016-06-22,147.1269989013672,2935707
2016-06-23,147.15017700195312,1565312
2016-06-24,144.69422912597656,3080388
2016-06-27,142.77113342285156,1728920
2016-06-28,145.18075561523438,2634505
2016-06-29,144.11497497558594,1902427
2016-06-30,145.04173278808594,3314387
2016-07-01,143.6979522705078,2225864
2016-07-04,147.33555603027344,2699220
2016-07-05,149.1891326904297,2816887
2016-07-07,146.223388671875,3939302
2016-07-08,144.4393310546875,2294810
2016-07-11,148.70254516601562,2536047
2016-07-12,146.91845703125,3413443
2016-07-13,150.16220092773438,3400480
2016-07-14,150.4402618408203,4310790
2016-07-15,147.7526092529297,2109207
2016-07-18,149.050048828125,1986754
2016-07-19,147.7989501953125,1617036
2016-07-20,152.5718536376953,3246139
2016-07-21,154.47178649902344,6355171
2016-07-22,153.59129333496094,2004989
2016-07-25,154.65711975097656,1492185
2016-07-26,151.73776245117188,1692026
2016-07-27,150.85731506347656,1919050
2016-07-28,152.89625549316406,3253199
2016-07-29,151.99264526367188,3182206
2016-08-01,151.2743682861328,1461407
2016-08-02,149.69883728027344,2335301
2016-08-03,151.13534545898438,1603751
2016-08-04,149.9073486328125,1808553
2016-08-05,152.641357421875,2101931
2016-08-08,153.82301330566406,2076712
2016-08-09,156.23265075683594,3267563
2016-08-10,156.6033935546875,3121860
2016-08-11,156.53387451171875,3452229
2016-08-12,156.6033935546875,1889296
2016-08-16,156.53387451171875,2665923
2016-08-17,161.16781616210938,5810868
2016-08-18,157.11312866210938,4975745
2016-08-19,154.8424835205078,9764483
2016-08-22,155.19000244140625,7488064
2016-08-23,156.00096130371094,2257353
2016-08-24,154.7498016357422,7665307
2016-08-25,153.5217742919922,3658893
2016-08-26,154.44859313964844,2682815
2016-08-29,154.7034912109375,1292318
2016-08-30,155.07420349121094,1531387
2016-08-31,154.54129028320312,3834244
2016-09-01,156.62655639648438,2860233
2016-09-02,153.98521423339844,3458571
2016-09-06,152.38653564453125,2989741
2016-09-07,153.3827667236328,2982805
2016-09-08,154.10101318359375,2998354
2016-09-09,153.9388885498047,2194843
2016-09-12,153.12789916992188,2607009
2016-09-14,150.30123901367188,6425242
2016-09-15,150.02320861816406,2277264
2016-09-16,150.3939208984375,4151279
2016-09-19,152.13168334960938,2730095
2016-09-20,152.5718536376953,2955423
2016-09-21,153.3827667236328,3433714
2016-09-22,151.73776245117188,2589917
2016-09-23,152.17796325683594,3605797
2016-09-26,154.0547332763672,3256853
2016-09-27,154.19375610351562,3058963
2016-09-28,152.201171875,1620533
2016-09-29,151.8304443359375,4747212
2016-09-30,149.35128784179688,4445950
2016-10-03,151.9462890625,3104019
2016-10-04,148.7952117919922,5945963
2016-10-05,148.8647003173828,5316324
2016-10-06,147.61358642578125,3130353
2016-10-07,147.72943115234375,2038680
2016-10-10,147.77578735351562,1976384
2016-10-13,146.2001953125,3543786
2016-10-14,145.06491088867188,2066659
2016-10-17,144.23081970214844,5164144
2016-10-18,144.83322143554688,3335691
2016-10-19,144.83322143554688,3410851
2016-10-20,144.8563995361328,1993881
2016-10-21,145.18075561523438,3009896
2016-10-24,148.8647003173828,2802733
2016-10-25,148.12330627441406,2235089
2016-10-26,147.96112060546875,1967319
2016-10-27,146.57093811035156,2363687
2016-10-28,150.509765625,3058160
2016-11-01,152.94256591796875,5375999
2016-11-02,151.96949768066406,3362257
2016-11-03,151.52923583984375,2183816
2016-11-04,146.3856201171875,3382028
2016-11-07,147.96112060546875,2877174
2016-11-08,146.91845703125,1759612
2016-11-09,146.91845703125,4814661
2016-11-10,154.4022674560547,5022605
2016-11-11,150.16220092773438,2674065
2016-11-15,145.34291076660156,3886233
2016-11-16,145.06491088867188,3380097
2016-11-17,142.19187927246094,4774690
2016-11-18,142.12237548828125,2226399
2016-11-21,139.3651885986328,2929466
2016-11-22,140.5931396484375,2497312
2016-11-23,140.8943634033203,1537222
2016-11-24,139.17984008789062,3596361
2016-11-25,140.987060546875,1621974
2016-11-28,141.2882843017578,1677056
2016-11-29,142.91014099121094,3068122
2016-11-30,143.0028076171875,3289134
2016-12-01,141.93704223632812,1906398
2016-12-02,141.72848510742188,3374258
2016-12-05,141.49681091308594,2694582
2016-12-06,141.6590118408203,3262885
2016-12-07,141.47361755371094,1896374
2016-12-08,144.6247100830078,2985532
2016-12-09,142.0065460205078,2583377
2016-12-12,141.47361755371094,1861391
2016-12-13,141.7748260498047,4145409
2016-12-14,135.3105010986328,7916342
2016-12-15,134.45321655273438,2606624
2016-12-16,133.5727996826172,4139183
2016-12-19,133.15573120117188,2396882
2016-12-20,134.66175842285156,2428442
2016-12-21,135.40321350097656,2448452
2016-12-22,133.29473876953125,1586040
2016-12-23,133.38743591308594,1478235
2016-12-26,132.0667724609375,2446568
2016-12-27,133.89715576171875,3419419
2016-12-28,136.7934112548828,3946048
2016-12-29,138.39208984375,7139986
2016-12-30,139.01766967773438,3733367
2017-01-02,139.04083251953125,1729563
2017-01-03,141.47361755371094,1459916
2017-01-04,141.8675079345703,1954806
2017-01-05,142.86376953125,1845973
2017-01-06,141.89065551757812,940177
2017-01-09,139.01766967773438,1947858
2017-01-10,139.295654296875,1455309
2017-01-11,146.8258056640625,7657690
2017-01-12,145.13441467285156,2316891
2017-01-13,145.968505859375,3458448
2017-01-16,145.4124298095703,3866192
2017-01-17,142.2613983154297,3759649
2017-01-18,143.0491485595703,3680888
2017-01-19,142.42356872558594,2434032
2017-01-20,140.73216247558594,3784930
2017-01-23,140.5931396484375,1855848
2017-01-24,143.39669799804688,2508724
2017-01-25,146.9879913330078,5594608
2017-01-27,147.2428436279297,2607499
2017-01-30,145.82955932617188,1713746
2017-01-31,143.28086853027344,17232981
2017-02-01,145.06491088867188,3168177
2017-02-02,148.49403381347656,3723534
2017-02-03,151.13534545898438,3778609
2017-02-06,150.62562561035156,1934568
2017-02-07,145.99168395996094,5669911
2017-02-08,149.09640502929688,4346528
2017-02-09,149.28176879882812,2390829
2017-02-10,150.37074279785156,2168081
2017-02-13,148.70254516601562,4142829
2017-02-14,148.37818908691406,2050709
2017-02-15,148.26229858398438,2649600
2017-02-16,147.4976806640625,2703863
2017-02-17,146.54774475097656,4292500
2017-02-20,148.23916625976562,2429373
2017-02-21,148.10012817382812,1678198
2017-02-22,152.15478515625,3479768
2017-02-23,151.85360717773438,9869639
2017-02-27,152.89625549316406,5619203
2017-02-28,149.1659393310547,5247380
2017-03-01,148.37818908691406,4131446
2017-03-02,148.9342803955078,4008179
2017-03-03,148.8647003173828,2402666
2017-03-06,149.6293182373047,4040938
2017-03-07,149.58297729492188,4787611
2017-03-08,148.37818908691406,4290085
2017-03-09,147.4050750732422,4365909
2017-03-10,146.57093811035156,5243694
2017-03-14,145.2902069091797,9137462
2017-03-15,144.181884765625,6245963
2017-03-16,143.81240844726562,8597054
2017-03-17,142.48239135742188,9065938
2017-03-20,143.73854064941406,7075100
2017-03-21,143.96018981933594,6910712
2017-03-22,143.9109344482422,4830714
2017-03-23,145.7581329345703,11221222
2017-03-24,146.71873474121094,9643952
2017-03-27,143.59075927734375,5001302
2017-03-28,143.0242462158203,5418025
2017-03-29,144.87149047851562,5756051
2017-03-30,142.6055450439453,7141482
2017-03-31,144.1572265625,7016938
2017-04-03,145.31480407714844,3252869
2017-04-05,142.87648010253906,7897483
2017-04-06,141.07850646972656,8564973
2017-04-07,139.84703063964844,11862350
2017-04-10,141.2509307861328,5200102
2017-04-11,142.30999755859375,4064823
2017-04-12,142.85182189941406,4747753
2017-04-13,143.36907958984375,3847263
2017-04-17,140.78298950195312,1515055
2017-04-18,137.5564727783203,4906059
2017-04-19,139.2559051513672,3993645
2017-04-20,137.63038635253906,3833330
2017-04-21,136.44813537597656,3533868
2017-04-24,136.5220489501953,4077534
2017-04-25,137.08851623535156,2431359
2017-04-26,136.27574157714844,2868393
2017-04-27,135.04425048828125,2586925
2017-04-28,136.27574157714844,2235812
2017-05-02,135.24130249023438,2101731
2017-05-03,137.70423889160156,2622769
2017-05-04,138.049072265625,2230934
2017-05-05,137.18704223632812,5125398
2017-05-08,137.48260498046875,1671179
2017-05-09,137.0146484375,2466355
2017-05-10,137.21168518066406,1433509
2017-05-11,135.06886291503906,4892432
2017-05-12,136.25111389160156,2692014
2017-05-15,136.81759643554688,2531633
2017-05-16,135.9309539794922,2258317
2017-05-17,136.12796020507812,2146326
2017-05-18,136.17723083496094,1619249
2017-05-19,136.0787353515625,4250348
2017-05-22,134.89649963378906,1557880
2017-05-23,131.94093322753906,2984399
2017-05-24,128.93612670898438,3021594
2017-05-25,130.7587127685547,4127507
2017-05-26,132.13796997070312,1843278
2017-05-29,131.66998291015625,3299175
2017-05-30,131.8670654296875,4782782
2017-05-31,129.33018493652344,3555129
2017-06-01,130.70944213867188,1289229
2017-06-02,132.4088897705078,2602919
2017-06-05,130.3153839111328,3033579
2017-06-06,129.20703125,1340588
2017-06-07,130.24148559570312,1618299
2017-06-08,129.5026092529297,1404808
2017-06-09,128.81298828125,1744203
2017-06-12,128.2218475341797,1675846
2017-06-13,127.6061019897461,1732288
2017-06-14,126.62093353271484,1887257
2017-06-15,125.21703338623047,3324587
2017-06-16,125.9559555053711,3283821
2017-06-19,125.09387969970703,2412135
2017-06-20,124.89685821533203,1052345
2017-06-21,123.36983489990234,3289233
2017-06-22,121.03002166748047,3230390
2017-06-23,120.63593292236328,3623117
2017-06-27,120.3650131225586,2074212
2017-06-28,121.05461883544922,3526585
2017-06-29,120.75909423828125,2498353
2017-06-30,120.31574249267578,2375289
2017-07-03,122.58164978027344,2347837
2017-07-04,121.54723358154297,1760337
2017-07-05,121.91668701171875,1260907
2017-07-06,123.8624267578125,2797532
2017-07-07,123.69001770019531,1762982
2017-07-10,127.48296356201172,717269
2017-07-11,125.36482238769531,1813885
2017-07-12,124.84756469726562,2640999
2017-07-13,124.94609832763672,2303738
2017-07-14,123.36983489990234,2907464
2017-07-17,121.6703872680664,4445325
2017-07-18,122.40928649902344,5338825
2017-07-19,125.46333312988281,4270908
2017-07-20,125.75891876220703,3923545
2017-07-21,129.231689453125,7715255
2017-07-24,128.83758544921875,3359835
2017-07-25,127.23666381835938,1812135
2017-07-26,128.3942413330078,2199360
2017-07-27,125.73426055908203,1950819
2017-07-28,123.91169738769531,2641938
2017-07-31,122.7048110961914,3580763
2017-08-01,123.8624267578125,5248187
2017-08-02,123.56684112548828,3701093
2017-08-03,119.08424377441406,9661464
2017-08-04,122.75409698486328,6573068
2017-08-07,123.88703918457031,3336900
2017-08-08,120.70983123779297,3335671
2017-08-09,119.4537124633789,1801736
2017-08-10,117.70500946044922,2764860
2017-08-11,116.2026138305664,3335287
2017-08-14,117.31092071533203,3086137
2017-08-16,117.21240234375,7864893
2017-08-17,121.64573669433594,20945037
2017-08-18,119.87239837646484,3442524
2017-08-21,117.45870971679688,6555861
2017-08-22,118.49315643310547,3428907
2017-08-23,118.76410675048828,3693013
2017-08-24,118.86259460449219,3835139
2017-08-28,119.99557495117188,2231233
2017-08-29,117.36019897460938,3051560
2017-08-30,119.1089096069336,3263209
2017-08-31,116.94149780273438,8401866
2017-09-01,117.5572280883789,2197715
2017-09-04,121.42405700683594,8269444
2017-09-05,125.0446548461914,9538135
2017-09-06,126.00521087646484,4237130
2017-09-07,124.77372741699219,5398987
2017-09-08,125.61111450195312,3749501
2017-09-11,126.62093353271484,3525110
2017-09-12,126.86721801757812,3752410
2017-09-13,126.276123046875,3956139
2017-09-14,125.6357421875,5756534
2017-09-15,127.97555541992188,8591867
2017-09-18,130.3153839111328,4114253
2017-09-19,127.35982513427734,5364164
2017-09-20,126.37464904785156,3310089
2017-09-21,125.14315032958984,4473641
2017-09-22,125.02001190185547,5178307
2017-09-25,126.62093353271484,5684406
2017-09-26,128.27113342285156,4587866
2017-09-27,128.49278259277344,5990467
2017-09-28,131.91629028320312,15893278
2017-09-29,133.41868591308594,4839652
2017-10-03,133.9852294921875,2925990
2017-10-04,133.00003051757812,2861280
2017-10-05,134.60093688964844,3173461
2017-10-06,136.30035400390625,7954834
2017-10-09,138.59092712402344,7166260
2017-10-10,140.70909118652344,8451221
2017-10-11,139.37905883789062,17103406
2017-10-12,139.10816955566406,5889501
2017-10-13,141.49722290039062,5084089
2017-10-16,143.19667053222656,5476361
2017-10-17,142.87648010253906,3950516
2017-10-18,142.85182189941406,3633204
2017-10-19,140.78298950195312,543143
2017-10-23,142.77796936035156,13204235
2017-10-24,142.70408630371094,3062378
2017-10-25,142.4331512451172,2442011
2017-10-26,144.50204467773438,8702312
2017-10-27,142.4331512451172,2507100
2017-10-30,142.30999755859375,2210701
2017-10-31,141.10316467285156,2596941
2017-11-01,141.15243530273438,3609151
2017-11-02,143.44296264648438,4090974
2017-11-03,141.15243530273438,4371428
2017-11-06,141.0538787841797,4414386
2017-11-07,140.21646118164062,4584351
2017-11-08,141.89129638671875,13609387
2017-11-09,139.52687072753906,3805782
2017-11-10,140.0687255859375,3527154
2017-11-13,135.43832397460938,5406841
2017-11-14,135.04425048828125,2798791
2017-11-15,134.15762329101562,2600287
2017-11-16,132.18722534179688,2776035
2017-11-17,134.37930297851562,3366492
2017-11-20,137.1131591796875,3090470
2017-11-21,134.87184143066406,2880586
2017-11-22,133.88665771484375,1531611
2017-11-23,133.2216796875,1490892
2017-11-24,133.7388916015625,876297
2017-11-27,133.81277465820312,887044
2017-11-28,135.14279174804688,7236470
2017-11-29,136.10333251953125,5209745
2017-11-30,135.85704040527344,7343947
2017-12-01,134.00982666015625,1987545
2017-12-04,130.98037719726562,2398989
2017-12-05,130.6602020263672,1277351
2017-12-06,130.5863037109375,1779062
2017-12-07,129.4533233642578,1932289
2017-12-08,130.4631805419922,2408884
2017-12-11,132.92611694335938,2354885
2017-12-12,129.74888610839844,2169686
2017-12-13,129.62576293945312,1498753
2017-12-14,129.47799682617188,1822161
2017-12-15,133.49258422851562,9186533
2017-12-18,131.84239196777344,4251230
2017-12-19,131.81777954101562,3864780
2017-12-20,132.72911071777344,3597976
2017-12-21,131.965576171875,2744760
2017-12-22,130.98037719726562,3505383
2017-12-26,129.92132568359375,4580600
2017-12-27,129.33018493652344,6400825
2017-12-28,129.62576293945312,6346822
2017-12-29,129.5272674560547,2800172
2018-01-01,131.34982299804688,3079260
2018-01-02,133.0246124267578,5659389
2018-01-03,133.91131591796875,9240120
2018-01-04,136.84222412109375,6919578
2018-01-05,137.31019592285156,3344950
2018-01-08,141.5957489013672,4891781
2018-01-09,149.77276611328125,27639107
2018-01-10,151.86627197265625,15300218
2018-01-11,151.76779174804688,4703627
2018-01-12,152.2111358642578,5119534
2018-01-15,150.68406677246094,2643125
2018-01-16,143.6400146484375,4069770
2018-01-17,143.31983947753906,4360706
2018-01-18,139.4283447265625,3784420
2018-01-19,139.89630126953125,2574759
2018-01-22,140.41351318359375,3025790
2018-01-23,144.37892150878906,3974425
2018-01-24,145.0931396484375,3073618
2018-01-25,147.4822235107422,6919878
2018-01-29,148.6398162841797,3557035
2018-01-30,150.68406677246094,3085086
2018-01-31,147.55613708496094,5198298
2018-02-01,145.6103973388672,4533542
2018-02-02,143.0242462158203,6393201
2018-02-05,145.21632385253906,7795465
2018-02-06,143.0242462158203,4674661
2018-02-07,146.59556579589844,7223510
2018-02-08,147.77780151367188,3286814
2018-02-09,147.8516845703125,4731060
2018-02-12,148.0979461669922,4512970
2018-02-14,151.20130920410156,5725179
2018-02-15,151.76779174804688,5219503
2018-02-16,149.50186157226562,1931615
2018-02-19,150.43777465820312,2935183
2018-02-20,152.90077209472656,8602002
2018-02-21,152.97462463378906,5399556
2018-02-22,153.46722412109375,7815886
2018-02-23,153.17166137695312,3195456
2018-02-26,154.69873046875,3171308
2018-02-27,152.2111358642578,6667601
2018-02-28,152.2850341796875,3731061
2018-03-01,154.1322479248047,2535090
2018-03-05,150.63482666015625,3593849
2018-03-06,151.2259521484375,3693197
2018-03-07,151.20130920410156,4794848
2018-03-08,150.48704528808594,2236174
2018-03-09,149.77276611328125,2136347
2018-03-12,146.6201629638672,6796993
2018-03-13,145.24095153808594,6306692
2018-03-14,144.37892150878906,4406927
2018-03-15,145.5611114501953,4487868
2018-03-16,145.14373779296875,11016304
2018-03-19,142.0655517578125,3588096
2018-03-20,140.99603271484375,1804554
2018-03-21,141.3351593017578,2739537
2018-03-22,140.55258178710938,3383841
2018-03-23,140.8395233154297,3980861
2018-03-26,142.66554260253906,2277261
2018-03-27,144.1002960205078,1888128
2018-03-28,147.80453491210938,6983849
2018-04-02,144.77854919433594,2520975
2018-04-03,145.53504943847656,1641179
2018-04-04,143.2394256591797,2946453
2018-04-05,144.93505859375,1527043
2018-04-06,143.89158630371094,1527251
2018-04-09,143.1873016357422,1254956
2018-04-10,146.55239868164062,2351145
2018-04-11,147.856689453125,2997141
2018-04-12,146.8654327392578,1342136
2018-04-13,148.6914825439453,1836917
2018-04-16,149.26536560058594,1222199
2018-04-17,150.04795837402344,2999531
2018-04-18,148.74362182617188,1433406
2018-04-19,147.7523651123047,2332176
2018-04-20,152.36961364746094,2436310
2018-04-23,151.1957244873047,1181306
2018-04-24,151.56094360351562,1829965
2018-04-25,151.79576110839844,1612503
2018-04-26,151.71746826171875,2781512
2018-04-27,149.6044921875,2211983
2018-04-30,148.6914825439453,1710033
2018-05-02,146.34368896484375,2440058
2018-05-03,144.49154663085938,2411190
2018-05-04,141.5438232421875,2313612
2018-05-07,139.50909423828125,7181257
2018-05-08,139.90042114257812,3920562
2018-05-09,139.48304748535156,3216449
2018-05-10,140.5264892578125,3974135
2018-05-11,141.38729858398438,1778138
2018-05-14,140.8916778564453,2415819
2018-05-15,137.47439575195312,3867561
2018-05-16,137.47439575195312,2942029
2018-05-17,141.648193359375,3850511
2018-05-18,139.1960906982422,1855482
2018-05-21,140.99603271484375,1798554
2018-05-22,145.58718872070312,3295864
2018-05-23,144.1002960205078,2640683
2018-05-24,146.13502502441406,2006694
2018-05-25,143.7872314453125,4274746
2018-05-28,148.58714294433594,3113235
2018-05-29,147.30892944335938,5934011
2018-05-30,150.80442810058594,9094869
2018-05-31,154.5608367919922,11797649
2018-06-01,153.7261199951172,3034848
2018-06-04,152.65655517578125,1557911
2018-06-05,148.8218994140625,2305088
2018-06-06,151.63922119140625,5630857
2018-06-07,150.72613525390625,2392349
2018-06-08,151.2479248046875,2039196
2018-06-11,150.20445251464844,1745576
2018-06-12,147.93495178222656,2079573
2018-06-13,148.1697235107422,2546696
2018-06-14,147.7523651123047,1535853
2018-06-15,145.58718872070312,4279134
2018-06-18,143.0568389892578,2113771
2018-06-19,142.40467834472656,1987334
2018-06-20,141.17861938476562,3006367
2018-06-21,139.66563415527344,2506852
2018-06-22,138.17872619628906,2527709
2018-06-25,135.1266326904297,4317400
2018-06-26,138.33523559570312,10472162
2018-06-27,138.72653198242188,4723986
2018-06-28,135.98748779296875,4384958
2018-06-29,137.91786193847656,1958214
2018-07-02,135.93528747558594,4878924
2018-07-03,136.0918426513672,2691217
2018-07-04,137.91786193847656,3032831
2018-07-05,141.0220947265625,3044656
2018-07-06,141.49166870117188,2709932
2018-07-09,141.46560668945312,2201363
2018-07-10,145.27418518066406,3000636
2018-07-11,138.15264892578125,4356413
2018-07-12,138.38742065429688,3818705
2018-07-13,139.7177734375,3573660
2018-07-16,136.2483367919922,1565561
2018-07-17,138.12652587890625,2595243
2018-07-18,136.77003479003906,4114829
2018-07-19,136.27442932128906,2026082
2018-07-20,137.47439575195312,1742907
2018-07-23,136.5352783203125,1628803
2018-07-24,139.11782836914062,1788316
2018-07-25,138.0743408203125,1739791
2018-07-26,138.3091583251953,5067703
2018-07-27,136.77003479003906,1894632
2018-07-30,136.9526824951172,2942350
2018-07-31,136.22227478027344,2740402
2018-08-01,141.20472717285156,5612544
2018-08-02,142.7177276611328,4956127
2018-08-03,145.69154357910156,4085402
2018-08-06,147.7262725830078,3484913
2018-08-07,143.6829071044922,7450244
2018-08-08,143.99594116210938,2520870
2018-08-09,146.13502502441406,2927225
2018-08-10,143.89158630371094,3772563
2018-08-13,145.58718872070312,11139623
2018-08-14,147.4654083251953,4627652
2018-08-16,147.49148559570312,5176282
2018-08-17,146.81326293945312,2099688
2018-08-20,148.19580078125,3933773
2018-08-21,152.03050231933594,9141975
2018-08-23,150.80442810058594,2519637
2018-08-24,151.82183837890625,2713583
2018-08-27,152.9435272216797,2254135
2018-08-28,153.75221252441406,5513680
2018-08-29,149.3697052001953,4002186
2018-08-30,149.0044708251953,3861403
2018-08-31,149.18711853027344,3716997
2018-09-03,150.0740203857422,1649749
2018-09-04,145.87413024902344,2288405
2018-09-05,144.83070373535156,3826466
2018-09-06,147.9871368408203,2999616
2018-09-07,149.50015258789062,2997117
2018-09-10,145.87413024902344,1481435
2018-09-11,147.70018005371094,4990180
2018-09-12,146.8915252685547,2444610
2018-09-14,144.7002716064453,2742349
2018-09-17,143.44815063476562,2919286
2018-09-18,142.53514099121094,6420009
2018-09-19,146.42196655273438,4919007
2018-09-21,143.60464477539062,6865912
2018-09-24,146.682861328125,3100325
2018-09-25,143.60464477539062,3583776
2018-09-26,142.1959686279297,2300500
2018-09-27,144.12640380859375,8043170
2018-09-28,138.90914916992188,5726123
2018-10-01,142.32644653320312,2087868
2018-10-03,144.3872528076172,2987093
2018-10-04,142.5872802734375,3688374
2018-10-05,137.21353149414062,4049564
2018-10-08,139.7699737548828,3474214
2018-10-09,142.9264373779297,4336163
2018-10-10,142.27423095703125,3200859
2018-10-11,139.0917510986328,3417428
2018-10-12,145.35244750976562,2924606
2018-10-15,143.81333923339844,1601283
2018-10-16,144.2046356201172,1333617
2018-10-17,146.03067016601562,3081043
2018-10-19,143.55247497558594,3796642
2018-10-22,143.73504638671875,2396693
2018-10-23,144.7002716064453,2496068
2018-10-24,144.64810180664062,4457722
2018-10-25,147.2306365966797,4386393
2018-10-26,146.65675354003906,3061111
2018-10-29,149.94363403320312,2467759
2018-10-30,143.91769409179688,2757658
2018-10-31,138.85694885253906,17306128
2018-11-01,136.22227478027344,10473803
2018-11-02,136.45700073242188,38131025
2018-11-05,137.91786193847656,4885178
2018-11-06,138.72653198242188,3082375
2018-11-07,139.2743377685547,791919
2018-11-09,140.05694580078125,10993780
2018-11-12,137.68307495117188,4675510
2018-11-13,138.54391479492188,6900299
2018-11-14,138.6482696533203,2565400
2018-11-15,137.29177856445312,1915858
2018-11-16,137.55264282226562,3068376
2018-11-19,137.81349182128906,3190105
2018-11-20,136.4048614501953,4253683
2018-11-21,136.14398193359375,4772956
2018-11-22,133.9005584716797,2679794
2018-11-26,130.82241821289062,9857080
2018-11-27,131.42239379882812,4368734
2018-11-28,129.3094024658203,8248590
2018-11-29,128.81373596191406,18393945
2018-11-30,127.77030181884766,12789209
2018-12-03,129.90940856933594,6676768
2018-12-04,131.60499572753906,4526954
2018-12-05,127.97899627685547,3578109
2018-12-06,125.52690124511719,4379973
2018-12-07,123.51827239990234,6098755
2018-12-10,124.24864196777344,17424227
2018-12-11,126.30950164794922,8502316
2018-12-12,128.86593627929688,9121577
2018-12-13,127.58769989013672,6797383
2018-12-14,128.94418334960938,7521713
2018-12-17,131.18760681152344,9686146
2018-12-18,131.3963165283203,6477964
2018-12-19,130.9528350830078,5294565
2018-12-20,130.71803283691406,8601671
2018-12-21,131.8658447265625,12802364
2018-12-24,129.544189453125,4368190
2018-12-26,128.89207458496094,5069728
2018-12-27,130.5354461669922,26011475
2018-12-28,130.18621826171875,10583895
2018-12-31,129.3533935546875,3549194
2019-01-01,129.75637817382812,2227003
2019-01-02,127.17733764648438,3897893
2019-01-03,126.26396942138672,5664136
2019-01-04,127.0699462890625,2885669
2019-01-07,125.99531555175781,7347326
2019-01-08,125.3505859375,4206563
2019-01-09,125.0013198852539,2954253
2019-01-10,125.18938446044922,2292058
2019-01-11,124.7863998413086,2446815
2019-01-14,124.06105041503906,2273231
2019-01-15,125.0013198852539,2323323
2019-01-16,124.6789321899414,2050899
2019-01-17,124.6789321899414,3220136
2019-01-18,123.57752227783203,2944908
2019-01-21,123.04022979736328,1904575
2019-01-22,122.36859130859375,4564028
2019-01-23,121.18653106689453,2328748
2019-01-24,120.2731704711914,2838220
2019-01-25,118.71497344970703,3432012
2019-01-28,120.99846649169922,3917992
2019-01-29,119.57465362548828,3850399
2019-01-30,120.99846649169922,7349253
2019-01-31,120.7029800415039,15389786
2019-02-01,119.92391204833984,2820146
2019-02-04,119.3328857421875,3417620
2019-02-05,116.27030944824219,5557034
2019-02-06,118.17770385742188,3707342
2019-02-07,120.46121215820312,3111207
2019-02-08,117.47921752929688,2962142
2019-02-11,117.55982971191406,4580373
2019-02-12,119.84332275390625,7857592
2019-02-14,116.70013427734375,14953813
2019-02-15,118.17770385742188,11511255
2019-02-18,115.59866333007812,3651021
2019-02-19,115.1151351928711,5288764
2019-02-20,115.4912338256836,6637981
2019-02-21,114.81961822509766,4081685
2019-02-22,115.4912338256836,5229408
2019-02-25,115.16888427734375,9386982
2019-02-26,118.28516387939453,11886116
2019-02-27,118.98365020751953,8604781
2019-02-28,122.66407775878906,32625237
2019-03-01,125.0013198852539,9526492
2019-03-05,129.56832885742188,9391114
2019-03-06,130.427978515625,9535153
2019-03-07,126.26396942138672,7181084
2019-03-08,126.21023559570312,12803612
2019-03-11,130.77723693847656,19931174
2019-03-12,130.5354461669922,9766818
2019-03-13,128.22511291503906,17949230
2019-03-14,130.6697540283203,13627811
2019-03-15,131.28765869140625,16465364
2019-03-18,131.20706176757812,5518089
2019-03-19,130.50857543945312,10839789
2019-03-20,127.33855438232422,20268896
2019-03-22,127.77926635742188,14139706
2019-03-25,130.67144775390625,7458064
2019-03-26,130.2582550048828,7475564
2019-03-27,129.15647888183594,4777913
2019-03-28,130.06549072265625,20584925
2019-04-01,130.23074340820312,13985622
2019-04-02,130.23074340820312,7356923
2019-04-03,128.9636993408203,5120392
2019-04-04,129.34934997558594,3948463
2019-04-05,129.29421997070312,3044309
2019-04-08,128.3301544189453,4374595
2019-04-09,131.33251953125,9383394
2019-04-10,132.24148559570312,8657560
2019-04-11,132.73728942871094,3347291
2019-04-12,132.65463256835938,3442878
2019-04-15,137.7228546142578,15659370
2019-04-16,138.60430908203125,71315879
2019-04-18,138.5216522216797,7981706
2019-04-22,138.85220336914062,4703770
2019-04-23,140.7527618408203,7446838
2019-04-24,139.92640686035156,14221692
2019-04-25,138.63182067871094,20305140
2019-04-26,137.99832153320312,2428140
2019-04-30,138.9072723388672,6190464
2019-05-02,139.0174560546875,5411707
2019-05-03,138.87973022460938,5010129
2019-05-06,138.46656799316406,3270067
2019-05-07,137.06178283691406,4320204
2019-05-08,137.22705078125,4215463
2019-05-09,133.48101806640625,6993406
2019-05-10,132.90255737304688,5294698
2019-05-13,133.37081909179688,3539800
2019-05-14,133.20556640625,3301180
2019-05-15,129.5146026611328,5134147
2019-05-16,127.88944244384766,4788978
2019-05-17,130.09300231933594,7517604
2019-05-20,130.94691467285156,6976701
2019-05-21,130.67144775390625,5817365
2019-05-22,132.90255737304688,3916767
2019-05-23,134.50013732910156,4979182
2019-05-24,134.91331481933594,2407824
2019-05-27,134.47259521484375,1947123
2019-05-28,138.10848999023438,13294021
2019-05-29,138.10848999023438,3325742
2019-05-30,139.34800720214844,16592348
2019-05-31,139.6510009765625,22235393
2019-06-03,143.72755432128906,6895062
2019-06-04,145.10479736328125,6111033
2019-06-06,148.27243041992188,11211307
2019-06-07,146.28921508789062,4860923
2019-06-10,142.8461456298828,4916941
2019-06-11,142.54315185546875,4303321
2019-06-12,141.57911682128906,3093642
2019-06-13,140.807861328125,3433631
2019-06-14,140.5599365234375,2805760
2019-06-17,140.64259338378906,5008880
2019-06-18,143.42457580566406,4171426
2019-06-19,141.60662841796875,2982858
2019-06-20,143.42457580566406,3042607
2019-06-21,140.06411743164062,20185830
2019-06-24,141.44137573242188,2633348
2019-06-25,142.32281494140625,2590646
2019-06-26,143.39703369140625,4030718
2019-06-27,142.9011993408203,13174124
2019-06-28,139.81625366210938,4626498
2019-07-01,137.3096923828125,4839632
2019-07-02,139.21026611328125,3955456
2019-07-03,138.24623107910156,2828456
2019-07-04,138.32884216308594,2555817
2019-07-05,133.2606201171875,4271783
2019-07-08,128.02716064453125,4588708
2019-07-09,126.48464965820312,9158261
2019-07-10,128.55052185058594,5900374
2019-07-11,129.40438842773438,4033341
2019-07-12,127.39364624023438,6741721
2019-07-15,126.92537689208984,3265924
2019-07-16,128.2475128173828,3739400
2019-07-17,126.70503997802734,5404435
2019-07-18,121.36136627197266,8729774
2019-07-19,122.24279022216797,19100281
2019-07-22,121.96739959716797,5607789
2019-07-23,120.12186431884766,4983571
2019-07-24,119.4608154296875,4877895
2019-07-25,115.16384887695312,19251346
2019-07-26,116.04528045654297,10490177
2019-07-29,113.15310668945312,11715160
2019-07-30,109.93038177490234,10527314
2019-07-31,112.62975311279297,10992207
2019-08-01,111.5279769897461,6018424
2019-08-02,108.63577270507812,6376599
2019-08-05,110.50882720947266,8942376
2019-08-06,112.98784637451172,12536563
2019-08-07,113.53875732421875,9270695
2019-08-08,116.70635223388672,8622272
2019-08-09,114.36505889892578,7027377
2019-08-13,112.24411010742188,6907370
2019-08-14,110.45372772216797,16687905
2019-08-16,111.25251770019531,12556891
2019-08-19,109.599853515625,5848151
2019-08-20,107.589111328125,7496337
2019-08-21,104.00831604003906,10788976
2019-08-22,99.62873840332031,13370852
2019-08-23,103.56758880615234,11447263
2019-08-26,103.98076629638672,8851543
2019-08-27,105.68852996826172,11357212
2019-08-28,101.94246673583984,10791130
2019-08-29,104.11846923828125,31069292
2019-08-30,101.77718353271484,11880019
2019-09-03,99.73888397216797,7054535
2019-09-04,100.34487915039062,6030798
2019-09-05,107.3412094116211,29083353
2019-09-06,109.40703582763672,16095238
2019-09-09,109.82022094726562,5382211
2019-09-11,108.3603515625,8755389
2019-09-12,108.9112319946289,6446408
2019-09-13,109.18668365478516,6979583
2019-09-16,110.48128509521484,3961273
2019-09-17,108.85614776611328,5885854
2019-09-18,105.96398162841797,5488038
2019-09-19,106.5699462890625,7916117
2019-09-20,110.20582580566406,30567231
2019-09-23,111.66569519042969,9396444
2019-09-24,109.15914154052734,9662821
2019-09-25,106.10169219970703,6873148
2019-09-26,111.99623107910156,20274950
2019-09-27,109.82022094726562,10240429
2019-09-30,110.09565734863281,7578946
2019-10-01,106.92803955078125,10416295
2019-10-03,102.87898254394531,12270678
2019-10-04,102.35562133789062,12238072
2019-10-07,101.58438110351562,6160378
2019-10-09,102.10771179199219,5808768
2019-10-10,101.6670150756836,4047661
2019-10-11,104.14603424072266,7104915
2019-10-14,104.72444915771484,6340044
2019-10-15,105.30287170410156,5459056
2019-10-16,107.17591094970703,7396404
2019-10-17,109.84773254394531,6611768
2019-10-18,113.45606994628906,12709671
2019-10-22,115.02613067626953,9795154
2019-10-23,115.02613067626953,7137614
2019-10-24,113.04291534423828,8470734
2019-10-25,113.4010238647461,5368529
2019-10-27,111.7483139038086,755584
2019-10-29,115.54948425292969,6925785
2019-10-30,113.62134552001953,4487164
2019-10-31,114.3375244140625,6655719
2019-11-01,114.089599609375,7118433
2019-11-04,118.44164276123047,8489492
2019-11-05,116.32072448730469,12681517
2019-11-06,117.00936126708984,4344694
2019-11-07,117.06443786621094,3529240
2019-11-08,115.2740249633789,6324778
2019-11-11,115.60456848144531,3485203
2019-11-13,114.17225646972656,12228149
2019-11-14,111.47288513183594,4889669
2019-11-15,110.81182098388672,4544919
2019-11-18,110.34358215332031,5894876
2019-11-19,109.95793151855469,3836452
2019-11-20,111.85851287841797,4456738
2019-11-21,108.30525970458984,4650473
2019-11-22,109.6274185180664,4335573
2019-11-25,110.56390380859375,3884393
2019-11-26,108.93878173828125,8027053
2019-11-27,110.72917175292969,4378518
2019-11-28,113.4010238647461,7855291
2019-11-29,113.07046508789062,5422867
2019-12-02,113.4010238647461,3284647
2019-12-03,113.26325988769531,2619997
2019-12-04,111.6932373046875,5343182
2019-12-05,108.19508361816406,6745934
2019-12-06,105.77115631103516,5644775
2019-12-09,105.57835388183594,3992473
2019-12-10,103.12687683105469,4431410
2019-12-11,103.09932708740234,8520046
2019-12-12,104.75198364257812,8081188
2019-12-13,108.11243438720703,5851149
2019-12-16,106.10169219970703,3154315
2019-12-17,108.08489990234375,3652710
2019-12-18,108.93878173828125,3623918
2019-12-19,108.47052764892578,2015809
2019-12-20,110.6189956665039,5806708
2019-12-23,108.66333770751953,6665480
2019-12-24,109.599853515625,3113553
2019-12-26,108.69090270996094,8630191
2019-12-27,112.10641479492188,5046833
2019-12-30,113.37347412109375,4696784
2019-12-31,116.430908203125,10534842
2020-01-01,116.76144409179688,6447592
2020-01-02,116.2931900024414,5958343
2020-01-03,116.70635223388672,6452638
2020-01-06,113.31835174560547,6853058
2020-01-07,113.31835174560547,5243225
2020-01-08,110.2884750366211,7295998
2020-01-09,109.07649993896484,10321169
2020-01-10,113.09799194335938,13533598
2020-01-13,116.54108428955078,9863555
2020-01-14,117.31233978271484,5417581
2020-01-15,117.03688049316406,4863227
2020-01-16,115.8249282836914,6937929
2020-01-17,114.53033447265625,5985342
2020-01-20,110.81182098388672,8110607
2020-01-21,111.36271667480469,6347967
2020-01-22,105.71605682373047,19096395
2020-01-23,105.0825424194336,16369722
2020-01-24,106.84539031982422,10626281
2020-01-27,106.51488494873047,7195361
2020-01-28,104.20110321044922,10274562
2020-01-29,105.24783325195312,10602818
2020-01-30,103.54004669189453,10859103
2020-01-31,100.09696197509766,35281395
2020-02-03,98.41674041748047,15284598
2020-02-04,100.53768157958984,10043759
2020-02-05,98.74728393554688,9468632
2020-02-06,99.1329116821289,6917941
2020-02-07,101.94246673583984,13470302
2020-02-10,98.52694702148438,19665611
2020-02-11,98.80237579345703,16397703
2020-02-12,99.32572937011719,14669421
2020-02-13,97.94850158691406,11781999
2020-02-14,96.26828002929688,15392705
2020-02-17,92.46711730957031,15997350
2020-02-18,94.6706771850586,27643844
2020-02-19,97.92093658447266,21092109
2020-02-20,98.80237579345703,16776977
2020-02-24,96.32337188720703,9952676
2020-02-25,96.4610824584961,13534936
2020-02-26,95.74491882324219,10925243
2020-02-27,95.91020202636719,11500515
2020-02-28,92.77010345458984,14694382
2020-03-02,93.29347229003906,11962711
2020-03-03,98.1688461303711,17015816
2020-03-04,98.11378479003906,9858330
2020-03-05,97.5904541015625,12349902
2020-03-06,92.96293640136719,10629291
2020-03-09,87.0133056640625,23967899
2020-03-11,92.54974365234375,28399797
2020-03-12,85.1402587890625,33250878
2020-03-13,84.89237213134766,43328010
2020-03-16,79.27326965332031,23542677
2020-03-17,80.37505340576172,18989633
2020-03-18,79.90679168701172,18737193
2020-03-19,74.2013168334961,28547877
2020-03-20,79.75666046142578,24022133
2020-03-23,76.7838134765625,17884315
2020-03-24,76.7838134765625,9991023
2020-03-25,74.77188110351562,8339454
2020-03-26,74.0211410522461,28364001
2020-03-27,79.09602355957031,18332679
2020-03-30,79.96684265136719,12357349
2020-03-31,84.11084747314453,14997503
2020-04-01,83.75050354003906,8833033
2020-04-03,82.7295150756836,10936160
2020-04-07,84.17090606689453,8203204
2020-04-08,82.48927307128906,7070293
2020-04-09,84.56129455566406,5078557
2020-04-13,87.62421417236328,10691543
2020-04-15,88.19477081298828,10487965
2020-04-16,88.52509307861328,9736774
2020-04-17,89.33589172363281,7093925
2020-04-20,86.60324096679688,7139688
2020-04-21,83.48023223876953,6501336
2020-04-22,84.501220703125,5604252
2020-04-23,84.62133026123047,7553183
2020-04-24,82.27909088134766,11701166
2020-04-27,82.93971252441406,4238903
2020-04-28,81.31816101074219,7064210
2020-04-29,83.9907455444336,7399346
2020-04-30,89.18572998046875,13145052
2020-05-04,85.4621353149414,8356099
2020-05-05,82.87965393066406,11879416
2020-05-06,80.32720184326172,10427774
2020-05-07,78.5555191040039,10860354
2020-05-08,77.47447967529297,7096898
2020-05-11,77.1441421508789,6657844
2020-05-12,76.18321990966797,8128169
2020-05-13,78.43539428710938,11135898
2020-05-14,77.2642593383789,5663178
2020-05-15,77.83480834960938,6296826
2020-05-18,73.09025573730469,24334121
2020-05-19,74.23135375976562,9537927
2020-05-20,74.0211410522461,8087994
2020-05-21,74.77188110351562,6187181
2020-05-22,75.1922607421875,7128048
2020-05-26,76.42347717285156,6182999
2020-05-27,78.5555191040039,6084254
2020-05-28,80.41729736328125,7882781
2020-05-29,84.86156463623047,16208002
2020-06-01,89.21573638916016,21204876
2020-06-02,86.12277221679688,16679738
2020-06-03,85.101806640625,11560484
2020-06-04,84.23094940185547,6295232
2020-06-05,86.99362182617188,11872471
2020-06-08,88.10466766357422,11258686
2020-06-09,86.66329956054688,6957064
2020-06-10,84.501220703125,8914993
2020-06-11,82.6994857788086,9259185
2020-06-12,80.86771392822266,8424817
2020-06-15,79.33625793457031,8217803
2020-06-16,78.76570129394531,7130557
2020-06-17,77.7447280883789,9071758
2020-06-18,82.63943481445312,34586616
2020-06-19,82.4292221069336,17468335
2020-06-22,86.2729263305664,19716275
2020-06-23,86.3930435180664,10955603
2020-06-24,85.01171112060547,10639459
2020-06-25,84.32102966308594,33546602
2020-06-26,85.34202575683594,8095985
2020-06-29,80.98786163330078,14575190
2020-06-30,79.78668975830078,9576074
2020-07-01,80.38727569580078,8412734
2020-07-02,80.23714447021484,7744251
2020-07-03,81.22808074951172,9092987
2020-07-06,81.58843231201172,9489759
2020-07-07,79.78668975830078,9903888
2020-07-08,79.78668975830078,12308795
2020-07-09,78.31526947021484,19347175
2020-07-10,78.79574584960938,17079028
2020-07-13,78.37532043457031,7748516
2020-07-14,77.02401733398438,7234601
2020-07-15,76.87388610839844,7037060
2020-07-16,75.7628173828125,11776854
2020-07-17,78.43539428710938,11331564
2020-07-20,79.87678527832031,16601999
2020-07-21,79.93685150146484,10375549
2020-07-22,80.53742218017578,14123342
2020-07-23,80.14703369140625,5534003
2020-07-24,79.03597259521484,8426361
2020-07-27,78.0450210571289,5361430
2020-07-28,78.34529113769531,5274135
2020-07-29,78.79574584960938,5729989
2020-07-30,77.23423767089844,5755341
2020-07-31,77.62459564208984,5309957
2020-08-03,77.11412811279297,4101202
2020-08-04,77.32433319091797,8225015
2020-08-05,77.1441421508789,6357451
2020-08-06,77.38438415527344,7904721
2020-08-07,77.92491149902344,6553466
2020-08-10,77.62459564208984,7123506
2020-08-11,78.13510131835938,5667893
2020-08-12,77.29429626464844,10656110
2020-08-13,77.44441986083984,7332156
2020-08-14,79.18610382080078,23946105
2020-08-17,81.67852783203125,23263111
2020-08-18,82.06887817382812,14886444
2020-08-19,81.13800048828125,7439983
2020-08-20,83.17994689941406,16864753
2020-08-21,83.780517578125,18104009
2020-08-24,83.960693359375,7621483
2020-08-25,84.35106658935547,8785149
2020-08-26,85.25193786621094,20083642
2020-08-27,84.41114044189453,9356533
2020-08-28,83.5102767944336,9056278
2020-08-31,80.68756103515625,18667357
2020-09-01,80.14703369140625,10566870
2020-09-02,81.85868835449219,16748685
2020-09-03,81.49832916259766,17375778
2020-09-04,79.54645538330078,9952446
2020-09-07,79.24617004394531,8781574
2020-09-08,78.0450210571289,7292289
2020-09-09,76.2432861328125,13115790
2020-09-10,76.06310272216797,12007280
2020-09-11,75.13220977783203,12588367
2020-09-14,75.04214477539062,12397073
2020-09-15,74.5316390991211,11537811
2020-09-16,74.3814926147461,8007948
2020-09-17,74.65176391601562,13049746
2020-09-18,74.26138305664062,14611915
2020-09-21,73.06023406982422,9573596
2020-09-22,71.79901123046875,10042777
2020-09-23,72.69987487792969,9281239
2020-09-24,69.48677825927734,15979042
2020-09-25,70.32759094238281,15988801
2020-09-28,72.06927490234375,9441818
2020-09-29,70.65792083740234,12065137
2020-09-30,69.66696166992188,14036702
2020-10-01,70.41768646240234,9963165
2020-10-05,71.10833740234375,8141288
2020-10-06,70.14743041992188,11221801
2020-10-07,68.7360610961914,11939558
2020-10-08,68.04541778564453,11663333
2020-10-09,69.00633239746094,15958362
2020-10-12,67.9853286743164,7949842
2020-10-13,68.37571716308594,9702168
2020-10-14,66.39382934570312,19663164
2020-10-15,66.42384338378906,15481671
2020-10-16,66.87427520751953,12231039
2020-10-19,68.8862075805664,18111350
2020-10-20,68.25559997558594,16554127
2020-10-21,69.12644958496094,20421726
2020-10-22,69.5468521118164,13653932
2020-10-23,70.68793487548828,11876035
2020-10-26,68.79612731933594,11243128
2020-10-27,68.4357681274414,10985477
2020-10-28,67.68505859375,9366165
2020-10-29,66.57398986816406,11414157
2020-10-30,68.58592224121094,17773808
2020-11-02,69.48677825927734,12785804
2020-11-03,69.96724700927734,12319486
2020-11-04,68.9462661743164,7382741
2020-11-05,71.97917938232422,14904921
2020-11-06,73.15032196044922,18908916
2020-11-09,73.12026977539062,14950332
2020-11-10,74.95204162597656,15808417
2020-11-11,75.58264923095703,16757799
2020-11-12,73.33047485351562,35738360
2020-11-13,75.61267852783203,23377931
2020-11-14,76.3333511352539,3308333
2020-11-17,77.29429626464844,20369194
2020-11-18,77.02401733398438,18943803
2020-11-19,77.853271484375,29186699
2020-11-20,77.47054290771484,17573909
2020-11-23,78.29979705810547,17269543
2020-11-24,78.61873626708984,18199200
2020-11-25,79.06524658203125,22813211
2020-11-26,79.76691436767578,13694237
2020-11-27,80.08586120605469,25297333
2020-12-01,80.62805938720703,8927107
2020-12-02,82.76494598388672,21081119
2020-12-03,85.12511444091797,25834042
2020-12-04,85.02942657470703,19371235
2020-12-07,87.26201629638672,14127211
2020-12-08,85.63541412353516,21479953
2020-12-09,85.92245483398438,18755465
2020-12-10,86.01815032958984,11912807
2020-12-11,88.18693542480469,30559578
2020-12-14,91.44013214111328,35605748
2020-12-15,91.28067016601562,18775793
2020-12-16,92.81157684326172,16119571
2020-12-17,91.50390625,12374964
2020-12-18,90.38761138916016,13628707
2020-12-21,84.8061752319336,20132655
2020-12-22,86.4327621459961,17257059
2020-12-23,86.1457290649414,10091831
2020-12-24,86.91117858886719,14518171
2020-12-28,87.80420684814453,15223089
2020-12-29,86.17762756347656,21146540
2020-12-30,86.49655151367188,14180071
2020-12-31,86.40087127685547,15237166
2021-01-01,86.33708953857422,6995084
2021-01-04,87.54905700683594,11669647
2021-01-05,86.2094955444336,12371842
2021-01-06,86.17762756347656,14133415
2021-01-07,87.07063293457031,17298525
2021-01-08,89.11186981201172,27964099
2021-01-11,90.38761138916016,24790683
2021-01-12,93.5451431274414,28433070
2021-01-13,93.0029296875,21154236
2021-01-14,93.5451431274414,14755992
2021-01-15,91.37633514404297,10647008
2021-01-18,88.47398376464844,17085592
2021-01-19,89.36702728271484,8951075
2021-01-20,90.26006317138672,11820498
2021-01-21,87.61284637451172,10828875
2021-01-22,84.96565246582031,14810848
2021-01-25,84.1045150756836,10157077
2021-01-27,82.38220977783203,11638766
2021-01-28,81.77623748779297,11970139
2021-01-29,80.30912780761719,15268785
2021-02-01,82.28654479980469,12808349
2021-02-02,83.7217788696289,15485139
2021-02-03,87.54905700683594,25483402
2021-02-04,91.59960174560547,30751754
2021-02-05,89.84542846679688,19930467
2021-02-08,90.29193878173828,11810439
2021-02-09,88.82482147216797,8579689
2021-02-10,88.21882629394531,8709612
2021-02-11,87.48526763916016,14150298
2021-02-12,85.38026428222656,16453706
2021-02-15,84.35965728759766,10557047
2021-02-16,85.31648254394531,11735144
2021-02-17,86.24140167236328,8950258
2021-02-18,89.27133178710938,22069738
2021-02-19,88.82482147216797,22944780
2021-02-22,86.91117858886719,20401387
2021-02-23,87.3257827758789,19178437
2021-02-24,92.1098861694336,38775957
2021-02-25,99.57310485839844,85580477
2021-02-26,97.08536529541016,94115857
2021-03-01,98.45681762695312,22306110
2021-03-02,97.850830078125,17565134
2021-03-03,98.80763244628906,17610904
2021-03-04,96.98969268798828,17162557
2021-03-05,96.38370513916016,17323282
2021-03-08,97.69133758544922,18727656
2021-03-09,96.76642608642578,14621175
2021-03-10,96.28800201416016,10788943
2021-03-12,96.00096893310547,14835735
2021-03-15,96.9246826171875,15783310
2021-03-16,96.13292694091797,11857531
2021-03-17,92.27310180664062,15554810
2021-03-18,90.4256591796875,14401450
2021-03-19,89.93082427978516,33294812
2021-03-22,89.50193786621094,11414253
2021-03-23,89.23802185058594,8887103
2021-03-24,87.29158782958984,10865477
2021-03-25,84.52044677734375,18629600
2021-03-26,85.5101547241211,9505615
2021-03-30,87.72047424316406,20582346
2021-03-31,86.00499725341797,14900610
2021-04-01,87.19264221191406,6226087
2021-04-05,85.6421127319336,9012457
2021-04-06,85.97200775146484,6689423
2021-04-07,86.59881591796875,5657926
2021-04-08,86.86272430419922,9330363
2021-04-09,85.44416809082031,10149401
2021-04-12,82.27710723876953,11334755
2021-04-13,84.42147827148438,7809483
2021-04-15,84.6194076538086,8924391
2021-04-16,84.3554916381836,10358366
2021-04-19,82.21115112304688,7131534
2021-04-20,82.14514923095703,7738871
2021-04-22,82.508056640625,8514980
2021-04-23,83.23382568359375,8992991
2021-04-26,83.76166534423828,4967884
2021-04-27,84.12457275390625,3982954
2021-04-28,84.78437042236328,6206074
2021-04-29,84.4874496459961,8345584
2021-04-30,87.78646087646484,27396950
2021-05-03,87.22563171386719,10262391
2021-05-04,87.62151336669922,9926789
2021-05-05,87.85242462158203,4877341
2021-05-06,88.80915832519531,7632817
2021-05-07,90.29373931884766,12644960
2021-05-10,97.0236587524414,45098431
2021-05-11,102.7309341430664,66582000
2021-05-12,101.27938079833984,42959024
2021-05-14,96.85873413085938,23140309
2021-05-17,97.74945068359375,17076463
2021-05-18,96.62777709960938,10295029
2021-05-19,100.19070434570312,23999878
2021-05-20,96.75973510742188,22983457
2021-05-21,97.12262725830078,13009821
2021-05-24,98.24429321289062,14192862
2021-05-25,97.28758239746094,10434892
2021-05-26,96.13292694091797,9948786
2021-05-27,95.3741683959961,24064196
2021-05-28,96.9246826171875,16465504
2021-05-31,97.45255279541016,11767444
2021-06-01,97.38655853271484,9307143
2021-06-02,98.37625122070312,10714318
2021-06-03,98.34326934814453,9282774
2021-06-04,101.01546478271484,29422387
2021-06-07,103.09383392333984,31071589
2021-06-08,102.92887878417969,12874065
2021-06-09,103.19279479980469,30443113
2021-06-10,103.2587661743164,11459484
2021-06-11,107.3165512084961,61728565
2021-06-14,105.13921356201172,30836595
2021-06-15,103.68762969970703,30153988
2021-06-16,102.63196563720703,14098443
2021-06-17,100.38864135742188,15784276
2021-06-18,96.59477996826172,24823176
2021-06-21,97.32057189941406,15038290
2021-06-22,98.11234283447266,12494441
2021-06-23,97.94738006591797,7983220
2021-06-24,96.59477996826172,12929173
2021-06-25,98.14531707763672,7400514
2021-06-28,97.12262725830078,8217659
2021-06-29,95.34117889404297,21576435
2021-06-30,96.75973510742188,12919448
2021-07-01,96.0999526977539,5668038
2021-07-02,97.41952514648438,20805994
2021-07-05,98.90409088134766,10401054
2021-07-06,97.32057189941406,9579038
2021-07-07,97.35359191894531,6067804
2021-07-08,96.49581146240234,12349670
2021-07-09,96.79273986816406,4963821
2021-07-12,96.59477996826172,4010172
2021-07-13,97.71643829345703,5717442
2021-07-14,97.74945068359375,7216739
2021-07-15,96.79273986816406,7257500
2021-07-16,96.03396606445312,10819800
2021-07-19,95.30818176269531,5158738
2021-07-20,94.28549194335938,6271740
2021-07-22,95.47313690185547,4772582
2021-07-23,95.0772705078125,3419739
2021-07-26,95.01126861572266,4423596
2021-07-27,93.98856353759766,4245486
2021-07-28,95.04425811767578,8834228
2021-07-29,93.79063415527344,8237916
2021-07-30,94.54940795898438,9526451
2021-08-02,94.94527435302734,6164197
2021-08-03,95.17621612548828,5648929
2021-08-04,95.47313690185547,8839351
2021-08-05,95.96797180175781,6237158
2021-08-06,96.3968505859375,10812438
2021-08-09,94.51641845703125,12986298
2021-08-10,93.82362365722656,14022502
2021-08-11,94.97826385498047,8356558
2021-08-12,95.27517700195312,7685737
2021-08-13,94.84630584716797,9455100
2021-08-16,93.69165802001953,5259207
2021-08-17,91.87720489501953,13714266
2021-08-18,91.28340148925781,7654460
2021-08-20,89.46895599365234,8877297
2021-08-23,88.38027954101562,7768805
2021-08-24,89.86482238769531,7452062
2021-08-25,91.61331176757812,7817617
2021-08-26,90.5905990600586,6845692
2021-08-27,91.41535949707031,4418540
2021-08-30,94.7473373413086,11333690
2021-08-31,96.23189544677734,14301855
2021-09-01,95.14322662353516,8415876
2021-09-02,95.75182342529297,7787657
2021-09-03,98.96383666992188,12734022
2021-09-06,98.96383666992188,9712271
2021-09-07,99.53860473632812,9475870
2021-09-08,100.85723876953125,7873034
2021-09-09,100.51911163330078,9519564
2021-09-13,104.54261016845703,35672746
2021-09-14,104.6102066040039,8804432
2021-09-15,108.90416717529297,24591822
2021-09-16,109.74945831298828,18440504
2021-09-17,105.96263122558594,17317065
2021-09-20,104.2721176147461,12541523
2021-09-21,105.75978088378906,13645046
2021-09-22,109.61421203613281,18861877
2021-09-23,113.16431427001953,31399318
2021-09-24,112.3190689086914,17259638
2021-09-27,112.96147155761719,9099672
2021-09-28,118.03304290771484,41551332
2021-09-29,125.57281494140625,100988643
2021-09-30,125.16712188720703,48957916
2021-10-01,127.60147094726562,25492957
2021-10-04,128.44674682617188,23341448
2021-10-05,133.8564453125,42359592
2021-10-06,130.40777587890625,41926821
2021-10-07,128.95388793945312,16517664
2021-10-08,127.43242645263672,28978175
2021-10-11,133.11260986328125,34952223
2021-10-12,130.71205139160156,25216411
2021-10-13,128.5143585205078,17378156
2021-10-14,124.28803253173828,29542941
2021-10-18,125.30233764648438,15468914
2021-10-19,124.76136779785156,17403803
2021-10-20,122.0565185546875,15921230
2021-10-21,123.34131622314453,15586097
2021-10-22,118.9459457397461,13603152
2021-10-25,117.72875213623047,11744666
2021-10-26,118.37117004394531,11602891
2021-10-27,117.39066314697266,9535881
2021-10-28,112.62335205078125,24509136
2021-10-29,111.20330810546875,14826816
2021-11-01,115.46343231201172,13585170
2021-11-02,114.41531372070312,14278962
2021-11-03,114.78721618652344,8974463
2021-11-04,115.42964935302734,973260
2021-11-08,116.10585021972656,8761953
2021-11-09,115.29439544677734,5723308
2021-11-10,112.72479248046875,9212143
2021-11-11,112.92765045166016,6453205
2021-11-12,112.89384460449219,7027513
2021-11-15,108.02510833740234,19400018
2021-11-16,107.5517349243164,8505431
2021-11-17,105.55693817138672,7477627
2021-11-18,103.73114776611328,12981172
2021-11-22,101.80392456054688,11522286
2021-11-23,105.62455749511719,13305061
2021-11-24,107.5855712890625,18809310
2021-11-25,107.21363830566406,22402592
2021-11-26,105.42166900634766,11829847
2021-11-29,104.3059310913086,18176163
2021-11-30,102.7844467163086,56643275
2021-12-01,105.18501281738281,16283427
2021-12-02,107.7208023071289,15647910
2021-12-03,108.02510833740234,20414051
2021-12-06,106.44862365722656,24185368
2021-12-07,107.95342254638672,7866368
2021-12-08,108.1325912475586,7313306
2021-12-09,109.38660430908203,9423435
2021-12-10,108.41922760009766,7419042
2021-12-13,106.77107238769531,9888293
2021-12-14,106.69940185546875,8474759
2021-12-15,106.12613677978516,5410912
2021-12-16,107.30851745605469,7539061
2021-12-17,104.94377136230469,8758284
2021-12-20,100.82342529296875,8858645
2021-12-21,103.6539306640625,8097050
2021-12-22,104.1555404663086,6798820
2021-12-23,105.83951568603516,4857807
2021-12-24,104.54966735839844,4568316
2021-12-27,104.65713500976562,3534825
2021-12-28,106.66360473632812,4907497
2021-12-29,105.15876007080078,4216568
2021-12-30,104.76464080810547,24782255
2021-12-31,104.65713500976562,5320232
2022-01-03,111.28556823730469,29486720
2022-01-04,109.63743591308594,13744440
2022-01-05,110.13900756835938,8454060
2022-01-06,110.81979370117188,12446900
2022-01-07,112.46792602539062,11679683
2022-01-10,115.15510559082031,14655298
2022-01-11,113.61445617675781,7670386
2022-01-12,114.18771362304688,6334581
2022-01-13,118.05728912353516,20271714
2022-01-14,118.05728912353516,10211720
2022-01-17,117.30486297607422,8384625
2022-01-18,115.22676086425781,6574122
2022-01-19,117.44819641113281,11503199
2022-01-20,118.27227783203125,17462235
2022-01-21,113.75777435302734,14466758
2022-01-24,112.00215911865234,10854431
2022-01-25,115.47756958007812,7267866
2022-01-27,115.04762268066406,9269062
2022-01-28,115.83586883544922,10310726
2022-01-31,114.51016998291016,5811200
2022-02-01,116.83905792236328,7248713
2022-02-02,117.412353515625,5369074
2022-02-03,115.5850601196289,4654885
2022-02-04,114.94011688232422,6402287
2022-02-07,115.33425903320312,5871041
2022-02-08,114.61767578125,14158927
2022-02-09,120.81612396240234,35079516
2022-02-10,120.42198944091797,17724098
2022-02-11,119.31128692626953,10097767
2022-02-14,115.83586883544922,9478670
2022-02-15,117.2690200805664,16850616
2022-02-16,117.412353515625,10653203
2022-02-17,116.83905792236328,6906440
2022-02-18,119.88455200195312,23740696
2022-02-21,119.07203674316406,14870901
2022-02-22,118.11177062988281,11654816
2022-02-23,117.07766723632812,7627472
2022-02-24,110.79905700683594,12115340
2022-02-25,120.7340316772461,17079977
2022-02-28,125.23985290527344,20872239
2022-03-02,136.50442504882812,72648396
2022-03-03,139.5698699951172,74050073
2022-03-04,133.69749450683594,36095156
2022-03-07,139.38519287109375,41642776
2022-03-08,139.7176055908203,22940456
2022-03-09,137.87094116210938,13870658
2022-03-10,132.18325805664062,30890343
2022-03-11,134.25152587890625,14663558
2022-03-14,133.21739196777344,8306420
2022-03-15,127.71437072753906,14074860
2022-03-16,130.6690216064453,11846738
2022-03-17,130.4104766845703,20052773
2022-03-21,134.65777587890625,20271556
2022-03-22,135.43338012695312,12372751
2022-03-23,135.2117462158203,13731315
2022-03-24,138.42495727539062,16323203
2022-03-25,137.46469116210938,10044811
2022-03-28,141.26876831054688,19132062
2022-03-29,137.3908233642578,10622472
2022-03-30,135.1009521484375,10298319
2022-03-31,135.2117462158203,9435203
2022-04-01,137.50161743164062,13505929
2022-04-04,138.68345642089844,9490374
2022-04-05,138.7942657470703,7637664
2022-04-06,143.18930053710938,46157039
2022-04-07,140.89942932128906,21712301
2022-04-08,143.7063751220703,20151959
2022-04-11,145.07289123535156,12393619
2022-04-12,137.3908233642578,18907630
2022-04-13,137.83401489257812,14216953
2022-04-18,139.939208984375,13052104
2022-04-19,146.070068359375,59341710
2022-04-20,147.0672607421875,38356653
2022-04-21,152.82876586914062,43683145
2022-04-22,149.3201904296875,24007670
2022-04-25,139.20053100585938,26465084
2022-04-26,141.37957763671875,20819291
2022-04-27,138.49879455566406,12214126
2022-04-28,140.5301055908203,12706800
2022-04-29,135.0640411376953,21654415
2022-05-02,138.60960388183594,21289439
2022-05-04,138.3879852294922,18239949
2022-05-05,137.28001403808594,12651103
2022-05-06,138.42495727539062,14257553
2022-05-09,135.2117462158203,10549451
2022-05-10,125.60916900634766,19965511
2022-05-11,125.4614486694336,20641617
2022-05-12,123.39319610595703,10406343
2022-05-13,124.61199951171875,11590435
2022-05-16,126.82798767089844,7437937
2022-05-17,136.3197784423828,28092052
2022-05-18,137.05844116210938,15425248
2022-05-19,133.8452606201172,9396007
2022-05-20,137.35389709472656,6365038
2022-05-23,136.1350860595703,7794071
2022-05-24,134.69471740722656,8572565
2022-05-25,133.4759063720703,7926434
2022-05-26,135.3594970703125,23140556
2022-05-27,134.3253936767578,16408080
2022-05-30,138.27720642089844,10577525
2022-05-31,142.48756408691406,21380248
2022-06-01,144.81436157226562,30867456
2022-06-02,146.4024658203125,17646759
2022-06-03,145.51609802246094,25335178
2022-06-06,143.92796325683594,22020642
2022-06-07,145.92234802246094,12961285
2022-06-08,145.9962158203125,13059792
2022-06-09,146.80873107910156,10562238
2022-06-10,146.62408447265625,6741014
2022-06-13,141.12106323242188,8516696
2022-06-14,141.97048950195312,6727598
2022-06-15,140.3824005126953,5805589
2022-06-16,132.88497924804688,14490962
2022-06-17,134.91627502441406,15215695
2022-06-20,130.632080078125,23276003
2022-06-21,136.50442504882812,7564329
2022-06-22,132.47872924804688,6560404
2022-06-23,130.85365295410156,9304799
2022-06-24,130.4104766845703,8171322
2022-06-27,134.47311401367188,7063839
2022-06-28,137.68629455566406,9844211
2022-06-29,139.422119140625,16856241
2022-06-30,137.09535217285156,8693744
2022-07-01,135.3594970703125,17248729
2022-07-04,134.47311401367188,8780396
2022-07-05,134.7685546875,5313753
2022-07-06,134.21458435058594,9367397
2022-07-07,137.3908233642578,6322630
2022-07-08,140.19772338867188,14647592
2022-07-11,142.8199920654297,9048841
2022-07-12,143.22622680664062,6942704
2022-07-13,142.8938446044922,7842930
2022-07-14,141.82278442382812,6795141
2022-07-15,142.8568878173828,5610793
2022-07-18,144.48194885253906,7600779
2022-07-19,146.43942260742188,9913955
2022-07-20,146.1439208984375,5519522
2022-07-21,146.6979522705078,6167419
2022-07-22,145.5899658203125,4844223
2022-07-25,148.39686584472656,10207034
2022-07-26,149.43096923828125,12853314
2022-07-27,150.28041076660156,7343180
2022-07-28,149.8372344970703,5096403
2022-07-29,156.04200744628906,12477455
2022-08-01,157.1499786376953,7849924
2022-08-02,158.99661254882812,12615631
2022-08-03,156.6698760986328,9949919
2022-08-04,153.0134735107422,8058280
2022-08-05,153.97373962402344,31999040
2022-08-08,159.10743713378906,16358151
2022-08-10,162.3944549560547,14267910
2022-08-11,163.7050018310547,28800337
2022-08-12,165.98907470703125,8861089
2022-08-16,166.92520141601562,7844356
2022-08-17,165.83929443359375,6119157
2022-08-18,166.06396484375,4233196
2022-08-19,162.61912536621094,8783707
2022-08-22,163.4803466796875,10390480
2022-08-23,166.88775634765625,9344364
2022-08-24,167.48683166503906,10825973
2022-08-25,168.42295837402344,13077805
2022-08-26,172.20477294921875,12673156
2022-08-29,172.69154357910156,8757016
2022-08-30,175.8368377685547,12991363
2022-09-01,172.46690368652344,9682321
2022-09-02,171.71798706054688,4599518
2022-09-05,173.4404296875,4909470
2022-09-06,174.2642059326172,5307321
2022-09-07,178.8698272705078,12751679
2022-09-08,177.072509765625,7677716
2022-09-09,177.9337158203125,8436280
2022-09-12,173.3655548095703,19053188
2022-09-13,173.2157440185547,9884429
2022-09-14,173.70254516601562,7705022
2022-09-15,175.42495727539062,5386854
2022-09-16,173.02853393554688,8750965
2022-09-19,172.16732788085938,4011597
2022-09-20,172.12989807128906,6890375
2022-09-21,173.4029998779297,5673523
2022-09-22,170.0330352783203,7677219
2022-09-23,166.88775634765625,5495315
2022-09-26,161.38348388671875,7832594
2022-09-27,160.18527221679688,5795048
2022-09-28,157.86375427246094,6134706
2022-09-29,160.18527221679688,8962595
2022-09-30,158.9496307373047,12875386
2022-10-03,160.97158813476562,11397506
2022-10-04,167.18728637695312,10862095
2022-10-06,174.86331176757812,12795784
2022-10-07,172.01756286621094,14641624
2022-10-10,172.12989807128906,10850668
2022-10-11,168.83482360839844,19154740
2022-10-12,173.81488037109375,9256951
2022-10-13,175.64964294433594,7231841
2022-10-14,176.9976043701172,6241886
2022-10-17,178.2332763671875,5623812
2022-10-18,181.0041046142578,6674374
2022-10-19,178.38304138183594,13886387
2022-10-20,180.47991943359375,10755972
2022-10-21,178.75746154785156,3285505
2022-10-24,180.10543823242188,730136
2022-10-25,179.69357299804688,6976548
2022-10-27,180.40499877929688,6422639
2022-10-28,183.02610778808594,14076967
2022-10-31,184.1868438720703,8365329
2022-11-01,183.96218872070312,8813106
2022-11-02,184.0745086669922,14974441
2022-11-03,184.3740692138672,6754654
2022-11-04,184.26174926757812,5511411
2022-11-07,186.88282775878906,10513106
2022-11-09,191.56332397460938,40391668
2022-11-10,189.91578674316406,20832572
2022-11-11,189.6536865234375,20165337
2022-11-14,185.12294006347656,18762693
2022-11-15,185.0830841064453,20225373
2022-11-16,187.27554321289062,9764275
2022-11-17,185.28240966796875,5737884
2022-11-18,183.01022338867188,6413585
2022-11-21,182.9304962158203,6430876
2022-11-22,182.65145874023438,5885877
2022-11-23,183.8473358154297,5693274
2022-11-24,182.17311096191406,8198891
2022-11-25,184.48513793945312,10046363
2022-11-28,183.2493896484375,8146840
2022-11-29,181.1366729736328,6628470
2022-11-30,181.17652893066406,12154948
2022-12-01,180.25970458984375,22435771
2022-12-02,180.65834045410156,6325649
2022-12-05,184.3655548095703,8732711
2022-12-06,184.68446350097656,7394839
2022-12-07,183.16966247558594,4519547
2022-12-08,183.6878662109375,3135706
2022-12-09,182.45213317871094,4197165
2022-12-12,185.28240966796875,7881379
2022-12-13,184.604736328125,4878457
2022-12-14,185.0830841064453,4730078
2022-12-15,181.93392944335938,5221433
2022-12-16,179.10365295410156,7757065
2022-12-19,181.2163848876953,4073907
2022-12-20,180.25970458984375,3784271
2022-12-21,178.4658660888672,3675466
2022-12-22,177.5489959716797,4755089
2022-12-23,171.4499969482422,6561011
2022-12-26,175.99436950683594,3116608
2022-12-27,176.39300537109375,2961726
2022-12-28,177.9476318359375,3015714
2022-12-29,176.71189880371094,4784105
2022-12-30,179.42257690429688,4102247
2023-01-02,179.18338012695312,4210225
2023-01-03,178.6651611328125,3643132
2023-01-04,173.1242218017578,9550461
2023-01-05,173.92149353027344,8815728
2023-01-06,170.81219482421875,12237065
2023-01-09,171.37026977539062,6967190
2023-01-10,172.80535888671875,5400260
2023-01-11,170.134521484375,7637956
2023-01-12,170.53317260742188,7161675
2023-01-13,171.48989868164062,3671193
2023-01-16,170.41355895996094,3987352
2023-01-17,169.89535522460938,5871758
2023-01-18,172.8850555419922,6441530
2023-01-19,178.54559326171875,12938871
2023-01-20,180.9772186279297,13444947
2023-01-23,183.4486846923828,8736715
2023-01-24,181.45559692382812,4252051
2023-01-25,180.29954528808594,3855827
2023-01-27,177.30982971191406,6171667
2023-01-30,180.06039428710938,6172517
2023-01-31,179.26312255859375,7424552
2023-02-01,175.91464233398438,24008324
2023-02-02,173.52284240722656,6806578
2023-02-03,174.51942443847656,8776614
2023-02-06,175.07749938964844,5742881
2023-02-07,175.1572265625,4907167
2023-02-08,176.01486206054688,6316867
2023-02-09,175.23892211914062,4383159
2023-02-10,172.7477264404297,4954439
2023-02-13,174.01377868652344,6142208
2023-02-14,172.9519500732422,6758731
2023-02-15,173.89125061035156,9612884
2023-02-16,175.97402954101562,13093683
2023-02-17,177.64840698242188,7243093
2023-02-20,178.30184936523438,8479587
2023-02-21,174.83053588867188,4655766
2023-02-22,173.0336456298828,6003852
2023-02-23,175.52479553222656,6219715
2023-02-24,177.28086853027344,5154174
2023-02-27,177.19915771484375,4841279
2023-02-28,175.9331817626953,6054079
2023-03-01,178.6693878173828,4510175
2023-03-02,182.01815795898438,11354939
2023-03-03,182.09983825683594,7089438
2023-03-06,183.69253540039062,4771341
2023-03-08,183.65170288085938,4271464
2023-03-09,183.61085510253906,4263468
2023-03-10,183.24331665039062,3670173
2023-03-13,180.34376525878906,3877606
2023-03-14,180.54795837402344,5723922
2023-03-15,179.60865783691406,2992144
2023-03-16,180.38458251953125,4988245
2023-03-17,181.0380096435547,15720256
2023-03-20,177.28086853027344,4244575
2023-03-21,177.28086853027344,3998751
2023-03-22,174.74884033203125,9675449
2023-03-23,174.2587890625,4730918
2023-03-24,170.25660705566406,6611089
2023-03-27,170.2157745361328,4002212
2023-03-28,170.62413024902344,6157526
2023-03-29,173.93206787109375,16734166
2023-03-31,174.50381469726562,5139018
2023-04-03,179.81285095214844,7754066
2023-04-05,181.73228454589844,6491910
2023-04-06,181.07887268066406,4589598
2023-04-10,181.36473083496094,3498235
2023-04-11,182.6715545654297,3995959
2023-04-12,185.97950744628906,5136012
2023-04-13,184.18258666992188,3478451
2023-04-17,187.53135681152344,6265943
2023-04-18,189.65496826171875,8004952
2023-04-19,188.18478393554688,7424582
2023-04-20,187.49053955078125,2589165
2023-04-21,187.89894104003906,2459508
2023-04-24,189.1240692138672,2587030
2023-04-25,188.06228637695312,2570946
2023-04-26,187.6538848876953,3439487
2023-04-27,189.28744506835938,3349374
2023-04-28,190.39010620117188,4771074
2023-05-02,192.84042358398438,3773537
2023-05-03,193.49383544921875,4523385
2023-05-04,193.9430694580078,7248108
2023-05-05,193.90219116210938,3043479
2023-05-08,190.18589782714844,9711437
2023-05-09,193.04458618164062,7318928
2023-05-10,193.20797729492188,3650159
2023-05-11,192.88125610351562,2675726
2023-05-12,191.98277282714844,2348435
2023-05-15,194.1472625732422,4217892
2023-05-16,196.80174255371094,6016484
2023-05-17,197.33265686035156,4968232
2023-05-18,195.69911193847656,3512113
2023-05-19,195.9441375732422,3810543
2023-05-22,194.9640350341797,2891415
2023-05-23,195.45408630371094,3213453
2023-05-24,196.84262084960938,2422138
2023-05-25,196.06668090820312,3810138
2023-05-26,197.25100708007812,2646742
2023-05-29,201.00816345214844,8069985
2023-05-30,199.5379638671875,4657906
2023-05-31,197.04678344726562,15727646
2023-06-01,188.14393615722656,35509867
2023-06-02,188.59317016601562,36400588
2023-06-05,187.61305236816406,19807347
2023-06-06,186.06118774414062,13495524
2023-06-07,188.4298095703125,21853324
2023-06-08,186.3062286376953,8538256
2023-06-09,185.93865966796875,5137982
2023-06-12,187.0413055419922,4261576
2023-06-13,187.00045776367188,5574798
2023-06-14,187.00045776367188,7034468
2023-06-15,186.71458435058594,6363240
2023-06-16,186.67376708984375,8518319
2023-06-19,185.5302734375,8210198
2023-06-20,185.61195373535156,5024593
2023-06-21,186.5920867919922,4705567
2023-06-22,185.36692810058594,6566989
2023-06-23,184.5093231201172,3881707
2023-06-26,183.2024688720703,6145625
2023-06-27,183.89671325683594,6282912
2023-06-28,185.61195373535156,19512531
2023-06-30,188.67486572265625,7850296
2023-07-03,189.2057647705078,7860203
2023-07-04,189.32827758789062,3662791
2023-07-05,189.00157165527344,4859892
2023-07-06,191.61524963378906,7254947
2023-07-07,191.12518310546875,6393850
2023-07-10,190.9209747314453,6223180
2023-07-11,191.12518310546875,10775084
2023-07-12,191.45188903808594,11313272
2023-07-13,187.77639770507812,20205328
2023-07-14,188.7156982421875,7390502
2023-07-17,188.02142333984375,4963515
2023-07-18,186.42874145507812,6168942
2023-07-19,186.71458435058594,5247533
2023-07-20,187.6538848876953,3195629
2023-07-21,187.0413055419922,3903407
2023-07-24,188.634033203125,3456895
2023-07-25,187.81723022460938,11024983
2023-07-26,188.2664794921875,7574284
2023-07-27,187.0821533203125,7837850
2023-07-28,185.4894561767578,8817344
2023-07-31,187.24549865722656,19422170
2023-08-01,196.31170654296875,22409256
2023-08-02,191.5744171142578,25003960
2023-08-03,187.89894104003906,13949266
2023-08-04,190.9209747314453,6725977
2023-08-07,190.267578125,6744074
2023-08-08,188.06228637695312,13828141
2023-08-09,191.7377471923828,35271302
2023-08-10,191.8602752685547,10749822
2023-08-11,191.8602752685547,6132454
2023-08-14,191.04351806640625,6092872
2023-08-16,190.34925842285156,4576249
2023-08-17,189.73666381835938,5602132
2023-08-18,189.0302276611328,6904019
2023-08-21,191.23260498046875,4955953
2023-08-22,191.77281188964844,4280368
2023-08-23,191.89747619628906,2524601
2023-08-24,190.5261993408203,6378317
2023-08-25,189.23802185058594,3890957
2023-08-28,190.69241333007812,3360861
2023-08-29,191.10794067382812,3112560
2023-08-30,190.1106414794922,4086281
2023-08-31,191.19105529785156,10403460
2023-09-01,196.88401794433594,14869577
2023-09-04,205.94281005859375,24785966
2023-09-05,212.217529296875,19654487
2023-09-06,212.59149169921875,13346191
2023-09-07,227.7172393798828,72255521
2023-09-08,234.44906616210938,41855413
2023-09-11,231.83111572265625,14505153
2023-09-12,225.01620483398438,17547706
2023-09-13,232.41285705566406,17607568
2023-09-14,230.66757202148438,12033796
2023-09-15,232.1219940185547,13288180
2023-09-18,233.7426300048828,8754852
2023-09-20,236.27743530273438,18615797
2023-09-21,233.07774353027344,11071899
2023-09-22,235.48788452148438,8691024
2023-09-25,239.3939666748047,9118957
2023-09-26,238.31356811523438,11256196
2023-09-27,242.3027801513672,12805340
2023-09-28,241.1808319091797,12432497
2023-09-29,245.33624267578125,8640829
2023-10-03,242.5936737060547,9348540
2023-10-04,239.3108673095703,6338888
2023-10-05,240.47439575195312,8687014
2023-10-06,239.1862335205078,3741467
2023-10-09,239.1862335205078,4647845
2023-10-10,252.0264892578125,23283411
2023-10-11,250.86294555664062,12321154
2023-10-12,255.30934143066406,15375295
2023-10-13,255.93260192871094,9516879
2023-10-16,259.2984924316406,10535107
2023-10-17,263.78631591796875,7760527
2023-10-18,263.4123229980469,9662837
2023-10-19,261.6255187988281,8977527
2023-10-20,259.6308898925781,6009115
2023-10-23,254.3950653076172,8086150
2023-10-25,257.8855895996094,7253336
2023-10-26,253.68862915039062,8329092
2023-10-27,260.91912841796875,10503070
2023-10-30,261.4176940917969,6229982
2023-10-31,261.16839599609375,7446586
2023-11-01,254.85215759277344,9593653
2023-11-02,256.6805419921875,7071960
2023-11-03,259.2984924316406,4658440
2023-11-06,263.0799255371094,10340818
2023-11-07,261.16839599609375,6826885
2023-11-08,263.78631591796875,6424833
2023-11-09,268.89752197265625,15503280
2023-11-10,268.7728271484375,8445203
2023-11-13,290.3395080566406,42178783
2023-11-15,291.37835693359375,35092206
2023-11-16,287.38909912109375,17617280
2023-11-17,286.9320373535156,13542916
2023-11-20,289.0097351074219,19032608
2023-11-21,290.4873962402344,15148068
2023-11-22,288.7055358886719,7599447
2023-11-23,290.7047424316406,6186567
2023-11-24,289.2705078125,7054445
2023-11-28,297.2237243652344,10791886
2023-11-29,297.5714416503906,14149513
2023-11-30,297.3975524902344,11959336
2023-12-01,301.3089599609375,15105221
2023-12-04,308.3060302734375,22705896
2023-12-05,309.0448303222656,15782945
2023-12-06,306.0895690917969,14817158
2023-12-07,305.91571044921875,8507659
2023-12-08,305.0899963378906,13444251
2023-12-11,307.39337158203125,11420609
2023-12-12,302.0477600097656,8789103
2023-12-13,300.04864501953125,8091533
2023-12-14,302.13470458984375,13142466
2023-12-15,304.2208251953125,14331890
2023-12-18,302.17816162109375,7959685
2023-12-19,318.95379638671875,28937243
2023-12-20,306.0895690917969,23224408
2023-12-21,309.00140380859375,10028664
2023-12-22,315.7377624511719,13916380
2023-12-26,318.1714782714844,11910267
2023-12-27,317.78033447265625,7890042
2023-12-28,331.1225891113281,28310022
2023-12-29,326.8200378417969,8859317
2024-01-01,331.8614196777344,11124690
2024-01-02,341.292236328125,28363847
2024-01-03,334.251708984375,12903439
2024-01-04,334.4255676269531,11039940
2024-01-05,333.990966796875,8369460
2024-01-08,330.64453125,9424716
2024-01-09,334.94708251953125,9473743
2024-01-10,332.0787048339844,9670366
2024-01-11,334.077880859375,9163771
2024-01-12,331.2530212402344,7471050
2024-01-15,334.33868408203125,7490747
2024-01-16,331.9483642578125,10165133
2024-01-17,329.99261474609375,10996538
2024-01-18,326.515869140625,12493835
2024-01-19,333.1217346191406,15893456
2024-01-23,326.21160888671875,16406737
2024-01-24,332.5567626953125,22938994
2024-01-25,338.4673767089844,13440949
2024-01-29,358.8066711425781,27149058
2024-01-30,349.8973693847656,14159072
2024-01-31,353.0264892578125,23750822
2024-02-01,353.50457763671875,8862155
2024-02-02,364.8910827636719,25177075
2024-02-05,382.6662902832031,31418925
2024-02-06,389.96759033203125,13386526
2024-02-07,393.4444580078125,14430152
2024-02-08,399.1377258300781,18790158
2024-02-09,396.53009033203125,17472069
2024-02-12,376.1907653808594,19472346
2024-02-13,393.18365478515625,35665854
2024-02-14,405.35247802734375,18592696
2024-02-15,414.4791564941406,18501875
2024-02-16,417.2170715332031,14513583
2024-02-19,400.7022399902344,19798448
2024-02-20,392.5694885253906,27899165
2024-02-21,380.6561584472656,19032050
2024-02-22,391.3825378417969,22083710
2024-02-23,390.2835998535156,9625544
2024-02-26,388.8768005371094,7570244
2024-02-27,388.08551025390625,8343526
2024-02-28,381.75518798828125,8893614
2024-02-29,383.9532165527344,11711699
2024-03-01,392.4376525878906,8411615
2024-03-04,400.39453125,11977226
2024-03-05,405.0103759765625,9605493
2024-03-06,405.84564208984375,14061966
2024-03-07,403.2079772949219,9680802
2024-03-11,399.0756530761719,7824738
2024-03-12,395.0312805175781,8409613
2024-03-13,366.6766357421875,17803423
2024-03-14,376.040283203125,20478918
2024-03-15,365.0940246582031,25435001
2024-03-18,370.8968505859375,9803914
2024-03-19,368.4350891113281,8373676
2024-03-20,368.8307189941406,6950340
2024-03-21,379.86480712890625,9911230
2024-03-22,379.7769775390625,9172888
2024-03-26,383.29376220703125,9389403
2024-03-27,377.57891845703125,17985246
2024-03-28,381.6672668457031,10332853
2024-04-01,388.6570129394531,7256592
2024-04-02,389.6681213378906,11530800
2024-04-03,391.6903076171875,6972648
2024-04-04,394.63568115234375,14743020
2024-04-05,392.9651794433594,4820138
2024-04-08,393.3608093261719,3980972
2024-04-09,386.72271728515625,8005012
2024-04-10,401.22979736328125,15825331
2024-04-12,400.57037353515625,11259294
2024-04-15,396.5259704589844,7680715
2024-04-16,398.46026611328125,4996845
2024-04-18,385.62371826171875,10945138
2024-04-19,382.7222595214844,7628287
2024-04-22,389.44830322265625,6396926
2024-04-23,387.6898498535156,5390120
2024-04-24,390.23956298828125,6538090
2024-04-25,397.80084228515625,10858594
2024-04-26,400.7461853027344,7209435
2024-04-29,398.50421142578125,5305655
2024-04-30,399.4273681640625,6021793
2024-05-02,399.0756530761719,14980896
2024-05-03,417.27545166015625,51071947
2024-05-06,404.9664611816406,36408390
2024-05-07,400.9220886230469,13728379
2024-05-08,408.3514709472656,16978094
2024-05-09,389.931884765625,15601338
2024-05-10,395.11920166015625,9190621
2024-05-13,390.3714599609375,11107909
2024-05-14,394.5037841796875,6592194
2024-05-15,411.3407287597656,23543942
2024-05-16,411.73638916015625,17232651
2024-05-17,413.4508361816406,10625019
2024-05-21,431.3868713378906,27356982
2024-05-22,441.10223388671875,28346931
2024-05-23,437.2336120605469,14378840
2024-05-24,440.4867248535156,12190536
2024-05-27,434.7278747558594,8811105
2024-05-28,428.74920654296875,8165238
2024-05-29,427.69415283203125,8014727
2024-05-30,423.9135437011719,7725080
2024-05-31,431.8704528808594,11223848
2024-06-03,450.4657897949219,24416215
2024-06-04,388.52508544921875,48046493
2024-06-05,404.9224853515625,18966089
2024-06-06,415.8247985839844,21757857
2024-06-07,421.2758483886719,8317343
2024-06-10,420.0010070800781,10958537
2024-06-11,418.81402587890625,11169021
2024-06-12,429.6723937988281,15412796
2024-06-13,428.968994140625,7438571
2024-06-14,428.1337890625,5974636
2024-06-18,429.9801025390625,6946544
2024-06-19,420.2208251953125,8962510
2024-06-20,424.7927551269531,7864157
2024-06-21,422.1990966796875,10340882
2024-06-24,416.4841613769531,11124175
2024-06-25,412.5716247558594,7951999
2024-06-26,412.1320495605469,6655899
2024-06-27,410.6373291015625,14857335
2024-06-28,416.0005798339844,8302706
2024-07-01,417.4512634277344,8579861
2024-07-02,421.23193359375,14629287
2024-07-03,426.3753662109375,7244652
2024-07-04,430.4197082519531,7796954
2024-07-05,432.1341857910156,5754517
2024-07-08,433.71673583984375,7477292
2024-07-09,434.1563415527344,6444684
2024-07-10,431.4747619628906,5981477
2024-07-11,439.6514587402344,20146927
2024-07-12,436.2664794921875,8198389
2024-07-15,437.6292724609375,7106020
2024-07-16,450.5538024902344,23169665
2024-07-18,444.223388671875,12540956
2024-07-19,429.05694580078125,9971704
2024-07-22,431.8704528808594,7281653
2024-07-23,428.17767333984375,11311831
2024-07-24,434.1563415527344,6823248
2024-07-25,434.3321838378906,10281157
2024-07-26,448.2677917480469,20437968
2024-07-29,450.28997802734375,7259754
2024-07-30,456.620361328125,13197520
2024-07-31,459.1260986328125,11972565
2024-08-01,475.1278076171875,34763894
2024-08-02,461.1482849121094,10985150
2024-08-05,445.5861511230469,11835031
2024-08-06,439.25579833984375,7142269
2024-08-07,467.30279541015625,18293730
2024-08-08,460.22509765625,13624148
2024-08-09,465.8080749511719,6468264
2024-08-12,460.6647644042969,5238736
2024-08-13,458.73046875,5201294
2024-08-14,443.73980712890625,14766889
2024-08-16,454.92877197265625,7313429
2024-08-19,463.5425109863281,10737456
2024-08-20,465.8513488769531,8191127
2024-08-21,472.6002502441406,9067794
2024-08-22,469.6253662109375,8531700
2024-08-23,478.5054626464844,12566904
2024-08-26,477.8394775390625,7193307
2024-08-27,471.88983154296875,7865530
2024-08-28,467.40533447265625,6066259
2024-08-29,468.4709777832031,9147836
2024-08-30,466.1621398925781,30921282
2024-09-02,462.521240234375,6370038
2024-09-03,461.4112854003906,5526155
2024-09-04,447.2474670410156,16783593
2024-09-05,441.34222412109375,10830621
2024-09-06,433.8385009765625,13110103
2024-09-09,430.1976318359375,10189742
2024-09-10,436.1029052734375,9809547
2024-09-11,429.7536315917969,8134497
2024-09-12,440.14337158203125,12058489
2024-09-13,435.3481140136719,8093877
2024-09-16,438.01214599609375,5244657
2024-09-17,433.7940673828125,5063902
2024-09-18,432.5508728027344,6527832
2024-09-19,424.4255676269531,10014450
2024-09-20,435.9696960449219,12982128
2024-09-23,444.5390625,6123879
2024-09-24,447.8246765136719,7306001
2024-09-25,448.7126770019531,5059851
2024-09-26,449.8227233886719,6877039
2024-09-27,458.3032531738281,15443031
2024-09-30,453.0195617675781,8881502
2024-10-01,451.5543212890625,4743517
2024-10-03,446.09307861328125,11285134
2024-10-04,441.5198059082031,7170285
2024-10-07,426.64556884765625,8940891
2024-10-08,436.7689208984375,6049075
2024-10-09,432.4176940917969,6874313
2024-10-10,433.4388732910156,4700891
2024-10-11,437.7457275390625,4364566
2024-10-14,442.49664306640625,5369297
2024-10-15,439.0777587890625,4279311
2024-10-16,440.2321472167969,8000451
2024-10-17,435.03729248046875,4334990
2024-10-18,437.0797424316406,4573163
2024-10-21,431.0412292480469,4737527
2024-10-22,415.900634765625,8671135
2024-10-23,421.0067138671875,10686743
2024-10-24,423.8039245605469,5045880
2024-10-25,409.4625549316406,10330954
2024-10-28,392.190673828125,21378247
2024-10-29,395.6539611816406,7680865
2024-10-30,398.850830078125,7818123
2024-10-31,401.426025390625,8475238
2024-11-01,403.29083251953125,3095957
2024-11-04,393.6559143066406,15720990
2024-11-05,400.4232482910156,10186343
2024-11-06,401.25189208984375,9130749
2024-11-07,400.83758544921875,5861077
2024-11-08,390.4333801269531,9934413
2024-11-11,388.1315612792969,7201246
2024-11-12,381.22613525390625,6564348
2024-11-13,374.6429748535156,7170870
2024-11-14,377.26708984375,8776485
2024-11-18,380.5816650390625,7352509
2024-11-19,379.56884765625,6291292
2024-11-21,373.8143310546875,14141967
2024-11-22,381.22613525390625,8155453
2024-11-25,384.35662841796875,10903727
2024-11-26,378.8782958984375,5798977
2024-11-27,384.0804138183594,9219932
2024-11-28,382.2850036621094,7788912
2024-11-29,383.3898620605469,7057742
2024-12-02,388.26971435546875,6404844
2024-12-03,388.6380310058594,7928558
2024-12-04,383.62005615234375,6836472
2024-12-05,385.2313232421875,9500273
2024-12-06,384.0804138183594,4252732
2024-12-09,381.18011474609375,6662023
2024-12-10,381.22613525390625,6035289
2024-12-11,383.8962707519531,5353413
2024-12-12,376.6685791015625,9409378
2024-12-13,377.7734375,9439175
2024-12-16,377.9115295410156,5434635
2024-12-17,370.9600830078125,5070262
2024-12-18,364.42291259765625,7176597
2024-12-19,360.8781433105469,5745829
2024-12-20,351.7169189453125,7923854
2024-12-23,352.59161376953125,5163415
2024-12-24,354.01873779296875,4242999
2024-12-26,355.9522705078125,4190081
2024-12-27,350.3358154296875,5909271
2024-12-30,347.9419250488281,22328728
2024-12-31,353.69647216796875,7686615
2025-01-01,355.7680969238281,3584876
2025-01-02,361.7988586425781,7538972
2025-01-03,362.443359375,7122319
2025-01-06,348.7245788574219,8774141
2025-01-07,349.6913146972656,6542121
2025-01-08,350.1977233886719,7407778
2025-01-09,342.6938171386719,6247612
2025-01-10,339.2871398925781,4893721
2025-01-13,334.13104248046875,8661589
2025-01-14,339.9776916503906,5698113
2025-01-15,344.903564453125,11117714
2025-01-16,348.8166198730469,6923722
2025-01-17,356.9190368652344,8380692
2025-01-20,356.3665771484375,14597375
2025-01-21,351.3025817871094,20854879
2025-01-22,349.138916015625,10653690
2025-01-23,355.2156677246094,5844752
2025-01-24,352.6836853027344,5351964
2025-01-27,345.96240234375,6645109
2025-01-28,341.2666931152344,10866038
2025-01-29,349.3691101074219,6680927
2025-01-30,354.5251159667969,6300164
2025-01-31,369.89459228515625,10339434
2025-02-01,359.9908752441406,7015540
2025-02-03,349.43316650390625,7689700
2025-02-04,351.8156433105469,4649921
2025-02-05,357.7018127441406,5914200
2025-02-06,354.6653137207031,4652107
2025-02-07,353.4039611816406,3006598
2025-02-10,346.1630554199219,3380494
2025-02-11,335.41845703125,6803431
2025-02-12,336.6797790527344,4565992
2025-02-13,337.89434814453125,3712240
2025-02-14,330.9337463378906,4464446
2025-02-17,336.4461669921875,6017586
2025-02-18,337.3804931640625,3843725
2025-02-19,338.50164794921875,3097726
2025-02-20,343.780517578125,4624287
2025-02-21,345.649169921875,5235241
2025-02-24,340.8374328613281,4533486
2025-02-25,337.4272155761719,4525493
2025-02-27,339.9498291015625,6196610
2025-02-28,345.088623046875,21899478
2025-03-03,336.6797790527344,12675744
2025-03-04,339.9498291015625,5535218
2025-03-05,344.06085205078125,5730797
2025-03-06,357.46820068359375,11247215
2025-03-07,355.64630126953125,8321771
2025-03-10,350.507568359375,5541001
2025-03-11,354.1513977050781,5340552
2025-03-12,355.6930236816406,3951912
2025-03-13,353.4506530761719,3918004
2025-03-17,360.41131591796875,5456361
2025-03-18,360.41131591796875,0
2025-03-19,369.8478698730469,5827114
2025-03-20,370.36175537109375,7025398
2025-03-21,378.77056884765625,16564019
2025-03-24,379.3311767578125,5260300
2025-03-25,372.1369323730469,5636291
2025-03-26,368.8668212890625,5025274
2025-03-27,370.7821960449219,7697174
2025-03-28,372.04351806640625,6923988
2025-04-01,371.5296325683594,4332950
2025-04-02,371.3895263671875,4197123
2025-04-03,370.96905517578125,4970602
2025-04-04,359.7572937011719,6718760
2025-04-07,352.7032165527344,10202400
2025-04-08,357.7018127441406,3577328
2025-04-09,349.9937438964844,5781453
2025-04-11,366.34423828125,6185984
2025-04-15,369.2872619628906,4371156
2025-04-16,373.0245666503906,4992290
2025-04-17,372.6508483886719,8364450
2025-04-21,374.19244384765625,8987570
2025-04-22,372.4172668457031,7558174
2025-04-23,372.7442626953125,7429142
2025-04-24,373.58514404296875,5762303
2025-04-25,367.32525634765625,7337588
2025-04-28,371.0624694824219,3458518
2025-04-29,363.541259765625,6274213
2025-04-30,359.9908752441406,4559122
2025-05-02,358.3091125488281,5045851
2025-05-05,360.2711486816406,6395704
2025-05-06,353.4039611816406,5982166
2025-05-07,358.12225341796875,9162368
2025-05-08,360.13104248046875,14258083
2025-05-09,357.2813720703125,3809943
2025-05-12,369.5208740234375,6743279
2025-05-13,369.1938781738281,6307140
2025-05-14,376.62164306640625,6822756
2025-05-15,378.0698547363281,10511989
2025-05-16,378.2099609375,4702603
2025-05-19,376.2479553222656,5446656
2025-05-20,381.2931823730469,18755291
2025-05-21,378.7238464355469,7393102
2025-05-22,372.6508483886719,7936875
2025-05-23,375.1267395019531,4178408
2025-05-26,376.2479553222656,6067873
2025-05-27,373.6785583496094,6553758
2025-05-28,372.04351806640625,6002200
2025-05-29,372.04351806640625,7724668
2025-05-30,371.2026062011719,6565658
2025-06-02,373.44500732421875,6119571
2025-06-03,367.0449523925781,7360608
2025-06-04,368.67999267578125,3861957
2025-06-05,368.96026611328125,6097293
2025-06-06,372.7442626953125,7633919
2025-06-09,374.65960693359375,9626374
2025-06-10,373.3048095703125,6362912
2025-06-11,375.6873474121094,11946342
2025-06-12,366.9048156738281,11262656
2025-06-13,365.5033264160156,5253032
2025-06-16,368.4464111328125,3706240
2025-06-17,365.59674072265625,3248476
2025-06-18,364.70916748046875,4118145
2025-06-19,359.0098571777344,4416367
2025-06-20,363.4945373535156,6531957
2025-06-23,366.7179260253906,3359491
2025-06-24,366.8580627441406,4606984
2025-06-25,366.0171813964844,4672204
2025-06-26,368.259521484375,5569101
2025-06-27,368.259521484375,16253653
2025-06-30,366.2040710449219,4870935
2025-07-01,364.1485595703125,5997283
2025-07-02,361.48577880859375,7752338
2025-07-03,361.0653381347656,3851213
2025-07-04,360.7383117675781,3990767
2025-07-07,359.0098571777344,2810768
2025-07-08,357.7018127441406,5231160
2025-07-09,361.99969482421875,4497121
2025-07-10,358.82293701171875,4668066
2025-07-11,355.9266052246094,4677164
2025-07-14,358.6361389160156,5109504
2025-07-15,361.0653381347656,4586811
2025-07-16,361.0653381347656,5205724
2025-07-17,360.55145263671875,3749218
2025-07-18,362.9806823730469,5172481
2025-07-21,361.3923034667969,4396850
2025-07-22,363.541259765625,5043629
2025-07-23,365.0828857421875,3670943
2025-07-24,360.2244567871094,4022204
2025-07-25,355.7864685058594,4616856
2025-07-28,353.4974060058594,4521716
2025-07-29,358.4492492675781,4872086
2025-07-30,354.945556640625,5107774
2025-07-31,351.6287841796875,6461803
2025-08-01,348.0316467285156,13769152
2025-08-04,350.0871276855469,19756930
2025-08-05,354.57183837890625,6846687
2025-08-06,357.2738037109375,5808208
2025-08-07,359.83355712890625,3468573
2025-08-08,359.9757995605469,4172600
2025-08-11,362.63031005859375,5740719
2025-08-12,365.3322448730469,4860757
2025-08-13,366.0433044433594,4216888
2025-08-14,364.47900390625,4034887
2025-08-18,367.65496826171875,3520271
2025-08-19,365.3322448730469,5219052
2025-08-20,364.7160339355469,4904231
2025-08-21,363.3707580566406,6212604
2025-08-22,359.81536865234375,4699261
2025-08-25,365.1484680175781,4349832
2025-08-26,357.8935241699219,6381642
2025-08-28,359.6712341308594,4372269
2025-08-29,360.15167236328125,4578400
2025-09-01,363.1304931640625,2829114
2025-09-02,365.2445373535156,7511709
2025-09-03,374.5654296875,8111851
2025-09-04,376.15093994140625,5515006
2025-09-05,377.30401611328125,4535470
2025-09-08,371.92291259765625,4607020
2025-09-09,372.7877502441406,4376579
2025-09-10,376.5833435058594,4285507
2025-09-11,377.9766845703125,3442373
2025-09-12,378.9376220703125,4276055
2025-09-15,379.3219909667969,4618798
2025-09-16,380.3309326171875,2581384
2025-09-17,384.1265563964844,5970395
2025-09-18,377.7845153808594,5899621
2025-09-19,379.08172607421875,5272435
2025-09-22,379.27392578125,3399517
2025-09-23,378.6493225097656,4720322
2025-09-24,377.4962463378906,5139791
2025-09-25,377.159912109375,4563970
2025-09-26,373.9408264160156,4698693
2025-09-29,373.1240539550781,6606409
2025-09-30,374.7095947265625,5362610
2025-10-01,373.3162536621094,4976933
2025-10-03,368.3675231933594,7431240
2025-10-06,366.97418212890625,7022052
2025-10-07,369.6647644042969,7895734
2025-10-08,367.1663818359375,3642904
2025-10-09,368.3675231933594,4628511
2025-10-10,369.47259521484375,5061600
2025-10-13,366.6378479003906,4750043
2025-10-14,366.0613098144531,4288494
2025-10-15,369.23236083984375,6135157
2025-10-16,372.451416015625,3513302
2025-10-17,373.6044921875,4093872
2025-10-20,375.33416748046875,4007425
2025-10-21,375.81463623046875,678084
2025-10-23,377.30401611328125,4311356
2025-10-24,378.6493225097656,4070949
2025-10-27,381.1957702636719,5438773
2025-10-28,376.1029052734375,7672258
2025-10-29,367.0702819824219,26856509
2025-10-30,372.5475158691406,15154040
2025-10-31,373.46038818359375,13103909
2025-11-03,373.3642578125,14152223
2025-11-04,372.6240539550781,10536699
2025-11-06,368.2814636230469,6648689
2025-11-07,371.09429931640625,4650451
2025-11-10,376.3744812011719,4451727
2025-11-11,377.8055725097656,3299015
2025-11-12,381.4573059082031,4326520
2025-11-13,378.20037841796875,3480764
2025-11-14,381.90142822265625,3760163
2025-11-17,382.7897033691406,3847261
2025-11-18,378.9405822753906,4462641
2025-11-19,374.1044921875,5332643
2025-11-20,374.6966552734375,3971851
2025-11-21,373.2655944824219,3088629
2025-11-24,367.6893005371094,5543493
2025-11-25,365.221923828125,4902920
2025-11-26,372.42669677734375,4102285
2025-11-27,373.1175231933594,3330267
2025-11-28,371.2423400878906,4689402
2025-12-01,374.6966552734375,4217206
2025-12-02,374.0058288574219,3695491
2025-12-03,370.35406494140625,4650434
2025-12-04,374.1044921875,3135061
2025-12-05,374.9927673339844,3154258
2025-12-08,372.42669677734375,3911363
2025-12-09,374.40057373046875,4242651
2025-12-10,377.1640319824219,4752336
2025-12-11,378.98992919921875,2695140
2025-12-12,378.348388671875,1410201
2025-12-15,379.4340515136719,1870236
2025-12-16,376.6212463378906,5109787
2025-12-17,379.7301330566406,3651138
2025-12-18,380.27294921875,2379619
2025-12-19,380.56903076171875,3611941
2025-12-22,381.2105712890625,3112021
2025-12-23,395.1759338378906,18487395
2025-12-24,397.1004943847656,17624423
2025-12-26,396.9031066894531,5435637
2025-12-29,395.42266845703125,6105510
2025-12-30,392.8072509765625,4418163
2025-12-31,393.7942199707031,4644679
2026-01-01,395.2253112792969,3161157
2026-01-02,422.317138671875,35090129
2026-01-05,421.8730163574219,17258568
2026-01-06,421.47821044921875,6308113
2026-01-07,426.0182189941406,8920605
2026-01-08,419.70172119140625,5991259
2026-01-09,412.8917541503906,7306605
2026-01-12,426.65972900390625,14407896
2026-01-13,423.3041076660156,7104004
2026-01-14,426.5610656738281,17125550
2026-01-15,426.5610656738281,0
2026-01-16,425.376708984375,6410141
2026-01-19,424.53778076171875,7105031
2026-01-20,409.88153076171875,6768420
2026-01-21,408.6478271484375,7312100
2026-01-22,417.678466796875,11497522
2026-01-23,412.94110107421875,6520896
2026-01-27,417.38238525390625,8749844
2026-01-28,438.25640869140625,17496873
2026-01-29,449.80377197265625,16915601
2026-01-30,434.9994812011719,10191610
2026-02-02,417.97454833984375,9618062
2026-02-03,423.7975769042969,13955805
2026-02-04,429.2257995605469,11476290
2026-02-05,426.2156066894531,5252658
2026-02-06,427.1531982421875,4738027
2026-02-09,426.06756591796875,4512635
2026-02-10,425.3273620605469,5103221
2026-02-11,417.7278137207031,5715603
2026-02-12,413.6813049316406,5987886
2026-02-13,403.6144104003906,8190851
2026-02-16,416.98760986328125,9719418
2026-02-17,416.04998779296875,4564907
2026-02-18,418.0,4872345
2026-02-19,416.1499938964844,3824366
2026-02-20,423.54998779296875,8843227
2026-02-23,426.0,6515765
