date,adj_close,volume
2015-01-01,597.1714477539062,378210
2015-01-02,599.198974609375,430070
2015-01-05,585.6205444335938,1468825
2015-01-06,570.2100219726562,1956675
2015-01-07,565.3087158203125,1597185
2015-01-08,570.3495483398438,1394180
2015-01-09,588.4849853515625,2968190
2015-01-12,596.5669555664062,1671110
2015-01-13,599.5617065429688,2453370
2015-01-14,596.7530517578125,1656545
2015-01-15,602.7610473632812,2218360
2015-01-16,611.1776123046875,2110020
2015-01-19,618.2645874023438,1243345
2015-01-20,614.9722290039062,1488550
2015-01-21,620.4873657226562,2155780
2015-01-22,625.2119140625,1228990
2015-01-23,623.0449829101562,2207395
2015-01-27,597.5250244140625,2061520
2015-01-28,602.48193359375,1248555
2015-01-29,625.5930786132812,7008190
2015-01-30,601.403076171875,3163790
2015-02-02,583.8906860351562,1931265
2015-02-03,574.2277221679688,2612865
2015-02-04,576.041259765625,1074225
2015-02-05,571.4189453125,2110710
2015-02-06,566.25732421875,1222480
2015-02-09,576.4505004882812,1760745
2015-02-10,582.2909545898438,1694925
2015-02-11,586.364501953125,1164455
2015-02-12,619.6224365234375,2286200
2015-02-13,621.9940185546875,1055275
2015-02-16,623.3518676757812,749685
2015-02-18,623.9097900390625,1048480
2015-02-19,629.2389526367188,858420
2015-02-20,633.1450805664062,757390
2015-02-23,630.5223999023438,2079990
2015-02-24,624.9329223632812,1082050
2015-02-25,609.9779663085938,2027820
2015-02-26,604.927978515625,2485045
2015-02-27,609.736083984375,2169240
2015-03-02,629.9364013671875,1361095
2015-03-03,633.88916015625,1999645
2015-03-04,630.643310546875,1453640
2015-03-05,640.138916015625,1404490
2015-03-09,644.9842529296875,1170590
2015-03-10,639.3577270507812,1110320
2015-03-11,645.0679931640625,1548505
2015-03-12,638.5205688476562,1841340
2015-03-13,628.0577392578125,970535
2015-03-16,616.2371215820312,1089025
2015-03-17,639.385498046875,1772035
2015-03-18,637.4510498046875,852305
2015-03-19,637.013916015625,1389765
2015-03-20,637.367431640625,1539650
2015-03-23,643.3287353515625,948465
2015-03-24,653.14990234375,2612275
2015-03-25,652.9918823242188,1969915
2015-03-26,640.9201049804688,2686595
2015-03-27,635.2840576171875,1219560
2015-03-30,637.1255493164062,1409625
2015-03-31,648.927734375,1400455
2015-04-01,657.2793579101562,1413925
2015-04-06,684.101318359375,2183820
2015-04-07,685.4031982421875,1164730
2015-04-08,698.5353393554688,2219855
2015-04-09,695.7080078125,1549295
2015-04-10,706.3383178710938,1077135
2015-04-13,705.9569702148438,1317300
2015-04-15,698.1912231445312,1468240
2015-04-16,684.5570678710938,1167935
2015-04-17,678.3909301757812,1292220
2015-04-20,663.4825439453125,1514980
2015-04-21,643.9519653320312,1936100
2015-04-22,664.0964965820312,1698220
2015-04-23,656.3770751953125,858435
2015-04-24,648.0720825195312,931160
2015-04-27,629.7411499023438,2723495
2015-04-28,634.6981201171875,1383945
2015-04-29,629.1551513671875,1168845
2015-04-30,615.7255249023438,4007680
2015-05-04,631.4989624023438,1264110
2015-05-05,632.91259765625,1574005
2015-05-06,623.7517700195312,2039700
2015-05-07,610.638427734375,2099680
2015-05-08,623.2030639648438,1342365
2015-05-11,624.9236450195312,1216890
2015-05-12,645.2352905273438,6354760
2015-05-13,649.9320678710938,1952595
2015-05-14,654.6287841796875,1084320
2015-05-15,650.3599243164062,977035
2015-05-18,673.7965087890625,1734110
2015-05-19,676.31689453125,1934910
2015-05-20,671.248291015625,1224490
2015-05-21,673.1921997070312,1149350
2015-05-22,677.553955078125,1027005
2015-05-25,666.9144287109375,1001045
2015-05-26,659.8089599609375,1452145
2015-05-27,667.1376342773438,1199620
2015-05-28,656.218994140625,1456865
2015-05-29,657.5767822265625,3791700
2015-06-01,658.172119140625,792215
2015-06-02,646.1375122070312,861195
2015-06-03,637.6370849609375,741335
2015-06-04,636.51171875,827575
2015-06-05,635.3212890625,762220
2015-06-08,633.7308959960938,927440
2015-06-09,617.892578125,1080750
2015-06-10,626.2070922851562,886690
2015-06-11,616.1906127929688,947190
2015-06-12,617.08349609375,778335
2015-06-15,617.6507568359375,1237170
2015-06-16,611.3265380859375,1597855
2015-06-17,622.5985107421875,1806375
2015-06-18,628.2252197265625,2159880
2015-06-19,629.5830078125,1766225
2015-06-22,637.2369995117188,1036010
2015-06-23,640.4829711914062,766625
2015-06-24,638.8460693359375,1369165
2015-06-25,648.3138427734375,2353050
2015-06-26,656.6189575195312,1224430
2015-06-29,654.9541625976562,1130240
2015-06-30,662.0783081054688,1976490
2015-07-01,664.7101440429688,1313440
2015-07-02,659.892578125,718390
2015-07-03,667.342041015625,704885
2015-07-06,691.3276977539062,2391555
2015-07-07,695.6522216796875,1952545
2015-07-08,692.0994873046875,1690125
2015-07-09,694.1827392578125,964305
2015-07-10,701.3733520507812,856355
2015-07-13,702.803955078125,965105
2015-07-14,705.5715942382812,1374640
2015-07-15,713.4352416992188,966060
2015-07-16,723.0662841796875,1071235
2015-07-17,725.0391235351562,1133300
2015-07-20,734.9879760742188,869360
2015-07-21,720.569580078125,746460
2015-07-22,719.559814453125,689905
2015-07-23,731.8368530273438,2702115
2015-07-24,730.9953002929688,1587895
2015-07-27,720.8876342773438,1698575
2015-07-28,701.1114501953125,2594915
2015-07-29,694.239013671875,2177750
2015-07-30,731.78076171875,6650085
2015-07-31,762.2630615234375,3523830
2015-08-03,774.942138671875,1823225
2015-08-04,778.2802734375,2000230
2015-08-05,783.8998413085938,1442725
2015-08-06,797.8881225585938,2328085
2015-08-07,796.438720703125,1073790
2015-08-10,796.59765625,1460555
2015-08-11,789.8934936523438,1371000
2015-08-12,799.4589233398438,1430370
2015-08-13,802.5913696289062,1165870
2015-08-14,796.2330322265625,1352505
2015-08-17,781.9642944335938,1080150
2015-08-18,783.8157348632812,2100885
2015-08-19,791.2867431640625,2782205
2015-08-20,803.311279296875,3407185
2015-08-21,793.6710815429688,2078250
2015-08-24,756.1198120117188,2007385
2015-08-25,767.73291015625,2271915
2015-08-26,759.4766235351562,2203760
2015-08-27,772.3615112304688,3239700
2015-08-28,781.83349609375,1473675
2015-08-31,804.6296997070312,2316040
2015-09-01,794.6154174804688,2487615
2015-09-02,785.4614868164062,1677550
2015-09-03,787.15380859375,1048115
2015-09-04,757.9151000976562,1829070
2015-09-07,738.0267944335938,1125360
2015-09-08,743.8335571289062,2082665
2015-09-09,755.7084350585938,3668120
2015-09-10,743.0853881835938,3044895
2015-09-11,750.6871948242188,1981335
2015-09-14,756.0169677734375,2069560
2015-09-15,747.3865356445312,1808375
2015-09-16,749.9765625,1729805
2015-09-18,749.125732421875,2746650
2015-09-21,740.0465698242188,1059220
2015-09-22,734.8851318359375,1332170
2015-09-23,735.7827758789062,878465
2015-09-24,742.4682006835938,2595465
2015-09-28,783.7970581054688,4571020
2015-09-29,763.2634887695312,2578965
2015-09-30,778.3923950195312,2746920
2015-10-01,791.5952758789062,1986180
2015-10-05,781.739990234375,1572510
2015-10-06,794.1292724609375,1675200
2015-10-07,784.6011962890625,1330320
2015-10-08,790.14599609375,1642270
2015-10-09,796.2517700195312,1328605
2015-10-12,783.0957641601562,1210975
2015-10-13,790.6788330078125,1329840
2015-10-14,784.84423828125,1101435
2015-10-15,786.8265380859375,1268355
2015-10-16,798.5238647460938,1019710
2015-10-19,813.0358276367188,1683600
2015-10-20,807.8181762695312,1816010
2015-10-21,780.496337890625,4546375
2015-10-23,783.2640380859375,7302805
2015-10-26,785.5736694335938,4354730
2015-10-27,781.5248413085938,4071250
2015-10-28,769.2852172851562,3227090
2015-10-29,789.4259033203125,6075625
2015-10-30,800.375244140625,5226980
2015-11-02,803.4422607421875,2237600
2015-11-03,810.7075805664062,2533870
2015-11-04,808.4166870117188,1432455
2015-11-05,794.671630859375,1511245
2015-11-06,678.9603881835938,20077465
2015-11-09,654.7427978515625,8571740
2015-11-10,622.8672485351562,9468305
2015-11-13,633.8820190429688,8533480
2015-11-16,656.2483520507812,6525455
2015-11-17,643.5503540039062,3942100
2015-11-18,629.6463623046875,3717640
2015-11-19,613.5916748046875,19031830
2015-11-20,627.0562744140625,3921190
2015-11-23,637.5567626953125,2838850
2015-11-24,633.5267944335938,1607540
2015-11-26,579.8648071289062,13707815
2015-11-27,579.5936889648438,6941180
2015-11-30,581.5947265625,3855655
2015-12-01,600.4638061523438,5924780
2015-12-02,608.0844116210938,4179595
2015-12-03,602.8479614257812,1960590
2015-12-04,597.5839233398438,1629340
2015-12-07,594.6665649414062,1733125
2015-12-08,572.8428344726562,4393125
2015-12-09,560.1261596679688,5197810
2015-12-10,560.1448364257812,3435450
2015-12-11,555.2265625,2429255
2015-12-14,562.96875,1876560
2015-12-15,559.939208984375,1973825
2015-12-16,561.865234375,1604035
2015-12-17,564.3806762695312,2461875
2015-12-18,556.1990356445312,2192485
2015-12-21,562.791015625,1833850
2015-12-22,561.2296142578125,951540
2015-12-23,565.6242065429688,863570
2015-12-24,562.8939208984375,1132870
2015-12-28,583.5956420898438,3759550
2015-12-29,579.818115234375,3116650
2015-12-30,583.6796875,3166420
2015-12-31,581.3328247070312,2729505
2016-01-01,581.3328247070312,859300
2016-01-04,571.4962768554688,1669965
2016-01-05,574.2359619140625,1507525
2016-01-06,569.6729125976562,1333990
2016-01-07,559.4903564453125,2419515
2016-01-08,563.02490234375,1854355
2016-01-11,548.2136840820312,2329895
2016-01-12,546.6708984375,2357910
2016-01-13,540.630615234375,1875845
2016-01-14,545.128173828125,1956610
2016-01-15,549.03662109375,1705645
2016-01-18,537.6292114257812,1377180
2016-01-19,545.2216186523438,1225980
2016-01-20,536.7315063476562,1976660
2016-01-21,515.5996704101562,3119925
2016-01-22,539.0223388671875,1922080
2016-01-25,542.9308471679688,943135
2016-01-27,555.9745483398438,2136065
2016-01-28,563.1183471679688,3050750
2016-01-29,580.7344970703125,4349920
2016-02-01,570.467529296875,2828705
2016-02-02,570.0936279296875,2046945
2016-02-03,562.575927734375,1709585
2016-02-04,562.6414184570312,1690605
2016-02-05,581.4263916015625,2201340
2016-02-08,574.179931640625,1702935
2016-02-09,553.4686279296875,5609845
2016-02-10,539.52734375,3199525
2016-02-11,539.5833740234375,3930550
2016-02-12,532.4957885742188,2541695
2016-02-15,534.6650390625,1903910
2016-02-16,534.0292358398438,1654515
2016-02-17,553.6743774414062,3638300
2016-02-18,580.3978881835938,5658600
2016-02-19,572.0198974609375,1927980
2016-02-22,581.220703125,1438030
2016-02-23,576.1527709960938,1731230
2016-02-24,563.4923706054688,1986430
2016-02-25,559.98583984375,2799830
2016-02-26,559.9110717773438,1215375
2016-02-29,567.8027954101562,2509475
2016-03-01,565.6148071289062,1597260
2016-03-02,563.8756713867188,1842655
2016-03-03,596.2093505859375,4450185
2016-03-04,608.2900390625,2963165
2016-03-08,602.0813598632812,1503355
2016-03-09,602.15625,1751980
2016-03-10,595.4801025390625,1273630
2016-03-11,600.4545288085938,1540835
2016-03-14,604.71826171875,1689115
2016-03-15,585.9613647460938,1074240
2016-03-16,589.8790283203125,1458955
2016-03-17,584.4932861328125,1481985
2016-03-18,593.058349609375,1904355
2016-03-21,595.10595703125,1624205
2016-03-22,571.86083984375,5177515
2016-03-23,569.9816284179688,2024905
2016-03-28,567.6907348632812,1902365
2016-03-29,550.0465087890625,2533990
2016-03-30,563.950439453125,1805565
2016-03-31,567.6065063476562,3311230
2016-04-01,557.2742919921875,1585615
2016-04-04,563.2210693359375,1532140
2016-04-05,561.0050659179688,1418750
2016-04-06,561.2949829101562,1148040
2016-04-07,567.7093505859375,1792820
2016-04-08,568.3451538085938,1104765
2016-04-11,566.4937744140625,1142755
2016-04-12,576.498779296875,1435325
2016-04-13,579.6311645507812,1819860
2016-04-18,578.0509643554688,2260020
2016-04-20,581.361083984375,1775285
2016-04-21,585.559326171875,1538560
2016-04-22,587.5695190429688,1214865
2016-04-25,582.7447509765625,902240
2016-04-26,583.511474609375,886920
2016-04-27,585.4751586914062,966445
2016-04-28,576.6109008789062,1641560
2016-04-29,577.6114501953125,1937975
2016-05-02,563.2305297851562,1065565
2016-05-03,553.421875,1743355
2016-05-04,548.5503540039062,1170210
2016-05-05,547.8490600585938,1009435
2016-05-06,536.0208740234375,1220560
2016-05-09,531.112060546875,1968910
2016-05-10,546.8953857421875,2237095
2016-05-11,536.4696655273438,1815880
2016-05-12,555.6846313476562,8655965
2016-05-13,545.53955078125,3378110
2016-05-16,561.47265625,3630650
2016-05-17,564.3431396484375,1535665
2016-05-18,565.7550659179688,1257295
2016-05-19,565.811279296875,1812590
2016-05-20,567.3446044921875,1137700
2016-05-23,566.5966796875,1195245
2016-05-24,565.7271118164062,884955
2016-05-25,570.6641235351562,1047270
2016-05-26,577.9853515625,1407535
2016-05-27,582.7261352539062,908980
2016-05-30,592.8619384765625,1377375
2016-05-31,595.2650146484375,2781820
2016-06-01,595.2743530273438,971200
2016-06-02,594.1336059570312,1192120
2016-06-03,590.9638671875,1693175
2016-06-06,589.2993774414062,1994080
2016-06-07,590.1876831054688,2996330
2016-06-08,586.8216552734375,1182665
2016-06-09,574.2920532226562,2852425
2016-06-10,573.3289184570312,1481405
2016-06-13,577.52734375,1983470
2016-06-14,579.2197265625,1349660
2016-06-15,577.2467651367188,1088955
2016-06-16,570.0469970703125,5407740
2016-06-17,561.5755004882812,5331775
2016-06-20,571.6740112304688,712150
2016-06-21,570.196533203125,662355
2016-06-22,580.6784057617188,1533625
2016-06-23,593.1051025390625,1082000
2016-06-24,589.6828002929688,1491785
2016-06-27,607.1400146484375,2081950
2016-06-28,612.0863037109375,2009200
2016-06-29,612.3948974609375,2120195
2016-06-30,632.4047241210938,3062975
2016-07-01,651.5543823242188,2745410
2016-07-04,642.3721923828125,1702580
2016-07-05,645.2802734375,1583845
2016-07-07,659.1657104492188,3010480
2016-07-08,665.9819946289062,1073090
2016-07-11,678.1748657226562,1339315
2016-07-12,672.5459594726562,1405505
2016-07-13,676.1458740234375,931630
2016-07-14,670.0869140625,1085130
2016-07-15,670.9844360351562,1368450
2016-07-18,670.9374389648438,1135725
2016-07-19,674.3506469726562,914720
2016-07-20,691.4168090820312,1512415
2016-07-21,680.1993408203125,1209170
2016-07-22,676.9739990234375,1585395
2016-07-25,654.8773803710938,2805770
2016-07-26,624.2807006835938,7676225
2016-07-27,560.4448852539062,23594215
2016-07-28,556.5993041992188,5719065
2016-07-29,552.0107421875,3448735
2016-08-01,560.50146484375,3112110
2016-08-02,559.9091186523438,2047300
2016-08-03,552.7252807617188,1737965
2016-08-04,557.1069946289062,1502550
2016-08-05,565.8046875,1488330
2016-08-08,570.9761352539062,2015970
2016-08-09,571.37109375,1210050
2016-08-10,564.102783203125,1249310
2016-08-11,566.2089233398438,1139890
2016-08-12,566.265380859375,1209155
2016-08-16,565.4567260742188,1523125
2016-08-17,565.0429077148438,1763255
2016-08-18,569.28369140625,1323700
2016-08-19,566.077392578125,869430
2016-08-22,566.61328125,866895
2016-08-23,565.8987426757812,1088960
2016-08-24,571.6531982421875,1269565
2016-08-25,573.6277465820312,2323985
2016-08-26,571.7660522460938,1172565
2016-08-29,573.9757080078125,729315
2016-08-30,581.2347412109375,1078005
2016-08-31,581.0653076171875,2390975
2016-09-01,582.5322265625,1361525
2016-09-02,587.3088989257812,981150
2016-09-06,589.1893920898438,662725
2016-09-07,590.2802734375,762925
2016-09-08,599.6078491210938,1002560
2016-09-09,600.519775390625,997660
2016-09-12,590.0451049804688,837335
2016-09-14,593.8438110351562,702670
2016-09-15,590.3930053710938,559065
2016-09-16,592.4052124023438,1041815
2016-09-19,593.7591552734375,664425
2016-09-20,593.8438110351562,1405770
2016-09-21,592.941162109375,1250240
2016-09-22,592.245361328125,1438040
2016-09-23,598.4324340820312,775585
2016-09-26,601.7139892578125,1160760
2016-09-27,600.0308227539062,873535
2016-09-28,601.8456420898438,1185835
2016-09-29,589.6314086914062,2161055
2016-09-30,584.3658447265625,1185890
2016-10-03,594.3609619140625,1080630
2016-10-04,592.066650390625,792700
2016-10-05,587.3276977539062,904875
2016-10-06,578.6770629882812,802650
2016-10-07,574.3800048828125,902585
2016-10-10,578.9591064453125,1585075
2016-10-13,573.599609375,1939985
2016-10-14,570.0453491210938,2060800
2016-10-17,569.61279296875,1004740
2016-10-18,572.6969604492188,776260
2016-10-19,576.4862670898438,1071645
2016-10-20,578.9873657226562,504830
2016-10-21,585.53173828125,1568765
2016-10-24,580.9525756835938,1368975
2016-10-25,601.8926391601562,5564420
2016-10-26,609.7344970703125,2462735
2016-10-27,625.249267578125,3454425
2016-10-28,632.517578125,2748385
2016-11-01,625.5877075195312,1557965
2016-11-02,613.2135009765625,2000180
2016-11-03,613.505126953125,804100
2016-11-04,579.1566772460938,3160050
2016-11-07,584.2247924804688,1145850
2016-11-08,586.5472412109375,1515015
2016-11-09,617.3038330078125,3319875
2016-11-10,616.4951782226562,1567985
2016-11-11,612.35791015625,1673675
2016-11-15,622.59765625,1595030
2016-11-16,603.8390502929688,1684820
2016-11-17,603.1243286132812,1160635
2016-11-18,604.5725708007812,1093480
2016-11-21,589.443359375,1215280
2016-11-22,587.0455932617188,1066840
2016-11-23,588.3525390625,1548100
2016-11-24,585.1744384765625,1484920
2016-11-25,595.8466186523438,1520805
2016-11-28,596.6835327148438,1021955
2016-11-29,599.5701293945312,1211525
2016-11-30,601.1968383789062,3023250
2016-12-01,609.0670166015625,1061115
2016-12-02,598.1126708984375,1705250
2016-12-05,595.790283203125,2031470
2016-12-06,601.0087890625,575135
2016-12-07,598.7333374023438,767295
2016-12-08,603.9801025390625,1314555
2016-12-09,599.2222900390625,582285
2016-12-12,591.9821166992188,556605
2016-12-13,595.5457763671875,398070
2016-12-14,591.9444580078125,448350
2016-12-15,584.3846435546875,612955
2016-12-16,584.4410400390625,800170
2016-12-19,577.1161499023438,1089050
2016-12-20,572.9130859375,1250775
2016-12-21,571.0984497070312,1171200
2016-12-22,566.490966796875,1264925
2016-12-23,563.8958740234375,716295
2016-12-26,561.5358276367188,533075
2016-12-27,570.7410888671875,677985
2016-12-28,577.2478637695312,736635
2016-12-29,576.6273193359375,953795
2016-12-30,575.527099609375,885245
2017-01-02,579.8524169921875,477630
2017-01-03,577.7838134765625,554600
2017-01-04,581.3380126953125,1179225
2017-01-05,589.7911987304688,1218265
2017-01-06,594.0977783203125,1770195
2017-01-09,575.4894409179688,1401490
2017-01-10,572.0386962890625,1230110
2017-01-11,572.1514892578125,1385185
2017-01-12,565.7670288085938,2171950
2017-01-13,560.3604125976562,987580
2017-01-16,561.4041137695312,1008200
2017-01-17,559.758544921875,588425
2017-01-18,554.3989868164062,2155100
2017-01-19,552.9322509765625,1407100
2017-01-20,554.27685546875,1204385
2017-01-23,549.8104858398438,1196865
2017-01-24,559.1569213867188,996480
2017-01-25,563.4727172851562,1638155
2017-01-27,563.1436157226562,960555
2017-01-30,567.3749389648438,963170
2017-01-31,567.7039794921875,723155
2017-02-01,564.3941040039062,1332865
2017-02-02,582.41943359375,2519370
2017-02-03,591.3519287109375,1382600
2017-02-06,582.3723754882812,2484805
2017-02-07,576.4110717773438,966585
2017-02-08,567.0740356445312,1913425
2017-02-09,568.5126342773438,943990
2017-02-10,559.6646118164062,1575005
2017-02-13,557.9533081054688,752775
2017-02-14,553.1578369140625,1403590
2017-02-15,547.497314453125,955495
2017-02-16,549.725830078125,6839345
2017-02-17,547.751220703125,4487480
2017-02-20,545.1278686523438,2801810
2017-02-21,544.2440185546875,7622450
2017-02-22,545.9647216796875,4282200
2017-02-23,542.993408203125,3736795
2017-02-27,537.2764892578125,3574905
2017-02-28,535.9506225585938,2713290
2017-03-01,549.7445678710938,4490315
2017-03-02,539.8152465820312,2129260
2017-03-03,539.9280395507812,1456010
2017-03-06,537.6243896484375,1060050
2017-03-07,536.3927001953125,1049300
2017-03-08,535.3583374023438,1830855
2017-03-09,508.66387939453125,10976435
2017-03-10,510.732421875,2744225
2017-03-14,515.4620361328125,2489210
2017-03-15,515.1986694335938,1389340
2017-03-16,517.4741821289062,1559495
2017-03-17,514.5687255859375,1816910
2017-03-20,514.2114868164062,2005400
2017-03-21,493.31842041015625,7268165
2017-03-22,494.5218811035156,4430915
2017-03-23,494.81341552734375,1580595
2017-03-24,494.27740478515625,1725910
2017-03-27,494.9544677734375,1781095
2017-03-28,496.045166015625,757685
2017-03-29,495.27410888671875,1638910
2017-03-30,491.43792724609375,3599995
2017-03-31,495.02960205078125,1475205
2017-04-03,516.11083984375,3442145
2017-04-05,515.52783203125,5168335
2017-04-06,511.1555480957031,1452065
2017-04-07,500.4833068847656,1614060
2017-04-10,495.6879577636719,952460
2017-04-11,494.2304382324219,701145
2017-04-12,497.38031005859375,1226155
2017-04-13,496.64697265625,797180
2017-04-17,500.4644775390625,2340540
2017-04-18,494.2962646484375,1064085
2017-04-19,490.3376770019531,1012230
2017-04-20,491.29681396484375,739165
2017-04-21,490.7608642578125,550770
2017-04-24,491.3531799316406,694280
2017-04-25,497.58721923828125,1375775
2017-04-26,490.9488830566406,1617520
2017-04-27,488.2972717285156,2010110
2017-04-28,488.7862548828125,681870
2017-05-02,485.683349609375,1116720
2017-05-03,488.1186218261719,641200
2017-05-04,490.0744323730469,606545
2017-05-05,489.51019287109375,684185
2017-05-08,489.0400695800781,551390
2017-05-09,485.40118408203125,511765
2017-05-10,489.4820556640625,1834655
2017-05-11,487.8177185058594,1070850
2017-05-12,485.3353576660156,6152355
2017-05-15,503.2007141113281,4733780
2017-05-16,512.2838134765625,2202310
2017-05-17,514.6909790039062,2049090
2017-05-18,503.79315185546875,1412055
2017-05-19,499.5617980957031,1303385
2017-05-22,490.58209228515625,772310
2017-05-23,485.0815124511719,1422140
2017-05-24,473.2997741699219,1831575
2017-05-25,456.5440368652344,4041550
2017-05-26,454.0428771972656,3605155
2017-05-29,456.19610595703125,2717540
2017-05-30,466.6331481933594,2189925
2017-05-31,474.6255798339844,3930430
2017-06-01,474.42816162109375,1622510
2017-06-02,480.3895568847656,1466455
2017-06-05,476.8822937011719,1123385
2017-06-06,479.41162109375,860555
2017-06-07,477.7849426269531,1235945
2017-06-08,495.76318359375,4227380
2017-06-09,494.36212158203125,1031055
2017-06-12,494.6347351074219,692145
2017-06-13,493.9671936035156,679580
2017-06-14,501.9783020019531,3744195
2017-06-15,507.8457336425781,3473260
2017-06-16,504.4794921875,1852690
2017-06-19,499.7498779296875,2209015
2017-06-20,503.24774169921875,982635
2017-06-21,505.31634521484375,896080
2017-06-22,495.640869140625,858935
2017-06-23,497.16412353515625,1164040
2017-06-27,498.93182373046875,1329355
2017-06-28,498.67791748046875,959840
2017-06-29,498.6309509277344,907940
2017-06-30,505.8900451660156,1638215
2017-07-03,504.4700927734375,723230
2017-07-04,493.4029846191406,1321265
2017-07-05,501.1603698730469,906630
2017-07-06,501.7151184082031,624680
2017-07-07,508.7672424316406,1424960
2017-07-10,512.6787109375,200975
2017-07-11,506.106201171875,804630
2017-07-12,505.8900451660156,1065875
2017-07-13,506.6232604980469,685915
2017-07-14,508.3157653808594,976430
2017-07-17,511.0157165527344,1009480
2017-07-18,515.126953125,1505540
2017-07-19,525.5565185546875,1823010
2017-07-20,521.028564453125,939445
2017-07-21,523.3872680664062,1412580
2017-07-24,510.86407470703125,2589475
2017-07-25,510.0493469238281,1874800
2017-07-26,512.92919921875,873325
2017-07-27,496.44635009765625,9113325
2017-07-28,467.0045166015625,7744985
2017-07-31,451.516357421875,7625340
2017-08-01,460.6766662597656,5170390
2017-08-02,450.6353759765625,2852295
2017-08-03,440.291015625,3887925
2017-08-04,424.30072021484375,6133195
2017-08-07,418.1244201660156,3680390
2017-08-08,397.0377197265625,6804955
2017-08-09,388.07635498046875,5624935
2017-08-10,368.39166259765625,7700035
2017-08-11,381.0285339355469,9289565
2017-08-14,379.304443359375,4216350
2017-08-16,379.91070556640625,3310680
2017-08-17,381.0474853515625,2700655
2017-08-18,375.50579833984375,1746485
2017-08-21,365.86236572265625,2091475
2017-08-22,375.9130859375,3860820
2017-08-23,384.77972412109375,4049980
2017-08-24,395.61676025390625,5624835
2017-08-28,388.2752990722656,4220880
2017-08-29,386.88275146484375,3036830
2017-08-30,386.28594970703125,2007245
2017-08-31,382.8757019042969,4189045
2017-09-01,420.13262939453125,18067945
2017-09-04,415.8792724609375,4736175
2017-09-05,418.54119873046875,2567635
2017-09-06,416.2203369140625,2636260
2017-09-07,421.53460693359375,2456970
2017-09-08,409.7030029296875,8597120
2017-09-11,409.13458251953125,2226885
2017-09-12,410.3186950683594,2589985
2017-09-13,420.09478759765625,3776210
2017-09-14,426.91522216796875,3066270
2017-09-15,418.9295349121094,3364005
2017-09-18,424.77435302734375,3654810
2017-09-19,424.6795959472656,2833950
2017-09-20,438.53851318359375,6665490
2017-09-21,471.0968017578125,20286820
2017-09-22,465.6404724121094,9956755
2017-09-25,457.9674072265625,4555245
2017-09-26,449.1575927734375,7122180
2017-09-27,436.6438903808594,4677680
2017-09-28,450.03857421875,14078165
2017-09-29,441.2003479003906,5667975
2017-10-03,442.4886779785156,4894300
2017-10-04,452.3499450683594,5939900
2017-10-05,452.6435852050781,3797520
2017-10-06,450.12384033203125,2668810
2017-10-09,456.39495849609375,3165240
2017-10-10,456.8495788574219,1581675
2017-10-11,449.4228515625,2251475
2017-10-12,450.8817138671875,2080470
2017-10-13,446.0694580078125,1708945
2017-10-16,455.3623352050781,1933290
2017-10-17,451.1658935546875,1535550
2017-10-18,451.9331359863281,1665570
2017-10-19,449.59332275390625,236515
2017-10-23,448.2955627441406,1819780
2017-10-24,447.8124694824219,973365
2017-10-25,445.00848388671875,1478480
2017-10-26,444.15594482421875,2246210
2017-10-27,453.74249267578125,2174680
2017-10-30,461.9933776855469,4161095
2017-10-31,460.03253173828125,9786665
2017-11-01,446.0221252441406,5880460
2017-11-02,456.85906982421875,6199435
2017-11-03,458.31793212890625,2883230
2017-11-06,453.2309265136719,1418335
2017-11-07,450.5312194824219,2591750
2017-11-08,444.58221435546875,2161975
2017-11-09,449.03448486328125,1729270
2017-11-10,444.81903076171875,1048780
2017-11-13,444.1085510253906,1495910
2017-11-14,439.5994873046875,1396310
2017-11-15,437.67645263671875,1122475
2017-11-16,442.1097106933594,1414750
2017-11-17,440.0351867675781,1373285
2017-11-20,430.9128112792969,1367925
2017-11-21,453.5909118652344,11964410
2017-11-22,447.24407958984375,2684365
2017-11-23,436.9375915527344,3433715
2017-11-24,434.815673828125,1730500
2017-11-27,434.7682800292969,1231110
2017-11-28,434.0293884277344,1535515
2017-11-29,431.3580322265625,2875165
2017-11-30,432.73162841796875,7260235
2017-12-01,423.2302551269531,2646440
2017-12-04,424.8406982421875,1477975
2017-12-05,418.5790710449219,1428905
2017-12-06,416.84552001953125,1303650
2017-12-07,416.1161193847656,1172195
2017-12-08,414.0510559082031,1919085
2017-12-11,415.4624938964844,1888965
2017-12-12,427.48358154296875,7411070
2017-12-13,428.3077697753906,2007880
2017-12-14,437.7712097167969,4181020
2017-12-15,449.2997131347656,3718400
2017-12-18,453.7519836425781,2641755
2017-12-19,454.60455322265625,2244795
2017-12-20,446.3631286621094,1459875
2017-12-21,445.5578918457031,1249705
2017-12-22,441.9487609863281,1248010
2017-12-26,447.17779541015625,2054680
2017-12-27,454.756103515625,3467600
2017-12-28,460.3829650878906,3823400
2017-12-29,457.38958740234375,1659835
2018-01-01,455.4855041503906,1210405
2018-01-02,456.4422607421875,1257685
2018-01-03,443.1423034667969,4430010
2018-01-04,456.7453918457031,2793085
2018-01-05,468.60546875,3199500
2018-01-08,469.2117919921875,2929355
2018-01-09,465.6498718261719,1219120
2018-01-10,459.5872802734375,1721640
2018-01-11,459.5020751953125,925725
2018-01-12,463.7269287109375,1778900
2018-01-15,460.7145690917969,784105
2018-01-16,467.7150573730469,1860665
2018-01-17,472.1009521484375,1908940
2018-01-18,466.35089111328125,2920990
2018-01-19,471.8167724609375,1204480
2018-01-22,472.9914245605469,3462075
2018-01-23,477.5099792480469,3650455
2018-01-24,484.89892578125,5631385
2018-01-25,475.11334228515625,13260150
2018-01-29,446.571533203125,5772835
2018-01-30,436.91864013671875,4290010
2018-01-31,421.6103515625,5719535
2018-02-01,408.8409729003906,4841605
2018-02-02,402.3235778808594,4798230
2018-02-05,400.9879455566406,3018190
2018-02-06,397.04718017578125,3816170
2018-02-07,400.0216979980469,1990805
2018-02-08,413.103759765625,4448115
2018-02-09,415.6330261230469,2395615
2018-02-12,417.6128234863281,2413130
2018-02-14,413.6437072753906,1549165
2018-02-15,416.011962890625,1725925
2018-02-16,419.3747863769531,2294485
2018-02-19,407.71368408203125,2811550
2018-02-20,409.9208679199219,3345125
2018-02-21,410.34710693359375,2490025
2018-02-22,402.3046569824219,8326545
2018-02-23,410.5650329589844,3717530
2018-02-26,415.6330261230469,5923745
2018-02-27,423.62811279296875,3380760
2018-02-28,423.864990234375,4963885
2018-03-01,422.7755432128906,2153885
2018-03-05,413.1700744628906,2991720
2018-03-06,412.345947265625,2075000
2018-03-07,407.25897216796875,2462470
2018-03-08,406.0843505859375,2383815
2018-03-09,403.5266418457031,2354070
2018-03-12,407.0315856933594,2652140
2018-03-13,413.3026428222656,2596345
2018-03-14,413.293212890625,1333845
2018-03-15,413.53948974609375,1678835
2018-03-16,405.8475036621094,2971805
2018-03-19,401.62255859375,1460745
2018-03-20,408.6893615722656,1936860
2018-03-21,405.7622375488281,1845300
2018-03-22,399.4343566894531,2052010
2018-03-23,392.6138916015625,2371980
2018-03-26,398.6196594238281,2501400
2018-03-27,398.3260192871094,1622835
2018-03-28,394.1768493652344,3328235
2018-04-02,403.9434509277344,1229875
2018-04-03,402.579345703125,1395115
2018-04-04,396.2325439453125,1768595
2018-04-05,399.9648132324219,1875550
2018-04-06,402.5603942871094,1324225
2018-04-09,401.8877868652344,1116435
2018-04-10,400.15435791015625,2579905
2018-04-11,397.9944763183594,1530100
2018-04-12,390.37823486328125,3396280
2018-04-13,395.9577941894531,2206760
2018-04-16,398.3260192871094,1447925
2018-04-17,398.9133605957031,1468190
2018-04-18,398.1744384765625,1139040
2018-04-19,404.73919677734375,1612750
2018-04-20,402.010986328125,1336685
2018-04-23,404.5970458984375,2725725
2018-04-24,407.3631591796875,4431075
2018-04-25,401.2720947265625,1444495
2018-04-26,393.4759216308594,6777745
2018-04-27,397.435546875,1596720
2018-04-30,399.7279968261719,1113320
2018-05-02,401.3099670410156,991145
2018-05-03,401.8594665527344,900380
2018-05-04,399.1123046875,1822665
2018-05-07,392.0833435058594,1720485
2018-05-08,393.11590576171875,1252220
2018-05-09,391.1076965332031,1271755
2018-05-10,376.9457092285156,3301590
2018-05-11,377.1161804199219,3022440
2018-05-14,382.2789306640625,2908575
2018-05-15,380.52642822265625,2023605
2018-05-16,377.76983642578125,1372185
2018-05-17,374.5869445800781,2330875
2018-05-18,375.50579833984375,2536480
2018-05-21,358.65350341796875,2528680
2018-05-22,380.73486328125,10095680
2018-05-23,370.26727294921875,3670390
2018-05-24,373.79119873046875,2292270
2018-05-25,372.8249816894531,2176245
2018-05-28,377.883544921875,2541820
2018-05-29,375.2595520019531,2453350
2018-05-30,371.6787414550781,1679240
2018-05-31,366.9044189453125,9300890
2018-06-01,367.81378173828125,2209305
2018-06-04,378.158203125,7002105
2018-06-05,371.9818420410156,1826720
2018-06-06,371.4229736328125,2078025
2018-06-07,372.2755432128906,763500
2018-06-08,390.8329162597656,5567795
2018-06-11,394.67901611328125,8061475
2018-06-12,415.0362548828125,10485570
2018-06-13,427.47418212890625,12901270
2018-06-14,429.9560546875,7944815
2018-06-15,445.19793701171875,22284555
2018-06-18,452.0184326171875,11550755
2018-06-19,453.3730163574219,10532330
2018-06-20,448.5892028808594,5748405
2018-06-21,438.86053466796875,5575655
2018-06-22,442.6213073730469,8336385
2018-06-25,433.8873291015625,5713835
2018-06-26,429.5297546386719,3140740
2018-06-27,434.578857421875,7760350
2018-06-28,434.9482421875,6142315
2018-06-29,423.44818115234375,4492115
2018-07-02,424.4523010253906,3871625
2018-07-03,430.7801513671875,3782865
2018-07-04,439.0216369628906,5327675
2018-07-05,435.4976806640625,4154695
2018-07-06,429.8897399902344,2781090
2018-07-09,441.4466857910156,3649485
2018-07-10,439.8930969238281,3329700
2018-07-11,436.0091857910156,4100335
2018-07-12,446.5999450683594,6561835
2018-07-13,439.51422119140625,2334635
2018-07-16,400.16558837890625,18607580
2018-07-17,394.69036865234375,7110920
2018-07-18,394.75726318359375,6097745
2018-07-19,387.79150390625,3813605
2018-07-20,392.129638671875,3778915
2018-07-23,390.1802673339844,2935145
2018-07-24,397.04095458984375,6446885
2018-07-25,399.06671142578125,2693070
2018-07-26,407.5804443359375,9565245
2018-07-27,398.1112365722656,4481590
2018-07-30,395.05352783203125,4039975
2018-07-31,406.63446044921875,7321900
2018-08-01,415.7884521484375,4564515
2018-08-02,425.7546081542969,5198205
2018-08-03,435.92138671875,5065535
2018-08-06,427.00634765625,4178875
2018-08-07,431.6693420410156,2499550
2018-08-08,429.1276550292969,1726995
2018-08-09,427.6369934082031,1953505
2018-08-10,423.16510009765625,1619440
2018-08-13,428.38232421875,1336615
2018-08-14,435.424560546875,2410190
2018-08-16,449.75750732421875,4479940
2018-08-17,451.8022766113281,4445110
2018-08-20,454.9746398925781,1806590
2018-08-21,460.74603271484375,3194790
2018-08-23,470.8077697753906,8122840
2018-08-24,467.72137451171875,2883520
2018-08-27,466.8900451660156,2285610
2018-08-28,461.4244689941406,3752040
2018-08-29,455.5671081542969,3190665
2018-08-30,454.8599853515625,5392990
2018-08-31,476.23516845703125,9906600
2018-09-03,495.6131896972656,15199620
2018-09-04,486.0006408691406,5182295
2018-09-05,490.70184326171875,5635765
2018-09-06,490.5584716796875,5422470
2018-09-07,503.08538818359375,6533160
2018-09-10,489.9756774902344,6619365
2018-09-11,482.4365234375,5684655
2018-09-12,483.3346862792969,6244125
2018-09-14,493.4060363769531,3386665
2018-09-17,490.8547058105469,3458865
2018-09-18,493.84552001953125,5557290
2018-09-19,498.2313537597656,4349735
2018-09-21,488.5136413574219,7055035
2018-09-24,488.0741271972656,3443295
2018-09-25,499.11053466796875,3796255
2018-09-26,497.03692626953125,6031190
2018-09-27,485.5993347167969,5251760
2018-09-28,483.62139892578125,5348515
2018-10-01,479.40753173828125,3811780
2018-10-03,475.7669372558594,3529440
2018-10-04,453.3884582519531,4021070
2018-10-05,457.6119079589844,3684765
2018-10-08,447.2061462402344,3018945
2018-10-09,469.00177001953125,5638370
2018-10-10,474.8209533691406,4467855
2018-10-11,469.92864990234375,2740135
2018-10-12,468.30426025390625,4626930
2018-10-15,490.5393981933594,5616380
2018-10-16,491.8293151855469,3000015
2018-10-17,490.18585205078125,2460045
2018-10-19,487.76837158203125,2184920
2018-10-22,481.471435546875,2781960
2018-10-23,472.7474670410156,4117545
2018-10-24,465.20831298828125,3628220
2018-10-25,456.8379821777344,6696500
2018-10-26,459.52294921875,5628260
2018-10-29,484.0609436035156,5153915
2018-10-30,495.7852783203125,4855195
2018-10-31,485.8764343261719,11364110
2018-11-01,470.4255065917969,6852830
2018-11-02,463.0966491699219,4403540
2018-11-05,462.64752197265625,2647945
2018-11-06,468.37115478515625,1894150
2018-11-07,468.7724914550781,389780
2018-11-09,458.6534118652344,5014635
2018-11-12,461.6251220703125,2439440
2018-11-13,465.9249572753906,2348490
2018-11-14,468.06536865234375,2151265
2018-11-15,470.4637451171875,2493625
2018-11-16,473.3780822753906,2129050
2018-11-19,483.2295837402344,4735110
2018-11-20,466.8996276855469,2705585
2018-11-21,497.218505859375,22429120
2018-11-22,498.537109375,5046020
2018-11-26,488.9627685546875,5648170
2018-11-27,494.72467041015625,5237990
2018-11-28,491.5809326171875,3221465
2018-11-29,507.4427490234375,5241465
2018-11-30,520.2276611328125,7459140
2018-12-03,509.85064697265625,4919170
2018-12-04,516.7591552734375,4577265
2018-12-05,510.5672607421875,2238155
2018-12-06,504.7481689453125,2575765
2018-12-07,514.5614013671875,5898375
2018-12-10,514.1600952148438,5025935
2018-12-11,519.071533203125,4203895
2018-12-12,494.2659606933594,17065640
2018-12-13,496.2725524902344,5189005
2018-12-14,495.2884216308594,2931800
2018-12-17,499.3875732421875,2962015
2018-12-18,504.3850402832031,3696265
2018-12-19,499.5023193359375,4206195
2018-12-20,502.3114929199219,2465430
2018-12-21,498.4129333496094,3739795
2018-12-24,496.8363342285156,2523195
2018-12-26,501.13623046875,3768120
2018-12-27,494.4761657714844,2937890
2018-12-28,501.059814453125,2988500
2018-12-31,500.0278015136719,5132645
2019-01-01,498.2218322753906,1693785
2019-01-02,497.0752258300781,2087755
2019-01-03,492.5459899902344,2709455
2019-01-04,496.8745422363281,2036985
2019-01-07,488.97235107421875,2712075
2019-01-08,491.2369384765625,3447490
2019-01-09,497.46697998046875,2321680
2019-01-10,496.9510192871094,1952070
2019-01-11,494.6099853515625,1583935
2019-01-14,492.8231201171875,1972390
2019-01-15,495.88079833984375,1787885
2019-01-16,500.11383056640625,4730740
2019-01-17,500.5342712402344,3249010
2019-01-18,496.2630310058594,2681365
2019-01-21,496.8363342285156,2975320
2019-01-22,504.5761413574219,3880330
2019-01-23,505.8087158203125,3772630
2019-01-24,509.9557800292969,3057825
2019-01-25,510.7105407714844,3046410
2019-01-28,501.6044006347656,3424970
2019-01-29,509.5735168457031,4338480
2019-01-30,509.372802734375,3285070
2019-01-31,519.9601440429688,6157590
2019-02-01,533.4235229492188,7254975
2019-02-04,522.7119750976562,10747910
2019-02-05,539.1948852539062,8266655
2019-02-06,533.1273803710938,4408975
2019-02-07,539.2617797851562,2809020
2019-02-08,529.3051147460938,3570965
2019-02-11,499.8079833984375,9477310
2019-02-12,506.9076232910156,6546620
2019-02-14,509.72637939453125,2987045
2019-02-15,489.8704833984375,33781355
2019-02-18,490.2909240722656,13437905
2019-02-19,484.8157958984375,11348990
2019-02-20,482.5702819824219,7798610
2019-02-21,494.25640869140625,6551985
2019-02-22,504.4232482910156,6890795
2019-02-25,509.6595153808594,6377575
2019-02-26,506.0093688964844,5065570
2019-02-27,505.8374328613281,3965490
2019-02-28,502.9230651855469,3348795
2019-03-01,505.6653747558594,4428975
2019-03-05,507.2133483886719,3233555
2019-03-06,514.7716064453125,4261975
2019-03-07,512.306396484375,4583795
2019-03-08,499.750732421875,3424030
2019-03-11,501.8719787597656,5568560
2019-03-12,509.6499328613281,2724340
2019-03-13,507.5477600097656,3520390
2019-03-14,506.028564453125,2418560
2019-03-15,508.130615234375,7180270
2019-03-18,510.1468505859375,2272815
2019-03-19,517.6477661132812,4590280
2019-03-20,525.8556518554688,5759745
2019-03-22,525.788818359375,3427005
2019-03-25,531.4552001953125,5049315
2019-03-26,531.7225952148438,2420510
2019-03-27,528.4166259765625,3295160
2019-03-28,519.272216796875,3317795
2019-04-01,534.1019897460938,3959055
2019-04-02,534.8568725585938,2941955
2019-04-03,528.4451293945312,1842580
2019-04-04,529.6204833984375,2192480
2019-04-05,526.3717041015625,2225465
2019-04-08,528.1585083007812,1535035
2019-04-09,526.1709594726562,2065405
2019-04-10,528.406982421875,5386055
2019-04-11,537.3411254882812,3186725
2019-04-12,536.4429321289062,3031110
2019-04-15,533.7197265625,2782595
2019-04-16,539.8923950195312,3857435
2019-04-18,534.9237060546875,2168040
2019-04-22,534.27392578125,1736150
2019-04-23,539.3286743164062,2379440
2019-04-24,546.4473876953125,3740925
2019-04-25,558.9647216796875,5438620
2019-04-26,552.7252197265625,4628615
2019-04-30,560.6560668945312,3006375
2019-05-02,558.0092163085938,2940460
2019-05-03,555.6299438476562,1822665
2019-05-06,558.1430053710938,2055080
2019-05-07,562.3186645507812,2290700
2019-05-08,554.3018188476562,2251990
2019-05-09,554.3208618164062,3655600
2019-05-10,549.6962280273438,1695460
2019-05-13,535.6211547851562,3296000
2019-05-14,536.5480346679688,2424750
2019-05-15,537.6851806640625,2394025
2019-05-16,535.2868041992188,1926500
2019-05-17,524.5847778320312,5803605
2019-05-20,494.8488464355469,13296325
2019-05-21,509.67864990234375,10041680
2019-05-22,507.910888671875,3825980
2019-05-23,504.00286865234375,2733160
2019-05-24,509.0863037109375,2355750
2019-05-27,507.95867919921875,1703280
2019-05-28,506.80255126953125,6261485
2019-05-29,498.9289245605469,3872490
2019-05-30,506.8885498046875,3638095
2019-05-31,511.84765625,4697455
2019-06-03,520.5908203125,2794240
2019-06-04,509.3632507324219,12191965
2019-06-06,507.824951171875,3042480
2019-06-07,493.1862487792969,3912170
2019-06-10,502.46429443359375,3114925
2019-06-11,497.99249267578125,2605765
2019-06-12,494.9061584472656,2644365
2019-06-13,494.6290588378906,1843465
2019-06-14,490.2145690917969,3446035
2019-06-17,488.1123352050781,2634620
2019-06-18,495.2023620605469,3325285
2019-06-19,487.48175048828125,4227975
2019-06-20,490.14764404296875,2840740
2019-06-21,487.6155090332031,2895690
2019-06-24,480.3248291015625,2261305
2019-06-25,484.6533508300781,2186090
2019-06-26,492.8518371582031,2506335
2019-06-27,490.30047607421875,2329305
2019-06-28,487.4053039550781,4298885
2019-07-01,507.35662841796875,5592610
2019-07-02,502.1586608886719,3333410
2019-07-03,496.243896484375,3132990
2019-07-04,497.33319091796875,1840500
2019-07-05,497.0561218261719,2458575
2019-07-08,496.05279541015625,2352875
2019-07-09,496.6547546386719,2041480
2019-07-10,493.94110107421875,1555795
2019-07-11,507.0126953125,3900525
2019-07-12,502.340087890625,3309185
2019-07-15,505.9990234375,2497770
2019-07-16,515.4157104492188,2961595
2019-07-17,513.4514770507812,2367680
2019-07-18,511.3813171386719,2172275
2019-07-19,503.2163391113281,2341240
2019-07-22,506.9425964355469,1745260
2019-07-23,500.5589294433594,2400580
2019-07-24,500.5011291503906,2268320
2019-07-25,511.1020812988281,2581940
2019-07-26,520.8944091796875,2688095
2019-07-29,511.07318115234375,4598165
2019-07-30,492.9812316894531,10986210
2019-07-31,495.7927551269531,4173450
2019-08-01,487.9262390136719,4881245
2019-08-02,487.0500183105469,2969945
2019-08-05,484.2577819824219,1687875
2019-08-06,492.2494201660156,3016085
2019-08-07,492.3649597167969,1581395
2019-08-08,495.282470703125,1276305
2019-08-09,495.5713195800781,1869625
2019-08-13,492.2783203125,1874220
2019-08-14,483.7282409667969,8047285
2019-08-16,479.99237060546875,3989225
2019-08-19,483.1793518066406,3556515
2019-08-20,491.9413757324219,3047550
2019-08-21,482.00469970703125,4254970
2019-08-22,490.169677734375,2648925
2019-08-23,489.3705139160156,2863550
2019-08-26,494.3677062988281,2175030
2019-08-27,489.2646179199219,2915520
2019-08-28,483.7571105957031,2116140
2019-08-29,486.78045654296875,2524850
2019-08-30,492.49981689453125,2876385
2019-09-03,487.7433166503906,1927265
2019-09-04,501.2039489746094,4096285
2019-09-05,516.5614624023438,4488550
2019-09-06,527.63427734375,3959170
2019-09-09,529.4156494140625,3199675
2019-09-11,531.68798828125,3171745
2019-09-12,532.8529663085938,2347310
2019-09-13,526.0167236328125,5949000
2019-09-16,524.8131713867188,4092125
2019-09-17,527.2683715820312,2342715
2019-09-18,528.3468627929688,1821510
2019-09-19,526.2092895507812,2319595
2019-09-20,546.4773559570312,3830525
2019-09-23,532.8915405273438,4645190
2019-09-24,536.3577880859375,3398250
2019-09-25,534.066162109375,2457150
2019-09-26,534.35498046875,2524060
2019-09-27,525.8721923828125,2344830
2019-09-30,520.3743896484375,2749030
2019-10-01,517.8903198242188,4860100
2019-10-03,515.5408325195312,1485000
2019-10-04,504.0925598144531,2221020
2019-10-07,503.851806640625,2596265
2019-10-09,512.89306640625,2332220
2019-10-10,507.1351623535156,1440705
2019-10-11,510.582275390625,2734535
2019-10-14,510.678466796875,1507185
2019-10-15,516.9851684570312,1710795
2019-10-16,520.2202758789062,1639185
2019-10-17,525.2175903320312,1525070
2019-10-18,524.7264404296875,1446395
2019-10-22,541.268310546875,3496720
2019-10-23,544.3399047851562,4897960
2019-10-24,544.0701904296875,3013160
2019-10-25,538.2257080078125,2503975
2019-10-27,536.4251708984375,113015
2019-10-29,539.6796264648438,2668840
2019-10-30,531.4761352539062,2965735
2019-10-31,535.9630126953125,3601190
2019-11-01,530.8406372070312,15004275
2019-11-04,538.7745361328125,4044245
2019-11-05,542.2214965820312,4218310
2019-11-06,551.2723999023438,4502345
2019-11-07,552.88037109375,2205775
2019-11-08,543.4539794921875,1594930
2019-11-11,542.231201171875,1533320
2019-11-13,532.10205078125,2283415
2019-11-14,526.4981689453125,3242840
2019-11-15,525.8721923828125,1894225
2019-11-18,527.0662231445312,2113865
2019-11-19,528.2216186523438,2384625
2019-11-20,546.6410522460938,4989880
2019-11-21,554.4594116210938,4794695
2019-11-22,552.9188842773438,2747755
2019-11-25,562.4319458007812,2343975
2019-11-26,571.1360473632812,5280840
2019-11-27,572.3203735351562,2792575
2019-11-28,573.2349853515625,1282180
2019-11-29,561.1224365234375,2802065
2019-12-02,553.0056762695312,2990275
2019-12-03,550.4346313476562,1906680
2019-12-04,554.1898803710938,2380810
2019-12-05,552.9862670898438,2168805
2019-12-06,556.68359375,4942595
2019-12-09,560.1403198242188,2646785
2019-12-10,557.973876953125,1742585
2019-12-11,556.1058349609375,2032640
2019-12-12,559.5433349609375,2019050
2019-12-13,543.3384399414062,6842090
2019-12-16,542.3468017578125,2301945
2019-12-17,544.3783569335938,1835550
2019-12-18,553.342529296875,2656160
2019-12-19,552.591552734375,1991375
2019-12-20,551.3975830078125,1756605
2019-12-23,560.0728759765625,1961175
2019-12-24,557.6754150390625,1089215
2019-12-26,551.830810546875,1284800
2019-12-27,557.9931640625,1868265
2019-12-30,556.3080444335938,1899395
2019-12-31,553.5543212890625,1516190
2020-01-01,554.4884033203125,773895
2020-01-02,551.6959838867188,1494155
2020-01-03,555.35498046875,1723390
2020-01-06,554.3824462890625,1788685
2020-01-07,555.4126586914062,1788175
2020-01-08,557.9257202148438,1395115
2020-01-09,562.4029541015625,1877480
2020-01-10,564.8101196289062,5635735
2020-01-13,568.9889526367188,2209320
2020-01-14,567.6602172851562,1785850
2020-01-15,562.0467529296875,1924335
2020-01-16,565.6670532226562,1917310
2020-01-17,584.3271484375,5585585
2020-01-20,589.1896362304688,4373565
2020-01-21,589.3533325195312,2853930
2020-01-22,589.6613159179688,2798990
2020-01-23,585.0588989257812,2130840
2020-01-24,583.7590942382812,1363645
2020-01-27,614.0601196289062,20699040
2020-01-28,614.1371459960938,11511345
2020-01-29,606.260986328125,6946015
2020-01-30,607.5319213867188,3366300
2020-01-31,599.7617797851562,3341175
2020-02-03,605.471435546875,2576210
2020-02-04,624.2855834960938,5149785
2020-02-05,603.3916625976562,4781145
2020-02-06,608.3214721679688,2462660
2020-02-07,609.8139038085938,2676165
2020-02-10,606.4246826171875,1477975
2020-02-11,614.5318603515625,3060520
2020-02-12,615.3984375,2843165
2020-02-13,640.2208862304688,8584320
2020-02-14,636.3117065429688,3533430
2020-02-17,634.6266479492188,3203305
2020-02-18,626.1150512695312,3486830
2020-02-19,631.2759399414062,1509105
2020-02-20,626.875732421875,4622330
2020-02-24,611.66259765625,3143085
2020-02-25,594.44677734375,5005135
2020-02-26,592.2225341796875,3810845
2020-02-27,590.6241455078125,4677080
2020-02-28,563.6740112304688,8299780
2020-03-02,559.5240478515625,4444330
2020-03-03,586.1277465820312,5280400
2020-03-04,610.7092895507812,9163610
2020-03-05,613.2321166992188,5228710
2020-03-06,610.63232421875,5629460
2020-03-09,589.50732421875,4992640
2020-03-11,577.827880859375,5845705
2020-03-12,548.9038696289062,3889695
2020-03-13,555.5860595703125,4930170
2020-03-16,544.3880004882812,4715400
2020-03-17,535.577880859375,4684015
2020-03-18,513.865478515625,4366425
2020-03-19,505.2960510253906,4838010
2020-03-20,557.9257202148438,7772855
2020-03-23,533.1129760742188,4816170
2020-03-24,550.357666015625,5340585
2020-03-25,562.6919555664062,4097050
2020-03-26,567.8045654296875,3194975
2020-03-27,561.6327514648438,4007940
2020-03-30,576.6050415039062,5752295
2020-03-31,600.96533203125,5013780
2020-04-01,596.006591796875,3555215
2020-04-03,605.9817504882812,5868365
2020-04-07,690.019775390625,11837790
2020-04-08,709.2382202148438,12611475
2020-04-09,697.4047241210938,9804680
2020-04-13,721.4857177734375,11611945
2020-04-15,733.2325439453125,8625555
2020-04-16,743.4484252929688,7329295
2020-04-17,756.716552734375,9074610
2020-04-20,740.3865966796875,7493955
2020-04-21,773.4413452148438,14239375
2020-04-22,781.2211303710938,8917130
2020-04-23,775.5018310546875,5128285
2020-04-24,770.8223876953125,6330770
2020-04-27,766.4894409179688,5624485
2020-04-28,760.6065063476562,4305840
2020-04-29,747.3094482421875,5198230
2020-04-30,758.0164184570312,10890150
2020-05-04,758.5362548828125,7077435
2020-05-05,738.2972412109375,3978630
2020-05-06,741.8790283203125,4779515
2020-05-07,739.0192260742188,4581335
2020-05-08,767.2019653320312,10017290
2020-05-11,743.70849609375,5974940
2020-05-12,726.6466674804688,5392485
2020-05-13,727.8406372070312,4392175
2020-05-14,718.6741943359375,4485705
2020-05-15,719.2711791992188,4496935
2020-05-18,708.496826171875,4954380
2020-05-19,712.4349365234375,4677020
2020-05-20,752.9902954101562,21083545
2020-05-21,740.9161376953125,8672120
2020-05-22,749.6491088867188,5052550
2020-05-26,744.1513671875,4136880
2020-05-27,747.7523803710938,4308340
2020-05-28,748.6669921875,3962810
2020-05-29,784.0037841796875,9631120
2020-06-01,761.3383178710938,6848855
2020-06-02,750.1210327148438,7451040
2020-06-03,763.04248046875,3694130
2020-06-04,770.0713500976562,5997250
2020-06-05,775.0781860351562,3855025
2020-06-08,764.0438842773438,3559990
2020-06-09,794.1234741210938,11375810
2020-06-10,791.9473266601562,7769840
2020-06-11,781.375244140625,4137580
2020-06-12,771.814208984375,3911520
2020-06-15,772.6517944335938,6959575
2020-06-16,771.3327026367188,3900130
2020-06-17,767.43310546875,3186815
2020-06-18,771.6311645507812,3614150
2020-06-19,771.361572265625,3654715
2020-06-22,776.609130859375,2655980
2020-06-23,791.2445068359375,4799415
2020-06-24,778.4962768554688,2677740
2020-06-25,771.5541381835938,3769375
2020-06-26,770.0134887695312,3719560
2020-06-29,765.2474365234375,2692435
2020-06-30,759.6821899414062,3404710
2020-07-01,753.2310180664062,3117825
2020-07-02,754.9833374023438,3711465
2020-07-03,755.15673828125,2280380
2020-07-06,749.4854736328125,2848085
2020-07-07,736.2944946289062,5179985
2020-07-08,748.46484375,6811290
2020-07-09,750.371337890625,2455715
2020-07-10,752.07568359375,4152955
2020-07-13,755.77734375,2678440
2020-07-14,771.97998046875,6044725
2020-07-15,782.3101806640625,5296965
2020-07-16,804.734130859375,7809325
2020-07-17,798.2608642578125,3712880
2020-07-20,793.095703125,3144360
2020-07-21,781.7482299804688,3316480
2020-07-22,787.1845092773438,4093845
2020-07-23,800.4412841796875,3559780
2020-07-24,788.0276489257812,5479715
2020-07-27,778.28857421875,2909240
2020-07-28,785.197998046875,2592970
2020-07-29,833.8156127929688,24766165
2020-07-30,875.36865234375,31472050
2020-07-31,876.231201171875,7910670
2020-08-03,877.4715576171875,12183250
2020-08-04,898.2869262695312,8332715
2020-08-05,891.7166748046875,5060070
2020-08-06,888.2474365234375,4587005
2020-08-07,886.3966064453125,8326715
2020-08-10,909.1500244140625,8697180
2020-08-11,890.7379760742188,6457605
2020-08-12,875.6691284179688,5353620
2020-08-13,872.5875854492188,4550210
2020-08-14,875.9114379882812,5753920
2020-08-17,875.8629760742188,3388330
2020-08-18,876.1051635742188,3252160
2020-08-19,870.0679321289062,4036070
2020-08-20,867.5,4033835
2020-08-21,870.1648559570312,2438510
2020-08-24,866.831298828125,3676190
2020-08-25,858.1388549804688,3010780
2020-08-26,859.5053100585938,3460010
2020-08-27,859.94140625,4518315
2020-08-28,847.7893676757812,5814245
2020-08-31,826.5476684570312,5944120
2020-09-01,843.4576416015625,4063205
2020-09-02,843.6126708984375,3018485
2020-09-03,859.1952514648438,4691970
2020-09-04,837.7499389648438,6774000
2020-09-07,856.617431640625,6153985
2020-09-08,842.84716796875,7357755
2020-09-09,858.4780883789062,6175435
2020-09-10,848.9232177734375,4355845
2020-09-11,853.080322265625,4434725
2020-09-14,845.8124389648438,2924530
2020-09-15,860.9782104492188,12522330
2020-09-16,896.93994140625,14898945
2020-09-17,935.5762329101562,42149590
2020-09-18,1033.6640625,109935390
2020-09-21,996.578369140625,63716980
2020-09-22,1001.6077880859375,38516740
2020-09-23,989.9403686523438,25066590
2020-09-24,974.3676147460938,25989895
2020-09-25,990.8027954101562,17571115
2020-09-28,994.2235717773438,12487900
2020-09-29,985.3760986328125,7146485
2020-09-30,1005.4550170898438,26977680
2020-10-01,990.773681640625,11385685
2020-10-05,999.9701538085938,9188390
2020-10-06,995.5125122070312,8450035
2020-10-07,989.397705078125,7912070
2020-10-08,1006.7341918945312,11102775
2020-10-09,998.7103271484375,11669875
2020-10-12,1011.7926025390625,9678985
2020-10-13,1001.7628784179688,16819870
2020-10-14,992.89599609375,9322630
2020-10-15,979.9590454101562,8842090
2020-10-16,984.6686401367188,10115525
2020-10-19,980.3273315429688,10753270
2020-10-20,982.8468627929688,6901450
2020-10-21,978.1178588867188,8006955
2020-10-22,973.321044921875,24590740
2020-10-23,972.59423828125,9087405
2020-10-26,964.8126831054688,7040385
2020-10-27,988.3220825195312,9217170
2020-10-28,959.5604248046875,18141410
2020-10-29,957.8064575195312,11551185
2020-10-30,947.4762573242188,6316955
2020-11-02,941.6619262695312,5854965
2020-11-03,945.2861328125,7304100
2020-11-04,956.5757446289062,7607400
2020-11-05,961.0139770507812,5170230
2020-11-06,950.2478637695312,5452210
2020-11-09,945.7319946289062,6028255
2020-11-10,910.5261840820312,9830150
2020-11-11,946.2164916992188,13535220
2020-11-12,935.4987182617188,6582350
2020-11-13,941.32275390625,5459350
2020-11-14,944.259033203125,676080
2020-11-17,927.2230834960938,6416065
2020-11-18,911.6502685546875,6500295
2020-11-19,912.4060668945312,8836445
2020-11-20,905.2835693359375,4774680
2020-11-23,935.866943359375,10763015
2020-11-24,952.6800537109375,9611490
2020-11-25,931.5159301757812,13295580
2020-11-26,949.9376831054688,8336175
2020-11-27,935.9056396484375,10018690
2020-12-01,936.186767578125,5585950
2020-12-02,940.0338134765625,6117260
2020-12-03,954.1433715820312,5174465
2020-12-04,951.3331298828125,6998410
2020-12-07,974.6970825195312,12029520
2020-12-08,972.0030517578125,6638505
2020-12-09,980.0850830078125,6767490
2020-12-10,979.3485717773438,4741470
2020-12-11,972.34228515625,3839815
2020-12-14,973.47607421875,5918125
2020-12-15,975.1331787109375,5025520
2020-12-16,976.6061401367188,4162280
2020-12-17,983.1763916015625,6803005
2020-12-18,1013.3915405273438,18525665
2020-12-21,982.343017578125,9061285
2020-12-22,1000.4158935546875,7764120
2020-12-23,1012.490234375,4062350
2020-12-24,1008.168212890625,3378180
2020-12-28,1008.168212890625,2055865
2020-12-29,1001.1522827148438,4412165
2020-12-30,1002.1890869140625,2376345
2020-12-31,1008.807861328125,6036190
2021-01-01,1015.8336791992188,2915215
2021-01-04,1021.822265625,3923440
2021-01-05,1024.66162109375,4770920
2021-01-06,1024.93310546875,2713390
2021-01-07,1021.5607299804688,3266465
2021-01-08,1034.6138916015625,4045915
2021-01-11,1049.837646484375,4599235
2021-01-12,1037.637451171875,3741860
2021-01-13,1025.2625732421875,3296060
2021-01-14,1028.925537109375,2674860
2021-01-15,1010.3003540039062,2577605
2021-01-18,979.1547241210938,4412055
2021-01-19,986.2870483398438,3990495
2021-01-20,984.6881103515625,3398145
2021-01-21,979.1741943359375,2906620
2021-01-22,976.208740234375,3815610
2021-01-25,985.0272216796875,3588895
2021-01-27,951.478515625,5261980
2021-01-28,944.2105102539062,5165470
2021-01-29,892.0558471679688,14820975
2021-02-01,858.2261352539062,12951700
2021-02-02,868.7597045898438,18375530
2021-02-03,901.1359252929688,17227025
2021-02-04,904.7020874023438,6508800
2021-02-05,930.4693603515625,12038405
2021-02-08,941.8848266601562,10792890
2021-02-09,938.8419799804688,6233845
2021-02-10,934.9561157226562,5767115
2021-02-11,935.14990234375,3557750
2021-02-12,928.7444458007812,2504510
2021-02-15,912.82275390625,4923205
2021-02-16,910.2548217773438,4064700
2021-02-17,891.63916015625,5106775
2021-02-18,894.8177490234375,5147530
2021-02-19,907.3185424804688,6392670
2021-02-22,866.1917114257812,6976565
2021-02-23,871.2114868164062,5317090
2021-02-24,859.6602783203125,3677930
2021-02-25,868.3043212890625,8531875
2021-02-26,857.9159545898438,7534450
2021-03-01,863.119873046875,3545365
2021-03-02,853.6812744140625,9188390
2021-03-03,872.645751953125,4253070
2021-03-04,886.697021484375,7364955
2021-03-05,870.6978149414062,4131845
2021-03-08,870.6494750976562,2782080
2021-03-09,862.1314697265625,2715590
2021-03-10,872.22900390625,3149805
2021-03-12,857.9063110351562,3439260
2021-03-15,841.5777587890625,4608715
2021-03-16,862.4027709960938,4678635
2021-03-17,844.2135009765625,4769865
2021-03-18,816.4791259765625,6054535
2021-03-19,828.4373168945312,7062075
2021-03-22,843.84521484375,4336515
2021-03-23,847.3920288085938,3326180
2021-03-24,843.1766357421875,3912020
2021-03-25,849.000732421875,4707080
2021-03-26,853.9331665039062,3626590
2021-03-30,875.6788330078125,4331625
2021-03-31,875.2525024414062,3862550
2021-04-01,889.1390380859375,3238200
2021-04-05,883.1211547851562,3661290
2021-04-06,895.263427734375,3711470
2021-04-07,909.4893188476562,5568060
2021-04-08,908.79150390625,3303175
2021-04-09,922.6005859375,6810735
2021-04-12,968.4660034179688,17568825
2021-04-13,925.8953857421875,19686170
2021-04-15,939.123046875,6934505
2021-04-16,948.3678588867188,5990145
2021-04-19,962.8745727539062,9219640
2021-04-20,999.4371337890625,17424880
2021-04-22,1007.7904052734375,12120670
2021-04-23,981.984375,11774495
2021-04-26,981.984375,4752885
2021-04-27,980.1528930664062,4789175
2021-04-28,977.672119140625,4219765
2021-04-29,988.8841552734375,5359655
2021-04-30,1000.6677856445312,6534750
2021-05-03,1005.096435546875,4689495
2021-05-04,982.0910034179688,3978090
2021-05-05,1000.2510375976562,5055995
2021-05-06,1001.7046508789062,4891875
2021-05-07,1002.9159545898438,3924345
2021-05-10,1032.5400390625,11222420
2021-05-11,1026.415771484375,4724450
2021-05-12,1027.4815673828125,4400825
2021-05-14,1007.2089233398438,14885055
2021-05-17,1017.5682983398438,6846935
2021-05-18,1010.8137817382812,4550200
2021-05-19,1015.1455688476562,4594605
2021-05-20,1014.8549194335938,3879585
2021-05-21,1011.0077514648438,3558170
2021-05-24,1021.802978515625,3532490
2021-05-25,1029.3712158203125,3478075
2021-05-26,1024.332275390625,2537400
2021-05-27,1021.1634521484375,3891965
2021-05-28,1006.7631225585938,4373725
2021-05-31,1028.9739990234375,4338240
2021-06-01,1030.3985595703125,3736865
2021-06-02,1029.5941162109375,2729755
2021-06-03,1023.818603515625,2833590
2021-06-04,1018.4791259765625,2007655
2021-06-07,1011.54052734375,1819835
2021-06-08,1022.306884765625,3663570
2021-06-09,1012.238525390625,2365525
2021-06-10,1025.6597900390625,1836400
2021-06-11,1056.853759765625,7277420
2021-06-14,1058.4720458984375,4489710
2021-06-15,1048.6846923828125,2844075
2021-06-16,1047.763916015625,3492955
2021-06-17,1024.5841064453125,3536160
2021-06-18,1024.0802001953125,3487140
2021-06-21,1023.7119140625,2077445
2021-06-22,1028.8189697265625,2134275
2021-06-23,1027.07470703125,2055715
2021-06-24,1022.868896484375,1830910
2021-06-25,1029.0030517578125,2320365
2021-06-28,1047.405517578125,2964815
2021-06-29,1052.9969482421875,2881305
2021-06-30,1051.049072265625,2340440
2021-07-01,1077.3009033203125,4157750
2021-07-02,1080.634521484375,2858690
2021-07-05,1073.308349609375,1486705
2021-07-06,1073.6087646484375,890540
2021-07-07,1077.9986572265625,2692540
2021-07-08,1059.5186767578125,2255835
2021-07-09,1063.1304931640625,2304980
2021-07-12,1069.7503662109375,913295
2021-07-13,1058.6134033203125,1852410
2021-07-14,1049.6083984375,2506775
2021-07-15,1050.153564453125,1518410
2021-07-16,1052.6651611328125,2189520
2021-07-19,1055.1573486328125,1204290
2021-07-20,1040.496337890625,1322140
2021-07-22,1048.3720703125,929240
2021-07-23,1055.70263671875,1533805
2021-07-26,1053.5802001953125,934695
2021-07-27,943.0090942382812,29369105
2021-07-28,921.2802734375,16190650
2021-07-29,909.7734375,5434680
2021-07-30,917.2792358398438,6866000
2021-08-02,915.4003295898438,3781730
2021-08-03,919.3236083984375,2991305
2021-08-04,928.494140625,5520990
2021-08-05,931.12255859375,2969750
2021-08-06,931.9013671875,1998185
2021-08-09,938.1707763671875,2717725
2021-08-10,928.6790771484375,3083355
2021-08-11,923.8309326171875,2633925
2021-08-12,918.291748046875,3107090
2021-08-13,905.7918090820312,3969475
2021-08-16,907.5343627929688,2096145
2021-08-17,915.1959838867188,2130070
2021-08-18,912.5772094726562,2768780
2021-08-20,887.0615234375,4134540
2021-08-23,879.0494995117188,2837575
2021-08-24,893.1751708984375,3084680
2021-08-25,885.6889038085938,2220705
2021-08-26,876.8396606445312,2408595
2021-08-27,895.7354125976562,2816975
2021-08-30,910.7859497070312,3141835
2021-08-31,915.8871459960938,3227635
2021-09-01,927.452392578125,2814755
2021-09-02,946.1925048828125,6299320
2021-09-03,953.7566528320312,2156575
2021-09-06,957.1444702148438,3080995
2021-09-07,953.5424194335938,2101070
2021-09-08,956.2390747070312,2500145
2021-09-09,956.3850708007812,1812055
2021-09-13,960.152587890625,1493265
2021-09-14,960.026123046875,1549905
2021-09-15,966.2272338867188,1601600
2021-09-16,960.2597045898438,1482575
2021-09-17,951.0308227539062,2274150
2021-09-20,929.6914672851562,1660330
2021-09-21,945.0145263671875,1701950
2021-09-22,943.59326171875,1253645
2021-09-23,934.0431518554688,2800365
2021-09-24,932.68994140625,1258075
2021-09-27,932.9430541992188,1130285
2021-09-28,941.0231323242188,1527230
2021-09-29,950.339599609375,3275350
2021-09-30,950.2811889648438,3880075
2021-10-01,964.9130249023438,1710665
2021-10-04,981.8228759765625,3801765
2021-10-05,980.2457885742188,1774235
2021-10-06,965.0591430664062,2646320
2021-10-07,952.3060913085938,1719870
2021-10-08,944.148193359375,1741550
2021-10-11,952.9389038085938,3440320
2021-10-12,956.0443725585938,1427440
2021-10-13,959.5782470703125,1207980
2021-10-14,965.4679565429688,1460300
2021-10-18,949.658203125,1668255
2021-10-19,934.9192504882812,2698595
2021-10-20,925.593017578125,1580485
2021-10-21,905.684814453125,2584000
2021-10-22,902.9199829101562,1814980
2021-10-25,910.4549560546875,1380835
2021-10-26,908.5176391601562,1363565
2021-10-27,907.836181640625,1929040
2021-10-28,889.777587890625,1341975
2021-10-29,907.1548461914062,9725820
2021-11-01,934.85107421875,3383505
2021-11-02,924.0743408203125,2046660
2021-11-03,929.049072265625,1862160
2021-11-04,927.9781494140625,104180
2021-11-08,932.3783569335938,1191260
2021-11-09,933.0792236328125,1249435
2021-11-10,940.2832641601562,1711170
2021-11-11,937.4794921875,1586300
2021-11-12,942.9896240234375,1166710
2021-11-15,948.9085083007812,1337395
2021-11-16,937.9954833984375,1679855
2021-11-17,928.3966674804688,983295
2021-11-18,909.5398559570312,1168320
2021-11-22,897.108154296875,910090
2021-11-23,901.8491821289062,1063495
2021-11-24,895.2487182617188,996290
2021-11-25,893.992919921875,2726870
2021-11-26,925.0089111328125,5361365
2021-11-29,914.63134765625,4500925
2021-11-30,910.3965454101562,3589115
2021-12-01,896.86474609375,2127105
2021-12-02,907.8458862304688,1163740
2021-12-03,894.9468994140625,2738865
2021-12-06,875.9050903320312,1336375
2021-12-07,880.1885986328125,2662500
2021-12-08,889.9236450195312,979280
2021-12-09,894.5088500976562,1130885
2021-12-10,894.3238525390625,802565
2021-12-13,895.5895385742188,1355025
2021-12-14,904.6917724609375,1195915
2021-12-15,895.6868286132812,1537725
2021-12-16,895.1124267578125,1006605
2021-12-17,879.6531982421875,2417560
2021-12-20,887.9766235351562,1708885
2021-12-21,899.6976928710938,1293770
2021-12-22,905.0714721679688,1068395
2021-12-23,914.086181640625,831200
2021-12-24,903.1536254882812,1259130
2021-12-27,922.2830810546875,1696340
2021-12-28,923.6265258789062,3342970
2021-12-29,941.0231323242188,2528020
2021-12-30,954.9541015625,2765730
2021-12-31,955.4019165039062,1442840
2022-01-03,944.917236328125,1463005
2022-01-04,941.470947265625,1267190
2022-01-05,932.69970703125,2684010
2022-01-06,922.7796020507812,1908215
2022-01-07,916.7340698242188,1335615
2022-01-10,914.9136352539062,1575095
2022-01-11,909.1115112304688,1547160
2022-01-12,913.8135375976562,1188845
2022-01-13,920.151123046875,2270255
2022-01-14,912.9957885742188,1594300
2022-01-17,909.7247924804688,2693245
2022-01-18,913.8427734375,2122640
2022-01-19,912.1682739257812,1539435
2022-01-20,893.983154296875,1588695
2022-01-21,875.4085693359375,2787740
2022-01-24,849.7469482421875,2782490
2022-01-25,857.2429809570312,1704510
2022-01-27,828.7191772460938,3527530
2022-01-28,821.3690795898438,6514920
2022-01-31,837.7630615234375,3092775
2022-02-01,839.057861328125,1858315
2022-02-02,859.6767578125,1525005
2022-02-03,851.7523803710938,1107685
2022-02-04,847.3326416015625,1234965
2022-02-07,839.0091552734375,1279790
2022-02-08,841.4915771484375,1982015
2022-02-09,850.6036376953125,994400
2022-02-10,850.9832763671875,1189325
2022-02-11,842.163330078125,1687690
2022-02-14,818.6432495117188,2246930
2022-02-15,832.8468017578125,1790055
2022-02-16,840.420654296875,1903065
2022-02-17,837.41259765625,1145155
2022-02-18,841.3357543945312,1790540
2022-02-21,836.8771362304688,2939755
2022-02-22,821.3496704101562,2404200
2022-02-23,817.9326782226562,1857420
2022-02-24,796.8171997070312,3485635
2022-02-25,813.191650390625,1527165
2022-02-28,791.1514282226562,4914250
2022-03-02,750.2153930664062,7703175
2022-03-03,724.0669555664062,6673625
2022-03-04,745.445068359375,6040250
2022-03-07,733.9089965820312,3015430
2022-03-08,753.2138061523438,3920845
2022-03-09,765.265869140625,4046845
2022-03-10,757.8768310546875,3560495
2022-03-11,774.0565795898438,5566315
2022-03-14,770.4935913085938,2850290
2022-03-15,759.3079223632812,2356470
2022-03-16,767.8650512695312,1793880
2022-03-17,787.0139770507812,3862935
2022-03-21,779.7711181640625,2008195
2022-03-22,784.716552734375,6451110
2022-03-23,803.5928955078125,5220570
2022-03-24,842.766845703125,8690735
2022-03-25,849.1823120117188,4321985
2022-03-28,834.385009765625,2484535
2022-03-29,841.8031005859375,2105420
2022-03-30,847.8096923828125,3084130
2022-03-31,836.3319702148438,3058595
2022-04-01,833.2167358398438,1569355
2022-04-04,840.5570068359375,1298870
2022-04-05,843.0394287109375,2399325
2022-04-06,832.6910400390625,2059755
2022-04-07,840.6056518554688,1397010
2022-04-08,862.5972900390625,3358875
2022-04-11,852.8912963867188,1077795
2022-04-12,851.3045043945312,1855070
2022-04-13,837.0621337890625,1847180
2022-04-18,834.2875366210938,1698380
2022-04-19,819.6362915039062,1550720
2022-04-20,835.9328002929688,2252075
2022-04-21,841.1702880859375,1972180
2022-04-22,816.3360595703125,1953715
2022-04-25,801.2855834960938,1705680
2022-04-26,808.8984375,792225
2022-04-27,793.8090209960938,993500
2022-04-28,802.5901489257812,1504805
2022-04-29,804.4982299804688,2615175
2022-05-02,802.930908203125,925300
2022-05-04,777.3178100585938,1712475
2022-05-05,771.7591552734375,1264655
2022-05-06,765.3047485351562,1197395
2022-05-09,760.46630859375,886775
2022-05-10,762.0629272460938,1014140
2022-05-11,756.231689453125,1356280
2022-05-12,755.4430541992188,1468145
2022-05-13,764.068359375,1092005
2022-05-16,757.07861328125,1089575
2022-05-17,760.1159057617188,1277320
2022-05-18,760.46630859375,2500790
2022-05-19,765.0711059570312,9129055
2022-05-20,827.3074951171875,12401575
2022-05-23,832.340576171875,3035360
2022-05-24,846.3883056640625,5054480
2022-05-25,838.6683959960938,2500200
2022-05-26,838.02587890625,2145360
2022-05-27,854.8383178710938,2171455
2022-05-30,850.9053955078125,2324015
2022-05-31,850.7787475585938,2380075
2022-06-01,840.9171752929688,1772530
2022-06-02,843.6723022460938,1639675
2022-06-03,845.0059204101562,1423865
2022-06-06,838.33740234375,566055
2022-06-07,806.8345336914062,3605015
2022-06-08,817.5821533203125,2264910
2022-06-09,841.676513671875,3702930
2022-06-10,847.2548217773438,2107480
2022-06-13,830.8316650390625,1839815
2022-06-14,839.3693237304688,2035905
2022-06-15,844.1297607421875,1585315
2022-06-16,834.7839965820312,1750035
2022-06-17,807.3700561523438,4764870
2022-06-20,808.363037109375,1387575
2022-06-21,831.114013671875,1191555
2022-06-22,829.60498046875,2847785
2022-06-23,836.224853515625,1675510
2022-06-24,839.0967407226562,1518295
2022-06-27,841.218994140625,1663765
2022-06-28,851.74267578125,1412215
2022-06-29,849.7469482421875,1905735
2022-06-30,855.48095703125,1845325
2022-07-01,853.9427490234375,1523995
2022-07-04,847.8193969726562,1303490
2022-07-05,855.558837890625,2434495
2022-07-06,854.7410278320312,1678505
2022-07-07,844.314697265625,2161110
2022-07-08,857.8951416015625,2089480
2022-07-11,882.360595703125,4797040
2022-07-12,878.9690551757812,2079370
2022-07-13,882.4782104492188,1893835
2022-07-14,896.9456787109375,4423835
2022-07-15,891.1821899414062,1504725
2022-07-18,875.5188598632812,2337315
2022-07-19,871.9509887695312,1961920
2022-07-20,874.0780639648438,1130700
2022-07-21,856.8953247070312,3126100
2022-07-22,857.3659057617188,1806315
2022-07-25,848.9461059570312,1726910
2022-07-26,825.7060546875,2971165
2022-07-27,840.2225341796875,1866270
2022-07-28,835.1256103515625,2832835
2022-07-29,801.858154296875,9872475
2022-08-01,805.7984619140625,2136850
2022-08-02,800.8877563476562,2635115
2022-08-03,803.0245361328125,2600985
2022-08-04,813.1498413085938,3006675
2022-08-05,814.89453125,2075395
2022-08-08,827.9309692382812,2041885
2022-08-10,831.8419189453125,2108115
2022-08-11,834.782470703125,1285185
2022-08-12,835.2725219726562,2021290
2022-08-16,842.52587890625,1314065
2022-08-17,846.0741577148438,2169055
2022-08-18,828.2741088867188,5137920
2022-08-19,824.1376953125,1928705
2022-08-22,820.7952880859375,1692810
2022-08-23,828.2838745117188,1398150
2022-08-24,826.8920288085938,1467185
2022-08-25,830.7833251953125,1552875
2022-08-26,827.9212036132812,818685
2022-08-29,825.3433227539062,966050
2022-08-30,832.1849975585938,2359905
2022-09-01,823.7651977539062,1656700
2022-09-02,821.3833618164062,1008280
2022-09-05,826.1470336914062,1581715
2022-09-06,831.0382080078125,1129375
2022-09-07,833.0181274414062,1073975
2022-09-08,837.3995971679688,1577545
2022-09-09,834.1551513671875,1570630
2022-09-12,835.3411254882812,1262745
2022-09-13,833.723876953125,2209365
2022-09-14,826.1275024414062,1723540
2022-09-15,817.2764282226562,1881365
2022-09-16,799.3096313476562,1893520
2022-09-19,803.583251953125,1506440
2022-09-20,826.4901123046875,2957845
2022-09-21,814.0908203125,1894725
2022-09-22,819.9033203125,2391915
2022-09-23,811.4345703125,1659940
2022-09-26,809.2095336914062,2055290
2022-09-27,819.7464599609375,1485445
2022-09-28,837.0172729492188,3133240
2022-09-29,854.8566284179688,5442790
2022-09-30,849.9557495117188,3164565
2022-10-03,866.4129638671875,3476290
2022-10-04,865.2955322265625,1543270
2022-10-06,862.08056640625,1231195
2022-10-07,857.9833984375,1338865
2022-10-10,858.64013671875,1218745
2022-10-11,839.5756225585938,1486910
2022-10-12,831.42041015625,1470100
2022-10-13,834.0669555664062,1513920
2022-10-14,845.0744018554688,1244005
2022-10-17,849.857666015625,1050700
2022-10-18,854.0430908203125,721180
2022-10-19,846.270263671875,860840
2022-10-20,852.5728149414062,1287620
2022-10-21,848.9951171875,1002975
2022-10-24,858.1500854492188,158840
2022-10-25,870.8629760742188,3118275
2022-10-27,880.4393920898438,2207370
2022-10-28,874.3132934570312,1767930
2022-10-31,869.1672973632812,9128805
2022-11-01,889.0845947265625,5350980
2022-11-02,893.0739135742188,3708780
2022-11-03,899.7882080078125,1766075
2022-11-04,887.0850219726562,2463380
2022-11-07,879.3121948242188,2100085
2022-11-09,889.0061645507812,3565560
2022-11-10,891.8585205078125,2959765
2022-11-11,889.898193359375,1625215
2022-11-14,855.4349365234375,3722425
2022-11-15,869.1672973632812,1872600
2022-11-16,878.4398193359375,2610960
2022-11-17,866.7364501953125,1561865
2022-11-18,864.3349609375,1693670
2022-11-21,852.7295532226562,2153040
2022-11-22,855.2094116210938,2015475
2022-11-23,863.6685180664062,1964345
2022-11-24,865.2760009765625,1188110
2022-11-25,866.109130859375,1477045
2022-11-28,862.9529418945312,1530840
2022-11-29,873.0193481445312,2045690
2022-11-30,879.6454467773438,4256840
2022-12-01,877.1361694335938,1936730
2022-12-02,884.2033081054688,2080040
2022-12-05,878.1261596679688,1961695
2022-12-06,857.503173828125,1742295
2022-12-07,855.0134887695312,1661035
2022-12-08,853.9744873046875,1386625
2022-12-09,863.9526977539062,1539865
2022-12-12,872.8037719726562,1367975
2022-12-13,873.9603881835938,1087545
2022-12-14,883.056396484375,1392005
2022-12-15,876.0775756835938,1209055
2022-12-16,844.7411499023438,16783045
2022-12-19,861.7865600585938,1661755
2022-12-20,856.6307373046875,1214105
2022-12-21,864.0409545898438,1739615
2022-12-22,852.6119384765625,1737350
2022-12-23,845.0057983398438,2498780
2022-12-26,832.8809204101562,1593040
2022-12-27,833.322021484375,1366245
2022-12-28,833.6944580078125,1088005
2022-12-29,835.2333374023438,4064660
2022-12-30,830.7147827148438,882895
2023-01-02,830.2246704101562,663630
2023-01-03,830.8715209960938,810895
2023-01-04,833.8414916992188,832835
2023-01-05,842.4671020507812,994925
2023-01-06,837.419189453125,630680
2023-01-09,849.6224365234375,830195
2023-01-10,840.7420043945312,1170765
2023-01-11,835.4882202148438,1273265
2023-01-12,845.0352172851562,1280325
2023-01-13,846.9563598632812,1234630
2023-01-16,848.06396484375,446555
2023-01-17,853.10205078125,778125
2023-01-18,855.5721435546875,1318465
2023-01-19,849.2695922851562,1242455
2023-01-20,852.8766479492188,1182675
2023-01-23,850.3772583007812,770265
2023-01-24,833.6944580078125,1320270
2023-01-25,823.539794921875,1470210
2023-01-27,845.7017211914062,4781440
2023-01-30,848.60302734375,1873685
2023-01-31,847.6915283203125,3159705
2023-02-01,853.0531005859375,2027270
2023-02-02,856.6994018554688,1946775
2023-02-03,854.3959350585938,1874895
2023-02-06,852.6707763671875,1516105
2023-02-07,870.4513549804688,2987405
2023-02-08,879.7728271484375,1196855
2023-02-09,879.7140502929688,2054810
2023-02-10,882.0861206054688,685110
2023-02-13,887.006591796875,1872775
2023-02-14,889.6922607421875,1202135
2023-02-15,886.0557861328125,1283685
2023-02-16,885.947998046875,1352330
2023-02-17,884.1934814453125,1056035
2023-02-20,877.2244262695312,761745
2023-02-21,879.4494018554688,791630
2023-02-22,877.5968627929688,882305
2023-02-23,872.2842407226562,1187840
2023-02-24,880.4197387695312,1764830
2023-02-27,866.6776123046875,1370570
2023-02-28,846.21142578125,2699875
2023-03-01,851.6220092773438,995515
2023-03-02,860.7181396484375,1413260
2023-03-03,870.00048828125,1371180
2023-03-06,870.2455444335938,877920
2023-03-08,867.7068481445312,1173705
2023-03-09,858.8263549804688,1022125
2023-03-10,861.6884765625,1686010
2023-03-13,856.7581787109375,812710
2023-03-14,852.6707763671875,2141980
2023-03-15,861.4827270507812,1717110
2023-03-16,859.375244140625,1384640
2023-03-17,869.6475830078125,3092990
2023-03-20,870.2945556640625,3949945
2023-03-21,866.3541259765625,1984640
2023-03-22,877.2537841796875,1598885
2023-03-23,871.7647705078125,2418370
2023-03-24,875.1365966796875,1126970
2023-03-27,879.3513793945312,1759570
2023-03-28,887.4182739257812,1834690
2023-03-29,895.455810546875,2083535
2023-03-31,906.22802734375,2282485
2023-04-03,912.84423828125,1500675
2023-04-05,918.0,1823560
2023-04-06,921.254150390625,1460345
2023-04-10,933.0653686523438,920770
2023-04-11,933.7907104492188,2309250
2023-04-12,956.8544311523438,3403195
2023-04-13,951.3458251953125,1169335
2023-04-17,951.2282104492188,1705675
2023-04-18,963.0099487304688,1797050
2023-04-19,962.4120483398438,1920935
2023-04-20,952.3848266601562,3175850
2023-04-21,954.4530029296875,1657195
2023-04-24,942.1712646484375,2190830
2023-04-25,947.5034790039062,1639985
2023-04-26,949.8167724609375,1020765
2023-04-27,964.2156372070312,1098280
2023-04-28,966.4307861328125,1235220
2023-05-02,970.4594116210938,1209890
2023-05-03,970.822021484375,883875
2023-05-04,973.9096069335938,1006635
2023-05-05,968.91064453125,461545
2023-05-08,961.970947265625,1190915
2023-05-09,967.0973510742188,1545295
2023-05-10,954.1687622070312,2271505
2023-05-11,888.437744140625,13916795
2023-05-12,875.5188598632812,5242020
2023-05-15,885.801025390625,1588765
2023-05-16,885.1149291992188,1430235
2023-05-17,878.5377807617188,1749805
2023-05-18,867.0892333984375,2127235
2023-05-19,860.9827880859375,1630405
2023-05-22,873.8623657226562,1224880
2023-05-23,874.430908203125,1616475
2023-05-24,885.9381713867188,1683665
2023-05-25,882.9389038085938,1033820
2023-05-26,888.2318115234375,752935
2023-05-29,893.1915893554688,928140
2023-05-30,885.86962890625,1369945
2023-05-31,882.370361328125,6313505
2023-06-01,892.3681640625,1528955
2023-06-02,903.8167724609375,2509565
2023-06-05,902.464111328125,1132140
2023-06-06,908.952880859375,1161655
2023-06-07,916.2258911132812,1139525
2023-06-08,911.452392578125,1203490
2023-06-09,914.8633422851562,1084700
2023-06-12,916.598388671875,717870
2023-06-13,921.763916015625,1294905
2023-06-14,921.1757202148438,901255
2023-06-15,941.6517944335938,3630745
2023-06-16,963.529541015625,3814515
2023-06-19,956.4623413085938,3540755
2023-06-20,960.8143920898438,1070755
2023-06-21,962.617919921875,1123550
2023-06-22,960.4713134765625,1242850
2023-06-23,978.9869384765625,2791140
2023-06-26,988.337890625,3607125
2023-06-27,985.2012939453125,3330315
2023-06-28,1001.3253173828125,4426340
2023-06-30,1011.47021484375,2430705
2023-07-03,999.4531860351562,1174135
2023-07-04,1017.1161499023438,1863335
2023-07-05,1015.1459350585938,1410270
2023-07-06,1025.6240234375,2534370
2023-07-07,1015.9594116210938,2771720
2023-07-10,1010.5586547851562,1003625
2023-07-11,1020.614990234375,1056805
2023-07-12,1025.1885986328125,1203590
2023-07-13,1015.9918212890625,2034915
2023-07-14,1006.0342407226562,1942045
2023-07-17,1033.239501953125,1976770
2023-07-18,1025.583740234375,1286955
2023-07-19,1031.5799560546875,1961585
2023-07-20,1054.8834228515625,6016030
2023-07-21,1044.78759765625,1150370
2023-07-24,1065.2359619140625,2119525
2023-07-25,1071.89404296875,2162155
2023-07-26,1081.822021484375,1701060
2023-07-27,1088.0157470703125,7539055
2023-07-28,1103.031005859375,3180540
2023-07-31,1114.38134765625,1599490
2023-08-01,1119.6368408203125,2122735
2023-08-02,1118.332763671875,1791795
2023-08-03,1118.1451416015625,2570520
2023-08-04,1116.1793212890625,1726520
2023-08-07,1112.4552001953125,2499830
2023-08-08,1117.8388671875,2987010
2023-08-09,1159.93115234375,10067015
2023-08-10,1156.0093994140625,2763310
2023-08-11,1150.44775390625,2256960
2023-08-14,1150.5169677734375,2167595
2023-08-16,1157.3330078125,4308265
2023-08-17,1161.837646484375,2138070
2023-08-18,1160.61279296875,4281645
2023-08-21,1167.8043212890625,1334640
2023-08-22,1170.70849609375,1688225
2023-08-23,1176.2010498046875,3142630
2023-08-24,1167.0733642578125,4124730
2023-08-25,1141.8040771484375,4713240
2023-08-28,1141.142333984375,2350770
2023-08-29,1130.848876953125,3258085
2023-08-30,1116.2188720703125,3551815
2023-08-31,1107.940673828125,3178875
2023-09-01,1102.15185546875,1105280
2023-09-04,1118.13525390625,1473020
2023-09-05,1102.2210693359375,1968470
2023-09-06,1103.09033203125,2256645
2023-09-07,1109.3829345703125,2634215
2023-09-08,1103.189208984375,923950
2023-09-11,1109.1162109375,1313930
2023-09-12,1120.970458984375,2581215
2023-09-13,1133.832275390625,1571615
2023-09-14,1134.96826171875,1139730
2023-09-15,1149.75634765625,2069105
2023-09-18,1131.6787109375,1256740
2023-09-20,1109.3631591796875,2266405
2023-09-21,1119.92333984375,2926715
2023-09-22,1090.0013427734375,2447785
2023-09-25,1074.53173828125,1217045
2023-09-26,1080.26123046875,1379915
2023-09-27,1085.9315185546875,2443890
2023-09-28,1072.6251220703125,1931555
2023-09-29,1103.8214111328125,3101955
2023-10-03,1079.0657958984375,2065240
2023-10-04,1070.3927001953125,2109530
2023-10-05,1068.30810546875,2058530
2023-10-06,1071.7952880859375,1572990
2023-10-09,1085.6153564453125,2368110
2023-10-10,1082.3948974609375,1519630
2023-10-11,1099.988525390625,1961240
2023-10-12,1092.5994873046875,1695245
2023-10-13,1078.7696533203125,1633255
2023-10-16,1085.26953125,859220
2023-10-17,1095.3455810546875,1626760
2023-10-18,1121.6915283203125,3014855
2023-10-19,1112.49462890625,2525845
2023-10-20,1100.3243408203125,1141375
2023-10-23,1096.8966064453125,1809785
2023-10-25,1089.369140625,2104480
2023-10-26,1071.2125244140625,1544145
2023-10-27,1066.34228515625,2159725
2023-10-30,1056.07861328125,2691600
2023-10-31,1060.4647216796875,1884070
2023-11-01,1056.2960205078125,1376665
2023-11-02,1054.725341796875,2365835
2023-11-03,1039.818603515625,2921805
2023-11-06,1054.646240234375,2847485
2023-11-07,1067.7352294921875,3498735
2023-11-08,1077.4556884765625,2096955
2023-11-09,1078.324951171875,1642660
2023-11-10,1071.7952880859375,1144920
2023-11-13,1070.797607421875,855910
2023-11-15,1070.8173828125,1422405
2023-11-16,1095.375244140625,1695060
2023-11-17,1108.6717529296875,2120630
2023-11-20,1107.2095947265625,2001625
2023-11-21,1115.56689453125,1903465
2023-11-22,1119.1429443359375,2124580
2023-11-23,1115.2113037109375,1511300
2023-11-24,1115.507568359375,2305405
2023-11-28,1121.3656005859375,1555790
2023-11-29,1129.179443359375,1602385
2023-11-30,1143.5625,4267760
2023-12-01,1135.9066162109375,1391500
2023-12-04,1137.2105712890625,1121300
2023-12-05,1141.2508544921875,1121875
2023-12-06,1132.1429443359375,2659705
2023-12-07,1142.9599609375,3791150
2023-12-08,1138.771484375,1142525
2023-12-11,1081.3970947265625,9493150
2023-12-12,1094.604736328125,4281525
2023-12-13,1106.123046875,3111975
2023-12-14,1101.12451171875,3164560
2023-12-15,1104.305419921875,3636220
2023-12-18,1104.62158203125,3279260
2023-12-19,1113.7886962890625,1123370
2023-12-20,1102.2703857421875,1307230
2023-12-21,1097.400390625,1681900
2023-12-22,1111.8624267578125,1315040
2023-12-26,1112.74169921875,1658265
2023-12-27,1129.011474609375,1473880
2023-12-28,1157.471435546875,4888545
2023-12-29,1145.48876953125,1452615
2024-01-01,1150.1810302734375,978400
2024-01-02,1170.9554443359375,2869280
2024-01-03,1171.963134765625,1412035
2024-01-04,1154.2410888671875,2048300
2024-01-05,1152.947021484375,1037255
2024-01-08,1138.267578125,1205700
2024-01-09,1135.9857177734375,1292220
2024-01-10,1143.374755859375,1273855
2024-01-11,1124.6551513671875,2964925
2024-01-12,1123.94384765625,1385710
2024-01-15,1142.594482421875,1665610
2024-01-16,1137.6353759765625,1142145
2024-01-17,1116.2584228515625,1778960
2024-01-18,1116.2584228515625,1727635
2024-01-19,1119.8641357421875,1641460
2024-01-23,1121.0889892578125,2329945
2024-01-24,1166.07568359375,5244260
2024-01-25,1156.8687744140625,2677510
2024-01-29,1154.5374755859375,1509570
2024-01-30,1153.9940185546875,1576585
2024-01-31,1209.3531494140625,7857425
2024-02-01,1184.064208984375,3112555
2024-02-02,1193.2215576171875,1686230
2024-02-05,1204.0780029296875,2126485
2024-02-06,1218.3326416015625,2587065
2024-02-07,1220.9307861328125,2953275
2024-02-08,1217.0386962890625,1791205
2024-02-09,1216.2088623046875,1238970
2024-02-12,1251.30712890625,4296460
2024-02-13,1251.672607421875,2086675
2024-02-14,1236.459716796875,1724345
2024-02-15,1235.33349609375,1469095
2024-02-16,1248.0767822265625,1275915
2024-02-19,1267.8338623046875,1393520
2024-02-20,1259.7037353515625,1399485
2024-02-21,1254.3990478515625,995895
2024-02-22,1257.3231201171875,1420120
2024-02-23,1272.7730712890625,1842255
2024-02-26,1272.4964599609375,1089190
2024-02-27,1274.2449951171875,966475
2024-02-28,1269.9873046875,1560230
2024-02-29,1269.2364501953125,5513940
2024-03-01,1223.6571044921875,2876430
2024-03-04,1251.6231689453125,2196055
2024-03-05,1245.3404541015625,1040180
2024-03-06,1247.5828857421875,1207130
2024-03-07,1249.459716796875,1174600
2024-03-11,1261.9659423828125,1412365
2024-03-12,1245.11328125,1647055
2024-03-13,1245.439208984375,1051325
2024-03-14,1243.6217041015625,2001060
2024-03-15,1241.705078125,2429735
2024-03-18,1252.7987060546875,902465
2024-03-19,1212.0697021484375,1581835
2024-03-20,1205.8265380859375,1385185
2024-03-21,1210.74609375,1626230
2024-03-22,1225.563720703125,1528595
2024-03-26,1212.0599365234375,1361275
2024-03-27,1194.13037109375,1452965
2024-03-28,1216.61376953125,2586915
2024-04-01,1234.879150390625,772020
2024-04-02,1232.3502197265625,1191030
2024-04-03,1209.9952392578125,1346125
2024-04-04,1213.5712890625,1995095
2024-04-05,1220.841796875,2705055
2024-04-08,1219.9034423828125,1420525
2024-04-09,1218.5894775390625,643620
2024-04-10,1216.61376953125,980420
2024-04-12,1201.98388671875,1974255
2024-04-15,1187.561279296875,1349665
2024-04-16,1195.365234375,2041490
2024-04-18,1176.951904296875,2988680
2024-04-19,1174.12646484375,1713255
2024-04-22,1188.5985107421875,1667285
2024-04-23,1175.9539794921875,1494175
2024-04-24,1175.697265625,1334935
2024-04-25,1228.6358642578125,4634925
2024-04-26,1235.2249755859375,2063090
2024-04-29,1244.1156005859375,1485530
2024-04-30,1225.7811279296875,1906520
2024-05-02,1242.2188720703125,3134765
2024-05-03,1254.4781494140625,2906840
2024-05-06,1243.3944091796875,2263770
2024-05-07,1236.3116455078125,1586770
2024-05-08,1196.5506591796875,4940700
2024-05-09,1161.1856689453125,2534535
2024-05-10,1169.8095703125,1480900
2024-05-13,1167.3497314453125,852820
2024-05-14,1159.49658203125,1186650
2024-05-15,1160.721435546875,1458405
2024-05-16,1155.861083984375,3660485
2024-05-17,1145.8148193359375,3006695
2024-05-21,1141.9127197265625,2456865
2024-05-22,1160.2769775390625,2605110
2024-05-23,1165.206298828125,2827915
2024-05-24,1158.8939208984375,2122215
2024-05-27,1160.2669677734375,3366290
2024-05-28,1178.56201171875,3966010
2024-05-29,1185.5657958984375,2533990
2024-05-30,1160.4744873046875,3005220
2024-05-31,1144.29345703125,5146590
2024-06-03,1142.604248046875,2087555
2024-06-04,1132.23193359375,3287175
2024-06-05,1150.6749267578125,2542820
2024-06-06,1163.87255859375,3598380
2024-06-07,1197.5286865234375,3747525
2024-06-10,1206.3895263671875,3148275
2024-06-11,1193.1722412109375,2581810
2024-06-12,1197.2816162109375,1932925
2024-06-13,1204.354736328125,2191150
2024-06-14,1202.260498046875,1985020
2024-06-18,1183.68896484375,3076985
2024-06-19,1176.7640380859375,3056645
2024-06-20,1179.648681640625,2489735
2024-06-21,1187.6798095703125,2150475
2024-06-24,1196.2740478515625,1624525
2024-06-25,1200.9071044921875,1977490
2024-06-26,1199.2574462890625,1958240
2024-06-27,1232.0242919921875,12168270
2024-06-28,1264.9097900390625,5118295
2024-07-01,1255.2979736328125,2251925
2024-07-02,1258.5677490234375,1819075
2024-07-03,1269.5625,2913200
2024-07-04,1280.12255859375,1744245
2024-07-05,1288.15380859375,1139175
2024-07-08,1290.9493408203125,807380
2024-07-09,1300.571044921875,1734640
2024-07-10,1302.4874267578125,1287550
2024-07-11,1302.922119140625,1581340
2024-07-12,1327.55908203125,2944400
2024-07-15,1342.43603515625,3023975
2024-07-16,1320.8330078125,1556420
2024-07-18,1325.0960693359375,1928535
2024-07-19,1318.835693359375,900340
2024-07-22,1345.645751953125,2061455
2024-07-23,1364.34716796875,4330455
2024-07-24,1355.4337158203125,3019385
2024-07-25,1362.001953125,1315525
2024-07-26,1367.0599365234375,2051955
2024-07-29,1359.3885498046875,3271945
2024-07-30,1352.2537841796875,1458475
2024-07-31,1341.5914306640625,1730870
2024-08-01,1368.908203125,2320480
2024-08-02,1384.0521240234375,2209945
2024-08-05,1353.8238525390625,2186945
2024-08-06,1352.899658203125,1227135
2024-08-07,1376.539794921875,968865
2024-08-08,1378.914794921875,2705840
2024-08-09,1393.85986328125,656255
2024-08-12,1368.6300048828125,1853275
2024-08-13,1380.9219970703125,1217325
2024-08-14,1351.6376953125,1727965
2024-08-16,1350.1571044921875,2565660
2024-08-19,1373.5587158203125,809235
2024-08-20,1384.29052734375,747970
2024-08-21,1403.5882568359375,1905585
2024-08-22,1385.0260009765625,1683410
2024-08-23,1382.13427734375,711440
2024-08-26,1379.908447265625,1018915
2024-08-27,1383.8135986328125,2277085
2024-08-28,1391.037841796875,1632585
2024-08-29,1377.49365234375,1784160
2024-08-30,1397.407470703125,3415210
2024-09-02,1365.7681884765625,2354285
2024-09-03,1362.1312255859375,1246805
2024-09-04,1348.8851318359375,2177470
2024-09-05,1330.71044921875,2001265
2024-09-06,1325.0264892578125,2074285
2024-09-09,1322.790771484375,1466880
2024-09-10,1321.697509765625,2328120
2024-09-11,1314.1654052734375,1833720
2024-09-12,1328.345458984375,2663355
2024-09-13,1323.74462890625,1197575
2024-09-16,1321.041748046875,691625
2024-09-17,1317.97119140625,911735
2024-09-18,1305.28173828125,1239415
2024-09-19,1292.31396484375,4661780
2024-09-20,1301.97265625,2823650
2024-09-23,1322.5025634765625,1326620
2024-09-24,1321.6876220703125,1962100
2024-09-25,1329.85595703125,2388280
2024-09-26,1340.379150390625,2842130
2024-09-27,1341.47216796875,2794555
2024-09-30,1341.8099365234375,1827470
2024-10-01,1341.3131103515625,1738090
2024-10-03,1338.64013671875,2277090
2024-10-04,1318.2891845703125,1742335
2024-10-07,1313.648681640625,2224190
2024-10-08,1322.8204345703125,1395550
2024-10-09,1324.5693359375,1680365
2024-10-10,1308.3223876953125,1582735
2024-10-11,1311.5220947265625,1130225
2024-10-14,1323.5855712890625,1117595
2024-10-15,1313.996337890625,1423265
2024-10-16,1333.721435546875,1849620
2024-10-17,1332.3599853515625,1819115
2024-10-18,1339.7232666015625,1143115
2024-10-21,1331.038330078125,1175275
2024-10-22,1324.0823974609375,1904985
2024-10-23,1313.2510986328125,1548860
2024-10-24,1308.242919921875,1587305
2024-10-25,1294.7286376953125,1285830
2024-10-28,1303.2347412109375,829374
2024-10-29,1266.6666259765625,1443741
2024-10-30,1241.97314453125,2065575
2024-10-31,1266.169677734375,1902206
2024-11-01,1251.6617431640625,540201
2024-11-04,1260.3070068359375,1771490
2024-11-05,1264.182373046875,1603920
2024-11-06,1293.8939208984375,3908554
2024-11-07,1279.23681640625,1479152
2024-11-08,1275.5601806640625,1328199
2024-11-11,1279.783447265625,1175591
2024-11-12,1255.9346923828125,1110785
2024-11-13,1237.15380859375,995217
2024-11-14,1218.9691162109375,1346891
2024-11-18,1186.028076171875,3367815
2024-11-19,1205.8026123046875,1509716
2024-11-21,1187.816650390625,2121476
2024-11-22,1206.7962646484375,763755
2024-11-25,1201.6788330078125,3280431
2024-11-26,1201.0328369140625,1190121
2024-11-27,1192.3380126953125,1402977
2024-11-28,1184.4381103515625,2819269
2024-11-29,1194.722900390625,2535820
2024-12-02,1214.05029296875,1826479
2024-12-03,1216.782958984375,2237453
2024-12-04,1207.889404296875,1435443
2024-12-05,1232.0362548828125,3324867
2024-12-06,1245.7989501953125,1717216
2024-12-09,1247.2398681640625,1269332
2024-12-10,1232.5330810546875,2025890
2024-12-11,1230.7445068359375,1178864
2024-12-12,1237.55126953125,1648944
2024-12-13,1238.4952392578125,1258819
2024-12-16,1261.946533203125,1920945
2024-12-17,1239.787109375,2706166
2024-12-18,1267.3621826171875,2823838
2024-12-19,1317.245849609375,7185903
2024-12-20,1335.18212890625,7499087
2024-12-23,1332.8966064453125,3740109
2024-12-24,1342.3863525390625,2587142
2024-12-26,1346.609619140625,1531359
2024-12-27,1380.693359375,3656253
2024-12-30,1368.2225341796875,2462657
2024-12-31,1379.7493896484375,1892083
2025-01-01,1360.372314453125,1658723
2025-01-02,1366.38427734375,1726305
2025-01-03,1344.1253662109375,1573592
2025-01-06,1341.83984375,1539970
2025-01-07,1343.0323486328125,1723188
2025-01-08,1362.111328125,3456684
2025-01-09,1362.9559326171875,1607980
2025-01-10,1345.8643798828125,1582776
2025-01-13,1326.6859130859375,2822318
2025-01-14,1329.12060546875,1370223
2025-01-15,1328.772705078125,1940371
2025-01-16,1294.539794921875,1195731
2025-01-17,1301.14794921875,1432206
2025-01-20,1294.142333984375,561642
2025-01-21,1280.0318603515625,738787
2025-01-22,1288.080810546875,1301422
2025-01-23,1281.2740478515625,1448659
2025-01-24,1216.68359375,7082467
2025-01-27,1190.1021728515625,2184847
2025-01-28,1173.8055419921875,3142189
2025-01-29,1173.755859375,3458251
2025-01-30,1186.9720458984375,3290757
2025-01-31,1209.677978515625,1505147
2025-02-01,1197.356201171875,1067956
2025-02-03,1196.2630615234375,1407877
2025-02-04,1212.2615966796875,2239920
2025-02-05,1219.8138427734375,1460238
2025-02-06,1228.8564453125,2990483
2025-02-07,1232.582763671875,1236992
2025-02-10,1213.2552490234375,1565579
2025-02-11,1202.1756591796875,1819297
2025-02-12,1208.1875,1306601
2025-02-13,1215.888671875,4447231
2025-02-14,1189.5059814453125,1211843
2025-02-17,1191.3939208984375,613030
2025-02-18,1189.853759765625,1713796
2025-02-19,1158.5025634765625,3062142
2025-02-20,1163.5704345703125,1579890
2025-02-21,1144.541259765625,6828902
2025-02-24,1157.2108154296875,2017521
2025-02-25,1121.040283203125,6463238
2025-02-27,1118.4566650390625,3435069
2025-02-28,1109.463623046875,3895033
2025-03-03,1112.5440673828125,1810605
2025-03-04,1113.0906982421875,1074133
2025-03-05,1119.30126953125,1260157
2025-03-06,1132.9149169921875,1648697
2025-03-07,1126.1080322265625,790599
2025-03-10,1113.1402587890625,950503
2025-03-11,1109.6126708984375,884438
2025-03-12,1098.1851806640625,1914579
2025-03-13,1100.9674072265625,1299174
2025-03-17,1143.447998046875,2714559
2025-03-18,1143.447998046875,0
2025-03-19,1164.713134765625,1507415
2025-03-20,1179.718017578125,1521677
2025-03-21,1192.58642578125,2313824
2025-03-24,1202.6724853515625,1660669
2025-03-25,1170.4766845703125,2860907
2025-03-26,1157.260498046875,2864505
2025-03-27,1154.8756103515625,4460409
2025-03-28,1136.989013671875,2762934
2025-04-01,1144.9385986328125,4158012
2025-04-02,1142.75244140625,2071245
2025-04-03,1144.193359375,6324685
2025-04-04,1102.954833984375,5423861
2025-04-07,1081.0439453125,3888037
2025-04-08,1100.9674072265625,1577632
2025-04-09,1087.1551513671875,5511474
2025-04-11,1102.5076904296875,2740831
2025-04-15,1147.62158203125,2683350
2025-04-16,1151.099609375,1451875
2025-04-17,1156.2667236328125,2788024
2025-04-21,1169.9798583984375,1938756
2025-04-22,1167.594970703125,1313400
2025-04-23,1178.525634765625,3192132
2025-04-24,1192.9342041015625,4819678
2025-04-25,1167.396240234375,1286573
2025-04-28,1191.1455078125,1236678
2025-04-29,1168.588623046875,1663018
2025-04-30,1176.4388427734375,1604442
2025-05-02,1170.4766845703125,910973
2025-05-05,1163.9183349609375,1893680
2025-05-06,1153.0870361328125,1990745
2025-05-07,1153.385009765625,1421366
2025-05-08,1140.76513671875,2616533
2025-05-09,1148.6153564453125,1248574
2025-05-12,1188.0650634765625,5065176
2025-05-13,1199.49267578125,3134295
2025-05-14,1212.3114013671875,1197152
2025-05-15,1228.5086669921875,2053553
2025-05-16,1222.94384765625,882873
2025-05-19,1211.317626953125,2235758
2025-05-20,1216.48486328125,1385750
2025-05-21,1216.981689453125,2615092
2025-05-22,1214.4974365234375,2260610
2025-05-23,1222.34765625,734297
2025-05-26,1233.0797119140625,985434
2025-05-27,1235.3651123046875,1145000
2025-05-28,1234.7689208984375,766968
2025-05-29,1240.3336181640625,1791885
2025-05-30,1243.314697265625,3161983
2025-06-02,1239.836669921875,1139977
2025-06-03,1240.4329833984375,811620
2025-06-04,1244.0103759765625,1387633
2025-06-05,1282.4664306640625,3834672
2025-06-06,1312.575439453125,2158757
2025-06-09,1310.7867431640625,1227356
2025-06-10,1340.2996826171875,3022355
2025-06-11,1342.5850830078125,1094247
2025-06-12,1354.1119384765625,2625058
2025-06-13,1353.913330078125,1419556
2025-06-16,1338.312255859375,1294663
2025-06-17,1310.48876953125,1649457
2025-06-18,1305.0234375,728945
2025-06-19,1317.74267578125,1654212
2025-06-20,1316.94775390625,1843895
2025-06-23,1309.5943603515625,843945
2025-06-24,1328.8721923828125,1011128
2025-06-25,1333.14501953125,833145
2025-06-26,1313.171630859375,2373431
2025-06-27,1292.8009033203125,1770595
2025-06-30,1275.2125244140625,2224279
2025-07-01,1268.75341796875,1851442
2025-07-02,1262.791259765625,2027306
2025-07-03,1283.1619873046875,1918977
2025-07-04,1299.1605224609375,1466009
2025-07-07,1302.240966796875,569025
2025-07-08,1275.7093505859375,1602620
2025-07-09,1261.4000244140625,1494337
2025-07-10,1262.5999755859375,1246082
2025-07-11,1254.699951171875,895466
2025-07-14,1250.5999755859375,1035555
2025-07-15,1260.9000244140625,1183659
2025-07-16,1259.4000244140625,1159859
2025-07-17,1263.0999755859375,709420
2025-07-18,1257.5,690731
2025-07-21,1259.300048828125,1065189
2025-07-22,1240.0,1304352
2025-07-23,1247.4000244140625,1088262
2025-07-24,1265.5,3809212
2025-07-25,1277.9000244140625,1621138
2025-07-28,1287.4000244140625,1553778
2025-07-29,1299.800048828125,1943466
2025-07-30,1292.0999755859375,1387013
2025-07-31,1270.300048828125,1968821
2025-08-01,1220.5999755859375,2525210
2025-08-04,1225.0,767310
2025-08-05,1214.800048828125,956582
2025-08-06,1196.699951171875,1701845
2025-08-07,1200.800048828125,1246560
2025-08-08,1211.4000244140625,2389106
2025-08-11,1219.5,1246374
2025-08-12,1220.300048828125,922461
2025-08-13,1253.4000244140625,1192506
2025-08-14,1260.4000244140625,1603933
2025-08-18,1262.699951171875,1648543
2025-08-19,1244.199951171875,1061816
2025-08-20,1245.4000244140625,685379
2025-08-21,1276.5999755859375,2008295
2025-08-22,1277.5999755859375,1229920
2025-08-25,1283.9000244140625,967056
2025-08-26,1263.199951171875,2798216
2025-08-28,1259.800048828125,1827890
2025-08-29,1260.0999755859375,2422956
2025-09-01,1279.9000244140625,1273903
2025-09-02,1253.699951171875,1632660
2025-09-03,1262.199951171875,1294925
2025-09-04,1253.0,1230934
2025-09-05,1268.0999755859375,769861
2025-09-08,1250.5999755859375,969297
2025-09-09,1291.300048828125,1643726
2025-09-10,1304.199951171875,1232984
2025-09-11,1303.0999755859375,1349391
2025-09-12,1316.699951171875,1042942
2025-09-15,1300.800048828125,1331182
2025-09-16,1310.4000244140625,1034369
2025-09-17,1311.4000244140625,716840
2025-09-18,1322.699951171875,822010
2025-09-19,1321.699951171875,1409571
2025-09-22,1301.4000244140625,1399531
2025-09-23,1308.4000244140625,1271238
2025-09-24,1298.0999755859375,750456
2025-09-25,1275.199951171875,1241492
2025-09-26,1253.0999755859375,2284377
2025-09-29,1234.5999755859375,3899164
2025-09-30,1223.699951171875,2635047
2025-10-01,1244.699951171875,4083180
2025-10-03,1248.0999755859375,2742600
2025-10-06,1248.5999755859375,1880910
2025-10-07,1248.5,1380941
2025-10-08,1234.5,1496744
2025-10-09,1246.0999755859375,2699135
2025-10-10,1264.4000244140625,1680920
2025-10-13,1262.4000244140625,1188201
2025-10-14,1237.300048828125,1944911
2025-10-15,1232.4000244140625,2150067
2025-10-16,1240.199951171875,1308931
2025-10-17,1255.9000244140625,1473018
2025-10-20,1282.0,1368192
2025-10-21,1288.699951171875,226788
2025-10-23,1279.4000244140625,1991213
2025-10-24,1283.5999755859375,1167634
2025-10-27,1284.300048828125,1927956
2025-10-28,1289.4000244140625,1828290
2025-10-29,1250.9000244140625,2574921
2025-10-30,1202.199951171875,8883497
2025-10-31,1197.5999755859375,4250157
2025-11-03,1196.0,1547000
2025-11-04,1200.0,1015516
2025-11-06,1205.199951171875,1560897
2025-11-07,1205.4000244140625,1076140
2025-11-10,1198.699951171875,3483082
2025-11-11,1211.5,1048552
2025-11-12,1229.5999755859375,1222295
2025-11-13,1234.9000244140625,1426984
2025-11-14,1246.0,827643
2025-11-17,1244.4000244140625,1423044
2025-11-18,1243.800048828125,971685
2025-11-19,1250.199951171875,830105
2025-11-20,1248.5999755859375,854999
2025-11-21,1243.9000244140625,941902
2025-11-24,1226.199951171875,7611988
2025-11-25,1236.0999755859375,1983817
2025-11-26,1248.0,809816
2025-11-27,1249.300048828125,1060956
2025-11-28,1258.800048828125,809748
2025-12-01,1260.0999755859375,1457856
2025-12-02,1275.199951171875,2361183
2025-12-03,1280.699951171875,4969448
2025-12-04,1277.5999755859375,1971130
2025-12-05,1275.199951171875,1036082
2025-12-08,1266.5,1435892
2025-12-09,1246.199951171875,2118272
2025-12-10,1250.800048828125,1669910
2025-12-11,1273.5,1717539
2025-12-12,1279.300048828125,981548
2025-12-15,1280.5999755859375,1078613
2025-12-16,1276.9000244140625,928506
2025-12-17,1272.0,894068
2025-12-18,1280.0,889699
2025-12-19,1278.199951171875,1209487
2025-12-22,1283.4000244140625,614138
2025-12-23,1283.5,408490
2025-12-24,1265.800048828125,1265233
2025-12-26,1269.300048828125,594744
2025-12-29,1268.5999755859375,811488
2025-12-30,1265.800048828125,1123996
2025-12-31,1271.4000244140625,658106
2026-01-01,1253.4000244140625,553856
2026-01-02,1256.0999755859375,1591218
2026-01-05,1250.0,1184386
2026-01-06,1256.199951171875,540944
2026-01-07,1242.800048828125,1215477
2026-01-08,1206.9000244140625,2000942
2026-01-09,1210.0999755859375,1390935
2026-01-12,1215.5,707317
2026-01-13,1191.300048828125,2071117
2026-01-14,1186.5,2834908
2026-01-15,1186.5,0
2026-01-16,1175.5,2214792
2026-01-19,1167.199951171875,1253443
2026-01-20,1166.699951171875,2790934
2026-01-21,1157.199951171875,2322066
2026-01-22,1217.5,6464461
2026-01-23,1235.5999755859375,3888860
2026-01-27,1239.800048828125,2159137
2026-01-28,1222.5,1740662
2026-01-29,1208.9000244140625,1626394
2026-01-30,1218.0999755859375,1672460
2026-02-02,1182.5,1207638
2026-02-03,1235.4000244140625,1521425
2026-02-04,1240.199951171875,947684
2026-02-05,1244.9000244140625,953241
2026-02-06,1241.199951171875,1324651
2026-02-09,1275.5,2111316
2026-02-10,1256.0,1412804
2026-02-11,1270.300048828125,855888
2026-02-12,1274.9000244140625,981247
2026-02-13,1268.0999755859375,838946
2026-02-16,1269.4000244140625,469592
2026-02-17,1284.800048828125,687326
2026-02-18,1280.300048828125,689997
2026-02-19,1282.300048828125,1333838
2026-02-20,1280.4000244140625,1753200
2026-02-23,1307.4000244140625,1849756
