date,adj_close,volume
2015-01-01,296.3742370605469,1336492
2015-01-02,296.0883483886719,933372
2015-01-05,291.1081848144531,2012624
2015-01-06,283.3335876464844,3470408
2015-01-07,276.60125732421875,3540560
2015-01-08,283.0015563964844,3906036
2015-01-09,285.0766906738281,6164448
2015-01-12,290.6101989746094,2661684
2015-01-13,292.0949401855469,2916072
2015-01-14,291.2095642089844,4133276
2015-01-15,293.8749084472656,3658976
2015-01-16,302.3135986328125,3185348
2015-01-19,303.355712890625,3335832
2015-01-20,308.42803955078125,3099268
2015-01-21,311.2131652832031,7541032
2015-01-22,307.2383728027344,3769104
2015-01-23,303.7245788574219,4683076
2015-01-27,298.1356506347656,4461772
2015-01-28,306.0762634277344,4173388
2015-01-29,304.1487731933594,4751440
2015-01-30,330.4883117675781,21415344
2015-02-02,348.7948913574219,10089756
2015-02-03,350.5010681152344,8442272
2015-02-04,352.00140380859375,4939900
2015-02-05,365.3935546875,8494896
2015-02-06,362.06866455078125,4023848
2015-02-09,369.4037170410156,4670508
2015-02-10,358.1140441894531,5786408
2015-02-11,362.25396728515625,2142516
2015-02-12,367.5699157714844,4365376
2015-02-13,369.1536865234375,3286008
2015-02-16,367.65338134765625,3024868
2015-02-18,376.5999755859375,6327804
2015-02-19,379.3783874511719,4136952
2015-02-20,370.5984802246094,2668572
2015-02-23,365.0879821777344,2666340
2015-02-24,366.02337646484375,3643048
2015-02-25,367.3478088378906,2276348
2015-02-26,365.91217041015625,4156644
2015-02-27,374.5346984863281,4808820
2015-03-02,375.0625305175781,4098336
2015-03-03,376.2387390136719,4306688
2015-03-04,377.1278381347656,3430308
2015-03-05,382.49951171875,3448716
2015-03-09,382.6291809082031,6555768
2015-03-10,378.63751220703125,5425488
2015-03-11,381.3974304199219,10074260
2015-03-12,380.2212219238281,4880440
2015-03-13,372.7935485839844,6368968
2015-03-16,381.01763916015625,7937836
2015-03-17,377.70208740234375,10007444
2015-03-18,371.6728515625,18927840
2015-03-19,362.920654296875,10163240
2015-03-20,363.0133972167969,6271108
2015-03-23,358.7530517578125,3897136
2015-03-24,359.4753723144531,5298696
2015-03-25,373.1083679199219,7518574
2015-03-26,365.7919006347656,7048128
2015-03-27,356.69696044921875,4280330
2015-03-30,363.21722412109375,3275064
2015-03-31,363.1986389160156,3726676
2015-04-01,348.546875,8281168
2015-04-06,345.2867736816406,7728748
2015-04-07,346.2129211425781,4348138
2015-04-08,355.21514892578125,3587334
2015-04-09,357.1785888671875,2674132
2015-04-10,358.3270263671875,2837478
2015-04-13,361.58709716796875,3099142
2015-04-15,349.8990478515625,3098572
2015-04-16,353.5110168457031,2057382
2015-04-17,348.2690734863281,3138232
2015-04-20,342.4158020019531,3223104
2015-04-21,329.94976806640625,14596284
2015-04-22,325.0042419433594,7934682
2015-04-23,331.561279296875,6391380
2015-04-24,333.77545166015625,6406490
2015-04-27,328.65869140625,3789232
2015-04-28,323.9328918457031,5803656
2015-04-29,330.14727783203125,4076096
2015-04-30,327.6725769042969,7338470
2015-05-04,342.2785339355469,3352524
2015-05-05,339.357421875,3459534
2015-05-06,331.61712646484375,4595278
2015-05-07,342.6319580078125,3639964
2015-05-08,344.3996276855469,3579368
2015-05-11,350.5022888183594,3592212
2015-05-12,340.73419189453125,2464630
2015-05-13,348.7906494140625,2774824
2015-05-14,344.3251953125,2252426
2015-05-15,340.0828857421875,3405608
2015-05-18,346.27874755859375,3014132
2015-05-19,347.61846923828125,2588934
2015-05-20,357.2749938964844,3073544
2015-05-21,361.0520935058594,2092768
2015-05-22,366.22454833984375,2995660
2015-05-25,371.80633544921875,3291366
2015-05-26,369.7040100097656,2462108
2015-05-27,368.9596862792969,2945442
2015-05-28,364.717529296875,3337232
2015-05-29,376.1230163574219,11358676
2015-06-01,362.1871032714844,2304588
2015-06-02,354.5212707519531,2331440
2015-06-03,354.3724365234375,3619974
2015-06-04,350.0372314453125,3107452
2015-06-05,345.7021179199219,3000646
2015-06-08,341.96221923828125,2978860
2015-06-09,339.1526184082031,2442408
2015-06-10,350.7443542480469,5172246
2015-06-11,340.4179382324219,3641272
2015-06-12,333.55218505859375,3693056
2015-06-15,337.906005859375,1717342
2015-06-16,337.2548828125,1778324
2015-06-17,337.2548828125,2501764
2015-06-18,340.0270690917969,2637416
2015-06-19,341.68310546875,3563616
2015-06-22,346.65087890625,1651062
2015-06-23,345.1251525878906,2200268
2015-06-24,349.0883483886719,2617310
2015-06-25,344.6229248046875,3102502
2015-06-26,356.2143859863281,3170238
2015-06-29,345.4787902832031,2336726
2015-06-30,342.2598571777344,3974968
2015-07-01,351.3025207519531,2148066
2015-07-02,355.1910705566406,1977048
2015-07-03,359.0613098144531,1725652
2015-07-06,360.9404296875,1624082
2015-07-07,348.4184265136719,2544644
2015-07-08,347.1905212402344,2349626
2015-07-09,341.4039306640625,2299680
2015-07-10,344.455322265625,2360456
2015-07-13,357.5540466308594,2415516
2015-07-14,355.3585205078125,2424140
2015-07-15,352.8282470703125,2391962
2015-07-16,355.9539489746094,1770108
2015-07-17,355.52606201171875,2073870
2015-07-20,352.2700500488281,1413184
2015-07-21,362.74530029296875,3963108
2015-07-22,365.8150939941406,1401298
2015-07-23,360.97760009765625,1595332
2015-07-24,354.5027770996094,2367716
2015-07-27,348.7161865234375,3351408
2015-07-28,343.5994873046875,2392180
2015-07-29,354.01898193359375,2906782
2015-07-30,356.45635986328125,3093446
2015-07-31,371.4715881347656,3933792
2015-08-03,349.3675231933594,7071618
2015-08-04,347.1532897949219,3809446
2015-08-05,348.82781982421875,2358616
2015-08-06,352.028076171875,1869728
2015-08-07,351.4107971191406,1818186
2015-08-10,350.325927734375,2216746
2015-08-11,351.80364990234375,1718378
2015-08-12,363.1762390136719,4219772
2015-08-13,361.21221923828125,3156994
2015-08-14,364.2611389160156,1578496
2015-08-17,362.2970886230469,1681246
2015-08-18,362.727294921875,3223016
2015-08-19,369.6669616699219,3291464
2015-08-20,359.6036071777344,2518670
2015-08-21,360.96917724609375,3595260
2015-08-24,347.1273193359375,4216894
2015-08-25,341.9460144042969,5470038
2015-08-26,340.43096923828125,4808772
2015-08-27,341.5906982421875,4055770
2015-08-28,356.2180480957031,3081798
2015-08-31,363.2697448730469,5442574
2015-09-01,356.1431579589844,2847484
2015-09-02,354.9834899902344,4090120
2015-09-03,359.51007080078125,2251964
2015-09-04,351.76617431640625,2665780
2015-09-07,344.4899597167969,1340504
2015-09-08,350.2885437011719,2376662
2015-09-09,352.8511047363281,2106428
2015-09-10,342.6381530761719,4118846
2015-09-11,344.24676513671875,2202750
2015-09-14,347.3705139160156,1539742
2015-09-15,347.464111328125,2451676
2015-09-16,351.242431640625,1801066
2015-09-18,355.60076904296875,2847952
2015-09-21,353.1503601074219,1972562
2015-09-22,349.78350830078125,3214488
2015-09-23,346.82806396484375,2276518
2015-09-24,357.2467041015625,3062620
2015-09-28,355.5821228027344,1557438
2015-09-29,356.7791442871094,2818428
2015-09-30,367.4222717285156,3516284
2015-10-01,320.622314453125,26766424
2015-10-05,321.6885986328125,13383762
2015-10-06,319.3316955566406,5909462
2015-10-07,305.71453857421875,13752674
2015-10-08,309.9980773925781,16981832
2015-10-09,317.68572998046875,9468336
2015-10-12,319.8928527832031,4835846
2015-10-13,310.4656066894531,5837378
2015-10-14,311.8309631347656,2702158
2015-10-15,312.3734436035156,3644676
2015-10-16,314.67425537109375,2270164
2015-10-19,320.88421630859375,10051980
2015-10-20,323.3345031738281,5670558
2015-10-21,322.866943359375,2594696
2015-10-23,320.9479064941406,3064858
2015-10-26,324.9364929199219,4157440
2015-10-27,326.4792175292969,3081400
2015-10-28,330.2043762207031,3351280
2015-10-29,329.58355712890625,4243554
2015-10-30,328.0032043457031,2655794
2015-11-02,329.73406982421875,2020104
2015-11-03,329.6587829589844,2115610
2015-11-04,331.72845458984375,1683688
2015-11-05,330.18560791015625,2370498
2015-11-06,333.177001953125,2653852
2015-11-09,332.06695556640625,3043880
2015-11-10,320.3270568847656,1678382
2015-11-13,317.3544921875,2950796
2015-11-16,315.54833984375,2876114
2015-11-17,322.37774658203125,3405776
2015-11-18,318.2010498046875,3046948
2015-11-19,328.84979248046875,3528336
2015-11-20,326.0653381347656,3386922
2015-11-23,325.01171875,1179312
2015-11-24,325.9337158203125,2248674
2015-11-26,324.69189453125,2081658
2015-11-27,328.3231201171875,1580942
2015-11-30,327.7209167480469,5165146
2015-12-01,330.2608337402344,2547178
2015-12-02,323.468994140625,2575382
2015-12-03,320.2706298828125,3836614
2015-12-04,314.5699462890625,3778328
2015-12-07,316.940673828125,2622184
2015-12-08,322.86700439453125,3176258
2015-12-09,317.67425537109375,2604402
2015-12-10,318.21990966796875,1837816
2015-12-11,316.3009033203125,1062294
2015-12-14,316.39501953125,1536460
2015-12-15,318.03179931640625,1609352
2015-12-16,318.7279052734375,1630720
2015-12-17,323.7700500488281,1939764
2015-12-18,318.3892517089844,2838258
2015-12-21,321.8886413574219,917704
2015-12-22,319.5556945800781,1436920
2015-12-23,325.0305480957031,1346418
2015-12-24,323.7135925292969,741556
2015-12-28,326.4980773925781,1803666
2015-12-29,321.5311584472656,2285528
2015-12-30,316.26324462890625,1752074
2015-12-31,321.7569274902344,1747706
2016-01-01,318.2763671875,970392
2016-01-04,318.3139953613281,2172072
2016-01-05,317.1286926269531,1465382
2016-01-06,316.60186767578125,2797870
2016-01-07,310.44970703125,2901314
2016-01-08,311.6914367675781,3376870
2016-01-11,306.498779296875,2535276
2016-01-12,304.80548095703125,2315328
2016-01-13,310.957763671875,3158468
2016-01-14,311.87957763671875,5081220
2016-01-15,315.3414306640625,4571182
2016-01-18,316.95941162109375,3774136
2016-01-19,315.4166259765625,10618998
2016-01-20,316.7900390625,3976018
2016-01-21,314.28790283203125,3348430
2016-01-22,315.7928466796875,2018478
2016-01-25,315.5859069824219,2190134
2016-01-27,316.836669921875,2201518
2016-01-28,320.05810546875,3201306
2016-01-29,328.1116027832031,3835114
2016-02-01,333.6259765625,2594492
2016-02-02,330.7267150878906,2225464
2016-02-03,322.93841552734375,1956090
2016-02-04,328.7180480957031,2634614
2016-02-05,329.5896911621094,1967702
2016-02-08,322.0478210449219,1610434
2016-02-09,307.1533508300781,3334436
2016-02-10,313.57733154296875,2265394
2016-02-11,306.224853515625,3238414
2016-02-12,302.52978515625,2784934
2016-02-15,313.4635925292969,2761612
2016-02-16,312.40240478515625,2104598
2016-02-17,312.5919189453125,2720362
2016-02-18,319.84954833984375,2129164
2016-02-19,322.72998046875,2366136
2016-02-22,320.6075744628906,1847550
2016-02-23,314.1647644042969,1260954
2016-02-24,307.3807678222656,1722248
2016-02-25,306.50909423828125,1619632
2016-02-26,312.53515625,2047824
2016-02-29,308.2145690917969,3094060
2016-03-01,315.37750244140625,2114472
2016-03-02,323.9805603027344,3279278
2016-03-03,325.6671447753906,2015842
2016-03-04,316.6092834472656,3554776
2016-03-08,308.9725646972656,6490012
2016-03-09,309.124267578125,12221478
2016-03-10,309.9579772949219,5015794
2016-03-11,311.9285888671875,4241030
2016-03-14,313.7668762207031,2852722
2016-03-15,307.6839904785156,2711290
2016-03-16,308.8399963378906,2436508
2016-03-17,308.9915771484375,3429634
2016-03-18,312.3456726074219,3323064
2016-03-21,311.7391662597656,3316402
2016-03-22,313.97528076171875,5466422
2016-03-23,309.90106201171875,5018640
2016-03-28,307.2292175292969,5914488
2016-03-29,305.7701110839844,5063370
2016-03-30,311.000244140625,4604684
2016-03-31,308.5367431640625,9173934
2016-04-01,310.92425537109375,5329616
2016-04-04,318.2957458496094,5661970
2016-04-05,319.5843200683594,4999776
2016-04-06,317.87890625,2165840
2016-04-07,313.97528076171875,1881660
2016-04-08,315.7375183105469,1445784
2016-04-11,318.0872802734375,1940546
2016-04-12,318.219970703125,1419372
2016-04-13,317.4240417480469,2636408
2016-04-18,323.3932189941406,5853044
2016-04-20,318.80743408203125,2778022
2016-04-21,320.7212829589844,2235054
2016-04-22,320.3043518066406,2221718
2016-04-25,320.2854309082031,1662860
2016-04-26,322.066650390625,2257126
2016-04-27,317.4240417480469,4550172
2016-04-28,303.155029296875,17843912
2016-04-29,284.3570861816406,17978662
2016-05-02,281.2872009277344,5021166
2016-05-03,276.0572509765625,6999808
2016-05-04,279.3544921875,6404110
2016-05-05,280.0420837402344,5077866
2016-05-06,276.10650634765625,6136478
2016-05-09,275.6481018066406,7384902
2016-05-10,274.6545104980469,5401936
2016-05-11,270.8144226074219,8421688
2016-05-12,273.08795166015625,3558646
2016-05-13,276.3166809082031,7150908
2016-05-16,274.71185302734375,3233028
2016-05-17,279.81292724609375,7834720
2016-05-18,283.6148376464844,4249196
2016-05-19,278.97235107421875,3490682
2016-05-20,281.47503662109375,3846760
2016-05-23,280.29058837890625,2076592
2016-05-24,282.46856689453125,2790030
2016-05-25,286.3277282714844,3373494
2016-05-26,283.0990295410156,6462218
2016-05-27,289.4800720214844,6090190
2016-05-30,285.63995361328125,3186652
2016-05-31,282.6787109375,30096216
2016-06-01,280.6726379394531,4493556
2016-06-02,275.6288757324219,8587656
2016-06-03,275.8389587402344,3006706
2016-06-06,276.8708190917969,4081070
2016-06-07,277.6732177734375,4984376
2016-06-08,284.092529296875,3800608
2016-06-09,287.7415771484375,5557702
2016-06-10,286.977294921875,11571664
2016-06-13,287.97088623046875,4130226
2016-06-14,287.4931640625,3292742
2016-06-15,288.5630187988281,1958544
2016-06-16,287.22576904296875,2266304
2016-06-17,287.97088623046875,5434012
2016-06-20,294.46661376953125,8265372
2016-06-21,294.2563781738281,2932940
2016-06-22,294.3901672363281,3134118
2016-06-23,294.1417541503906,2584436
2016-06-24,283.4620666503906,6163378
2016-06-27,280.8636169433594,2887506
2016-06-28,272.5148010253906,5685362
2016-06-29,278.3418273925781,4966468
2016-06-30,279.10601806640625,4793986
2016-07-01,279.5836486816406,2023766
2016-07-04,285.94561767578125,3263618
2016-07-05,282.1437683105469,3735640
2016-07-07,274.0049133300781,6865136
2016-07-08,275.8199157714844,1702632
2016-07-11,273.890380859375,4248750
2016-07-12,275.6288757324219,3229836
2016-07-13,275.113037109375,6713100
2016-07-14,278.2654113769531,2168772
2016-07-15,274.1578063964844,5935062
2016-07-18,276.0683288574219,1857346
2016-07-19,278.99151611328125,3469512
2016-07-20,278.9341125488281,2444450
2016-07-21,276.46954345703125,1770048
2016-07-22,278.62835693359375,1828628
2016-07-25,282.907958984375,2976604
2016-07-26,284.7611389160156,2698330
2016-07-27,287.91351318359375,3354578
2016-07-28,286.8817138671875,4554068
2016-07-29,287.7033996582031,1694656
2016-08-01,298.2112121582031,6053078
2016-08-02,305.9678039550781,9400178
2016-08-03,315.6731262207031,19105090
2016-08-04,314.79437255859375,2971674
2016-08-05,313.9919738769531,2600712
2016-08-08,312.97930908203125,3029132
2016-08-09,312.11956787109375,2480738
2016-08-10,314.92962646484375,2305396
2016-08-11,317.3931579589844,3479246
2016-08-12,313.4091491699219,3303140
2016-08-16,304.9983215332031,4489542
2016-08-17,301.9960632324219,4735658
2016-08-18,302.4771728515625,3083444
2016-08-19,300.95672607421875,2618344
2016-08-22,297.2614440917969,2693530
2016-08-23,304.47882080078125,3415382
2016-08-24,304.2286071777344,2417448
2016-08-25,307.19244384765625,4425822
2016-08-26,299.7633972167969,3324064
2016-08-29,290.6597900390625,3060904
2016-08-30,297.8965759277344,4320538
2016-08-31,299.6864013671875,5584352
2016-09-01,301.7073059082031,2597516
2016-09-02,301.9960632324219,2263652
2016-09-06,302.400146484375,3044598
2016-09-07,302.97760009765625,3579364
2016-09-08,297.9157409667969,5158732
2016-09-09,300.45623779296875,2934120
2016-09-12,301.2838439941406,4770494
2016-09-14,298.839599609375,3247132
2016-09-15,299.8596496582031,1906998
2016-09-16,302.6888427734375,4318854
2016-09-19,303.7281188964844,3766566
2016-09-20,304.88287353515625,3031210
2016-09-21,305.0946350097656,2806130
2016-09-22,303.6512145996094,2234722
2016-09-23,306.88458251953125,5211570
2016-09-26,303.6896667480469,3651990
2016-09-27,306.3457946777344,3263196
2016-09-28,306.518798828125,3066374
2016-09-29,304.49810791015625,5692688
2016-09-30,307.90472412109375,3662600
2016-10-03,311.25347900390625,3033736
2016-10-04,314.92962646484375,3013374
2016-10-05,314.1020202636719,1596940
2016-10-06,308.539794921875,3177462
2016-10-07,310.46441650390625,1535854
2016-10-10,312.9471435546875,1538488
2016-10-13,309.2134704589844,4152022
2016-10-14,312.8317565917969,2752386
2016-10-17,311.1765441894531,1480186
2016-10-18,321.3387145996094,2653938
2016-10-19,319.7026062011719,4278520
2016-10-20,313.92877197265625,4977454
2016-10-21,320.16473388671875,10282518
2016-10-24,312.0426330566406,3414444
2016-10-25,309.694580078125,3469130
2016-10-26,304.4210205078125,3223550
2016-10-27,300.3289794921875,4050632
2016-10-28,296.00421142578125,5422932
2016-11-01,299.7859802246094,2196342
2016-11-02,296.4502258300781,2054166
2016-11-03,295.98486328125,2406676
2016-11-04,308.26092529296875,5683326
2016-11-07,316.9687805175781,5987574
2016-11-08,313.7881164550781,2514742
2016-11-09,304.4210510253906,5296796
2016-11-10,306.2829284667969,3644546
2016-11-11,296.3726501464844,5043522
2016-11-15,298.9520263671875,5257576
2016-11-16,300.1544189453125,4562692
2016-11-17,294.840576171875,5376838
2016-11-18,296.2757263183594,3682234
2016-11-21,294.1424865722656,2155720
2016-11-22,295.59698486328125,2063646
2016-11-23,296.12060546875,1801756
2016-11-24,297.807861328125,4187488
2016-11-25,311.0536804199219,5477332
2016-11-28,312.6439514160156,3033048
2016-11-29,312.3529357910156,1647360
2016-11-30,311.771240234375,3063460
2016-12-01,311.4996643066406,2512750
2016-12-02,307.81494140625,2103394
2016-12-05,307.7373046875,1507316
2016-12-06,302.88897705078125,1557628
2016-12-07,304.6149597167969,1621702
2016-12-08,308.2997131347656,2063636
2016-12-09,311.5772705078125,2699554
2016-12-12,310.21966552734375,3011062
2016-12-13,310.66583251953125,1877952
2016-12-14,318.3650817871094,3721154
2016-12-15,322.7673645019531,5601630
2016-12-16,318.2874755859375,2632882
2016-12-19,319.87774658203125,2148158
2016-12-20,321.99169921875,2804568
2016-12-21,318.3650817871094,2063788
2016-12-22,316.9299011230469,1582514
2016-12-23,307.8731689453125,2905268
2016-12-26,306.57373046875,1117150
2016-12-27,312.1783752441406,1011418
2016-12-28,313.0318603515625,1434432
2016-12-29,317.8025817871094,3560002
2016-12-30,321.1383361816406,2051884
2017-01-02,321.3516845703125,842486
2017-01-03,323.9309997558594,1437066
2017-01-04,332.38665771484375,4233756
2017-01-05,327.6158142089844,4157614
2017-01-06,315.8827209472656,5591598
2017-01-09,325.15277099609375,3839588
2017-01-10,324.9782409667969,2613934
2017-01-11,323.1940612792969,2766112
2017-01-12,328.79876708984375,3290556
2017-01-13,329.787841796875,4573998
2017-01-16,322.1467590332031,2429338
2017-01-17,324.939453125,4099262
2017-01-18,327.383056640625,2168782
2017-01-19,327.421875,2112076
2017-01-20,325.3274230957031,2219790
2017-01-23,332.5222473144531,3969016
2017-01-24,329.2254333496094,7390624
2017-01-25,326.2969970703125,3855738
2017-01-27,327.44122314453125,2699128
2017-01-30,325.9091796875,1899068
2017-01-31,314.6221618652344,9645094
2017-02-01,318.0607604980469,9033230
2017-02-02,323.21893310546875,3760086
2017-02-03,324.62554931640625,2257058
2017-02-06,322.02703857421875,2185076
2017-02-07,318.74462890625,2605080
2017-02-08,315.9311828613281,2824810
2017-02-09,320.3076171875,3130268
2017-02-10,323.70733642578125,3550994
2017-02-13,323.27752685546875,1209256
2017-02-14,325.1141052246094,2246504
2017-02-15,324.4497375488281,1995766
2017-02-16,330.19390869140625,3441322
2017-02-17,327.9471130371094,2079702
2017-02-20,329.8030700683594,1331008
2017-02-21,332.65570068359375,3074096
2017-02-22,325.9736633300781,3487340
2017-02-23,329.353759765625,6776184
2017-02-27,328.2205810546875,2385238
2017-02-28,328.27923583984375,2286110
2017-03-01,331.7960205078125,2193694
2017-03-02,329.7055358886719,1735692
2017-03-03,333.28094482421875,1712464
2017-03-06,334.3164367675781,3084616
2017-03-07,335.0198974609375,1494044
2017-03-08,331.2489013671875,1458528
2017-03-09,329.9399719238281,1533834
2017-03-10,330.721435546875,1412616
2017-03-14,333.5545349121094,3171728
2017-03-15,329.3733825683594,2478532
2017-03-16,334.2578430175781,3690466
2017-03-17,338.3022155761719,3987020
2017-03-20,337.75518798828125,3392968
2017-03-21,335.7818298339844,7366514
2017-03-22,341.03759765625,3364236
2017-03-23,342.5614318847656,2848278
2017-03-24,341.15484619140625,1751020
2017-03-27,332.98785400390625,2353860
2017-03-28,336.0162353515625,1796222
2017-03-29,342.9327392578125,4242538
2017-03-30,342.2490539550781,2927478
2017-03-31,341.819091796875,4314580
2017-04-03,338.4976806640625,1874754
2017-04-05,332.3431396484375,3578706
2017-04-06,333.5155029296875,2089810
2017-04-07,331.8741149902344,2059774
2017-04-10,325.5243225097656,1485086
2017-04-11,325.81732177734375,2620546
2017-04-12,324.977294921875,1311888
2017-04-13,316.16558837890625,2293364
2017-04-17,316.82989501953125,1404094
2017-04-18,315.75518798828125,2028564
2017-04-19,315.97021484375,2636200
2017-04-20,318.4320068359375,1079608
2017-04-21,317.5919189453125,1780310
2017-04-24,320.2490234375,1373968
2017-04-25,320.4053039550781,2194602
2017-04-26,312.70733642578125,1918248
2017-04-27,316.3999328613281,5640334
2017-04-28,318.1193542480469,2794138
2017-05-02,321.2259216308594,1722732
2017-05-03,326.3252868652344,1989864
2017-05-04,319.64337158203125,2758496
2017-05-05,324.1761779785156,1856816
2017-05-08,328.3182678222656,1581634
2017-05-09,332.05010986328125,1814522
2017-05-10,329.6468200683594,1515412
2017-05-11,327.73211669921875,7029834
2017-05-12,331.2294921875,3295402
2017-05-15,331.5811767578125,1375146
2017-05-16,331.99139404296875,5948804
2017-05-17,333.5349426269531,2747118
2017-05-18,331.52252197265625,7317362
2017-05-19,330.07672119140625,2896062
2017-05-22,335.0589599609375,5784538
2017-05-23,337.97003173828125,6427042
2017-05-24,336.37640380859375,4033036
2017-05-25,338.2454833984375,5896078
2017-05-26,338.0487365722656,2604830
2017-05-29,340.15399169921875,3686630
2017-05-30,341.6098937988281,2826830
2017-05-31,340.07525634765625,5747114
2017-06-01,339.2882385253906,1843166
2017-06-02,337.5765075683594,2223574
2017-06-05,337.891357421875,2816618
2017-06-06,349.9912414550781,13253770
2017-06-07,346.46954345703125,6733948
2017-06-08,341.6886291503906,2830620
2017-06-09,338.6980285644531,2701028
2017-06-12,340.5868835449219,2065426
2017-06-13,333.3465576171875,2487790
2017-06-14,335.9043273925781,1801536
2017-06-15,332.264404296875,3547290
2017-06-16,330.13958740234375,3824660
2017-06-19,331.5168151855469,1690856
2017-06-20,336.1403503417969,2082258
2017-06-21,331.8906555175781,1819308
2017-06-22,334.1335754394531,2895584
2017-06-23,335.1959228515625,2161888
2017-06-27,330.61181640625,2184790
2017-06-28,333.83843994140625,2476764
2017-06-29,333.5235900878906,2984220
2017-06-30,334.8221740722656,2257114
2017-07-03,329.80517578125,3953676
2017-07-04,331.1430358886719,1981500
2017-07-05,329.5493469238281,2420508
2017-07-06,330.7889099121094,1373060
2017-07-07,327.3457946777344,2303234
2017-07-10,334.3302307128906,390438
2017-07-11,334.72381591796875,2993400
2017-07-12,336.0419616699219,1205956
2017-07-13,337.8520812988281,1912818
2017-07-14,334.6056823730469,1288116
2017-07-17,341.5902099609375,1818014
2017-07-18,346.5482177734375,1977378
2017-07-19,352.3326110839844,2912888
2017-07-20,348.49603271484375,1613768
2017-07-21,356.0904235839844,2483620
2017-07-24,357.0544128417969,3004440
2017-07-25,352.1948547363281,3584666
2017-07-26,351.2701110839844,3023714
2017-07-27,350.3059997558594,9319652
2017-07-28,351.4275207519531,3042762
2017-07-31,351.3488464355469,1894566
2017-08-01,347.925537109375,2664554
2017-08-02,347.05975341796875,1658180
2017-08-03,345.3836975097656,2544010
2017-08-04,351.25994873046875,1141420
2017-08-07,349.42608642578125,1646970
2017-08-08,347.8486022949219,1731896
2017-08-09,346.5667419433594,1071692
2017-08-10,348.2034912109375,1693074
2017-08-11,344.0229797363281,3384860
2017-08-14,339.21142578125,808098
2017-08-16,340.9468078613281,2250010
2017-08-17,343.6681213378906,1602350
2017-08-18,345.580810546875,2129910
2017-08-21,344.7132263183594,1339674
2017-08-22,345.4229736328125,1506462
2017-08-23,347.0597229003906,1509778
2017-08-24,342.1298828125,1624246
2017-08-28,342.18914794921875,1792508
2017-08-29,336.23388671875,1945588
2017-08-30,334.9126281738281,3387850
2017-08-31,341.2622985839844,5019082
2017-09-01,341.4397277832031,1600518
2017-09-04,339.4086608886719,1149942
2017-09-05,339.13262939453125,1095614
2017-09-06,335.642333984375,1658772
2017-09-07,338.8959655761719,2949318
2017-09-08,338.9748840332031,2320104
2017-09-11,339.4480895996094,1439608
2017-09-12,340.769287109375,1698738
2017-09-13,343.62860107421875,2237308
2017-09-14,347.3752746582031,2327652
2017-09-15,349.8401184082031,3502380
2017-09-18,353.9023742675781,1361938
2017-09-19,352.4431457519531,1095726
2017-09-20,350.7867431640625,1792966
2017-09-21,343.2342529296875,5197522
2017-09-22,348.81475830078125,6281534
2017-09-25,344.7132263183594,3550896
2017-09-26,344.5554504394531,3446850
2017-09-27,344.94976806640625,2541882
2017-09-28,345.16680908203125,6193068
2017-09-29,345.00897216796875,2360270
2017-10-03,348.0653991699219,2684244
2017-10-04,349.66278076171875,1240900
2017-10-05,352.2459411621094,3552176
2017-10-06,358.0631408691406,3640948
2017-10-09,356.0517578125,1206462
2017-10-10,354.7897644042969,3423160
2017-10-11,358.4772644042969,4337494
2017-10-12,361.2577209472656,2076624
2017-10-13,365.39874267578125,2210684
2017-10-16,364.0183410644531,1651154
2017-10-17,364.1366271972656,960424
2017-10-18,364.29443359375,1160686
2017-10-19,363.7421569824219,58388
2017-10-23,369.63836669921875,3597394
2017-10-24,360.68585205078125,3155652
2017-10-25,357.7278137207031,6147680
2017-10-26,342.74127197265625,11565142
2017-10-27,337.1803283691406,4592368
2017-10-30,329.8448486328125,7251452
2017-10-31,337.51556396484375,2958728
2017-11-01,332.3172912597656,3257662
2017-11-02,339.1363220214844,2965682
2017-11-03,334.8868408203125,2761172
2017-11-06,334.0566101074219,2273368
2017-11-07,346.5879211425781,5960612
2017-11-08,347.3193054199219,3821814
2017-11-09,346.2716979980469,1600452
2017-11-10,342.7534484863281,3070800
2017-11-13,343.7220458984375,5322040
2017-11-14,343.84051513671875,2012894
2017-11-15,335.3612365722656,3122146
2017-11-16,336.76458740234375,2181070
2017-11-17,332.06036376953125,3096988
2017-11-20,332.9102783203125,2260478
2017-11-21,331.1510925292969,2987142
2017-11-22,332.9102783203125,2269436
2017-11-23,337.4760437011719,2332448
2017-11-24,339.3340759277344,1646756
2017-11-27,340.24310302734375,1592740
2017-11-28,339.6700439453125,2108650
2017-11-29,337.2586975097656,1523670
2017-11-30,335.22283935546875,6822606
2017-12-01,328.1072082519531,2768524
2017-12-04,335.2030944824219,1793768
2017-12-05,335.22283935546875,1980098
2017-12-06,339.4131164550781,3179456
2017-12-07,341.35009765625,2450146
2017-12-08,344.09759521484375,1739846
2017-12-11,347.872802734375,1597008
2017-12-12,345.9751892089844,2921624
2017-12-13,342.4767761230469,8609940
2017-12-14,348.999267578125,6365040
2017-12-15,352.53729248046875,4469222
2017-12-18,349.84930419921875,2615662
2017-12-19,343.70220947265625,3971188
2017-12-20,343.8603210449219,2109744
2017-12-21,351.92462158203125,2859366
2017-12-22,350.6003723144531,2104074
2017-12-26,351.2130432128906,2127136
2017-12-27,349.31561279296875,801620
2017-12-28,347.20062255859375,2319726
2017-12-29,352.0234069824219,3093850
2018-01-01,347.3587646484375,1286288
2018-01-02,352.9327087402344,1906518
2018-01-03,354.7115783691406,2583906
2018-01-04,353.0512390136719,1193460
2018-01-05,355.7987365722656,1492292
2018-01-08,355.97662353515625,2353168
2018-01-09,353.3477478027344,2504270
2018-01-10,362.0445556640625,3400572
2018-01-11,362.4596252441406,4243446
2018-01-12,366.01739501953125,1980698
2018-01-15,359.4355163574219,2536486
2018-01-16,375.2479248046875,8963404
2018-01-17,376.67108154296875,5498922
2018-01-18,377.2244873046875,1869500
2018-01-19,378.8254699707031,4748438
2018-01-22,382.00775146484375,4431318
2018-01-23,393.47174072265625,5015202
2018-01-24,402.6033020019531,9269776
2018-01-25,399.08514404296875,5307454
2018-01-29,400.8675842285156,4013296
2018-01-30,396.2530212402344,2711352
2018-01-31,390.7671813964844,3221144
2018-02-01,390.11358642578125,3055658
2018-02-02,392.4902038574219,3345056
2018-02-05,393.3813171386719,2177578
2018-02-06,377.8148498535156,3310994
2018-02-07,371.7546691894531,4051696
2018-02-08,374.0519714355469,2896536
2018-02-09,381.835205078125,3456506
2018-02-12,371.9923400878906,2975588
2018-02-14,371.4575500488281,2889532
2018-02-15,372.2101745605469,2281842
2018-02-16,371.1802062988281,5698140
2018-02-19,362.1097106933594,2925546
2018-02-20,359.43597412109375,2462802
2018-02-21,373.47760009765625,5569512
2018-02-22,372.72503662109375,8186574
2018-02-23,378.5079345703125,5675166
2018-02-26,374.72528076171875,2112112
2018-02-27,376.2502746582031,2879428
2018-02-28,372.44781494140625,5119548
2018-03-01,373.4379577636719,2772230
2018-03-05,369.1998596191406,3747704
2018-03-06,369.4770812988281,2929756
2018-03-07,376.111572265625,5695220
2018-03-08,376.5473327636719,4238350
2018-03-09,373.5172119140625,1464728
2018-03-12,383.2809753417969,4946236
2018-03-13,379.0625,2513508
2018-03-14,382.2510681152344,2354082
2018-03-15,379.91412353515625,2590154
2018-03-16,383.2611389160156,9482072
2018-03-19,366.981689453125,3318748
2018-03-20,371.2198791503906,3707786
2018-03-21,371.2792053222656,3818980
2018-03-22,368.58587646484375,3095286
2018-03-23,379.22100830078125,5478072
2018-03-26,383.0433349609375,3571336
2018-03-27,385.0238342285156,2495200
2018-03-28,383.6572265625,4620172
2018-04-02,387.974609375,1295646
2018-04-03,383.91473388671875,2036000
2018-04-04,379.95367431640625,1804780
2018-04-05,381.062744140625,2805104
2018-04-06,377.33953857421875,2515810
2018-04-09,377.5771789550781,1708072
2018-04-10,375.6759338378906,2431772
2018-04-11,383.1423034667969,3716964
2018-04-12,400.0753479003906,8182766
2018-04-13,392.6288146972656,6361110
2018-04-16,396.05499267578125,3824528
2018-04-17,400.45166015625,3729906
2018-04-18,394.8468933105469,2008262
2018-04-19,403.4421081542969,2301628
2018-04-20,420.7911682128906,9490598
2018-04-23,430.950927734375,9086924
2018-04-24,420.6326599121094,3993618
2018-04-25,423.3459777832031,3002280
2018-04-26,426.7127380371094,6052212
2018-04-27,412.5919189453125,4764608
2018-04-30,416.98870849609375,3147666
2018-05-02,396.292724609375,15014958
2018-05-03,366.66485595703125,15276024
2018-05-04,368.30853271484375,8365006
2018-05-07,367.655029296875,2576842
2018-05-08,364.4466247558594,4080268
2018-05-09,368.17803955078125,2757280
2018-05-10,369.249755859375,3741482
2018-05-11,370.3017272949219,2117402
2018-05-14,367.30474853515625,3132296
2018-05-15,367.1856994628906,4239330
2018-05-16,365.3000793457031,1963972
2018-05-17,361.1321105957031,2899904
2018-05-18,353.5700988769531,3517726
2018-05-21,355.65399169921875,2942476
2018-05-22,359.20684814453125,2485094
2018-05-23,355.01885986328125,3734828
2018-05-24,361.9061584472656,6309330
2018-05-25,363.6130676269531,2089082
2018-05-28,355.07843017578125,2651764
2018-05-29,359.28619384765625,1985832
2018-05-30,360.1793518066406,2374048
2018-05-31,361.37017822265625,5618644
2018-06-01,359.18701171875,1939062
2018-06-04,357.53961181640625,1505886
2018-06-05,351.32720947265625,2547736
2018-06-06,360.8144836425781,2337712
2018-06-07,365.7367248535156,2137298
2018-06-08,368.65447998046875,2268428
2018-06-11,361.866455078125,4105194
2018-06-12,363.13665771484375,2961048
2018-06-13,366.6697082519531,2113706
2018-06-14,371.92926025390625,3755080
2018-06-15,376.4347229003906,6186584
2018-06-18,370.4407043457031,2653666
2018-06-19,365.3795166015625,2812474
2018-06-20,361.6083679199219,2820262
2018-06-21,358.2738952636719,3208902
2018-06-22,359.1670837402344,4036700
2018-06-25,360.79461669921875,4255720
2018-06-26,361.3901062011719,3249236
2018-06-27,365.61761474609375,5751028
2018-06-28,361.07244873046875,13566568
2018-06-29,367.6818542480469,6059554
2018-07-02,367.62225341796875,1776396
2018-07-03,372.1476135253906,2054476
2018-07-04,367.44366455078125,1547894
2018-07-05,369.58721923828125,3416140
2018-07-06,374.68817138671875,5055508
2018-07-09,381.6943054199219,3711984
2018-07-10,388.8397216796875,11042854
2018-07-11,394.3573303222656,10209714
2018-07-12,399.3590087890625,10093442
2018-07-13,390.3481140136719,11524056
2018-07-16,385.8823547363281,3404444
2018-07-17,389.1373596191406,3241946
2018-07-18,392.94818115234375,3784400
2018-07-19,389.8519592285156,1501536
2018-07-20,396.639892578125,4379550
2018-07-23,398.88262939453125,3296730
2018-07-24,393.62298583984375,2925630
2018-07-25,382.7861022949219,5643672
2018-07-26,378.1416320800781,7970088
2018-07-27,382.44873046875,4929768
2018-07-30,375.9782409667969,6447110
2018-07-31,383.1036376953125,4771570
2018-08-01,388.482421875,3568096
2018-08-02,382.0584716796875,3200706
2018-08-03,383.3115234375,2289018
2018-08-06,380.4673156738281,2165794
2018-08-07,385.35992431640625,2235882
2018-08-08,383.6694030761719,1517966
2018-08-09,380.52703857421875,2005458
2018-08-10,384.2461242675781,2417448
2018-08-13,391.0082092285156,2885640
2018-08-14,397.65106201171875,4962034
2018-08-16,396.67645263671875,5908118
2018-08-17,398.9836120605469,2960410
2018-08-20,393.0965270996094,2829604
2018-08-21,399.6000061035156,9839198
2018-08-23,407.9732360839844,5537558
2018-08-24,407.0583190917969,4540390
2018-08-27,413.283447265625,2488450
2018-08-28,413.9794921875,2626156
2018-08-29,410.83709716796875,4063384
2018-08-30,404.3534240722656,4883942
2018-08-31,416.2467346191406,6558672
2018-09-03,417.32086181640625,4454306
2018-09-04,428.1401062011719,5584742
2018-09-05,429.17431640625,5701112
2018-09-06,433.09234619140625,5991810
2018-09-07,427.1855163574219,4379878
2018-09-10,433.052490234375,8205078
2018-09-11,431.62054443359375,8472420
2018-09-12,432.2968444824219,4139134
2018-09-14,425.89276123046875,7290574
2018-09-17,428.9555358886719,3018112
2018-09-18,431.14324951171875,2745526
2018-09-19,432.4956970214844,4439812
2018-09-21,431.541015625,6595630
2018-09-24,436.0755615234375,4432578
2018-09-25,444.0509338378906,5664544
2018-09-26,433.6292419433594,2870394
2018-09-27,434.4447021484375,5731064
2018-09-28,432.6945495605469,4445086
2018-10-01,436.9110412597656,3406600
2018-10-03,434.08673095703125,4730720
2018-10-04,428.4383544921875,3891118
2018-10-05,431.1829833984375,2895914
2018-10-08,426.4494934082031,2311830
2018-10-09,424.9779052734375,2694524
2018-10-10,418.3749084472656,4523678
2018-10-11,401.35028076171875,6266576
2018-10-12,391.86346435546875,4651748
2018-10-15,398.94378662109375,3614908
2018-10-16,399.12274169921875,3003220
2018-10-17,407.4162902832031,3253970
2018-10-19,381.2628173828125,6869592
2018-10-22,389.8348083496094,3774108
2018-10-23,378.4983825683594,2948962
2018-10-24,390.0934143066406,8442982
2018-10-25,399.6994934082031,6176258
2018-10-26,384.4848327636719,3615756
2018-10-29,392.06231689453125,2786080
2018-10-30,400.51214599609375,6121068
2018-10-31,420.7400817871094,6582228
2018-11-01,402.1264343261719,3946070
2018-11-02,400.4126281738281,5575206
2018-11-05,406.8495788574219,1938928
2018-11-06,410.09808349609375,2921884
2018-11-07,411.15423583984375,139254
2018-11-09,409.699462890625,7343566
2018-11-12,413.2468566894531,4782454
2018-11-13,411.8118896484375,2737474
2018-11-14,397.42315673828125,3033632
2018-11-15,394.09503173828125,3582306
2018-11-16,407.42755126953125,6698234
2018-11-19,414.5621643066406,4180070
2018-11-20,402.1463623046875,2628564
2018-11-21,392.66015625,2503064
2018-11-22,390.2288513183594,3129880
2018-11-26,398.7784729003906,4758562
2018-11-27,407.8062744140625,4103018
2018-11-28,415.75787353515625,2460574
2018-11-29,403.9400329589844,3260512
2018-11-30,404.55780029296875,4219388
2018-12-03,405.8332214355469,2908898
2018-12-04,413.02752685546875,2836286
2018-12-05,418.9266052246094,3873412
2018-12-06,403.561279296875,4051262
2018-12-07,383.4131774902344,21093670
2018-12-10,375.4615478515625,6182964
2018-12-11,381.3804016113281,5605848
2018-12-12,387.1199951171875,3653708
2018-12-13,389.830322265625,2756644
2018-12-14,383.1142272949219,4611032
2018-12-17,387.2794189453125,2792580
2018-12-18,392.68017578125,3874502
2018-12-19,381.5,6117266
2018-12-20,382.4366455078125,4527954
2018-12-21,380.42388916015625,10439250
2018-12-24,373.8074035644531,2941564
2018-12-26,375.7803955078125,2434064
2018-12-27,378.1717834472656,5096808
2018-12-28,381.978271484375,1556666
2018-12-31,384.3697814941406,1437004
2019-01-01,382.5761413574219,717468
2019-01-02,377.19525146484375,2270096
2019-01-03,377.9925537109375,2809224
2019-01-04,371.615234375,3077278
2019-01-07,375.2821960449219,2344752
2019-01-08,376.717041015625,3031576
2019-01-09,374.0267333984375,2471720
2019-01-10,373.01025390625,1832096
2019-01-11,374.684326171875,4331368
2019-01-14,373.54833984375,1956808
2019-01-15,377.7334289550781,3693892
2019-01-16,373.9669494628906,1701242
2019-01-17,380.5235290527344,3690234
2019-01-18,385.14697265625,4685056
2019-01-21,384.927734375,3265418
2019-01-22,374.9633483886719,4791592
2019-01-23,376.4380187988281,5641586
2019-01-24,377.2351989746094,2954782
2019-01-25,386.3825378417969,4310008
2019-01-28,389.7306213378906,3029930
2019-01-29,393.97552490234375,4733138
2019-01-30,405.9129333496094,14053348
2019-01-31,400.6517028808594,9058428
2019-02-01,416.0568542480469,6460222
2019-02-04,416.4355163574219,4133944
2019-02-05,418.4122314453125,2368564
2019-02-06,421.3873596191406,2331000
2019-02-07,424.4623107910156,3251088
2019-02-08,426.6786193847656,3733802
2019-02-11,431.031494140625,3157886
2019-02-12,422.8249206542969,2788882
2019-02-14,423.8233642578125,1970720
2019-02-15,422.20599365234375,2492120
2019-02-18,417.8331604003906,2550698
2019-02-19,414.93792724609375,1837440
2019-02-20,422.48553466796875,2558354
2019-02-21,420.66851806640625,2603154
2019-02-22,425.76025390625,2844492
2019-02-25,432.1896057128906,2340940
2019-02-26,422.84490966796875,3726370
2019-02-27,423.4439697265625,3325110
2019-02-28,420.8681640625,6661660
2019-03-01,420.3489685058594,2295910
2019-03-05,420.3291015625,2117558
2019-03-06,416.61517333984375,2807252
2019-03-07,413.1408996582031,2073614
2019-03-08,402.9575500488281,3176094
2019-03-11,401.1007080078125,4547588
2019-03-12,404.6747741699219,4902188
2019-03-13,410.6649475097656,6803340
2019-03-14,402.03912353515625,3793832
2019-03-15,411.0444030761719,5207688
2019-03-18,404.63482666015625,1690728
2019-03-19,413.7997741699219,3242552
2019-03-20,414.49859619140625,4408802
2019-03-22,409.26727294921875,5237090
2019-03-25,406.3919982910156,3055910
2019-03-26,413.1609191894531,3311446
2019-03-27,416.5752258300781,2911690
2019-03-28,432.44915771484375,8627614
2019-04-01,443.5708923339844,4617730
2019-04-02,440.31622314453125,2787844
2019-04-03,447.5044250488281,5296628
2019-04-04,438.4992980957031,8444208
2019-04-05,436.4026794433594,3409044
2019-04-08,437.82025146484375,4027848
2019-04-09,446.52593994140625,6500982
2019-04-10,438.7586364746094,4826866
2019-04-11,434.82525634765625,3035580
2019-04-12,432.6687316894531,2839484
2019-04-15,440.5757751464844,3868302
2019-04-16,442.09332275390625,2401182
2019-04-18,440.33636474609375,4055238
2019-04-22,439.7171936035156,2230516
2019-04-23,440.0766296386719,2135528
2019-04-24,454.8322448730469,5681646
2019-04-25,452.73583984375,5361098
2019-04-26,455.1517639160156,3465934
2019-04-30,472.56317138671875,8310400
2019-05-02,463.258544921875,4226194
2019-05-03,456.4696044921875,5710316
2019-05-06,453.6741943359375,2827130
2019-05-07,451.9571228027344,4689204
2019-05-08,452.2964782714844,2987822
2019-05-09,453.8939208984375,4962690
2019-05-10,433.94671630859375,15535450
2019-05-13,432.74859619140625,3368062
2019-05-14,426.4389953613281,4388014
2019-05-15,426.27923583984375,3240598
2019-05-16,428.9998474121094,2226902
2019-05-17,425.1790466308594,2780046
2019-05-20,429.5200500488281,2380474
2019-05-21,422.5384216308594,1613426
2019-05-22,424.4988708496094,3424864
2019-05-23,426.65936279296875,3884200
2019-05-24,426.47930908203125,4340468
2019-05-27,425.7791748046875,3164414
2019-05-28,428.6197814941406,10631688
2019-05-29,434.10107421875,4354812
2019-05-30,431.3803405761719,4745448
2019-05-31,437.12176513671875,4255094
2019-06-03,446.1839294433594,3400394
2019-06-04,434.441162109375,4128970
2019-06-06,431.7806396484375,4701806
2019-06-07,431.9405822753906,3272806
2019-06-10,436.5816955566406,2056008
2019-06-11,443.26324462890625,6485078
2019-06-12,443.34332275390625,3136202
2019-06-13,440.4626159667969,3951850
2019-06-14,434.9013366699219,3467872
2019-06-17,430.0602722167969,2487348
2019-06-18,435.9414978027344,1412162
2019-06-19,433.740966796875,2437878
2019-06-20,435.0412902832031,1895088
2019-06-21,430.600341796875,4695110
2019-06-24,431.2604675292969,1350104
2019-06-25,431.7005920410156,2203934
2019-06-26,431.60052490234375,3277734
2019-06-27,425.1990966796875,2776050
2019-06-28,425.95916748046875,2829874
2019-07-01,419.73779296875,2467696
2019-07-02,424.0987854003906,2014050
2019-07-03,420.5780029296875,1213340
2019-07-04,416.3970031738281,2553038
2019-07-05,406.6546630859375,2514352
2019-07-08,415.716796875,4008224
2019-07-09,408.3951110839844,3205934
2019-07-10,407.65496826171875,1731600
2019-07-11,408.4151611328125,1550706
2019-07-12,409.6554260253906,2903286
2019-07-15,411.0957336425781,2633206
2019-07-16,407.9549560546875,3450502
2019-07-17,416.3970031738281,2291110
2019-07-18,407.5149230957031,2608300
2019-07-19,406.3346252441406,2139624
2019-07-22,407.6749267578125,1902156
2019-07-23,404.47418212890625,2011658
2019-07-24,408.61517333984375,2384560
2019-07-25,404.6142883300781,6042040
2019-07-26,400.67333984375,2332384
2019-07-29,406.274658203125,1825826
2019-07-30,409.5353698730469,2134474
2019-07-31,413.9163513183594,3714036
2019-08-01,408.7152099609375,3490012
2019-08-02,404.29412841796875,3544858
2019-08-05,404.5342102050781,2687280
2019-08-06,409.7754211425781,3174832
2019-08-07,409.1553649902344,3967844
2019-08-08,435.4013977050781,12493298
2019-08-09,434.6211853027344,5645698
2019-08-13,429.0998840332031,2507610
2019-08-14,431.3646240234375,2803920
2019-08-16,425.993408203125,3108220
2019-08-19,426.5144348144531,1682212
2019-08-20,434.5111999511719,4282308
2019-08-21,428.959716796875,2555246
2019-08-22,432.4669189453125,2580980
2019-08-23,435.7137756347656,3319154
2019-08-26,438.05877685546875,2314884
2019-08-27,438.1590576171875,6604388
2019-08-28,450.5248107910156,6985284
2019-08-29,448.03973388671875,2948038
2019-08-30,441.0650634765625,6738070
2019-09-03,444.271728515625,4086894
2019-09-04,451.2062072753906,2425690
2019-09-05,445.7146911621094,2775294
2019-09-06,441.08514404296875,2075686
2019-09-09,434.6716613769531,3521728
2019-09-11,423.9691162109375,5325506
2019-09-12,422.8468933105469,4064734
2019-09-13,428.2982482910156,3091588
2019-09-16,428.85943603515625,3888868
2019-09-17,423.2276916503906,3815108
2019-09-18,424.269775390625,2572672
2019-09-19,420.7023010253906,3762272
2019-09-20,420.5218505859375,5736082
2019-09-23,414.02838134765625,4733492
2019-09-24,419.8405456542969,5614452
2019-09-25,422.4259338378906,4312820
2019-09-26,418.9386291503906,6062076
2019-09-27,417.2951965332031,4458334
2019-09-30,433.1484680175781,8559586
2019-10-01,424.7108459472656,4190696
2019-10-03,431.6252136230469,3435302
2019-10-04,432.54718017578125,2694188
2019-10-07,430.6631774902344,1910498
2019-10-09,421.32366943359375,3750540
2019-10-10,426.29400634765625,2707552
2019-10-11,432.7074279785156,4312780
2019-10-14,435.6336364746094,2781204
2019-10-15,434.711669921875,3002070
2019-10-16,441.2854919433594,3018788
2019-10-17,438.13897705078125,1552278
2019-10-18,439.1209411621094,1647630
2019-10-22,426.6748962402344,5502486
2019-10-23,438.9806213378906,7829074
2019-10-24,448.560791015625,13502160
2019-10-25,454.5733947753906,4587220
2019-10-27,453.1503601074219,303910
2019-10-29,456.858154296875,3218206
2019-10-30,459.6640625,2441752
2019-10-31,466.891845703125,5848998
2019-11-01,462.5752258300781,2131710
2019-11-04,464.1410827636719,3022168
2019-11-05,465.2654724121094,2878100
2019-11-06,461.1095275878906,4576658
2019-11-07,461.1497802734375,2538638
2019-11-08,461.81231689453125,4026580
2019-11-11,460.14581298828125,1906640
2019-11-13,457.1944885253906,3378350
2019-11-14,460.88873291015625,2540924
2019-11-15,458.68023681640625,3061712
2019-11-18,458.1983337402344,2484314
2019-11-19,455.6084899902344,2365020
2019-11-20,454.86566162109375,2225036
2019-11-21,456.3914794921875,3876184
2019-11-22,447.6178283691406,2597928
2019-11-25,451.6331481933594,1693202
2019-11-26,444.92742919921875,6459924
2019-11-27,453.0385437011719,3354312
2019-11-28,454.8053283691406,2413116
2019-11-29,452.7977294921875,2387702
2019-12-02,451.85406494140625,2995916
2019-12-03,451.55291748046875,3567662
2019-12-04,451.9344177246094,5903136
2019-12-05,450.44866943359375,2683884
2019-12-06,449.966796875,1659752
2019-12-09,443.3414001464844,2192234
2019-12-10,437.2380065917969,1628853
2019-12-11,436.71600341796875,2387958
2019-12-12,430.7330322265625,2061911
2019-12-13,436.1939697265625,2889796
2019-12-16,443.4618835449219,4590144
2019-12-17,447.9189758300781,3852266
2019-12-18,453.50030517578125,4618387
2019-12-19,457.355224609375,3465644
2019-12-20,457.67633056640625,3135806
2019-12-23,458.51971435546875,1591463
2019-12-24,450.16754150390625,2354963
2019-12-26,450.1275329589844,1848547
2019-12-27,455.7891845703125,2786795
2019-12-30,457.1944885253906,1800754
2019-12-31,456.2308044433594,1838808
2020-01-01,459.3227233886719,918373
2020-01-02,460.6076965332031,1075642
2020-01-03,469.8432312011719,3269446
2020-01-06,467.3936767578125,3589985
2020-01-07,469.2005920410156,3179728
2020-01-08,470.4051513671875,3593096
2020-01-09,466.02838134765625,2313648
2020-01-10,466.06854248046875,2049636
2020-01-13,471.007568359375,4096054
2020-01-14,477.27154541015625,3395378
2020-01-15,478.43609619140625,2348102
2020-01-16,476.4283752441406,2107442
2020-01-17,480.8853454589844,4555694
2020-01-20,473.216064453125,10272118
2020-01-21,469.03985595703125,2640668
2020-01-22,474.34027099609375,4402650
2020-01-23,481.0059509277344,6089397
2020-01-24,489.6679382324219,3551260
2020-01-27,486.9687194824219,2450421
2020-01-28,484.6318664550781,5330709
2020-01-29,490.59466552734375,4281329
2020-01-30,489.78887939453125,3334901
2020-01-31,476.533935546875,3590768
2020-02-03,466.62286376953125,4024193
2020-02-04,472.585693359375,3246094
2020-02-05,479.9181213378906,3006324
2020-02-06,483.2217712402344,4704968
2020-02-07,489.6679382324219,2865379
2020-02-10,487.41192626953125,2286213
2020-02-11,492.0450439453125,2458748
2020-02-12,494.8249816894531,4873027
2020-02-13,493.49542236328125,2090363
2020-02-14,500.90850830078125,3650630
2020-02-17,494.30120849609375,2190578
2020-02-18,489.1441955566406,5237465
2020-02-19,488.09674072265625,3799862
2020-02-20,489.9500427246094,4820313
2020-02-24,479.5555114746094,4070143
2020-02-25,469.322265625,5525575
2020-02-26,470.2488708496094,5460070
2020-02-27,461.74798583984375,4078174
2020-02-28,430.5646057128906,7894806
2020-03-02,442.93310546875,8175982
2020-03-03,455.3017883300781,4682284
2020-03-04,453.7304382324219,5175180
2020-03-05,464.447265625,6061347
2020-03-06,456.2284240722656,3288548
2020-03-09,435.479736328125,3699776
2020-03-11,432.5386047363281,4850031
2020-03-12,397.52783203125,5321388
2020-03-13,397.165283203125,6859998
2020-03-16,363.1616516113281,5281571
2020-03-17,363.1213684082031,5148153
2020-03-18,349.9067077636719,4936397
2020-03-19,333.1466979980469,9270044
2020-03-20,358.4881896972656,11916337
2020-03-23,336.1280517578125,9525470
2020-03-24,356.1918029785156,9915953
2020-03-25,368.7215576171875,11976272
2020-03-26,360.74444580078125,9504717
2020-03-27,347.00592041015625,9150873
2020-03-30,337.6186828613281,6325701
2020-03-31,351.6391906738281,6381806
2020-04-01,333.2272033691406,8136746
2020-04-03,326.98248291015625,8166356
2020-04-07,363.5242614746094,5972948
2020-04-08,373.15325927734375,7991061
2020-04-09,377.9475402832031,5069225
2020-04-13,369.24530029296875,2236731
2020-04-15,385.7635803222656,6333188
2020-04-16,370.4538879394531,10484842
2020-04-17,366.82794189453125,4706460
2020-04-20,378.713134765625,4800719
2020-04-21,367.1905517578125,3405204
2020-04-22,372.58929443359375,3768051
2020-04-23,384.9175720214844,3052968
2020-04-24,377.1820983886719,6738184
2020-04-27,389.26873779296875,2914569
2020-04-28,379.5994873046875,4262237
2020-04-29,396.2386474609375,3849090
2020-04-30,437.9776916503906,8035267
2020-05-04,414.3684997558594,7032527
2020-05-05,419.32403564453125,4592828
2020-05-06,418.2764892578125,6921533
2020-05-07,412.3541564941406,19998641
2020-05-08,417.71246337890625,10120968
2020-05-11,425.08526611328125,4425540
2020-05-12,424.96441650390625,6439945
2020-05-13,426.0522766113281,3502017
2020-05-14,416.9469909667969,3741672
2020-05-15,411.9512023925781,4895121
2020-05-18,411.54840087890625,5159655
2020-05-19,417.591552734375,3966934
2020-05-20,424.440673828125,3138708
2020-05-21,430.9674377441406,4523685
2020-05-22,427.3818054199219,6410434
2020-05-26,422.2248229980469,4055691
2020-05-27,427.824951171875,4828798
2020-05-28,437.25244140625,4492767
2020-05-29,443.3762512207031,7853755
2020-06-01,451.03118896484375,4503261
2020-06-02,451.393798828125,2930058
2020-06-03,453.4887390136719,4202273
2020-06-04,466.5020751953125,5315353
2020-06-05,464.08477783203125,3995824
2020-06-08,465.9378967285156,3771973
2020-06-09,461.5867004394531,3812291
2020-06-10,466.3005676269531,6491708
2020-06-11,465.7767028808594,4975680
2020-06-12,459.89471435546875,6624056
2020-06-15,466.5020751953125,3787100
2020-06-16,468.0732116699219,4728405
2020-06-17,464.0040588378906,3572351
2020-06-18,466.5020751953125,1918229
2020-06-19,458.9680480957031,6182627
2020-06-22,458.9680480957031,2666273
2020-06-23,467.54949951171875,4521803
2020-06-24,450.9103088378906,5339893
2020-06-25,443.2152404785156,6353371
2020-06-26,453.16650390625,7034875
2020-06-29,446.1564025878906,3857610
2020-06-30,448.6944274902344,3110587
2020-07-01,444.58502197265625,3004648
2020-07-02,458.64569091796875,5243652
2020-07-03,466.66314697265625,3735570
2020-07-06,466.3005676269531,3288417
2020-07-07,477.05767822265625,7255475
2020-07-08,463.2386474609375,4625011
2020-07-09,473.99560546875,4807930
2020-07-10,469.1610412597656,2376881
2020-07-13,485.5585632324219,5443990
2020-07-14,476.4935302734375,6212718
2020-07-15,495.71136474609375,9928037
2020-07-16,505.82366943359375,20771204
2020-07-17,502.1170654296875,26830157
2020-07-20,522.6241455078125,10543170
2020-07-21,525.6456909179688,8801061
2020-07-22,523.873046875,3837958
2020-07-23,527.6717529296875,3172594
2020-07-24,549.5756225585938,12365728
2020-07-27,566.6702270507812,11348828
2020-07-28,575.8439331054688,8469603
2020-07-29,561.2549438476562,7142681
2020-07-30,562.1035766601562,7966760
2020-07-31,569.9842529296875,6322671
2020-08-03,570.59033203125,5546316
2020-08-04,559.840576171875,6683186
2020-08-05,556.4052734375,6052220
2020-08-06,569.7418212890625,5132907
2020-08-07,557.941162109375,7371589
2020-08-10,559.35546875,3769570
2020-08-11,552.6873779296875,3956468
2020-08-12,579.6024780273438,13085350
2020-08-13,585.6643676757812,8850347
2020-08-14,573.1362915039062,3887203
2020-08-17,581.0167846679688,3344102
2020-08-18,577.4605712890625,3634301
2020-08-19,573.7424926757812,4858027
2020-08-20,573.9444580078125,3025569
2020-08-21,570.5499877929688,4164686
2020-08-24,570.3883056640625,4066936
2020-08-25,567.0745239257812,3982510
2020-08-26,576.126953125,4511228
2020-08-27,573.9851684570312,3917059
2020-08-28,570.9945068359375,5416681
2020-08-31,561.2549438476562,7786675
2020-09-01,557.3751831054688,6377322
2020-09-02,567.3573608398438,4090511
2020-09-03,571.2369995117188,5467610
2020-09-04,566.427978515625,3354824
2020-09-07,572.8939208984375,4238823
2020-09-08,586.7152709960938,11522742
2020-09-09,583.5225219726562,5514179
2020-09-10,583.8861083984375,3366359
2020-09-11,583.2801513671875,7221661
2020-09-14,644.3109741210938,32312474
2020-09-15,642.4874267578125,14024028
2020-09-16,639.6912841796875,7471292
2020-09-17,655.1312255859375,19972637
2020-09-18,656.9955444335938,8847382
2020-09-21,650.5113525390625,24911507
2020-09-22,665.4248046875,21882919
2020-09-23,659.832275390625,18070370
2020-09-24,638.921142578125,10553627
2020-09-25,670.8551025390625,19813100
2020-09-28,676.9744262695312,11145837
2020-09-29,658.7380981445312,10554255
2020-09-30,657.8059692382812,9470272
2020-10-01,658.9002075195312,4321350
2020-10-05,668.018310546875,11889998
2020-10-06,672.0303344726562,7848500
2020-10-07,671.138916015625,6980002
2020-10-08,688.5646362304688,25860257
2020-10-09,693.5897216796875,7286954
2020-10-12,701.7354125976562,8717550
2020-10-13,729.77880859375,18948618
2020-10-14,721.7144775390625,15441198
2020-10-15,697.034423828125,15648823
2020-10-16,670.409423828125,28982990
2020-10-19,684.6741943359375,15671485
2020-10-20,712.9609375,21563969
2020-10-21,705.9905395507812,11161929
2020-10-22,705.339111328125,9607794
2020-10-23,694.1026000976562,5447267
2020-10-26,690.3162231445312,6612856
2020-10-27,689.8683471679688,5807904
2020-10-28,675.4971923828125,6853002
2020-10-29,684.0059814453125,6690978
2020-10-30,685.552978515625,8727274
2020-11-02,669.6345825195312,5953172
2020-11-03,662.8356323242188,7011687
2020-11-04,663.7312622070312,10077502
2020-11-05,686.3265991210938,8903859
2020-11-06,692.1891479492188,5871913
2020-11-09,696.1788330078125,7505062
2020-11-10,659.2935791015625,10397497
2020-11-11,672.6066284179688,9779484
2020-11-12,671.5072631835938,4699639
2020-11-13,674.2757568359375,3918289
2020-11-14,676.2298583984375,475390
2020-11-17,663.609130859375,5977903
2020-11-18,663.0392456054688,5816221
2020-11-19,655.10009765625,7170339
2020-11-20,667.069580078125,7455575
2020-11-23,683.3139038085938,7116516
2020-11-24,684.3724365234375,8465615
2020-11-25,671.5072631835938,5610232
2020-11-26,685.6344604492188,8414555
2020-11-27,669.3902587890625,11723771
2020-12-01,679.1610717773438,8078785
2020-12-02,686.5301513671875,7062229
2020-12-03,702.0414428710938,9633229
2020-12-04,699.0286865234375,5577388
2020-12-07,696.423095703125,5314265
2020-12-08,703.3442993164062,8722526
2020-12-09,708.84033203125,5952003
2020-12-10,705.7462158203125,4641898
2020-12-11,702.082275390625,5637035
2020-12-14,710.8352661132812,5143894
2020-12-15,721.4204711914062,7527270
2020-12-16,720.6467895507812,4378179
2020-12-17,716.0056762695312,4863371
2020-12-18,725.206787109375,11568187
2020-12-21,708.7589111328125,8875855
2020-12-22,744.0564575195312,10251896
2020-12-23,751.2218017578125,10723068
2020-12-24,748.5755615234375,4390561
2020-12-28,750.5704345703125,3884750
2020-12-29,762.0513916015625,6760167
2020-12-30,765.959716796875,6382809
2020-12-31,770.3973388671875,3468390
2021-01-01,773.9393310546875,3142822
2021-01-04,798.2852172851562,5259092
2021-01-05,807.2011108398438,7150252
2021-01-06,796.493896484375,5995748
2021-01-07,783.7508544921875,5261000
2021-01-08,809.88818359375,8034775
2021-01-11,859.109130859375,13384331
2021-01-12,864.8088989257812,6700542
2021-01-13,859.8011474609375,6691409
2021-01-14,836.798828125,15021108
2021-01-15,805.93896484375,23769415
2021-01-18,799.1808471679688,12947569
2021-01-19,801.0942993164062,6387923
2021-01-20,813.6336669921875,7444118
2021-01-21,812.0394287109375,8857975
2021-01-22,805.908203125,5379466
2021-01-25,774.5972290039062,7731883
2021-01-27,781.1373291015625,7531736
2021-01-28,763.5198974609375,6960905
2021-01-29,747.21044921875,7692663
2021-02-01,758.9417724609375,8651478
2021-02-02,780.4425048828125,7690178
2021-02-03,784.7344360351562,6354619
2021-02-04,782.89501953125,4623148
2021-02-05,773.49365234375,4631703
2021-02-08,782.9767456054688,6509526
2021-02-09,777.9490356445312,7557977
2021-02-10,784.3665161132812,4896963
2021-02-11,793.3184204101562,3745595
2021-02-12,785.1432495117188,8045740
2021-02-15,780.4425048828125,4643228
2021-02-16,778.521240234375,3277086
2021-02-17,771.0819091796875,3643176
2021-02-18,775.087646484375,5133094
2021-02-19,776.7637939453125,5494816
2021-02-22,752.2381591796875,5043203
2021-02-23,743.8995361328125,5916942
2021-02-24,748.8452758789062,3435827
2021-02-25,759.677490234375,6234947
2021-02-26,743.4906616210938,9198218
2021-03-01,760.5767822265625,5397960
2021-03-02,779.7068481445312,6715548
2021-03-03,789.108154296875,5742015
2021-03-04,783.1810913085938,6268541
2021-03-05,769.6919555664062,5992152
2021-03-08,786.3694458007812,5621823
2021-03-09,795.5665893554688,5440319
2021-03-10,808.1155395507812,7694950
2021-03-12,800.5534057617188,6447010
2021-03-15,811.262939453125,5321071
2021-03-16,823.4437866210938,8094575
2021-03-17,807.257080078125,6758901
2021-03-18,774.801513671875,8269566
2021-03-19,785.1840209960938,9004154
2021-03-22,800.1446533203125,4745254
2021-03-23,801.8613891601562,5158305
2021-03-24,797.6103515625,3874331
2021-03-25,782.4046020507812,4879437
2021-03-26,783.6307373046875,4271178
2021-03-30,814.0833129882812,5475000
2021-03-31,803.3328857421875,4445140
2021-04-01,819.642333984375,5269079
2021-04-05,844.9037475585938,9452833
2021-04-06,840.7344360351562,4260257
2021-04-07,847.928466796875,3551106
2021-04-08,848.173828125,4852068
2021-04-09,854.6322021484375,3708082
2021-04-12,825.2015380859375,5976427
2021-04-13,803.9461059570312,7773994
2021-04-15,810.89501953125,7430279
2021-04-16,827.9401245117188,4677808
2021-04-19,813.1022338867188,6239343
2021-04-20,785.8789672851562,9742418
2021-04-22,786.3694458007812,4970596
2021-04-23,781.2599487304688,6023490
2021-04-26,759.3095703125,19619972
2021-04-27,759.3504638671875,6406825
2021-04-28,755.2221069335938,6845677
2021-04-29,756.6779174804688,8588734
2021-04-30,747.8594970703125,10921664
2021-05-03,755.1388549804688,6871176
2021-05-04,749.5233764648438,6217026
2021-05-05,756.5531005859375,2696835
2021-05-06,762.0437622070312,6319104
2021-05-07,762.3766479492188,3651558
2021-05-10,760.3384399414062,4029147
2021-05-11,754.8060302734375,3818154
2021-05-12,753.8077392578125,4076940
2021-05-14,757.3436279296875,5184569
2021-05-17,767.1602783203125,7956551
2021-05-18,775.0217895507812,5913426
2021-05-19,774.8555297851562,4178834
2021-05-20,769.031982421875,4753782
2021-05-21,774.2316284179688,4161547
2021-05-24,776.0200805664062,4191877
2021-05-25,782.5090942382812,5032874
2021-05-26,786.8351440429688,5017674
2021-05-27,784.0067749023438,9078274
2021-05-28,784.1314697265625,4098094
2021-05-31,786.3359375,4171524
2021-06-01,790.9118041992188,2944472
2021-06-02,785.1296997070312,3657189
2021-06-03,781.552490234375,4164240
2021-06-04,779.1400146484375,3550303
2021-06-07,789.99658203125,3282517
2021-06-08,804.6383666992188,6385642
2021-06-09,808.0491943359375,5521459
2021-06-10,805.7615356445312,3878256
2021-06-11,818.073974609375,4777035
2021-06-14,818.7811889648438,2236373
2021-06-15,819.821044921875,2559001
2021-06-16,814.7879028320312,3138753
2021-06-17,820.6113891601562,3609989
2021-06-18,811.33544921875,5622783
2021-06-21,816.9508666992188,1639495
2021-06-22,815.3700561523438,2529648
2021-06-23,809.3804321289062,2395543
2021-06-24,823.35693359375,4686567
2021-06-25,828.306640625,5196000
2021-06-28,819.6961669921875,1844159
2021-06-29,818.2820434570312,1895170
2021-06-30,818.1989135742188,2682591
2021-07-01,819.862548828125,2861509
2021-07-02,819.1556396484375,1646631
2021-07-05,815.0791015625,2598033
2021-07-06,808.6732788085938,2486069
2021-07-07,811.4186401367188,3014899
2021-07-08,812.6248779296875,2555624
2021-07-09,812.6664428710938,3218471
2021-07-12,814.8294677734375,2037878
2021-07-13,805.2623291015625,2997764
2021-07-14,823.1487426757812,4371180
2021-07-15,864.9945068359375,12701032
2021-07-16,836.085205078125,8665827
2021-07-19,832.0919799804688,4644600
2021-07-20,812.9575805664062,10216774
2021-07-22,814.1223754882812,6156400
2021-07-23,826.93408203125,5265839
2021-07-26,832.1752319335938,2477027
2021-07-27,830.2501831054688,2883514
2021-07-28,822.80126953125,2952249
2021-07-29,843.3065185546875,4732101
2021-07-30,857.8275756835938,9330054
2021-08-02,866.5735473632812,2536478
2021-08-03,869.963134765625,3359006
2021-08-04,870.3816528320312,3122161
2021-08-05,888.125,7896314
2021-08-06,878.7510986328125,11584782
2021-08-09,879.2533569335938,6321578
2021-08-10,890.2590942382812,5871606
2021-08-11,892.9793090820312,5011239
2021-08-12,917.7111206054688,6540144
2021-08-13,936.9191284179688,7270809
2021-08-16,940.4342651367188,3159376
2021-08-17,956.5872192382812,5295838
2021-08-18,949.3055419921875,4871006
2021-08-20,935.1613159179688,3467046
2021-08-23,973.4514770507812,9383780
2021-08-24,964.914794921875,3947317
2021-08-25,966.1284790039062,3447912
2021-08-26,977.0924072265625,4654833
2021-08-27,973.325927734375,3050466
2021-08-30,973.7028198242188,2956868
2021-08-31,989.5209350585938,7199002
2021-09-01,974.7489624023438,3200410
2021-09-02,981.5280151367188,5224479
2021-09-03,983.2019653320312,4533364
2021-09-06,1004.4605712890625,4331916
2021-09-07,989.4373168945312,3721585
2021-09-08,994.9611206054688,3118518
2021-09-09,1003.1214599609375,3388292
2021-09-13,1011.3652954101562,3723138
2021-09-14,1036.6827392578125,5593286
2021-09-15,1065.6409912109375,6063895
2021-09-16,1057.1461181640625,3616292
2021-09-17,1057.3133544921875,4817180
2021-09-20,1068.068359375,5453683
2021-09-21,1087.6107177734375,4645597
2021-09-22,1101.002197265625,5367303
2021-09-23,1111.7149658203125,3037295
2021-09-24,1136.7396240234375,7951730
2021-09-27,1084.0120849609375,7653504
2021-09-28,1062.0838623046875,8572321
2021-09-29,1072.2947998046875,4639821
2021-09-30,1070.9141845703125,3589722
2021-10-01,1066.059814453125,3372796
2021-10-04,1070.160400390625,2706626
2021-10-05,1092.33984375,3710314
2021-10-06,1067.482421875,2861608
2021-10-07,1093.30224609375,2421641
2021-10-08,1106.5677490234375,5197831
2021-10-11,1090.456787109375,5264998
2021-10-12,1046.4752197265625,12811641
2021-10-13,1059.029052734375,5705730
2021-10-14,1047.1448974609375,10360519
2021-10-18,1022.2457275390625,23861603
2021-10-19,1031.200927734375,10189780
2021-10-20,1031.87060546875,8222562
2021-10-21,1021.576171875,5998795
2021-10-22,1007.4846801757812,3812305
2021-10-25,983.3526000976562,6690819
2021-10-26,984.5336303710938,5126660
2021-10-27,993.26708984375,3536653
2021-10-28,972.045654296875,4096585
2021-10-29,965.0844116210938,3558520
2021-11-01,1003.4344482421875,4511112
2021-11-02,987.7823486328125,3016082
2021-11-03,992.5919189453125,2063067
2021-11-04,998.2876586914062,256369
2021-11-08,998.0765380859375,3808317
2021-11-09,989.5966796875,3565461
2021-11-10,986.516845703125,2401325
2021-11-11,979.3865966796875,2861259
2021-11-12,989.216552734375,3812518
2021-11-15,987.9508666992188,3619915
2021-11-16,981.6649169921875,3141207
2021-11-17,972.4254760742188,3172985
2021-11-18,945.213134765625,5384530
2021-11-22,936.6908569335938,3961223
2021-11-23,938.80029296875,4545069
2021-11-24,944.580322265625,2675632
2021-11-25,949.0946044921875,3106454
2021-11-26,936.648681640625,2207274
2021-11-29,956.1401977539062,3661152
2021-11-30,960.781005859375,7421904
2021-12-01,976.0115966796875,2918586
2021-12-02,999.6376953125,4011279
2021-12-03,988.4151611328125,2571036
2021-12-06,959.0092163085938,2493755
2021-12-07,970.0628051757812,2299958
2021-12-08,988.5839233398438,2525711
2021-12-09,986.01025390625,1734844
2021-12-10,980.65234375,957733
2021-12-13,978.0364379882812,2225682
2021-12-14,980.7788696289062,1972685
2021-12-15,969.4299926757812,1604301
2021-12-16,978.5848999023438,2121810
2021-12-17,988.4151611328125,6373455
2021-12-20,978.7115478515625,3091768
2021-12-21,1016.7664184570312,6217986
2021-12-22,1031.7860107421875,3809814
2021-12-23,1035.7095947265625,2814281
2021-12-24,1067.5626220703125,15952929
2021-12-27,1069.2501220703125,3372907
2021-12-28,1083.3414306640625,3446067
2021-12-29,1090.0916748046875,2254162
2021-12-30,1111.3134765625,4518139
2021-12-31,1113.04248046875,2231508
2022-01-03,1118.9915771484375,2661272
2022-01-04,1125.1513671875,3367100
2022-01-05,1105.9974365234375,3510253
2022-01-06,1084.1854248046875,4409632
2022-01-07,1088.95263671875,3898684
2022-01-10,1086.8856201171875,2529949
2022-01-11,1133.7578125,6772189
2022-01-12,1140.93017578125,3162044
2022-01-13,1125.8265380859375,4598005
2022-01-14,1128.315673828125,5636243
2022-01-17,1062.120361328125,11973283
2022-01-18,1029.21240234375,7799487
2022-01-19,1011.8724975585938,8464215
2022-01-20,1000.0877685546875,6172404
2022-01-21,993.7913818359375,5514748
2022-01-24,957.1605224609375,5878438
2022-01-25,956.1395263671875,4725254
2022-01-27,917.0414428710938,8304735
2022-01-28,919.3388061523438,7654724
2022-01-31,935.4629516601562,7572995
2022-02-01,963.8826904296875,6783774
2022-02-02,996.3436889648438,6982539
2022-02-03,984.261474609375,4169794
2022-02-04,990.260009765625,3625482
2022-02-07,984.7716064453125,3824483
2022-02-08,988.685791015625,3267641
2022-02-09,1004.8104858398438,3772972
2022-02-10,1012.85107421875,2053245
2022-02-11,990.1748046875,3912397
2022-02-14,975.4971313476562,3243813
2022-02-15,994.3015747070312,3000492
2022-02-16,993.663818359375,1885868
2022-02-17,989.6219482421875,1644055
2022-02-18,991.281005859375,2166690
2022-02-21,991.0685424804688,1706058
2022-02-22,978.13525390625,3254855
2022-02-23,981.0706176757812,1937649
2022-02-24,934.739990234375,5469084
2022-02-25,961.24462890625,3213276
2022-02-28,958.9049682617188,4571884
2022-03-02,949.2049560546875,3867328
2022-03-03,969.7536010742188,3969380
2022-03-04,968.6900024414062,3522375
2022-03-07,982.091552734375,5249845
2022-03-08,1000.0452880859375,3805165
2022-03-09,1006.3416748046875,3781326
2022-03-10,1014.3828125,3834327
2022-03-11,1015.48876953125,2770879
2022-03-14,1023.487060546875,5740660
2022-03-15,1001.3643798828125,3003066
2022-03-16,1020.63671875,1894018
2022-03-17,1018.4242553710938,6987787
2022-03-21,993.8764038085938,4046440
2022-03-22,1000.9810180664062,4516870
2022-03-23,1004.6398315429688,2338886
2022-03-24,1014.340087890625,2351703
2022-03-25,1003.4911499023438,2489854
2022-03-28,990.3876342773438,3406258
2022-03-29,993.5787353515625,2443230
2022-03-30,991.4511108398438,3073672
2022-03-31,990.2175903320312,3006639
2022-04-01,995.2378540039062,2479745
2022-04-04,1010.0431518554688,2282137
2022-04-05,1017.1905517578125,2634464
2022-04-06,995.9612426757812,2838968
2022-04-07,998.3436279296875,3391918
2022-04-08,991.5787353515625,2656091
2022-04-11,964.4781494140625,5679058
2022-04-12,962.4785766601562,2906617
2022-04-13,957.330810546875,1971580
2022-04-18,937.4627075195312,4391701
2022-04-19,910.6598510742188,3422431
2022-04-20,926.9541015625,2573318
2022-04-21,935.2927856445312,2547848
2022-04-22,937.718017578125,9567571
2022-04-25,927.3372192382812,3565801
2022-04-26,931.1237182617188,3213714
2022-04-27,932.2296752929688,3288792
2022-04-28,945.1194458007812,5202061
2022-04-29,933.656982421875,2988180
2022-05-02,922.9732666015625,2584604
2022-05-04,903.9842529296875,3385725
2022-05-05,927.428466796875,2982126
2022-05-06,908.5260009765625,4075606
2022-05-09,930.9320068359375,4207192
2022-05-10,927.86083984375,2473518
2022-05-11,917.7825927734375,2895668
2022-05-12,916.4849243164062,3195189
2022-05-13,910.2130126953125,2496626
2022-05-16,903.6382446289062,1415370
2022-05-17,936.8146362304688,2620776
2022-05-18,928.8557739257812,2865869
2022-05-19,873.22998046875,4729354
2022-05-20,890.05615234375,2005622
2022-05-23,880.9293212890625,2285466
2022-05-24,857.9609985351562,3418456
2022-05-25,842.9948120117188,3904551
2022-05-26,848.401611328125,4278059
2022-05-27,868.4720458984375,2795530
2022-05-30,899.615478515625,3562969
2022-05-31,900.3507690429688,5185485
2022-06-01,880.5834350585938,2554081
2022-06-02,899.4424438476562,3560227
2022-06-03,902.2971801757812,3556955
2022-06-06,897.3663330078125,1997494
2022-06-07,884.9088745117188,1839248
2022-06-08,891.223876953125,1665512
2022-06-09,889.8831787109375,1654005
2022-06-10,878.37744140625,2260855
2022-06-13,858.004150390625,1738804
2022-06-14,862.4164428710938,2461791
2022-06-15,856.3605346679688,2408630
2022-06-16,834.7763671875,3198618
2022-06-17,829.4126586914062,4302066
2022-06-20,830.5375366210938,1305407
2022-06-21,853.5057983398438,2128325
2022-06-22,831.6187133789062,2575065
2022-06-23,840.2265014648438,2169033
2022-06-24,836.2903442382812,1922313
2022-06-27,858.4801635742188,3626024
2022-06-28,866.7850341796875,2702471
2022-06-29,854.3275756835938,3150015
2022-06-30,841.9567260742188,3741119
2022-07-01,843.7733764648438,2827579
2022-07-04,851.7756958007812,2738846
2022-07-05,849.6560668945312,2476050
2022-07-06,853.5057983398438,2998254
2022-07-07,856.3171997070312,2985141
2022-07-08,850.8672485351562,3141642
2022-07-11,816.2632446289062,5787815
2022-07-12,802.6380615234375,5305354
2022-07-13,793.9437866210938,12874342
2022-07-14,781.18359375,4916497
2022-07-15,764.0113525390625,5591590
2022-07-18,778.8477783203125,5156225
2022-07-19,778.3228759765625,4636293
2022-07-20,802.5552978515625,4827089
2022-07-21,808.7228393554688,3498709
2022-07-22,805.0484619140625,3514659
2022-07-25,814.1465454101562,2120224
2022-07-26,799.1435546875,2780103
2022-07-27,812.2221069335938,1742497
2022-07-28,827.6624755859375,2843497
2022-07-29,829.674560546875,3617725
2022-08-01,832.9551391601562,2489519
2022-08-02,831.9927978515625,2545241
2022-08-03,837.3729858398438,4119614
2022-08-04,838.16015625,3513266
2022-08-05,837.8540649414062,2565683
2022-08-08,845.1150512695312,1746911
2022-08-10,832.86767578125,3271939
2022-08-11,841.8782348632812,3594584
2022-08-12,836.6730346679688,3022304
2022-08-16,838.2476196289062,2784861
2022-08-17,857.8436279296875,4649125
2022-08-18,851.6324462890625,2829269
2022-08-19,848.6142578125,2880969
2022-08-22,839.3413696289062,3616799
2022-08-23,828.3623657226562,3753715
2022-08-24,830.3306884765625,1494361
2022-08-25,825.6504516601562,3316314
2022-08-26,827.2688598632812,2195046
2022-08-29,802.642822265625,4974880
2022-08-30,821.407470703125,2998417
2022-09-01,810.1224975585938,2953921
2022-09-02,808.7228393554688,1750283
2022-09-05,818.826904296875,2279812
2022-09-06,820.4014892578125,2108615
2022-09-07,815.0650634765625,2709547
2022-09-08,814.4965209960938,3214686
2022-09-09,829.7620239257812,2206526
2022-09-12,835.929443359375,2517615
2022-09-13,835.79833984375,2442828
2022-09-14,815.3275756835938,6761712
2022-09-15,804.7423095703125,2995215
2022-09-16,784.6215209960938,5095937
2022-09-19,785.4089965820312,2686561
2022-09-20,799.5810546875,1836721
2022-09-21,788.16455078125,1819649
2022-09-22,785.2777099609375,2315711
2022-09-23,783.7030639648438,2569608
2022-09-26,793.1947021484375,4182702
2022-09-27,803.736328125,3545337
2022-09-28,805.5297241210938,4154139
2022-09-29,807.4979858398438,2928360
2022-09-30,815.6337890625,3229901
2022-10-03,813.7967529296875,1598950
2022-10-04,827.574951171875,2331351
2022-10-06,843.8026733398438,3713623
2022-10-07,837.8103637695312,2174327
2022-10-10,842.66552734375,2758812
2022-10-11,821.1012573242188,3134969
2022-10-12,832.8239135742188,3502390
2022-10-13,859.1558837890625,9698562
2022-10-14,877.0457153320312,7424383
2022-10-17,870.0910034179688,2136170
2022-10-18,882.86328125,2487826
2022-10-19,879.7267456054688,2517099
2022-10-20,898.9442749023438,3931399
2022-10-21,907.6032104492188,2071897
2022-10-24,911.4910278320312,398105
2022-10-25,906.98486328125,3068136
2022-10-27,911.888671875,3313674
2022-10-28,910.0772094726562,2423629
2022-10-31,919.9291381835938,2418565
2022-11-01,936.6286010742188,2275488
2022-11-02,923.5074462890625,2799322
2022-11-03,923.46337890625,2396164
2022-11-04,923.6401977539062,1709158
2022-11-07,925.2305297851562,2213508
2022-11-09,930.7970581054688,2307691
2022-11-10,929.9133911132812,2321667
2022-11-11,963.6658935546875,3923101
2022-11-14,971.0435180664062,2170007
2022-11-15,975.3731689453125,2172420
2022-11-16,976.5218505859375,2213697
2022-11-17,965.3445434570312,2460883
2022-11-18,974.7102661132812,2623894
2022-11-21,967.951171875,1733741
2022-11-22,974.93115234375,2529146
2022-11-23,974.93115234375,2217599
2022-11-24,998.080810546875,3295202
2022-11-25,996.843994140625,1977441
2022-11-28,988.5383911132812,2368293
2022-11-29,997.506591796875,1785948
2022-11-30,990.305419921875,6053488
2022-12-01,1004.0892333984375,3919684
2022-12-02,1003.3380737304688,2944923
2022-12-05,999.185302734375,2646466
2022-12-06,990.4379272460938,2807894
2022-12-07,977.1402587890625,2399879
2022-12-08,973.1199951171875,1752350
2022-12-09,907.8684692382812,12415478
2022-12-12,908.6635131835938,4275785
2022-12-13,923.0654907226562,2284909
2022-12-14,933.226806640625,2425507
2022-12-15,920.9892578125,1906369
2022-12-16,909.7679443359375,5159215
2022-12-19,912.9488525390625,3328172
2022-12-20,909.8121337890625,2629849
2022-12-21,919.22216796875,2878658
2022-12-22,918.1177368164062,2623451
2022-12-23,910.607421875,2177675
2022-12-26,911.5792846679688,1680715
2022-12-27,915.6879272460938,554319
2022-12-28,914.8926391601562,1397806
2022-12-29,922.8448486328125,1277244
2022-12-30,918.2944946289062,1860560
2023-01-02,918.427001953125,701880
2023-01-03,920.1057739257812,2484372
2023-01-04,915.9088134765625,1219170
2023-01-05,922.5355224609375,2294943
2023-01-06,912.5514526367188,1887689
2023-01-09,943.1669921875,4562242
2023-01-10,939.986083984375,2297082
2023-01-11,931.9898681640625,3594167
2023-01-12,946.8779907226562,4748542
2023-01-13,952.3119506835938,8253765
2023-01-16,966.360595703125,4508538
2023-01-17,981.6904296875,4390338
2023-01-18,985.3131713867188,6905092
2023-01-19,990.885498046875,2298287
2023-01-20,987.67578125,4747128
2023-01-23,999.622802734375,1696834
2023-01-24,1014.4674072265625,4861107
2023-01-25,1001.0050048828125,2692236
2023-01-27,994.6298217773438,3864525
2023-01-30,1011.7037353515625,3508427
2023-01-31,1000.514404296875,4582858
2023-02-01,1009.3408813476562,2393911
2023-02-02,1024.943115234375,3048359
2023-02-03,1021.8674926757812,1814055
2023-02-06,1021.4661865234375,2070175
2023-02-07,1005.9082641601562,1931191
2023-02-08,1020.84228515625,2848255
2023-02-09,1022.0455322265625,1501083
2023-02-10,994.6744995117188,3185163
2023-02-13,992.31201171875,2009185
2023-02-14,1003.412109375,3938046
2023-02-15,1010.0545043945312,1648954
2023-02-16,1005.8191528320312,2369355
2023-02-17,989.2361450195312,1958807
2023-02-20,994.7191162109375,1706036
2023-02-21,985.3578491210938,1313278
2023-02-22,974.124267578125,2212194
2023-02-23,975.6843872070312,2139983
2023-02-24,976.1303100585938,1684570
2023-02-27,966.4120483398438,1834553
2023-02-28,960.7506713867188,20793703
2023-03-01,981.70263671875,1655100
2023-03-02,986.0264892578125,4074162
2023-03-03,997.6614990234375,3253621
2023-03-06,1004.5262451171875,4091674
2023-03-08,999.1323852539062,3209393
2023-03-09,995.56640625,1834324
2023-03-10,995.25439453125,1193681
2023-03-13,979.4736328125,3028387
2023-03-14,966.5011596679688,3683544
2023-03-15,962.5784301757812,1528510
2023-03-16,956.1144409179688,1812907
2023-03-17,988.2553100585938,5350523
2023-03-20,972.563720703125,2066169
2023-03-21,966.3674926757812,2421127
2023-03-22,964.1831665039062,1382329
2023-03-23,950.3193359375,2178855
2023-03-24,937.7037963867188,2688253
2023-03-27,937.4808349609375,1459887
2023-03-28,928.2084350585938,2965015
2023-03-29,951.7459106445312,2478745
2023-03-31,967.5711059570312,3131614
2023-04-03,979.0723876953125,1540702
2023-04-05,990.7072143554688,3342291
2023-04-06,973.45556640625,2378264
2023-04-10,983.4854125976562,711625
2023-04-11,969.13134765625,2318905
2023-04-12,975.818115234375,2715967
2023-04-13,955.6240844726562,3071057
2023-04-17,929.1891479492188,9509446
2023-04-18,948.4915771484375,3686404
2023-04-19,926.0687866210938,4322881
2023-04-20,924.9989624023438,3057560
2023-04-21,935.2072143554688,7708194
2023-04-24,939.7543334960938,2033625
2023-04-25,939.2192993164062,1237595
2023-04-26,950.0073852539062,1647101
2023-04-27,955.0892944335938,1654910
2023-04-28,964.9280395507812,2629188
2023-05-02,968.056396484375,1905168
2023-05-03,960.2579345703125,1649820
2023-05-04,967.37646484375,1403672
2023-05-05,957.1748657226562,1641673
2023-05-08,975.4923095703125,1389075
2023-05-09,978.4393920898438,2981949
2023-05-10,977.8045043945312,2091411
2023-05-11,986.6912231445312,2653108
2023-05-12,993.4017944335938,1585037
2023-05-15,997.2554321289062,1523466
2023-05-16,989.0488891601562,1166324
2023-05-17,974.404052734375,3602382
2023-05-18,979.25537109375,1515743
2023-05-19,993.2655639648438,1984436
2023-05-22,1015.482177734375,1864932
2023-05-23,1004.1473388671875,2138096
2023-05-24,1008.318359375,1302744
2023-05-25,1011.9912719726562,1124803
2023-05-26,1033.0289306640625,1635167
2023-05-29,1021.240478515625,1288914
2023-05-30,1029.990966796875,1983735
2023-05-31,1038.3790283203125,5967930
2023-06-01,1035.477294921875,1445692
2023-06-02,1031.0792236328125,1336554
2023-06-05,1032.212646484375,1435758
2023-06-06,1023.4168090820312,1943605
2023-06-07,1023.8248901367188,2459039
2023-06-08,1021.739013671875,1385218
2023-06-09,1006.323486328125,1824218
2023-06-12,1033.43701171875,1670970
2023-06-13,1025.8651123046875,2014656
2023-06-14,1029.990966796875,836964
2023-06-15,1037.018798828125,2109652
2023-06-16,1041.1900634765625,2909817
2023-06-19,1031.53271484375,1278608
2023-06-20,1059.7340087890625,3504867
2023-06-21,1061.3663330078125,2019683
2023-06-22,1054.9732666015625,972005
2023-06-23,1056.5604248046875,1699790
2023-06-26,1058.69140625,1190307
2023-06-27,1060.95849609375,1504039
2023-06-28,1061.1851806640625,1424076
2023-06-30,1077.2353515625,3036648
2023-07-03,1071.4771728515625,1749952
2023-07-04,1079.6385498046875,1094468
2023-07-05,1083.4471435546875,1653610
2023-07-06,1070.6158447265625,2334220
2023-07-07,1049.7139892578125,2159585
2023-07-10,1019.6987915039062,3960400
2023-07-11,1010.9935302734375,4982603
2023-07-12,1007.0489501953125,3824027
2023-07-13,1005.462158203125,12294227
2023-07-14,1043.68359375,6605038
2023-07-17,1046.222900390625,3159479
2023-07-18,1058.419189453125,2431478
2023-07-19,1060.0968017578125,2242397
2023-07-20,1057.124267578125,1990001
2023-07-21,1020.2191162109375,5259150
2023-07-24,1017.8870239257812,2672505
2023-07-25,1016.652099609375,2506726
2023-07-26,1019.8076171875,1969964
2023-07-27,1021.9570922851562,1769815
2023-07-28,1009.3351440429688,2031899
2023-07-31,1021.3624877929688,2526624
2023-08-01,1041.30126953125,2710536
2023-08-02,1034.35009765625,2701150
2023-08-03,1029.4111328125,1608187
2023-08-04,1046.65185546875,3315303
2023-08-07,1052.551025390625,1655404
2023-08-08,1043.908203125,1667697
2023-08-09,1046.4691162109375,1559337
2023-08-10,1037.460205078125,1676669
2023-08-11,1071.4383544921875,7391806
2023-08-14,1071.0267333984375,1720940
2023-08-16,1076.651611328125,2567226
2023-08-17,1076.2398681640625,2331256
2023-08-18,1073.496337890625,3406088
2023-08-21,1078.5723876953125,1661946
2023-08-22,1078.801025390625,1805887
2023-08-23,1081.544921875,2347850
2023-08-24,1071.25537109375,2464221
2023-08-25,1055.4322509765625,2105159
2023-08-28,1048.5726318359375,2571967
2023-08-29,1058.72509765625,1794652
2023-08-30,1070.5693359375,1497356
2023-08-31,1072.0784912109375,4483967
2023-09-01,1084.5631103515625,1669640
2023-09-04,1127.2762451171875,4517935
2023-09-05,1130.06591796875,2842400
2023-09-06,1130.3402099609375,1767709
2023-09-07,1146.940673828125,2582004
2023-09-08,1154.3033447265625,2280777
2023-09-11,1172.1387939453125,2691836
2023-09-12,1172.915771484375,2140769
2023-09-13,1166.37646484375,2275523
2023-09-14,1174.0135498046875,2655172
2023-09-15,1193.220703125,4286280
2023-09-18,1193.5865478515625,2761885
2023-09-20,1182.9769287109375,2220756
2023-09-21,1168.8917236328125,3112700
2023-09-22,1164.9588623046875,1321467
2023-09-25,1155.5838623046875,1246703
2023-09-26,1153.754638671875,903152
2023-09-27,1153.434326171875,1670373
2023-09-28,1135.8734130859375,1807072
2023-09-29,1129.3798828125,2338327
2023-10-03,1132.9468994140625,2162636
2023-10-04,1133.72412109375,2253785
2023-10-05,1129.9742431640625,2995200
2023-10-06,1132.0323486328125,2497711
2023-10-09,1142.916259765625,3430211
2023-10-10,1154.07470703125,1532394
2023-10-11,1139.2576904296875,2186131
2023-10-12,1119.273193359375,3921609
2023-10-13,1148.6783447265625,5740821
2023-10-16,1162.1690673828125,2527113
2023-10-17,1168.1141357421875,1687345
2023-10-18,1161.0716552734375,1743126
2023-10-19,1159.15087890625,2279726
2023-10-20,1162.1514892578125,1625449
2023-10-23,1141.8837890625,1646367
2023-10-25,1134.820068359375,1420065
2023-10-26,1137.4056396484375,4617424
2023-10-27,1171.4779052734375,2675348
2023-10-30,1167.83056640625,1158770
2023-10-31,1178.21826171875,2525870
2023-11-01,1162.4749755859375,1572719
2023-11-02,1175.8175048828125,1368604
2023-11-03,1169.2154541015625,2052536
2023-11-06,1172.4012451171875,1175823
2023-11-07,1176.32568359375,1385282
2023-11-08,1170.50830078125,937671
2023-11-09,1170.3699951171875,1483749
2023-11-10,1159.2430419921875,1469902
2023-11-13,1164.367919921875,730991
2023-11-15,1178.8187255859375,2410620
2023-11-16,1210.58251953125,3936945
2023-11-17,1208.8282470703125,2882039
2023-11-20,1223.8328857421875,2831858
2023-11-21,1224.94091796875,1514256
2023-11-22,1227.8033447265625,1535630
2023-11-23,1227.156982421875,1307344
2023-11-24,1208.8282470703125,1795933
2023-11-28,1215.7532958984375,2152951
2023-11-29,1231.7276611328125,1835524
2023-11-30,1238.1451416015625,4104385
2023-12-01,1234.266845703125,1854324
2023-12-04,1235.4208984375,1547057
2023-12-05,1216.58447265625,3932040
2023-12-06,1227.6649169921875,2077245
2023-12-07,1226.2337646484375,1985003
2023-12-08,1259.5672607421875,4509751
2023-12-11,1269.908935546875,2824656
2023-12-12,1269.908935546875,2730422
2023-12-13,1264.2762451171875,1896931
2023-12-14,1306.197265625,5145574
2023-12-15,1377.0196533203125,7374290
2023-12-18,1389.0235595703125,3075527
2023-12-19,1374.249755859375,2590417
2023-12-20,1329.6044921875,4368383
2023-12-21,1313.076416015625,2841508
2023-12-22,1350.611328125,2303438
2023-12-26,1346.4100341796875,1363265
2023-12-27,1359.2451171875,1402329
2023-12-28,1359.6141357421875,1928616
2023-12-29,1353.7508544921875,1481617
2024-01-01,1370.04833984375,1222315
2024-01-02,1356.9365234375,1440888
2024-01-03,1327.5732421875,1651716
2024-01-04,1311.1373291015625,3392241
2024-01-05,1323.0025634765625,1776925
2024-01-08,1336.9454345703125,2025264
2024-01-09,1348.48779296875,3119270
2024-01-10,1377.7581787109375,4368914
2024-01-11,1371.0179443359375,2271368
2024-01-12,1422.726318359375,5862043
2024-01-15,1466.494140625,9712071
2024-01-16,1436.253662109375,4459799
2024-01-17,1455.13671875,3846289
2024-01-18,1447.4263916015625,3205598
2024-01-19,1458.964599609375,2374099
2024-01-23,1417.7437744140625,3196630
2024-01-24,1466.8271484375,2136023
2024-01-25,1442.494873046875,2641656
2024-01-29,1465.10595703125,2521598
2024-01-30,1450.916015625,1939386
2024-01-31,1466.454833984375,7025931
2024-02-01,1467.7578125,2845408
2024-02-02,1473.666259765625,2337374
2024-02-05,1447.240478515625,1452864
2024-02-06,1510.88623046875,4988311
2024-02-07,1503.070068359375,3320199
2024-02-08,1520.237548828125,3496692
2024-02-09,1517.260009765625,3341297
2024-02-12,1551.0831298828125,4885445
2024-02-13,1549.8272705078125,3129897
2024-02-14,1555.3172607421875,1386643
2024-02-15,1546.9891357421875,2555162
2024-02-16,1551.548583984375,1776881
2024-02-19,1558.806396484375,762624
2024-02-20,1547.4544677734375,2240414
2024-02-21,1522.5638427734375,2890991
2024-02-22,1569.181396484375,3820901
2024-02-23,1549.966796875,2191549
2024-02-26,1535.12548828125,1844253
2024-02-27,1543.4998779296875,2049420
2024-02-28,1537.0794677734375,936575
2024-02-29,1548.19873046875,3532888
2024-03-01,1529.8216552734375,2371138
2024-03-04,1524.0989990234375,1788071
2024-03-05,1506.791748046875,3339546
2024-03-06,1529.91455078125,2366177
2024-03-07,1523.81982421875,3181239
2024-03-11,1524.7503662109375,2970902
2024-03-12,1521.91259765625,2414182
2024-03-13,1518.097412109375,2564135
2024-03-14,1562.5284423828125,3513306
2024-03-15,1532.79931640625,3931561
2024-03-18,1529.1702880859375,1183544
2024-03-19,1487.995849609375,1915379
2024-03-20,1476.783447265625,1815178
2024-03-21,1484.8787841796875,2684744
2024-03-22,1449.5667724609375,7468824
2024-03-26,1453.6607666015625,4496344
2024-03-27,1438.7264404296875,2589697
2024-03-28,1436.2606201171875,5301493
2024-04-01,1448.4967041015625,1014857
2024-04-02,1422.0706787109375,2031775
2024-04-03,1429.095947265625,3343884
2024-04-04,1432.6318359375,3388449
2024-04-05,1437.842529296875,2773570
2024-04-08,1433.0037841796875,1820136
2024-04-09,1433.422607421875,2432095
2024-04-10,1432.1663818359375,1829986
2024-04-12,1415.743408203125,4319991
2024-04-15,1400.436767578125,3295684
2024-04-16,1374.615478515625,2446933
2024-04-18,1364.8919677734375,5180223
2024-04-19,1346.8868408203125,5219506
2024-04-22,1364.0079345703125,1939632
2024-04-23,1383.3157958984375,2783858
2024-04-24,1376.429931640625,1321471
2024-04-25,1399.599365234375,4558032
2024-04-26,1371.4051513671875,4328477
2024-04-29,1290.96435546875,11493223
2024-04-30,1271.610107421875,7606726
2024-05-02,1266.1202392578125,6555505
2024-05-03,1254.3492431640625,5964228
2024-05-06,1264.3524169921875,2504082
2024-05-07,1255.063720703125,5096525
2024-05-08,1238.750244140625,6832455
2024-05-09,1244.7855224609375,5653762
2024-05-10,1241.1549072265625,3357203
2024-05-13,1238.0428466796875,2316566
2024-05-14,1245.728271484375,3200462
2024-05-15,1256.9027099609375,2975965
2024-05-16,1271.2830810546875,5055915
2024-05-17,1257.185546875,2487831
2024-05-21,1265.389404296875,4966721
2024-05-22,1266.47412109375,2390777
2024-05-23,1276.37548828125,3326149
2024-05-24,1268.5013427734375,1769966
2024-05-27,1276.1396484375,1942325
2024-05-28,1280.9488525390625,2147233
2024-05-29,1275.9510498046875,3845920
2024-05-30,1255.9124755859375,4150461
2024-05-31,1248.604248046875,10319045
2024-06-03,1239.5045166015625,5384064
2024-06-04,1229.22607421875,5447244
2024-06-05,1267.0869140625,3005139
2024-06-06,1317.8192138671875,5936709
2024-06-07,1349.880859375,5884025
2024-06-10,1337.8577880859375,3293739
2024-06-11,1347.3348388671875,2269082
2024-06-12,1356.7174072265625,5990861
2024-06-13,1361.8095703125,4232861
2024-06-14,1349.4566650390625,3065114
2024-06-18,1355.255859375,2223029
2024-06-19,1363.4127197265625,3117522
2024-06-20,1361.1495361328125,3163919
2024-06-21,1365.298583984375,6489262
2024-06-24,1358.69775390625,1988692
2024-06-25,1365.3929443359375,2079037
2024-06-26,1361.3853759765625,1917424
2024-06-27,1371.9466552734375,6613193
2024-06-28,1376.378662109375,4943575
2024-07-01,1385.1011962890625,3723295
2024-07-02,1396.369873046875,3811366
2024-07-03,1396.5584716796875,2070876
2024-07-04,1435.55078125,6822557
2024-07-05,1432.76904296875,3061687
2024-07-08,1445.9710693359375,2939620
2024-07-09,1443.802001953125,2658608
2024-07-10,1423.85791015625,3507096
2024-07-11,1425.6966552734375,3304053
2024-07-12,1471.242919921875,6430647
2024-07-15,1480.1068115234375,10337489
2024-07-16,1480.059814453125,3540650
2024-07-18,1503.63427734375,4399468
2024-07-19,1503.63427734375,5633838
2024-07-22,1487.1793212890625,2704495
2024-07-23,1518.7738037109375,2907674
2024-07-24,1504.8531494140625,2484299
2024-07-25,1508.5592041015625,2934731
2024-07-26,1553.9317626953125,2814159
2024-07-29,1551.080810546875,1639491
2024-07-30,1549.0855712890625,1783877
2024-07-31,1560.8206787109375,1984986
2024-08-01,1558.8729248046875,1785188
2024-08-02,1529.1787109375,1692851
2024-08-05,1484.6138916015625,3279717
2024-08-06,1503.950439453125,2138704
2024-08-07,1515.2105712890625,1897787
2024-08-08,1480.2901611328125,2373805
2024-08-09,1510.7918701171875,2021762
2024-08-12,1506.3260498046875,1273739
2024-08-13,1513.3577880859375,1973825
2024-08-14,1545.1898193359375,3932148
2024-08-16,1585.1937255859375,3101056
2024-08-19,1594.9334716796875,1631947
2024-08-20,1602.7728271484375,2786109
2024-08-21,1593.74560546875,1410370
2024-08-22,1592.700439453125,1749127
2024-08-23,1578.7322998046875,2158185
2024-08-26,1633.8447265625,2672708
2024-08-27,1626.385498046875,3556487
2024-08-28,1633.8447265625,2516461
2024-08-29,1664.631591796875,5112407
2024-08-30,1665.9619140625,4792561
2024-09-02,1716.7032470703125,4445349
2024-09-03,1701.309814453125,2553290
2024-09-04,1696.3687744140625,2644961
2024-09-05,1701.40478515625,2878565
2024-09-06,1668.669921875,3351716
2024-09-09,1659.7855224609375,1418238
2024-09-10,1690.52490234375,2307528
2024-09-11,1690.1923828125,2303930
2024-09-12,1717.6060791015625,3349489
2024-09-13,1722.547119140625,1599349
2024-09-16,1721.644287109375,836199
2024-09-17,1723.4498291015625,830317
2024-09-18,1669.050048828125,2629136
2024-09-19,1650.0457763671875,4167373
2024-09-20,1672.42333984375,4644317
2024-09-23,1665.5343017578125,1541597
2024-09-24,1687.198974609375,1907389
2024-09-25,1693.66064453125,2240579
2024-09-26,1695.038330078125,4303250
2024-09-27,1718.3663330078125,4099016
2024-09-30,1706.678466796875,2117894
2024-10-01,1726.0628662109375,1642542
2024-10-03,1690.00244140625,3552386
2024-10-04,1688.1494140625,2982759
2024-10-07,1688.4818115234375,3419048
2024-10-08,1700.359619140625,2353030
2024-10-09,1719.6014404296875,2499596
2024-10-10,1718.603759765625,3753869
2024-10-11,1748.0604248046875,2977110
2024-10-14,1763.501220703125,1751092
2024-10-15,1776.994384765625,5696544
2024-10-16,1772.3858642578125,2144442
2024-10-17,1774.808837890625,2399099
2024-10-18,1765.2117919921875,2366406
2024-10-21,1751.813720703125,1284980
2024-10-22,1743.3492431640625,2089660
2024-10-23,1765.3472900390625,2522186
2024-10-24,1764.534423828125,1621637
2024-10-25,1771.6597900390625,4078295
2024-10-28,1790.21484375,2418907
2024-10-29,1790.21484375,1719955
2024-10-30,1758.7000732421875,1732047
2024-10-31,1689.1190185546875,3616088
2024-11-01,1680.845947265625,242223
2024-11-04,1686.154052734375,2843690
2024-11-05,1696.29248046875,1818350
2024-11-06,1758.3175048828125,3477029
2024-11-07,1752.1484375,2173869
2024-11-08,1757.456787109375,1521324
2024-11-11,1785.9586181640625,1679869
2024-11-12,1791.266845703125,2711052
2024-11-13,1783.5196533203125,1254074
2024-11-14,1777.9722900390625,2462563
2024-11-18,1755.065673828125,2483933
2024-11-19,1741.2451171875,2354204
2024-11-21,1756.356689453125,1841245
2024-11-22,1815.703857421875,2765950
2024-11-25,1809.295654296875,6531524
2024-11-26,1816.8037109375,2079873
2024-11-27,1808.6741943359375,1631975
2024-11-28,1760.7086181640625,3631255
2024-11-29,1767.5472412109375,2482280
2024-12-02,1789.9755859375,2014744
2024-12-03,1808.3870849609375,2954648
2024-12-04,1814.986572265625,3730643
2024-12-05,1840.188720703125,3881814
2024-12-06,1838.9451904296875,2250408
2024-12-09,1826.702880859375,1379520
2024-12-10,1852.0006103515625,2695207
2024-12-11,1846.7880859375,1387117
2024-12-12,1851.857177734375,2306173
2024-12-13,1883.037109375,2569918
2024-12-16,1869.264404296875,1371189
2024-12-17,1865.6300048828125,1987909
2024-12-18,1874.955078125,3460812
2024-12-19,1849.9921875,1916115
2024-12-20,1828.0897216796875,3786921
2024-12-23,1820.103515625,2058339
2024-12-24,1814.3170166015625,1310301
2024-12-26,1817.951416015625,1065107
2024-12-27,1809.582763671875,1328546
2024-12-30,1844.9229736328125,6262203
2024-12-31,1833.876220703125,1968650
2025-01-01,1828.66357421875,880695
2025-01-02,1886.2890625,3487645
2025-01-03,1861.8519287109375,2853344
2025-01-06,1867.97314453125,1789037
2025-01-07,1832.4415283203125,2494547
2025-01-08,1848.079345703125,2372138
2025-01-09,1850.518310546875,2742139
2025-01-10,1908.1915283203125,4802079
2025-01-13,1902.7398681640625,5694121
2025-01-14,1734.5499267578125,15819311
2025-01-15,1746.1707763671875,3350594
2025-01-16,1714.177734375,5362008
2025-01-17,1728.3319091796875,2424374
2025-01-20,1735.3846435546875,3401004
2025-01-21,1741.374755859375,4005357
2025-01-22,1765.818115234375,3009261
2025-01-23,1745.8189697265625,3750930
2025-01-24,1732.1480712890625,3171259
2025-01-27,1653.987060546875,4174844
2025-01-28,1635.9202880859375,5079829
2025-01-29,1660.7984619140625,3733620
2025-01-30,1655.0982666015625,2543744
2025-01-31,1667.030029296875,2033832
2025-02-01,1636.6448974609375,569018
2025-02-03,1634.712646484375,2659929
2025-02-04,1673.8896484375,3647768
2025-02-05,1654.8568115234375,2681942
2025-02-06,1665.1461181640625,2057798
2025-02-07,1667.2232666015625,2428098
2025-02-10,1675.1456298828125,1823071
2025-02-11,1664.856201171875,1702553
2025-02-12,1659.1561279296875,2214307
2025-02-13,1645.4368896484375,1838463
2025-02-14,1653.3109130859375,1460459
2025-02-17,1652.0067138671875,1127023
2025-02-18,1667.078369140625,1511900
2025-02-19,1654.3253173828125,1294110
2025-02-20,1630.413330078125,1681532
2025-02-21,1643.117919921875,1222563
2025-02-24,1588.3861083984375,4455420
2025-02-25,1580.705322265625,1951519
2025-02-27,1574.038818359375,2266866
2025-02-28,1521.7222900390625,4910121
2025-03-03,1519.1619873046875,1784684
2025-03-04,1483.5113525390625,3246644
2025-03-05,1519.693359375,3112003
2025-03-06,1531.7701416015625,2011489
2025-03-07,1505.2012939453125,2091986
2025-03-10,1496.84423828125,1855766
2025-03-11,1514.76611328125,1846190
2025-03-12,1488.438720703125,3113860
2025-03-13,1482.786865234375,1983351
2025-03-17,1492.834716796875,2029100
2025-03-18,1492.834716796875,0
2025-03-19,1492.1583251953125,4522829
2025-03-20,1509.1141357421875,4608677
2025-03-21,1513.6549072265625,8109210
2025-03-24,1549.8370361328125,2487843
2025-03-25,1569.884521484375,4906013
2025-03-26,1578.0966796875,3096513
2025-03-27,1574.956787109375,3383080
2025-03-28,1538.58154296875,2211077
2025-04-01,1478.53564453125,4126827
2025-04-02,1475.83056640625,3167863
2025-04-03,1420.32568359375,3966161
2025-04-04,1373.9508056640625,4421312
2025-04-07,1327.5760498046875,6484139
2025-04-08,1355.835693359375,3938359
2025-04-09,1333.2762451171875,3306801
2025-04-11,1343.46923828125,4859622
2025-04-15,1378.2020263671875,3265147
2025-04-16,1383.225830078125,2553111
2025-04-17,1389.3123779296875,3549969
2025-04-21,1431.82275390625,2840104
2025-04-22,1429.7939453125,2608145
2025-04-23,1540.03076171875,13293318
2025-04-24,1532.9779052734375,3193118
2025-04-25,1524.765625,3800415
2025-04-28,1514.11328125,2618810
2025-04-29,1533.36572265625,2231069
2025-04-30,1531.8997802734375,3682256
2025-05-02,1536.6885986328125,1370848
2025-05-05,1532.9749755859375,1012225
2025-05-06,1543.2364501953125,2055057
2025-05-07,1527.7952880859375,5469936
2025-05-08,1544.800048828125,2789018
2025-05-09,1533.7567138671875,2035161
2025-05-12,1632.3651123046875,4028207
2025-05-13,1582.816650390625,3118470
2025-05-14,1600.5054931640625,1569126
2025-05-15,1657.4814453125,4961582
2025-05-16,1622.201416015625,2586263
2025-05-19,1612.13525390625,1642018
2025-05-20,1601.0919189453125,2421580
2025-05-21,1614.480712890625,1420835
2025-05-22,1595.912353515625,2202093
2025-05-23,1610.7669677734375,1459454
2025-05-26,1635.5902099609375,1078813
2025-05-27,1614.5784912109375,2740015
2025-05-28,1619.660400390625,1775441
2025-05-29,1626.8922119140625,2374051
2025-05-30,1599.4305419921875,4408910
2025-06-02,1594.4464111328125,1883100
2025-06-03,1593.3714599609375,2380133
2025-06-04,1589.1689453125,1659720
2025-06-05,1595.3260498046875,1409322
2025-06-06,1600.5054931640625,1261281
2025-06-09,1610.86474609375,1299786
2025-06-10,1630.215087890625,3055223
2025-06-11,1682.7933349609375,5085821
2025-06-12,1662.5633544921875,3607962
2025-06-13,1656.7974853515625,1988422
2025-06-16,1683.8681640625,2116100
2025-06-17,1690.318359375,1777245
2025-06-18,1676.9295654296875,1794428
2025-06-19,1674.9749755859375,2514527
2025-06-20,1700.384521484375,2719770
2025-06-23,1664.517822265625,2221446
2025-06-24,1653.376953125,3601071
2025-06-25,1678.1021728515625,1307518
2025-06-26,1684.9432373046875,2971055
2025-06-27,1684.16162109375,6478283
2025-06-30,1689.341064453125,1855229
2025-07-01,1679.2750244140625,1639826
2025-07-02,1679.568115234375,2069447
2025-07-03,1673.0205078125,1839063
2025-07-04,1686.702392578125,768500
2025-07-07,1671.554443359375,1366412
2025-07-08,1669.306640625,2139193
2025-07-09,1635.981201171875,2894808
2025-07-10,1625.9149169921875,2740853
2025-07-11,1601.0919189453125,2548153
2025-07-14,1583.0120849609375,3334703
2025-07-15,1530.824951171875,14685607
2025-07-16,1527.306640625,5218099
2025-07-17,1508.8359375,4966082
2025-07-18,1525.4814453125,3902458
2025-07-21,1507.3585205078125,3368842
2025-07-22,1497.2135009765625,3218227
2025-07-23,1506.767578125,3471536
2025-07-24,1484.5076904296875,4654421
2025-07-25,1467.6651611328125,2733655
2025-07-28,1444.0264892578125,4404841
2025-07-29,1450.231689453125,6223556
2025-07-30,1454.2698974609375,1642426
2025-07-31,1445.7994384765625,2306285
2025-08-01,1430.2373046875,2152783
2025-08-04,1452.2015380859375,2384774
2025-08-05,1460.3765869140625,2614394
2025-08-06,1441.170166015625,1735697
2025-08-07,1453.2850341796875,1495363
2025-08-08,1453.48193359375,2815614
2025-08-11,1465.5968017578125,2374556
2025-08-12,1476.5296630859375,3422656
2025-08-13,1478.49951171875,2916128
2025-08-14,1467.3697509765625,4227538
2025-08-18,1462.6419677734375,2795155
2025-08-19,1453.8759765625,2515817
2025-08-20,1473.4764404296875,10219330
2025-08-21,1471.0140380859375,2157601
2025-08-22,1444.2236328125,2802805
2025-08-25,1481.5528564453125,2764914
2025-08-26,1470.3245849609375,4092265
2025-08-28,1427.9720458984375,4367902
2025-08-29,1432.896728515625,3404604
2025-09-01,1446.2919921875,2105254
2025-09-02,1443.632568359375,1295198
2025-09-03,1444.0264892578125,1800307
2025-09-04,1421.56982421875,2192155
2025-09-05,1397.6356201171875,3895199
2025-09-08,1381.8765869140625,2929976
2025-09-09,1405.6136474609375,2906889
2025-09-10,1441.8597412109375,3205017
2025-09-11,1445.6024169921875,1982922
2025-09-12,1445.10986328125,2110883
2025-09-15,1444.4205322265625,1725617
2025-09-16,1460.7706298828125,1724524
2025-09-17,1459.1947021484375,2656774
2025-09-18,1471.3094482421875,2792406
2025-09-19,1445.3070068359375,3197957
2025-09-22,1418.2210693359375,4457129
2025-09-23,1408.2730712890625,3106480
2025-09-24,1420.5848388671875,2894044
2025-09-25,1402.363525390625,2713246
2025-09-26,1374.2926025390625,2568054
2025-09-29,1366.5113525390625,2990852
2025-09-30,1364.24609375,2782077
2025-10-01,1368.579833984375,2253527
2025-10-03,1372.5196533203125,2793839
2025-10-06,1396.3551025390625,1970901
2025-10-07,1411.8189697265625,1592836
2025-10-08,1431.3206787109375,1735807
2025-10-09,1464.119384765625,2681316
2025-10-10,1472.98388671875,2129445
2025-10-13,1472.1959228515625,1820492
2025-10-14,1472.885498046875,5802489
2025-10-15,1473.1807861328125,1710696
2025-10-16,1492.1903076171875,2021043
2025-10-17,1475.5111083984375,3210161
2025-10-20,1484.64501953125,2354881
2025-10-21,1475.3126220703125,274400
2025-10-23,1512.9400634765625,5011470
2025-10-24,1512.8408203125,1491451
2025-10-27,1522.470947265625,1394846
2025-10-28,1511.1529541015625,1936466
2025-10-29,1546.099853515625,2596355
2025-10-30,1538.65380859375,2183395
2025-10-31,1530.4134521484375,1723467
2025-11-03,1532.3990478515625,2252136
2025-11-04,1518.1025390625,1666863
2025-11-06,1515.4219970703125,2474769
2025-11-07,1501.522705078125,2238714
2025-11-10,1529.420654296875,1558896
2025-11-11,1558.70849609375,2270763
2025-11-12,1582.535888671875,2331564
2025-11-13,1587.00341796875,1944022
2025-11-14,1583.1314697265625,2543918
2025-11-17,1594.8466796875,2000978
2025-11-18,1583.7271728515625,1640123
2025-11-19,1650.6424560546875,6342672
2025-11-20,1633.566162109375,2724035
2025-11-21,1596.4351806640625,2958835
2025-11-24,1598.81787109375,6392688
2025-11-25,1589.584716796875,2285950
2025-11-26,1606.263916015625,1243303
2025-11-27,1617.2840576171875,2106176
2025-11-28,1612.5185546875,1841289
2025-12-01,1631.0841064453125,2034350
2025-12-02,1623.7373046875,2326220
2025-12-03,1628.701416015625,2371611
2025-12-04,1642.699951171875,3935708
2025-12-05,1670.895751953125,3391204
2025-12-08,1676.4554443359375,2702407
2025-12-09,1645.6783447265625,2817704
2025-12-10,1654.0179443359375,1482249
2025-12-11,1660.3719482421875,1408684
2025-12-12,1661.1661376953125,1284337
2025-12-15,1671.8885498046875,1689723
2025-12-16,1639.82080078125,1929309
2025-12-17,1643.09716796875,1394918
2025-12-18,1649.4510498046875,1822056
2025-12-19,1630.5877685546875,3487150
2025-12-22,1658.287109375,1339691
2025-12-23,1667.818115234375,1614314
2025-12-24,1662.6553955078125,989858
2025-12-26,1648.9547119140625,921138
2025-12-29,1619.0711669921875,1516288
2025-12-30,1603.583251953125,3323273
2025-12-31,1611.6251220703125,1359963
2026-01-01,1622.7445068359375,773806
2026-01-02,1628.403564453125,950573
2026-01-05,1596.0379638671875,3245802
2026-01-06,1604.675537109375,2112043
2026-01-07,1635.849609375,3816569
2026-01-08,1634.8568115234375,3266398
2026-01-09,1649.4510498046875,3281306
2026-01-12,1655.6064453125,4175707
2026-01-13,1653.025146484375,7149266
2026-01-14,1656.5,2470615
2026-01-15,1656.5,0
2026-01-16,1698.0,3098089
2026-01-19,1716.800048828125,2087629
2026-01-20,1687.300048828125,1739341
2026-01-21,1682.5,1728435
2026-01-22,1703.0999755859375,1853439
2026-01-23,1707.0,1874357
2026-01-27,1720.199951171875,2671530
2026-01-28,1729.5999755859375,2713867
2026-01-29,1721.5999755859375,2235602
2026-01-30,1695.5999755859375,4448681
2026-02-02,1676.800048828125,1916380
2026-02-03,1695.300048828125,3200948
2026-02-04,1621.800048828125,5834470
2026-02-05,1610.0,3184531
2026-02-06,1593.699951171875,3342992
2026-02-09,1602.0,1863558
2026-02-10,1573.0999755859375,3234785
2026-02-11,1551.5999755859375,2944646
2026-02-12,1476.0999755859375,5397659
2026-02-13,1455.199951171875,7214938
2026-02-16,1461.800048828125,2388700
2026-02-17,1482.5999755859375,2840341
2026-02-18,1467.199951171875,2036245
2026-02-19,1450.4000244140625,2397127
2026-02-20,1436.5,2392491
2026-02-23,1426.199951171875,2629763
