date,adj_close,volume
2015-01-01,217.23533630371094,3544940
2015-01-02,220.25868225097656,5900384
2015-01-05,218.3990478515625,4796000
2015-01-06,214.99920654296875,8219680
2015-01-07,215.626708984375,5746112
2015-01-08,220.156005859375,9525824
2015-01-09,222.6202850341797,8985184
2015-01-12,220.65798950195312,4126412
2015-01-13,219.81370544433594,5828348
2015-01-14,219.93923950195312,3685232
2015-01-15,226.61337280273438,11398476
2015-01-16,228.4844207763672,7821308
2015-01-19,229.21456909179688,4239492
2015-01-20,232.9567108154297,8505804
2015-01-21,232.72854614257812,6740612
2015-01-22,233.025146484375,6470680
2015-01-23,237.94236755371094,9987912
2015-01-27,245.07286071777344,9962400
2015-01-28,241.490478515625,11364940
2015-01-29,249.85316467285156,20567616
2015-01-30,245.82586669921875,10570416
2015-02-02,246.79559326171875,5710352
2015-02-03,242.802490234375,10200688
2015-02-04,243.6239471435547,6197512
2015-02-05,245.63189697265625,8059148
2015-02-06,240.38380432128906,6903120
2015-02-09,237.32627868652344,5231896
2015-02-10,240.6006317138672,9275752
2015-02-11,241.5019073486328,4161588
2015-02-12,245.517822265625,5525740
2015-02-13,243.1904296875,7714500
2015-02-16,243.58970642089844,7388716
2015-02-18,245.24400329589844,5381692
2015-02-19,246.38490295410156,4507004
2015-02-20,244.8447265625,6206024
2015-02-23,243.57830810546875,5581564
2015-02-24,243.61253356933594,5846288
2015-02-25,240.1442413330078,4648524
2015-02-26,236.88131713867188,12426944
2015-02-27,240.4979248046875,10261784
2015-03-02,247.01235961914062,14385232
2015-03-03,247.19488525390625,6029348
2015-03-04,243.0763702392578,12277624
2015-03-05,247.59420776367188,9702452
2015-03-09,241.63882446289062,5755808
2015-03-10,240.16708374023438,5134836
2015-03-11,241.0569305419922,5465536
2015-03-12,240.63485717773438,7530836
2015-03-13,237.90809631347656,5426780
2015-03-16,239.9388885498047,5348772
2015-03-17,241.42208862304688,5369304
2015-03-18,242.67706298828125,5148332
2015-03-19,240.08724975585938,5373572
2015-03-20,240.9314727783203,6483236
2015-03-23,239.07183837890625,5446740
2015-03-24,236.835693359375,8973564
2015-03-25,235.991455078125,10608900
2015-03-26,229.76222229003906,35800620
2015-03-27,231.51918029785156,10840896
2015-03-30,236.5961151123047,6955144
2015-03-31,233.3560333251953,5962256
2015-04-01,235.7632598876953,3844196
2015-04-06,235.46664428710938,7151172
2015-04-07,235.64915466308594,6197072
2015-04-08,236.2880859375,4106144
2015-04-09,240.9770965576172,7002784
2015-04-10,237.90809631347656,6119324
2015-04-13,237.02967834472656,4563236
2015-04-15,235.39820861816406,4893996
2015-04-16,234.94183349609375,5610120
2015-04-17,232.34063720703125,4049012
2015-04-20,229.34010314941406,5188880
2015-04-21,228.86094665527344,6510744
2015-04-22,231.16552734375,6765936
2015-04-23,231.25677490234375,9627828
2015-04-24,229.6481475830078,7205244
2015-04-27,229.4199676513672,7370704
2015-04-28,229.21456909179688,7942108
2015-04-29,226.61337280273438,7863564
2015-04-30,225.62081909179688,15143684
2015-05-04,228.39317321777344,3141448
2015-05-05,225.35842895507812,5138004
2015-05-06,221.46800231933594,11007696
2015-05-07,217.06419372558594,11736664
2015-05-08,224.06924438476562,11571932
2015-05-11,225.9630889892578,6731344
2015-05-12,221.77606201171875,11107568
2015-05-13,225.95167541503906,7791848
2015-05-14,226.13421630859375,4455188
2015-05-15,225.9174346923828,8153624
2015-05-18,230.42393493652344,5713304
2015-05-19,229.89913940429688,4786348
2015-05-20,233.6640625,4008840
2015-05-21,233.81234741210938,3934380
2015-05-22,233.7211151123047,4689536
2015-05-25,233.54994201660156,4369060
2015-05-26,234.4284210205078,4906344
2015-05-27,236.88131713867188,3218592
2015-05-28,234.8848114013672,9561160
2015-05-29,239.71072387695312,5058680
2015-06-01,236.4364013671875,3841320
2015-06-02,230.1843719482422,4726008
2015-06-03,229.44276428222656,5824832
2015-06-04,231.58763122558594,5557588
2015-06-05,230.85748291015625,6753860
2015-06-08,228.96360778808594,3811996
2015-06-09,228.5985107421875,6040260
2015-06-10,231.7359619140625,7986248
2015-06-11,228.22201538085938,9094176
2015-06-12,230.26422119140625,6528344
2015-06-15,229.36293029785156,5999828
2015-06-16,230.0930938720703,6010524
2015-06-17,229.24884033203125,9686268
2015-06-18,232.64866638183594,8431716
2015-06-19,235.13580322265625,3742324
2015-06-22,238.93490600585938,5449652
2015-06-23,240.0644073486328,5655180
2015-06-24,238.62689208984375,6267396
2015-06-25,243.00784301757812,16573568
2015-06-26,242.517333984375,5647504
2015-06-29,241.1026153564453,6487836
2015-06-30,243.49847412109375,7290136
2015-07-01,244.68499755859375,4971188
2015-07-02,243.2711181640625,4483444
2015-07-03,246.96087646484375,4039288
2015-07-06,249.08740234375,3267780
2015-07-07,249.8574981689453,4141472
2015-07-08,245.71946716308594,5400676
2015-07-09,246.91494750976562,2797964
2015-07-10,250.75405883789062,4900088
2015-07-13,251.99554443359375,7076084
2015-07-14,251.00697326660156,5674116
2015-07-15,252.1219940185547,3849404
2015-07-16,256.2600402832031,7310424
2015-07-17,255.30599975585938,3510988
2015-07-20,256.3864440917969,4551268
2015-07-21,252.4323272705078,11028136
2015-07-22,256.1910400390625,7286400
2015-07-23,254.69671630859375,5083172
2015-07-24,254.68519592285156,4761008
2015-07-27,251.92657470703125,3328572
2015-07-28,254.834716796875,6345672
2015-07-29,254.80020141601562,3943032
2015-07-30,255.30599975585938,9462188
2015-07-31,255.558837890625,5649500
2015-08-03,251.82310485839844,4345728
2015-08-04,249.76553344726562,5390928
2015-08-05,251.08741760253906,4122780
2015-08-06,251.94956970214844,3743712
2015-08-07,251.19090270996094,3227140
2015-08-10,251.65066528320312,3954376
2015-08-11,251.66212463378906,2727688
2015-08-12,246.0873260498047,6005740
2015-08-13,247.71951293945312,3465052
2015-08-14,253.29443359375,3601660
2015-08-17,250.92652893066406,2500212
2015-08-18,249.7425079345703,1857316
2015-08-19,248.7080535888672,3004576
2015-08-20,247.06431579589844,3044852
2015-08-21,243.98379516601562,7758972
2015-08-24,234.27088928222656,14686328
2015-08-25,234.13294982910156,12347920
2015-08-26,232.9949951171875,5573000
2015-08-27,234.97203063964844,13873432
2015-08-28,236.31687927246094,5553136
2015-08-31,236.20196533203125,3441460
2015-09-01,229.91441345214844,10469144
2015-09-02,228.7764892578125,8681688
2015-09-03,232.2593231201172,6507368
2015-09-04,228.98338317871094,11404592
2015-09-07,226.316650390625,5381740
2015-09-08,230.822509765625,7444488
2015-09-09,233.638671875,6553120
2015-09-10,232.42027282714844,4463740
2015-09-11,232.30531311035156,4301760
2015-09-14,234.42031860351562,5060344
2015-09-15,232.91455078125,4332728
2015-09-16,235.25941467285156,4254052
2015-09-18,241.3285369873047,7841168
2015-09-21,242.06419372558594,4276688
2015-09-22,236.93760681152344,6025212
2015-09-23,241.20211791992188,5161152
2015-09-24,241.7078857421875,8252836
2015-09-28,240.5584259033203,5777108
2015-09-29,244.7884521484375,10418840
2015-09-30,245.70802307128906,9027796
2015-10-01,245.443603515625,5034788
2015-10-05,252.5012969970703,8053372
2015-10-06,249.650634765625,4758964
2015-10-07,250.064453125,4386268
2015-10-08,248.9954071044922,3881908
2015-10-09,249.6966094970703,3443228
2015-10-12,248.40924072265625,2217340
2015-10-13,247.44361877441406,1823652
2015-10-14,249.37474060058594,2749148
2015-10-15,249.23683166503906,3925952
2015-10-16,252.89207458496094,4843688
2015-10-19,252.3748016357422,2654220
2015-10-20,251.70816040039062,3851356
2015-10-21,251.7311248779297,7273204
2015-10-23,254.834716796875,4467048
2015-10-26,253.22540283203125,4887984
2015-10-27,255.38638305664062,8984032
2015-10-28,255.52438354492188,7694760
2015-10-29,253.69671630859375,6702368
2015-10-30,252.78866577148438,8097460
2015-11-02,248.9954071044922,3156552
2015-11-03,249.4092559814453,2548592
2015-11-04,248.67356872558594,2696444
2015-11-05,248.24830627441406,3596952
2015-11-06,248.48968505859375,5881004
2015-11-09,244.7884521484375,11429432
2015-11-10,242.4435272216797,4402580
2015-11-13,241.85728454589844,3940028
2015-11-16,243.90335083007812,4734732
2015-11-17,243.86883544921875,2567404
2015-11-18,241.06417846679688,2446720
2015-11-19,245.73098754882812,3277680
2015-11-20,246.1792449951172,4648160
2015-11-23,245.07577514648438,3408280
2015-11-24,244.68499755859375,4002252
2015-11-26,244.59300231933594,8791484
2015-11-27,248.14480590820312,6925072
2015-11-30,247.7655029296875,5247776
2015-12-01,248.97244262695312,1895332
2015-12-02,247.7770538330078,2562284
2015-12-03,247.53561401367188,3807712
2015-12-04,243.4320526123047,5859828
2015-12-07,244.13319396972656,5814808
2015-12-08,241.213623046875,4902660
2015-12-09,240.7998046875,3890616
2015-12-10,243.82286071777344,6514340
2015-12-11,240.5469512939453,3033920
2015-12-14,242.54696655273438,5878016
2015-12-15,243.55853271484375,4557416
2015-12-16,245.3631591796875,6842768
2015-12-17,248.3402557373047,4878012
2015-12-18,246.67352294921875,3172128
2015-12-21,247.2252960205078,3097500
2015-12-22,245.16769409179688,2429536
2015-12-23,246.9263916015625,3013968
2015-12-24,246.9033966064453,2146352
2015-12-28,247.65057373046875,7755428
2015-12-29,247.81150817871094,4231612
2015-12-30,246.97238159179688,2112560
2015-12-31,248.7770538330078,9290008
2016-01-01,250.29434204101562,3195076
2016-01-04,246.0988311767578,5187536
2016-01-05,244.2366485595703,3160872
2016-01-06,245.31715393066406,4165536
2016-01-07,242.8113250732422,6055428
2016-01-08,244.22518920898438,3488356
2016-01-11,243.3631134033203,3288912
2016-01-12,240.68484497070312,4258736
2016-01-13,243.7194366455078,4515148
2016-01-14,241.3285369873047,6279184
2016-01-15,239.58135986328125,5417260
2016-01-18,235.83413696289062,6495388
2016-01-19,238.1215362548828,6405212
2016-01-20,234.09844970703125,9563588
2016-01-21,235.178955078125,6300804
2016-01-22,236.85716247558594,4236284
2016-01-25,239.3515167236328,10143884
2016-01-27,238.08709716796875,4039468
2016-01-28,237.1790313720703,9951972
2016-01-29,241.35153198242188,5360184
2016-02-01,243.62742614746094,4609484
2016-02-02,242.2596435546875,6528628
2016-02-03,239.97215270996094,4850244
2016-02-04,241.20211791992188,5675992
2016-02-05,242.5929718017578,7523904
2016-02-08,238.13304138183594,3481924
2016-02-09,235.8801727294922,5535460
2016-02-10,232.86851501464844,7682280
2016-02-11,224.21315002441406,8803600
2016-02-12,223.31654357910156,12542144
2016-02-15,223.82232666015625,10912960
2016-02-16,223.78785705566406,7136096
2016-02-17,224.1211700439453,7503924
2016-02-18,227.46612548828125,6799856
2016-02-19,227.43162536621094,3328660
2016-02-22,227.30517578125,4002396
2016-02-23,223.0061798095703,6078320
2016-02-24,218.304931640625,6463468
2016-02-25,216.7071990966797,8463196
2016-02-26,220.9257049560547,6209388
2016-02-29,223.4199981689453,8812752
2016-03-01,226.24766540527344,4322560
2016-03-02,231.5466766357422,6358976
2016-03-03,233.53521728515625,4610400
2016-03-04,234.61570739746094,5704624
2016-03-08,233.1444091796875,1913688
2016-03-09,235.5927734375,6528172
2016-03-10,234.77664184570312,2671392
2016-03-11,236.4893035888672,4730856
2016-03-14,236.22499084472656,3008656
2016-03-15,236.029541015625,7690036
2016-03-16,236.89163208007812,4803548
2016-03-17,234.12147521972656,5113484
2016-03-18,236.42039489746094,4135068
2016-03-21,240.3744659423828,5318796
2016-03-22,242.27110290527344,4120264
2016-03-23,241.236572265625,8464300
2016-03-28,240.81130981445312,11270868
2016-03-29,242.2596435546875,6733952
2016-03-30,244.82286071777344,7814380
2016-03-31,246.248291015625,20080392
2016-04-01,244.7079620361328,5158648
2016-04-04,245.76544189453125,6179960
2016-04-05,243.0987091064453,6663028
2016-04-06,244.02980041503906,4295376
2016-04-07,242.65045166015625,3911692
2016-04-08,243.53550720214844,2962796
2016-04-11,246.2022705078125,4049620
2016-04-12,244.3745880126953,4941480
2016-04-13,248.68508911132812,4974604
2016-04-18,250.07594299316406,4117068
2016-04-20,252.38632202148438,3821352
2016-04-21,250.84613037109375,8191728
2016-04-22,251.07594299316406,7809320
2016-04-25,251.3288116455078,5561960
2016-04-26,256.0645751953125,7053796
2016-04-27,258.4440002441406,5763636
2016-04-28,256.0875549316406,8089584
2016-04-29,260.3175964355469,5611940
2016-05-02,256.938232421875,3862716
2016-05-03,257.0186462402344,4695296
2016-05-04,259.16815185546875,5292328
2016-05-05,260.3061218261719,5214248
2016-05-06,257.3979187011719,2733152
2016-05-09,262.3981018066406,6953180
2016-05-10,263.2027282714844,5453000
2016-05-11,261.8003845214844,6147372
2016-05-12,264.16827392578125,4221688
2016-05-13,262.28314208984375,5045316
2016-05-16,267.3177490234375,4518768
2016-05-17,265.16827392578125,4295424
2016-05-18,262.2257080078125,4162644
2016-05-19,261.91534423828125,3855796
2016-05-20,262.28314208984375,2016632
2016-05-23,261.3291015625,3463532
2016-05-24,262.0647277832031,3259468
2016-05-25,269.73162841796875,5767348
2016-05-26,272.01904296875,13705560
2016-05-27,272.8351745605469,5775184
2016-05-30,271.21441650390625,3814532
2016-05-31,271.7087097167969,5515640
2016-06-01,270.1569519042969,5675632
2016-06-02,270.1109619140625,7910616
2016-06-03,269.3752746582031,4524420
2016-06-06,269.22589111328125,5547308
2016-06-07,269.82354736328125,5628504
2016-06-08,267.2718200683594,4742812
2016-06-09,266.5361328125,4648184
2016-06-10,266.98443603515625,6322312
2016-06-13,265.0418701171875,3323236
2016-06-14,264.8004455566406,3828768
2016-06-15,268.8695373535156,3045824
2016-06-16,267.1683349609375,4727768
2016-06-17,268.9729919433594,3761652
2016-06-20,269.44427490234375,2742764
2016-06-21,268.2029113769531,2670968
2016-06-22,269.31787109375,3803840
2016-06-23,273.5938415527344,3926732
2016-06-24,267.1109313964844,11173964
2016-06-27,266.6625671386719,4163788
2016-06-28,268.2718200683594,4034980
2016-06-29,270.78662109375,5420668
2016-06-30,272.6755676269531,16278892
2016-07-01,272.2236633300781,4304876
2016-07-04,271.8296203613281,7249852
2016-07-05,270.1607666015625,2136328
2016-07-07,274.8079833984375,4832616
2016-07-08,272.3046875,3118868
2016-07-11,278.0760803222656,5102532
2016-07-12,278.63238525390625,7046032
2016-07-13,277.6124572753906,6687072
2016-07-14,278.215087890625,3459668
2016-07-15,283.62713623046875,5774216
2016-07-18,284.49627685546875,4438484
2016-07-19,282.38714599609375,2586004
2016-07-20,285.59722900390625,4690332
2016-07-21,284.7628479003906,9112904
2016-07-22,285.2727966308594,5620272
2016-07-25,289.0160217285156,9872884
2016-07-26,287.1269836425781,5665992
2016-07-27,286.69818115234375,10734736
2016-07-28,289.3636474609375,10646528
2016-07-29,288.8421325683594,3395676
2016-08-01,287.9382019042969,5560864
2016-08-02,288.16998291015625,5329396
2016-08-03,287.5093994140625,4733876
2016-08-04,287.6369323730469,4662880
2016-08-05,289.5490417480469,5784912
2016-08-08,289.63018798828125,4728776
2016-08-09,289.07391357421875,4210856
2016-08-10,284.3688049316406,3619720
2016-08-11,284.68170166015625,2856072
2016-08-12,284.7860107421875,4641496
2016-08-16,284.4615783691406,3468568
2016-08-17,286.2230529785156,5511036
2016-08-18,290.3023681640625,6111656
2016-08-19,289.05072021484375,4110636
2016-08-22,289.79248046875,5501292
2016-08-23,290.0589904785156,5314524
2016-08-24,292.4579162597656,5570936
2016-08-25,291.70465087890625,8729888
2016-08-26,291.3685302734375,2521136
2016-08-29,286.9647216796875,2944184
2016-08-30,294.0456237792969,9867608
2016-08-31,299.27215576171875,11161364
2016-09-01,297.5338439941406,5224676
2016-09-02,297.8583068847656,3955188
2016-09-06,301.4045104980469,5508884
2016-09-07,298.2407531738281,4016444
2016-09-08,298.8550109863281,2905380
2016-09-09,299.08673095703125,4013768
2016-09-12,296.6530456542969,3985728
2016-09-14,294.2309875488281,3849508
2016-09-15,296.5835266113281,3501812
2016-09-16,300.8135070800781,6525816
2016-09-19,299.02886962890625,5894832
2016-09-20,298.6347961425781,3778248
2016-09-21,299.68939208984375,4256400
2016-09-22,302.9111633300781,6555800
2016-09-23,304.25543212890625,4876808
2016-09-26,300.41943359375,5576772
2016-09-27,300.8598327636719,4056812
2016-09-28,300.2109069824219,4989652
2016-09-29,296.0968017578125,16450012
2016-09-30,295.0190734863281,4138428
2016-10-03,298.3450622558594,3900548
2016-10-04,298.8897399902344,2775512
2016-10-05,298.0901184082031,3647020
2016-10-06,297.128173828125,2895712
2016-10-07,296.8153381347656,3337464
2016-10-10,297.68450927734375,4719312
2016-10-13,292.67803955078125,4519356
2016-10-14,292.4579162597656,4067116
2016-10-17,286.8720397949219,5135360
2016-10-18,291.5423583984375,2610968
2016-10-19,291.6582946777344,3044904
2016-10-20,290.9976501464844,3200356
2016-10-21,294.5206604003906,3956408
2016-10-24,292.8635559082031,3255664
2016-10-25,289.79248046875,5501796
2016-10-26,287.242919921875,5366540
2016-10-27,290.20965576171875,11623860
2016-10-28,291.8204650878906,5320536
2016-11-01,291.994384765625,3402416
2016-11-02,288.83056640625,6474432
2016-11-03,290.87017822265625,6315812
2016-11-04,288.2627258300781,5734920
2016-11-07,289.59539794921875,5671392
2016-11-08,290.7195739746094,5348164
2016-11-09,290.0126037597656,13645468
2016-11-10,296.3402404785156,10700736
2016-11-11,295.7027893066406,7139320
2016-11-15,290.8238525390625,12512524
2016-11-16,288.413330078125,8647744
2016-11-17,285.1336975097656,4815624
2016-11-18,280.7762756347656,6879900
2016-11-21,277.8326416015625,5552520
2016-11-22,277.68206787109375,10017784
2016-11-23,274.5993347167969,3532692
2016-11-24,270.1376037597656,15285996
2016-11-25,275.6539611816406,5969960
2016-11-28,274.52978515625,4130180
2016-11-29,273.208740234375,3932644
2016-11-30,278.0412902832031,6442840
2016-12-01,277.4965515136719,4476984
2016-12-02,275.60760498046875,4062672
2016-12-05,277.28802490234375,4551936
2016-12-06,276.8476257324219,2702964
2016-12-07,273.8692626953125,5628192
2016-12-08,278.01806640625,4309696
2016-12-09,277.7399597167969,4387952
2016-12-12,274.52978515625,3425272
2016-12-13,274.9469909667969,2526868
2016-12-14,272.50177001953125,4314144
2016-12-15,272.71038818359375,4941488
2016-12-16,274.0315246582031,3255828
2016-12-19,272.74517822265625,3160436
2016-12-20,273.9388122558594,4189992
2016-12-21,273.4984130859375,2658876
2016-12-22,271.8991394042969,2805716
2016-12-23,274.9469909667969,4752516
2016-12-26,272.33953857421875,4183864
2016-12-27,274.70367431640625,4899296
2016-12-28,275.06292724609375,6507840
2016-12-29,279.3392639160156,8100816
2016-12-30,279.5710754394531,4066540
2017-01-02,277.4617919921875,3708656
2017-01-03,275.79296875,3847500
2017-01-04,274.7732238769531,6967120
2017-01-05,274.9354553222656,6776384
2017-01-06,276.66217041015625,5525260
2017-01-09,277.02142333984375,4573796
2017-01-10,281.4599914550781,5546116
2017-01-11,286.0144348144531,9343404
2017-01-12,286.2462158203125,2916316
2017-01-13,285.6667785644531,3850412
2017-01-16,289.1782531738281,3765864
2017-01-17,287.0574645996094,3559612
2017-01-18,288.0077209472656,4612888
2017-01-19,286.5475158691406,3512412
2017-01-20,286.5591735839844,13942068
2017-01-23,288.4829406738281,4793848
2017-01-24,293.7906494140625,10261864
2017-01-25,299.1331481933594,15636984
2017-01-27,299.4344177246094,6852236
2017-01-30,297.8235778808594,5319628
2017-01-31,298.21759033203125,6101040
2017-02-01,302.6329650878906,10910664
2017-02-02,301.0104675292969,5971636
2017-02-03,303.8730163574219,8005104
2017-02-06,304.57989501953125,4310220
2017-02-07,302.96905517578125,3411920
2017-02-08,302.6213684082031,4940960
2017-02-09,300.76715087890625,4465376
2017-02-10,302.14617919921875,3296736
2017-02-13,303.6759338378906,2795792
2017-02-14,303.884521484375,2446060
2017-02-15,306.457275390625,6126940
2017-02-16,307.7784423828125,5043700
2017-02-17,319.1703186035156,402259960
2017-02-20,326.598876953125,10566716
2017-02-21,328.09381103515625,6260028
2017-02-22,324.29266357421875,5296776
2017-02-23,323.16851806640625,34494980
2017-02-27,323.00628662109375,4681376
2017-02-28,322.195068359375,2928008
2017-03-01,322.5543212890625,3481736
2017-03-02,319.87725830078125,4601988
2017-03-03,319.15875244140625,2492824
2017-03-06,320.0279235839844,3679124
2017-03-07,321.2911071777344,3112876
2017-03-08,322.6817626953125,3782144
2017-03-09,323.14532470703125,3509316
2017-03-10,324.5128173828125,5860704
2017-03-14,326.9696960449219,7155020
2017-03-15,328.337158203125,4271860
2017-03-16,328.510986328125,4980108
2017-03-17,330.48114013671875,3390464
2017-03-20,332.8568115234375,8142344
2017-03-21,333.9809875488281,5557280
2017-03-22,331.651611328125,5636544
2017-03-23,331.651611328125,4922472
2017-03-24,330.1334228515625,3810364
2017-03-27,326.7726745605469,5864084
2017-03-28,329.17156982421875,8061400
2017-03-29,331.1184997558594,8575772
2017-03-30,339.83331298828125,34321092
2017-03-31,334.3518371582031,9651392
2017-04-03,332.1846923828125,4149052
2017-04-05,331.9876403808594,5744080
2017-04-06,333.4131164550781,6124416
2017-04-07,333.4942321777344,4648360
2017-04-10,332.4048767089844,3393876
2017-04-11,333.6448974609375,4356260
2017-04-12,334.61834716796875,3565092
2017-04-13,333.830322265625,4804236
2017-04-17,333.01910400390625,7137056
2017-04-18,335.45281982421875,3638860
2017-04-19,335.8467712402344,4338144
2017-04-20,338.8946838378906,5781372
2017-04-21,346.8794250488281,17258032
2017-04-24,355.32781982421875,20206952
2017-04-25,356.2548828125,9057780
2017-04-26,359.406982421875,7795852
2017-04-27,363.5674743652344,16180420
2017-04-28,358.4451904296875,5437728
2017-05-02,357.07763671875,4007040
2017-05-03,357.93524169921875,2507964
2017-05-04,355.73333740234375,5131028
2017-05-05,355.1307373046875,2757896
2017-05-08,355.73333740234375,3747252
2017-05-09,355.95355224609375,3345836
2017-05-10,359.67364501953125,2342244
2017-05-11,358.4220275878906,3875744
2017-05-12,359.6387939453125,6147604
2017-05-15,360.0444641113281,2804780
2017-05-16,361.4930725097656,3590376
2017-05-17,360.9136047363281,3472472
2017-05-18,360.90203857421875,3107280
2017-05-19,361.8638916015625,2854136
2017-05-22,365.2826232910156,2860052
2017-05-23,363.683349609375,3080172
2017-05-24,363.13873291015625,3467388
2017-05-25,374.8203125,20090804
2017-05-26,376.87158203125,5443156
2017-05-29,378.23907470703125,5916340
2017-05-30,377.5784912109375,4434184
2017-05-31,379.2356872558594,5318912
2017-06-01,377.47418212890625,3359540
2017-06-02,378.78375244140625,3213544
2017-06-05,379.0850830078125,2899900
2017-06-06,379.873046875,5002632
2017-06-07,380.3018798828125,2554276
2017-06-08,381.2173767089844,4248768
2017-06-09,386.3281555175781,5305272
2017-06-12,386.7800598144531,3971412
2017-06-13,388.6227111816406,5051620
2017-06-14,387.3479309082031,3858360
2017-06-15,385.76025390625,3526692
2017-06-16,386.8959655761719,3755104
2017-06-19,392.3775329589844,3825532
2017-06-20,390.90570068359375,3660264
2017-06-21,393.7218017578125,3410932
2017-06-22,393.5596008300781,6675460
2017-06-23,389.0746765136719,5217468
2017-06-27,386.525146484375,6000432
2017-06-28,386.2469787597656,4449036
2017-06-29,388.02020263671875,9187708
2017-06-30,385.4537048339844,4330432
2017-07-03,386.98193359375,3504332
2017-07-04,385.75701904296875,3766080
2017-07-05,384.68377685546875,4014200
2017-07-06,386.8769226074219,4571676
2017-07-07,388.9884338378906,5517396
2017-07-10,391.12335205078125,1309252
2017-07-11,392.06829833984375,4410280
2017-07-12,392.2665710449219,5738892
2017-07-13,392.8032531738281,4481004
2017-07-14,391.9632873535156,2443252
2017-07-17,392.5233154296875,2399340
2017-07-18,392.8032531738281,2322188
2017-07-19,394.84478759765625,3987244
2017-07-20,399.18450927734375,3698476
2017-07-21,397.3529968261719,3873508
2017-07-24,404.8308410644531,19678176
2017-07-25,405.8924255371094,11160468
2017-07-26,407.7356262207031,3895344
2017-07-27,417.558349609375,17961712
2017-07-28,414.956787109375,9255396
2017-07-31,416.3334045410156,7369140
2017-08-01,419.31988525390625,8516860
2017-08-02,418.0249938964844,7397916
2017-08-03,415.2950744628906,4256784
2017-08-04,417.69830322265625,3545068
2017-08-07,417.30169677734375,1918660
2017-08-08,414.8168640136719,4035372
2017-08-09,411.67864990234375,3270056
2017-08-10,410.74542236328125,7788444
2017-08-11,408.0856018066406,6359836
2017-08-14,409.98712158203125,3577084
2017-08-16,415.5984191894531,4426832
2017-08-17,411.900390625,5454868
2017-08-18,408.8089294433594,3707464
2017-08-21,406.72064208984375,4009724
2017-08-22,407.6072692871094,6609556
2017-08-23,413.54522705078125,3360524
2017-08-24,411.22369384765625,7878276
2017-08-28,411.1653747558594,1507784
2017-08-29,407.408935546875,4918596
2017-08-30,412.6352844238281,2694320
2017-08-31,414.4784851074219,7303436
2017-09-01,412.4136657714844,2295172
2017-09-04,408.5171813964844,3642524
2017-09-05,409.55548095703125,3682436
2017-09-06,410.61712646484375,5751632
2017-09-07,412.1686706542969,6946420
2017-09-08,417.0917053222656,8311664
2017-09-11,425.4211120605469,11477676
2017-09-12,428.18597412109375,6687680
2017-09-13,429.737548828125,4995376
2017-09-14,429.1659240722656,8154016
2017-09-15,431.3941345214844,3767332
2017-09-18,434.0772399902344,4084928
2017-09-19,431.56903076171875,4241468
2017-09-20,431.3707580566406,3446128
2017-09-21,429.09588623046875,7712496
2017-09-22,425.5961608886719,8243524
2017-09-25,419.9148254394531,10149228
2017-09-26,418.1766662597656,11438732
2017-09-27,414.4902038574219,7337220
2017-09-28,418.8766174316406,27646464
2017-09-29,421.3030700683594,6213632
2017-10-03,422.0380859375,4394424
2017-10-04,419.273193359375,6625104
2017-10-05,419.6465148925781,3336196
2017-10-06,419.99652099609375,3030660
2017-10-09,418.9232482910156,3062492
2017-10-10,420.6031799316406,3798180
2017-10-11,417.6749572753906,5267440
2017-10-12,424.35955810546875,5381560
2017-10-13,431.82574462890625,6433464
2017-10-16,433.30731201171875,3274544
2017-10-17,431.93072509765625,2613288
2017-10-18,435.95550537109375,3926720
2017-10-19,431.2658386230469,570008
2017-10-23,434.7422180175781,4162892
2017-10-24,435.62884521484375,11328872
2017-10-25,418.82989501953125,21367208
2017-10-26,418.8882751464844,28571464
2017-10-27,417.88494873046875,7472088
2017-10-30,423.4729309082031,5422352
2017-10-31,421.95635986328125,4682460
2017-11-01,424.9195251464844,4190612
2017-11-02,425.1295166015625,4737944
2017-11-03,427.1360168457031,3810488
2017-11-06,426.64605712890625,6148244
2017-11-07,425.5028381347656,7446376
2017-11-08,426.02777099609375,3283144
2017-11-09,426.47113037109375,3113308
2017-11-10,425.106201171875,7744360
2017-11-13,423.1346130371094,3335872
2017-11-14,420.5213928222656,4712468
2017-11-15,420.031494140625,6148368
2017-11-16,421.7696838378906,4012972
2017-11-17,425.9344177246094,6358772
2017-11-20,428.8742980957031,2392424
2017-11-21,430.76409912109375,2275532
2017-11-22,432.864013671875,5660796
2017-11-23,429.97088623046875,3232580
2017-11-24,431.9656677246094,5203684
2017-11-27,433.400634765625,3870472
2017-11-28,435.2205505371094,5090540
2017-11-29,437.07537841796875,3274584
2017-11-30,432.50238037109375,5796312
2017-12-01,431.2191162109375,3858148
2017-12-04,427.9293518066406,3641932
2017-12-05,424.7444763183594,3893360
2017-12-06,420.7431335449219,6395120
2017-12-07,422.22467041015625,4231304
2017-12-08,429.3992004394531,8956400
2017-12-11,430.7991638183594,3198232
2017-12-12,424.6162109375,2410588
2017-12-13,424.9545593261719,2907460
2017-12-14,428.8509216308594,3683092
2017-12-15,437.11041259765625,12450124
2017-12-18,438.39361572265625,12297988
2017-12-19,439.6885681152344,4952112
2017-12-20,435.8738098144531,9343504
2017-12-21,435.9088134765625,6854544
2017-12-22,437.8570556640625,4470904
2017-12-26,435.9205017089844,6785696
2017-12-27,433.2139892578125,3489384
2017-12-28,438.1836853027344,8700520
2017-12-29,436.8654479980469,6345872
2018-01-01,432.6889953613281,6580516
2018-01-02,436.8537902832031,4776316
2018-01-03,432.2574157714844,4531288
2018-01-04,433.948974609375,2373776
2018-01-05,434.8121643066406,2870868
2018-01-08,434.11224365234375,4570308
2018-01-09,434.83551025390625,5305528
2018-01-10,434.95220947265625,4615888
2018-01-11,436.9004821777344,4059096
2018-01-12,435.2088317871094,4336708
2018-01-15,442.780029296875,12576444
2018-01-16,443.34002685546875,6445384
2018-01-17,441.0885314941406,2905496
2018-01-18,451.307861328125,16649540
2018-01-19,455.4842224121094,11455988
2018-01-22,458.0857238769531,8849768
2018-01-23,455.2742614746094,5047796
2018-01-24,456.7558288574219,4790568
2018-01-25,460.7922058105469,8723668
2018-01-29,466.55517578125,8235892
2018-01-30,465.5869140625,6397560
2018-01-31,467.96673583984375,6943348
2018-02-01,464.5719909667969,6521420
2018-02-02,454.5042724609375,7346124
2018-02-05,446.53643798828125,7926784
2018-02-06,442.5583801269531,10749804
2018-02-07,436.958740234375,8364972
2018-02-08,438.8602600097656,5171444
2018-02-09,431.52239990234375,6408952
2018-02-12,437.8570556640625,4381108
2018-02-14,439.3736267089844,3577188
2018-02-15,439.0820007324219,4915224
2018-02-16,438.31201171875,3583520
2018-02-19,438.21868896484375,3654552
2018-02-20,434.7188415527344,4084068
2018-02-21,433.3656921386719,2753072
2018-02-22,432.3856506347656,13253596
2018-02-23,438.76690673828125,4076748
2018-02-26,445.9998779296875,4788884
2018-02-27,443.8999938964844,4787328
2018-02-28,439.6185607910156,4066364
2018-03-01,437.3204040527344,3909840
2018-03-05,436.29376220703125,3781464
2018-03-06,430.76409912109375,4576828
2018-03-07,427.579345703125,5628164
2018-03-08,432.3040771484375,5518724
2018-03-09,431.8841247558594,4108108
2018-03-12,435.663818359375,6557116
2018-03-13,434.0306091308594,5124200
2018-03-14,435.0221862792969,3680392
2018-03-15,438.8253173828125,5870924
2018-03-16,432.3390197753906,7896336
2018-03-19,430.9974365234375,7838740
2018-03-20,429.18927001953125,3657372
2018-03-21,433.71563720703125,5921140
2018-03-22,435.78045654296875,6673224
2018-03-23,429.66754150390625,7190152
2018-03-26,441.7767639160156,10501768
2018-03-27,441.5784912109375,6136836
2018-03-28,440.0618591308594,8837508
2018-04-02,450.5845031738281,4596368
2018-04-03,447.0148010253906,4079884
2018-04-04,439.3969421386719,3714108
2018-04-05,445.38153076171875,4858892
2018-04-06,448.76470947265625,3720008
2018-04-09,452.4161071777344,4003536
2018-04-10,448.1697082519531,6067236
2018-04-11,447.7030334472656,2870812
2018-04-12,450.02459716796875,4712516
2018-04-13,449.13800048828125,3297172
2018-04-16,453.12774658203125,2847744
2018-04-17,454.6209716796875,2667832
2018-04-18,450.9111633300781,2712720
2018-04-19,452.4044189453125,3169032
2018-04-20,456.3475341796875,9361380
2018-04-23,451.6461181640625,15304620
2018-04-24,451.47119140625,5037416
2018-04-25,448.1463928222656,4020592
2018-04-26,450.3629150390625,7847480
2018-04-27,448.76470947265625,5777008
2018-04-30,453.6410217285156,4609552
2018-05-02,459.5206298828125,7100048
2018-05-03,459.1473388671875,4152772
2018-05-04,463.95367431640625,6881436
2018-05-07,461.3638916015625,5264128
2018-05-08,458.9490051269531,7100564
2018-05-09,461.59716796875,4327332
2018-05-10,464.9336853027344,7171672
2018-05-11,469.3783264160156,6057068
2018-05-14,471.71148681640625,4742916
2018-05-15,475.4563293457031,9826684
2018-05-16,472.0848388671875,6841604
2018-05-17,473.1114196777344,6615476
2018-05-18,469.4716491699219,5217460
2018-05-21,465.0153503417969,4848108
2018-05-22,464.28033447265625,3960372
2018-05-23,459.053955078125,5726292
2018-05-24,463.3703918457031,4520744
2018-05-25,468.6667175292969,4759588
2018-05-28,476.4828796386719,5103940
2018-05-29,474.2430419921875,3351244
2018-05-30,477.9178466796875,4866996
2018-05-31,502.3614196777344,39639192
2018-06-01,495.5871887207031,21151356
2018-06-04,480.4654846191406,88796324
2018-06-05,484.55120849609375,17105460
2018-06-06,483.0836181640625,9782000
2018-06-07,484.2223815917969,10563896
2018-06-08,481.2051696777344,6180888
2018-06-11,479.5497131347656,7091188
2018-06-12,479.9136657714844,5234256
2018-06-13,477.00201416015625,7897960
2018-06-14,478.399169921875,16927576
2018-06-15,476.567626953125,10880816
2018-06-18,474.1139221191406,7487404
2018-06-19,475.13531494140625,10981152
2018-06-20,482.8018493652344,9051712
2018-06-21,483.142333984375,13510704
2018-06-22,489.18865966796875,7848980
2018-06-25,491.9123840332031,6992336
2018-06-26,491.61883544921875,9161932
2018-06-27,496.0568542480469,19126804
2018-06-28,500.342041015625,37533540
2018-06-29,495.0823059082031,19458120
2018-07-02,486.81707763671875,9864876
2018-07-03,486.10089111328125,6863100
2018-07-04,493.9317321777344,6097992
2018-07-05,498.6748962402344,9735968
2018-07-06,496.65557861328125,8121344
2018-07-09,499.1210632324219,6182296
2018-07-10,503.9932861328125,10950736
2018-07-11,504.42767333984375,5857920
2018-07-12,508.583740234375,8020668
2018-07-13,512.09423828125,7161188
2018-07-16,509.2647705078125,9017336
2018-07-17,511.1197814941406,6361924
2018-07-18,510.9906005859375,17460272
2018-07-19,513.3152465820312,5304776
2018-07-20,514.0079345703125,10006964
2018-07-23,506.3531188964844,16880132
2018-07-24,507.1280212402344,5208792
2018-07-25,509.6170654296875,7038616
2018-07-26,514.8413696289062,21281092
2018-07-27,517.0838012695312,10554596
2018-07-30,509.51129150390625,7169120
2018-07-31,511.7654724121094,8860944
2018-08-01,506.8814697265625,6071560
2018-08-02,500.1894226074219,8905704
2018-08-03,498.18182373046875,13604008
2018-08-06,496.45599365234375,5744632
2018-08-07,500.35369873046875,7428456
2018-08-08,501.6334533691406,9945380
2018-08-09,497.4421081542969,8944408
2018-08-10,496.4911804199219,5442940
2018-08-13,491.13751220703125,10054252
2018-08-14,490.5387878417969,4935964
2018-08-16,487.3923645019531,10625160
2018-08-17,487.77978515625,6065328
2018-08-20,492.2059020996094,7811136
2018-08-21,492.170654296875,7776320
2018-08-23,488.3785095214844,12574552
2018-08-24,486.01873779296875,9714628
2018-08-27,488.5076599121094,12574788
2018-08-28,491.8889465332031,9973532
2018-08-29,488.0498352050781,9873692
2018-08-30,485.13824462890625,21827460
2018-08-31,483.98760986328125,15771500
2018-09-03,487.23974609375,7661608
2018-09-04,481.7804260253906,7130536
2018-09-05,480.3833312988281,5641508
2018-09-06,481.874267578125,10402412
2018-09-07,482.9896240234375,5919300
2018-09-10,479.27972412109375,8598592
2018-09-11,469.7112731933594,18186536
2018-09-12,472.3998107910156,12246008
2018-09-14,476.567626953125,10334672
2018-09-17,467.7857971191406,9338220
2018-09-18,467.0813903808594,9325736
2018-09-19,460.5419616699219,16712264
2018-09-21,462.6317443847656,22610148
2018-09-24,452.1710510253906,13390792
2018-09-25,458.4404296875,16682552
2018-09-26,462.150390625,14726724
2018-09-27,464.0171813964844,18352208
2018-09-28,471.0379333496094,14460716
2018-10-01,477.9412536621094,12449588
2018-10-03,476.9316711425781,15332148
2018-10-04,459.6966552734375,17970584
2018-10-05,461.4695129394531,15729180
2018-10-08,456.7027893066406,20128020
2018-10-09,455.6697082519531,12459364
2018-10-10,461.9039001464844,15939932
2018-10-11,454.95355224609375,14359904
2018-10-12,465.3555603027344,9600320
2018-10-15,471.5075378417969,12585968
2018-10-16,467.91497802734375,9406004
2018-10-17,463.6531677246094,7940796
2018-10-19,462.0447692871094,9867348
2018-10-22,469.3590393066406,20331160
2018-10-23,466.0600280761719,19428564
2018-10-24,467.7975769042969,18072336
2018-10-25,462.29132080078125,29847056
2018-10-26,460.5067443847656,15155712
2018-10-29,452.31195068359375,17044280
2018-10-30,449.1302795410156,13828704
2018-10-31,448.8954772949219,23449404
2018-11-01,449.0010681152344,19629052
2018-11-02,457.7477722167969,30092868
2018-11-05,459.2857360839844,5705296
2018-11-06,457.0668029785156,8485588
2018-11-07,459.7436218261719,958760
2018-11-09,456.7967834472656,10101620
2018-11-12,451.0791931152344,7907764
2018-11-13,452.65234375,13350420
2018-11-14,459.6966552734375,26110636
2018-11-15,463.7823181152344,10392524
2018-11-16,470.62701416015625,15813216
2018-11-19,472.8812255859375,12286428
2018-11-20,472.5406799316406,5705168
2018-11-21,474.02001953125,6545604
2018-11-22,470.90875244140625,12974552
2018-11-26,481.310791015625,18184436
2018-11-27,484.6451110839844,12895440
2018-11-28,490.57403564453125,13021108
2018-11-29,500.38897705078125,31908636
2018-11-30,499.77838134765625,13040924
2018-12-03,496.2210998535156,10799856
2018-12-04,489.7052307128906,8157420
2018-12-05,492.91033935546875,11798844
2018-12-06,492.4054870605469,11730252
2018-12-07,494.8827819824219,9903920
2018-12-10,490.45654296875,10915056
2018-12-11,483.6001892089844,18905780
2018-12-12,489.6465148925781,11370488
2018-12-13,493.4034423828125,7064236
2018-12-14,492.0884704589844,6158284
2018-12-17,500.1894226074219,8437324
2018-12-18,501.422119140625,7413968
2018-12-19,498.60443115234375,9009896
2018-12-20,501.8917236328125,7980476
2018-12-21,495.7162780761719,10220308
2018-12-24,488.5545654296875,5601488
2018-12-26,498.3460998535156,7601916
2018-12-27,494.28399658203125,11639868
2018-12-28,498.4752502441406,9415612
2018-12-31,498.19354248046875,5866528
2019-01-01,504.3925476074219,6373440
2019-01-02,499.79022216796875,8134232
2019-01-03,495.86895751953125,12771664
2019-01-04,497.195556640625,7287120
2019-01-07,497.9469299316406,5387012
2019-01-08,493.8026123046875,8343460
2019-01-09,497.0429992675781,8568628
2019-01-10,495.0940856933594,7691540
2019-01-11,495.8924255371094,6408040
2019-01-14,493.4856262207031,4855160
2019-01-15,498.2405090332031,5087556
2019-01-16,497.84130859375,5252452
2019-01-17,500.68255615234375,8240228
2019-01-18,500.2010803222656,5207976
2019-01-21,504.40423583984375,17561512
2019-01-22,501.51611328125,8796976
2019-01-23,494.36614990234375,7624288
2019-01-24,493.6264953613281,10111572
2019-01-25,492.1589660644531,11262236
2019-01-28,489.37646484375,15360436
2019-01-29,483.142333984375,14762788
2019-01-30,477.7651672363281,18514160
2019-01-31,488.3902587890625,16579404
2019-02-01,490.8557434082031,15654188
2019-02-04,494.24871826171875,7938288
2019-02-05,496.3972473144531,8690288
2019-02-06,498.4166259765625,10875684
2019-02-07,497.14862060546875,7217308
2019-02-08,498.4166259765625,12235644
2019-02-11,502.4083557128906,7036364
2019-02-12,500.0719909667969,9772388
2019-02-14,495.49322509765625,7441388
2019-02-15,493.25079345703125,8416524
2019-02-18,490.72662353515625,7138744
2019-02-19,489.3529968261719,5268636
2019-02-20,495.0588684082031,4892500
2019-02-21,496.8316345214844,5261544
2019-02-22,491.0905456542969,8890708
2019-02-25,499.062255859375,8140596
2019-02-26,495.59881591796875,9607428
2019-02-27,491.2784423828125,7030092
2019-02-28,487.8266906738281,11645376
2019-03-01,489.18865966796875,9352928
2019-03-05,494.765380859375,11837276
2019-03-06,494.0960998535156,8458044
2019-03-07,499.3205871582031,10204852
2019-03-08,499.7197570800781,7053460
2019-03-11,499.77838134765625,9224108
2019-03-12,509.7696228027344,15097292
2019-03-13,522.8132934570312,57166348
2019-03-14,522.3905639648438,15379864
2019-03-15,529.0240478515625,12763088
2019-03-18,531.008056640625,14358720
2019-03-19,532.4873046875,11957992
2019-03-20,539.8251342773438,11711992
2019-03-22,534.459716796875,30403880
2019-03-25,535.6690063476562,9199260
2019-03-26,542.7249755859375,11786848
2019-03-27,539.9308471679688,13885300
2019-03-28,540.7174682617188,19554328
2019-04-01,542.8306884765625,9647076
2019-04-02,538.8506469726562,10910496
2019-04-03,538.3575439453125,7659452
2019-04-04,536.2911987304688,9211552
2019-04-05,541.3748779296875,8351180
2019-04-08,537.5709228515625,6398132
2019-04-09,537.0661010742188,10777600
2019-04-10,525.3491821289062,108128700
2019-04-11,530.0805053710938,8793300
2019-04-12,531.900390625,9170444
2019-04-15,537.4301147460938,10219780
2019-04-16,541.2457275390625,8273776
2019-04-18,538.56884765625,10614856
2019-04-22,532.7103881835938,20980420
2019-04-23,527.2159423828125,15282400
2019-04-24,535.3051147460938,12354128
2019-04-25,531.4776611328125,18086636
2019-04-26,535.5868530273438,11707568
2019-04-30,544.1572875976562,12536836
2019-05-02,553.1622924804688,17169300
2019-05-03,556.01513671875,12351520
2019-05-06,546.7401123046875,13748092
2019-05-07,545.3079223632812,9924204
2019-05-08,541.76220703125,12064208
2019-05-09,537.9231567382812,9027724
2019-05-10,539.238037109375,10594200
2019-05-13,537.0543212890625,11071632
2019-05-14,537.21875,10494744
2019-05-15,536.9369506835938,8956348
2019-05-16,542.560546875,8050136
2019-05-17,554.6415405273438,14758780
2019-05-20,571.1368408203125,17699632
2019-05-21,564.4095458984375,10325176
2019-05-22,564.8909912109375,11386660
2019-05-23,547.5972900390625,33081996
2019-05-24,557.283203125,13692800
2019-05-27,565.50146484375,12049024
2019-05-28,567.3447265625,7364840
2019-05-29,567.509033203125,7475216
2019-05-30,572.8274536132812,9359200
2019-05-31,569.4931640625,19785080
2019-06-03,576.9484252929688,8480860
2019-06-04,575.8212890625,6442988
2019-06-06,569.023681640625,15634924
2019-06-07,574.7293701171875,7970932
2019-06-10,572.9801025390625,7077140
2019-06-11,574.9054565429688,7103292
2019-06-12,569.892333984375,7308620
2019-06-13,574.0368041992188,11107948
2019-06-14,571.7825927734375,11956920
2019-06-17,568.7066040039062,12810020
2019-06-18,567.5912475585938,12419652
2019-06-19,570.1975708007812,10744276
2019-06-20,573.2691040039062,11171492
2019-06-21,570.3984375,13250260
2019-06-24,571.284423828125,6915000
2019-06-25,573.8243408203125,8899800
2019-06-26,583.0859985351562,10533636
2019-06-27,581.762939453125,19879236
2019-06-28,577.380126953125,12756844
2019-07-01,587.256103515625,8524160
2019-07-02,589.4888916015625,7246828
2019-07-03,588.2247924804688,7463256
2019-07-04,586.8426513671875,7993964
2019-07-05,584.149169921875,7583060
2019-07-08,569.3116455078125,14607140
2019-07-09,562.1172485351562,16482688
2019-07-10,564.3853759765625,11569148
2019-07-11,568.7327880859375,9097596
2019-07-12,565.6021728515625,8976272
2019-07-15,565.8030395507812,8233184
2019-07-16,564.9642333984375,12770568
2019-07-17,566.4408569335938,7759736
2019-07-18,569.85498046875,10802584
2019-07-19,561.2902221679688,8939228
2019-07-22,542.766845703125,22171296
2019-07-23,534.7927856445312,27802864
2019-07-24,538.9037475585938,17363740
2019-07-25,540.1207275390625,19462008
2019-07-26,538.0532836914062,12829828
2019-07-29,530.2564086914062,9976492
2019-07-30,532.1348266601562,10394136
2019-07-31,531.9931030273438,13891840
2019-08-01,526.108642578125,18241676
2019-08-02,524.3446044921875,27825536
2019-08-05,516.033203125,19822440
2019-08-06,518.365478515625,24890940
2019-08-07,517.1578979492188,18750136
2019-08-08,528.7963256835938,19711600
2019-08-09,540.3636474609375,30436112
2019-08-13,525.7654418945312,15440068
2019-08-14,527.920166015625,14254052
2019-08-16,527.5057373046875,15247560
2019-08-19,522.5687866210938,8498200
2019-08-20,525.8245849609375,10270592
2019-08-21,527.0676879882812,10472712
2019-08-22,514.813720703125,13992044
2019-08-23,512.1141967773438,20099616
2019-08-26,534.2424926757812,25280244
2019-08-27,535.1423950195312,20660832
2019-08-28,532.1942749023438,13662588
2019-08-29,527.3281860351562,14783716
2019-08-30,527.5650024414062,19233320
2019-09-03,523.5394897460938,11428676
2019-09-04,532.2535400390625,15060704
2019-09-05,529.269775390625,17296252
2019-09-06,531.8154296875,12870004
2019-09-09,532.691650390625,10643404
2019-09-11,533.0941772460938,15209116
2019-09-12,537.7235107421875,18132300
2019-09-13,534.5504150390625,15371340
2019-09-16,531.4010620117188,11030184
2019-09-17,523.6341552734375,10656556
2019-09-18,518.0458984375,12959884
2019-09-19,521.44384765625,10623310
2019-09-20,568.115966796875,46150034
2019-09-23,595.4183349609375,41920410
2019-09-24,593.7844848632812,23379048
2019-09-25,587.1067504882812,15608976
2019-09-26,588.432861328125,30671560
2019-09-27,589.2379150390625,14873170
2019-09-30,581.3053588867188,18218458
2019-10-01,591.41650390625,18768352
2019-10-03,579.4584350585938,16298876
2019-10-04,563.427490234375,18403632
2019-10-07,562.1014404296875,22513220
2019-10-09,581.6368408203125,17427270
2019-10-10,568.5658569335938,11556858
2019-10-11,567.7369995117188,17186318
2019-10-14,570.38916015625,12267802
2019-10-15,579.2216186523438,8400374
2019-10-16,578.298095703125,10586816
2019-10-17,577.7771606445312,12243614
2019-10-18,582.03955078125,11233806
2019-10-22,586.9174194335938,20006228
2019-10-23,588.0066528320312,10190214
2019-10-24,585.4019165039062,13107494
2019-10-25,582.03955078125,12993542
2019-10-27,586.1596069335938,1750082
2019-10-29,588.432861328125,14232568
2019-10-30,591.2033081054688,12011366
2019-10-31,582.6787109375,13217706
2019-11-01,587.2725219726562,11512260
2019-11-04,585.7570190429688,9935176
2019-11-05,587.0120849609375,12367810
2019-11-06,595.1340942382812,12130336
2019-11-07,598.4728393554688,16963034
2019-11-08,594.6367797851562,13251496
2019-11-11,598.9700927734375,14286610
2019-11-13,595.5603637695312,9293496
2019-11-14,603.303466796875,11055218
2019-11-15,605.1978149414062,9279012
2019-11-18,597.6915283203125,9130292
2019-11-19,602.3563232421875,10570578
2019-11-20,603.0430908203125,11054258
2019-11-21,607.7789306640625,12019526
2019-11-22,598.9700927734375,7688010
2019-11-25,601.9774169921875,7893556
2019-11-26,603.8482055664062,8716002
2019-11-27,605.4346923828125,9580666
2019-11-28,599.230712890625,12366040
2019-11-29,603.8008422851562,15567626
2019-12-02,599.4437866210938,8946204
2019-12-03,594.5421142578125,6991906
2019-12-04,592.7662353515625,11395614
2019-12-05,589.9010009765625,12772494
2019-12-06,590.1140747070312,13774650
2019-12-09,588.6459350585938,8265350
2019-12-10,591.7479858398438,9788900
2019-12-11,591.3927612304688,11054642
2019-12-12,598.425537109375,12913148
2019-12-13,598.5440063476562,11775186
2019-12-16,595.4656982421875,11327576
2019-12-17,601.9774169921875,12427354
2019-12-18,612.041259765625,17447172
2019-12-19,610.3599853515625,13018376
2019-12-20,614.1012573242188,15026044
2019-12-23,616.80078125,10195782
2019-12-24,610.5256958007812,7179208
2019-12-26,601.6696166992188,14949758
2019-12-27,603.8244018554688,7092992
2019-12-30,607.210693359375,9334190
2019-12-31,602.4509887695312,8357056
2020-01-01,605.5294189453125,3673698
2020-01-02,609.3890991210938,6137166
2020-01-03,600.6987915039062,10855550
2020-01-06,587.6987915039062,10890186
2020-01-07,597.0047607421875,14724494
2020-01-08,595.4419555664062,11332110
2020-01-09,602.1195678710938,9546316
2020-01-10,607.4710083007812,9214580
2020-01-13,609.033935546875,7451568
2020-01-14,610.6914672851562,7886290
2020-01-15,608.2051391601562,11787448
2020-01-16,609.8153686523438,7150400
2020-01-17,605.3162841796875,16918814
2020-01-20,594.3053588867188,22178450
2020-01-21,589.30908203125,14984804
2020-01-22,587.6514892578125,18368310
2020-01-23,589.5457763671875,11508920
2020-01-24,589.4037475585938,11831756
2020-01-27,574.5567016601562,18888552
2020-01-28,579.2926635742188,13412158
2020-01-29,585.2835083007812,13788350
2020-01-30,580.642333984375,12111984
2020-01-31,580.7607421875,11178268
2020-02-03,564.8955688476562,13077010
2020-02-04,582.4182739257812,20897704
2020-02-05,589.4511108398438,18020682
2020-02-06,587.1542358398438,11827550
2020-02-07,588.290771484375,6815448
2020-02-10,587.3910522460938,9219834
2020-02-11,587.5330200195312,11613520
2020-02-12,591.51123046875,6297930
2020-02-13,587.9119262695312,9112140
2020-02-14,577.4691772460938,14688858
2020-02-17,576.4274291992188,10152690
2020-02-18,574.5804443359375,10529116
2020-02-19,581.1869506835938,10012268
2020-02-20,576.4037475585938,11123414
2020-02-24,573.017578125,16568084
2020-02-25,568.4474487304688,13886680
2020-02-26,567.9502563476562,13814786
2020-02-27,568.044921875,20655098
2020-02-28,557.7206420898438,24313056
2020-03-02,558.6441650390625,14664898
2020-03-03,559.6860961914062,22369550
2020-03-04,544.0813598632812,34288870
2020-03-05,545.2653198242188,19549708
2020-03-06,537.4747924804688,23053566
2020-03-09,524.40380859375,34420590
2020-03-11,527.4821166992188,35538240
2020-03-12,483.6752014160156,59000770
2020-03-13,506.6443176269531,66342364
2020-03-16,473.35101318359375,31986322
2020-03-17,461.79547119140625,42676838
2020-03-18,415.2891845703125,61181406
2020-03-19,424.12158203125,67220048
2020-03-20,418.1070251464844,88637464
2020-03-23,365.3966979980469,50276954
2020-03-24,363.5733642578125,61057272
2020-03-25,405.7463684082031,47228042
2020-03-26,426.7499694824219,57043156
2020-03-27,428.3365478515625,55235936
2020-03-30,393.8593444824219,39268444
2020-03-31,408.1853332519531,35211092
2020-04-01,392.912109375,29103504
2020-04-03,385.4294128417969,34996280
2020-04-07,424.3820495605469,60412638
2020-04-08,420.9722595214844,56219352
2020-04-09,438.0924072265625,44457146
2020-04-13,424.0268249511719,34158056
2020-04-15,408.8483581542969,57978752
2020-04-16,416.63885498046875,53854396
2020-04-17,431.10699462890625,55883462
2020-04-20,447.4694519042969,66232986
2020-04-21,436.4822692871094,33178006
2020-04-22,439.77362060546875,38289354
2020-04-23,452.2526550292969,40901222
2020-04-24,444.24908447265625,33284568
2020-04-27,440.2946472167969,27421072
2020-04-28,441.0997009277344,29441436
2020-04-29,462.74267578125,55877778
2020-04-30,474.4402770996094,43793134
2020-05-04,437.12152099609375,26722324
2020-05-05,431.651611328125,29672858
2020-05-06,448.20355224609375,33785846
2020-05-07,438.0687255859375,21831730
2020-05-08,439.98675537109375,20807484
2020-05-11,433.71173095703125,28550784
2020-05-12,426.9631042480469,49568418
2020-05-13,439.3237609863281,44346966
2020-05-14,423.24542236328125,39554890
2020-05-15,420.6170349121094,24349628
2020-05-18,396.2272644042969,46649964
2020-05-19,393.3857421875,47460692
2020-05-20,405.9120788574219,40014306
2020-05-21,407.0724182128906,48478908
2020-05-22,397.2691345214844,42047432
2020-05-26,403.686279296875,38005152
2020-05-27,427.9576416015625,56025754
2020-05-28,447.6589050292969,75488806
2020-05-29,450.68988037109375,53025166
2020-06-01,467.7390441894531,39190230
2020-06-02,474.0614013671875,41623594
2020-06-03,484.1251220703125,50546088
2020-06-04,474.39288330078125,54275882
2020-06-05,489.3819580078125,35195984
2020-06-08,481.11785888671875,49812664
2020-06-09,467.5732116699219,61844146
2020-06-10,469.72808837890625,36497730
2020-06-11,458.7171325683594,30897714
2020-06-12,465.4184265136719,42644876
2020-06-15,449.8373718261719,32009936
2020-06-16,469.0414123535156,45399970
2020-06-17,463.7608947753906,36957838
2020-06-18,483.0359191894531,40870126
2020-06-19,489.3819580078125,47877752
2020-06-22,487.2035217285156,29694474
2020-06-23,493.6205749511719,28830512
2020-06-24,488.9793701171875,39429246
2020-06-25,487.2035217285156,70646790
2020-06-26,500.3218688964844,39969138
2020-06-29,509.6042785644531,46005956
2020-06-30,504.7735900878906,35746130
2020-07-01,513.6533203125,34846718
2020-07-02,515.9266357421875,36954496
2020-07-03,508.6096496582031,27597254
2020-07-06,522.3673095703125,35558216
2020-07-07,523.3855590820312,24349850
2020-07-08,525.8482666015625,30056350
2020-07-09,532.7625732421875,20114484
2020-07-10,523.3619384765625,17562978
2020-07-13,511.5932312011719,29922114
2020-07-14,501.45843505859375,26612674
2020-07-15,498.759033203125,20974394
2020-07-16,503.21075439453125,23662456
2020-07-17,520.2125244140625,28405738
2020-07-20,536.5986328125,65124096
2020-07-21,539.2034301757812,47512422
2020-07-22,533.4257202148438,24718012
2020-07-23,535.3436279296875,20149122
2020-07-24,529.9921264648438,19598440
2020-07-27,511.2381286621094,37970094
2020-07-28,514.6241455078125,35596450
2020-07-29,504.18157958984375,33592086
2020-07-30,497.5750732421875,26956266
2020-07-31,489.1215515136719,37726696
2020-08-03,474.5350341796875,31783542
2020-08-04,493.312744140625,60306168
2020-08-05,486.63519287109375,33221360
2020-08-06,492.8628234863281,33646888
2020-08-07,494.3546142578125,24836784
2020-08-10,497.5750732421875,22172854
2020-08-11,505.1524353027344,20136148
2020-08-12,503.75537109375,20666432
2020-08-13,501.55322265625,19892740
2020-08-14,489.9028625488281,20924512
2020-08-17,489.0978088378906,19561012
2020-08-18,500.3454895019531,24040824
2020-08-19,505.1287536621094,17715624
2020-08-20,501.52947998046875,19216734
2020-08-21,514.150634765625,28924302
2020-08-24,529.021240234375,36779740
2020-08-25,530.2761840820312,27601738
2020-08-26,529.684326171875,25190062
2020-08-27,526.677001953125,20645996
2020-08-28,527.8136596679688,38696610
2020-08-31,528.4530029296875,38501166
2020-09-01,533.8755493164062,28877884
2020-09-02,537.1196899414062,19761682
2020-09-03,535.5804443359375,19833362
2020-09-04,530.0869140625,23661370
2020-09-07,525.9192504882812,17615466
2020-09-08,526.8427734375,14624918
2020-09-09,519.2891235351562,15728872
2020-09-10,516.47119140625,15188088
2020-09-11,510.83544921875,20794730
2020-09-14,501.0321960449219,21650590
2020-09-15,506.9757385253906,16505110
2020-09-16,517.9393310546875,18710112
2020-09-17,513.1798095703125,18318686
2020-09-18,500.7243957519531,23481778
2020-09-21,496.93572998046875,19842878
2020-09-22,490.35284423828125,18620678
2020-09-23,495.9648132324219,16079828
2020-09-24,487.9848937988281,19809510
2020-09-25,494.4256896972656,20321544
2020-09-28,499.2561950683594,16152422
2020-09-29,503.21075439453125,12644446
2020-09-30,510.8117980957031,18813842
2020-10-01,524.238037109375,21203080
2020-10-05,527.7425537109375,16940126
2020-10-06,541.831787109375,19371990
2020-10-07,550.427490234375,21248778
2020-10-08,564.4219970703125,35060674
2020-10-09,584.1942138671875,44972388
2020-10-12,574.7698364257812,19220546
2020-10-13,567.5712280273438,18353952
2020-10-14,573.7517700195312,22582918
2020-10-15,553.7424926757812,28246896
2020-10-16,567.99755859375,25822848
2020-10-19,569.9866333007812,42359556
2020-10-20,579.6478271484375,27411978
2020-10-21,590.4219360351562,35640752
2020-10-22,584.0758666992188,21913060
2020-10-23,585.2598876953125,15866230
2020-10-26,573.4674072265625,19571976
2020-10-27,583.981201171875,24317780
2020-10-28,572.851806640625,16571186
2020-10-29,562.2434692382812,23060024
2020-10-30,560.5148315429688,11522716
2020-11-02,575.5275268554688,21926080
2020-11-03,591.0137939453125,28164230
2020-11-04,595.4892578125,23404822
2020-11-05,601.07763671875,21433928
2020-11-06,619.287109375,35705724
2020-11-09,634.8682250976562,26288440
2020-11-10,660.0156860351562,41517356
2020-11-11,658.2633666992188,36116194
2020-11-12,649.620361328125,27053948
2020-11-13,643.5111083984375,22472480
2020-11-14,648.6732788085938,1835066
2020-11-17,667.0247802734375,31059900
2020-11-18,667.1431274414062,18862776
2020-11-19,650.8754272460938,20266882
2020-11-20,664.7515258789062,20405362
2020-11-23,660.4655151367188,25246636
2020-11-24,681.1139526367188,40154400
2020-11-25,664.3489990234375,24152602
2020-11-26,675.64404296875,27943126
2020-11-27,682.3690185546875,17994580
2020-12-01,678.7933959960938,17147574
2020-12-02,666.3143310546875,17892150
2020-12-03,652.22509765625,37933222
2020-12-04,656.2032470703125,26912322
2020-12-07,649.8809204101562,24316318
2020-12-08,651.7988891601562,19457896
2020-12-09,666.4328002929688,22069074
2020-12-10,656.3217163085938,19727966
2020-12-11,654.8772583007812,21356384
2020-12-14,649.8335571289062,17222050
2020-12-15,658.9027709960938,21561436
2020-12-16,668.0902709960938,16832092
2020-12-17,682.81884765625,21924478
2020-12-18,668.398193359375,22995918
2020-12-21,650.0703125,23761824
2020-12-22,650.283447265625,22851558
2020-12-23,651.4910278320312,15467394
2020-12-24,661.6495361328125,14952188
2020-12-28,669.1085205078125,11699194
2020-12-29,675.9044799804688,14495346
2020-12-30,678.4146118164062,16216726
2020-12-31,680.2142333984375,22145750
2021-01-01,674.8863525390625,8810938
2021-01-04,670.6004028320312,15740192
2021-01-05,675.667724609375,14386824
2021-01-06,672.755126953125,22134050
2021-01-07,670.71875,19894842
2021-01-08,678.0120239257812,13768764
2021-01-11,687.3890380859375,17331392
2021-01-12,701.383544921875,20388156
2021-01-13,696.4818725585938,16934650
2021-01-14,695.5820922851562,12297166
2021-01-15,694.5875854492188,14165236
2021-01-18,702.3780517578125,42825632
2021-01-19,712.205078125,17360254
2021-01-20,706.593017578125,13346052
2021-01-21,698.4473266601562,26333054
2021-01-22,683.647705078125,15392364
2021-01-25,692.787841796875,20344718
2021-01-27,667.5694580078125,23556276
2021-01-28,649.5020141601562,42704446
2021-01-29,658.5238647460938,28704502
2021-02-01,699.3707885742188,26370544
2021-02-02,739.0574340820312,42420206
2021-02-03,745.80615234375,20237254
2021-02-04,747.842529296875,24484684
2021-02-05,756.6038208007812,27054716
2021-02-08,760.226806640625,17447580
2021-02-09,763.3525390625,18421366
2021-02-10,749.0975341796875,19788006
2021-02-11,744.645751953125,13648618
2021-02-12,749.192138671875,9910106
2021-02-15,765.6021118164062,10355244
2021-02-16,770.3616943359375,13897358
2021-02-17,751.3469848632812,12794426
2021-02-18,736.0975952148438,14720560
2021-02-19,728.8990478515625,17139508
2021-02-22,733.1138916015625,29451838
2021-02-23,724.1868286132812,18239906
2021-02-24,760.7951049804688,14314332
2021-02-25,760.7714233398438,20109570
2021-02-26,726.673095703125,27912846
2021-03-01,738.2760009765625,13536018
2021-03-02,742.680419921875,16110038
2021-03-03,751.5128784179688,11222410
2021-03-04,735.031982421875,16291438
2021-03-05,724.5894165039062,17445822
2021-03-08,719.6166381835938,15117050
2021-03-09,739.98095703125,15066696
2021-03-10,736.7842407226562,11055016
2021-03-12,734.984619140625,15631204
2021-03-15,723.9500732421875,12230386
2021-03-16,716.1358642578125,13722366
2021-03-17,708.1795654296875,21064428
2021-03-18,706.1194458007812,18065540
2021-03-19,709.1978149414062,21235020
2021-03-22,695.7715454101562,14015632
2021-03-23,710.4527587890625,19761428
2021-03-24,700.3416748046875,16368900
2021-03-25,693.0247802734375,23964356
2021-03-26,706.261474609375,12021258
2021-03-30,735.8133544921875,25607644
2021-03-31,707.3743896484375,30774506
2021-04-01,704.106689453125,35763762
2021-04-05,686.5128784179688,16006586
2021-04-06,682.0848388671875,15075734
2021-04-07,685.3762817382812,25088180
2021-04-08,678.556640625,17613592
2021-04-09,673.323486328125,28157816
2021-04-12,647.4182739257812,22549128
2021-04-13,663.1886596679688,18600682
2021-04-15,677.2778930664062,34444984
2021-04-16,676.5911865234375,15606526
2021-04-19,668.8954467773438,24069242
2021-04-20,658.9500122070312,23186270
2021-04-22,673.6785888671875,38485312
2021-04-23,669.7242431640625,22713528
2021-04-26,665.2962036132812,30170952
2021-04-27,681.3507690429688,20592906
2021-04-28,699.39453125,24103940
2021-04-29,697.3580322265625,24078552
2021-04-30,668.8480224609375,35232902
2021-05-03,669.8662719726562,22473700
2021-05-04,657.505615234375,21486328
2021-05-05,664.2542114257812,14421612
2021-05-06,663.44921875,11477044
2021-05-07,670.0083618164062,12048334
2021-05-10,672.423583984375,11060050
2021-05-11,664.7042236328125,14519034
2021-05-12,662.7860717773438,13774926
2021-05-14,656.7952270507812,10604142
2021-05-17,682.0848388671875,15120692
2021-05-18,699.34716796875,22165280
2021-05-19,690.585693359375,10130916
2021-05-20,678.556640625,10684184
2021-05-21,709.1030883789062,19341646
2021-05-24,715.0939331054688,22146102
2021-05-25,700.41259765625,19236974
2021-05-26,699.5128784179688,12283990
2021-05-27,702.1649780273438,20439496
2021-05-28,712.015625,17750020
2021-05-31,717.8880004882812,15661054
2021-06-01,715.922607421875,11030162
2021-06-02,712.2760009765625,10624016
2021-06-03,720.114013671875,10287260
2021-06-04,710.8317260742188,9424476
2021-06-07,710.3106689453125,8091668
2021-06-08,702.3544311523438,9872540
2021-06-09,701.052001953125,10223442
2021-06-10,701.4073486328125,11483540
2021-06-11,703.917236328125,7205974
2021-06-14,700.6494140625,8881964
2021-06-15,705.76416015625,7569602
2021-06-16,703.0885009765625,7702098
2021-06-17,694.3270874023438,9283802
2021-06-18,700.8153076171875,11938060
2021-06-21,705.0302124023438,7260472
2021-06-22,702.7096557617188,14366824
2021-06-23,703.5147705078125,7844868
2021-06-24,713.3416137695312,14785024
2021-06-25,717.5328979492188,10383176
2021-06-28,714.336181640625,9356786
2021-06-29,714.4313354492188,10971692
2021-06-30,712.4574584960938,9679022
2021-07-01,707.154052734375,16911442
2021-07-02,704.1337280273438,14827036
2021-07-05,711.2920532226562,7373882
2021-07-06,729.9609375,17669032
2021-07-07,732.243896484375,9629190
2021-07-08,723.1830444335938,8420922
2021-07-09,714.4075927734375,10695842
2021-07-12,707.2728881835938,14458978
2021-07-13,714.3361206054688,18178142
2021-07-14,713.052001953125,9788494
2021-07-15,723.3019409179688,10438802
2021-07-16,724.0867919921875,5170628
2021-07-19,699.6627807617188,25111600
2021-07-20,686.4161987304688,24174250
2021-07-22,689.0560302734375,13207114
2021-07-23,686.2260131835938,13126684
2021-07-26,682.3258056640625,13167166
2021-07-27,684.799072265625,22401430
2021-07-28,674.1210327148438,20670342
2021-07-29,674.5728149414062,13702230
2021-07-30,678.47314453125,11655488
2021-08-02,676.6657104492188,13258786
2021-08-03,682.3971557617188,12033120
2021-08-04,696.9517211914062,22053948
2021-08-05,706.2503662109375,18822408
2021-08-06,709.9603881835938,13339270
2021-08-09,715.311279296875,10998048
2021-08-10,717.0948486328125,14838346
2021-08-11,711.0542602539062,12585786
2021-08-12,714.1221923828125,8597674
2021-08-13,725.9179077148438,16658428
2021-08-16,728.0107421875,6252778
2021-08-17,720.42431640625,8282666
2021-08-18,719.6395874023438,22985932
2021-08-20,720.471923828125,13150406
2021-08-23,725.156982421875,10843054
2021-08-24,741.447509765625,18381314
2021-08-25,740.7578735351562,7727974
2021-08-26,739.521240234375,11119002
2021-08-27,736.5009155273438,6382138
2021-08-30,745.91845703125,9049166
2021-08-31,752.1731567382812,12062576
2021-09-01,751.0792236328125,12422558
2021-09-02,755.7880249023438,9618524
2021-09-03,749.6284790039062,10735334
2021-09-06,744.70556640625,7876896
2021-09-07,746.3941650390625,7245496
2021-09-08,749.7949829101562,6724080
2021-09-09,746.0849609375,8250948
2021-09-13,739.8779296875,8959164
2021-09-14,736.5485229492188,9758506
2021-09-15,735.7161865234375,14822998
2021-09-16,741.970703125,10260550
2021-09-17,752.5298461914062,20498102
2021-09-20,741.9231567382812,8781610
2021-09-21,738.1655883789062,14774996
2021-09-22,729.4852294921875,10582202
2021-09-23,746.7508544921875,13664304
2021-09-24,761.7572631835938,20806702
2021-09-27,772.9585571289062,16415462
2021-09-28,768.1784057617188,12773790
2021-09-29,758.0948486328125,16263036
2021-09-30,758.6179809570312,15975348
2021-10-01,752.7914428710938,11128596
2021-10-04,754.2421264648438,7051028
2021-10-05,758.8558349609375,10257178
2021-10-06,768.1069946289062,18600830
2021-10-07,766.0142822265625,11265724
2021-10-08,762.2804565429688,7245562
2021-10-11,777.0965576171875,13080848
2021-10-12,775.0989379882812,8176946
2021-10-13,779.7601318359375,6225644
2021-10-14,802.5906982421875,14757288
2021-10-18,794.4573364257812,28856456
2021-10-19,803.2090454101562,8987540
2021-10-20,796.1458129882812,10908568
2021-10-21,797.3111572265625,9738190
2021-10-22,799.427734375,12175554
2021-10-25,788.1314086914062,16426766
2021-10-26,786.10986328125,12090656
2021-10-27,781.3773193359375,13249642
2021-10-28,757.9759521484375,17797750
2021-10-29,752.86279296875,12406874
2021-11-01,763.5409545898438,8122320
2021-11-02,764.2306518554688,13237722
2021-11-03,752.1968994140625,10207338
2021-11-04,758.1423950195312,1096808
2021-11-08,761.138916015625,18943580
2021-11-09,747.8211059570312,12695476
2021-11-10,739.7352294921875,13714126
2021-11-11,736.4296264648438,7999404
2021-11-12,738.6650390625,14914092
2021-11-15,740.6864624023438,9533594
2021-11-16,736.286865234375,8245406
2021-11-17,728.1058959960938,7598878
2021-11-18,732.1963500976562,9152874
2021-11-22,720.7572631835938,15261272
2021-11-23,720.8524780273438,11235214
2021-11-24,722.0415649414062,30802286
2021-11-25,725.799072265625,10251652
2021-11-26,708.65234375,18624936
2021-11-29,714.05078125,12990996
2021-11-30,710.3883666992188,25221542
2021-12-01,715.66796875,8677634
2021-12-02,725.7039184570312,11203110
2021-12-03,719.901123046875,8124694
2021-12-06,715.2637329101562,7029532
2021-12-07,725.6801147460938,12427534
2021-12-08,739.0455932617188,15295534
2021-12-09,726.22705078125,11747744
2021-12-10,724.181884765625,7779384
2021-12-13,718.7596435546875,10322142
2021-12-14,714.6216430664062,9191100
2021-12-15,713.4562377929688,10115148
2021-12-16,713.5037841796875,13210432
2021-12-17,700.6378784179688,14994768
2021-12-20,678.0926513671875,21156668
2021-12-21,685.774169921875,9118750
2021-12-22,687.3912963867188,8577484
2021-12-23,686.8680419921875,9779166
2021-12-24,684.3948364257812,5561024
2021-12-27,690.054931640625,4705098
2021-12-28,694.811279296875,5450678
2021-12-29,691.5055541992188,7668702
2021-12-30,695.1441650390625,7215918
2021-12-31,703.658203125,6325736
2022-01-03,722.8025512695312,9069184
2022-01-04,727.0357666015625,8857352
2022-01-05,744.3013305664062,14332638
2022-01-06,732.36279296875,9628930
2022-01-07,737.499755859375,11179384
2022-01-10,741.5902099609375,8856496
2022-01-11,744.8008422851562,8389198
2022-01-12,740.401123046875,21085530
2022-01-13,726.7741088867188,41963896
2022-01-14,734.9313354492188,11208968
2022-01-17,723.6824951171875,22989372
2022-01-18,727.36865234375,12341152
2022-01-19,722.2317504882812,14317626
2022-01-20,717.7369995117188,15197846
2022-01-21,723.7300415039062,11537694
2022-01-24,707.1065673828125,11868508
2022-01-25,707.7723999023438,13594248
2022-01-27,701.54150390625,28617838
2022-01-28,695.9765625,24925208
2022-01-31,706.6547241210938,12842546
2022-02-01,712.0293579101562,14739484
2022-02-02,728.2960815429688,13969290
2022-02-03,720.7572631835938,10564762
2022-02-04,724.8716430664062,11579958
2022-02-07,698.3071899414062,12268042
2022-02-08,695.3106689453125,13981130
2022-02-09,712.314697265625,11308342
2022-02-10,725.394775390625,14314530
2022-02-11,722.4219970703125,10711104
2022-02-14,700.9469604492188,14656620
2022-02-15,721.9226684570312,13135066
2022-02-16,720.9475708007812,10032264
2022-02-17,716.5478515625,7351208
2022-02-18,719.330322265625,7796128
2022-02-21,723.9678955078125,7468066
2022-02-22,718.5455322265625,9536196
2022-02-23,713.8843383789062,9029562
2022-02-24,675.1199340820312,23630766
2022-02-25,692.5757446289062,18318654
2022-02-28,678.3780517578125,24880832
2022-03-02,653.6448364257812,38505560
2022-03-03,652.0989990234375,17527922
2022-03-04,649.9586181640625,21219364
2022-03-07,630.1246337890625,27054458
2022-03-08,631.551513671875,39212492
2022-03-09,652.17041015625,23134694
2022-03-10,662.4203491210938,22273206
2022-03-11,664.3704223632812,15150780
2022-03-14,686.130859375,25018126
2022-03-15,677.3078002929688,18867928
2022-03-16,688.79443359375,13364108
2022-03-17,703.96728515625,14823954
2022-03-21,707.0350952148438,12257876
2022-03-22,710.6737670898438,10461814
2022-03-23,703.5867919921875,31188256
2022-03-24,686.1784057617188,20160044
2022-03-25,680.5897216796875,16366462
2022-03-28,681.4934692382812,15754886
2022-03-29,690.5305786132812,12377448
2022-03-30,702.4928588867188,20109742
2022-03-31,699.3535766601562,14295714
2022-04-01,716.3099975585938,14568556
2022-04-04,788.0362548828125,97450970
2022-04-05,764.9440307617188,30922582
2022-04-06,737.6423950195312,27027860
2022-04-07,721.4232177734375,40781732
2022-04-08,720.42431640625,41256322
2022-04-11,711.6251220703125,20799066
2022-04-12,710.3646850585938,27435402
2022-04-13,696.7850952148438,28892520
2022-04-18,663.7283325195312,45620376
2022-04-19,638.400634765625,74096022
2022-04-20,644.1559448242188,49325736
2022-04-21,653.6923828125,52446270
2022-04-22,644.7742309570312,20659148
2022-04-25,649.6019287109375,20935488
2022-04-26,652.5984497070312,17016842
2022-04-27,652.8363037109375,18054334
2022-04-28,652.2654418945312,20773722
2022-04-29,658.5676879882812,28401476
2022-05-02,667.6524047851562,19494316
2022-05-04,644.9644775390625,29055916
2022-05-05,643.5137939453125,17862912
2022-05-06,626.699951171875,26731268
2022-05-09,627.7700805664062,32762434
2022-05-10,637.8536987304688,20113812
2022-05-11,641.4447021484375,17102924
2022-05-12,626.9856567382812,22382290
2022-05-13,621.35595703125,16768238
2022-05-16,627.9719848632812,9804356
2022-05-17,632.2544555664062,16641444
2022-05-18,632.2063598632812,15732384
2022-05-19,619.2869873046875,20537506
2022-05-20,635.5985107421875,13919350
2022-05-23,627.4427490234375,19486320
2022-05-24,634.6361694335938,12870796
2022-05-25,639.375732421875,12887112
2022-05-26,657.6118774414062,26992428
2022-05-27,669.8095703125,24031718
2022-05-30,674.3807373046875,12624674
2022-05-31,668.3179931640625,13485388
2022-06-01,671.1568603515625,12091896
2022-06-02,666.4654541015625,11475020
2022-06-03,664.1558227539062,6957244
2022-06-06,663.265625,6173266
2022-06-07,655.6392211914062,10253966
2022-06-08,657.9487915039062,5986588
2022-06-09,662.90478515625,7311816
2022-06-10,650.1057739257812,9155430
2022-06-13,638.3171997070312,10892572
2022-06-14,631.2921142578125,11870356
2022-06-15,629.102783203125,11810470
2022-06-16,616.520263671875,12169192
2022-06-17,620.5860595703125,14723922
2022-06-20,636.1759643554688,15936840
2022-06-21,643.1047973632812,13220684
2022-06-22,640.073486328125,8159698
2022-06-23,642.43115234375,15372244
2022-06-24,651.4049682617188,8013432
2022-06-27,652.583740234375,9804164
2022-06-28,647.603759765625,9770574
2022-06-29,646.6654052734375,9994046
2022-06-30,648.6141357421875,12475822
2022-07-01,651.3807983398438,11472452
2022-07-04,652.2951049804688,8487480
2022-07-05,650.8274536132812,14325718
2022-07-06,659.80126953125,15049078
2022-07-07,671.6139526367188,17743142
2022-07-08,672.2394409179688,12474030
2022-07-11,676.5940551757812,7462880
2022-07-12,669.6892700195312,9876974
2022-07-13,653.3536376953125,15945610
2022-07-14,650.0817260742188,10372410
2022-07-15,655.3745727539062,13595646
2022-07-18,648.3976440429688,20332220
2022-07-19,648.6381225585938,15792538
2022-07-20,656.8179931640625,20347862
2022-07-21,654.7490234375,12640278
2022-07-22,670.026123046875,12729592
2022-07-25,671.9988403320312,10143126
2022-07-26,670.6276245117188,8527964
2022-07-27,675.7520141601562,9212778
2022-07-28,681.7424926757812,17420406
2022-07-29,690.0907592773438,20019736
2022-08-01,695.8407592773438,13193036
2022-08-02,688.190185546875,15036510
2022-08-03,689.8020629882812,10975498
2022-08-04,688.9841918945312,12012206
2022-08-05,686.6504516601562,9268982
2022-08-08,703.4912719726562,15357736
2022-08-10,705.5363159179688,17353102
2022-08-11,714.8709716796875,18301766
2022-08-12,714.6063232421875,8850370
2022-08-16,722.7861938476562,12563756
2022-08-17,726.5151977539062,12384350
2022-08-18,727.3812255859375,8342138
2022-08-19,718.407470703125,8063702
2022-08-22,707.4850463867188,8234066
2022-08-23,705.2957763671875,14966884
2022-08-24,708.68798828125,13455520
2022-08-25,704.838623046875,11823040
2022-08-26,704.9588623046875,7706176
2022-08-29,692.5928955078125,8653178
2022-08-30,715.0633544921875,10135400
2022-09-01,708.3511352539062,22403136
2022-09-02,714.7747192382812,12038086
2022-09-05,719.369873046875,12131932
2022-09-06,716.6272583007812,12238696
2022-09-07,713.2349853515625,9776206
2022-09-08,720.5968017578125,11164690
2022-09-09,721.0780029296875,15128888
2022-09-12,718.6480712890625,11080492
2022-09-13,728.054931640625,13001966
2022-09-14,735.5371704101562,20219760
2022-09-15,731.7117919921875,13539372
2022-09-16,718.26318359375,20560046
2022-09-19,723.0026245117188,12076038
2022-09-20,731.7117919921875,10781668
2022-09-21,730.5809936523438,9072304
2022-09-22,715.0152587890625,12048144
2022-09-23,695.8407592773438,15806252
2022-09-26,686.4579467773438,8923486
2022-09-27,680.299072265625,12639700
2022-09-28,668.6066284179688,11816132
2022-09-29,665.1422119140625,14410388
2022-09-30,683.9077758789062,15781756
2022-10-03,679.9862670898438,11541112
2022-10-04,699.13671875,11538526
2022-10-06,691.4380493164062,12549198
2022-10-07,688.4547729492188,13297994
2022-10-10,680.8524169921875,13109302
2022-10-11,673.9476928710938,14521620
2022-10-12,678.350341796875,9225050
2022-10-13,670.555419921875,14714234
2022-10-14,692.400390625,12849920
2022-10-17,696.033203125,18410500
2022-10-18,694.7340087890625,10561108
2022-10-19,701.8553466796875,12967040
2022-10-20,697.1159057617188,7898078
2022-10-21,692.2079467773438,10492606
2022-10-24,703.0101318359375,2167794
2022-10-25,698.1262817382812,13773394
2022-10-27,699.8104248046875,15937276
2022-10-28,701.87939453125,10474278
2022-10-31,720.1637573242188,12830528
2022-11-01,728.1270751953125,19073756
2022-11-02,728.5841064453125,12720406
2022-11-03,725.3843994140625,10332352
2022-11-04,720.38037109375,10818060
2022-11-07,725.9859008789062,9835834
2022-11-09,725.7694091796875,9269790
2022-11-10,733.6605224609375,12774182
2022-11-11,775.2334594726562,56722338
2022-11-14,777.1100463867188,19195390
2022-11-15,779.0106201171875,11030202
2022-11-16,785.6988525390625,13578150
2022-11-17,778.6016845703125,12100930
2022-11-18,776.5567016601562,10459232
2022-11-21,768.59326171875,8344816
2022-11-22,767.4625244140625,8546314
2022-11-23,769.4594116210938,10185738
2022-11-24,781.9697875976562,17197960
2022-11-25,778.361083984375,8410496
2022-11-28,769.9887084960938,16105980
2022-11-29,768.8339233398438,12638236
2022-11-30,773.9342041015625,15184806
2022-12-01,779.2511596679688,20446366
2022-12-02,773.2847290039062,7811078
2022-12-05,776.0994873046875,11592622
2022-12-06,775.2334594726562,12353092
2022-12-07,774.8966064453125,11674720
2022-12-08,779.2511596679688,14803634
2022-12-09,784.8087158203125,11963384
2022-12-12,790.9194946289062,14434808
2022-12-13,793.1088256835938,17031702
2022-12-14,799.8211669921875,14227640
2022-12-15,785.1695556640625,18182648
2022-12-16,788.9467163085938,14647958
2022-12-19,791.4006958007812,9604542
2022-12-20,785.939453125,7174698
2022-12-21,778.3369140625,9269198
2022-12-22,775.66650390625,9747096
2022-12-23,768.7377319335938,10693152
2022-12-26,784.0387573242188,9907322
2022-12-27,784.8327026367188,7926772
2022-12-28,784.207275390625,8691870
2022-12-29,789.7406616210938,11012896
2022-12-30,783.4132690429688,7122640
2023-01-02,783.6778564453125,4381378
2023-01-03,788.8023681640625,8378030
2023-01-04,774.7041015625,10351600
2023-01-05,769.72412109375,10941436
2023-01-06,767.1739501953125,9092462
2023-01-09,768.6654052734375,10729340
2023-01-10,754.6154174804688,16371766
2023-01-11,765.48974609375,15195798
2023-01-12,769.5797729492188,9250070
2023-01-13,770.1812133789062,9244546
2023-01-16,762.7952880859375,14748094
2023-01-17,774.1507568359375,10786354
2023-01-18,787.8159790039062,19090642
2023-01-19,791.087890625,11172162
2023-01-20,799.1954956054688,18843404
2023-01-23,805.041748046875,15444400
2023-01-24,815.8199462890625,24983940
2023-01-25,793.2772216796875,14704142
2023-01-27,777.4708862304688,35179948
2023-01-30,776.6769409179688,18512822
2023-01-31,771.5524291992188,18596244
2023-02-01,783.1245727539062,17302790
2023-02-02,771.4803466796875,17497106
2023-02-03,798.1610107421875,14411100
2023-02-06,794.7688598632812,11167672
2023-02-07,795.9476318359375,10264588
2023-02-08,795.8513793945312,8444826
2023-02-09,794.1914672851562,11777336
2023-02-10,797.3430786132812,8172116
2023-02-13,797.9445190429688,5736944
2023-02-14,805.3303833007812,10908592
2023-02-15,803.6945190429688,11438712
2023-02-16,800.783447265625,8062500
2023-02-17,796.7657470703125,8956270
2023-02-20,789.2835083007812,8086706
2023-02-21,792.24267578125,12389296
2023-02-22,776.700927734375,10359102
2023-02-23,771.4321899414062,27882010
2023-02-24,764.5514526367188,17061740
2023-02-27,766.4521484375,14312972
2023-02-28,769.6759643554688,18993992
2023-03-01,768.9302368164062,14137256
2023-03-02,762.38623046875,17391814
2023-03-03,777.5189819335938,14986234
2023-03-06,783.0042724609375,27004710
2023-03-08,784.568115234375,20099774
2023-03-09,784.6402587890625,20700166
2023-03-10,764.4071655273438,27387000
2023-03-13,754.7357177734375,26443550
2023-03-14,752.7147216796875,33185612
2023-03-15,741.9125366210938,37264754
2023-03-16,746.7242431640625,21753342
2023-03-17,756.70849609375,22950876
2023-03-20,751.4637451171875,26503114
2023-03-21,759.9803466796875,33050494
2023-03-22,758.22412109375,14177324
2023-03-23,752.1373901367188,28364178
2023-03-24,750.9345092773438,31477748
2023-03-27,754.2064208984375,31872006
2023-03-28,760.3412475585938,39276302
2023-03-29,763.9981689453125,39763612
2023-03-31,774.4635620117188,34711228
2023-04-03,774.9447631835938,40025398
2023-04-05,795.7311401367188,43365392
2023-04-06,801.7938232421875,44637344
2023-04-10,797.9926147460938,31813286
2023-04-11,800.326416015625,42361542
2023-04-12,810.7195434570312,26955504
2023-04-13,814.352294921875,35330086
2023-04-17,801.938232421875,32405148
2023-04-18,798.5459594726562,29637226
2023-04-19,801.4811401367188,24741168
2023-04-20,804.46435546875,32922716
2023-04-21,805.7635498046875,20128618
2023-04-24,812.2833251953125,35675852
2023-04-25,800.7353515625,50353068
2023-04-26,804.416259765625,27392750
2023-04-27,808.843017578125,47790392
2023-04-28,812.0187377929688,27916272
2023-05-02,811.8502807617188,32221184
2023-05-03,814.689208984375,29407270
2023-05-04,831.3616333007812,56854638
2023-05-05,782.2103271484375,62770416
2023-05-08,791.2562866210938,37244524
2023-05-09,791.2803955078125,43688938
2023-05-10,794.937255859375,46340550
2023-05-11,795.466552734375,35734618
2023-05-12,802.4916381835938,22478760
2023-05-15,806.3409423828125,18512260
2023-05-16,801.7174682617188,32722086
2023-05-17,797.4102172851562,30466868
2023-05-18,800.5980224609375,49646942
2023-05-19,801.5227661132812,30460332
2023-05-22,798.6755981445312,28334032
2023-05-23,796.8018798828125,22470074
2023-05-24,786.3868408203125,33588112
2023-05-25,783.3693237304688,29776930
2023-05-26,786.3868408203125,26635066
2023-05-29,795.9744873046875,21816292
2023-05-30,796.5828857421875,37125928
2023-05-31,783.9777221679688,43334270
2023-06-01,780.6439208984375,50366938
2023-06-02,781.8606567382812,17859710
2023-06-05,780.838623046875,18697242
2023-06-06,778.4052124023438,32182852
2023-06-07,782.4446411132812,24949026
2023-06-08,782.9312744140625,37395522
2023-06-09,783.8560791015625,18212578
2023-06-12,779.0865478515625,13408292
2023-06-13,780.4005126953125,27926108
2023-06-14,779.548828125,20113968
2023-06-15,769.961181640625,35377476
2023-06-16,780.0355224609375,15779272
2023-06-19,780.7169799804688,24829146
2023-06-20,782.3473510742188,20005626
2023-06-21,796.023193359375,24308946
2023-06-22,799.9166870117188,56596140
2023-06-23,799.8680419921875,21339218
2023-06-26,795.9988403320312,16130314
2023-06-27,807.2169799804688,33831864
2023-06-28,815.7583618164062,59562950
2023-06-30,828.047119140625,40699016
2023-07-03,837.002197265625,44104116
2023-07-04,841.0902709960938,38795188
2023-07-05,814.3712158203125,37165754
2023-07-06,815.1986694335938,52156544
2023-07-07,808.093017578125,19926336
2023-07-10,806.1705932617188,38398442
2023-07-11,802.2527465820312,50670426
2023-07-12,794.7334594726562,70958358
2023-07-13,798.699951171875,41913546
2023-07-14,800.354736328125,24727214
2023-07-17,817.0966796875,49252928
2023-07-18,816.4153442382812,81076818
2023-07-19,820.1141357421875,32935134
2023-07-20,821.8905639648438,56210948
2023-07-21,815.5636596679688,42154248
2023-07-24,816.8533325195312,32179444
2023-07-25,825.7109985351562,55992596
2023-07-26,822.8395385742188,24794358
2023-07-27,814.2982177734375,59741302
2023-07-28,799.8680419921875,41015684
2023-07-31,803.615478515625,34565006
2023-08-01,808.993408203125,35394188
2023-08-02,798.407958984375,28116322
2023-08-03,792.6407470703125,57673946
2023-08-04,804.1021728515625,37388304
2023-08-07,803.6398315429688,28300918
2023-08-08,802.9828491210938,43773828
2023-08-09,803.2747802734375,33361236
2023-08-10,796.1448364257812,50781118
2023-08-11,787.846923828125,28225822
2023-08-14,784.0021362304688,31304410
2023-08-16,781.714599609375,34137542
2023-08-17,777.3831787109375,52884040
2023-08-18,774.1953125,25633366
2023-08-21,773.5869750976562,21837270
2023-08-22,770.2774658203125,32273570
2023-08-23,772.1755981445312,36498588
2023-08-24,768.622802734375,43145792
2023-08-25,759.9597778320312,30069756
2023-08-28,767.868408203125,28867238
2023-08-29,773.976318359375,35538932
2023-08-30,768.3307495117188,28084204
2023-08-31,764.80224609375,100075772
2023-09-01,766.384033203125,43226776
2023-09-04,771.1779174804688,25073638
2023-09-05,766.4813842773438,38712082
2023-09-06,776.507080078125,56320910
2023-09-07,783.9777221679688,34208342
2023-09-08,790.0856323242188,34502210
2023-09-11,794.173828125,31573022
2023-09-12,796.6558837890625,39033340
2023-09-13,800.062744140625,46420094
2023-09-14,799.5760498046875,23538848
2023-09-15,808.7500610351562,173411202
2023-09-18,792.8353881835938,37056288
2023-09-20,761.0304565429688,115474648
2023-09-21,755.9933471679688,72841442
2023-09-22,744.4588623046875,61704250
2023-09-25,745.1158447265625,40208754
2023-09-26,748.352294921875,27575308
2023-09-27,743.0960693359375,39338538
2023-09-28,741.5630493164062,55354188
2023-09-29,742.8284301757812,32053782
2023-10-03,733.9464111328125,38971694
2023-10-04,744.41015625,54649430
2023-10-05,747.4276123046875,48512674
2023-10-06,746.600341796875,17759356
2023-10-09,737.937255859375,16454972
2023-10-10,742.1227416992188,33266292
2023-10-11,749.3013305664062,31333360
2023-10-12,754.2898559570312,22025336
2023-10-13,747.4276123046875,39745300
2023-10-16,744.4345092773438,17856084
2023-10-17,750.080078125,32902558
2023-10-18,739.640625,31216200
2023-10-19,737.3045654296875,30252364
2023-10-20,741.1250610351562,21094010
2023-10-23,732.9730834960938,22376136
2023-10-25,728.3252563476562,28311996
2023-10-26,712.2159423828125,55561798
2023-10-27,715.0143432617188,31940532
2023-10-30,722.7769775390625,23310982
2023-10-31,718.591552734375,32634824
2023-11-01,717.6181640625,33877466
2023-11-02,718.7131958007812,45225154
2023-11-03,722.1199951171875,18095340
2023-11-06,727.351806640625,25593730
2023-11-07,723.8233032226562,41952848
2023-11-08,725.9161376953125,31399546
2023-11-09,723.044677734375,22116740
2023-11-10,725.8917846679688,14015186
2023-11-13,724.5776977539062,20605914
2023-11-15,732.1700439453125,41245460
2023-11-16,734.0924682617188,29713838
2023-11-17,732.5107421875,23701874
2023-11-20,732.5593872070312,19331452
2023-11-21,738.7645874023438,24959972
2023-11-22,736.136474609375,29123650
2023-11-23,740.3950805664062,13046220
2023-11-24,745.6511840820312,16469192
2023-11-28,743.9722290039062,28489338
2023-11-29,758.8160400390625,34042488
2023-11-30,758.6456909179688,69491440
2023-12-01,756.9910278320312,22153536
2023-12-04,783.2720336914062,50662456
2023-12-05,790.2316284179688,52230820
2023-12-06,792.22705078125,38613060
2023-12-07,793.5167236328125,20450386
2023-12-08,804.5888671875,33728038
2023-12-11,803.5181274414062,23187620
2023-12-12,795.5364379882812,36581476
2023-12-13,793.7357788085938,29346914
2023-12-14,803.1044921875,35172366
2023-12-15,806.2192993164062,138837130
2023-12-18,805.8056030273438,18014754
2023-12-19,804.44287109375,24008446
2023-12-20,806.4382934570312,34232520
2023-12-21,820.8927612304688,36589240
2023-12-22,813.1788940429688,48578850
2023-12-26,818.824462890625,18045856
2023-12-27,828.9718627929688,27009078
2023-12-28,829.9208374023438,44076470
2023-12-29,831.8676147460938,25011426
2024-01-01,826.4409790039062,14239686
2024-01-02,826.9276733398438,29242092
2024-01-03,814.176513671875,28389762
2024-01-04,822.91259765625,26734056
2024-01-05,818.7027587890625,31889470
2024-01-08,809.5773315429688,17998470
2024-01-09,803.2747802734375,25326888
2024-01-10,805.92724609375,16115824
2024-01-11,802.5447998046875,18314010
2024-01-12,798.7485961914062,19773552
2024-01-15,814.1278686523438,28320356
2024-01-16,817.2183837890625,25322500
2024-01-17,748.279296875,170145236
2024-01-18,723.2880249023438,161070930
2024-01-19,715.744384765625,109600538
2024-01-23,694.6708984375,115469402
2024-01-24,708.5657348632812,86004404
2024-01-25,698.3453979492188,98941852
2024-01-29,707.9573974609375,65645498
2024-01-30,702.920166015625,41728768
2024-01-31,711.8021850585938,65761040
2024-02-01,713.651611328125,32690740
2024-02-02,703.8206176757812,44867754
2024-02-05,703.1879272460938,38605046
2024-02-06,702.8228149414062,41075740
2024-02-07,695.9362182617188,54837086
2024-02-08,682.844482421875,69106124
2024-02-09,683.112060546875,56642124
2024-02-12,676.4931640625,34447812
2024-02-13,678.658935546875,57580994
2024-02-14,673.597412109375,91320810
2024-02-15,688.197998046875,41584944
2024-02-16,691.0451049804688,32175742
2024-02-19,689.6823120117188,34451756
2024-02-20,707.787109375,56133508
2024-02-21,700.413818359375,45893136
2024-02-22,690.8748168945312,50560882
2024-02-23,691.3857421875,29833452
2024-02-26,692.213134765625,23506870
2024-02-27,691.1668090820312,32087150
2024-02-28,685.9348754882812,25321986
2024-02-29,683.0147705078125,53295700
2024-03-01,696.3256225585938,34738898
2024-03-04,697.274658203125,35616474
2024-03-05,701.2411499023438,37991672
2024-03-06,702.0928344726562,42409530
2024-03-07,703.7962646484375,49348046
2024-03-11,694.889892578125,50531094
2024-03-12,710.3421630859375,65418454
2024-03-13,710.755859375,63067454
2024-03-14,708.3467407226562,52432158
2024-03-15,706.9840698242188,143613804
2024-03-18,703.7719116210938,21437856
2024-03-19,705.3779296875,36183594
2024-03-20,696.4716186523438,43606094
2024-03-21,703.6259155273438,28922860
2024-03-22,702.2144775390625,45980326
2024-03-26,693.7218017578125,56844290
2024-03-27,701.1681518554688,62168668
2024-03-28,704.6723022460938,55592142
2024-04-01,715.67138671875,25199570
2024-04-02,720.367919921875,41225446
2024-04-03,721.414306640625,45584386
2024-04-04,743.461181640625,88935066
2024-04-05,754.1439208984375,59055902
2024-04-08,752.7081909179688,20482940
2024-04-09,753.6572265625,21884494
2024-04-10,747.7196044921875,27807400
2024-04-12,739.2512817382812,41084208
2024-04-15,727.4490966796875,23415248
2024-04-16,734.530517578125,20744886
2024-04-18,727.4490966796875,34234884
2024-04-19,745.2619018554688,34576434
2024-04-22,735.9661254882812,42298438
2024-04-23,733.7274169921875,26827060
2024-04-24,735.7227783203125,22441580
2024-04-25,735.260498046875,35445204
2024-04-26,734.7981567382812,24854694
2024-04-29,744.3858642578125,36093350
2024-04-30,739.8109130859375,52307382
2024-05-02,745.7241821289062,33475006
2024-05-03,739.5675659179688,31865242
2024-05-06,741.0520629882812,28793396
2024-05-07,733.021728515625,28480602
2024-05-08,721.5845947265625,41687862
2024-05-09,704.4776000976562,46281278
2024-05-10,709.361572265625,27276608
2024-05-13,717.9208984375,27047202
2024-05-14,720.7328491210938,25665142
2024-05-15,709.6575927734375,38931996
2024-05-16,720.3875122070312,34945236
2024-05-17,722.286865234375,20920190
2024-05-21,719.6721801757812,43769978
2024-05-22,719.8695068359375,39996278
2024-05-23,736.3468017578125,40861920
2024-05-24,748.4827880859375,31060206
2024-05-27,753.6627807617188,29385440
2024-05-28,755.0440673828125,27908904
2024-05-29,744.0921630859375,35147706
2024-05-30,747.3234252929688,33755350
2024-05-31,755.5620727539062,74079588
2024-06-03,775.615966796875,72637256
2024-06-04,731.6848754882812,89531240
2024-06-05,765.5520629882812,81631650
2024-06-06,769.4493408203125,46422870
2024-06-07,776.1832885742188,36712216
2024-06-10,770.23876953125,22454058
2024-06-11,771.9653930664062,29545326
2024-06-12,776.5780029296875,39280436
2024-06-13,779.8340454101562,24120192
2024-06-14,787.8013305664062,25540554
2024-06-18,793.1785888671875,32415714
2024-06-19,817.869873046875,90131196
2024-06-20,823.5431518554688,41408742
2024-06-21,821.7672119140625,51630776
2024-06-24,825.0478515625,28544994
2024-06-25,844.2631225585938,74521548
2024-06-26,839.40380859375,47596666
2024-06-27,836.7644653320312,55074650
2024-06-28,830.671875,26476046
2024-07-01,841.2290649414062,21187024
2024-07-02,853.7597045898438,45921690
2024-07-03,872.531005859375,123217802
2024-07-04,852.0578002929688,45848658
2024-07-05,813.0598754882812,82242548
2024-07-08,806.7698974609375,39087800
2024-07-09,807.3372192382812,48550878
2024-07-10,802.20654296875,45507182
2024-07-11,800.1346435546875,44177074
2024-07-12,800.5292358398438,56049960
2024-07-15,800.2332763671875,33375694
2024-07-16,799.0739135742188,28950324
2024-07-18,796.6320190429688,33717064
2024-07-19,792.9319458007812,26002152
2024-07-22,810.3218994140625,53744822
2024-07-23,798.407958984375,52002152
2024-07-24,791.3286743164062,61728206
2024-07-25,797.5198974609375,25535732
2024-07-26,798.2846069335938,43810540
2024-07-29,791.822021484375,51001148
2024-07-30,797.0020141601562,54595834
2024-07-31,797.1006469726562,37820484
2024-08-01,808.471923828125,26215174
2024-08-02,818.51123046875,44119238
2024-08-05,797.1006469726562,41333634
2024-08-06,789.922607421875,45116050
2024-08-07,800.9239501953125,42346264
2024-08-08,810.3958740234375,33976950
2024-08-09,814.0958862304688,26644618
2024-08-12,818.9797973632812,39316196
2024-08-13,790.9093017578125,54055042
2024-08-14,793.1785888671875,32334428
2024-08-16,805.1665649414062,27849246
2024-08-19,804.895263671875,19502164
2024-08-20,807.92919921875,31134494
2024-08-21,802.05859375,47630904
2024-08-22,804.77197265625,21300638
2024-08-23,801.6885986328125,20333422
2024-08-26,809.0392456054688,22364266
2024-08-27,807.9539184570312,35773244
2024-08-28,807.6332397460938,26921188
2024-08-29,808.3485717773438,49052604
2024-08-30,807.5346069335938,445342100
2024-09-02,802.6258544921875,34049680
2024-09-03,807.7565307617188,37282860
2024-09-04,809.9519653320312,24682744
2024-09-05,811.7525024414062,22876318
2024-09-06,807.5592041015625,26029602
2024-09-09,812.2705688476562,23792914
2024-09-10,814.169921875,26606646
2024-09-11,810.9879150390625,22226684
2024-09-12,822.1865234375,32424046
2024-09-13,821.8658447265625,23860532
2024-09-16,824.3324584960938,15172820
2024-09-17,823.2718505859375,20127122
2024-09-18,836.0985107421875,40917342
2024-09-19,842.8571166992188,30651776
2024-09-20,858.989013671875,60623386
2024-09-23,868.1650390625,26965350
2024-09-24,872.2350463867188,33039036
2024-09-25,877.6863403320312,31965312
2024-09-26,879.832275390625,31899644
2024-09-27,864.6377563476562,35613502
2024-09-30,854.47509765625,26383534
2024-10-01,851.5890502929688,24572284
2024-10-03,829.7838134765625,48473398
2024-10-04,817.771240234375,48683232
2024-10-07,798.1119384765625,94458296
2024-10-08,814.5151977539062,29734406
2024-10-09,805.6846313476562,41125642
2024-10-10,820.114501953125,21754766
2024-10-11,814.4906005859375,23672594
2024-10-14,832.7931518554688,18527508
2024-10-15,830.81982421875,19651130
2024-10-16,838.565185546875,20470682
2024-10-17,825.4178466796875,14695732
2024-10-18,829.7098388671875,24809724
2024-10-21,852.8223876953125,46548354
2024-10-22,845.841796875,38875280
2024-10-23,856.3251342773438,38036090
2024-10-24,863.15771484375,30832258
2024-10-25,860.0744018554688,26130478
2024-10-28,855.5357055664062,22012142
2024-10-29,864.2430419921875,35794926
2024-10-30,855.7330932617188,32715724
2024-10-31,856.2756958007812,22895912
2024-11-01,857.0651245117188,1759692
2024-11-04,845.6197509765625,28089248
2024-11-05,867.2030029296875,44232406
2024-11-06,865.92041015625,27787910
2024-11-07,861.62841796875,18895456
2024-11-08,865.5256958007812,19902986
2024-11-11,871.3717041015625,24565362
2024-11-12,847.6423950195312,31395406
2024-11-13,829.463134765625,35728500
2024-11-14,835.087158203125,27146470
2024-11-18,841.1797485351562,27081968
2024-11-19,859.507080078125,50981272
2024-11-21,858.989013671875,35716512
2024-11-22,861.1597290039062,24773612
2024-11-25,880.8929443359375,427737274
2024-11-26,880.8683471679688,30935566
2024-11-27,894.06494140625,32714976
2024-11-28,884.6176147460938,35722392
2024-11-29,886.04833984375,27669536
2024-12-02,890.3156127929688,15110876
2024-12-03,900.9715576171875,43410242
2024-12-04,917.6461791992188,44669084
2024-12-05,920.4335327148438,39682714
2024-12-06,915.5494995117188,17783156
2024-12-09,922.5301513671875,26947912
2024-12-10,921.5928344726562,13325480
2024-12-11,919.1261596679688,14045426
2024-12-12,917.2268676757812,17293790
2024-12-13,923.3934936523438,19009002
2024-12-16,920.1621704101562,13107082
2024-12-17,904.4002685546875,21079532
2024-12-18,893.2755737304688,23422312
2024-12-19,884.790283203125,25380770
2024-12-20,873.93701171875,25692348
2024-12-23,888.4902954101562,11044592
2024-12-24,887.0596313476562,14485834
2024-12-26,883.4336547851562,10481678
2024-12-27,887.1336669921875,7259330
2024-12-30,877.0943603515625,22222218
2024-12-31,874.60302734375,14117236
2025-01-01,879.4869384765625,7313806
2025-01-02,884.9136352539062,18558576
2025-01-03,862.9356689453125,24426194
2025-01-06,843.8438110351562,18816348
2025-01-07,845.2744140625,13527906
2025-01-08,835.8518676757812,19738190
2025-01-09,822.778564453125,40420222
2025-01-10,817.3272094726562,17453280
2025-01-13,804.5499267578125,21669066
2025-01-14,812.3198852539062,26661432
2025-01-15,810.5685424804688,14022892
2025-01-16,815.008544921875,21212454
2025-01-17,807.4605712890625,23112076
2025-01-20,814.6138305664062,17557618
2025-01-21,810.2478637695312,31158144
2025-01-22,821.9152221679688,30619306
2025-01-23,821.347900390625,34909158
2025-01-24,813.8986206054688,24236200
2025-01-27,804.0319213867188,22804166
2025-01-28,824.0611572265625,30179312
2025-01-29,827.4651489257812,12619890
2025-01-30,834.470458984375,25744846
2025-01-31,838.047119140625,15821686
2025-02-01,834.1990966796875,5587528
2025-02-03,827.8104858398438,20276540
2025-02-04,848.9744873046875,28616502
2025-02-05,857.311767578125,23675506
2025-02-06,860.29638671875,26760716
2025-02-07,854.8203735351562,23509600
2025-02-10,846.4337768554688,17195950
2025-02-11,839.3544921875,22724704
2025-02-12,842.0184936523438,22809570
2025-02-13,837.5291137695312,12602434
2025-02-14,836.1231079101562,19959892
2025-02-17,847.2230834960938,12938946
2025-02-18,850.0350952148438,16350910
2025-02-19,852.0823974609375,11884112
2025-02-20,832.2998046875,26390510
2025-02-21,834.9638061523438,15680940
2025-02-24,827.3665161132812,20693646
2025-02-25,829.9564819335938,24138708
2025-02-27,839.0090942382812,35786800
2025-02-28,854.6477661132812,54516728
2025-03-03,839.4285278320312,21205364
2025-03-04,843.5971069335938,19920958
2025-03-05,833.73046875,21583872
2025-03-06,834.3224487304688,32966088
2025-03-07,833.3604736328125,13372914
2025-03-10,832.4971313476562,15604050
2025-03-11,831.510498046875,19898430
2025-03-12,844.1644897460938,18784106
2025-03-13,841.9197387695312,15736264
2025-03-17,843.7944946289062,18950652
2025-03-18,843.7944946289062,0
2025-03-19,860.4197387695312,15221406
2025-03-20,872.580322265625,17833978
2025-03-21,873.3696899414062,33508264
2025-03-24,887.9969482421875,17393736
2025-03-25,898.5789184570312,39101416
2025-03-26,891.2283325195312,24478442
2025-03-27,900.5029296875,41658100
2025-03-28,901.9088745117188,28773648
2025-04-01,872.1363525390625,28511006
2025-04-02,886.4676513671875,11573564
2025-04-03,885.456298828125,11250038
2025-04-04,896.5316772460938,33540454
2025-04-07,867.1289672851562,37995450
2025-04-08,872.7777099609375,35563872
2025-04-09,870.7303466796875,22454608
2025-04-11,891.3269653320312,32775766
2025-04-15,920.0142211914062,49298344
2025-04-16,926.4768676757812,19136820
2025-04-17,940.6354370117188,35703084
2025-04-21,950.6994018554688,34247298
2025-04-22,967.7686767578125,45961750
2025-04-23,949.1207275390625,30570642
2025-04-24,945.6181030273438,25931754
2025-04-25,942.8554077148438,18500878
2025-04-28,947.29541015625,13920492
2025-04-29,941.6714477539062,18918308
2025-04-30,949.6633911132812,31936870
2025-05-02,948.1341552734375,17840404
2025-05-05,955.4847412109375,15068024
2025-05-06,952.9686889648438,17490156
2025-05-07,959.8260498046875,21420778
2025-05-08,951.3900756835938,34803430
2025-05-09,932.248779296875,17188796
2025-05-12,965.5487060546875,18618972
2025-05-13,948.4793701171875,24242102
2025-05-14,942.5594482421875,15445308
2025-05-15,954.0047607421875,32241458
2025-05-16,954.44873046875,15868010
2025-05-19,956.4220581054688,10202964
2025-05-20,944.6807861328125,23879090
2025-05-21,950.5514526367188,15132040
2025-05-22,947.1474609375,21306670
2025-05-23,953.9060668945312,9566072
2025-05-26,957.1619873046875,10802860
2025-05-27,950.3047485351562,26162148
2025-05-28,948.9234008789062,18157594
2025-05-29,950.896728515625,28917794
2025-05-30,959.480712890625,28748078
2025-06-02,953.166015625,14668822
2025-06-03,949.466064453125,24377584
2025-06-04,957.6553344726562,12961542
2025-06-05,961.79931640625,22255418
2025-06-06,976.1552734375,30127008
2025-06-09,976.2540283203125,13202588
2025-06-10,969.5447387695312,15533126
2025-06-11,962.1940307617188,11096394
2025-06-12,958.74072265625,16349130
2025-06-13,946.0127563476562,12117762
2025-06-16,954.7940673828125,16513746
2025-06-17,951.9327392578125,16978736
2025-06-18,954.0540771484375,18433816
2025-06-19,954.7447509765625,16876220
2025-06-20,969.2486572265625,32900408
2025-06-23,961.2073974609375,11739518
2025-06-24,967.3740234375,22625322
2025-06-25,976.8953247070312,18405932
2025-06-26,997.4179077148438,50084830
2025-06-27,1004.9491577148438,28213384
2025-06-30,998.2658081054688,13649020
2025-07-01,1003.5526123046875,14389386
2025-07-02,990.5350341796875,18878250
2025-07-03,991.0836181640625,16860506
2025-07-04,992.1809692382812,7863944
2025-07-07,991.2332763671875,11349426
2025-07-08,998.2159423828125,15224316
2025-07-09,1003.1036987304688,13861428
2025-07-10,1000.6099243164062,17030310
2025-07-11,989.3878784179688,12516922
2025-07-14,989.0387573242188,13088850
2025-07-15,995.2732543945312,14498168
2025-07-16,995.6722412109375,17994612
2025-07-17,990.98388671875,22529158
2025-07-18,976.2705078125,16129446
2025-07-21,997.7670288085938,22309078
2025-07-22,1001.058837890625,14836814
2025-07-23,1009.6375122070312,13634916
2025-07-24,1004.5999755859375,19107176
2025-07-25,1002.2999877929688,9306598
2025-07-28,1004.25,12059580
2025-07-29,1010.7999877929688,19895696
2025-07-30,1012.9000244140625,15154036
2025-07-31,1009.0999755859375,22183032
2025-08-01,1006.0999755859375,11317258
2025-08-04,996.0,13933946
2025-08-05,988.7999877929688,23978058
2025-08-06,992.6500244140625,14080204
2025-08-07,997.7000122070312,13081186
2025-08-08,986.9500122070312,13895264
2025-08-11,997.7999877929688,9105854
2025-08-12,984.9500122070312,12937802
2025-08-13,990.1500244140625,13577396
2025-08-14,995.5499877929688,17511716
2025-08-18,1001.7999877929688,19284796
2025-08-19,995.5499877929688,12352438
2025-08-20,994.0999755859375,9950228
2025-08-21,995.5999755859375,12439850
2025-08-22,982.2999877929688,19833502
2025-08-25,982.0499877929688,17518044
2025-08-26,973.4000244140625,16917731
2025-08-28,957.7999877929688,25438255
2025-08-29,951.5999755859375,14823813
2025-09-01,950.5999755859375,20178344
2025-09-02,944.5,14196320
2025-09-03,954.4500122070312,16083481
2025-09-04,961.25,17597657
2025-09-05,963.4000244140625,11602111
2025-09-08,966.0,11711307
2025-09-09,965.1500244140625,13985539
2025-09-10,965.9000244140625,18091100
2025-09-11,967.7999877929688,15113633
2025-09-12,967.2999877929688,14363519
2025-09-15,967.0499877929688,14486377
2025-09-16,966.8499755859375,18661794
2025-09-17,966.5,17361476
2025-09-18,976.9000244140625,17791598
2025-09-19,966.9000244140625,31243267
2025-09-22,964.2000122070312,10854415
2025-09-23,957.2000122070312,21022298
2025-09-24,951.0499877929688,15117220
2025-09-25,949.8499755859375,31413279
2025-09-26,945.0499877929688,14874656
2025-09-29,950.2999877929688,32398179
2025-09-30,951.0,28296687
2025-10-01,965.25,25350832
2025-10-03,965.1500244140625,26658296
2025-10-06,973.4500122070312,18542683
2025-10-07,982.5,25535736
2025-10-08,978.7000122070312,15939710
2025-10-09,977.0999755859375,15370950
2025-10-10,980.9000244140625,13757080
2025-10-13,977.0,18634254
2025-10-14,977.1500244140625,22934382
2025-10-15,978.25,23310447
2025-10-16,994.3499755859375,22936566
2025-10-17,1002.5499877929688,25210511
2025-10-20,1002.9500122070312,22195202
2025-10-21,1007.7000122070312,3471600
2025-10-23,1008.7999877929688,43526526
2025-10-24,994.75,17707768
2025-10-27,1002.9500122070312,15700796
2025-10-28,1003.5499877929688,33904289
2025-10-29,1007.8499755859375,17769445
2025-10-30,998.1500244140625,19962917
2025-10-31,987.2999877929688,23221330
2025-11-03,992.6500244140625,16607180
2025-11-04,985.25,20024544
2025-11-06,984.6500244140625,22279516
2025-11-07,982.2999877929688,15004568
2025-11-10,984.5,15988262
2025-11-11,991.7000122070312,10200530
2025-11-12,989.5,13137263
2025-11-13,986.6500244140625,14124839
2025-11-14,989.5999755859375,21386965
2025-11-17,996.5499877929688,18396408
2025-11-18,992.4500122070312,20002640
2025-11-19,994.5999755859375,19813847
2025-11-20,1008.8499755859375,19850865
2025-11-21,998.0499877929688,17499897
2025-11-24,999.1500244140625,32204053
2025-11-25,989.7999877929688,24989383
2025-11-26,1003.9000244140625,19494356
2025-11-27,1009.5,25536848
2025-11-28,1007.5999755859375,15988807
2025-12-01,1002.0999755859375,16746566
2025-12-02,989.7999877929688,27316662
2025-12-03,1000.5,15448777
2025-12-04,997.2000122070312,14528169
2025-12-05,1003.2999877929688,12843366
2025-12-08,1003.0999755859375,12901022
2025-12-09,997.0999755859375,15294322
2025-12-10,989.7999877929688,15322830
2025-12-11,1000.2999877929688,11844809
2025-12-12,1001.5,11988618
2025-12-15,996.0999755859375,9790060
2025-12-16,994.2999877929688,20049088
2025-12-17,984.0,19080922
2025-12-18,979.7000122070312,14912404
2025-12-19,985.5,25952384
2025-12-22,987.7000122070312,13540411
2025-12-23,996.5999755859375,17927849
2025-12-24,997.2000122070312,13699996
2025-12-26,992.0999755859375,9360853
2025-12-29,991.7000122070312,13545749
2025-12-30,990.9000244140625,33155849
2025-12-31,991.2000122070312,10963454
2026-01-01,991.1500244140625,7132074
2026-01-02,1001.5999755859375,11751459
2026-01-05,977.5,27647379
2026-01-06,962.2000122070312,31988783
2026-01-07,949.0499877929688,52884712
2026-01-08,946.7000122070312,21928849
2026-01-09,939.0,38183839
2026-01-12,936.9500122070312,21071666
2026-01-13,937.3499755859375,32042827
2026-01-14,925.4500122070312,36688248
2026-01-15,925.4500122070312,0
2026-01-16,931.0999755859375,37780235
2026-01-19,927.9000244140625,38191942
2026-01-20,931.2000122070312,36022727
2026-01-21,920.3499755859375,32766854
2026-01-22,918.7000122070312,44444755
2026-01-23,916.0999755859375,30985247
2026-01-27,926.4000244140625,44753093
2026-01-28,932.7000122070312,35347138
2026-01-29,935.5,37175628
2026-01-30,929.25,29691233
2026-02-02,928.0999755859375,28032106
2026-02-03,948.7000122070312,50336968
2026-02-04,953.0999755859375,24366770
2026-02-05,949.7000122070312,28103169
2026-02-06,941.0999755859375,18120272
2026-02-09,937.25,23947829
2026-02-10,932.4000244140625,31525385
2026-02-11,927.0999755859375,24869804
2026-02-12,920.5999755859375,33872203
2026-02-13,903.9000244140625,50188359
2026-02-16,925.7999877929688,18806989
2026-02-17,925.7000122070312,22599629
2026-02-18,924.7000122070312,12738702
2026-02-19,915.5999755859375,21209234
2026-02-20,911.8499755859375,22654907
2026-02-23,923.5999755859375,23270122
