date,adj_close,volume
2015-01-01,146.67153930664062,2350082
2015-01-02,148.19886779785156,2923839
2015-01-05,145.19046020507812,4830121
2015-01-06,141.99688720703125,7054029
2015-01-07,137.83143615722656,6638158
2015-01-08,141.2100830078125,3540099
2015-01-09,143.47796630859375,3743205
2015-01-12,139.86788940429688,4659450
2015-01-13,140.4232940673828,4324660
2015-01-14,131.58319091796875,13580758
2015-01-15,131.35177612304688,10860317
2015-01-16,128.2508087158203,9096928
2015-01-19,129.8244171142578,8541810
2015-01-20,133.94363403320312,8856169
2015-01-21,132.55514526367188,8871757
2015-01-22,132.7865753173828,6918171
2015-01-23,134.03619384765625,6943971
2015-01-27,131.90716552734375,7886739
2015-01-28,129.7318572998047,7496686
2015-01-29,131.81460571289062,10636771
2015-01-30,129.3153076171875,7570814
2015-02-02,134.45274353027344,7296741
2015-02-03,135.56356811523438,6262548
2015-02-04,141.07125854492188,8349284
2015-02-05,137.0446319580078,6672029
2015-02-06,136.35037231445312,5623571
2015-02-09,135.65611267089844,9737189
2015-02-10,138.10914611816406,8706407
2015-02-11,138.71083068847656,6154345
2015-02-12,141.44149780273438,10713094
2015-02-13,142.13577270507812,5666609
2015-02-16,139.72903442382812,4949268
2015-02-18,140.37698364257812,3717870
2015-02-19,144.63504028320312,8185032
2015-02-20,144.9127655029297,6630757
2015-02-23,143.339111328125,6743403
2015-02-24,142.2283172607422,6455384
2015-02-25,142.2283172607422,3479311
2015-02-26,138.61825561523438,9010829
2015-02-27,143.6168212890625,6534491
2015-03-02,144.9127655029297,4452819
2015-03-03,146.90292358398438,3718817
2015-03-04,141.71923828125,5559004
2015-03-05,137.0908966064453,8404364
2015-03-09,130.33355712890625,8031261
2015-03-10,127.78799438476562,6588296
2015-03-11,120.66035461425781,21561044
2015-03-12,124.87210845947266,14242872
2015-03-13,121.9100112915039,6690050
2015-03-16,117.37425994873047,10785285
2015-03-17,124.27046966552734,9699896
2015-03-18,123.2522201538086,4154051
2015-03-19,122.46541595458984,4626972
2015-03-20,122.23397827148438,4836454
2015-03-23,125.79779815673828,6306085
2015-03-24,122.97453308105469,4386125
2015-03-25,123.02079010009766,2895061
2015-03-26,119.91983032226562,7955596
2015-03-27,123.99274444580078,5241353
2015-03-30,121.40089416503906,3651285
2015-03-31,119.41071319580078,8516432
2015-04-01,122.37284088134766,7180617
2015-04-06,124.68699645996094,5542921
2015-04-07,126.76972961425781,6514199
2015-04-08,127.69541931152344,6176434
2015-04-09,129.50042724609375,6142066
2015-04-10,127.64911651611328,4860480
2015-04-13,125.98291778564453,5017864
2015-04-15,125.10356140136719,8714291
2015-04-16,126.9548568725586,5457847
2015-04-17,129.36158752441406,8674061
2015-04-20,127.97310638427734,5669966
2015-04-21,124.31671142578125,6236971
2015-04-22,124.64070892333984,6263990
2015-04-23,125.010986328125,6782890
2015-04-24,121.40089416503906,7487405
2015-04-27,120.3826675415039,4805160
2015-04-28,121.58604431152344,6154792
2015-04-29,120.89177703857422,7223085
2015-04-30,119.04045104980469,11618447
2015-05-04,123.2522201538086,4003261
2015-05-05,128.9913330078125,8946517
2015-05-06,127.51029205322266,9503948
2015-05-07,124.31671142578125,5764064
2015-05-08,128.62107849121094,4144037
2015-05-11,131.90716552734375,6190079
2015-05-12,127.37142181396484,5822453
2015-05-13,123.57621002197266,9200683
2015-05-14,127.23257446289062,3697331
2015-05-15,126.81600189208984,3519076
2015-05-18,128.75991821289062,5044666
2015-05-19,129.5467071533203,4364176
2015-05-20,128.62107849121094,3050410
2015-05-21,128.75991821289062,3942179
2015-05-22,126.72345733642578,2577977
2015-05-25,124.50184631347656,2879752
2015-05-26,124.31671142578125,2693352
2015-05-27,123.62248229980469,3168751
2015-05-28,121.81743621826172,10174628
2015-05-29,119.6421127319336,11477479
2015-06-01,118.80904388427734,3272418
2015-06-02,114.08814239501953,4980345
2015-06-03,112.8847885131836,3508099
2015-06-04,112.28311157226562,3192106
2015-06-05,111.21858215332031,4163808
2015-06-08,109.41352844238281,4663365
2015-06-09,111.17228698730469,4663442
2015-06-10,111.35743713378906,3297811
2015-06-11,110.33920288085938,4749485
2015-06-12,108.07131958007812,5422403
2015-06-15,105.8034439086914,4287348
2015-06-16,106.45140075683594,5266441
2015-06-17,109.73751831054688,5112962
2015-06-18,111.07974243164062,4713738
2015-06-19,111.82026672363281,7892805
2015-06-22,112.1905288696289,2533356
2015-06-23,112.560791015625,4076380
2015-06-24,108.53414916992188,3604713
2015-06-25,109.2283935546875,5509978
2015-06-26,108.302734375,4253624
2015-06-29,104.46121978759766,6441434
2015-06-30,103.58184814453125,7516460
2015-07-01,104.64636993408203,3867419
2015-07-02,102.79503631591797,4764056
2015-07-03,102.37848663330078,4606491
2015-07-06,100.9437026977539,4509017
2015-07-07,99.18495178222656,5412336
2015-07-08,94.27891540527344,12611248
2015-07-09,96.26909637451172,6650883
2015-07-10,96.82449340820312,3399973
2015-07-13,98.72210693359375,4140433
2015-07-14,96.82449340820312,3600749
2015-07-15,97.7038803100586,2290566
2015-07-16,98.76839447021484,2705253
2015-07-17,99.23120880126953,3325040
2015-07-20,101.26769256591797,4352389
2015-07-21,100.0643310546875,6584314
2015-07-22,99.69405364990234,3385362
2015-07-23,100.61972045898438,2382191
2015-07-24,101.22140502929688,3081533
2015-07-27,96.63936614990234,6011766
2015-07-28,97.65758514404297,4192798
2015-07-29,98.6295394897461,4721020
2015-07-30,96.91705322265625,8222321
2015-07-31,97.37989807128906,5201040
2015-08-03,97.84272003173828,2485343
2015-08-04,101.12883758544922,4300456
2015-08-05,100.20317077636719,4508245
2015-08-06,100.61972045898438,2977481
2015-08-07,101.40653991699219,3542555
2015-08-10,99.78662109375,3049401
2015-08-11,95.57486724853516,4765889
2015-08-12,88.77120971679688,11715218
2015-08-13,84.05033874511719,9789915
2015-08-14,86.22563934326172,11777040
2015-08-17,83.91148376464844,6356760
2015-08-18,82.29157257080078,8355260
2015-08-19,79.74598693847656,9032174
2015-08-20,78.63518524169922,8280327
2015-08-21,79.60713195800781,11079753
2015-08-24,72.80351257324219,10640052
2015-08-25,74.46969604492188,9592625
2015-08-26,74.42341613769531,7083082
2015-08-27,74.65483856201172,10675016
2015-08-28,75.58049774169922,11959033
2015-08-31,74.09943389892578,7893204
2015-09-01,70.30420684814453,9754819
2015-09-02,68.82315063476562,11987371
2015-09-03,71.46128845214844,8897644
2015-09-04,68.40660858154297,9254943
2015-09-07,67.13980865478516,5573543
2015-09-08,68.21892547607422,8371762
2015-09-09,73.75526428222656,15543929
2015-09-10,71.78470611572266,9452127
2015-09-11,71.40936279296875,6938110
2015-09-14,73.80217742919922,6215669
2015-09-15,71.55011749267578,6194943
2015-09-16,72.48846435546875,6409074
2015-09-18,71.22168731689453,10191740
2015-09-21,73.28608703613281,7954972
2015-09-22,68.68810272216797,10220655
2015-09-23,68.45352172851562,6112851
2015-09-24,66.99905395507812,6783348
2015-09-28,66.20144653320312,6132965
2015-09-29,63.996299743652344,9667246
2015-09-30,66.43603515625,7662075
2015-10-01,66.52987670898438,4570648
2015-10-05,69.43881225585938,6499084
2015-10-06,70.37716674804688,5594644
2015-10-07,76.85185241699219,20395886
2015-10-08,77.27411651611328,16159275
2015-10-09,78.77549743652344,13467309
2015-10-12,83.18582153320312,26948602
2015-10-13,80.83989715576172,18613124
2015-10-14,83.13888549804688,14422511
2015-10-15,82.38819885253906,16205040
2015-10-16,82.34127044677734,9119969
2015-10-19,81.40291595458984,4943125
2015-10-20,79.24467468261719,8452425
2015-10-21,80.27688598632812,7239578
2015-10-23,79.85460662841797,7207731
2015-10-26,80.13612365722656,5855329
2015-10-27,79.19776153564453,9200960
2015-10-28,79.2916030883789,5213212
2015-10-29,78.11865234375,6610339
2015-10-30,78.86933898925781,10426450
2015-11-02,75.96041870117188,6934948
2015-11-03,77.27411651611328,10902466
2015-11-04,76.80494689941406,6302042
2015-11-05,76.05425262451172,4001045
2015-11-06,75.91349792480469,6199574
2015-11-09,75.02204132080078,6902286
2015-11-10,74.36520385742188,18103849
2015-11-13,72.62924194335938,11899968
2015-11-16,74.17752838134766,11401155
2015-11-17,75.8665771484375,11768848
2015-11-18,71.83162689208984,13878123
2015-11-19,73.56758880615234,13759182
2015-11-20,72.44155883789062,14167159
2015-11-23,69.67340087890625,11048526
2015-11-24,69.0634536743164,9426757
2015-11-26,70.47100067138672,7517900
2015-11-27,72.86382293701172,12432617
2015-11-30,72.3008041381836,10087833
2015-12-01,74.6467056274414,8171916
2015-12-02,75.49122619628906,8880279
2015-12-03,74.31829071044922,11515236
2015-12-04,74.17752838134766,6152914
2015-12-07,74.36520385742188,6293540
2015-12-08,71.3155288696289,7459812
2015-12-09,69.20420837402344,7645728
2015-12-10,71.03401184082031,7082364
2015-12-11,71.55011749267578,9056848
2015-12-14,73.94293975830078,10437559
2015-12-15,74.13062286376953,5371495
2015-12-16,73.70835876464844,5407666
2015-12-17,76.2888412475586,12765646
2015-12-18,74.97514343261719,9069541
2015-12-21,76.2888412475586,7868108
2015-12-22,74.6936264038086,5451649
2015-12-23,78.72858428955078,12159348
2015-12-24,79.99536895751953,11012588
2015-12-28,79.71385955810547,6753979
2015-12-29,79.19776153564453,5043169
2015-12-30,79.47926330566406,6327517
2015-12-31,79.52619171142578,8803069
2016-01-01,79.66694641113281,2806421
2016-01-04,75.77274322509766,8706224
2016-01-05,77.50870513916016,9819068
2016-01-06,75.58507537841797,6494446
2016-01-07,71.92546844482422,8098318
2016-01-08,72.16004943847656,6800939
2016-01-11,73.09841918945312,9706674
2016-01-12,70.94017791748047,6696133
2016-01-13,71.97237396240234,8275596
2016-01-14,70.09565734863281,7864816
2016-01-15,67.37439727783203,5206900
2016-01-18,66.8113784790039,6814262
2016-01-19,67.42131042480469,4396738
2016-01-20,63.43328094482422,8312143
2016-01-21,64.09013366699219,5883512
2016-01-22,67.89051055908203,6988053
2016-01-25,67.56207275390625,3930042
2016-01-27,66.67064666748047,5960177
2016-01-28,65.4038314819336,12038432
2016-01-29,66.15452575683594,9203028
2016-02-01,66.71754455566406,5582032
2016-02-02,64.3247299194336,6192773
2016-02-03,62.541847229003906,6780055
2016-02-04,64.4654769897461,12083591
2016-02-05,66.85829162597656,15932693
2016-02-08,65.49768829345703,10400835
2016-02-09,65.68535614013672,16969989
2016-02-10,62.77641677856445,16937036
2016-02-11,59.77366638183594,7915911
2016-02-12,57.1462516784668,11171816
2016-02-15,62.87025833129883,17333390
2016-02-16,60.852787017822266,9530757
2016-02-17,61.74422836303711,12113622
2016-02-18,64.65315246582031,14663310
2016-02-19,64.79390716552734,6048480
2016-02-22,65.2161636352539,5132711
2016-02-23,64.2778091430664,10366393
2016-02-24,62.307247161865234,6136935
2016-02-25,63.011009216308594,6197874
2016-02-26,65.16924285888672,9806363
2016-02-29,64.51239013671875,15550728
2016-03-01,65.91996002197266,8273262
2016-03-02,70.33024597167969,21643529
2016-03-03,74.36520385742188,22949555
2016-03-04,74.5059585571289,15840406
2016-03-08,78.02481079101562,19055239
2016-03-09,76.10115814208984,11565488
2016-03-10,78.6347427368164,18838685
2016-03-11,78.35324096679688,10301155
2016-03-14,79.66694641113281,6642436
2016-03-15,78.72858428955078,11700066
2016-03-16,76.47651672363281,13890592
2016-03-17,76.00733947753906,8476015
2016-03-18,79.94845581054688,14366152
2016-03-21,80.69913482666016,12324190
2016-03-22,81.63751220703125,12800780
2016-03-23,85.67247772216797,22685606
2016-03-28,78.11865234375,20101957
2016-03-29,79.19776153564453,14305542
2016-03-30,82.57587432861328,15758559
2016-03-31,82.52893829345703,16963906
2016-04-01,81.30908203125,8139439
2016-04-04,83.60807037353516,14431538
2016-04-05,79.66694641113281,11541211
2016-04-06,83.46731567382812,14585715
2016-04-07,81.91902923583984,6979457
2016-04-08,82.29434967041016,10212068
2016-04-11,86.5169906616211,15187158
2016-04-12,86.32931518554688,12789430
2016-04-13,90.3642807006836,18201767
2016-04-18,91.06804656982422,11527074
2016-04-20,95.52527618408203,24020057
2016-04-21,95.52527618408203,18328986
2016-04-22,94.86840057373047,10577244
2016-04-25,92.33483123779297,9752785
2016-04-26,96.79204559326172,17484714
2016-04-27,95.47835540771484,8607518
2016-04-28,90.92729949951172,19093454
2016-04-29,90.41119384765625,23929755
2016-05-02,92.56941986083984,18962903
2016-05-03,90.92729949951172,13225593
2016-05-04,85.5317153930664,14740553
2016-05-05,84.8748550415039,15926658
2016-05-06,86.23548889160156,13758624
2016-05-09,86.04780578613281,11577265
2016-05-10,84.31183624267578,12264885
2016-05-11,85.95397186279297,14204732
2016-05-12,87.64302825927734,9628472
2016-05-13,83.7957534790039,12852619
2016-05-16,84.26493835449219,8759799
2016-05-17,83.60807037353516,7734643
2016-05-18,83.65499114990234,8076399
2016-05-19,81.6844253540039,10822516
2016-05-20,81.59059143066406,10826038
2016-05-23,81.54367065429688,6339823
2016-05-24,80.98064422607422,8892273
2016-05-25,83.2796401977539,8223849
2016-05-26,84.73409271240234,12228049
2016-05-27,86.23548889160156,11544310
2016-05-30,96.60437774658203,43496929
2016-05-31,98.76261901855469,36580800
2016-06-01,96.7451400756836,12374620
2016-06-02,99.5133056640625,12148730
2016-06-03,99.04413604736328,9025991
2016-06-06,100.26399993896484,13723112
2016-06-07,102.75065612792969,14522201
2016-06-08,102.60990905761719,10622548
2016-06-09,104.06436920166016,16009358
2016-06-10,108.19315338134766,26738862
2016-06-13,107.63013458251953,15420130
2016-06-14,108.47465515136719,10883646
2016-06-15,108.61542510986328,10291525
2016-06-16,111.7120132446289,19649978
2016-06-17,111.47742462158203,9115066
2016-06-20,113.5887451171875,7879482
2016-06-21,115.88772583007812,15274422
2016-06-22,114.66785430908203,10065713
2016-06-23,116.26307678222656,8243327
2016-06-24,110.06988525390625,22745648
2016-06-27,112.41577911376953,13603388
2016-06-28,110.7736587524414,11037595
2016-06-29,112.5565414428711,9327343
2016-06-30,115.27779388427734,15709303
2016-07-01,117.06067657470703,8905862
2016-07-04,118.18670654296875,5715305
2016-07-05,116.02848815917969,9848628
2016-07-07,119.82884979248047,15661285
2016-07-08,119.03124237060547,8327269
2016-07-11,121.09563446044922,7534954
2016-07-12,126.91349792480469,26490373
2016-07-13,127.4295883178711,20241097
2016-07-14,127.4295883178711,11703265
2016-07-15,128.9309539794922,10639879
2016-07-18,128.7902069091797,13729613
2016-07-19,129.49395751953125,10933178
2016-07-20,127.52339172363281,11898110
2016-07-21,125.64665985107422,11200454
2016-07-22,127.61724090576172,15030516
2016-07-25,126.86656188964844,6407189
2016-07-26,123.53536224365234,12881150
2016-07-27,125.5528335571289,9550329
2016-07-28,125.97511291503906,10626361
2016-07-29,125.31826782226562,7051660
2016-08-01,128.18026733398438,12647887
2016-08-02,127.14806365966797,9026140
2016-08-03,127.33573150634766,9958140
2016-08-04,128.6494598388672,6943209
2016-08-05,134.84262084960938,13302798
2016-08-08,139.95669555664062,20168915
2016-08-09,137.5638885498047,9816523
2016-08-10,136.81321716308594,9266876
2016-08-11,133.48202514648438,9200944
2016-08-12,137.32933044433594,22086647
2016-08-16,145.11767578125,17292821
2016-08-17,146.33758544921875,13401034
2016-08-18,144.83621215820312,7030499
2016-08-19,149.1526641845703,13625085
2016-08-22,146.43142700195312,6708408
2016-08-23,145.9622344970703,6120185
2016-08-24,147.32284545898438,7012966
2016-08-25,144.74237060546875,7136191
2016-08-26,145.9153289794922,7924816
2016-08-29,148.54273986816406,7488966
2016-08-30,152.71841430664062,7930389
2016-08-31,149.4341583251953,15209502
2016-09-01,147.79202270507812,6261144
2016-09-02,147.55743408203125,6820117
2016-09-06,149.68228149414062,5189625
2016-09-07,150.81552124023438,7925196
2016-09-08,152.94032287597656,9379095
2016-09-09,146.23533630371094,9427758
2016-09-12,133.01417541503906,16165924
2016-09-14,135.28067016601562,13195609
2016-09-15,137.4527130126953,10494591
2016-09-16,134.7140350341797,10327538
2016-09-19,135.94171142578125,4969953
2016-09-20,137.4999542236328,7633586
2016-09-21,141.2301788330078,14671999
2016-09-22,145.99923706054688,16321716
2016-09-23,145.85757446289062,10730581
2016-09-26,145.05487060546875,7234470
2016-09-27,141.70237731933594,8046035
2016-09-28,148.17124938964844,12785618
2016-09-29,141.6551513671875,14157620
2016-09-30,144.20492553710938,9167292
2016-10-03,145.5270538330078,9299252
2016-10-04,145.66871643066406,13696719
2016-10-05,148.50180053710938,10169595
2016-10-06,149.54063415527344,13604084
2016-10-07,149.21011352539062,7263839
2016-10-10,151.80712890625,8157913
2016-10-13,146.5186309814453,8680827
2016-10-14,145.99923706054688,5656494
2016-10-17,142.2689666748047,7752014
2016-10-18,143.87440490722656,10851523
2016-10-19,142.59951782226562,8197044
2016-10-20,146.6130828857422,8035617
2016-10-21,143.4022216796875,5801324
2016-10-24,142.45787048339844,5649471
2016-10-25,142.1273193359375,8898884
2016-10-26,141.84402465820312,6191861
2016-10-27,140.04974365234375,8386282
2016-10-28,141.3246307373047,4501956
2016-11-01,148.218505859375,17722418
2016-11-02,147.79351806640625,11309743
2016-11-03,153.74305725097656,26147206
2016-11-04,150.01280212402344,14042173
2016-11-07,158.2760009765625,13926778
2016-11-08,158.08714294433594,23431723
2016-11-09,153.08200073242188,11328441
2016-11-10,165.9726104736328,16275443
2016-11-11,162.71453857421875,13455096
2016-11-15,158.41766357421875,30748024
2016-11-16,153.74305725097656,11909724
2016-11-17,158.9370880126953,10560503
2016-11-18,156.15118408203125,8775559
2016-11-21,148.59625244140625,16027161
2016-11-22,157.28443908691406,15431966
2016-11-23,164.03665161132812,15975588
2016-11-24,170.41114807128906,24353559
2016-11-25,170.4583740234375,17338861
2016-11-28,168.71127319335938,12519439
2016-11-29,165.64205932617188,9819481
2016-11-30,165.9726104736328,15095725
2016-12-01,161.8173828125,7638033
2016-12-02,159.362060546875,11034636
2016-12-05,164.7921600341797,9144499
2016-12-06,165.64205932617188,8668165
2016-12-07,165.3115692138672,6213861
2016-12-08,169.23068237304688,9432763
2016-12-09,171.96937561035156,9543322
2016-12-12,171.8276824951172,8051004
2016-12-13,167.10585021972656,9690930
2016-12-14,166.20870971679688,6198952
2016-12-15,166.3031463623047,6165323
2016-12-16,160.73135375976562,9584392
2016-12-19,159.7397918701172,5526669
2016-12-20,157.8510284423828,5435726
2016-12-21,159.4092559814453,6539566
2016-12-22,152.27928161621094,9593033
2016-12-23,150.43775939941406,9804162
2016-12-26,143.0717010498047,10229442
2016-12-27,146.89639282226562,10782163
2016-12-28,145.05487060546875,9007119
2016-12-29,146.14088439941406,7714023
2016-12-30,146.4241943359375,8199773
2017-01-02,150.01280212402344,9537127
2017-01-03,150.01280212402344,6841113
2017-01-04,150.06004333496094,7732019
2017-01-05,152.98756408691406,9921362
2017-01-06,151.80712890625,6830935
2017-01-09,149.21011352539062,6143220
2017-01-10,155.25401306152344,15806841
2017-01-11,165.21710205078125,24145144
2017-01-12,167.15309143066406,14225168
2017-01-13,162.6673126220703,17430533
2017-01-16,162.99783325195312,9673403
2017-01-17,161.5341033935547,7373767
2017-01-18,167.15309143066406,13047979
2017-01-19,166.3031463623047,8384318
2017-01-20,162.10069274902344,12034397
2017-01-23,171.59161376953125,18223180
2017-01-24,176.73841857910156,17125785
2017-01-25,180.1381378173828,21241955
2017-01-27,180.1381378173828,19584307
2017-01-30,180.8463897705078,12048505
2017-01-31,179.3826446533203,9510113
2017-02-01,187.78750610351562,12602860
2017-02-02,182.54624938964844,12723782
2017-02-03,181.08251953125,11316589
2017-02-06,179.52430725097656,7376710
2017-02-07,175.5579376220703,10634847
2017-02-08,178.48550415039062,10372799
2017-02-09,173.4803466796875,13995996
2017-02-10,171.92213439941406,11598507
2017-02-13,174.70803833007812,17458689
2017-02-14,176.83285522460938,11938838
2017-02-15,174.18862915039062,11976086
2017-02-16,177.30506896972656,10429023
2017-02-17,173.43313598632812,9231407
2017-02-20,173.1025848388672,17874216
2017-02-21,172.29989624023438,13307165
2017-02-22,170.03343200683594,8976506
2017-02-23,171.96937561035156,11393385
2017-02-27,170.69444274902344,7419931
2017-02-28,174.0941925048828,10009502
2017-03-01,178.72157287597656,19044703
2017-03-02,178.91046142578125,22934124
2017-03-03,187.5041961669922,31030530
2017-03-06,188.44854736328125,17600803
2017-03-07,181.83799743652344,17607880
2017-03-08,179.6187286376953,19426738
2017-03-09,178.67434692382812,11667482
2017-03-10,177.16339111328125,9745858
2017-03-14,179.80758666992188,15425412
2017-03-15,180.23257446289062,11000147
2017-03-16,187.69305419921875,17634067
2017-03-17,185.28492736816406,12329364
2017-03-20,185.28492736816406,7107018
2017-03-21,187.26809692382812,8832703
2017-03-22,182.64068603515625,17762515
2017-03-23,182.92401123046875,10680580
2017-03-24,184.0572509765625,11748143
2017-03-27,178.2021484375,16988411
2017-03-28,179.05210876464844,10087530
2017-03-29,181.55467224121094,9066478
2017-03-30,179.71316528320312,16296796
2017-03-31,184.19891357421875,13264696
2017-04-03,182.82958984375,7198876
2017-04-05,187.17364501953125,10440883
2017-04-06,183.16009521484375,15667730
2017-04-07,182.73513793945312,14576273
2017-04-10,184.19891357421875,6929296
2017-04-11,185.52101135253906,9870105
2017-04-12,182.26296997070312,14253253
2017-04-13,173.05538940429688,20027226
2017-04-17,171.35552978515625,16069287
2017-04-18,173.5747833251953,22344207
2017-04-19,175.6523895263672,10062015
2017-04-20,176.0773468017578,9335160
2017-04-21,177.63555908203125,13683524
2017-04-24,180.1853485107422,8934000
2017-04-25,181.0352783203125,8090965
2017-04-26,186.04043579101562,13469283
2017-04-27,184.0100555419922,9453547
2017-04-28,188.25970458984375,17428449
2017-05-02,189.10960388183594,12542163
2017-05-03,186.08763122558594,7853965
2017-05-04,181.74356079101562,11224342
2017-05-05,175.46351623535156,19912601
2017-05-08,173.95252990722656,15591759
2017-05-09,176.03012084960938,11355111
2017-05-10,176.69119262695312,9459887
2017-05-11,182.8767852783203,23026210
2017-05-12,180.42141723632812,11231977
2017-05-15,187.40975952148438,18159344
2017-05-16,185.5682373046875,10068622
2017-05-17,187.78750610351562,10643485
2017-05-18,183.20733642578125,13959394
2017-05-19,180.37420654296875,11428477
2017-05-22,179.6659393310547,9699691
2017-05-23,181.31858825683594,13372515
2017-05-24,176.6439666748047,11130641
2017-05-25,179.9492645263672,9696039
2017-05-26,187.36253356933594,17803837
2017-05-29,190.05398559570312,12516450
2017-05-30,191.84828186035156,27444380
2017-05-31,189.53457641601562,26247788
2017-06-01,186.27651977539062,12262290
2017-06-02,186.08763122558594,8824329
2017-06-05,186.1348876953125,7725805
2017-06-06,184.57666015625,6027099
2017-06-07,186.22930908203125,7822110
2017-06-08,187.40975952148438,7250812
2017-06-09,190.9039306640625,9077091
2017-06-12,189.44015502929688,7589316
2017-06-13,189.44015502929688,6458838
2017-06-14,189.01516723632812,8933791
2017-06-15,185.6626739501953,8424950
2017-06-16,184.38780212402344,6718837
2017-06-19,189.6762237548828,6775145
2017-06-20,190.7622528076172,7011446
2017-06-21,185.61546325683594,10786414
2017-06-22,180.9408416748047,9349289
2017-06-23,178.2021484375,14335956
2017-06-27,177.30506896972656,6723293
2017-06-28,179.28819274902344,8184171
2017-06-29,181.50746154785156,7868064
2017-06-30,180.32699584960938,7522346
2017-07-03,185.7098846435547,13851222
2017-07-04,187.36253356933594,15943321
2017-07-05,187.74029541015625,6510422
2017-07-06,185.7098846435547,6864881
2017-07-07,184.0572509765625,7307585
2017-07-10,184.90719604492188,3225083
2017-07-11,189.48736572265625,15115931
2017-07-12,189.44015502929688,8329987
2017-07-13,193.3120574951172,11902359
2017-07-14,194.4925079345703,14793571
2017-07-17,197.5144805908203,9977809
2017-07-18,195.86184692382812,7529525
2017-07-19,201.57528686523438,13700281
2017-07-20,201.76416015625,6600194
2017-07-21,202.61407470703125,9896744
2017-07-24,202.472412109375,7911040
2017-07-25,207.9497528076172,10567887
2017-07-26,209.2246551513672,8253006
2017-07-27,208.94134521484375,8395336
2017-07-28,203.84176635742188,6034925
2017-07-31,207.4303436279297,5389040
2017-08-01,213.1909942626953,10837725
2017-08-02,215.5046844482422,6397948
2017-08-03,208.65802001953125,10254636
2017-08-04,212.71881103515625,5760887
2017-08-07,214.98529052734375,4951339
2017-08-08,221.8319549560547,24897407
2017-08-09,226.1288299560547,12844802
2017-08-10,224.7594757080078,10897284
2017-08-11,208.70526123046875,21126006
2017-08-14,216.40185546875,10891996
2017-08-16,220.60427856445312,10236544
2017-08-17,217.4878692626953,10310147
2017-08-18,217.25177001953125,10750779
2017-08-21,212.38827514648438,7018024
2017-08-22,216.16574096679688,12201333
2017-08-23,218.0544891357422,7189281
2017-08-24,220.03765869140625,9492099
2017-08-28,220.5570526123047,5152003
2017-08-29,214.65476989746094,9095620
2017-08-30,223.20127868652344,12685001
2017-08-31,224.7594757080078,23200769
2017-09-01,230.1896209716797,9852014
2017-09-04,228.96194458007812,11283027
2017-09-05,229.48370361328125,3776840
2017-09-06,233.18353271484375,9688366
2017-09-07,237.12049865722656,11330389
2017-09-08,236.7410430908203,11886595
2017-09-11,237.2153778076172,6580356
2017-09-12,238.06919860839844,6812508
2017-09-13,235.27059936523438,4323093
2017-09-14,234.51165771484375,7307378
2017-09-15,235.08087158203125,8809971
2017-09-18,236.69361877441406,5570498
2017-09-19,233.8476104736328,4938461
2017-09-20,231.57080078125,9917420
2017-09-21,231.99769592285156,9888709
2017-09-22,219.04832458496094,14454217
2017-09-25,217.34072875976562,9248669
2017-09-26,222.5583953857422,7602977
2017-09-27,221.65716552734375,6569514
2017-09-28,226.21078491210938,15196210
2017-09-29,228.25045776367188,9189997
2017-10-03,229.19912719726562,4986233
2017-10-04,229.48370361328125,3207388
2017-10-05,228.3927459716797,3698369
2017-10-06,238.021728515625,9453802
2017-10-09,236.69361877441406,5744914
2017-10-10,239.1127471923828,8106676
2017-10-11,236.69361877441406,9799296
2017-10-12,250.8762664794922,30320448
2017-10-13,252.91592407226562,12276907
2017-10-16,257.4695129394531,14632858
2017-10-17,262.3077697753906,9929992
2017-10-18,261.16937255859375,9664157
2017-10-19,259.8412170410156,569539
2017-10-23,257.94384765625,6263035
2017-10-24,255.05043029785156,9597374
2017-10-25,253.0582275390625,7240195
2017-10-26,258.89251708984375,8484342
2017-10-27,256.18878173828125,4587536
2017-10-30,259.1771240234375,4647384
2017-10-31,253.67483520507812,4764121
2017-11-01,261.16937255859375,9043536
2017-11-02,256.90032958984375,8317616
2017-11-03,255.09788513183594,14396735
2017-11-06,258.9399719238281,10582403
2017-11-07,253.20050048828125,8882930
2017-11-08,249.54811096191406,7922193
2017-11-09,249.7852783203125,7419140
2017-11-10,250.49679565429688,5272277
2017-11-13,247.50848388671875,5439255
2017-11-14,247.60333251953125,5575097
2017-11-15,238.92300415039062,9886735
2017-11-16,241.62672424316406,5264913
2017-11-17,245.56369018554688,5927180
2017-11-20,248.0302734375,6377940
2017-11-21,248.0302734375,3610061
2017-11-22,244.52015686035156,4497727
2017-11-23,242.1484832763672,9682203
2017-11-24,238.73326110839844,6186665
2017-11-27,236.83590698242188,7592581
2017-11-28,237.7845916748047,4692698
2017-11-29,234.22705078125,5285364
2017-11-30,228.10813903808594,14998374
2017-12-01,223.26992797851562,7209250
2017-12-04,227.25433349609375,6457124
2017-12-05,227.72866821289062,6775195
2017-12-06,220.18673706054688,7402990
2017-12-07,225.0249481201172,7697931
2017-12-08,227.39662170410156,8857585
2017-12-11,225.87876892089844,6613622
2017-12-12,225.73643493652344,5268296
2017-12-13,222.4160919189453,7349390
2017-12-14,224.26600646972656,6618531
2017-12-15,230.29006958007812,6290840
2017-12-18,236.83590698242188,13833894
2017-12-19,241.2472381591797,5550113
2017-12-20,245.08937072753906,15519081
2017-12-21,249.7852783203125,13770746
2017-12-22,254.10179138183594,7760233
2017-12-26,254.8606719970703,4332214
2017-12-27,252.10952758789062,6351948
2017-12-28,261.12188720703125,22938436
2017-12-29,259.5091552734375,5007765
2018-01-01,257.2323303222656,4614411
2018-01-02,257.94384765625,4546324
2018-01-03,262.3077697753906,7285874
2018-01-04,265.4383239746094,10346774
2018-01-05,262.212890625,7084973
2018-01-08,261.9757385253906,4157464
2018-01-09,257.5643615722656,5197857
2018-01-10,255.00296020507812,7472579
2018-01-11,254.00689697265625,6502479
2018-01-12,255.05043029785156,4435500
2018-01-15,253.0107421875,6592272
2018-01-16,247.1764373779297,8447591
2018-01-17,249.26348876953125,11037340
2018-01-18,240.86776733398438,11341249
2018-01-19,244.75733947753906,5898314
2018-01-22,242.00619506835938,6230212
2018-01-23,251.35060119628906,17400430
2018-01-24,245.42141723632812,6409442
2018-01-25,245.65858459472656,15254979
2018-01-29,245.3265380859375,5990929
2018-01-30,240.53573608398438,5286436
2018-01-31,243.0022430419922,17514495
2018-02-01,243.09713745117188,8940788
2018-02-02,237.02565002441406,21737420
2018-02-05,233.9424591064453,8462501
2018-02-06,231.85537719726562,10473645
2018-02-07,233.37326049804688,13707458
2018-02-08,232.6143341064453,10180978
2018-02-09,231.0015869140625,7024965
2018-02-12,230.76441955566406,5557349
2018-02-14,230.76441955566406,7121280
2018-02-15,238.59097290039062,10053559
2018-02-16,234.93858337402344,7629453
2018-02-19,234.84371948242188,6056718
2018-02-20,236.02955627441406,4778807
2018-02-21,228.29788208007812,11901519
2018-02-22,227.58636474609375,13120748
2018-02-23,233.89503479003906,6908252
2018-02-26,233.56300354003906,6522004
2018-02-27,231.76052856445312,4805004
2018-02-28,232.8040771484375,8747792
2018-03-01,228.44017028808594,5767109
2018-03-05,217.81504821777344,12425050
2018-03-06,214.25755310058594,12488311
2018-03-07,212.9293975830078,13960066
2018-03-08,211.26919555664062,7733982
2018-03-09,208.89752197265625,13433660
2018-03-12,215.9651336669922,9531278
2018-03-13,214.54209899902344,9990633
2018-03-14,215.06387329101562,6385584
2018-03-15,213.35629272460938,6730350
2018-03-16,210.32054138183594,7793461
2018-03-19,203.5375518798828,6780348
2018-03-20,206.14637756347656,9600657
2018-03-21,203.67984008789062,8817896
2018-03-22,205.67205810546875,8362938
2018-03-23,195.52127075195312,12819120
2018-03-26,199.74285888671875,10187531
2018-03-27,207.28477478027344,15563344
2018-03-28,203.5375518798828,13861721
2018-04-02,200.4069061279297,8156843
2018-04-03,197.27630615234375,18145471
2018-04-04,190.49330139160156,17752702
2018-04-05,203.15806579589844,24201909
2018-04-06,203.01577758789062,15008286
2018-04-09,209.98851013183594,18411692
2018-04-10,218.1945343017578,27519382
2018-04-11,222.17893981933594,18802049
2018-04-12,220.66107177734375,11712671
2018-04-13,225.5941925048828,16774668
2018-04-16,227.1594696044922,9325515
2018-04-17,227.1120147705078,16417908
2018-04-18,230.33750915527344,23323232
2018-04-19,251.16082763671875,37033062
2018-04-20,248.64691162109375,23314520
2018-04-23,242.4805145263672,9559885
2018-04-24,224.59805297851562,35117665
2018-04-25,220.13931274414062,10496552
2018-04-26,221.98922729492188,16400986
2018-04-27,222.8904571533203,9169183
2018-04-30,223.5545196533203,5872046
2018-05-02,216.34463500976562,8849434
2018-05-03,219.6649627685547,10232446
2018-05-04,219.47525024414062,7889501
2018-05-07,225.6416015625,7746284
2018-05-08,226.44793701171875,8701503
2018-05-09,225.92616271972656,18653553
2018-05-10,228.91452026367188,8435591
2018-05-11,230.24264526367188,6236509
2018-05-14,229.67344665527344,6801148
2018-05-15,231.3810577392578,7445308
2018-05-16,227.444091796875,17297698
2018-05-17,221.0879669189453,17195201
2018-05-18,219.61752319335938,7332967
2018-05-21,216.53433227539062,8159685
2018-05-22,222.8904571533203,9261805
2018-05-23,218.1470947265625,8998284
2018-05-24,222.08407592773438,9274702
2018-05-25,232.89892578125,15151718
2018-05-28,229.2465362548828,5898310
2018-05-29,230.05291748046875,6812212
2018-05-30,225.87876892089844,7818247
2018-05-31,222.17893981933594,8948198
2018-06-01,226.25823974609375,7341372
2018-06-04,229.19912719726562,8045521
2018-06-05,229.62600708007812,5490029
2018-06-06,235.365478515625,6455908
2018-06-07,235.83982849121094,12822346
2018-06-08,229.7208709716797,6829526
2018-06-11,232.13999938964844,5187556
2018-06-12,228.29788208007812,4661081
2018-06-13,232.4246063232422,5976795
2018-06-14,232.1874237060547,6799990
2018-06-15,225.21470642089844,6786903
2018-06-18,219.14315795898438,6830177
2018-06-19,214.21011352539062,10126361
2018-06-20,214.58956909179688,7229700
2018-06-21,210.88975524902344,6019694
2018-06-22,210.6051483154297,9807671
2018-06-25,207.18992614746094,9318246
2018-06-26,211.50636291503906,8483133
2018-06-27,206.71559143066406,6888151
2018-06-28,209.7039031982422,10398473
2018-06-29,218.66883850097656,10441528
2018-07-02,211.79098510742188,9159214
2018-07-03,214.49472045898438,8001296
2018-07-04,212.59735107421875,5246876
2018-07-05,208.99240112304688,4773707
2018-07-06,209.1346893310547,8822679
2018-07-09,210.65260314941406,5167643
2018-07-10,217.29327392578125,11551274
2018-07-11,209.4667510986328,9759711
2018-07-12,208.99240112304688,8962227
2018-07-13,207.52197265625,5814556
2018-07-16,202.11453247070312,6440638
2018-07-17,208.23345947265625,8643253
2018-07-18,201.49790954589844,7509081
2018-07-19,187.4575653076172,33211007
2018-07-20,185.607666015625,22835887
2018-07-23,186.08197021484375,13363743
2018-07-24,196.9442596435547,18526745
2018-07-25,198.27239990234375,15344017
2018-07-26,195.9481658935547,13565234
2018-07-27,202.44654846191406,30005793
2018-07-30,200.4069061279297,9030681
2018-07-31,202.44654846191406,11169360
2018-08-01,197.32371520996094,11173257
2018-08-02,197.22886657714844,12829967
2018-08-03,200.73895263671875,16743513
2018-08-06,205.0079803466797,10375458
2018-08-07,207.7591094970703,20854265
2018-08-08,209.27699279785156,20806040
2018-08-09,215.775390625,15345515
2018-08-10,211.26919555664062,13147995
2018-08-13,210.2731170654297,9996307
2018-08-14,210.0833740234375,7631497
2018-08-16,205.0079803466797,8129284
2018-08-17,208.4231719970703,5232908
2018-08-20,215.01644897460938,7597426
2018-08-21,214.779296875,6115262
2018-08-23,209.7039031982422,6182708
2018-08-24,210.70001220703125,9112060
2018-08-27,218.43167114257812,13523673
2018-08-28,226.73257446289062,18891748
2018-08-29,224.69293212890625,12141850
2018-08-30,227.91839599609375,9911302
2018-08-31,225.73643493652344,7187784
2018-09-03,227.1120147705078,8308169
2018-09-04,223.03273010253906,5836458
2018-09-05,227.63380432128906,11428802
2018-09-06,223.3173370361328,7398756
2018-09-07,230.10035705566406,11021703
2018-09-10,223.60194396972656,6103496
2018-09-11,219.71238708496094,12646049
2018-09-12,226.86447143554688,8896676
2018-09-14,234.06427001953125,15742465
2018-09-17,230.15444946289062,9898386
2018-09-18,223.28843688964844,6825203
2018-09-19,224.71885681152344,9799989
2018-09-21,229.24850463867188,17636361
2018-09-24,228.771728515625,8991121
2018-09-25,231.77560424804688,7847876
2018-09-26,236.44830322265625,11935712
2018-09-27,232.586181640625,11385152
2018-09-28,218.9971923828125,11588117
2018-10-01,231.63255310058594,12577302
2018-10-03,241.979248046875,16541649
2018-10-04,240.1674041748047,17158063
2018-10-05,229.8683624267578,13862891
2018-10-08,212.22653198242188,25198149
2018-10-09,213.84767150878906,10656797
2018-10-10,216.37472534179688,8303201
2018-10-11,206.45718383789062,15964574
2018-10-12,216.18402099609375,7263391
2018-10-15,220.99977111816406,7695758
2018-10-16,219.8554229736328,10252207
2018-10-17,217.18533325195312,7065573
2018-10-19,216.47010803222656,5283114
2018-10-22,213.60926818847656,6460230
2018-10-23,209.31800842285156,6752747
2018-10-24,219.1879119873047,10435431
2018-10-25,212.03582763671875,7334578
2018-10-26,210.98684692382812,12234401
2018-10-29,213.7523193359375,10915002
2018-10-30,213.513916015625,6568207
2018-10-31,210.17625427246094,9699183
2018-11-01,220.52297973632812,9524000
2018-11-02,229.29620361328125,19429972
2018-11-05,231.10806274414062,7753905
2018-11-06,231.34649658203125,5174397
2018-11-07,232.72921752929688,784393
2018-11-09,227.72274780273438,8125041
2018-11-12,218.61575317382812,9063022
2018-11-13,220.80905151367188,10009305
2018-11-14,218.85414123535156,6327199
2018-11-15,222.76397705078125,8640440
2018-11-16,219.2832794189453,5455625
2018-11-19,223.57452392578125,7276409
2018-11-20,211.6543731689453,14761307
2018-11-21,212.79869079589844,13704110
2018-11-22,207.98297119140625,9708087
2018-11-26,208.65049743652344,6781682
2018-11-27,209.69944763183594,11504462
2018-11-28,206.02806091308594,8117964
2018-11-29,214.08609008789062,12444802
2018-11-30,215.7072296142578,9378800
2018-12-03,222.23948669433594,10802517
2018-12-04,222.52557373046875,9408047
2018-12-05,211.0822296142578,12875627
2018-12-06,207.79222106933594,13399767
2018-12-07,208.65049743652344,6694888
2018-12-10,207.79222106933594,9520082
2018-12-11,206.21876525878906,7211664
2018-12-12,211.03451538085938,7166872
2018-12-13,210.08090209960938,6889863
2018-12-14,209.93785095214844,5749881
2018-12-17,214.99203491210938,5693529
2018-12-18,214.80128479003906,5915969
2018-12-19,216.61314392089844,5429082
2018-12-20,213.513916015625,8411639
2018-12-21,213.60926818847656,6933691
2018-12-24,207.74456787109375,4667022
2018-12-26,208.45977783203125,6554865
2018-12-27,210.3669891357422,7947144
2018-12-28,213.13247680664062,5074920
2018-12-31,215.7072296142578,6944360
2019-01-01,212.417236328125,5015702
2019-01-02,204.59765625,10991026
2019-01-03,199.4958038330078,8656029
2019-01-04,201.116943359375,17408469
2019-01-07,198.87594604492188,8143876
2019-01-08,196.9210662841797,13402916
2019-01-09,196.15817260742188,13253349
2019-01-10,194.53700256347656,9291967
2019-01-11,196.3012237548828,13314252
2019-01-14,196.58729553222656,5204874
2019-01-15,198.82827758789062,7173758
2019-01-16,198.73291015625,8209760
2019-01-17,196.44424438476562,6537377
2019-01-18,199.1143798828125,6258424
2019-01-21,198.01768493652344,4883723
2019-01-22,194.10789489746094,7665916
2019-01-23,195.9197540283203,5821081
2019-01-24,195.53831481933594,3917176
2019-01-25,194.96612548828125,4381964
2019-01-28,190.72256469726562,5741120
2019-01-29,190.29344177246094,4458350
2019-01-30,196.25350952148438,5619506
2019-01-31,198.82827758789062,6553608
2019-02-01,201.59373474121094,10475839
2019-02-04,194.72775268554688,6196724
2019-02-05,195.25221252441406,4765441
2019-02-06,201.59373474121094,5888996
2019-02-07,199.4958038330078,6215565
2019-02-08,196.34886169433594,3958618
2019-02-11,190.1980743408203,8463393
2019-02-12,189.1491241455078,16467366
2019-02-14,182.8552703857422,10767206
2019-02-15,177.9441375732422,12678835
2019-02-18,175.9892578125,6483004
2019-02-19,177.89646911621094,5513105
2019-02-20,184.0472869873047,7595081
2019-02-21,185.38232421875,6498528
2019-02-22,187.3372344970703,8758060
2019-02-25,187.38491821289062,6169952
2019-02-26,187.38491821289062,9059558
2019-02-27,186.8604278564453,11910998
2019-02-28,186.6697235107422,9582600
2019-03-01,187.05113220214844,6512004
2019-03-05,189.53057861328125,7354264
2019-03-06,193.34500122070312,13683897
2019-03-07,191.29473876953125,5533457
2019-03-08,186.47900390625,10050458
2019-03-11,191.72386169433594,5446100
2019-03-12,193.96485900878906,10988099
2019-03-13,192.91587829589844,4971396
2019-03-14,191.43777465820312,5106833
2019-03-15,189.816650390625,7489589
2019-03-18,190.05503845214844,3663166
2019-03-19,192.96356201171875,6097075
2019-03-20,197.54090881347656,8788334
2019-03-22,199.40045166015625,11359037
2019-03-25,195.9197540283203,7451785
2019-03-26,198.82827758789062,5069088
2019-03-27,198.01768493652344,5731820
2019-03-28,192.96356201171875,8924025
2019-04-01,205.885009765625,18454840
2019-04-02,206.8863067626953,8273747
2019-04-03,205.93267822265625,4910619
2019-04-04,200.6878204345703,7739096
2019-04-05,205.408203125,7965595
2019-04-08,204.5022735595703,5032285
2019-04-09,207.0770263671875,3937427
2019-04-10,201.8798065185547,13323115
2019-04-11,201.49839782714844,5920717
2019-04-12,200.0203094482422,5530088
2019-04-15,202.88113403320312,4965812
2019-04-16,204.9790496826172,6750812
2019-04-18,197.58856201171875,7237958
2019-04-22,191.10401916503906,9367081
2019-04-23,191.0563507080078,4352433
2019-04-24,191.39010620117188,6364227
2019-04-25,187.43258666992188,6735299
2019-04-26,191.8192138671875,7452786
2019-04-30,196.49192810058594,8879385
2019-05-02,195.20455932617188,7948283
2019-05-03,195.5860137939453,5320008
2019-05-06,189.67359924316406,8845838
2019-05-07,191.1516571044922,9042640
2019-05-08,190.72256469726562,7883819
2019-05-09,188.9583740234375,10482577
2019-05-10,186.71742248535156,8821650
2019-05-13,183.2843780517578,6979614
2019-05-14,183.9995880126953,8451501
2019-05-15,181.80628967285156,6684736
2019-05-16,185.5730743408203,10526494
2019-05-17,182.80758666992188,13564609
2019-05-20,189.53057861328125,5411945
2019-05-21,186.90809631347656,5194195
2019-05-22,188.81533813476562,5592495
2019-05-23,182.8552703857422,7476261
2019-05-24,186.71742248535156,6326402
2019-05-27,191.29473876953125,4498005
2019-05-28,192.48675537109375,12223332
2019-05-29,190.05503845214844,5123395
2019-05-30,189.33984375,7039964
2019-05-31,187.86172485351562,8803541
2019-06-03,190.15040588378906,5305570
2019-06-04,188.62460327148438,4728557
2019-06-06,185.8114776611328,6628617
2019-06-07,185.7637939453125,3812625
2019-06-10,189.05374145507812,3880878
2019-06-11,190.34112548828125,5966155
2019-06-12,190.05503845214844,6232564
2019-06-13,190.3887939453125,4654391
2019-06-14,189.05374145507812,3624064
2019-06-17,184.61947631835938,5976790
2019-06-18,181.13876342773438,8848621
2019-06-19,181.23411560058594,11219284
2019-06-20,185.28697204589844,6469404
2019-06-21,188.4815673828125,7596593
2019-06-24,189.00604248046875,10464941
2019-06-25,193.10659790039062,8418631
2019-06-26,198.68524169921875,6730323
2019-06-27,196.53961181640625,8700344
2019-06-28,197.445556640625,5454954
2019-07-01,199.20970153808594,6353325
2019-07-02,199.63885498046875,3552844
2019-07-03,199.0189971923828,5052706
2019-07-04,197.302490234375,4032487
2019-07-05,189.67359924316406,8694153
2019-07-08,188.4339141845703,6197157
2019-07-09,188.719970703125,6355556
2019-07-10,184.6671142578125,5239125
2019-07-11,189.24449157714844,4524147
2019-07-12,189.62591552734375,3535841
2019-07-15,190.86558532714844,3882644
2019-07-16,189.8643341064453,6833661
2019-07-17,194.01254272460938,4790772
2019-07-18,191.24705505371094,5174253
2019-07-19,186.90809631347656,6741873
2019-07-22,193.01123046875,9147466
2019-07-23,193.6787567138672,4637360
2019-07-24,188.10012817382812,5942539
2019-07-25,187.62332153320312,5720563
2019-07-26,188.81533813476562,5373373
2019-07-29,184.28567504882812,6900021
2019-07-30,181.28179931640625,6033395
2019-07-31,181.71092224121094,9273653
2019-08-01,174.2727508544922,11880072
2019-08-02,172.03175354003906,11797603
2019-08-05,167.5974578857422,9712978
2019-08-06,172.31784057617188,10421582
2019-08-07,168.21730041503906,6387281
2019-08-08,172.65159606933594,6183264
2019-08-09,168.02658081054688,14562944
2019-08-13,168.0742645263672,6836149
2019-08-14,173.40310668945312,5965374
2019-08-16,172.6349639892578,7169006
2019-08-19,173.93116760253906,5179954
2019-08-20,172.2509002685547,4539348
2019-08-21,169.9945526123047,6642215
2019-08-22,169.5144805908203,7128023
2019-08-23,173.0670623779297,7073375
2019-08-26,171.6268310546875,7974145
2019-08-27,173.97918701171875,6928021
2019-08-28,171.290771484375,5851491
2019-08-29,172.5389404296875,5284552
2019-08-30,177.0996856689453,13905732
2019-09-03,171.290771484375,4927852
2019-09-04,174.41123962402344,5129501
2019-09-05,177.2436981201172,5614061
2019-09-06,180.8922576904297,5570553
2019-09-09,181.70838928222656,5014192
2019-09-11,185.74102783203125,5904788
2019-09-12,189.24559020996094,8635479
2019-09-13,192.36605834960938,6473051
2019-09-16,192.4140625,5748421
2019-09-17,190.06170654296875,6911141
2019-09-18,190.1096954345703,7326216
2019-09-19,188.14138793945312,4158836
2019-09-20,194.09432983398438,14594234
2019-09-23,192.02999877929688,7366155
2019-09-24,189.91766357421875,5805761
2019-09-25,182.33248901367188,7163444
2019-09-26,188.14138793945312,8625560
2019-09-27,183.10060119628906,4392645
2019-09-30,183.7247314453125,6521755
2019-10-01,182.18846130371094,6163235
2019-10-03,175.32339477539062,13862733
2019-10-04,174.8433380126953,6277398
2019-10-07,175.03536987304688,4525369
2019-10-09,178.63592529296875,4536877
2019-10-10,174.98733520507812,4351508
2019-10-11,179.74008178710938,7642682
2019-10-14,181.1802978515625,5222539
2019-10-15,184.8768768310547,6691660
2019-10-16,180.460205078125,8082988
2019-10-17,181.2763214111328,9520625
2019-10-18,179.93209838867188,7347790
2019-10-22,178.34786987304688,6683536
2019-10-23,177.72377014160156,5610514
2019-10-24,174.1232147216797,6890297
2019-10-25,174.50726318359375,5956396
2019-10-27,174.8433380126953,365752
2019-10-29,176.95565795898438,9687658
2019-10-30,179.74008178710938,5978614
2019-10-31,180.4121856689453,6501134
2019-11-01,186.02906799316406,6921052
2019-11-04,190.06170654296875,15421372
2019-11-05,190.68577575683594,8912298
2019-11-06,193.47023010253906,13028120
2019-11-07,197.0227813720703,17556268
2019-11-08,195.72657775878906,10082727
2019-11-11,192.1740264892578,6851401
2019-11-13,185.45297241210938,13457979
2019-11-14,180.98829650878906,6720055
2019-11-15,180.26817321777344,4558349
2019-11-18,185.88507080078125,8873375
2019-11-19,184.68484497070312,3476640
2019-11-20,183.1486358642578,4437118
2019-11-21,181.0843048095703,6342754
2019-11-22,182.66854858398438,4635776
2019-11-25,191.30990600585938,16931103
2019-11-26,190.7818145751953,16163735
2019-11-27,194.9104766845703,7251212
2019-11-28,195.9666290283203,5421765
2019-11-29,192.1740264892578,10212511
2019-12-02,192.79815673828125,5195682
2019-12-03,188.1894073486328,5815771
2019-12-04,193.086181640625,6574810
2019-12-05,190.63780212402344,4443222
2019-12-06,190.06170654296875,3819461
2019-12-09,190.92584228515625,5743160
2019-12-10,191.16587829589844,4876818
2019-12-11,188.76551818847656,4757660
2019-12-12,193.42221069335938,10621630
2019-12-13,199.95126342773438,14246993
2019-12-16,198.41497802734375,8779955
2019-12-17,205.18406677246094,16629136
2019-12-18,205.13604736328125,11721371
2019-12-19,207.6804656982422,6847801
2019-12-20,206.91232299804688,8175626
2019-12-23,206.57626342773438,10295626
2019-12-24,207.6324462890625,7782646
2019-12-26,206.43226623535156,7436907
2019-12-27,206.86431884765625,5252162
2019-12-30,209.26467895507812,11352906
2019-12-31,207.5364227294922,9432449
2020-01-01,205.76016235351562,5085208
2020-01-02,211.37701416015625,15238841
2020-01-03,207.824462890625,8658243
2020-01-06,200.95941162109375,7798846
2020-01-07,200.52734375,12767569
2020-01-08,199.13510131835938,12470053
2020-01-09,202.35162353515625,8676205
2020-01-10,203.07174682617188,7800086
2020-01-13,202.78367614746094,6614653
2020-01-14,203.50379943847656,7981507
2020-01-15,205.13604736328125,9564560
2020-01-16,201.2954559326172,6986058
2020-01-17,201.6795196533203,8678002
2020-01-20,199.0391082763672,3977566
2020-01-21,196.9747772216797,4479791
2020-01-22,195.48654174804688,6268889
2020-01-23,196.4467010498047,5560681
2020-01-24,197.21481323242188,5749852
2020-01-27,190.3497314453125,7942736
2020-01-28,188.1894073486328,6308211
2020-01-29,189.8696746826172,8978837
2020-01-30,185.74102783203125,8588693
2020-01-31,181.80441284179688,6008376
2020-02-03,174.55528259277344,7678833
2020-02-04,181.70838928222656,9235507
2020-02-05,188.4774627685547,7411014
2020-02-06,186.2691192626953,7348886
2020-02-07,189.53363037109375,6977770
2020-02-10,183.24464416503906,5385023
2020-02-11,185.93304443359375,7530810
2020-02-12,185.93304443359375,10581151
2020-02-13,187.46929931640625,6711481
2020-02-14,186.2691192626953,3798528
2020-02-17,182.66854858398438,3484321
2020-02-18,177.00367736816406,8152961
2020-02-19,180.60421752929688,4317249
2020-02-20,182.3804931640625,6207445
2020-02-24,171.9148712158203,14690243
2020-02-25,167.4981689453125,10694830
2020-02-26,163.12948608398438,16855158
2020-02-27,161.6412811279297,7657497
2020-02-28,149.6873779296875,14033411
2020-03-02,143.782470703125,11441351
2020-03-03,152.951904296875,21836942
2020-03-04,154.20008850097656,12074078
2020-03-05,149.30332946777344,12338386
2020-03-06,144.11851501464844,11173720
2020-03-09,137.73350524902344,10550403
2020-03-11,132.3086700439453,9682790
2020-03-12,115.41002655029297,15926851
2020-03-13,122.37112426757812,15365436
2020-03-16,111.04135131835938,20577663
2020-03-17,110.80131530761719,11615932
2020-03-18,104.84838104248047,12105333
2020-03-19,95.77496337890625,11569487
2020-03-20,101.29582977294922,13928853
2020-03-23,84.39718627929688,14591356
2020-03-24,85.21331024169922,16845493
2020-03-25,90.78219604492188,7876385
2020-03-26,90.78219604492188,11013083
2020-03-27,87.90174102783203,9158997
2020-03-30,85.26132202148438,9970397
2020-03-31,91.8863525390625,15557731
2020-04-01,87.99774932861328,9270755
2020-04-03,85.26132202148438,8216768
2020-04-07,99.80760192871094,23639659
2020-04-08,96.83113098144531,24227474
2020-04-09,103.2641372680664,14943427
2020-04-13,109.26508331298828,23259069
2020-04-15,110.51325988769531,45561393
2020-04-16,115.74608612060547,18971910
2020-04-17,119.20262908935547,14577288
2020-04-20,111.8094711303711,18342210
2020-04-21,102.83206176757812,22935311
2020-04-22,103.98424530029297,14419829
2020-04-23,106.81668090820312,16545796
2020-04-24,99.5195541381836,16901936
2020-04-27,103.88824462890625,18657007
2020-04-28,104.41631317138672,13489808
2020-04-29,111.66545104980469,35702215
2020-04-30,125.01151275634766,45993216
2020-05-04,111.2813949584961,22496677
2020-05-05,111.2813949584961,19405341
2020-05-06,113.87379455566406,15993752
2020-05-07,112.96165466308594,16729796
2020-05-08,112.4335708618164,21602930
2020-05-11,114.97796630859375,13916698
2020-05-12,116.27415466308594,13673363
2020-05-13,118.62653350830078,13922270
2020-05-14,112.52957916259766,12778232
2020-05-15,114.49789428710938,12509914
2020-05-18,110.75331115722656,14500038
2020-05-19,112.6256103515625,15916351
2020-05-20,115.98613739013672,8718400
2020-05-21,124.33943176269531,34325670
2020-05-22,119.87474060058594,17058546
2020-05-26,123.95537567138672,18786655
2020-05-27,127.9880142211914,32423355
2020-05-28,132.88475036621094,21951352
2020-05-29,133.3168487548828,19390589
2020-06-01,133.60487365722656,14504755
2020-06-02,135.52517700195312,12836264
2020-06-03,137.63751220703125,12470626
2020-06-04,136.9654083251953,11358214
2020-06-05,143.30239868164062,21825018
2020-06-08,140.51797485351562,16211802
2020-06-09,136.9174041748047,19223606
2020-06-10,141.09402465820312,17278002
2020-06-11,138.64566040039062,12532780
2020-06-12,140.2299346923828,15804914
2020-06-15,139.98988342285156,34911162
2020-06-16,144.11851501464844,28477417
2020-06-17,142.10220336914062,13573256
2020-06-18,144.79061889648438,9854686
2020-06-19,145.03065490722656,14631215
2020-06-22,144.11851501464844,8037341
2020-06-23,152.0397491455078,22570926
2020-06-24,145.36671447753906,15907046
2020-06-25,140.75799560546875,18500612
2020-06-26,145.03065490722656,12107599
2020-06-29,140.03790283203125,13110757
2020-06-30,140.3739471435547,14655358
2020-07-01,141.67015075683594,8255166
2020-07-02,141.86216735839844,9519798
2020-07-03,140.5659637451172,10780269
2020-07-06,148.19915771484375,24254504
2020-07-07,146.2308349609375,13160047
2020-07-08,148.8232421875,18306575
2020-07-09,158.23272705078125,45180719
2020-07-10,157.1765594482422,16256492
2020-07-13,162.50540161132812,21894776
2020-07-14,157.27256774902344,16396492
2020-07-15,158.80882263183594,11233286
2020-07-16,159.4329071044922,12766387
2020-07-17,155.68832397460938,14372019
2020-07-20,154.48812866210938,14067880
2020-07-21,153.62399291992188,13098754
2020-07-22,153.52798461914062,17455691
2020-07-23,155.5443115234375,8258361
2020-07-24,149.9754638671875,15793319
2020-07-27,151.89573669433594,12745516
2020-07-28,158.13670349121094,15539141
2020-07-29,157.51260375976562,15845599
2020-07-30,155.5443115234375,8980592
2020-07-31,156.60047912597656,9872721
2020-08-03,154.9202117919922,16525131
2020-08-04,155.88035583496094,13653194
2020-08-05,168.74636840820312,47894708
2020-08-06,170.90672302246094,23198186
2020-08-07,170.52264404296875,10117475
2020-08-10,171.48281860351562,9378730
2020-08-11,171.81884765625,30405569
2020-08-12,168.79437255859375,17437072
2020-08-13,176.23553466796875,26526442
2020-08-14,177.57974243164062,28520464
2020-08-17,184.8768768310547,25968766
2020-08-18,188.1894073486328,20401535
2020-08-19,188.95753479003906,16328384
2020-08-20,191.06985473632812,28491717
2020-08-21,188.429443359375,18332315
2020-08-24,185.5970001220703,10628826
2020-08-25,183.67669677734375,13439855
2020-08-26,185.78904724121094,8427317
2020-08-27,187.13323974609375,7659778
2020-08-28,186.07708740234375,8153155
2020-08-31,177.86778259277344,17662183
2020-09-01,186.31710815429688,24334797
2020-09-02,188.38143920898438,11183054
2020-09-03,185.29322814941406,11310236
2020-09-04,181.72247314453125,16804686
2020-09-07,180.9503936767578,6839463
2020-09-08,173.95367431640625,9202151
2020-09-09,176.4145965576172,22609497
2020-09-10,170.47940063476562,19154786
2020-09-11,172.4095458984375,15780805
2020-09-14,169.65911865234375,11605907
2020-09-15,170.575927734375,10726507
2020-09-16,177.37965393066406,14453126
2020-09-17,169.70736694335938,18642039
2020-09-18,173.2298583984375,28529202
2020-09-21,161.31124877929688,26161690
2020-09-22,157.74050903320312,18465421
2020-09-23,159.67063903808594,17256291
2020-09-24,153.54244995117188,19292629
2020-09-25,156.38941955566406,20236970
2020-09-28,161.84202575683594,12412713
2020-09-29,170.2381591796875,36624865
2020-09-30,169.12831115722656,15625518
2020-10-01,168.01849365234375,12663078
2020-10-05,172.7955780029297,13647813
2020-10-06,170.72067260742188,13192286
2020-10-07,166.81216430664062,11851388
2020-10-08,168.1632537841797,11214012
2020-10-09,164.0616912841797,30474092
2020-10-12,166.1365966796875,16792391
2020-10-13,167.19818115234375,9712302
2020-10-14,168.114990234375,10703596
2020-10-15,167.58419799804688,19813786
2020-10-16,173.5193634033203,15546394
2020-10-19,176.31808471679688,17095601
2020-10-20,174.4844512939453,10427991
2020-10-21,179.45455932617188,24286914
2020-10-22,178.00697326660156,17453750
2020-10-23,175.8837890625,9732876
2020-10-26,166.37786865234375,15615702
2020-10-27,168.3562469482422,15437539
2020-10-28,164.49598693847656,14425414
2020-10-29,162.0350341796875,12266096
2020-10-30,164.68899536132812,12957793
2020-11-02,164.78549194335938,11083051
2020-11-03,173.47113037109375,22507173
2020-11-04,170.33465576171875,11618409
2020-11-05,180.80564880371094,23733769
2020-11-06,181.5777130126953,14037270
2020-11-09,187.89889526367188,14673743
2020-11-10,185.63099670410156,23544708
2020-11-11,196.9222869873047,42959437
2020-11-12,201.31338500976562,40805593
2020-11-13,203.1952667236328,15133046
2020-11-14,201.98892211914062,1794824
2020-11-17,206.0904541015625,22284208
2020-11-18,211.68785095214844,16606283
2020-11-19,206.3799591064453,28576299
2020-11-20,208.02059936523438,17773062
2020-11-23,210.43325805664062,22567883
2020-11-24,218.1055450439453,18538052
2020-11-25,215.64462280273438,18591189
2020-11-26,221.8693389892578,16363181
2020-11-27,218.44332885742188,42583153
2020-12-01,221.29029846191406,16869243
2020-12-02,223.75120544433594,20100114
2020-12-03,233.54666137695312,28072333
2020-12-04,243.87289428710938,41978766
2020-12-07,242.47354125976562,17202162
2020-12-08,237.11741638183594,14240101
2020-12-09,232.5815887451172,14737004
2020-12-10,234.22219848632812,19673032
2020-12-11,235.13902282714844,12610389
2020-12-14,237.74472045898438,10448747
2020-12-15,236.00758361816406,15446054
2020-12-16,242.66656494140625,19222530
2020-12-17,237.26217651367188,13711470
2020-12-18,241.17068481445312,18866376
2020-12-21,224.1854705810547,16278713
2020-12-22,223.79945373535156,18337596
2020-12-23,227.9492645263672,13095413
2020-12-24,228.67306518554688,14541771
2020-12-28,231.52000427246094,8213627
2020-12-29,227.37022399902344,9405315
2020-12-30,229.1073455810547,8480116
2020-12-31,232.14732360839844,10380624
2021-01-01,230.02415466308594,5091899
2021-01-04,245.41702270507812,24902369
2021-01-05,241.55673217773438,12297457
2021-01-06,250.0010528564453,18029077
2021-01-07,263.3672790527344,32739259
2021-01-08,258.8314514160156,20606695
2021-01-11,255.45372009277344,13163440
2021-01-12,255.115966796875,13136084
2021-01-13,253.47531127929688,13300126
2021-01-14,252.26895141601562,7601547
2021-01-15,244.5001983642578,17738049
2021-01-18,234.65647888183594,17989695
2021-01-19,242.76307678222656,10254337
2021-01-20,243.29385375976562,11090894
2021-01-21,240.20562744140625,8781513
2021-01-22,230.84446716308594,16005359
2021-01-25,231.9060516357422,8297942
2021-01-27,223.31692504882812,14139166
2021-01-28,221.04904174804688,13756664
2021-01-29,218.3950958251953,14992241
2021-02-01,232.72633361816406,12417894
2021-02-02,246.4303436279297,18251184
2021-02-03,248.2639617919922,15670948
2021-02-04,252.70326232910156,21296401
2021-02-05,252.8962860107422,12833374
2021-02-08,269.2059326171875,27556901
2021-02-09,268.3373718261719,22066741
2021-02-10,269.6402282714844,16789592
2021-02-11,285.08135986328125,47356292
2021-02-12,280.6419982910156,15454237
2021-02-15,281.2210693359375,8041775
2021-02-16,292.1263122558594,27519511
2021-02-17,293.2843933105469,18221106
2021-02-18,299.0747985839844,16202053
2021-02-19,297.2412414550781,17410357
2021-02-22,305.0583190917969,45975603
2021-02-23,321.4161682128906,50677230
2021-02-24,321.1748962402344,14777374
2021-02-25,338.4496765136719,35967464
2021-02-26,328.36468505859375,20379210
2021-03-01,332.0802001953125,14556212
2021-03-02,333.1900329589844,12878208
2021-03-03,346.7975158691406,20104887
2021-03-04,337.2433166503906,13623173
2021-03-05,326.0485534667969,15127687
2021-03-08,324.8421630859375,10555735
2021-03-09,321.6091613769531,13883599
2021-03-10,328.461181640625,10886045
2021-03-12,318.6657409667969,15035151
2021-03-15,322.1399841308594,14049436
2021-03-16,322.23651123046875,13294567
2021-03-17,314.99847412109375,11028678
2021-03-18,320.2098388671875,23744146
2021-03-19,323.39453125,16753538
2021-03-22,327.8821716308594,8470164
2021-03-23,320.11334228515625,13880498
2021-03-24,306.650634765625,20388678
2021-03-25,303.0316162109375,20856373
2021-03-26,315.7222900390625,13857627
2021-03-30,314.9019470214844,9159261
2021-03-31,315.4327392578125,10387652
2021-04-01,338.0153503417969,25631843
2021-04-05,338.4013977050781,14771653
2021-04-06,338.2084045410156,11185963
2021-04-07,339.8972473144531,12542475
2021-04-08,352.4431457519531,28768469
2021-04-09,348.4381103515625,16371164
2021-04-12,324.4561462402344,16096812
2021-04-13,336.5195007324219,12942071
2021-04-15,341.2000427246094,21825520
2021-04-16,357.07550048828125,28438547
2021-04-19,348.77587890625,15435944
2021-04-20,346.7975158691406,15526407
2021-04-22,343.4197692871094,12756931
2021-04-23,337.29156494140625,12805877
2021-04-26,336.1817321777344,16472269
2021-04-27,353.4564514160156,41263319
2021-04-28,349.9339904785156,15197329
2021-04-29,359.150390625,34391622
2021-04-30,351.6711120605469,19935239
2021-05-03,357.0272216796875,15890242
2021-05-04,349.88568115234375,29767756
2021-05-05,354.27679443359375,15192338
2021-05-06,372.4682922363281,31912131
2021-05-07,387.0891418457031,46343220
2021-05-10,410.8780822753906,39516234
2021-05-11,398.38037109375,27497466
2021-05-12,384.86944580078125,18242276
2021-05-14,369.4283447265625,41384078
2021-05-17,379.22381591796875,20821967
2021-05-18,388.05419921875,30540086
2021-05-19,389.2122802734375,16113667
2021-05-20,371.74456787109375,30689219
2021-05-21,376.1838073730469,22406993
2021-05-24,375.7012634277344,23694105
2021-05-25,377.5349426269531,18155697
2021-05-26,367.69122314453125,15340621
2021-05-27,372.3718566894531,17374666
2021-05-28,374.2054443359375,14862168
2021-05-31,380.4783935546875,13703439
2021-06-01,380.9126892089844,11399189
2021-06-02,384.86944580078125,9587386
2021-06-03,385.2554931640625,12441261
2021-06-04,381.25042724609375,10040657
2021-06-07,381.20220947265625,6176784
2021-06-08,374.2054443359375,17334691
2021-06-09,369.76611328125,11807015
2021-06-10,371.93756103515625,5796380
2021-06-11,379.41680908203125,9630564
2021-06-14,381.0091857910156,11601461
2021-06-15,377.1971740722656,7929361
2021-06-16,366.9674072265625,17978012
2021-06-17,356.3516845703125,14321673
2021-06-18,358.3783264160156,22723111
2021-06-21,354.7593078613281,13172227
2021-06-22,354.7110290527344,9787216
2021-06-23,355.24188232421875,14295574
2021-06-24,356.1586608886719,9066954
2021-06-25,362.7693786621094,12815999
2021-06-28,368.9458312988281,14518487
2021-06-29,361.1770324707031,9106037
2021-06-30,359.0538330078125,10110801
2021-07-01,366.1471252441406,8232292
2021-07-02,362.91412353515625,5070326
2021-07-05,375.94256591796875,12836172
2021-07-06,371.8892822265625,6153733
2021-07-07,379.8993225097656,10577866
2021-07-08,369.7178955078125,12333337
2021-07-09,376.42510986328125,7375406
2021-07-12,374.7845153808594,5679273
2021-07-13,378.5482482910156,5467940
2021-07-14,377.9692077636719,3341557
2021-07-15,387.4268798828125,10347950
2021-07-16,391.33544921875,9287112
2021-07-19,383.0841064453125,5708367
2021-07-20,369.6213684082031,9214553
2021-07-22,379.75457763671875,7381389
2021-07-23,378.06573486328125,5217004
2021-07-26,386.0757751464844,7083799
2021-07-27,402.771484375,28240273
2021-07-28,401.75811767578125,12775129
2021-07-29,442.09808349609375,61414603
2021-07-30,429.2625732421875,12987115
2021-08-02,430.2276611328125,7683565
2021-08-03,433.12286376953125,8879300
2021-08-04,427.23602294921875,8621637
2021-08-05,427.62200927734375,11790679
2021-08-06,426.7052001953125,18059875
2021-08-09,419.51544189453125,13778833
2021-08-10,412.03619384765625,10417993
2021-08-11,421.3973083496094,19239106
2021-08-12,424.8955993652344,8349354
2021-08-13,429.5599365234375,13343808
2021-08-16,429.2684631347656,8288547
2021-08-17,424.26397705078125,8413999
2021-08-18,414.8866271972656,12169397
2021-08-20,392.24493408203125,23309477
2021-08-23,395.35455322265625,15943020
2021-08-24,408.958984375,15050015
2021-08-25,418.53070068359375,17974391
2021-08-26,412.1171569824219,7695674
2021-08-27,425.5272216796875,15558923
2021-08-30,435.39044189453125,11735730
2021-08-31,455.0682373046875,20847646
2021-09-01,445.156494140625,10038500
2021-09-02,444.03900146484375,5360608
2021-09-03,448.26605224609375,8516918
2021-09-06,455.9914245605469,12183840
2021-09-07,449.2378234863281,5684070
2021-09-08,443.4073181152344,6689343
2021-09-09,450.4525146484375,6926659
2021-09-13,464.8343505859375,16632808
2021-09-14,464.4456481933594,15253798
2021-09-15,473.04559326171875,12415050
2021-09-16,469.64447021484375,8011765
2021-09-17,459.68408203125,12113274
2021-09-20,431.84356689453125,18031539
2021-09-21,438.2571105957031,18750888
2021-09-22,449.91802978515625,13613171
2021-09-23,469.5958557128906,12757667
2021-09-24,465.2230224609375,9226843
2021-09-27,467.79815673828125,6825039
2021-09-28,464.6400146484375,6148679
2021-09-29,480.1878967285156,9508220
2021-09-30,474.1630859375,14333358
2021-10-01,470.6648254394531,8072310
2021-10-04,491.41156005859375,10303925
2021-10-05,481.3053894042969,8162109
2021-10-06,462.45355224609375,11231113
2021-10-07,464.0083312988281,9774465
2021-10-08,460.2671203613281,7086881
2021-10-11,473.725830078125,5565678
2021-10-12,484.5607604980469,8685800
2021-10-13,493.6951599121094,8901206
2021-10-14,501.5177307128906,8876529
2021-10-18,527.4633178710938,23481789
2021-10-19,518.6690063476562,11017925
2021-10-20,498.45672607421875,9440844
2021-10-21,479.7991943359375,14173662
2021-10-22,457.15753173828125,19392383
2021-10-25,459.8784484863281,9196105
2021-10-26,472.3167419433594,8120433
2021-10-27,466.29193115234375,8972879
2021-10-28,455.55413818359375,12659503
2021-10-29,446.8084411621094,8306338
2021-11-01,464.6400146484375,7466267
2021-11-02,455.16546630859375,5953912
2021-11-03,464.7857666015625,6928590
2021-11-04,459.2467956542969,1615558
2021-11-08,456.5259094238281,13018619
2021-11-09,451.47283935546875,8628327
2021-11-10,437.0424499511719,14672997
2021-11-11,441.123779296875,7789754
2021-11-12,455.3111877441406,17010073
2021-11-15,443.01861572265625,8882843
2021-11-16,433.00970458984375,8937525
2021-11-17,432.8153381347656,7474301
2021-11-18,427.8594055175781,9688141
2021-11-22,429.65716552734375,10007050
2021-11-23,437.479736328125,9020906
2021-11-24,439.3260498046875,7761523
2021-11-25,434.4187316894531,8633424
2021-11-26,405.2177429199219,14826141
2021-11-29,408.27874755859375,19069247
2021-11-30,401.08782958984375,14850682
2021-12-01,412.8945617675781,8183556
2021-12-02,419.8911437988281,7775405
2021-12-03,412.651611328125,5938378
2021-12-06,409.44488525390625,8160853
2021-12-07,429.9972839355469,18303734
2021-12-08,444.5248718261719,13700443
2021-12-09,442.77569580078125,5586232
2021-12-10,442.24127197265625,5308752
2021-12-13,445.3022766113281,9401208
2021-12-14,448.65478515625,8027659
2021-12-15,445.3994445800781,3651118
2021-12-16,437.7712097167969,8879417
2021-12-17,437.43109130859375,14337902
2021-12-20,420.86285400390625,5952052
2021-12-21,432.8639221191406,5029410
2021-12-22,450.2581787109375,7765878
2021-12-23,448.26605224609375,6986665
2021-12-24,445.93389892578125,3122116
2021-12-27,440.0062255859375,6146709
2021-12-28,445.205078125,2889804
2021-12-29,441.415283203125,3050356
2021-12-30,436.9452209472656,3843627
2021-12-31,462.1134338378906,18257598
2022-01-03,464.5428161621094,5549693
2022-01-04,462.64788818359375,5063834
2022-01-05,461.9190979003906,4489031
2022-01-06,465.5631408691406,12132277
2022-01-07,479.5562744140625,9300149
2022-01-10,478.9732360839844,4746931
2022-01-11,472.6083068847656,5346073
2022-01-12,483.88055419921875,9296587
2022-01-13,493.16070556640625,9366574
2022-01-14,492.0431823730469,5461072
2022-01-17,491.6545104980469,6721706
2022-01-18,481.9856262207031,6194537
2022-01-19,490.5369873046875,5799747
2022-01-20,489.1765441894531,4243563
2022-01-21,492.3833312988281,14173177
2022-01-24,464.8829040527344,11020372
2022-01-25,472.0252380371094,5498495
2022-01-27,475.32916259765625,6746500
2022-01-28,476.4952697753906,6616401
2022-01-31,475.23199462890625,4846015
2022-02-01,496.56182861328125,9809417
2022-02-02,499.428466796875,7283452
2022-02-03,498.16522216796875,5078613
2022-02-04,510.31207275390625,12631663
2022-02-07,507.83404541015625,10939353
2022-02-08,511.91534423828125,9863290
2022-02-09,526.9774169921875,9235351
2022-02-10,531.7876586914062,10906403
2022-02-11,527.3662109375,9110193
2022-02-14,506.5221862792969,4995178
2022-02-15,518.76611328125,8233217
2022-02-16,514.3447875976562,4348474
2022-02-17,517.5029296875,5340469
2022-02-18,514.63623046875,3344269
2022-02-21,497.5335388183594,6308263
2022-02-22,501.6148986816406,10664925
2022-02-23,504.0442810058594,8928934
2022-02-24,503.0239562988281,24819208
2022-02-25,518.8148193359375,13815949
2022-02-28,557.538818359375,35212827
2022-03-02,583.144287109375,41248362
2022-03-03,589.1691284179688,18676314
2022-03-04,567.3048706054688,20490598
2022-03-07,602.2390747070312,20963374
2022-03-08,573.2810668945312,19477245
2022-03-09,571.4347534179688,15686460
2022-03-10,577.0223388671875,14824703
2022-03-11,572.455078125,7635725
2022-03-14,574.1070556640625,7904911
2022-03-15,543.9343872070312,13005715
2022-03-16,556.5184936523438,10485661
2022-03-17,560.5026245117188,11581454
2022-03-21,573.2810668945312,14159371
2022-03-22,576.6821899414062,7490300
2022-03-23,591.25830078125,13581577
2022-03-24,604.376953125,12139664
2022-03-25,605.1057739257812,11087146
2022-03-28,612.393798828125,7075442
2022-03-29,613.4627685546875,5245788
2022-03-30,582.8528442382812,11195965
2022-03-31,553.4088745117188,23497993
2022-04-01,554.380615234375,15300787
2022-04-04,570.9003295898438,15845385
2022-04-05,570.2687377929688,7065571
2022-04-06,564.826904296875,9648592
2022-04-07,558.5105590820312,9357569
2022-04-08,565.3128051757812,7157576
2022-04-11,560.0653686523438,8297062
2022-04-12,527.0260009765625,16701775
2022-04-13,531.3016967773438,7396320
2022-04-18,529.9412231445312,7550655
2022-04-19,525.519775390625,8143101
2022-04-20,529.6011352539062,4725779
2022-04-21,524.9853515625,8575442
2022-04-22,499.622802734375,23871439
2022-04-25,481.4997253417969,10749312
2022-04-26,479.5076904296875,11623406
2022-04-27,478.3901672363281,17623544
2022-04-28,474.79473876953125,25042778
2022-04-29,469.0128479003906,12462169
2022-05-02,470.71337890625,14625673
2022-05-04,448.6061706542969,10366562
2022-05-05,448.5576171875,6328868
2022-05-06,431.21197509765625,8595262
2022-05-09,431.55206298828125,10773327
2022-05-10,411.0482177734375,9661841
2022-05-11,410.6109313964844,14197501
2022-05-12,394.3828430175781,23831422
2022-05-13,377.0371398925781,17007818
2022-05-16,379.90380859375,13900633
2022-05-17,416.295654296875,37772554
2022-05-18,423.778076171875,18052317
2022-05-19,405.2177429199219,10319381
2022-05-20,416.9758605957031,9703961
2022-05-23,401.4765625,15828786
2022-05-24,389.4754943847656,12840838
2022-05-25,385.6371154785156,11103850
2022-05-26,396.3263244628906,13391224
2022-05-27,397.58953857421875,20350558
2022-05-30,404.9748229980469,7161082
2022-05-31,410.6109313964844,39115757
2022-06-01,399.04718017578125,12551513
2022-06-02,398.3183898925781,7202046
2022-06-03,395.25738525390625,12229014
2022-06-06,397.58953857421875,8810058
2022-06-07,392.7794494628906,7636671
2022-06-08,392.0992126464844,6911005
2022-06-09,388.45513916015625,8798828
2022-06-10,374.8507385253906,14541630
2022-06-13,356.0960693359375,12269608
2022-06-14,348.17626953125,11273145
2022-06-15,347.39892578125,8393144
2022-06-16,326.60357666015625,16614475
2022-06-17,324.27142333984375,18606308
2022-06-20,312.4161071777344,20646347
2022-06-21,329.6645812988281,15208306
2022-06-22,307.5088195800781,19176515
2022-06-23,308.6263122558594,18756690
2022-06-24,313.1934509277344,11621311
2022-06-27,320.6273498535156,15014176
2022-06-28,333.8430480957031,15742835
2022-06-29,334.4261169433594,12659696
2022-06-30,329.08148193359375,21225418
2022-07-01,331.5108947753906,11278576
2022-07-04,330.8792419433594,10905377
2022-07-05,335.49505615234375,20928565
2022-07-06,331.3165588378906,22317536
2022-07-07,351.4316711425781,18699515
2022-07-08,347.4474792480469,25506273
2022-07-11,346.13568115234375,13745531
2022-07-12,337.09844970703125,16896696
2022-07-13,339.04193115234375,13690887
2022-07-14,339.2362365722656,9511166
2022-07-15,340.6452941894531,10062417
2022-07-18,356.7276916503906,13863266
2022-07-19,357.5536804199219,10868823
2022-07-20,358.9140930175781,10150339
2022-07-21,365.3276062011719,12521152
2022-07-22,370.4778747558594,9498042
2022-07-25,376.11395263671875,7734139
2022-07-26,371.1095275878906,5532712
2022-07-27,377.66876220703125,4744697
2022-07-28,381.3128356933594,7586494
2022-07-29,403.3228759765625,15509534
2022-08-01,412.0199890136719,15535311
2022-08-02,406.57818603515625,15535733
2022-08-03,402.5454406738281,6883530
2022-08-04,409.7850036621094,20678616
2022-08-05,399.1929016113281,12217436
2022-08-08,409.493408203125,7643955
2022-08-10,427.66510009765625,23766201
2022-08-11,425.1153564453125,14865139
2022-08-12,427.8121643066406,9420634
2022-08-16,420.6043395996094,11154059
2022-08-17,430.4599609375,12297570
2022-08-18,429.5773620605469,6755688
2022-08-19,419.08428955078125,8116871
2022-08-22,410.4054870605469,7407485
2022-08-23,419.6236572265625,8605014
2022-08-24,420.5552978515625,6538727
2022-08-25,424.3798522949219,6818164
2022-08-26,431.5386657714844,11051127
2022-08-29,421.8791809082031,7716457
2022-08-30,430.50897216796875,8824878
2022-09-01,413.78875732421875,14093149
2022-09-02,406.8750915527344,10102220
2022-09-05,420.99658203125,14707728
2022-09-06,422.61468505859375,6180669
2022-09-07,424.4779357910156,7043379
2022-09-08,412.41583251953125,12076714
2022-09-09,417.7604064941406,8000436
2022-09-12,422.810791015625,5530132
2022-09-13,428.20440673828125,7628228
2022-09-14,433.4509582519531,12387075
2022-09-15,416.19134521484375,13039806
2022-09-16,404.52154541015625,14826674
2022-09-19,404.17828369140625,6080201
2022-09-20,413.2984313964844,8758050
2022-09-21,403.3937683105469,6859320
2022-09-22,404.1292724609375,8704463
2022-09-23,388.6839294433594,9228856
2022-09-26,366.17779541015625,13092570
2022-09-27,366.3739318847656,14934966
2022-09-28,353.7724914550781,10751444
2022-09-29,364.02032470703125,14020084
2022-09-30,382.9960632324219,17706821
2022-10-03,373.581787109375,8504297
2022-10-04,386.4283752441406,9017446
2022-10-06,404.6686096191406,11758976
2022-10-07,403.1486511230469,5241693
2022-10-10,399.6182556152344,6519737
2022-10-11,388.3896789550781,7054654
2022-10-12,392.4594421386719,6584436
2022-10-13,393.7833251953125,16565725
2022-10-14,389.4684143066406,6115990
2022-10-17,380.7895812988281,8966396
2022-10-18,385.8399963378906,7081590
2022-10-19,382.7508850097656,6208852
2022-10-20,387.55615234375,8222063
2022-10-21,386.1341857910156,7988528
2022-10-24,387.89935302734375,793366
2022-10-25,390.6942443847656,6156624
2022-10-27,404.4234313964844,9752346
2022-10-28,397.1175842285156,6569623
2022-10-31,397.80401611328125,4257977
2022-11-01,406.384765625,7483252
2022-11-02,413.15130615234375,11554760
2022-11-03,402.4131164550781,7304472
2022-11-04,422.2223815917969,13317485
2022-11-07,429.0379943847656,9887999
2022-11-09,409.0325622558594,13898567
2022-11-10,407.07122802734375,5574432
2022-11-11,421.53594970703125,14060782
2022-11-14,446.7388610839844,30135088
2022-11-15,448.0627746582031,11841577
2022-11-16,438.7464904785156,7137989
2022-11-17,431.9309387207031,6533823
2022-11-18,430.1167297363281,6128677
2022-11-21,422.2223815917969,6372470
2022-11-22,422.32049560546875,6108017
2022-11-23,424.96826171875,6031033
2022-11-24,429.8715515136719,4733568
2022-11-25,432.1270446777344,4800030
2022-11-28,422.810791015625,5613201
2022-11-29,427.5179748535156,6518828
2022-11-30,441.9826965332031,13921394
2022-12-01,454.4370422363281,13243436
2022-12-02,452.1815185546875,6621056
2022-12-05,471.89276123046875,14599958
2022-12-06,460.9093933105469,7409338
2022-12-07,455.31964111328125,5510513
2022-12-08,462.5274658203125,4902003
2022-12-09,453.897705078125,5405738
2022-12-12,453.0151062011719,4809486
2022-12-13,449.23956298828125,4359377
2022-12-14,460.2229309082031,6639699
2022-12-15,452.08343505859375,3986930
2022-12-16,447.9156799316406,6460140
2022-12-19,451.2499084472656,3690005
2022-12-20,448.2098388671875,7580480
2022-12-21,448.30792236328125,5557133
2022-12-22,446.6898498535156,4435416
2022-12-23,421.24176025390625,7766201
2022-12-26,434.382568359375,3939359
2022-12-27,461.8900146484375,13898138
2022-12-28,456.9377136230469,7519133
2022-12-29,460.8113098144531,8427104
2022-12-30,464.194580078125,8024424
2023-01-02,477.6296081542969,11255811
2023-01-03,470.617919921875,5906501
2023-01-04,452.57379150390625,9899885
2023-01-05,456.69256591796875,7087634
2023-01-06,453.7015380859375,6004013
2023-01-09,461.6448974609375,6047398
2023-01-10,468.3133239746094,7092319
2023-01-11,481.4541931152344,11383752
2023-01-12,476.2566833496094,7278634
2023-01-13,479.0515441894531,7445162
2023-01-16,473.7069396972656,3294109
2023-01-17,478.463134765625,7819426
2023-01-18,493.22210693359375,12045667
2023-01-19,489.2503967285156,7945795
2023-01-20,480.4735107421875,5664588
2023-01-23,484.6413269042969,5559031
2023-01-24,475.2760009765625,3293586
2023-01-25,479.6399841308594,7341066
2023-01-27,469.7353210449219,4591590
2023-01-30,463.21392822265625,5804476
2023-01-31,459.34033203125,5679604
2023-02-01,458.80096435546875,6075062
2023-02-02,456.39837646484375,3356544
2023-02-03,450.75958251953125,5707642
2023-02-06,438.6974792480469,4398369
2023-02-07,421.24176025390625,16652967
2023-02-08,428.05731201171875,6121515
2023-02-09,435.9516296386719,11431814
2023-02-10,424.7721252441406,6648361
2023-02-13,419.42755126953125,6437475
2023-02-14,426.3902282714844,3951666
2023-02-15,425.556640625,3623450
2023-02-16,426.2921447753906,4282249
2023-02-17,421.1927185058594,4014137
2023-02-20,425.850830078125,3749802
2023-02-21,423.1540222167969,3761409
2023-02-22,421.3888854980469,5276939
2023-02-23,428.0083312988281,5037774
2023-02-24,407.21832275390625,10814032
2023-02-27,403.8350830078125,8301373
2023-02-28,391.4787902832031,12174759
2023-03-01,405.0608825683594,7935816
2023-03-02,402.8543701171875,4804013
2023-03-03,408.83642578125,5102333
2023-03-06,406.48284912109375,5071598
2023-03-08,399.8634033203125,7044653
2023-03-09,400.942138671875,6982179
2023-03-10,397.80401611328125,5239128
2023-03-13,394.46978759765625,5962595
2023-03-14,394.91107177734375,5841181
2023-03-15,398.2943420410156,5681268
2023-03-16,377.50439453125,16739755
2023-03-17,389.02716064453125,9861244
2023-03-20,378.2889404296875,6331283
2023-03-21,381.0347595214844,6080002
2023-03-22,385.1535339355469,6511605
2023-03-23,391.08648681640625,10453779
2023-03-24,380.8876647949219,8833099
2023-03-27,382.4076843261719,7066058
2023-03-28,385.3006286621094,6424209
2023-03-29,391.3316650390625,6959623
2023-03-31,397.5098571777344,7468634
2023-04-03,394.76397705078125,5200766
2023-04-05,395.4994812011719,5607641
2023-04-06,397.4117431640625,4174551
2023-04-10,403.4918518066406,5327008
2023-04-11,409.4738464355469,4965642
2023-04-12,409.5718994140625,4701591
2023-04-13,413.8868103027344,6368113
2023-04-17,420.408203125,6920340
2023-04-18,423.20306396484375,4866068
2023-04-19,424.6740417480469,5982454
2023-04-20,421.53594970703125,3830118
2023-04-21,414.1810302734375,5139533
2023-04-24,419.5256042480469,2308450
2023-04-25,421.4869079589844,3648159
2023-04-26,416.5835876464844,5184973
2023-04-27,422.4675598144531,3271257
2023-04-28,427.6650390625,4913550
2023-05-02,437.52069091796875,5178547
2023-05-03,433.7451171875,4826725
2023-05-04,436.88323974609375,3100187
2023-05-05,425.850830078125,3034975
2023-05-08,436.44195556640625,4090222
2023-05-09,431.8328857421875,2941913
2023-05-10,428.0083312988281,3075599
2023-05-11,412.71002197265625,11081500
2023-05-12,396.9214172363281,11152831
2023-05-15,402.7563781738281,5148782
2023-05-16,404.4725341796875,4010692
2023-05-17,399.8143615722656,3727878
2023-05-18,398.6375732421875,4078918
2023-05-19,398.88275146484375,5523299
2023-05-22,399.8143615722656,4237198
2023-05-23,402.36407470703125,3690618
2023-05-24,399.0298156738281,7866105
2023-05-25,396.4311218261719,8018242
2023-05-26,405.55120849609375,6401768
2023-05-29,411.7784118652344,8350721
2023-05-30,405.1098937988281,5596603
2023-05-31,398.0491638183594,22945527
2023-06-01,398.490478515625,4269628
2023-06-02,412.6119689941406,11695310
2023-06-05,411.582275390625,8039709
2023-06-06,407.5125427246094,4383684
2023-06-07,414.42620849609375,6911473
2023-06-08,410.16033935546875,5571023
2023-06-09,407.022216796875,3518826
2023-06-12,408.73834228515625,2813911
2023-06-13,413.2493591308594,4247391
2023-06-14,416.8287658691406,7213168
2023-06-15,414.8674621582031,4863359
2023-06-16,418.6920471191406,7931068
2023-06-19,417.9075012207031,3950931
2023-06-20,420.6533508300781,5090801
2023-06-21,412.8081359863281,5689533
2023-06-22,411.9255065917969,3566261
2023-06-23,400.598876953125,5403772
2023-06-26,406.6789855957031,4460980
2023-06-27,409.6700134277344,3047635
2023-06-28,412.0726013183594,4613401
2023-06-30,412.8081359863281,4115005
2023-07-03,417.4172058105469,3693861
2023-07-04,417.5643005371094,2721964
2023-07-05,413.34747314453125,4783528
2023-07-06,418.15264892578125,5021705
2023-07-07,414.5242614746094,6769909
2023-07-10,419.5746154785156,6502214
2023-07-11,416.4365234375,3055356
2023-07-12,416.6326599121094,2854995
2023-07-13,426.782470703125,11590791
2023-07-14,438.3052062988281,10801568
2023-07-17,438.4523010253906,8441112
2023-07-18,435.9026184082031,3963196
2023-07-19,430.7051086425781,5062700
2023-07-20,433.0096435546875,5156038
2023-07-21,426.0959777832031,4309067
2023-07-24,424.5760192871094,3399581
2023-07-25,440.805908203125,8482756
2023-07-26,440.3155517578125,4218466
2023-07-27,442.66912841796875,5615100
2023-07-28,442.7672119140625,3886408
2023-07-31,453.6524963378906,4974267
2023-08-01,455.1235046386719,6249656
2023-08-02,445.70916748046875,5986653
2023-08-03,444.5323791503906,4026983
2023-08-04,448.1607971191406,7576934
2023-08-07,455.8590087890625,3770469
2023-08-08,445.954345703125,6448476
2023-08-09,459.8306579589844,6171305
2023-08-10,459.8306579589844,4285159
2023-08-11,453.50543212890625,4422888
2023-08-14,444.96734619140625,4566085
2023-08-16,439.4397888183594,5066857
2023-08-17,441.8087463378906,3558210
2023-08-18,433.81353759765625,3990678
2023-08-21,443.58544921875,3775298
2023-08-22,444.5231628417969,3254685
2023-08-23,455.2821350097656,9182054
2023-08-24,450.5935974121094,5950400
2023-08-25,444.17767333984375,3304204
2023-08-28,440.5255432128906,4259997
2023-08-29,450.1493835449219,6062408
2023-08-30,450.84033203125,5510658
2023-08-31,453.9002380371094,9294166
2023-09-01,467.1268310546875,11151562
2023-09-04,480.3534851074219,10359653
2023-09-05,479.81060791015625,4941534
2023-09-06,471.96343994140625,5138246
2023-09-07,468.95294189453125,4055611
2023-09-08,469.9893493652344,5637990
2023-09-11,478.5767822265625,5960678
2023-09-12,471.5686340332031,6817270
2023-09-13,476.9481201171875,4162140
2023-09-14,490.9150390625,16108768
2023-09-15,490.1253967285156,8515363
2023-09-18,478.2312927246094,6238600
2023-09-20,472.11151123046875,5861905
2023-09-21,473.3453369140625,5146457
2023-09-22,472.6544189453125,3684720
2023-09-25,463.27734375,5768069
2023-09-26,465.3995056152344,4666823
2023-09-27,468.80487060546875,5656858
2023-09-28,460.8096923828125,5869780
2023-09-29,486.2758483886719,11604605
2023-10-03,473.74017333984375,4657602
2023-10-04,467.27490234375,3302259
2023-10-05,464.4617919921875,4801287
2023-10-06,466.48529052734375,3134022
2023-10-09,463.72149658203125,2681298
2023-10-10,474.43109130859375,7863825
2023-10-11,477.6390380859375,7006735
2023-10-12,478.1325988769531,6895255
2023-10-13,474.38177490234375,4652247
2023-10-16,477.1455383300781,5043158
2023-10-17,478.083251953125,4495043
2023-10-18,478.7742004394531,7437952
2023-10-19,473.74017333984375,6035837
2023-10-20,465.6462707519531,2777724
2023-10-23,450.791015625,2994345
2023-10-25,455.2327880859375,7854105
2023-10-26,450.74163818359375,6625855
2023-10-27,450.24810791015625,6193726
2023-10-30,450.74163818359375,7523779
2023-10-31,453.5547790527344,5236060
2023-11-01,456.71337890625,4931538
2023-11-02,468.0645751953125,3933951
2023-11-03,469.0516357421875,3274345
2023-11-06,475.7143249511719,4294682
2023-11-07,478.2806396484375,5425669
2023-11-08,481.7353515625,8220612
2023-11-09,478.1819763183594,3271496
2023-11-10,475.07269287109375,3498064
2023-11-13,481.1924743652344,4918873
2023-11-15,498.86090087890625,11674265
2023-11-16,497.7751159667969,4171759
2023-11-17,491.30987548828125,3595049
2023-11-20,490.8656921386719,4305637
2023-11-21,500.2921447753906,7154476
2023-11-22,493.77752685546875,4337970
2023-11-23,495.4555358886719,6628259
2023-11-24,501.22979736328125,5973059
2023-11-28,508.92889404296875,7804926
2023-11-29,510.7549743652344,6275280
2023-11-30,508.978271484375,7599701
2023-12-01,510.5082092285156,4933886
2023-12-04,512.5316772460938,5985489
2023-12-05,513.91357421875,6399021
2023-12-06,516.2332153320312,4831956
2023-12-07,509.37310791015625,4628885
2023-12-08,513.617431640625,3733998
2023-12-11,515.6409912109375,2597347
2023-12-12,520.6256103515625,9498031
2023-12-13,525.9556884765625,4000017
2023-12-14,536.0731201171875,7190654
2023-12-15,550.0400390625,8191005
2023-12-18,559.0716552734375,5076184
2023-12-19,557.5416870117188,4484733
2023-12-20,541.1071166992188,6959868
2023-12-21,549.052978515625,4591119
2023-12-22,563.0692749023438,7865384
2023-12-26,572.3475952148438,4649730
2023-12-27,597.764404296875,12430827
2023-12-28,606.3519287109375,7139743
2023-12-29,606.8947143554688,3995822
2024-01-01,602.5023803710938,2961919
2024-01-02,609.0169067382812,4975013
2024-01-03,585.3768310546875,7226455
2024-01-04,582.8598022460938,6592370
2024-01-05,579.4050903320312,2990123
2024-01-08,570.1760864257812,4425767
2024-01-09,568.4981079101562,5314029
2024-01-10,572.5450439453125,2408792
2024-01-11,569.4851684570312,3899383
2024-01-12,574.5191040039062,2440863
2024-01-15,567.2149047851562,3778987
2024-01-16,572.051513671875,5187155
2024-01-17,553.001220703125,6148035
2024-01-18,547.720458984375,3784905
2024-01-19,549.8919067382812,4451789
2024-01-23,534.3950805664062,7867972
2024-01-24,557.8378295898438,8619429
2024-01-25,559.861328125,5366990
2024-01-29,560.55224609375,5126212
2024-01-30,561.884765625,7968815
2024-01-31,571.8540649414062,5644545
2024-02-01,563.85888671875,3509803
2024-02-02,575.9503784179688,7145858
2024-02-05,572.39697265625,4801118
2024-02-06,577.332275390625,4099573
2024-02-07,584.5872192382812,9415146
2024-02-08,593.5200805664062,11844758
2024-02-09,583.6494140625,5105348
2024-02-12,574.9140014648438,4595403
2024-02-13,503.5000915527344,46100123
2024-02-14,501.22979736328125,16634538
2024-02-15,506.55999755859375,13303658
2024-02-16,509.0276184082031,12066565
2024-02-19,505.6716003417969,5580597
2024-02-20,504.9806823730469,5186970
2024-02-21,505.1780700683594,18106978
2024-02-22,514.4071655273438,8727844
2024-02-23,511.643310546875,6445580
2024-02-26,498.5154113769531,7605543
2024-02-27,503.055908203125,6741206
2024-02-28,497.8738098144531,4406098
2024-02-29,497.3309326171875,16860796
2024-03-01,512.3836059570312,9882296
2024-03-04,518.157958984375,5989974
2024-03-05,515.3447875976562,5729926
2024-03-06,520.132080078125,4637732
2024-03-07,529.7559204101562,7909060
2024-03-11,526.7947998046875,5527908
2024-03-12,522.106201171875,3703670
2024-03-13,500.440185546875,5712435
2024-03-14,518.4541015625,10349338
2024-03-15,525.6596069335938,8467660
2024-03-18,524.2777709960938,4282437
2024-03-19,526.745361328125,7119131
2024-03-20,521.0203857421875,5005234
2024-03-21,532.7171020507812,8795679
2024-03-22,540.6629028320312,5518261
2024-03-26,551.4219970703125,7198061
2024-03-27,550.4348754882812,5320703
2024-03-28,553.001220703125,8326754
2024-04-01,561.2431030273438,6192790
2024-04-02,563.8095703125,4626877
2024-04-03,569.1396484375,7514291
2024-04-04,570.2747802734375,7246259
2024-04-05,562.6744384765625,4884617
2024-04-08,569.3370971679688,3276169
2024-04-09,580.9844360351562,7829711
2024-04-10,595.2474365234375,11748104
2024-04-12,590.9044189453125,15994496
2024-04-15,604.7725830078125,27067692
2024-04-16,600.9723510742188,10722248
2024-04-18,604.8712768554688,9953539
2024-04-19,606.7960815429688,6443897
2024-04-22,610.5469360351562,6503652
2024-04-23,603.8842163085938,6154126
2024-04-24,627.8698120117188,11775700
2024-04-25,638.4313354492188,11897458
2024-04-26,640.8990478515625,7545608
2024-04-29,641.6393432617188,4157501
2024-04-30,636.0625,4771959
2024-05-02,633.150634765625,17929526
2024-05-03,638.7274780273438,10633995
2024-05-06,630.534912109375,10094421
2024-05-07,612.1755981445312,10787196
2024-05-08,625.303466796875,7683352
2024-05-09,611.3859252929688,6588118
2024-05-10,617.505615234375,4364788
2024-05-13,625.303466796875,3582386
2024-05-14,638.2833251953125,8339846
2024-05-15,645.2421264648438,6764257
2024-05-16,644.8966064453125,8781056
2024-05-17,646.969482421875,5026205
2024-05-21,684.6258544921875,15976672
2024-05-22,675.6929321289062,8004434
2024-05-23,668.043212890625,9749101
2024-05-24,664.5391235351562,15930052
2024-05-27,669.0796508789062,10475785
2024-05-28,672.4850463867188,12925385
2024-05-29,696.1744384765625,22684652
2024-05-30,686.1558227539062,10361716
2024-05-31,680.4308471679688,13620282
2024-06-03,686.9454956054688,7081956
2024-06-04,640.6522216796875,24250212
2024-06-05,686.2545166015625,25836374
2024-06-06,668.734130859375,10420244
2024-06-07,671.5472412109375,7172942
2024-06-10,667.6484375,4054802
2024-06-11,664.2430419921875,5157918
2024-06-12,665.1807861328125,10783822
2024-06-13,671.892822265625,9555904
2024-06-14,674.7552490234375,8326865
2024-06-18,669.968017578125,4013739
2024-06-19,653.82958984375,4770356
2024-06-20,667.7471313476562,6646966
2024-06-21,675.6436157226562,11973903
2024-06-24,676.3839111328125,8014595
2024-06-25,676.630615234375,5778636
2024-06-26,665.9703979492188,6069407
2024-06-27,676.3839111328125,7135387
2024-06-28,684.5765380859375,6101211
2024-07-01,680.9243774414062,4870114
2024-07-02,685.760986328125,5482768
2024-07-03,682.7011108398438,5875690
2024-07-04,682.8984375,5924057
2024-07-05,690.1041259765625,5174673
2024-07-08,688.1793212890625,2636146
2024-07-09,697.8525390625,5507357
2024-07-10,684.3297119140625,5327276
2024-07-11,687.2909545898438,6856272
2024-07-12,683.095947265625,3839953
2024-07-15,691.041748046875,2848268
2024-07-16,681.862060546875,4570179
2024-07-18,681.0231323242188,7841505
2024-07-19,654.4218139648438,6207375
2024-07-22,663.6014404296875,3291634
2024-07-23,645.0447387695312,9602846
2024-07-24,643.1692504882812,2610134
2024-07-25,638.1846313476562,6171776
2024-07-26,658.9622192382812,4730539
2024-07-29,658.221923828125,6032470
2024-07-30,651.9541015625,6714850
2024-07-31,660.9363403320312,8551592
2024-08-01,664.7859497070312,8831127
2024-08-02,639.6652221679688,6717210
2024-08-05,606.3519287109375,13451475
2024-08-06,602.4036254882812,7063441
2024-08-07,615.6303100585938,4839670
2024-08-08,606.1051025390625,5396272
2024-08-09,618.365234375,3629264
2024-08-12,624.7682495117188,3586449
2024-08-13,616.8761596679688,6793767
2024-08-14,616.92578125,8646288
2024-08-16,629.5333251953125,6566337
2024-08-19,654.053466796875,9510274
2024-08-20,668.001220703125,10295836
2024-08-21,680.6087036132812,7815238
2024-08-22,680.55908203125,6188728
2024-08-23,680.1123657226562,7774920
2024-08-26,706.6676025390625,11517668
2024-08-27,698.37841796875,6465241
2024-08-28,699.9171752929688,3599946
2024-08-29,695.4002685546875,5728640
2024-08-30,696.2440795898438,7404373
2024-09-02,678.921142578125,6186645
2024-09-03,673.9575805664062,4457291
2024-09-04,661.9456176757812,5816848
2024-09-05,665.0726928710938,3749608
2024-09-06,662.243408203125,6311131
2024-09-09,653.7556762695312,5144488
2024-09-10,654.6987915039062,3304741
2024-09-11,642.9846801757812,3825823
2024-09-12,671.2772216796875,8594764
2024-09-13,668.3486938476562,5977861
2024-09-16,680.1620483398438,4258546
2024-09-17,678.0277099609375,3395470
2024-09-18,680.2612915039062,3404940
2024-09-19,679.2189331054688,5134590
2024-09-20,689.3447265625,9753966
2024-09-23,685.522705078125,2808114
2024-09-24,712.6239624023438,15201960
2024-09-25,713.2196044921875,9525319
2024-09-26,729.3016967773438,10573166
2024-09-27,741.710693359375,12936973
2024-09-30,750.6947631835938,8566640
2024-10-01,756.0057983398438,4402151
2024-10-03,741.6610107421875,5649089
2024-10-04,742.4552001953125,4624509
2024-10-07,725.9760131835938,5862059
2024-10-08,716.5452270507812,5418558
2024-10-09,722.2533569335938,3733320
2024-10-10,724.83447265625,3890250
2024-10-11,741.9091796875,5224383
2024-10-14,737.5908813476562,2540789
2024-10-15,721.65771484375,3056619
2024-10-16,727.762939453125,3207796
2024-10-17,729.4505615234375,6213860
2024-10-18,748.0144653320312,5474367
2024-10-21,734.215576171875,2981749
2024-10-22,715.0064697265625,5672302
2024-10-23,711.87939453125,6522834
2024-10-24,685.671630859375,14909729
2024-10-25,673.8086547851562,4091651
2024-10-28,687.8556518554688,2587719
2024-10-29,688.5504760742188,4293867
2024-10-30,683.3883666992188,3284187
2024-10-31,681.0554809570312,4478581
2024-11-01,685.8701782226562,472898
2024-11-04,669.3909912109375,5245661
2024-11-05,692.4717407226562,4931994
2024-11-06,703.0442504882812,5500043
2024-11-07,643.3817138671875,26671445
2024-11-08,645.7146606445312,7886228
2024-11-11,650.5789794921875,4933389
2024-11-12,646.9059448242188,12009560
2024-11-13,622.0382690429688,7867492
2024-11-14,622.7827758789062,6937416
2024-11-18,646.3102416992188,13618683
2024-11-19,635.3406982421875,5015887
2024-11-21,643.3320922851562,7910597
2024-11-22,647.3526000976562,3586402
2024-11-25,655.0462036132812,5760810
2024-11-26,661.2506713867188,3604133
2024-11-27,656.287109375,2910507
2024-11-28,645.51611328125,4686850
2024-11-29,651.4227905273438,3412007
2024-12-02,657.7761840820312,2174126
2024-12-03,662.6901245117188,3306465
2024-12-04,658.222900390625,2785457
2024-12-05,665.9661254882812,5156111
2024-12-06,665.271240234375,2723680
2024-12-09,666.0158081054688,5079369
2024-12-10,664.0303344726562,3950822
2024-12-11,665.6187133789062,3418716
2024-12-12,663.831787109375,6585440
2024-12-13,657.27978515625,4198819
2024-12-16,648.742431640625,2619582
2024-12-17,634.7947387695312,4800541
2024-12-18,628.3916625976562,3753662
2024-12-19,624.7682495117188,5198027
2024-12-20,618.1170654296875,5964142
2024-12-23,629.5333251953125,2921238
2024-12-24,622.882080078125,4830151
2024-12-26,624.172607421875,4476967
2024-12-27,612.9052734375,3391148
2024-12-30,596.723876953125,8023050
2024-12-31,598.0640869140625,3807525
2025-01-01,588.6332397460938,9217246
2025-01-02,594.6392211914062,8525001
2025-01-03,586.8463745117188,6291674
2025-01-06,569.9204711914062,11202314
2025-01-07,580.2447509765625,5379682
2025-01-08,582.379150390625,4077369
2025-01-09,584.960205078125,7595188
2025-01-10,570.2679443359375,10613705
2025-01-13,559.6458129882812,7689295
2025-01-14,586.5982055664062,8506497
2025-01-15,587.243408203125,4390121
2025-01-16,598.2129516601562,4959410
2025-01-17,612.5081787109375,6414327
2025-01-20,613.6498413085938,2995173
2025-01-21,610.4730834960938,3529837
2025-01-22,608.9840087890625,4426051
2025-01-23,603.8218994140625,6826419
2025-01-24,602.4817504882812,4608870
2025-01-27,582.6273193359375,2919161
2025-01-28,569.6723022460938,6250865
2025-01-29,579.84765625,4618198
2025-01-30,583.5703735351562,4604752
2025-01-31,589.973388671875,3750965
2025-02-01,582.1806030273438,1740719
2025-02-03,569.870849609375,8169543
2025-02-04,579.6987915039062,5318376
2025-02-05,596.2275390625,3974704
2025-02-06,591.1150512695312,3571342
2025-02-07,602.9780883789062,4687823
2025-02-10,591.6610717773438,3434505
2025-02-11,591.5121459960938,5303293
2025-02-12,594.5399780273438,3764143
2025-02-13,598.1137084960938,4415122
2025-02-14,601.7868041992188,11475440
2025-02-17,606.4028930664062,4470099
2025-02-18,606.9985961914062,2956837
2025-02-19,621.740478515625,6101855
2025-02-20,634.1494750976562,6904537
2025-02-21,648.7920532226562,7490723
2025-02-24,637.2269287109375,5931712
2025-02-25,614.9403686523438,10249548
2025-02-27,627.349365234375,7263151
2025-02-28,629.7318115234375,13041185
2025-03-03,631.9158325195312,5368388
2025-03-04,636.978759765625,4430660
2025-03-05,652.5643920898438,7876653
2025-03-06,676.9853515625,10993614
2025-03-07,686.31689453125,8142832
2025-03-10,684.1329345703125,10707412
2025-03-11,690.4367065429688,5262297
2025-03-12,684.8278198242188,5219333
2025-03-13,672.4187622070312,4877884
2025-03-17,675.7940673828125,4033068
2025-03-18,675.7940673828125,0
2025-03-19,693.4644775390625,5462686
2025-03-20,700.8106079101562,4670064
2025-03-21,690.2877807617188,7595841
2025-03-24,696.3930053710938,4296847
2025-03-25,688.401611328125,4552278
2025-03-26,686.2672729492188,3646226
2025-03-27,688.3023071289062,5002247
2025-03-28,677.481689453125,4362212
2025-04-01,658.9178466796875,5131883
2025-04-02,656.3864135742188,8357384
2025-04-03,647.898681640625,5646497
2025-04-04,595.5823364257812,9393865
2025-04-07,557.7100219726562,13117998
2025-04-08,564.2123413085938,8831753
2025-04-09,559.89404296875,7009318
2025-04-11,595.9297485351562,12562852
2025-04-15,613.103759765625,4871858
2025-04-16,605.4598999023438,4447732
2025-04-17,605.062744140625,4518317
2025-04-21,617.4717407226562,2655716
2025-04-22,615.5855712890625,4970919
2025-04-23,624.5200805664062,4674766
2025-04-24,623.7755126953125,3367773
2025-04-25,617.571044921875,3925971
2025-04-28,624.0733642578125,3965901
2025-04-29,618.0177612304688,4528870
2025-04-30,620.1024780273438,5905186
2025-05-02,625.909912109375,5494275
2025-05-05,628.788818359375,2552160
2025-05-06,625.463134765625,2778131
2025-05-07,631.6676635742188,3587997
2025-05-08,615.6848754882812,5791783
2025-05-09,622.5842895507812,3870212
2025-05-12,647.2037353515625,5474816
2025-05-13,630.1289672851562,6025310
2025-05-14,645.8139038085938,4819584
2025-05-15,656.5352783203125,7133226
2025-05-16,652.762939453125,2701320
2025-05-19,653.55712890625,3320756
2025-05-20,657.9251098632812,7950974
2025-05-21,658.1732788085938,8623519
2025-05-22,644.8211669921875,6784976
2025-05-23,645.3671875,3448707
2025-05-26,656.6345825195312,6826417
2025-05-27,654.649169921875,4223074
2025-05-28,645.2183227539062,3546275
2025-05-29,645.2679443359375,4545776
2025-05-30,628.8880615234375,9054009
2025-06-02,626.5054931640625,8397065
2025-06-03,627.3989868164062,3783426
2025-06-04,631.220947265625,3066925
2025-06-05,632.6107788085938,3565664
2025-06-06,645.4168701171875,5492102
2025-06-09,646.0620727539062,2822003
2025-06-10,653.55712890625,5693888
2025-06-11,650.4300537109375,3928464
2025-06-12,646.3102416992188,6539340
2025-06-13,637.1276245117188,4543933
2025-06-16,644.8707885742188,3422978
2025-06-17,637.0283813476562,4199339
2025-06-18,640.6517333984375,3412544
2025-06-19,636.6808471679688,4392425
2025-06-20,644.4241333007812,7166880
2025-06-23,656.5849609375,6080547
2025-06-24,664.5267333984375,5510353
2025-06-25,667.7530517578125,5533268
2025-06-26,685.5723266601562,8196123
2025-06-27,692.273193359375,5666934
2025-06-30,687.8059692382812,4919088
2025-07-01,689.2454223632812,5468762
2025-07-02,693.2659301757812,4566893
2025-07-03,687.8059692382812,4216075
2025-07-04,694.35791015625,2680991
2025-07-07,687.0614013671875,2481724
2025-07-08,680.6087036132812,3923236
2025-07-09,669.0435791015625,6703774
2025-07-10,670.1355590820312,3641238
2025-07-11,666.0654296875,4450346
2025-07-14,661.6478271484375,4338084
2025-07-15,665.9661254882812,4815703
2025-07-16,661.89599609375,4497141
2025-07-17,669.63916015625,4022119
2025-07-18,670.9793701171875,3400654
2025-07-21,677.7298583984375,4912558
2025-07-22,685.0263671875,3802270
2025-07-23,690.3374633789062,3640968
2025-07-24,690.5359497070312,4593102
2025-07-25,688.401611328125,5220901
2025-07-28,684.3314208984375,5031797
2025-07-29,687.6571044921875,2985507
2025-07-30,683.7854614257812,2829322
2025-07-31,678.0773315429688,6136890
2025-08-01,667.5545043945312,3475656
2025-08-04,682.6934814453125,2286286
2025-08-05,682.0978393554688,3302614
2025-08-06,679.8641967773438,2498667
2025-08-07,681.7999877929688,3417324
2025-08-08,672.75,3471816
2025-08-11,672.8499755859375,3235082
2025-08-12,667.0499877929688,12238878
2025-08-13,700.5,13151356
2025-08-14,695.25,4179259
2025-08-18,714.1500244140625,7211389
2025-08-19,706.7000122070312,5641195
2025-08-20,700.8499755859375,5358070
2025-08-21,707.2999877929688,3231092
2025-08-22,704.2000122070312,5623045
2025-08-25,715.8499755859375,4539337
2025-08-26,705.7000122070312,5229246
2025-08-28,701.4000244140625,5620555
2025-08-29,703.9500122070312,5335149
2025-09-01,719.5999755859375,3771744
2025-09-02,720.9500122070312,4660894
2025-09-03,742.9500122070312,8986550
2025-09-04,739.0499877929688,3763325
2025-09-05,743.7999877929688,2778157
2025-09-08,738.75,2703395
2025-09-09,742.9000244140625,3393363
2025-09-10,743.1500244140625,3351988
2025-09-11,742.6500244140625,3756027
2025-09-12,758.0499877929688,5698959
2025-09-15,753.6500244140625,2554957
2025-09-16,755.9500122070312,2662690
2025-09-17,750.0999755859375,4182521
2025-09-18,750.1500244140625,4915450
2025-09-19,743.2999877929688,5132517
2025-09-22,745.7000122070312,2232330
2025-09-23,745.9000244140625,3783529
2025-09-24,741.0499877929688,2415165
2025-09-25,745.6500244140625,4702510
2025-09-26,743.8499755859375,3636265
2025-09-29,753.7999877929688,4347158
2025-09-30,761.9500122070312,4718308
2025-10-01,765.9500122070312,3663841
2025-10-03,780.3499755859375,6522416
2025-10-06,776.7000122070312,3544658
2025-10-07,767.7999877929688,4918764
2025-10-08,768.2000122070312,6393179
2025-10-09,774.0999755859375,6806889
2025-10-10,773.9500122070312,4365229
2025-10-13,770.2000122070312,3077938
2025-10-14,760.0999755859375,3510594
2025-10-15,764.25,5690264
2025-10-16,780.0999755859375,4180590
2025-10-17,772.7999877929688,3254932
2025-10-20,786.3499755859375,4845432
2025-10-21,784.9500122070312,457667
2025-10-23,792.4000244140625,5916416
2025-10-24,824.4500122070312,16905398
2025-10-27,840.8499755859375,7308067
2025-10-28,848.9500122070312,8010504
2025-10-29,856.25,5663683
2025-10-30,861.3499755859375,4704178
2025-10-31,847.8499755859375,4138495
2025-11-03,847.2000122070312,4885067
2025-11-04,831.4000244140625,4673187
2025-11-06,788.4000244140625,34786635
2025-11-07,790.4000244140625,13189011
2025-11-10,785.2000122070312,5914226
2025-11-11,793.75,5411465
2025-11-12,794.4000244140625,7589035
2025-11-13,811.9500122070312,5854638
2025-11-14,803.6500244140625,4113598
2025-11-17,807.1500244140625,2770547
2025-11-18,797.1500244140625,7299555
2025-11-19,790.9500122070312,3005726
2025-11-20,799.7999877929688,6016713
2025-11-21,777.7000122070312,5099356
2025-11-24,774.6500244140625,5666985
2025-11-25,789.3499755859375,6090783
2025-11-26,800.7999877929688,3842280
2025-11-27,807.5499877929688,4481695
2025-11-28,808.4000244140625,3200488
2025-12-01,810.7999877929688,2064678
2025-12-02,806.8499755859375,4237151
2025-12-03,816.2999877929688,4948661
2025-12-04,810.7999877929688,3381601
2025-12-05,823.25,4273147
2025-12-08,819.4500122070312,4354685
2025-12-09,812.9000244140625,3394966
2025-12-10,821.75,5280811
2025-12-11,824.3499755859375,3098584
2025-12-12,852.0999755859375,8178645
2025-12-15,847.8499755859375,2521938
2025-12-16,837.1500244140625,2713249
2025-12-17,848.7999877929688,3270389
2025-12-18,856.7000122070312,4174631
2025-12-19,852.0,4939377
2025-12-22,864.5499877929688,4865457
2025-12-23,863.8499755859375,5452783
2025-12-24,864.4500122070312,3683590
2025-12-26,872.9000244140625,2334952
2025-12-29,865.0,9836341
2025-12-30,884.1500244140625,15280248
2025-12-31,886.7000122070312,3539118
2026-01-01,894.9500122070312,2566505
2026-01-02,925.7000122070312,5357771
2026-01-05,931.7000122070312,5278463
2026-01-06,942.25,10369133
2026-01-07,938.4500122070312,6555117
2026-01-08,903.9500122070312,6266789
2026-01-09,900.9500122070312,4320582
2026-01-12,920.1500244140625,6884726
2026-01-13,936.2999877929688,6868939
2026-01-14,955.3499755859375,7050653
2026-01-15,955.3499755859375,0
2026-01-16,934.6500244140625,4037987
2026-01-19,939.9500122070312,4007683
2026-01-20,928.0999755859375,5709976
2026-01-21,939.2000122070312,5590031
2026-01-22,944.4500122070312,6165965
2026-01-23,950.2999877929688,5958887
2026-01-27,961.8499755859375,10009735
2026-01-28,998.2000122070312,12615677
2026-01-29,1024.050048828125,14615261
2026-01-30,962.5999755859375,11977092
2026-02-02,930.5,9659915
2026-02-03,955.2999877929688,10099249
2026-02-04,964.9500122070312,4388355
2026-02-05,935.4500122070312,4580529
2026-02-06,942.5499877929688,3830296
2026-02-09,964.25,5294536
2026-02-10,968.9000244140625,4101779
2026-02-11,965.9500122070312,6275356
2026-02-12,964.4000244140625,4557796
2026-02-13,909.0,10170485
2026-02-16,907.4500122070312,6943209
2026-02-17,890.0999755859375,7099432
2026-02-18,899.25,3909665
2026-02-19,905.6500244140625,3522571
2026-02-20,935.7000122070312,5855696
2026-02-23,916.2000122070312,4932242
