date,adj_close,volume
2015-01-01,294.0238952636719,2583280
2015-01-02,302.3697204589844,8272990
2015-01-05,302.9956359863281,10316090
2015-01-06,290.14306640625,13282427
2015-01-07,282.29791259765625,21254332
2015-01-08,289.9761657714844,12558144
2015-01-09,285.3024597167969,15701030
2015-01-12,289.2250061035156,8304115
2015-01-13,284.5096130371094,13100848
2015-01-14,281.1712951660156,13127934
2015-01-15,294.4828796386719,16662989
2015-01-16,295.31744384765625,14726646
2015-01-19,301.1178894042969,10277015
2015-01-20,306.91815185546875,11477610
2015-01-21,307.5024108886719,12457852
2015-01-22,308.6290283203125,9320935
2015-01-23,309.38018798828125,13525550
2015-01-27,320.0628662109375,13932787
2015-01-28,320.5218505859375,14787690
2015-01-29,317.3921813964844,22085259
2015-01-30,301.0343017578125,31372235
2015-02-02,293.6483459472656,37165959
2015-02-03,289.2667236328125,25975650
2015-02-04,287.6393127441406,15639435
2015-02-05,280.0863037109375,18771838
2015-02-06,274.87017822265625,17811770
2015-02-09,267.1085205078125,15330887
2015-02-10,276.2889404296875,31301276
2015-02-11,279.33514404296875,13732188
2015-02-12,283.0491027832031,14372362
2015-02-13,286.9715881347656,9926537
2015-02-16,282.1310119628906,11084024
2015-02-18,285.761474609375,8830098
2015-02-19,282.5483093261719,10326464
2015-02-20,276.2054748535156,17197010
2015-02-23,274.5780334472656,12236793
2015-02-24,272.11602783203125,12177664
2015-02-25,269.15325927734375,18029910
2015-02-26,268.1517333984375,18356309
2015-02-27,279.7942199707031,17157486
2015-03-02,291.3114318847656,16237130
2015-03-03,290.9776306152344,16309976
2015-03-04,291.56182861328125,27007377
2015-03-05,290.2264404296875,12677758
2015-03-09,277.7494812011719,13711772
2015-03-10,278.4588928222656,15690129
2015-03-11,277.6242980957031,11762499
2015-03-12,282.2562255859375,12265104
2015-03-13,275.5795593261719,14368069
2015-03-16,276.6227722167969,12496540
2015-03-17,279.46038818359375,11214858
2015-03-18,279.4186706542969,9603665
2015-03-19,275.5795593261719,15488184
2015-03-20,265.89837646484375,23389273
2015-03-23,261.89239501953125,11517028
2015-03-24,260.3066101074219,18209548
2015-03-25,264.47955322265625,15109255
2015-03-26,257.01007080078125,34971712
2015-03-27,262.518310546875,17383920
2015-03-30,265.9818420410156,14140124
2015-03-31,263.3111877441406,14317689
2015-04-01,269.6957702636719,9190830
2015-04-06,268.11004638671875,10512775
2015-04-07,264.8968505859375,9849292
2015-04-08,262.9773864746094,9158573
2015-04-09,267.5675964355469,13516230
2015-04-10,265.6479797363281,9053218
2015-04-13,264.47955322265625,8810668
2015-04-15,262.8939208984375,11297754
2015-04-16,260.80743408203125,9682703
2015-04-17,258.80438232421875,11639567
2015-04-20,259.6807556152344,11663690
2015-04-21,259.4303283691406,9953639
2015-04-22,261.1830139160156,12256206
2015-04-23,260.2649230957031,10352840
2015-04-24,257.2603759765625,13482295
2015-04-27,252.294677734375,24819034
2015-04-28,272.7837829589844,37447522
2015-04-29,275.53778076171875,24501414
2015-04-30,276.3723449707031,20787994
2015-05-04,274.8284606933594,11308400
2015-05-05,274.1190490722656,10109107
2015-05-06,260.5153503417969,19967506
2015-05-07,254.21417236328125,16086181
2015-05-08,264.5630798339844,15672276
2015-05-11,269.98785400390625,9605442
2015-05-12,257.2187194824219,13692241
2015-05-13,265.1055603027344,15431501
2015-05-14,262.8521423339844,11672149
2015-05-15,260.6822204589844,12014773
2015-05-18,263.9371337890625,7629436
2015-05-19,263.18597412109375,9064851
2015-05-20,266.0235900878906,7555070
2015-05-21,261.6837158203125,11132704
2015-05-22,261.72552490234375,8944914
2015-05-25,260.5153503417969,5481212
2015-05-26,258.47052001953125,5505501
2015-05-27,261.34991455078125,12557150
2015-05-28,262.4765930175781,11520281
2015-05-29,264.7717590332031,22664703
2015-06-01,264.1040344238281,7621775
2015-06-02,254.13072204589844,13982208
2015-06-03,246.82815551757812,22831293
2015-06-04,246.27633666992188,20759124
2015-06-05,241.1827392578125,23735127
2015-06-08,240.376220703125,21145729
2015-06-09,243.7295379638672,19411474
2015-06-10,248.3137664794922,17487792
2015-06-11,244.9180450439453,21760535
2015-06-12,251.24258422851562,20748570
2015-06-15,254.00164794921875,17020704
2015-06-16,256.4211120605469,15828124
2015-06-17,255.82693481445312,16849471
2015-06-18,257.5247497558594,15455462
2015-06-19,258.5434875488281,9060393
2015-06-22,267.4572448730469,17123638
2015-06-23,266.14141845703125,13093667
2015-06-24,269.7494201660156,14984900
2015-06-25,267.2450866699219,18385230
2015-06-26,264.61334228515625,11342004
2015-06-29,264.1888427734375,11605396
2015-06-30,261.4722900390625,15125139
2015-07-01,265.0378112792969,15481941
2015-07-02,265.71697998046875,9252723
2015-07-03,267.0328369140625,5716323
2015-07-06,267.5421447753906,8562220
2015-07-07,265.3774108886719,10617091
2015-07-08,261.09027099609375,13252578
2015-07-09,262.74566650390625,6959346
2015-07-10,265.8443298339844,10664155
2015-07-13,268.6033630371094,8964077
2015-07-14,266.0990295410156,8304877
2015-07-15,267.11767578125,7378092
2015-07-16,269.1976013183594,13466904
2015-07-17,269.49468994140625,9339699
2015-07-20,268.09393310546875,9420104
2015-07-21,264.4010925292969,10702263
2015-07-22,268.9429016113281,11141670
2015-07-23,265.6320495605469,15214876
2015-07-24,255.1901397705078,21177605
2015-07-27,247.1252899169922,11212545
2015-07-28,241.9467315673828,25395273
2015-07-29,245.5547332763672,13165836
2015-07-30,247.0403594970703,13705803
2015-07-31,256.71826171875,38967790
2015-08-03,265.6320495605469,28709585
2015-08-04,266.60833740234375,16797983
2015-08-05,264.316162109375,13798462
2015-08-06,264.0615539550781,12210084
2015-08-07,263.29754638671875,6215341
2015-08-10,262.8305969238281,7698226
2015-08-11,256.5909118652344,10431195
2015-08-12,247.59219360351562,10292540
2015-08-13,247.80441284179688,13754705
2015-08-14,256.8880310058594,9669851
2015-08-17,257.14276123046875,8331141
2015-08-18,255.61459350585938,5936462
2015-08-19,258.5010070800781,8754270
2015-08-20,253.19517517089844,15936951
2015-08-21,251.70950317382812,13769807
2015-08-24,229.17025756835938,33312582
2015-08-25,240.67332458496094,26553623
2015-08-26,236.04664611816406,16189880
2015-08-27,239.78196716308594,27884874
2015-08-28,240.84315490722656,14365759
2015-08-31,235.9193115234375,15079961
2015-09-01,230.01918029785156,17342438
2015-09-02,224.84066772460938,18825908
2015-09-03,226.53857421875,16509187
2015-09-04,218.81324768066406,21605844
2015-09-07,211.4699249267578,21698736
2015-09-08,221.4025115966797,18300349
2015-09-09,224.58604431152344,24478703
2015-09-10,227.00547790527344,13718266
2015-09-11,227.13282775878906,14872838
2015-09-14,231.2501678466797,13300446
2015-09-15,227.93931579589844,14825729
2015-09-16,231.63218688964844,13377086
2015-09-18,235.87686157226562,21286324
2015-09-21,237.1078338623047,11510079
2015-09-22,229.6796417236328,14741229
2015-09-23,232.056640625,12489166
2015-09-24,227.76953125,10557228
2015-09-28,227.5997314453125,8561999
2015-09-29,228.36378479003906,29415623
2015-09-30,229.5098419189453,13700514
2015-10-01,226.75079345703125,7677876
2015-10-05,238.50857543945312,13756761
2015-10-06,240.03665161132812,10497246
2015-10-07,240.24887084960938,7765703
2015-10-08,236.38623046875,6649535
2015-10-09,242.88059997558594,11102562
2015-10-12,244.15402221679688,7892259
2015-10-13,244.02664184570312,6102034
2015-10-14,240.16400146484375,5325426
2015-10-15,243.0928192138672,6759388
2015-10-16,245.72450256347656,8890588
2015-10-19,243.81442260742188,5806930
2015-10-20,242.9654541015625,8710318
2015-10-21,239.9941864013672,5616168
2015-10-23,243.00790405273438,8208290
2015-10-26,242.24388122558594,6085533
2015-10-27,240.84315490722656,6090339
2015-10-28,230.2314453125,15503186
2015-10-29,230.44366455078125,9035266
2015-10-30,235.15525817871094,27623495
2015-11-02,237.32005310058594,11398428
2015-11-03,237.2351531982422,9079788
2015-11-04,232.056640625,7389933
2015-11-05,229.2551727294922,11422504
2015-11-06,226.75079345703125,12121540
2015-11-09,223.3975067138672,13448248
2015-11-10,223.1003875732422,8652695
2015-11-13,222.208984375,10160904
2015-11-16,226.8781280517578,8992376
2015-11-17,227.38751220703125,17959700
2015-11-18,221.10536193847656,9500657
2015-11-19,226.1565399169922,9618626
2015-11-20,224.92559814453125,9819811
2015-11-23,225.7745361328125,12735592
2015-11-24,223.56727600097656,11775700
2015-11-26,224.1190948486328,13255344
2015-11-27,229.2551727294922,11608418
2015-11-30,232.2264404296875,16528998
2015-12-01,232.5235595703125,6603705
2015-12-02,229.5522918701172,7161062
2015-12-03,225.64718627929688,8549273
2015-12-04,221.95431518554688,9085607
2015-12-07,223.31260681152344,5522740
2015-12-08,221.95431518554688,11624224
2015-12-09,220.2564239501953,8129762
2015-12-10,219.8319549560547,11053207
2015-12-11,211.63975524902344,18851171
2015-12-14,211.38502502441406,13279719
2015-12-15,209.17784118652344,13675557
2015-12-16,213.97433471679688,18885293
2015-12-17,214.9081573486328,17692297
2015-12-18,212.31887817382812,14450734
2015-12-21,219.19525146484375,14307700
2015-12-22,220.34130859375,21342967
2015-12-23,222.2938690185547,11533960
2015-12-24,218.9830322265625,6097366
2015-12-28,224.16156005859375,12041784
2015-12-29,224.7558135986328,9054719
2015-12-30,222.7183380126953,10025565
2015-12-31,221.86940002441406,8546444
2016-01-01,223.27017211914062,5998096
2016-01-04,216.94557189941406,9435792
2016-01-05,217.92184448242188,8966977
2016-01-06,212.31887817382812,17416181
2016-01-07,209.47494506835938,18240712
2016-01-08,208.03175354003906,14404391
2016-01-11,203.2777099609375,14208668
2016-01-12,200.98561096191406,11895899
2016-01-13,203.32017517089844,18215710
2016-01-14,200.1366729736328,14600781
2016-01-15,190.54368591308594,22333902
2016-01-18,189.39761352539062,30239009
2016-01-19,194.194091796875,16222439
2016-01-20,190.50123596191406,14353478
2016-01-21,192.1142120361328,15665863
2016-01-22,197.58982849121094,15148522
2016-01-25,200.39134216308594,17137268
2016-01-27,201.45249938964844,12155561
2016-01-28,197.9718780517578,24258166
2016-01-29,195.3826141357422,47755494
2016-02-01,184.38890075683594,40395715
2016-02-02,178.6161346435547,31821419
2016-02-03,173.22537231445312,23592288
2016-02-04,173.14047241210938,30869158
2016-02-05,177.76719665527344,36189377
2016-02-08,177.0455780029297,19366081
2016-02-09,177.76719665527344,20906682
2016-02-10,175.94198608398438,22742128
2016-02-11,169.1505126953125,31817116
2016-02-12,164.3115692138672,41775526
2016-02-15,172.75845336914062,34130349
2016-02-16,166.9008026123047,20895952
2016-02-17,161.93455505371094,28792115
2016-02-18,166.51878356933594,32260277
2016-02-19,168.76846313476562,17617480
2016-02-22,168.47134399414062,17567788
2016-02-23,162.99571228027344,20001984
2016-02-24,158.7510223388672,20654961
2016-02-25,155.35528564453125,38340699
2016-02-26,156.8833770751953,24687792
2016-02-29,161.3402557373047,43510436
2016-03-01,173.9894256591797,27223692
2016-03-02,186.7659149169922,40766551
2016-03-03,185.0680389404297,22903720
2016-03-04,187.1903839111328,24493722
2016-03-08,184.09178161621094,18883002
2016-03-09,183.6672821044922,17300650
2016-03-10,182.9456787109375,13551255
2016-03-11,181.5449676513672,14879621
2016-03-14,188.16665649414062,16726756
2016-03-15,187.91200256347656,13475557
2016-03-16,192.19912719726562,17144832
2016-03-17,193.34515380859375,32391146
2016-03-18,195.42506408691406,18370981
2016-03-21,199.3726043701172,14818419
2016-03-22,198.31141662597656,12269251
2016-03-23,198.82081604003906,16987529
2016-03-28,191.39259338378906,20214214
2016-03-29,189.65231323242188,20447782
2016-03-30,201.6222686767578,23016348
2016-03-31,200.9007110595703,30614104
2016-04-01,202.30145263671875,15677352
2016-04-04,202.6834716796875,16716587
2016-04-05,191.51995849609375,26547328
2016-04-06,188.93069458007812,19185947
2016-04-07,187.02056884765625,17724531
2016-04-08,187.8270721435547,9986871
2016-04-11,190.7559051513672,19813955
2016-04-12,194.194091796875,20594261
2016-04-13,204.29641723632812,26283492
2016-04-18,201.32516479492188,17531597
2016-04-20,202.08921813964844,18650423
2016-04-21,214.8232879638672,36699098
2016-04-22,213.93186950683594,25884500
2016-04-25,214.7383575439453,18121694
2016-04-26,215.6721954345703,30185498
2016-04-27,207.64976501464844,36932788
2016-04-28,203.82952880859375,41386507
2016-04-29,201.1553955078125,71191415
2016-05-02,192.49623107910156,36440547
2016-05-03,187.6997528076172,29305611
2016-05-04,182.05430603027344,36781786
2016-05-05,182.22413635253906,27512684
2016-05-06,185.57740783691406,22266141
2016-05-09,191.2652587890625,19006901
2016-05-10,191.43505859375,22357177
2016-05-11,190.1192169189453,32481385
2016-05-12,196.78334045410156,23932051
2016-05-13,192.28399658203125,23963285
2016-05-16,189.94943237304688,21535308
2016-05-17,191.81707763671875,18859442
2016-05-18,192.2415313720703,17541869
2016-05-19,191.47750854492188,16422069
2016-05-20,186.85081481933594,14666521
2016-05-23,187.6997528076172,14239474
2016-05-24,190.6285858154297,10907585
2016-05-25,199.4999542236328,20767970
2016-05-26,204.7208709716797,33650773
2016-05-27,206.4187774658203,26582685
2016-05-30,207.56484985351562,15860236
2016-05-31,207.69219970703125,18249239
2016-06-01,203.78707885742188,11862710
2016-06-02,204.89068603515625,15349530
2016-06-03,206.9281463623047,16566716
2016-06-06,206.71591186523438,11592082
2016-06-07,215.71463012695312,25311345
2016-06-08,218.72833251953125,25139392
2016-06-09,216.09664916992188,13787240
2016-06-10,214.4412384033203,13236448
2016-06-13,206.9281463623047,14297870
2016-06-14,207.9468536376953,11988708
2016-06-15,210.49365234375,15761615
2016-06-16,207.1147003173828,17042021
2016-06-17,206.59486389160156,15150943
2016-06-20,206.29161071777344,17780316
2016-06-21,206.07498168945312,12191664
2016-06-22,207.07138061523438,13478056
2016-06-23,208.71754455566406,7979235
2016-06-24,200.0968017578125,33755632
2016-06-27,201.61300659179688,13172968
2016-06-28,202.00289916992188,11302737
2016-06-29,205.0353240966797,7959976
2016-06-30,208.41429138183594,16851065
2016-07-01,208.24102783203125,9108853
2016-07-04,214.9989776611328,10389222
2016-07-05,212.35646057128906,10375132
2016-07-07,212.13986206054688,8365966
2016-07-08,209.62728881835938,7658211
2016-07-11,216.471923828125,9682385
2016-07-12,226.73883056640625,28558549
2016-07-13,226.26229858398438,28248930
2016-07-14,232.71701049804688,14269365
2016-07-15,230.24777221679688,11510449
2016-07-18,228.2117156982422,14310274
2016-07-19,233.1935577392578,14880049
2016-07-20,231.76400756835938,7892214
2016-07-21,226.912109375,12060367
2016-07-22,228.2550506591797,8537587
2016-07-25,232.76034545898438,11311554
2016-07-26,226.6954803466797,11896758
2016-07-27,234.44984436035156,26003949
2016-07-28,235.6627960205078,9781546
2016-07-29,227.7784881591797,21115025
2016-08-01,216.1686553955078,42583051
2016-08-02,212.52975463867188,20758831
2016-08-03,209.7572479248047,17910406
2016-08-04,208.24102783203125,29931529
2016-08-05,213.09288024902344,16307350
2016-08-08,212.48643493652344,11906856
2016-08-09,212.57305908203125,12642014
2016-08-10,207.37461853027344,12527824
2016-08-11,210.27708435058594,9477854
2016-08-12,213.09288024902344,11727486
2016-08-16,215.34556579589844,13111524
2016-08-17,214.52247619628906,12875115
2016-08-18,219.1144256591797,20725328
2016-08-19,219.9808349609375,14519513
2016-08-22,218.55126953125,9076842
2016-08-23,216.77511596679688,10995821
2016-08-24,215.25894165039062,9228359
2016-08-25,213.9593048095703,14901359
2016-08-26,212.52975463867188,11490424
2016-08-29,217.03504943847656,9206563
2016-08-30,222.0168914794922,15251016
2016-08-31,223.53314208984375,16906022
2016-09-01,226.08900451660156,18098850
2016-09-02,226.3922576904297,8034006
2016-09-06,236.26930236816406,23274042
2016-09-07,240.9912109375,35379184
2016-09-08,239.4316864013672,13116475
2016-09-09,237.4822998046875,16649877
2016-09-12,232.37046813964844,20617372
2016-09-14,235.18629455566406,16807794
2016-09-15,234.44984436035156,12135372
2016-09-16,231.63401794433594,32955498
2016-09-19,235.3162384033203,15144399
2016-09-20,235.74945068359375,11030397
2016-09-21,233.84336853027344,12736748
2016-09-22,238.69525146484375,14886284
2016-09-23,235.0130157470703,17977571
2016-09-26,227.4752655029297,15868805
2016-09-27,225.2659149169922,17356843
2016-09-28,225.9157257080078,17881785
2016-09-29,216.90509033203125,48140661
2016-09-30,218.46461486816406,15104920
2016-10-03,221.93026733398438,18062317
2016-10-04,223.70640563964844,16201324
2016-10-05,221.32374572753906,16039581
2016-10-06,217.6848602294922,13854468
2016-10-07,217.1217041015625,10506728
2016-10-10,216.68849182128906,6611211
2016-10-13,208.93414306640625,20736801
2016-10-14,209.4539794921875,10761830
2016-10-17,224.18289184570312,69082439
2016-10-18,234.23324584960938,41861705
2016-10-19,229.64126586914062,19968759
2016-10-20,240.5146942138672,36280178
2016-10-21,240.3414306640625,26362877
2016-10-24,246.53623962402344,22219428
2016-10-25,250.60833740234375,25090671
2016-10-26,241.2078399658203,30017739
2016-10-27,246.3196563720703,19868027
2016-10-28,239.86489868164062,18314125
2016-11-01,238.5652618408203,11675305
2016-11-02,235.57618713378906,15140657
2016-11-03,233.71339416503906,12484687
2016-11-04,233.75672912597656,16361493
2016-11-07,241.4677276611328,18741014
2016-11-08,245.36660766601562,35153751
2016-11-09,243.8503875732422,51055067
2016-11-10,253.51083374023438,29137485
2016-11-11,239.47500610351562,33036653
2016-11-15,233.71339416503906,37961485
2016-11-16,230.6376495361328,26473183
2016-11-17,231.89395141601562,14654093
2016-11-18,229.2513885498047,9983933
2016-11-21,226.3056182861328,21625818
2016-11-22,227.605224609375,23906788
2016-11-23,229.5546417236328,17154845
2016-11-24,224.659423828125,22563160
2016-11-25,225.35256958007812,16611698
2016-11-28,221.19381713867188,32939718
2016-11-29,221.32374572753906,32329662
2016-11-30,230.07449340820312,20731093
2016-12-01,224.52947998046875,15792045
2016-12-02,224.83273315429688,12275345
2016-12-05,226.00238037109375,8305074
2016-12-06,226.13233947753906,8335181
2016-12-07,224.13958740234375,13635680
2016-12-08,227.64857482910156,11336250
2016-12-09,232.5870819091797,17533272
2016-12-12,229.46800231933594,7515935
2016-12-13,229.07809448242188,10265621
2016-12-14,225.74246215820312,14369017
2016-12-15,225.52584838867188,24089601
2016-12-16,221.4537353515625,24984316
2016-12-19,222.7533416748047,7417692
2016-12-20,217.9881134033203,11590031
2016-12-21,219.4176788330078,7685724
2016-12-22,219.1577606201172,8951470
2016-12-23,218.20472717285156,6932571
2016-12-26,214.9989776611328,6767153
2016-12-27,219.67759704589844,9094498
2016-12-28,218.11807250976562,9176829
2016-12-29,217.55490112304688,6379633
2016-12-30,221.19381713867188,11565801
2017-01-02,218.29135131835938,10404350
2017-01-03,220.41403198242188,10236706
2017-01-04,217.55490112304688,6901181
2017-01-05,222.88330078125,13830668
2017-01-06,223.66307067871094,9055143
2017-01-09,224.13958740234375,7875294
2017-01-10,225.43919372558594,14784040
2017-01-11,229.33807373046875,19565679
2017-01-12,232.5004425048828,11711279
2017-01-13,232.24049377441406,7810375
2017-01-16,233.3235321044922,8863676
2017-01-17,232.5437469482422,6968061
2017-01-18,232.5870819091797,10085606
2017-01-19,233.67007446289062,8605687
2017-01-20,228.2550506591797,12207059
2017-01-23,223.14324951171875,43793368
2017-01-24,222.79664611816406,26520047
2017-01-25,225.22262573242188,41078083
2017-01-27,235.6627960205078,89433645
2017-01-30,234.6231231689453,17037472
2017-01-31,233.02029418945312,20535165
2017-02-01,243.4604949951172,44647342
2017-02-02,247.61920166015625,28910922
2017-02-03,243.93699645996094,20058936
2017-02-06,251.51806640625,22521926
2017-02-07,249.61196899414062,12829302
2017-02-08,247.61920166015625,16662978
2017-02-09,246.9261016845703,16631183
2017-02-10,243.98033142089844,16771421
2017-02-13,244.0236358642578,13144434
2017-02-14,246.62286376953125,12889195
2017-02-15,243.24388122558594,14420745
2017-02-16,241.55438232421875,20257845
2017-02-17,245.1932830810547,28496342
2017-02-20,244.630126953125,9947581
2017-02-21,246.75283813476562,11288626
2017-02-22,247.92247009277344,30787289
2017-02-23,246.49288940429688,25499159
2017-02-27,241.5977020263672,15037984
2017-02-28,239.4316864013672,18179839
2017-03-01,241.8143310546875,19983162
2017-03-02,241.42442321777344,20040929
2017-03-03,239.08509826660156,9256168
2017-03-06,239.77822875976562,12565060
2017-03-07,239.12843322753906,9116307
2017-03-08,237.74217224121094,12969749
2017-03-09,236.96243286132812,11647809
2017-03-10,234.4065399169922,15749231
2017-03-14,248.87551879882812,43486006
2017-03-15,247.05606079101562,13414846
2017-03-16,246.49288940429688,10712223
2017-03-17,243.11390686035156,25016303
2017-03-20,238.3053741455078,12153226
2017-03-21,235.7061309814453,16304076
2017-03-22,229.5979461669922,24534011
2017-03-23,231.28749084472656,13209523
2017-03-24,238.04542541503906,19227304
2017-03-27,236.65916442871094,12341637
2017-03-28,239.99484252929688,13884032
2017-03-29,244.5001678466797,18910842
2017-03-30,243.7637176513672,16543030
2017-03-31,239.86489868164062,19741901
2017-04-03,248.3989715576172,20449617
2017-04-05,246.79615783691406,10569529
2017-04-06,243.33050537109375,17014957
2017-04-07,240.29808044433594,18994042
2017-04-10,240.55801391601562,10395338
2017-04-11,245.75648498535156,13734771
2017-04-12,243.28721618652344,18252914
2017-04-13,245.02000427246094,15178825
2017-04-17,244.67344665527344,8250861
2017-04-18,245.5398406982422,19072022
2017-04-19,243.0706024169922,15189575
2017-04-20,236.31265258789062,31912290
2017-04-21,233.1935577392578,18165879
2017-04-24,232.76034545898438,24418208
2017-04-25,236.09600830078125,13685114
2017-04-26,239.90821838378906,15205419
2017-04-27,237.5255889892578,14909618
2017-04-28,241.2944793701172,9367499
2017-05-02,238.78187561035156,16780204
2017-05-03,236.31265258789062,24205196
2017-05-04,258.01611328125,122120948
2017-05-05,258.66595458984375,48189321
2017-05-08,262.4781494140625,30347849
2017-05-09,260.44207763671875,15194182
2017-05-10,258.75262451171875,15054831
2017-05-11,260.09552001953125,10261128
2017-05-12,256.93310546875,16605029
2017-05-15,261.48175048828125,17095696
2017-05-16,262.21820068359375,19569431
2017-05-17,268.36968994140625,23363685
2017-05-18,266.8101501464844,27753950
2017-05-19,266.0304260253906,16728969
2017-05-22,263.2579040527344,14850717
2017-05-23,265.16400146484375,29771017
2017-05-24,265.7271728515625,20506719
2017-05-25,275.2576599121094,41775676
2017-05-26,278.59332275390625,21336089
2017-05-29,272.8316955566406,11266657
2017-05-30,278.4633483886719,15573191
2017-05-31,282.8387145996094,128437479
2017-06-01,277.33697509765625,19883562
2017-06-02,275.6474914550781,13469524
2017-06-05,277.0337829589844,9831353
2017-06-06,276.3406677246094,10757211
2017-06-07,281.322509765625,15076040
2017-06-08,277.42364501953125,20130322
2017-06-09,279.1131591796875,10190305
2017-06-12,273.5681457519531,10376913
2017-06-13,272.78839111328125,9305516
2017-06-14,276.42724609375,22264301
2017-06-15,274.4345703125,11206355
2017-06-16,274.2179260253906,23228635
2017-06-19,277.7702331542969,10719809
2017-06-20,280.9094543457031,16849368
2017-06-21,279.61273193359375,7142413
2017-06-22,278.1719055175781,9180870
2017-06-23,280.3331298828125,14937649
2017-06-27,276.5389709472656,18053262
2017-06-28,278.8923034667969,17157094
2017-06-29,281.6778564453125,34774280
2017-06-30,278.7001953125,12435467
2017-07-03,278.6041564941406,6106230
2017-07-04,278.07586669921875,8335899
2017-07-05,281.2936706542969,6958589
2017-07-06,282.15814208984375,9967582
2017-07-07,278.26800537109375,8477468
2017-07-10,279.94891357421875,1114874
2017-07-11,278.2199401855469,10893055
2017-07-12,280.8133850097656,8091465
2017-07-13,286.14434814453125,13747313
2017-07-14,286.4805908203125,6196683
2017-07-17,291.52337646484375,12506474
2017-07-18,291.9076232910156,11772154
2017-07-19,290.3227233886719,10780451
2017-07-20,288.7378234863281,8458004
2017-07-21,290.130615234375,9705981
2017-07-24,291.0911560058594,15604131
2017-07-25,292.147705078125,18129742
2017-07-26,298.10308837890625,26050717
2017-07-27,295.077392578125,28535869
2017-07-28,284.46343994140625,30571846
2017-07-31,290.65887451171875,21526493
2017-08-01,290.65887451171875,10722862
2017-08-02,289.93853759765625,8348096
2017-08-03,284.03118896484375,14389817
2017-08-04,284.55950927734375,10099985
2017-08-07,288.3055419921875,11870705
2017-08-08,283.83905029296875,10288608
2017-08-09,279.1324768066406,12959158
2017-08-10,277.3554382324219,17225844
2017-08-11,275.6264953613281,17211539
2017-08-14,280.28509521484375,8428420
2017-08-16,283.310791015625,8605873
2017-08-17,281.5818176269531,8168684
2017-08-18,281.5818176269531,6700778
2017-08-21,281.9179992675781,10623264
2017-08-22,282.35028076171875,7549155
2017-08-23,286.8167724609375,9142592
2017-08-24,285.9522705078125,12766567
2017-08-28,289.0259704589844,8827300
2017-08-29,287.6811828613281,12737088
2017-08-30,288.4496765136719,8552010
2017-08-31,286.28851318359375,14865124
2017-09-01,286.528564453125,7472688
2017-09-04,285.37591552734375,6244661
2017-09-05,285.8562316894531,7683590
2017-09-06,283.69500732421875,4854030
2017-09-07,281.1015319824219,15630577
2017-09-08,280.4772033691406,8077662
2017-09-11,279.32452392578125,7639794
2017-09-12,279.70880126953125,8497603
2017-09-13,280.4772033691406,8297426
2017-09-14,282.1101379394531,12267908
2017-09-15,280.093017578125,22632513
2017-09-18,281.437744140625,11181986
2017-09-19,283.0225830078125,7558625
2017-09-20,279.0843811035156,14617079
2017-09-21,273.70538330078125,14496834
2017-09-22,266.1651306152344,23451953
2017-09-25,268.4704895019531,13358067
2017-09-26,271.59222412109375,11325047
2017-09-27,265.4927978515625,17853590
2017-09-28,265.060546875,32223724
2017-09-29,265.6849060058594,9980756
2017-10-03,267.41387939453125,6752832
2017-10-04,265.2046203613281,7417758
2017-10-05,261.0743408203125,10975305
2017-10-06,261.2184143066406,25447787
2017-10-09,261.02630615234375,20478222
2017-10-10,259.15325927734375,18594444
2017-10-11,257.0400695800781,12687990
2017-10-12,256.9920349121094,11831125
2017-10-13,260.5940246582031,14402254
2017-10-16,263.4276428222656,12848154
2017-10-17,263.0914611816406,9183764
2017-10-18,252.76568603515625,30669948
2017-10-19,247.6748046875,3822821
2017-10-23,252.18934631347656,22939775
2017-10-24,256.031494140625,15126641
2017-10-25,293.6365661621094,123615362
2017-10-26,287.4411315917969,43256025
2017-10-27,289.2660827636719,36889009
2017-10-30,288.6897888183594,38047961
2017-10-31,288.257568359375,19050731
2017-11-01,301.03271484375,38829935
2017-11-02,304.1544494628906,27736221
2017-11-03,303.4340515136719,14258432
2017-11-06,303.62615966796875,16349376
2017-11-07,300.1202392578125,12752869
2017-11-08,293.4444580078125,11942186
2017-11-09,299.0155944824219,12716330
2017-11-10,305.9314880371094,21000915
2017-11-13,301.84918212890625,13679015
2017-11-14,301.7051086425781,12362405
2017-11-15,303.04986572265625,14408468
2017-11-16,306.36370849609375,8983382
2017-11-17,312.27105712890625,20440466
2017-11-20,305.9794616699219,13606336
2017-11-21,307.27618408203125,13102056
2017-11-22,306.3156433105469,9342622
2017-11-23,306.843994140625,9998609
2017-11-24,304.6827697753906,7867381
2017-11-27,304.49066162109375,9334428
2017-11-28,300.8406066894531,13929413
2017-11-29,302.4255065917969,12384876
2017-11-30,295.41357421875,23832543
2017-12-01,293.2043151855469,6602231
2017-12-04,292.2438049316406,8763567
2017-12-05,293.2043151855469,8219441
2017-12-06,287.6811828613281,6751957
2017-12-07,293.73260498046875,7414305
2017-12-08,298.4872741699219,10732806
2017-12-11,299.15966796875,6829121
2017-12-12,295.4615478515625,11995276
2017-12-13,290.9950866699219,14805881
2017-12-14,292.33984375,11140346
2017-12-15,291.1871643066406,23227021
2017-12-18,296.7102966308594,16300443
2017-12-19,301.32086181640625,13135113
2017-12-20,303.33795166015625,14003657
2017-12-21,303.0018005371094,9705688
2017-12-22,304.1064758300781,7628532
2017-12-26,305.5953063964844,7632721
2017-12-27,300.4563903808594,6354635
2017-12-28,302.85772705078125,22689602
2017-12-29,301.6090393066406,9637881
2018-01-01,298.0550537109375,7739502
2018-01-02,297.47869873046875,7046560
2018-01-03,302.569580078125,8898342
2018-01-04,302.28143310546875,6385367
2018-01-05,300.5524597167969,6366054
2018-01-08,301.7531433105469,7329648
2018-01-09,300.2642822265625,9190909
2018-01-10,299.68792724609375,6736971
2018-01-11,297.2865905761719,8366713
2018-01-12,305.16302490234375,11699345
2018-01-15,316.30523681640625,30242005
2018-01-16,320.9158935546875,26707100
2018-01-17,329.70477294921875,43305353
2018-01-18,332.4903259277344,31504669
2018-01-19,339.6463317871094,18812611
2018-01-22,337.62921142578125,15269782
2018-01-23,348.00299072265625,22485663
2018-01-24,338.82989501953125,12815095
2018-01-25,346.562255859375,30183655
2018-01-29,343.5365295410156,17855095
2018-01-30,339.3101501464844,13358981
2018-01-31,339.02203369140625,22638319
2018-02-01,332.5383605957031,29472295
2018-02-02,321.8764343261719,16957983
2018-02-05,316.6894836425781,17339547
2018-02-06,317.6500549316406,18491736
2018-02-07,319.4270324707031,11819190
2018-02-08,320.67572021484375,10294899
2018-02-09,313.85589599609375,9493398
2018-02-12,313.37567138671875,8356351
2018-02-14,306.36370849609375,15189066
2018-02-15,315.6809387207031,23779772
2018-02-16,308.380859375,17585994
2018-02-19,307.1321105957031,19044107
2018-02-20,304.73077392578125,16030558
2018-02-21,306.6038513183594,9974873
2018-02-22,305.7873840332031,25530698
2018-02-23,310.01373291015625,7949765
2018-02-26,314.14404296875,7133735
2018-02-27,309.4374084472656,9623651
2018-02-28,300.8886413574219,17481687
2018-03-01,292.9161682128906,18986889
2018-03-05,291.3793029785156,14456193
2018-03-06,283.40679931640625,18951451
2018-03-07,275.3863220214844,31472773
2018-03-08,285.23187255859375,21413552
2018-03-09,281.14959716796875,12489587
2018-03-12,288.7858581542969,12163952
2018-03-13,292.33984375,15966647
2018-03-14,293.9727478027344,12964285
2018-03-15,289.5543212890625,13282019
2018-03-16,286.3364562988281,28835112
2018-03-19,282.9265441894531,13601784
2018-03-20,280.4772033691406,10880002
2018-03-21,277.7877197265625,13618228
2018-03-22,272.0724792480469,24593489
2018-03-23,264.67633056640625,31922568
2018-03-26,270.53564453125,24618534
2018-03-27,272.69683837890625,22377328
2018-03-28,267.3658142089844,27172599
2018-04-02,251.51695251464844,73359584
2018-04-03,259.39337158203125,40773239
2018-04-04,258.0486145019531,33486876
2018-04-05,267.6540222167969,26759108
2018-04-06,269.5751037597656,31577015
2018-04-09,269.7672119140625,31712527
2018-04-10,277.4034423828125,44741783
2018-04-11,273.3211364746094,16811454
2018-04-12,275.43438720703125,22954325
2018-04-13,276.87518310546875,17497198
2018-04-16,276.2508239746094,16874313
2018-04-17,280.237060546875,15406113
2018-04-18,278.6041564941406,20755245
2018-04-19,278.1719055175781,17282341
2018-04-20,271.015869140625,19745690
2018-04-23,268.3743896484375,11620499
2018-04-24,272.88897705078125,15412234
2018-04-25,267.8941345214844,7961352
2018-04-26,267.8460998535156,14112673
2018-04-27,276.5389709472656,16488361
2018-04-30,272.9850158691406,9737559
2018-05-02,265.9730224609375,14211445
2018-05-03,270.7757873535156,14724116
2018-05-04,271.68829345703125,11861951
2018-05-07,278.3639831542969,19673100
2018-05-08,297.0945129394531,87176185
2018-05-09,294.6931457519531,20140490
2018-05-10,294.7411804199219,16239386
2018-05-11,298.6794128417969,16671145
2018-05-14,297.8629455566406,10425585
2018-05-15,296.0859680175781,16400700
2018-05-16,285.52001953125,25515791
2018-05-17,284.3193664550781,10668400
2018-05-18,274.8100280761719,17469524
2018-05-21,277.88372802734375,23155638
2018-05-22,278.8442687988281,11284988
2018-05-23,280.52520751953125,15887229
2018-05-24,285.9522705078125,11489424
2018-05-25,283.98309326171875,13541580
2018-05-28,287.4411315917969,19063427
2018-05-29,278.4600830078125,12969969
2018-05-30,273.6573486328125,25142319
2018-05-31,274.5218505859375,23698686
2018-06-01,277.88372802734375,29675949
2018-06-04,275.43438720703125,17188567
2018-06-05,272.88897705078125,12376050
2018-06-06,272.69683837890625,16873633
2018-06-07,279.42059326171875,20297969
2018-06-08,276.87518310546875,11340014
2018-06-11,275.09820556640625,16876061
2018-06-12,276.0587158203125,14257648
2018-06-13,279.2765197753906,10927770
2018-06-14,273.5132751464844,11400592
2018-06-15,271.3520812988281,47186222
2018-06-18,281.437744140625,27792317
2018-06-19,281.24560546875,27176748
2018-06-20,281.6298828125,20364143
2018-06-21,286.1924133300781,30192796
2018-06-22,288.7858581542969,17490606
2018-06-25,278.26800537109375,15461874
2018-06-26,276.7311096191406,11614686
2018-06-27,268.0382080078125,25318055
2018-06-28,260.69012451171875,34197884
2018-06-29,264.5322570800781,20930477
2018-07-02,266.4533386230469,69733139
2018-07-03,262.13092041015625,14020388
2018-07-04,262.46710205078125,8233522
2018-07-05,260.83416748046875,7505990
2018-07-06,259.39337158203125,26025797
2018-07-09,260.49798583984375,18374471
2018-07-10,262.6112365722656,14450561
2018-07-11,258.1446533203125,12717543
2018-07-12,261.5545654296875,15837704
2018-07-13,257.18414306640625,19159840
2018-07-16,249.01956176757812,29794402
2018-07-17,255.9354705810547,15128995
2018-07-18,252.33340454101562,22908592
2018-07-19,250.89263916015625,15145144
2018-07-20,255.3110809326172,13794388
2018-07-23,264.67633056640625,16917863
2018-07-24,263.523681640625,12012225
2018-07-25,263.81182861328125,17947377
2018-07-26,274.3777770996094,36630780
2018-07-27,281.6298828125,30926969
2018-07-30,295.2214660644531,56119080
2018-07-31,292.2438049316406,20824059
2018-08-01,287.48907470703125,15581508
2018-08-02,286.7687072753906,14089168
2018-08-03,292.9641418457031,14478297
2018-08-06,302.6656188964844,25849864
2018-08-07,300.79254150390625,20751115
2018-08-08,306.1235656738281,17916047
2018-08-09,319.8592529296875,76423347
2018-08-10,315.6329040527344,36321097
2018-08-13,312.0789489746094,15332907
2018-08-14,319.33099365234375,15314006
2018-08-16,321.10797119140625,37463597
2018-08-17,326.5830383300781,24090696
2018-08-20,325.0942077636719,13032778
2018-08-21,325.4783935546875,16009673
2018-08-23,323.8935546875,18867868
2018-08-24,318.5386962890625,17805968
2018-08-27,327.94580078125,28083933
2018-08-28,326.9809875488281,16427306
2018-08-29,328.6694641113281,18868248
2018-08-30,332.2393493652344,22349447
2018-08-31,330.5508728027344,19809916
2018-09-03,322.3980712890625,12859450
2018-09-04,316.94671630859375,15470215
2018-09-05,318.0562744140625,14548867
2018-09-06,317.0914611816406,11322771
2018-09-07,323.3146057128906,16435004
2018-09-10,321.1920471191406,16673909
2018-09-11,315.0653076171875,13005562
2018-09-12,311.543701171875,15263406
2018-09-14,316.8020324707031,10736693
2018-09-17,314.2452697753906,7227361
2018-09-18,307.63616943359375,14825218
2018-09-19,309.66229248046875,15942065
2018-09-21,305.9476623535156,34169460
2018-09-24,297.8913879394531,24382310
2018-09-25,300.15869140625,30472132
2018-09-26,302.08837890625,23224979
2018-09-27,295.8652038574219,24888615
2018-09-28,294.80389404296875,26289107
2018-10-01,302.95672607421875,21104376
2018-10-03,293.0189514160156,19105555
2018-10-04,305.3688049316406,56268976
2018-10-05,296.4923095703125,36131946
2018-10-08,299.9175109863281,20488368
2018-10-09,295.47930908203125,14852835
2018-10-10,308.60101318359375,23972064
2018-10-11,300.7376708984375,21691068
2018-10-12,308.16680908203125,25930022
2018-10-15,302.3296203613281,23756416
2018-10-16,309.3728332519531,18042549
2018-10-17,303.72857666015625,20203287
2018-10-19,304.3557434082031,18322589
2018-10-22,315.59600830078125,33593953
2018-10-23,311.4954833984375,21509920
2018-10-24,310.6753845214844,33104174
2018-10-25,308.6974792480469,26920180
2018-10-26,304.5487060546875,22952163
2018-10-29,337.1117248535156,80069836
2018-10-30,333.5418395996094,34460428
2018-10-31,342.5147705078125,31233009
2018-11-01,341.260498046875,22157128
2018-11-02,341.9841003417969,26714413
2018-11-05,337.3529357910156,22873951
2018-11-06,340.6815490722656,21349153
2018-11-07,343.383056640625,2074764
2018-11-09,344.2997131347656,15130936
2018-11-12,339.95794677734375,10642857
2018-11-13,348.20721435546875,17684864
2018-11-14,353.706787109375,31774158
2018-11-15,356.9872131347656,21967798
2018-11-16,354.62335205078125,29972926
2018-11-19,349.6545104980469,16002154
2018-11-20,345.3127746582031,19591217
2018-11-21,344.2032165527344,29323882
2018-11-22,339.66851806640625,12547369
2018-11-26,343.81732177734375,20673027
2018-11-27,342.1770324707031,17933339
2018-11-28,346.3741149902344,18163000
2018-11-29,349.4615478515625,38692771
2018-11-30,342.65948486328125,21893877
2018-12-03,342.9972229003906,23427270
2018-12-04,345.36102294921875,18651442
2018-12-05,339.0413818359375,12068267
2018-12-06,335.4232482910156,17784829
2018-12-07,339.8132629394531,14979672
2018-12-10,334.1689758300781,14107881
2018-12-11,330.74383544921875,36885929
2018-12-12,337.6423645019531,24740214
2018-12-13,337.25640869140625,19129928
2018-12-14,339.5238037109375,12104234
2018-12-17,345.84344482421875,18378122
2018-12-18,349.5097961425781,15405953
2018-12-19,353.61029052734375,19442031
2018-12-20,349.4132995605469,12109613
2018-12-21,341.742919921875,13555416
2018-12-24,340.3439025878906,9025217
2018-12-26,343.33489990234375,8695108
2018-12-27,343.14190673828125,10122458
2018-12-28,348.0625305175781,13004606
2018-12-31,347.483642578125,7314108
2019-01-01,350.95703125,7759872
2019-01-02,351.7771301269531,18243156
2019-01-03,350.474609375,12884409
2019-01-04,352.3560485839844,22896026
2019-01-07,354.7680969238281,12719847
2019-01-08,366.7802429199219,21501136
2019-01-09,368.8063659667969,21730142
2019-01-10,366.15313720703125,14497154
2019-01-11,365.23651123046875,12537973
2019-01-14,360.2193908691406,14844029
2019-01-15,359.6405029296875,12960779
2019-01-16,362.10076904296875,15106484
2019-01-17,361.4254150390625,13171721
2019-01-18,358.9168701171875,12212121
2019-01-21,358.6274719238281,8908581
2019-01-22,356.07061767578125,14756076
2019-01-23,354.4786376953125,9726450
2019-01-24,351.9700927734375,17521254
2019-01-25,344.6374206542969,22978238
2019-01-28,331.4674377441406,34362360
2019-01-29,334.6513977050781,20738442
2019-01-30,353.0314025878906,39400056
2019-01-31,351.6324157714844,85917249
2019-02-01,342.1770324707031,25605469
2019-02-04,342.08056640625,17039321
2019-02-05,340.24737548828125,12197271
2019-02-06,346.6635437011719,15396216
2019-02-07,346.036376953125,10247434
2019-02-08,342.61126708984375,9308651
2019-02-11,337.7388610839844,9419635
2019-02-12,332.1910400390625,14924394
2019-02-14,331.8533935546875,15172596
2019-02-15,330.11669921875,20316848
2019-02-18,326.8362731933594,10601490
2019-02-19,331.1780090332031,14384763
2019-02-20,333.0594482421875,9474758
2019-02-21,338.94482421875,18631331
2019-02-22,339.66851806640625,10997730
2019-02-25,343.0936584472656,10344411
2019-02-26,335.95391845703125,18096382
2019-02-27,333.3970642089844,17325417
2019-02-28,337.8352966308594,18347113
2019-03-01,341.7911071777344,14190221
2019-03-05,350.474609375,17638277
2019-03-06,358.86865234375,31436190
2019-03-07,357.7590637207031,15355303
2019-03-08,357.566162109375,16143455
2019-03-11,362.6314697265625,11449587
2019-03-12,374.5471496582031,37108265
2019-03-13,378.11700439453125,19574619
2019-03-14,374.2576904296875,13182462
2019-03-15,381.3973693847656,31466545
2019-03-18,384.0506896972656,21220626
2019-03-19,384.3883972167969,11670392
2019-03-20,379.08184814453125,14181408
2019-03-22,378.0205078125,17409249
2019-03-25,370.0124206542969,12345034
2019-03-26,380.2396240234375,14063632
2019-03-27,379.3713073730469,17950017
2019-03-28,386.4627380371094,23117485
2019-04-01,384.24365234375,16106604
2019-04-02,383.1823425292969,13010810
2019-04-03,378.30999755859375,12317200
2019-04-04,375.0777587890625,14521564
2019-04-05,376.814453125,10853927
2019-04-08,373.4858093261719,6305407
2019-04-09,383.1823425292969,13206348
2019-04-10,380.33612060546875,14000018
2019-04-11,376.3320007324219,8704774
2019-04-12,380.7220458984375,7035256
2019-04-15,378.9371337890625,9770752
2019-04-16,392.6859436035156,24487788
2019-04-18,390.1773681640625,18660434
2019-04-22,380.62554931640625,10493872
2019-04-23,382.5552062988281,10203957
2019-04-24,386.9934387207031,11397163
2019-04-25,381.493896484375,16524091
2019-04-26,392.87890625,14286163
2019-04-30,393.1683349609375,19375553
2019-05-02,381.6386413574219,16572948
2019-05-03,387.6687927246094,24431248
2019-05-06,387.1864013671875,20751521
2019-05-07,372.9068908691406,41519416
2019-05-08,368.7581481933594,22509400
2019-05-09,367.98626708984375,19739885
2019-05-10,371.5561828613281,18361701
2019-05-13,363.0656433105469,13828080
2019-05-14,367.02142333984375,21481226
2019-05-15,363.7892761230469,16183425
2019-05-16,369.0475769042969,13430281
2019-05-17,375.994384765625,19096980
2019-05-20,393.361328125,33350816
2019-05-21,386.0768737792969,18286421
2019-05-22,391.09393310546875,15370847
2019-05-23,396.4005126953125,43279956
2019-05-24,416.56549072265625,37708344
2019-05-27,420.1836242675781,23397222
2019-05-28,419.0257873535156,23389724
2019-05-29,408.41265869140625,22132254
2019-05-30,411.2106628417969,18281037
2019-05-31,408.7986145019531,24644955
2019-06-03,408.0267028808594,17125380
2019-06-04,404.3603820800781,14514451
2019-06-06,397.075927734375,17762399
2019-06-07,401.94830322265625,14107696
2019-06-10,401.46588134765625,13074522
2019-06-11,406.53125,10939138
2019-06-12,403.2990417480469,11136959
2019-06-13,404.8427734375,12164077
2019-06-14,403.057861328125,8601256
2019-06-17,399.6327209472656,9539802
2019-06-18,407.3031311035156,17761348
2019-06-19,405.03570556640625,17010384
2019-06-20,418.1574401855469,24315929
2019-06-21,415.64886474609375,13909654
2019-06-24,414.3464050292969,8545999
2019-06-25,418.398681640625,12964387
2019-06-26,423.2227783203125,12261068
2019-06-27,425.4419250488281,18787957
2019-06-28,421.7273254394531,13459208
2019-07-01,423.56048583984375,6871979
2019-07-02,421.3896484375,7787303
2019-07-03,420.6177978515625,10415896
2019-07-04,420.8589782714844,11810688
2019-07-05,421.00372314453125,12154330
2019-07-08,410.92120361328125,12184946
2019-07-09,413.4297790527344,11679067
2019-07-10,415.7453918457031,16494282
2019-07-11,411.54833984375,16535185
2019-07-12,412.0307312011719,8824728
2019-07-15,407.4478454589844,7825336
2019-07-16,409.6669616699219,12149205
2019-07-17,409.7633972167969,10961022
2019-07-18,403.9261779785156,10651654
2019-07-19,395.8698425292969,12260757
2019-07-22,397.9976806640625,17937246
2019-07-23,398.43292236328125,14207080
2019-07-24,395.09613037109375,16505930
2019-07-25,395.5797119140625,16852479
2019-07-26,402.1082458496094,17493739
2019-07-29,415.2619934082031,46754670
2019-07-30,411.39324951171875,23617273
2019-07-31,410.6678466796875,22329888
2019-08-01,403.36553955078125,18269866
2019-08-02,397.1272277832031,30939803
2019-08-05,389.4380798339844,25033370
2019-08-06,396.7887268066406,30665326
2019-08-07,394.9993591308594,20977349
2019-08-08,400.8025207519531,19046657
2019-08-09,406.36383056640625,17664017
2019-08-13,396.7887268066406,18389104
2019-08-14,403.60736083984375,13307755
2019-08-16,405.2032470703125,15154141
2019-08-19,409.5072326660156,12304262
2019-08-20,403.2204895019531,16181488
2019-08-21,398.5296325683594,12868183
2019-08-22,386.00457763671875,18182520
2019-08-23,382.42596435546875,26883695
2019-08-26,398.14276123046875,26701988
2019-08-27,404.8647155761719,28793372
2019-08-28,399.400146484375,12154347
2019-08-29,391.1306457519531,30331105
2019-08-30,396.2083740234375,18314194
2019-09-03,379.2826232910156,20194305
2019-09-04,384.4570617675781,18614965
2019-09-05,376.2359313964844,25022673
2019-09-06,378.50885009765625,17564286
2019-09-09,382.474365234375,18651819
2019-09-11,381.6521911621094,17463978
2019-09-12,389.4864196777344,19577114
2019-09-13,399.8353271484375,17775449
2019-09-16,398.6263427734375,17629622
2019-09-17,387.503662109375,20793363
2019-09-18,386.2463684082031,18477377
2019-09-19,373.9147033691406,22647508
2019-09-20,403.80078125,75217723
2019-09-23,431.6557922363281,57490445
2019-09-24,426.4329833984375,26639931
2019-09-25,419.9528503417969,19987241
2019-09-26,437.1204528808594,40909369
2019-09-27,434.4606628417969,19432963
2019-09-30,419.46929931640625,27524660
2019-10-01,410.6678466796875,30623906
2019-10-03,413.2792663574219,23275379
2019-10-04,400.3189392089844,17952697
2019-10-07,402.44671630859375,21933703
2019-10-09,422.3708190917969,34533981
2019-10-10,409.7973937988281,19074005
2019-10-11,414.4881896972656,18004922
2019-10-14,414.77838134765625,17211042
2019-10-15,417.6799621582031,14971985
2019-10-16,421.0167541503906,17833051
2019-10-17,426.1428527832031,12452421
2019-10-18,423.4346923828125,15988455
2019-10-22,436.3466491699219,34966169
2019-10-23,440.16705322265625,25196183
2019-10-24,439.82855224609375,23542540
2019-10-25,453.70770263671875,34397573
2019-10-27,454.1429138183594,8206762
2019-10-29,461.7353515625,33686172
2019-10-30,455.6903991699219,22396012
2019-10-31,447.856201171875,21198377
2019-11-01,447.0824279785156,13522994
2019-11-04,455.061767578125,16254715
2019-11-05,452.9823303222656,14952189
2019-11-06,464.92706298828125,24922680
2019-11-07,462.84759521484375,18312032
2019-11-08,473.3899841308594,52207121
2019-11-11,480.498779296875,24766065
2019-11-13,469.81134033203125,24272664
2019-11-14,482.2880554199219,35396276
2019-11-15,483.4486999511719,42074833
2019-11-18,481.9979248046875,22910109
2019-11-19,477.3070983886719,27939336
2019-11-20,478.7578430175781,22606112
2019-11-21,481.9012145996094,25745594
2019-11-22,480.498779296875,18462401
2019-11-25,481.4659729003906,25692878
2019-11-26,493.94268798828125,286857658
2019-11-27,488.913330078125,29866539
2019-11-28,502.1154479980469,35706498
2019-11-29,495.7803649902344,13324549
2019-12-02,494.1361083984375,10130049
2019-12-03,492.6369934082031,12795657
2019-12-04,511.8840026855469,30992538
2019-12-05,510.7716979980469,32354118
2019-12-06,507.5799865722656,24868376
2019-12-09,509.2242736816406,12980877
2019-12-10,511.3520812988281,12021443
2019-12-11,516.0429077148438,13768156
2019-12-12,517.7838134765625,12385216
2019-12-13,519.4281005859375,17884861
2019-12-16,521.5558471679688,13070575
2019-12-17,523.3936157226562,11516163
2019-12-18,523.6353149414062,12906168
2019-12-19,522.4747314453125,12082790
2019-12-20,528.1810913085938,27691592
2019-12-23,523.5386352539062,11521942
2019-12-24,523.3451538085938,6715007
2019-12-26,521.072265625,7831074
2019-12-27,531.3728637695312,11247684
2019-12-30,526.1016845703125,13180302
2019-12-31,521.2174072265625,12491978
2020-01-01,519.1380004882812,7642793
2020-01-02,522.861572265625,10264223
2020-01-03,521.1690063476562,9594690
2020-01-06,508.45050048828125,12534334
2020-01-07,505.74237060546875,16101835
2020-01-08,508.6922912597656,16094310
2020-01-09,528.3746337890625,18934019
2020-01-10,522.5230712890625,12335407
2020-01-13,520.9271850585938,7901800
2020-01-14,519.9600219726562,13939440
2020-01-15,518.025634765625,12353176
2020-01-16,519.5247802734375,11249232
2020-01-17,514.5921020507812,18312609
2020-01-20,517.30029296875,19159996
2020-01-21,513.6249389648438,13477994
2020-01-22,505.6939697265625,17527408
2020-01-23,510.38494873046875,17061293
2020-01-24,516.3330078125,17851868
2020-01-27,519.6215209960938,38149166
2020-01-28,510.8684997558594,24009224
2020-01-29,509.3209228515625,16400827
2020-01-30,514.7372436523438,14319317
2020-01-31,508.4021911621094,16292578
2020-02-03,498.6335754394531,22531888
2020-02-04,513.3831176757812,17781475
2020-02-05,521.4108276367188,18782476
2020-02-06,523.8287963867188,15296851
2020-02-07,518.8478393554688,8297149
2020-02-10,516.4298095703125,12536053
2020-02-11,522.0394897460938,11243552
2020-02-12,531.276123046875,14026335
2020-02-13,523.2484741210938,9227235
2020-02-14,527.8909912109375,14458649
2020-02-17,523.8287963867188,7793293
2020-02-18,523.4419555664062,15918303
2020-02-19,526.923828125,8704234
2020-02-20,529.051513671875,13588526
2020-02-24,512.46435546875,16940750
2020-02-25,513.5282592773438,14942960
2020-02-26,506.5161437988281,15743918
2020-02-27,498.4400329589844,26315054
2020-02-28,480.93402099609375,32737933
2020-03-02,489.4936218261719,28642076
2020-03-03,497.8597717285156,19661945
2020-03-04,491.6697692871094,21883404
2020-03-05,487.94610595703125,16671516
2020-03-06,470.3916931152344,31024353
2020-03-09,442.7301330566406,42027175
2020-03-11,450.3708801269531,31018779
2020-03-12,411.68341064453125,50757033
2020-03-13,432.5262756347656,67104335
2020-03-16,389.6798400878906,34833637
2020-03-17,355.1996765136719,47232699
2020-03-18,343.3999328613281,61202289
2020-03-19,327.44134521484375,57985870
2020-03-20,334.3567199707031,88640642
2020-03-23,274.6812744140625,56867949
2020-03-24,286.7711181640625,67895418
2020-03-25,306.5017395019531,66544138
2020-03-26,319.4136962890625,76173940
2020-03-27,328.69866943359375,72889985
2020-03-30,303.1165771484375,36559880
2020-03-31,313.1269836425781,46279768
2020-04-01,300.9404296875,33141186
2020-04-03,277.2442932128906,57326314
2020-04-07,315.3998718261719,57661076
2020-04-08,308.4844665527344,73931321
2020-04-09,331.4551696777344,52431174
2020-04-13,319.800537109375,30994190
2020-04-15,316.60888671875,49132329
2020-04-16,330.7781677246094,56494027
2020-04-17,363.227294921875,69006835
2020-04-20,349.44488525390625,55810736
2020-04-21,320.961181640625,50118175
2020-04-22,324.9266662597656,49115085
2020-04-23,341.3688659667969,45953398
2020-04-24,323.8627624511719,38513206
2020-04-27,336.48455810546875,38980019
2020-04-28,348.0424499511719,32933194
2020-04-29,358.2946472167969,39341745
2020-04-30,367.6763610839844,45734705
2020-05-04,326.95770263671875,38837299
2020-05-05,319.9940185546875,45069968
2020-05-06,330.1978454589844,49952812
2020-05-07,325.7004089355469,27656346
2020-05-08,326.6192932128906,42968091
2020-05-11,309.64508056640625,83665601
2020-05-12,310.66064453125,69072308
2020-05-13,326.95770263671875,72816461
2020-05-14,316.6571960449219,33999095
2020-05-15,312.1114196777344,31828868
2020-05-18,288.7054748535156,74034133
2020-05-19,290.4464111328125,61827491
2020-05-20,295.6208801269531,42238419
2020-05-21,294.411865234375,43075357
2020-05-22,281.49993896484375,80358245
2020-05-26,283.0958557128906,46681705
2020-05-27,308.3877868652344,80541990
2020-05-28,316.1252746582031,66136408
2020-05-29,321.05792236328125,60487477
2020-06-01,328.11834716796875,44024770
2020-06-02,336.9681701660156,47558213
2020-06-03,345.1408996582031,69689299
2020-06-04,336.43621826171875,57061575
2020-06-05,345.4794006347656,37251097
2020-06-08,347.99407958984375,46827341
2020-06-09,337.1132507324219,47621969
2020-06-10,341.4172058105469,36292403
2020-06-11,330.0527648925781,36999490
2020-06-12,332.90594482421875,47509067
2020-06-15,320.2358093261719,43500660
2020-06-16,331.6969909667969,57511237
2020-06-17,330.7297668457031,37107002
2020-06-18,340.45001220703125,39285919
2020-06-19,351.86285400390625,51367236
2020-06-22,355.48980712890625,40133602
2020-06-23,363.8075866699219,32493320
2020-06-24,336.6780090332031,57955780
2020-06-25,339.4828186035156,69902888
2020-06-26,337.64520263671875,34596104
2020-06-29,331.8420715332031,27384244
2020-06-30,339.9180603027344,47526095
2020-07-01,352.1046142578125,36922617
2020-07-02,350.9440002441406,50964311
2020-07-03,349.1547546386719,28779044
2020-07-06,349.9768371582031,33334074
2020-07-07,363.7109069824219,46030825
2020-07-08,356.8438720703125,46315597
2020-07-09,358.1979064941406,35144463
2020-07-10,348.52606201171875,27864858
2020-07-13,341.9975280761719,32379935
2020-07-14,334.2116394042969,34031256
2020-07-15,334.4534606933594,30442553
2020-07-16,333.3411865234375,35535437
2020-07-17,342.1909484863281,27511781
2020-07-20,351.08905029296875,36312529
2020-07-21,366.3706359863281,45559912
2020-07-22,368.5951843261719,45500191
2020-07-23,379.37933349609375,37838027
2020-07-24,369.2721862792969,52980980
2020-07-27,346.73675537109375,73275058
2020-07-28,340.5467529296875,125939354
2020-07-29,339.53118896484375,50194622
2020-07-30,333.63134765625,40820253
2020-07-31,335.4206237792969,37345191
2020-08-03,331.9871520996094,32119883
2020-08-04,339.4828186035156,30811518
2020-08-05,340.6434631347656,37057881
2020-08-06,346.97857666015625,48021824
2020-08-07,346.20477294921875,28510964
2020-08-10,351.6210632324219,22856010
2020-08-11,355.29632568359375,45446107
2020-08-12,354.8127746582031,25706005
2020-08-13,355.9733581542969,26257336
2020-08-14,349.5415954589844,28893259
2020-08-17,348.3809814453125,24232497
2020-08-18,357.4241638183594,26517363
2020-08-19,362.16339111328125,35790233
2020-08-20,355.6832275390625,68444775
2020-08-21,358.9716491699219,34109928
2020-08-24,367.8697509765625,32907235
2020-08-25,373.67291259765625,53072303
2020-08-26,376.5744934082031,37163882
2020-08-27,379.3309631347656,36910405
2020-08-28,396.25677490234375,83472297
2020-08-31,381.6521911621094,72744175
2020-09-01,378.1219482421875,34872793
2020-09-02,379.5244140625,31295799
2020-09-03,370.1910705566406,26135555
2020-09-04,360.32574462890625,33118984
2020-09-07,361.1478271484375,22323904
2020-09-08,363.37237548828125,32052920
2020-09-09,355.53814697265625,25285238
2020-09-10,358.53643798828125,24852274
2020-09-11,358.343017578125,22678353
2020-09-14,351.76611328125,27140598
2020-09-15,359.3585205078125,24967618
2020-09-16,362.40521240234375,22068622
2020-09-17,356.8921813964844,24084936
2020-09-18,357.4241638183594,78166508
2020-09-21,339.19268798828125,28932482
2020-09-22,342.77130126953125,28593292
2020-09-23,340.304931640625,22740143
2020-09-24,324.6849060058594,25840472
2020-09-25,337.2099304199219,23231600
2020-09-28,351.08905029296875,18495592
2020-09-29,345.33428955078125,17080848
2020-09-30,343.1097717285156,19565058
2020-10-01,357.0856628417969,23237122
2020-10-05,360.857666015625,26530105
2020-10-06,368.1116027832031,18093629
2020-10-07,370.0943298339844,21845743
2020-10-08,374.78515625,21085500
2020-10-09,388.3258056640625,41641237
2020-10-12,390.7921142578125,25742564
2020-10-13,383.248046875,19922778
2020-10-14,393.451904296875,23368177
2020-10-15,378.17034912109375,34234586
2020-10-16,383.1029968261719,25339096
2020-10-19,403.4139709472656,41072871
2020-10-20,400.9959716796875,26158669
2020-10-21,406.5089416503906,43124966
2020-10-22,399.3517761230469,33088074
2020-10-23,403.2688903808594,22151463
2020-10-26,391.1790466308594,21712057
2020-10-27,396.4985656738281,33571163
2020-10-28,383.05462646484375,28145103
2020-10-29,386.77825927734375,32615425
2020-10-30,379.7178649902344,27225165
2020-11-02,403.75244140625,72698777
2020-11-03,429.2862243652344,61813071
2020-11-04,422.7093200683594,43426662
2020-11-05,424.1117248535156,30129938
2020-11-06,428.2706604003906,27831424
2020-11-09,447.5176696777344,40995422
2020-11-10,467.9737243652344,57535138
2020-11-11,470.5850830078125,45609279
2020-11-12,461.058349609375,31071572
2020-11-13,469.6178894042969,34815091
2020-11-14,470.9236145019531,3636073
2020-11-17,470.44000244140625,36127378
2020-11-18,481.3209228515625,29156543
2020-11-19,463.0410461425781,31896908
2020-11-20,464.4434814453125,30089190
2020-11-23,452.8855895996094,29513544
2020-11-24,462.5091247558594,23135994
2020-11-25,457.1896057128906,34168305
2020-11-26,459.7042541503906,28707911
2020-11-27,457.8182373046875,48390771
2020-12-01,469.18267822265625,20120049
2020-12-02,464.6852722167969,21244707
2020-12-03,466.039306640625,22701738
2020-12-04,485.5765075683594,39547014
2020-12-07,493.70086669921875,37778332
2020-12-08,491.7181701660156,19339943
2020-12-09,494.7164611816406,21272782
2020-12-10,490.31573486328125,20419020
2020-12-11,498.5368347167969,25335765
2020-12-14,508.54718017578125,26369591
2020-12-15,501.051513671875,26969145
2020-12-16,495.63531494140625,24263586
2020-12-17,493.65252685546875,23883288
2020-12-18,500.1810302734375,21735833
2020-12-21,478.2742614746094,29157759
2020-12-22,483.8839416503906,32328041
2020-12-23,487.07568359375,19205951
2020-12-24,496.6991271972656,17576807
2020-12-28,503.0342102050781,14470472
2020-12-29,511.44879150390625,19092649
2020-12-30,511.4003601074219,21365141
2020-12-31,517.49365234375,27817770
2021-01-01,510.19140625,13592625
2021-01-04,514.2536010742188,16549750
2021-01-05,519.6215209960938,23311516
2021-01-06,528.7614135742188,28178838
2021-01-07,523.3451538085938,21138034
2021-01-08,524.2640380859375,21937965
2021-01-11,526.8270263671875,19394393
2021-01-12,530.018798828125,16388310
2021-01-13,538.2398681640625,21920297
2021-01-14,535.1448364257812,13330898
2021-01-15,525.1829223632812,15708956
2021-01-18,515.6560668945312,21580313
2021-01-19,528.5196533203125,20575358
2021-01-20,532.9202880859375,16097138
2021-01-21,534.5645141601562,18189277
2021-01-22,516.2847290039062,24515997
2021-01-25,520.3952026367188,23415249
2021-01-27,505.2104187011719,28049286
2021-01-28,510.91680908203125,29836591
2021-01-29,519.3797607421875,33172808
2021-02-01,583.98779296875,69354326
2021-02-02,597.09326171875,42362384
2021-02-03,601.9291381835938,27155908
2021-02-04,607.6838989257812,29982222
2021-02-05,593.998291015625,32015570
2021-02-08,608.9412841796875,18230551
2021-02-09,612.5681762695312,27155615
2021-02-10,611.4075927734375,23967387
2021-02-11,609.9568481445312,16072702
2021-02-12,626.3505859375,19049709
2021-02-15,651.8360595703125,27155194
2021-02-16,636.7479248046875,24966739
2021-02-17,635.7807006835938,21684753
2021-02-18,623.4974975585938,27845347
2021-02-19,603.5733642578125,24055811
2021-02-22,589.8392333984375,27092321
2021-02-23,596.0776977539062,23534585
2021-02-24,620.0639038085938,17762047
2021-02-25,607.3937377929688,38571809
2021-02-26,578.1364135742188,57349273
2021-03-01,588.3884887695312,21527318
2021-03-02,590.4679565429688,24051433
2021-03-03,611.3593139648438,21036174
2021-03-04,600.3816528320312,25057198
2021-03-05,589.4525146484375,26645968
2021-03-08,588.0983276367188,19632433
2021-03-09,604.5889892578125,23056249
2021-03-10,605.0725708007812,15838994
2021-03-12,592.740966796875,21757862
2021-03-15,583.6976928710938,24347946
2021-03-16,575.4282836914062,17925629
2021-03-17,570.156982421875,20214082
2021-03-18,559.6146850585938,22776537
2021-03-19,567.400634765625,29162618
2021-03-22,554.6337280273438,21755401
2021-03-23,567.1588134765625,29486417
2021-03-24,548.87890625,24434219
2021-03-25,552.7960205078125,27170186
2021-03-26,559.56640625,20724410
2021-03-30,572.0430908203125,28011943
2021-03-31,562.9998779296875,20119972
2021-04-01,574.8963623046875,15631940
2021-04-05,552.505859375,23260127
2021-04-06,547.3314819335938,23284697
2021-04-07,558.6959838867188,23984399
2021-04-08,557.777099609375,19262565
2021-04-09,547.6216430664062,23239564
2021-04-12,520.87890625,26601702
2021-04-13,542.2053833007812,25445897
2021-04-15,556.3262329101562,37614884
2021-04-16,548.3469848632812,24045008
2021-04-19,541.3832397460938,28526176
2021-04-20,540.7545776367188,24425842
2021-04-22,560.1950073242188,34942633
2021-04-23,551.2485961914062,33749097
2021-04-26,571.70458984375,62584522
2021-04-27,579.103515625,24239685
2021-04-28,600.9619140625,33292864
2021-04-29,601.0587158203125,34537860
2021-04-30,580.796142578125,23653258
2021-05-03,577.169189453125,18010557
2021-05-04,572.1397705078125,15115127
2021-05-05,583.0206298828125,17253943
2021-05-06,588.2434692382812,16949763
2021-05-07,587.1795654296875,10941083
2021-05-10,593.1277465820312,12060808
2021-05-11,589.8392333984375,13818480
2021-05-12,575.2348022460938,14785569
2021-05-14,577.7010498046875,12675754
2021-05-17,603.1381225585938,20453101
2021-05-18,612.4232177734375,19242627
2021-05-19,604.9275512695312,13911576
2021-05-20,598.3021850585938,13900762
2021-05-21,621.3696899414062,23975898
2021-05-24,626.1088256835938,20323003
2021-05-25,628.9620361328125,14884778
2021-05-26,631.0899047851562,14487031
2021-05-27,630.8480834960938,23349546
2021-05-28,621.949951171875,14191446
2021-05-31,641.003662109375,21786138
2021-06-01,628.7686157226562,14123196
2021-06-02,627.0759887695312,16025108
2021-06-03,628.9137573242188,11805702
2021-06-04,621.6114501953125,15111572
2021-06-07,626.9309692382812,7556341
2021-06-08,621.3212890625,11912935
2021-06-09,615.2279052734375,15823094
2021-06-10,619.3870239257812,10712418
2021-06-11,614.8412475585938,9015059
2021-06-14,614.3092041015625,10170497
2021-06-15,624.1260986328125,11039987
2021-06-16,619.0967407226562,8601339
2021-06-17,612.2297973632812,9720060
2021-06-18,609.7150268554688,13820690
2021-06-21,610.537109375,13407446
2021-06-22,610.1502685546875,15270093
2021-06-23,604.2020874023438,10950633
2021-06-24,613.2452392578125,12815724
2021-06-25,627.7047119140625,14785922
2021-06-28,628.9620361328125,12093491
2021-06-29,619.0967407226562,12225470
2021-06-30,610.1986694335938,14276494
2021-07-01,610.1502685546875,10517081
2021-07-02,619.2418212890625,10999396
2021-07-05,626.5924072265625,7358568
2021-07-06,628.9620361328125,9209891
2021-07-07,632.5406494140625,7741559
2021-07-08,620.8377685546875,10782941
2021-07-09,617.5975952148438,7069698
2021-07-12,625.044921875,6992783
2021-07-13,643.1312866210938,19825411
2021-07-14,642.5509643554688,11648541
2021-07-15,645.54931640625,8244429
2021-07-16,638.6339721679688,9212875
2021-07-19,634.3782958984375,9121737
2021-07-20,620.8377685546875,13169127
2021-07-22,634.4266967773438,13123569
2021-07-23,654.4474487304688,19298083
2021-07-26,654.544189453125,31054759
2021-07-27,655.2212524414062,12598869
2021-07-28,662.57177734375,18367497
2021-07-29,666.888427734375,11043138
2021-07-30,662.0383911132812,14536250
2021-08-02,660.9713134765625,9348206
2021-08-03,669.7015380859375,10162609
2021-08-04,693.2244873046875,28730606
2021-08-05,681.3902587890625,17774554
2021-08-06,676.7341918945312,14701949
2021-08-09,681.7781982421875,8602980
2021-08-10,679.88671875,10843554
2021-08-11,672.7570190429688,9748084
2021-08-12,680.3231811523438,8840339
2021-08-13,683.6697387695312,12787590
2021-08-16,681.584228515625,7920846
2021-08-17,680.177734375,8669653
2021-08-18,667.6643676757812,11069373
2021-08-20,660.2922973632812,13121808
2021-08-23,662.2323608398438,10917371
2021-08-24,673.6300659179688,9821388
2021-08-25,670.33203125,9535359
2021-08-26,677.849609375,10756731
2021-08-27,678.7711791992188,9135827
2021-08-30,692.2545166015625,10797869
2021-08-31,697.4925537109375,19760246
2021-09-01,698.317138671875,13729351
2021-09-02,703.4096069335938,8627956
2021-09-03,702.5851440429688,8993813
2021-09-06,699.5296020507812,5329995
2021-09-07,695.4070434570312,6242711
2021-09-08,699.3355712890625,7118011
2021-09-09,698.6565551757812,6243422
2021-09-13,686.19189453125,6967906
2021-09-14,686.2403564453125,5241865
2021-09-15,692.9334106445312,5936741
2021-09-16,705.3982543945312,13557169
2021-09-17,698.5596313476562,17075003
2021-09-20,688.7138671875,7943459
2021-09-21,690.50830078125,10009615
2021-09-22,682.26318359375,9740470
2021-09-23,695.5039672851562,10412491
2021-09-24,701.2755737304688,11780868
2021-09-27,708.1142578125,7712240
2021-09-28,695.6495361328125,13491800
2021-09-29,688.2288818359375,11453404
2021-09-30,679.8381958007812,18487517
2021-10-01,671.593017578125,10935810
2021-10-04,679.2077026367188,8976533
2021-10-05,676.2005615234375,7497208
2021-10-06,668.8284912109375,13200810
2021-10-07,681.147705078125,10041549
2021-10-08,682.311767578125,9383924
2021-10-11,691.9149169921875,9337637
2021-10-12,687.3558349609375,7376091
2021-10-13,688.6654052734375,6357766
2021-10-14,705.4951782226562,8950350
2021-10-18,723.1010131835938,15345601
2021-10-19,725.0411376953125,11349799
2021-10-20,723.4890747070312,12762996
2021-10-21,732.8497314453125,12166996
2021-10-22,736.5357666015625,13248928
2021-10-25,816.4654541015625,96124084
2021-10-26,804.5342407226562,16925115
2021-10-27,809.96630859375,22898400
2021-10-28,774.7545776367188,18750423
2021-10-29,778.004150390625,15701200
2021-11-01,779.7987670898438,11406421
2021-11-02,776.9371948242188,9452457
2021-11-03,762.3869018554688,11839149
2021-11-04,758.6522827148438,3149310
2021-11-08,756.7608032226562,13967995
2021-11-09,762.9688110351562,10084357
2021-11-10,757.48828125,9507347
2021-11-11,748.3215942382812,9221059
2021-11-12,753.317138671875,15380106
2021-11-15,750.1161499023438,10934583
2021-11-16,741.1433715820312,12785837
2021-11-17,738.475830078125,11657214
2021-11-18,740.0279541015625,20644385
2021-11-22,729.4547119140625,20403786
2021-11-23,729.3091430664062,24913042
2021-11-24,737.4088745117188,23186419
2021-11-25,728.533203125,17749726
2021-11-26,700.548095703125,18987552
2021-11-29,696.862060546875,15878074
2021-11-30,692.9334106445312,23965914
2021-12-01,705.8832397460938,15214913
2021-12-02,700.7421264648438,21924640
2021-12-03,694.824951171875,20130259
2021-12-06,688.27734375,20129080
2021-12-07,712.6248779296875,30513303
2021-12-08,730.812744140625,33432411
2021-12-09,732.36474609375,16007459
2021-12-10,735.2747802734375,7627774
2021-12-13,731.3947143554688,16855546
2021-12-14,735.9053344726562,17488089
2021-12-15,729.6971435546875,7358740
2021-12-16,718.929931640625,14123215
2021-12-17,706.4652099609375,13227787
2021-12-20,688.6654052734375,16900016
2021-12-21,698.7535400390625,14563335
2021-12-22,710.830322265625,9843359
2021-12-23,709.3753051757812,9994049
2021-12-24,705.3012084960938,8800690
2021-12-27,713.934326171875,7955163
2021-12-28,713.7403564453125,17833655
2021-12-29,713.6433715820312,7143073
2021-12-30,713.6433715820312,14326182
2021-12-31,717.9599609375,6973055
2022-01-03,741.77392578125,9653095
2022-01-04,749.6795654296875,12114437
2022-01-05,764.4238891601562,19741360
2022-01-06,761.5138549804688,13018067
2022-01-07,769.4679565429688,12250210
2022-01-10,786.443359375,10905080
2022-01-11,786.3463134765625,9982061
2022-01-12,799.0535888671875,13034848
2022-01-13,799.97509765625,9372244
2022-01-14,795.416015625,7552844
2022-01-17,794.7369995117188,6722700
2022-01-18,798.4230346679688,10835146
2022-01-19,784.3577880859375,16416144
2022-01-20,785.9583129882812,13567654
2022-01-21,780.3806762695312,12078277
2022-01-24,774.5121459960938,29612316
2022-01-25,777.6162109375,19513184
2022-01-27,770.8260498046875,23984679
2022-01-28,757.7308349609375,14072314
2022-01-31,765.1514282226562,14824509
2022-02-01,786.0067749023438,20031583
2022-02-02,789.3533935546875,11214375
2022-02-03,784.697265625,9755335
2022-02-04,780.9142456054688,10314067
2022-02-07,762.8234252929688,14659368
2022-02-08,768.7405395507812,14642455
2022-02-09,778.731689453125,8855292
2022-02-10,781.3507080078125,13159771
2022-02-11,767.0913696289062,13138408
2022-02-14,731.103759765625,16170656
2022-02-15,752.7836303710938,18880659
2022-02-16,741.1433715820312,10549784
2022-02-17,727.8541259765625,16683808
2022-02-18,726.4476928710938,8945567
2022-02-21,731.8312377929688,10967164
2022-02-22,728.7756958007812,13156371
2022-02-23,722.2765502929688,11624282
2022-02-24,686.19189453125,28023104
2022-02-25,708.1627197265625,16935750
2022-02-28,720.4335327148438,20547432
2022-03-02,693.41845703125,25252492
2022-03-03,677.3646240234375,23190595
2022-03-04,667.4219360351562,18697223
2022-03-07,634.1502075195312,27799873
2022-03-08,645.06298828125,26716975
2022-03-09,647.4395141601562,33728639
2022-03-10,656.3151245117188,35959638
2022-03-11,657.5762329101562,20546724
2022-03-14,675.279052734375,24648981
2022-03-15,676.443115234375,27714580
2022-03-16,686.7738647460938,14621688
2022-03-17,698.5110473632812,18329844
2022-03-21,689.44140625,12866839
2022-03-22,696.6680297851562,11761758
2022-03-23,696.7650756835938,7140403
2022-03-24,683.0878295898438,17727969
2022-03-25,678.2861938476562,15263007
2022-03-28,689.0533447265625,13806166
2022-03-29,693.85498046875,11489374
2022-03-30,708.9873046875,20154520
2022-03-31,708.4052734375,16046383
2022-04-01,714.1768798828125,12658848
2022-04-04,724.216552734375,17192197
2022-04-05,719.5604248046875,12290391
2022-04-06,719.3665161132812,13518142
2022-04-07,726.1080932617188,15087175
2022-04-08,731.6857299804688,15480705
2022-04-11,736.8267822265625,13216391
2022-04-12,740.949462890625,14020000
2022-04-13,739.3973999023438,16119956
2022-04-18,735.0807495117188,17651530
2022-04-19,743.325927734375,31088359
2022-04-20,732.898193359375,15984202
2022-04-21,739.494384765625,8953098
2022-04-22,725.235107421875,14411607
2022-04-25,729.648681640625,35417460
2022-04-26,731.1522216796875,18727514
2022-04-27,714.6134033203125,21441480
2022-04-28,724.7501220703125,18649559
2022-04-29,721.0155029296875,19560317
2022-05-02,718.7844848632812,10903446
2022-05-04,702.5366821289062,12212165
2022-05-05,706.9501953125,9121547
2022-05-06,697.6865844726562,12455025
2022-05-09,689.0533447265625,13055889
2022-05-10,689.974853515625,12797419
2022-05-11,692.7880249023438,13516852
2022-05-12,674.9395141601562,16685166
2022-05-13,657.0426635742188,15717043
2022-05-16,662.5233154296875,9025623
2022-05-17,688.7138671875,12765052
2022-05-18,686.143310546875,11835013
2022-05-19,669.6044921875,16661023
2022-05-20,688.27734375,11695528
2022-05-23,689.7323608398438,17438451
2022-05-24,686.9193115234375,13779981
2022-05-25,691.9634399414062,10457589
2022-05-26,706.6591796875,14028733
2022-05-27,717.6204223632812,8110620
2022-05-30,726.0596313476562,7628515
2022-05-31,730.2791748046875,20272212
2022-06-01,730.085205078125,10102092
2022-06-02,727.272216796875,10949759
2022-06-03,721.9855346679688,8563791
2022-06-06,724.362060546875,9107831
2022-06-07,713.2068481445312,9938912
2022-06-08,707.6292724609375,9369224
2022-06-09,710.7818603515625,7444368
2022-06-10,698.4140014648438,7990818
2022-06-13,667.3734130859375,16622521
2022-06-14,664.9483642578125,13348598
2022-06-15,666.6459350585938,9199591
2022-06-16,658.158203125,13237239
2022-06-17,666.2578735351562,16335613
2022-06-20,665.3849487304688,10981042
2022-06-21,675.2305297851562,13319648
2022-06-22,666.015380859375,6838249
2022-06-23,678.189208984375,14960412
2022-06-24,692.0603637695312,10856736
2022-06-27,695.843505859375,8285225
2022-06-28,689.0048828125,8339931
2022-06-29,681.6812744140625,9570557
2022-06-30,685.9977416992188,11970404
2022-07-01,682.7968139648438,9884899
2022-07-04,698.5110473632812,8303732
2022-07-05,697.8805541992188,11460367
2022-07-06,704.1856689453125,12163533
2022-07-07,719.7545166015625,10374018
2022-07-08,733.0438232421875,9797700
2022-07-11,746.4300537109375,12440573
2022-07-12,737.1178588867188,10219829
2022-07-13,730.6187133789062,8674121
2022-07-14,729.8427124023438,7044542
2022-07-15,728.6786499023438,6358018
2022-07-18,748.8551025390625,8045363
2022-07-19,757.2457885742188,12825591
2022-07-20,759.622314453125,8152179
2022-07-21,762.4353637695312,8312338
2022-07-22,776.0641479492188,12267898
2022-07-25,776.8886108398438,21034148
2022-07-26,772.426513671875,7374145
2022-07-27,776.5006713867188,9536564
2022-07-28,790.1779174804688,11124518
2022-07-29,794.0579833984375,11095993
2022-08-01,798.7140502929688,7974903
2022-08-02,793.2334594726562,11106772
2022-08-03,800.0721435546875,11073975
2022-08-04,795.6585693359375,11113742
2022-08-05,813.0704345703125,16056522
2022-08-08,816.7297973632812,12142951
2022-08-10,828.2447509765625,23658553
2022-08-11,838.93017578125,22787391
2022-08-12,853.2750244140625,10792853
2022-08-16,858.0078735351562,13804836
2022-08-17,861.9111938476562,9058040
2022-08-18,863.7164916992188,13137856
2022-08-19,849.3717041015625,10787199
2022-08-22,831.6600952148438,13848023
2022-08-23,843.0287475585938,13254855
2022-08-24,852.2015991210938,10494109
2022-08-25,851.2745361328125,9827829
2022-08-26,849.8107299804688,5976725
2022-08-29,835.1731567382812,7755134
2022-08-30,865.8633422851562,12544701
2022-09-01,853.2261352539062,15877583
2022-09-02,851.3233642578125,8401284
2022-09-05,861.1305541992188,8744999
2022-09-06,862.301513671875,9879326
2022-09-07,855.0315551757812,8814960
2022-09-08,877.0855102539062,12163106
2022-09-09,879.476318359375,9936230
2022-09-12,885.2825927734375,6016978
2022-09-13,888.0149536132812,10400475
2022-09-14,895.9192504882812,14712947
2022-09-15,895.4312744140625,16253099
2022-09-16,887.1366577148438,11966860
2022-09-19,877.475830078125,11235656
2022-09-20,894.6018676757812,12090663
2022-09-21,893.1380615234375,8917640
2022-09-22,881.574462890625,11125669
2022-09-23,860.9353637695312,15927517
2022-09-26,840.2474975585938,14208640
2022-09-27,831.952880859375,12493809
2022-09-28,828.9765625,11411458
2022-09-29,823.5118408203125,13803629
2022-09-30,841.174560546875,13175031
2022-10-03,827.8543701171875,8232026
2022-10-04,846.6880493164062,8975095
2022-10-06,864.05810546875,12116698
2022-10-07,861.2280883789062,9705750
2022-10-10,860.4474487304688,7357588
2022-10-11,849.5667724609375,11130051
2022-10-12,847.3711547851562,14557532
2022-10-13,832.9774780273438,11563124
2022-10-14,849.225341796875,8199540
2022-10-17,863.8140869140625,8936947
2022-10-18,875.2315063476562,8097552
2022-10-19,870.54736328125,5529462
2022-10-20,867.1807861328125,8107159
2022-10-21,885.2338256835938,17022807
2022-10-24,903.9210815429688,4390050
2022-10-25,902.7013549804688,15838120
2022-10-27,902.0670776367188,16080842
2022-10-28,885.9168090820312,9854094
2022-10-31,886.746337890625,9000840
2022-11-01,886.6487426757812,9823761
2022-11-02,882.843017578125,7690974
2022-11-03,886.6975708007812,9022366
2022-11-04,883.4284057617188,7099336
2022-11-07,895.333740234375,11100219
2022-11-09,888.5028686523438,11590409
2022-11-10,888.697998046875,10009741
2022-11-11,884.6482543945312,17921457
2022-11-14,873.3285522460938,12641308
2022-11-15,889.673828125,15176911
2022-11-16,891.5279541015625,13008311
2022-11-17,897.5781860351562,12584194
2022-11-18,898.1148681640625,10874061
2022-11-21,899.1395263671875,9245704
2022-11-22,901.3839721679688,11256509
2022-11-23,905.0433959960938,10959704
2022-11-24,916.16796875,10844395
2022-11-25,907.824462890625,9815055
2022-11-28,914.7529907226562,9381474
2022-11-29,923.8770751953125,13096845
2022-11-30,929.8785400390625,20858573
2022-12-01,917.4853515625,15920653
2022-12-02,908.1171875,14228874
2022-12-05,911.0447387695312,10984608
2022-12-06,900.359375,18220912
2022-12-07,899.8714599609375,15675663
2022-12-08,909.3858642578125,10136870
2022-12-09,907.4341430664062,9575331
2022-12-12,907.824462890625,8493863
2022-12-13,910.4105224609375,10415140
2022-12-14,899.4810791015625,12319827
2022-12-15,886.8439331054688,8929748
2022-12-16,880.208251953125,9157260
2022-12-19,884.5507202148438,7015083
2022-12-20,887.7222290039062,6384331
2022-12-21,870.6937866210938,11341147
2022-12-22,869.1324462890625,9788367
2022-12-23,857.6663208007812,11059215
2022-12-26,871.620849609375,6943159
2022-12-27,878.8908081054688,4994381
2022-12-28,877.2318725585938,8980300
2022-12-29,886.112060546875,11994220
2022-12-30,869.3275146484375,9688527
2023-01-02,880.6473999023438,4315403
2023-01-03,879.5739135742188,5846855
2023-01-04,877.3782958984375,12454582
2023-01-05,857.9102783203125,16547196
2023-01-06,849.078857421875,14804613
2023-01-09,852.2503662109375,16811853
2023-01-10,840.540283203125,13470142
2023-01-11,845.3706665039062,15558460
2023-01-12,839.8572387695312,16659001
2023-01-13,852.3479614257812,11223103
2023-01-16,844.3461303710938,8319812
2023-01-17,844.24853515625,12624859
2023-01-18,848.493408203125,11313898
2023-01-19,845.224365234375,6694679
2023-01-20,849.3228149414062,8127162
2023-01-23,850.6402587890625,16882379
2023-01-24,849.7131958007812,11504090
2023-01-25,834.6364135742188,14918485
2023-01-27,797.4569091796875,39718683
2023-01-30,803.604736328125,36301441
2023-01-31,811.8017578125,27291226
2023-02-01,827.4640502929688,39237711
2023-02-02,837.1736450195312,16798190
2023-02-03,842.9310302734375,14914366
2023-02-06,833.0751342773438,8463833
2023-02-07,832.1480712890625,9337066
2023-02-08,838.3446044921875,8082983
2023-02-09,840.0035400390625,6299265
2023-02-10,833.221435546875,8656405
2023-02-13,830.0987548828125,9394365
2023-02-14,844.3948974609375,13402934
2023-02-15,849.761962890625,12070288
2023-02-16,848.4446411132812,10715685
2023-02-17,841.8088989257812,9990618
2023-02-20,831.5137329101562,9013430
2023-02-21,833.5631103515625,11704445
2023-02-22,818.9741821289062,13880984
2023-02-23,819.462158203125,11743574
2023-02-24,819.413330078125,8246139
2023-02-27,835.7098999023438,14422574
2023-02-28,834.1973266601562,19600146
2023-03-01,835.6123046875,11015843
2023-03-02,833.3678588867188,12327141
2023-03-03,847.5663452148438,12823098
2023-03-06,846.7857055664062,13904231
2023-03-08,851.030517578125,16144568
2023-03-09,835.270751953125,10624440
2023-03-10,822.2921142578125,17273189
2023-03-13,808.3864135742188,16413159
2023-03-14,810.2891845703125,15456802
2023-03-15,805.94677734375,12914488
2023-03-16,803.9951171875,14987868
2023-03-17,816.0466918945312,11104490
2023-03-20,816.2418823242188,14838651
2023-03-21,831.8065185546875,18755854
2023-03-22,839.4180908203125,17431520
2023-03-23,834.7828369140625,17920621
2023-03-24,831.8065185546875,17295696
2023-03-27,828.1959228515625,17047675
2023-03-28,834.0997314453125,24469018
2023-03-29,830.4403686523438,34881515
2023-03-31,856.05615234375,25739021
2023-04-03,862.4479370117188,26416933
2023-04-05,863.2285766601562,21068934
2023-04-06,853.8605346679688,26042745
2023-04-10,847.46875,30906205
2023-04-11,860.5938110351562,39504022
2023-04-12,868.64453125,22686032
2023-04-13,877.2806396484375,34439635
2023-04-17,879.5250854492188,29957514
2023-04-18,875.1826171875,26699379
2023-04-19,870.352294921875,24377956
2023-04-20,872.7918701171875,16999919
2023-04-21,864.2532348632812,29578071
2023-04-24,882.8917846679688,30881665
2023-04-25,891.381591796875,41383839
2023-04-26,892.8453979492188,30371555
2023-04-27,896.1632080078125,25835108
2023-04-28,895.4801635742188,20381002
2023-05-02,899.8225708007812,17515017
2023-05-03,900.5545043945312,18715142
2023-05-04,899.4323120117188,20485002
2023-05-05,904.555419921875,19002035
2023-05-08,915.2409057617188,18623913
2023-05-09,911.8255004882812,21507610
2023-05-10,913.435546875,25910923
2023-05-11,916.5094604492188,20027372
2023-05-12,921.095947265625,13873480
2023-05-15,922.9012451171875,10453762
2023-05-16,923.4867553710938,19612293
2023-05-17,916.6558837890625,19273344
2023-05-18,923.6331176757812,21550141
2023-05-19,931.24462890625,15427412
2023-05-22,927.3900756835938,15509525
2023-05-23,930.366455078125,16579935
2023-05-24,917.9244995117188,18049620
2023-05-25,917.1437377929688,19328582
2023-05-26,927.731689453125,10957182
2023-05-29,925.2433471679688,12108079
2023-05-30,926.9998168945312,18483624
2023-05-31,926.2191162109375,27254425
2023-06-01,913.484375,21650700
2023-06-02,915.48486328125,12494376
2023-06-05,923.8770751953125,10751684
2023-06-06,919.33935546875,11894330
2023-06-07,917.4853515625,16486469
2023-06-08,915.2409057617188,17608140
2023-06-09,915.3872680664062,12253128
2023-06-12,913.3380737304688,10520125
2023-06-13,920.75439453125,13528776
2023-06-14,917.0950317382812,13489262
2023-06-15,904.2138671875,19366819
2023-06-16,911.6303100585938,11249387
2023-06-19,900.8472900390625,19351375
2023-06-20,903.1892700195312,15212286
2023-06-21,902.3597412109375,9210553
2023-06-22,903.3844604492188,27291569
2023-06-23,901.1887817382812,8767733
2023-06-26,905.0433959960938,11749040
2023-06-27,913.484375,13422726
2023-06-28,914.8017578125,25708001
2023-06-30,912.0206298828125,13843218
2023-07-03,919.7785034179688,12350359
2023-07-04,921.8765869140625,14041699
2023-07-05,934.8552856445312,13817767
2023-07-06,936.2214965820312,16334427
2023-07-07,923.5355224609375,8593807
2023-07-10,925.4872436523438,12069184
2023-07-11,922.12060546875,16977595
2023-07-12,921.5838623046875,21511161
2023-07-13,932.61083984375,23222286
2023-07-14,936.8557739257812,12871569
2023-07-17,945.2968139648438,16290763
2023-07-18,951.8837280273438,29709508
2023-07-19,949.9320678710938,15994261
2023-07-20,971.5469360351562,26487838
2023-07-21,972.9130859375,16903003
2023-07-24,968.0338134765625,21687719
2023-07-25,970.6686401367188,29325327
2023-07-26,972.3764038085938,12780537
2023-07-27,966.3261108398438,25932395
2023-07-28,972.1324462890625,12584130
2023-07-31,974.1817016601562,14303116
2023-08-01,970.522216796875,15508569
2023-08-02,963.1058959960938,15787996
2023-08-03,941.6861572265625,30994707
2023-08-04,947.0532836914062,20582882
2023-08-07,952.078857421875,16686062
2023-08-08,956.2261962890625,23784778
2023-08-09,957.0133056640625,19317331
2023-08-10,948.552001953125,24858441
2023-08-11,937.4833984375,17162177
2023-08-14,944.0753173828125,19026691
2023-08-16,941.0745849609375,17930805
2023-08-17,936.3027954101562,27077611
2023-08-18,935.3189086914062,13257508
2023-08-21,939.7955322265625,13358017
2023-08-22,936.6471557617188,16872719
2023-08-23,951.2576293945312,14707331
2023-08-24,953.3237915039062,28389740
2023-08-25,954.7504272460938,10275758
2023-08-28,954.89794921875,10481574
2023-08-29,952.1431274414062,13209913
2023-08-30,943.4359130859375,13936165
2023-08-31,943.2882690429688,36675400
2023-09-01,953.077880859375,16268147
2023-09-04,951.7495727539062,9512956
2023-09-05,952.7826538085938,16623486
2023-09-06,942.0584716796875,30802100
2023-09-07,950.0770263671875,13462347
2023-09-08,954.89794921875,13086915
2023-09-11,962.4737548828125,7894110
2023-09-12,974.5262451171875,20959591
2023-09-13,973.8374633789062,21997553
2023-09-14,971.7714233398438,11464188
2023-09-15,976.44482421875,13307980
2023-09-18,974.2310791015625,16713222
2023-09-20,971.2302856445312,25741856
2023-09-21,943.8294067382812,19742813
2023-09-22,934.9745483398438,12701888
2023-09-25,940.9269409179688,8997098
2023-09-26,933.400390625,10521409
2023-09-27,927.890625,15152973
2023-09-28,927.3987426757812,25991282
2023-09-29,936.5487670898438,10447334
2023-10-03,925.1358032226562,11131636
2023-10-04,915.0510864257812,17334739
2023-10-05,925.6768798828125,10478856
2023-10-06,929.9568481445312,6355755
2023-10-09,923.4632568359375,6725306
2023-10-10,935.8600463867188,11452715
2023-10-11,937.7293701171875,12233117
2023-10-12,938.86083984375,7836818
2023-10-13,935.9583740234375,6650442
2023-10-16,936.0568237304688,5763024
2023-10-17,938.5164794921875,7747527
2023-10-18,928.5302124023438,12000153
2023-10-19,920.6591796875,8612676
2023-10-20,917.7075805664062,6586576
2023-10-23,914.9527587890625,11856890
2023-10-25,901.3260498046875,12593434
2023-10-26,893.9962768554688,21693345
2023-10-27,898.0301513671875,8645505
2023-10-30,909.9841918945312,7687791
2023-10-31,900.588134765625,17211107
2023-11-01,899.30908203125,12927203
2023-11-02,905.114013671875,9747311
2023-11-03,918.7406616210938,7146961
2023-11-06,930.2027587890625,10338367
2023-11-07,932.8099975585938,15704942
2023-11-08,920.6591796875,17606074
2023-11-09,922.2333374023438,9406117
2023-11-10,923.4632568359375,9560455
2023-11-13,919.3801879882812,11470096
2023-11-15,925.9229125976562,19492138
2023-11-16,920.9051513671875,19706373
2023-11-17,906.9833374023438,10956653
2023-11-20,906.58984375,10562301
2023-11-21,911.164794921875,8989572
2023-11-22,907.8688354492188,12197979
2023-11-23,908.1148071289062,5534614
2023-11-24,914.41162109375,7452002
2023-11-28,910.5745239257812,14231987
2023-11-29,924.4470825195312,11680078
2023-11-30,919.8721313476562,23950292
2023-12-01,931.4326171875,16986046
2023-12-04,975.2149658203125,33131257
2023-12-05,997.106201171875,31378461
2023-12-06,987.0706176757812,18786590
2023-12-07,982.88916015625,11841945
2023-12-08,994.5480346679688,16116363
2023-12-11,1000.697265625,11714606
2023-12-12,999.31982421875,12380856
2023-12-13,997.5488891601562,15887040
2023-12-14,1016.9803466796875,16317672
2023-12-15,1020.669921875,14306067
2023-12-18,1004.9771118164062,8592711
2023-12-19,999.0739135742188,10094256
2023-12-20,990.4158325195312,16490281
2023-12-21,988.2020874023438,18064916
2023-12-22,978.2649536132812,20881976
2023-12-26,979.0520629882812,14339699
2023-12-27,986.0867919921875,12996468
2023-12-28,989.6779174804688,24915990
2023-12-29,980.52783203125,12280140
2024-01-01,983.28271484375,7683792
2024-01-02,966.4093017578125,16263825
2024-01-03,968.1802368164062,16826752
2024-01-04,971.2302856445312,22789140
2024-01-05,977.6746215820312,14875499
2024-01-08,966.163330078125,8393164
2024-01-09,963.9495849609375,14660414
2024-01-10,977.0350952148438,9409181
2024-01-11,975.165771484375,6451345
2024-01-12,987.3165893554688,12255743
2024-01-15,993.5641479492188,12388044
2024-01-16,992.777099609375,11505126
2024-01-17,965.9173583984375,41914771
2024-01-18,970.443115234375,17902484
2024-01-19,983.0859375,23271148
2024-01-23,1012.45458984375,50797448
2024-01-24,983.0859375,34578943
2024-01-25,993.66259765625,28315035
2024-01-29,1000.008544921875,14078922
2024-01-30,1000.5005493164062,16085742
2024-01-31,1011.569091796875,25627447
2024-02-01,1008.6174926757812,13058880
2024-02-02,1007.4859619140625,14774650
2024-02-05,1006.9940795898438,12948430
2024-02-06,1009.8472900390625,12886927
2024-02-07,1005.6658325195312,16410895
2024-02-08,973.3455810546875,20565502
2024-02-09,994.4005126953125,12799837
2024-02-12,980.035888671875,8050066
2024-02-13,1003.3536987304688,18706292
2024-02-14,1006.2069702148438,17878720
2024-02-15,1000.2545166015625,10069878
2024-02-16,1006.7481079101562,7159395
2024-02-19,1026.91748046875,9388255
2024-02-20,1031.8367919921875,11293528
2024-02-21,1034.985107421875,15946325
2024-02-22,1045.5618896484375,13432573
2024-02-23,1044.1845703125,13142759
2024-02-26,1037.1988525390625,7875941
2024-02-27,1043.1021728515625,10580973
2024-02-28,1029.327880859375,7730332
2024-02-29,1035.231201171875,20944844
2024-03-01,1069.37158203125,14909562
2024-03-04,1074.733642578125,11424581
2024-03-05,1070.503173828125,9222544
2024-03-06,1079.4071044921875,21796484
2024-03-07,1070.4046630859375,9963926
2024-03-11,1061.3037109375,13310362
2024-03-12,1059.483642578125,21785435
2024-03-13,1066.4691162109375,24855870
2024-03-14,1066.124755859375,14231421
2024-03-15,1062.92724609375,66192734
2024-03-18,1063.7635498046875,8769440
2024-03-19,1066.4691162109375,16708715
2024-03-20,1067.0103759765625,18725251
2024-03-21,1064.3538818359375,19992607
2024-03-22,1072.716796875,17214415
2024-03-26,1066.22314453125,13367635
2024-03-27,1066.2724609375,26907245
2024-03-28,1075.66845703125,22070566
2024-04-01,1081.916015625,10848191
2024-04-02,1063.7635498046875,14380396
2024-04-03,1059.827880859375,15477184
2024-04-04,1061.451416015625,21419689
2024-04-05,1065.9281005859375,15340637
2024-04-08,1069.6175537109375,8023461
2024-04-09,1089.1966552734375,12298463
2024-04-10,1091.5087890625,10598000
2024-04-12,1086.58935546875,12216657
2024-04-15,1060.95947265625,10526597
2024-04-16,1049.841796875,11278092
2024-04-18,1038.4288330078125,16564216
2024-04-19,1050.03857421875,11284433
2024-04-22,1069.125732421875,10346714
2024-04-23,1072.6676025390625,9848215
2024-04-24,1079.062744140625,5461309
2024-04-25,1095.78857421875,19905338
2024-04-26,1090.032958984375,14190059
2024-04-29,1141.4403076171875,28578063
2024-04-30,1131.8475341796875,29568491
2024-05-02,1121.0740966796875,25118334
2024-05-03,1123.63232421875,19933604
2024-05-06,1127.813720703125,14970524
2024-05-07,1113.6458740234375,15097728
2024-05-08,1104.8895263671875,19913090
2024-05-09,1097.7071533203125,12229853
2024-05-10,1099.035400390625,8573656
2024-05-13,1109.808837890625,9707983
2024-05-14,1102.47900390625,8944262
2024-05-15,1106.2176513671875,10743423
2024-05-16,1112.8096923828125,14265565
2024-05-17,1112.2684326171875,8641784
2024-05-21,1102.8724365234375,10452900
2024-05-22,1093.1812744140625,17527411
2024-05-23,1116.2039794921875,13787687
2024-05-24,1113.695068359375,6312670
2024-05-27,1111.579833984375,11599857
2024-05-28,1108.775634765625,9311718
2024-05-29,1084.2281494140625,19268547
2024-05-30,1095.7393798828125,15255387
2024-05-31,1102.970947265625,26197718
2024-06-03,1141.292724609375,25699977
2024-06-04,1054.170654296875,43476837
2024-06-05,1090.7708740234375,42172104
2024-06-06,1092.49267578125,18574162
2024-06-07,1103.6103515625,17197635
2024-06-10,1105.676513671875,10851455
2024-06-11,1100.1668701171875,12250002
2024-06-12,1101.4951171875,16096514
2024-06-13,1089.49169921875,12494254
2024-06-14,1087.8192138671875,11377979
2024-06-18,1104.7418212890625,18306176
2024-06-19,1125.993408203125,34309514
2024-06-20,1138.144287109375,15475933
2024-06-21,1139.9644775390625,69259425
2024-06-24,1151.229736328125,12210295
2024-06-25,1178.630615234375,27309845
2024-06-26,1198.357421875,25403461
2024-06-27,1200.2266845703125,20516632
2024-06-28,1180.254150390625,12507092
2024-07-01,1192.3065185546875,8636894
2024-07-02,1171.399169921875,16153925
2024-07-03,1182.2218017578125,22330897
2024-07-04,1213.115478515625,15275791
2024-07-05,1213.509033203125,9535575
2024-07-08,1215.1324462890625,6617190
2024-07-09,1228.1195068359375,13366874
2024-07-10,1223.15087890625,18226503
2024-07-11,1218.4775390625,11307116
2024-07-12,1213.01708984375,12208290
2024-07-15,1210.1146240234375,15612671
2024-07-16,1219.9041748046875,12320605
2024-07-18,1230.1365966796875,10999632
2024-07-19,1228.5130615234375,7958817
2024-07-22,1221.1341552734375,9958965
2024-07-23,1206.96630859375,19369832
2024-07-24,1203.2767333984375,20122521
2024-07-25,1178.58154296875,14154461
2024-07-26,1187.7314453125,19309265
2024-07-29,1193.142822265625,28458261
2024-07-30,1189.9451904296875,23972277
2024-07-31,1195.307373046875,22297629
2024-08-01,1190.584716796875,8725046
2024-08-02,1177.2532958984375,10735395
2024-08-05,1153.689453125,14306771
2024-08-06,1148.0322265625,13575619
2024-08-07,1153.5418701171875,15753644
2024-08-08,1145.8184814453125,10806438
2024-08-09,1152.70556640625,8687307
2024-08-12,1163.8199462890625,10860455
2024-08-13,1159.4039306640625,13117927
2024-08-14,1152.7552490234375,13431801
2024-08-16,1178.1591796875,10961370
2024-08-19,1166.8961181640625,6686394
2024-08-20,1170.4189453125,10427061
2024-08-21,1165.8541259765625,17234142
2024-08-22,1181.979736328125,8564142
2024-08-23,1194.2847900390625,7518309
2024-08-26,1204.009765625,10920226
2024-08-27,1216.9598388671875,16295325
2024-08-28,1214.47900390625,12291305
2024-08-29,1212.5439453125,10806748
2024-08-30,1219.7879638671875,21211148
2024-09-02,1220.5322265625,12516759
2024-09-03,1238.1463623046875,19114907
2024-09-04,1226.88330078125,13505843
2024-09-05,1226.486328125,9142811
2024-09-06,1198.899169921875,10170479
2024-09-09,1225.5435791015625,13863250
2024-09-10,1227.8260498046875,15545130
2024-09-11,1226.88330078125,11993242
2024-09-12,1242.5623779296875,15376442
2024-09-13,1240.7760009765625,9877288
2024-09-16,1253.1802978515625,8973335
2024-09-17,1258.39013671875,11513121
2024-09-18,1278.485107421875,12466597
2024-09-19,1282.107177734375,13172268
2024-09-20,1328.201416015625,73257767
2024-09-23,1311.7781982421875,11380409
2024-09-24,1308.50341796875,13886037
2024-09-25,1313.7132568359375,8728019
2024-09-26,1318.87353515625,11100869
2024-09-27,1296.5953369140625,17117379
2024-09-30,1263.252685546875,12622212
2024-10-01,1264.6419677734375,10972413
2024-10-03,1246.7301025390625,17648551
2024-10-04,1230.2572021484375,13488887
2024-10-07,1224.4520263671875,20667247
2024-10-08,1227.13134765625,12219259
2024-10-09,1234.62353515625,14765997
2024-10-10,1233.978515625,9118195
2024-10-11,1213.635498046875,8472512
2024-10-14,1222.3184814453125,11833929
2024-10-15,1245.8865966796875,11657338
2024-10-16,1233.6312255859375,7869727
2024-10-17,1221.8223876953125,8459497
2024-10-18,1254.8177490234375,11018126
2024-10-21,1249.4095458984375,7742775
2024-10-22,1257.7947998046875,20090801
2024-10-23,1242.0164794921875,14055447
2024-10-24,1243.15771484375,12223031
2024-10-25,1245.8370361328125,13546055
2024-10-28,1282.95068359375,24096412
2024-10-29,1321.6519775390625,20656117
2024-10-30,1302.1029052734375,15055031
2024-10-31,1282.355224609375,23497314
2024-11-01,1281.90869140625,1007022
2024-11-04,1267.42041015625,14309121
2024-11-05,1286.7711181640625,16431920
2024-11-06,1292.3779296875,12037405
2024-11-07,1268.908935546875,9909035
2024-11-08,1249.2109375,11195808
2024-11-11,1259.5810546875,8387780
2024-11-12,1260.8709716796875,13486168
2024-11-13,1244.100341796875,12260404
2024-11-14,1247.325439453125,9506892
2024-11-18,1243.852294921875,6195554
2024-11-19,1239.53564453125,11537317
2024-11-21,1240.974609375,9593870
2024-11-22,1268.2640380859375,11604338
2024-11-25,1290.9886474609375,22717581
2024-11-26,1294.9580078125,7646955
2024-11-27,1290.740478515625,21938082
2024-11-28,1276.5003662109375,22803745
2024-11-29,1290.1451416015625,11397228
2024-12-02,1294.6602783203125,9626400
2024-12-03,1298.381591796875,11509276
2024-12-04,1305.9730224609375,11570281
2024-12-05,1326.2664794921875,19210697
2024-12-06,1318.5758056640625,8942672
2024-12-09,1312.1751708984375,8000764
2024-12-10,1320.2626953125,8218214
2024-12-11,1317.3353271484375,8138066
2024-12-12,1319.0718994140625,9076896
2024-12-13,1334.6021728515625,13536684
2024-12-16,1335.7928466796875,9071006
2024-12-17,1323.5374755859375,9879257
2024-12-18,1304.087646484375,8510595
2024-12-19,1277.0462646484375,11517304
2024-12-20,1278.5347900390625,58491181
2024-12-23,1286.8704833984375,6827512
2024-12-24,1287.3170166015625,7138516
2024-12-26,1287.4161376953125,7338444
2024-12-27,1297.5382080078125,4756066
2024-12-30,1284.7369384765625,14207425
2024-12-31,1271.83642578125,8449607
2025-01-01,1273.8211669921875,4705399
2025-01-02,1280.7178955078125,7433222
2025-01-03,1255.363525390625,11194997
2025-01-06,1254.4207763671875,7504047
2025-01-07,1269.454833984375,7539758
2025-01-08,1254.073486328125,7566309
2025-01-09,1252.73388671875,8684920
2025-01-10,1240.2799072265625,7854524
2025-01-13,1220.3338623046875,9669336
2025-01-14,1230.8031005859375,10342698
2025-01-15,1228.7686767578125,5355382
2025-01-16,1239.53564453125,11895924
2025-01-17,1216.066650390625,9790533
2025-01-20,1223.50927734375,7676418
2025-01-21,1186.9910888671875,20520898
2025-01-22,1191.258056640625,10377123
2025-01-23,1192.5482177734375,8770650
2025-01-24,1199.941162109375,9216792
2025-01-27,1218.547607421875,16164687
2025-01-28,1237.3525390625,18066499
2025-01-29,1242.066162109375,7666777
2025-01-30,1245.98583984375,11921041
2025-01-31,1243.2073974609375,10195417
2025-02-01,1245.936279296875,3011914
2025-02-03,1243.40576171875,6176831
2025-02-04,1258.4893798828125,14839077
2025-02-05,1257.9931640625,6840709
2025-02-06,1262.6572265625,8396554
2025-02-07,1247.2760009765625,7382039
2025-02-10,1252.9322509765625,5740361
2025-02-11,1243.15771484375,6586627
2025-02-12,1242.2149658203125,8809352
2025-02-13,1239.337158203125,7263785
2025-02-14,1250.451416015625,10368438
2025-02-17,1241.5699462890625,8386151
2025-02-18,1233.531982421875,8135042
2025-02-19,1251.9896240234375,10683412
2025-02-20,1240.379150390625,8398849
2025-02-21,1223.50927734375,7786428
2025-02-24,1209.0211181640625,11522480
2025-02-25,1214.7767333984375,11059417
2025-02-27,1213.0897216796875,12008162
2025-02-28,1194.8802490234375,20215075
2025-03-03,1196.964111328125,8158881
2025-03-04,1201.1319580078125,9574490
2025-03-05,1206.391357421875,9052846
2025-03-06,1208.7235107421875,11949475
2025-03-07,1205.250244140625,6620284
2025-03-10,1205.5478515625,7363437
2025-03-11,1235.864013671875,10927950
2025-03-12,1234.425048828125,11548372
2025-03-13,1240.4783935546875,8132940
2025-03-17,1259.2833251953125,11164812
2025-03-18,1259.2833251953125,0
2025-03-19,1303.0455322265625,11278014
2025-03-20,1311.5797119140625,10886735
2025-03-21,1332.81591796875,60494318
2025-03-24,1347.750732421875,9352280
2025-03-25,1333.4112548828125,16419207
2025-03-26,1325.6710205078125,10859639
2025-03-27,1326.415283203125,15109614
2025-03-28,1338.025634765625,8266544
2025-04-01,1308.3546142578125,14288024
2025-04-02,1321.056640625,8042214
2025-04-03,1319.3697509765625,4591008
2025-04-04,1325.07568359375,8648542
2025-04-07,1277.6912841796875,19185012
2025-04-08,1289.9466552734375,13085762
2025-04-09,1290.83984375,13005622
2025-04-11,1301.606689453125,13064247
2025-04-15,1339.8614501953125,15202603
2025-04-16,1346.0140380859375,14039073
2025-04-17,1395.9288330078125,17490424
2025-04-21,1399.0052490234375,16882426
2025-04-22,1405.6539306640625,16135274
2025-04-23,1413.493408203125,13990764
2025-04-24,1391.95947265625,15678099
2025-04-25,1394.04345703125,11705093
2025-04-28,1417.8597412109375,10948561
2025-04-29,1418.85205078125,10786910
2025-04-30,1416.073486328125,14192027
2025-05-02,1419.149658203125,8842434
2025-05-05,1418.455078125,4565705
2025-05-06,1420.63818359375,6301690
2025-05-07,1424.4091796875,10480453
2025-05-08,1424.5084228515625,15306490
2025-05-09,1378.2652587890625,13491197
2025-05-12,1437.4088134765625,9925445
2025-05-13,1419.6458740234375,12475424
2025-05-14,1415.279541015625,8026837
2025-05-15,1439.6912841796875,18209264
2025-05-16,1442.86669921875,6439208
2025-05-19,1437.905029296875,6005334
2025-05-20,1427.1876220703125,11352383
2025-05-21,1433.637939453125,5510460
2025-05-22,1431.057861328125,7245933
2025-05-23,1438.698974609375,5203706
2025-05-26,1449.4161376953125,5608725
2025-05-27,1435.324951171875,14842959
2025-05-28,1442.6683349609375,8618343
2025-05-29,1445.3475341796875,15545514
2025-05-30,1434.7296142578125,11803975
2025-06-02,1439.3935546875,9458990
2025-06-03,1426.8900146484375,11167345
2025-06-04,1420.0428466796875,8025388
2025-06-05,1443.66064453125,11385668
2025-06-06,1448.5230712890625,11580994
2025-06-09,1423.8138427734375,11022031
2025-06-10,1412.0048828125,12905272
2025-06-11,1420.0428466796875,7136877
2025-06-12,1414.2872314453125,7953247
2025-06-13,1405.2569580078125,7573103
2025-06-16,1415.9742431640625,5451137
2025-06-17,1412.302490234375,6970098
2025-06-18,1401.78369140625,6751745
2025-06-19,1400.4937744140625,8849883
2025-06-20,1416.1727294921875,12408178
2025-06-23,1409.226318359375,5514384
2025-06-24,1413.1956787109375,11188438
2025-06-25,1414.8826904296875,7527388
2025-06-26,1428.080810546875,13617435
2025-06-27,1451.00390625,22532899
2025-06-30,1434.7296142578125,6325073
2025-07-01,1421.03515625,7761449
2025-07-02,1416.867431640625,13372280
2025-07-03,1414.98193359375,10177738
2025-07-04,1431.7525634765625,5066503
2025-07-07,1424.706787109375,5177477
2025-07-08,1430.9586181640625,5315847
2025-07-09,1420.93603515625,8827347
2025-07-10,1413.1956787109375,7795964
2025-07-11,1411.0125732421875,7158015
2025-07-14,1412.1041259765625,5846154
2025-07-15,1419.844482421875,6041457
2025-07-16,1415.4781494140625,5649093
2025-07-17,1407.8370361328125,12927394
2025-07-18,1414.8826904296875,11297246
2025-07-21,1454.576416015625,13867136
2025-07-22,1462.316650390625,8930165
2025-07-23,1477.2017822265625,11974174
2025-07-24,1472.0416259765625,6700578
2025-07-25,1465.789794921875,8696077
2025-07-28,1477.00341796875,7507479
2025-07-29,1474.8201904296875,9776027
2025-07-30,1471.04931640625,7238625
2025-07-31,1470.0570068359375,12406146
2025-08-01,1460.3319091796875,4416771
2025-08-04,1451.9962158203125,6140054
2025-08-05,1433.3402099609375,14799343
2025-08-06,1432.54638671875,7805252
2025-08-07,1429.271728515625,7432535
2025-08-08,1424.9053955078125,5415511
2025-08-11,1425.5999755859375,8492484
2025-08-12,1422.0,5913947
2025-08-13,1420.800048828125,9009465
2025-08-14,1427.300048828125,7577793
2025-08-18,1434.5999755859375,6908844
2025-08-19,1436.300048828125,6709554
2025-08-20,1430.5999755859375,5817858
2025-08-21,1446.0,6238645
2025-08-22,1436.4000244140625,6657207
2025-08-25,1433.199951171875,6738427
2025-08-26,1416.5999755859375,8720155
2025-08-28,1399.0999755859375,12990789
2025-08-29,1397.800048828125,8519507
2025-09-01,1411.0,4927348
2025-09-02,1394.199951171875,7163073
2025-09-03,1397.0,9813382
2025-09-04,1405.5,10564859
2025-09-05,1402.800048828125,6621077
2025-09-08,1402.699951171875,5880943
2025-09-09,1403.699951171875,6470679
2025-09-10,1403.9000244140625,7452347
2025-09-11,1401.5999755859375,10192026
2025-09-12,1417.699951171875,7770038
2025-09-15,1419.4000244140625,5845637
2025-09-16,1421.5999755859375,8213151
2025-09-17,1419.199951171875,7484283
2025-09-18,1421.699951171875,8130537
2025-09-19,1402.199951171875,13457344
2025-09-22,1401.5,8847948
2025-09-23,1394.300048828125,12827524
2025-09-24,1382.699951171875,9735678
2025-09-25,1375.800048828125,21613389
2025-09-26,1359.5999755859375,18342280
2025-09-29,1348.0999755859375,20563163
2025-09-30,1348.0,20166871
2025-10-01,1372.0,20952632
2025-10-03,1365.199951171875,12163695
2025-10-06,1363.4000244140625,14314283
2025-10-07,1375.9000244140625,16126464
2025-10-08,1370.300048828125,8100832
2025-10-09,1376.199951171875,7909575
2025-10-10,1380.300048828125,7673816
2025-10-13,1379.4000244140625,8923018
2025-10-14,1384.0999755859375,10610855
2025-10-15,1398.4000244140625,8988550
2025-10-16,1417.300048828125,12185032
2025-10-17,1436.5999755859375,17037215
2025-10-20,1390.300048828125,23330227
2025-10-21,1382.0,3415560
2025-10-23,1363.699951171875,21124942
2025-10-24,1377.699951171875,10570263
2025-10-27,1377.5999755859375,11499836
2025-10-28,1363.0999755859375,26477914
2025-10-29,1370.4000244140625,16129382
2025-10-30,1362.4000244140625,9324401
2025-10-31,1345.300048828125,15926798
2025-11-03,1346.4000244140625,11071450
2025-11-04,1336.9000244140625,15211183
2025-11-06,1320.4000244140625,24221853
2025-11-07,1343.0,7719245
2025-11-10,1348.0,8542340
2025-11-11,1358.300048828125,8305184
2025-11-12,1358.9000244140625,9736761
2025-11-13,1385.9000244140625,18296626
2025-11-14,1373.0,9694498
2025-11-17,1379.0,7660717
2025-11-18,1373.4000244140625,9529560
2025-11-19,1383.0999755859375,10393918
2025-11-20,1383.0,10131863
2025-11-21,1369.5,11483595
2025-11-24,1368.4000244140625,15896003
2025-11-25,1357.800048828125,12235000
2025-11-26,1375.0,9659004
2025-11-27,1392.199951171875,15158741
2025-11-28,1388.800048828125,7683986
2025-12-01,1390.0999755859375,8867593
2025-12-02,1373.0,12126396
2025-12-03,1391.5,7955933
2025-12-04,1386.699951171875,7373909
2025-12-05,1392.5,4942638
2025-12-08,1389.5999755859375,7826227
2025-12-09,1375.199951171875,10492030
2025-12-10,1363.5999755859375,8725381
2025-12-11,1360.0,6734750
2025-12-12,1366.0,3890885
2025-12-15,1365.199951171875,5342530
2025-12-16,1366.0,12359741
2025-12-17,1352.4000244140625,9440391
2025-12-18,1356.800048828125,7314573
2025-12-19,1354.0999755859375,14318512
2025-12-22,1368.5,9375294
2025-12-23,1363.0,9105467
2025-12-24,1359.800048828125,8955140
2025-12-26,1350.4000244140625,2812144
2025-12-29,1343.300048828125,6057201
2025-12-30,1342.5,18621277
2025-12-31,1342.9000244140625,6150634
2026-01-01,1338.0,4179311
2026-01-02,1355.4000244140625,8226205
2026-01-05,1371.5,6920565
2026-01-06,1411.199951171875,17260416
2026-01-07,1427.699951171875,15813795
2026-01-08,1435.0,14861699
2026-01-09,1404.300048828125,12555636
2026-01-12,1413.0999755859375,10923811
2026-01-13,1437.0,14295581
2026-01-14,1418.4000244140625,13832255
2026-01-15,1418.4000244140625,0
2026-01-16,1410.800048828125,12530886
2026-01-19,1380.5999755859375,23302883
2026-01-20,1375.800048828125,15012785
2026-01-21,1349.0,21766068
2026-01-22,1345.5,17179765
2026-01-23,1343.4000244140625,14056524
2026-01-27,1361.4000244140625,25263634
2026-01-28,1367.699951171875,13242696
2026-01-29,1383.5999755859375,23118234
2026-01-30,1355.0,24013717
2026-02-02,1352.800048828125,12800245
2026-02-03,1389.699951171875,24896698
2026-02-04,1408.4000244140625,11080683
2026-02-05,1396.5,8982761
2026-02-06,1406.0999755859375,10851190
2026-02-09,1396.300048828125,7889742
2026-02-10,1406.5,16497628
2026-02-11,1406.0999755859375,8551341
2026-02-12,1430.0,19646265
2026-02-13,1414.5999755859375,12228083
2026-02-16,1411.5999755859375,5000042
2026-02-17,1407.5,11756187
2026-02-18,1408.199951171875,4758071
2026-02-19,1388.800048828125,14323091
2026-02-20,1394.5,10337877
2026-02-23,1399.4000244140625,10728445
