date,adj_close,volume
2015-01-01,764.6310424804688,819116
2015-01-02,768.3035888671875,640249
2015-01-05,771.3168334960938,336910
2015-01-06,751.8244018554688,485801
2015-01-07,745.7506713867188,737973
2015-01-08,752.10693359375,623621
2015-01-09,755.2144165039062,544145
2015-01-12,781.06298828125,896776
2015-01-13,777.3434448242188,3264664
2015-01-14,769.0098266601562,1238612
2015-01-15,781.9105224609375,1493767
2015-01-16,783.322998046875,1160723
2015-01-19,780.7806396484375,612731
2015-01-20,791.42138671875,1318766
2015-01-21,793.3988037109375,1462665
2015-01-22,796.8829956054688,553285
2015-01-23,807.33544921875,1179588
2015-01-27,812.8912963867188,840924
2015-01-28,818.0703735351562,925540
2015-01-29,824.9446411132812,687051
2015-01-30,819.4358520507812,888368
2015-02-02,823.5320434570312,666544
2015-02-03,811.10205078125,1013403
2015-02-04,812.9382934570312,907333
2015-02-05,814.9158325195312,704581
2015-02-06,795.9884033203125,465226
2015-02-09,777.0139770507812,573650
2015-02-10,791.7509765625,1050019
2015-02-11,805.5934448242188,787344
2015-02-12,819.2003784179688,507508
2015-02-13,824.2853393554688,700753
2015-02-16,812.561767578125,420397
2015-02-18,814.39794921875,503192
2015-02-19,807.4767456054688,621565
2015-02-20,825.6508178710938,1207981
2015-02-23,816.9404907226562,596633
2015-02-24,813.73876953125,505014
2015-02-25,808.4654541015625,617078
2015-02-26,795.9884033203125,1152143
2015-02-27,814.0684204101562,1063550
2015-03-02,889.4014892578125,1263167
2015-03-03,883.8455810546875,617171
2015-03-04,855.2191162109375,996972
2015-03-05,859.927490234375,739059
2015-03-09,842.9774780273438,1121892
2015-03-10,844.4370727539062,949910
2015-03-11,838.2692260742188,661190
2015-03-12,839.7758178710938,678466
2015-03-13,824.144287109375,789147
2015-03-16,826.0745239257812,637728
2015-03-17,850.4636840820312,578263
2015-03-18,850.5108642578125,1120286
2015-03-19,829.7471313476562,1142631
2015-03-20,834.6436767578125,751604
2015-03-23,836.5269775390625,955973
2015-03-24,833.2311401367188,704010
2015-03-25,820.2361450195312,715430
2015-03-26,810.160400390625,2107203
2015-03-27,829.370361328125,1088061
2015-03-30,836.1504516601562,411951
2015-03-31,834.314208984375,583298
2015-04-01,871.2744750976562,954252
2015-04-06,861.5752563476562,573759
2015-04-07,854.0421142578125,738125
2015-04-08,849.3336181640625,456811
2015-04-09,888.8364868164062,1086130
2015-04-10,890.1077270507812,761095
2015-04-13,894.3452758789062,847695
2015-04-15,891.3319091796875,862700
2015-04-16,879.9378662109375,3431738
2015-04-17,824.8975830078125,2706290
2015-04-20,794.52880859375,1937207
2015-04-21,788.9259643554688,1671993
2015-04-22,796.8829956054688,1350387
2015-04-23,808.6537475585938,1373721
2015-04-24,782.098876953125,1042505
2015-04-27,775.0363159179688,1087851
2015-04-28,779.415283203125,1528666
2015-04-29,784.5001220703125,1119768
2015-04-30,775.7426147460938,1960263
2015-05-04,792.5984497070312,868300
2015-05-05,787.7489013671875,672307
2015-05-06,756.1090087890625,985312
2015-05-07,748.8109741210938,1753181
2015-05-08,763.1714477539062,1407570
2015-05-11,771.8347778320312,1423467
2015-05-12,753.5665283203125,1358401
2015-05-13,769.5276489257812,1074443
2015-05-14,769.0098266601562,680132
2015-05-15,784.7355346679688,1234559
2015-05-18,796.9771118164062,995778
2015-05-19,796.3651123046875,816702
2015-05-20,801.873779296875,750251
2015-05-21,798.7191162109375,503688
2015-05-22,802.8626098632812,760999
2015-05-25,804.2749633789062,516256
2015-05-26,803.1921997070312,552759
2015-05-27,810.1133422851562,307557
2015-05-28,805.405029296875,1570880
2015-05-29,822.9671020507812,739227
2015-06-01,831.4419555664062,641892
2015-06-02,797.7305297851562,885470
2015-06-03,793.4459228515625,505601
2015-06-04,797.2597045898438,454498
2015-06-05,785.771484375,979963
2015-06-08,764.3485717773438,1318893
2015-06-09,761.994384765625,1076855
2015-06-10,771.7876586914062,997303
2015-06-11,748.7168579101562,1251145
2015-06-12,763.5009765625,1006880
2015-06-15,748.1990356445312,626249
2015-06-16,773.6239013671875,854175
2015-06-17,770.4692993164062,1319469
2015-06-18,777.3905639648438,721061
2015-06-19,786.0067749023438,497932
2015-06-22,790.2914428710938,1357595
2015-06-23,784.9710083007812,1202887
2015-06-24,795.2350463867188,905000
2015-06-25,816.5637817382812,1929219
2015-06-26,818.6826171875,1457184
2015-06-29,809.4541625976562,696937
2015-06-30,821.7899169921875,738228
2015-07-01,824.4737548828125,832607
2015-07-02,819.0120239257812,688412
2015-07-03,841.3766479492188,1092421
2015-07-06,846.8381958007812,940588
2015-07-07,846.5086669921875,698569
2015-07-08,840.3407592773438,719187
2015-07-09,840.9058837890625,1043039
2015-07-10,842.7420043945312,528685
2015-07-13,870.05029296875,3460092
2015-07-14,870.1444091796875,1362690
2015-07-15,873.0635986328125,728864
2015-07-16,877.9132080078125,1581760
2015-07-17,881.2559814453125,941362
2015-07-20,892.1793212890625,757943
2015-07-21,883.6101684570312,378818
2015-07-22,901.078125,668776
2015-07-23,894.3922729492188,714586
2015-07-24,900.08935546875,1061478
2015-07-27,883.5631713867188,568643
2015-07-28,894.439453125,1002593
2015-07-29,897.970458984375,900217
2015-07-30,916.8980102539062,1155545
2015-07-31,920.664794921875,994608
2015-08-03,917.039306640625,826349
2015-08-04,896.7464599609375,1183219
2015-08-05,897.0760498046875,496812
2015-08-06,896.087158203125,516457
2015-08-07,895.4725341796875,452556
2015-08-10,893.061279296875,547548
2015-08-11,899.0187377929688,535103
2015-08-12,864.7393798828125,458811
2015-08-13,874.9995727539062,590548
2015-08-14,906.867431640625,935467
2015-08-17,900.01171875,595833
2015-08-18,915.5674438476562,594739
2015-08-19,905.40185546875,593595
2015-08-20,881.429931640625,591055
2015-08-21,856.0394897460938,1314813
2015-08-24,818.5448608398438,1626974
2015-08-25,830.3179931640625,1189117
2015-08-26,807.1027221679688,1089934
2015-08-27,811.8308715820312,1888490
2015-08-28,801.5706787109375,1779090
2015-08-31,811.4053344726562,810239
2015-09-01,786.2986450195312,965840
2015-09-02,779.9629516601562,1244494
2015-09-03,803.2255249023438,916326
2015-09-04,795.0930786132812,943412
2015-09-07,775.6129760742188,1228245
2015-09-08,794.66748046875,2536360
2015-09-09,811.310791015625,2014128
2015-09-10,819.7742309570312,1364608
2015-09-11,821.4763793945312,1412833
2015-09-14,828.6160278320312,1144929
2015-09-15,830.8855590820312,1937337
2015-09-16,850.2236938476562,1151193
2015-09-18,868.7110595703125,2094161
2015-09-21,863.8410034179688,683274
2015-09-22,839.7744750976562,808319
2015-09-23,856.3232421875,955777
2015-09-24,876.5125732421875,2909599
2015-09-28,870.8387451171875,1690643
2015-09-29,890.1770629882812,3261855
2015-09-30,891.2172241210938,2038714
2015-10-01,905.5435791015625,1251550
2015-10-05,907.5294799804688,1399766
2015-10-06,900.4371948242188,1149797
2015-10-07,896.7964477539062,1390453
2015-10-08,893.4395751953125,1367019
2015-10-09,888.9476318359375,3827106
2015-10-12,893.2503662109375,1028185
2015-10-13,894.5269775390625,819594
2015-10-14,898.2622680664062,1071537
2015-10-15,905.7327880859375,1103270
2015-10-16,912.0213623046875,744451
2015-10-19,909.7517700195312,811801
2015-10-20,904.6925659179688,702126
2015-10-21,905.40185546875,737124
2015-10-23,907.6240234375,329508
2015-10-26,905.8746948242188,774154
2015-10-27,902.1392822265625,529820
2015-10-28,873.9593505859375,1653036
2015-10-29,864.78662109375,1155093
2015-10-30,862.3280639648438,905083
2015-11-02,863.9828491210938,777036
2015-11-03,862.2806396484375,1077484
2015-11-04,864.0300903320312,539364
2015-11-05,858.1199340820312,1329817
2015-11-06,870.8860473632812,1027490
2015-11-09,873.2026977539062,1281696
2015-11-10,845.1647338867188,1005017
2015-11-13,843.7461547851562,780686
2015-11-16,862.80078125,641386
2015-11-17,856.985107421875,370477
2015-11-18,852.0676879882812,720317
2015-11-19,864.4556884765625,654116
2015-11-20,871.7369995117188,1277692
2015-11-23,869.7039184570312,561734
2015-11-24,869.5620727539062,758435
2015-11-26,865.7796630859375,1010152
2015-11-27,873.155517578125,1152436
2015-11-30,884.40869140625,1180438
2015-12-01,891.4064331054688,856641
2015-12-02,891.3590698242188,795995
2015-12-03,895.2362060546875,766241
2015-12-04,891.6900024414062,1331500
2015-12-07,900.9573364257812,884329
2015-12-08,892.8720703125,768665
2015-12-09,877.4109497070312,620237
2015-12-10,879.53857421875,978676
2015-12-11,866.346923828125,1189304
2015-12-14,864.6446533203125,1665452
2015-12-15,868.2382202148438,1122718
2015-12-16,882.0445556640625,822684
2015-12-17,897.4583740234375,799986
2015-12-18,884.219482421875,1605306
2015-12-21,898.9714965820312,497381
2015-12-22,883.888427734375,491307
2015-12-23,888.5695190429688,460487
2015-12-24,894.0068969726562,528850
2015-12-28,905.5435791015625,918653
2015-12-29,906.6311645507812,748840
2015-12-30,915.8983764648438,647879
2015-12-31,916.2767333984375,1943876
2016-01-01,911.453857421875,500233
2016-01-04,883.415771484375,1210344
2016-01-05,884.40869140625,780609
2016-01-06,892.6356201171875,1030625
2016-01-07,875.1885986328125,1976106
2016-01-08,895.567138671875,744102
2016-01-11,885.8271484375,1193326
2016-01-12,863.6046142578125,4267340
2016-01-13,885.4961547851562,3876447
2016-01-14,867.1507568359375,1625707
2016-01-15,871.4534912109375,1139012
2016-01-18,850.2236938476562,1123421
2016-01-19,847.7178955078125,1086798
2016-01-20,826.1573486328125,1179428
2016-01-21,825.9208984375,1192113
2016-01-22,849.1836547851562,1018517
2016-01-25,857.883544921875,666497
2016-01-27,858.8763427734375,1054242
2016-01-28,857.836181640625,1679264
2016-01-29,878.3092651367188,1369077
2016-02-01,876.7017211914062,916513
2016-02-02,858.8763427734375,688338
2016-02-03,856.4177856445312,773012
2016-02-04,863.5573120117188,812359
2016-02-05,862.2806396484375,1654488
2016-02-08,834.9517211914062,1754784
2016-02-09,821.1454467773438,2083698
2016-02-10,789.702880859375,2329955
2016-02-11,767.054931640625,5158251
2016-02-12,767.8114013671875,3788481
2016-02-15,778.9226684570312,2167942
2016-02-16,789.4193115234375,2242516
2016-02-17,786.3460083007812,1141968
2016-02-18,801.6180419921875,1064050
2016-02-19,795.7550048828125,1035996
2016-02-22,798.6864624023438,613082
2016-02-23,794.005615234375,1908481
2016-02-24,777.2205200195312,1034245
2016-02-25,763.839599609375,1480299
2016-02-26,771.97216796875,1045114
2016-02-29,784.880126953125,3045853
2016-03-01,814.0057983398438,1330369
2016-03-02,834.6207275390625,2349698
2016-03-03,847.055908203125,1973901
2016-03-04,866.110595703125,1327247
2016-03-08,870.9805908203125,1879422
2016-03-09,883.6521606445312,1631962
2016-03-10,876.843505859375,1128913
2016-03-11,876.323486328125,1436095
2016-03-14,871.02783203125,1238350
2016-03-15,868.474609375,1027959
2016-03-16,865.8741455078125,1558572
2016-03-17,862.942626953125,2374275
2016-03-18,878.4983520507812,1678210
2016-03-21,881.5244750976562,1120071
2016-03-22,877.552734375,1462833
2016-03-23,877.6000366210938,1426779
2016-03-28,865.0704345703125,4743485
2016-03-29,877.6000366210938,1120607
2016-03-30,895.2362060546875,1817471
2016-03-31,915.0,2973760
2016-04-01,909.04248046875,933728
2016-04-04,909.04248046875,1501960
2016-04-05,899.5860595703125,1278350
2016-04-06,903.4632568359375,1055612
2016-04-07,888.522216796875,865013
2016-04-08,886.0635375976562,1035958
2016-04-11,908.5697021484375,921823
2016-04-12,916.2767333984375,1045525
2016-04-13,932.7781372070312,2933470
2016-04-18,934.5747680664062,1475787
2016-04-20,930.3665771484375,1424974
2016-04-21,919.25537109375,3279337
2016-04-22,928.1444702148438,1648861
2016-04-25,928.9481201171875,904348
2016-04-26,965.8754272460938,3199405
2016-04-27,983.4642944335938,3437073
2016-04-28,978.7361450195312,1892339
2016-04-29,991.8331298828125,922119
2016-05-02,988.2399291992188,1190614
2016-05-03,981.3839721679688,993373
2016-05-04,985.3555297851562,1490442
2016-05-05,981.1475219726562,1012279
2016-05-06,985.544677734375,858079
2016-05-09,997.55419921875,2193370
2016-05-10,997.364990234375,1037333
2016-05-11,996.4666137695312,1502284
2016-05-12,1008.1453857421875,1085566
2016-05-13,1007.2942504882812,1078609
2016-05-16,1022.0465698242188,806795
2016-05-17,1025.497802734375,1890354
2016-05-18,1024.126708984375,692837
2016-05-19,1013.8192138671875,778327
2016-05-20,1012.2589721679688,687097
2016-05-23,998.8781127929688,1038361
2016-05-24,986.9159545898438,1287874
2016-05-25,1036.5618896484375,1011656
2016-05-26,1043.8907470703125,1356124
2016-05-27,1044.0797119140625,1377065
2016-05-30,1040.486328125,927569
2016-05-31,1042.8974609375,1043245
2016-06-01,1043.7489013671875,692901
2016-06-02,1060.817626953125,1139626
2016-06-03,1062.8504638671875,771905
2016-06-06,1060.7703857421875,453741
2016-06-07,1049.564453125,886165
2016-06-08,1053.063232421875,644739
2016-06-09,1061.0067138671875,862716
2016-06-10,1049.564453125,1033099
2016-06-13,1048.1932373046875,986935
2016-06-14,1056.0419921875,615029
2016-06-15,1062.4722900390625,894254
2016-06-16,1040.4390869140625,938648
2016-06-17,1039.4459228515625,1499517
2016-06-20,1043.559814453125,655632
2016-06-21,1031.36083984375,789073
2016-06-22,1031.597412109375,1351762
2016-06-23,1047.6448974609375,1304906
2016-06-24,1040.523193359375,1757436
2016-06-27,1025.3302001953125,651019
2016-06-28,1029.98291015625,705465
2016-06-29,1045.745849609375,933583
2016-06-30,1055.5260009765625,1401180
2016-07-01,1066.683349609375,936058
2016-07-04,1051.727783203125,466972
2016-07-05,1051.2530517578125,607228
2016-07-07,1049.638916015625,1663235
2016-07-08,1069.864501953125,1766200
2016-07-11,1067.7279052734375,5154128
2016-07-12,1068.440185546875,1973211
2016-07-13,1048.689453125,1907181
2016-07-14,1057.9000244140625,790791
2016-07-15,1069.95947265625,1430265
2016-07-18,1073.8526611328125,1161641
2016-07-19,1051.3006591796875,1961764
2016-07-20,1062.0780029296875,1567746
2016-07-21,1079.3126220703125,1213828
2016-07-22,1081.4014892578125,968326
2016-07-25,1098.018798828125,1187107
2016-07-26,1098.11376953125,1625281
2016-07-27,1118.861572265625,1811615
2016-07-28,1109.365966796875,1288868
2016-07-29,1116.3453369140625,810320
2016-08-01,1139.9892578125,1229356
2016-08-02,1132.72509765625,687438
2016-08-03,1118.956298828125,938416
2016-08-04,1107.466796875,974932
2016-08-05,1124.84375,792799
2016-08-08,1132.2501220703125,684522
2016-08-09,1126.4102783203125,1083733
2016-08-10,1099.680419921875,835032
2016-08-11,1105.710205078125,1279605
2016-08-12,1114.588623046875,801836
2016-08-16,1099.917724609375,1259489
2016-08-17,1095.3599853515625,834678
2016-08-18,1134.33935546875,1343587
2016-08-19,1128.214599609375,603632
2016-08-22,1126.88525390625,545457
2016-08-23,1129.211669921875,382690
2016-08-24,1123.087158203125,336179
2016-08-25,1122.4224853515625,855844
2016-08-26,1104.855712890625,926062
2016-08-29,1097.2591552734375,455774
2016-08-30,1101.5797119140625,1611563
2016-08-31,1126.3629150390625,2488483
2016-09-01,1124.4638671875,656421
2016-09-02,1132.012939453125,641723
2016-09-06,1165.0572509765625,1525293
2016-09-07,1155.6568603515625,1397324
2016-09-08,1158.078125,857870
2016-09-09,1156.2265625,731533
2016-09-12,1135.4786376953125,1029013
2016-09-14,1129.6865234375,1892851
2016-09-15,1121.567626953125,1007709
2016-09-16,1110.647705078125,2514415
2016-09-19,1144.3095703125,1267795
2016-09-20,1124.5589599609375,948837
2016-09-21,1125.2236328125,1050601
2016-09-22,1158.078125,1207430
2016-09-23,1159.2177734375,1080432
2016-09-26,1141.0335693359375,835969
2016-09-27,1147.633056640625,933054
2016-09-28,1160.4046630859375,802709
2016-09-29,1137.4251708984375,1750323
2016-09-30,1135.62109375,752725
2016-10-03,1170.7071533203125,1151991
2016-10-04,1162.5411376953125,1229639
2016-10-05,1154.56494140625,278544
2016-10-06,1160.4996337890625,570718
2016-10-07,1159.26513671875,488607
2016-10-10,1159.4549560546875,506484
2016-10-13,1154.9921875,2865576
2016-10-14,1157.176025390625,1309888
2016-10-17,1148.0128173828125,794646
2016-10-18,1149.674560546875,1291073
2016-10-19,1150.197021484375,520312
2016-10-20,1145.924072265625,1014093
2016-10-21,1162.5411376953125,1005741
2016-10-24,1154.9921875,653636
2016-10-25,1148.2977294921875,1022585
2016-10-26,1141.2711181640625,501178
2016-10-27,1119.573486328125,1173549
2016-10-28,1139.27685546875,788007
2016-11-01,1152.998046875,1707549
2016-11-02,1167.43115234375,2223984
2016-11-03,1168.8082275390625,530638
2016-11-04,1157.6982421875,795944
2016-11-07,1154.375,578154
2016-11-08,1149.911865234375,698079
2016-11-09,1138.707275390625,2434361
2016-11-10,1152.9029541015625,1440450
2016-11-11,1132.2027587890625,1474968
2016-11-15,1037.959228515625,3708003
2016-11-16,1039.906005859375,2615803
2016-11-17,1044.8436279296875,2056516
2016-11-18,1046.078125,1120978
2016-11-21,1005.6743774414062,1829643
2016-11-22,1017.4966430664062,1431659
2016-11-23,1011.2293701171875,890424
2016-11-24,991.7159423828125,2066988
2016-11-25,1019.20556640625,1085823
2016-11-28,997.3658447265625,1181510
2016-11-29,1006.4816284179688,1316715
2016-11-30,1031.834716796875,1847669
2016-12-01,1026.1849365234375,1099195
2016-12-02,1003.2054443359375,1630301
2016-12-05,1029.080810546875,871979
2016-12-06,1028.083984375,525242
2016-12-07,1021.864501953125,998392
2016-12-08,1042.89697265625,1091448
2016-12-09,1056.712890625,1068419
2016-12-12,1030.5528564453125,412094
2016-12-13,1034.8258056640625,784710
2016-12-14,1017.7813110351562,791234
2016-12-15,1026.5172119140625,1327125
2016-12-16,1028.083984375,2265499
2016-12-19,1030.1732177734375,769000
2016-12-20,1017.8290405273438,1103786
2016-12-21,1031.454833984375,1544748
2016-12-22,1007.288818359375,899704
2016-12-23,1008.4281616210938,838333
2016-12-26,1007.0037841796875,705664
2016-12-27,1009.7100830078125,1193147
2016-12-28,1027.5142822265625,1267710
2016-12-29,1049.8763427734375,1340234
2016-12-30,1052.012939453125,909854
2017-01-02,1032.5943603515625,512397
2017-01-03,1045.0809326171875,957645
2017-01-04,1044.6536865234375,795470
2017-01-05,1070.6715087890625,2264164
2017-01-06,1086.3392333984375,1139667
2017-01-09,1100.7724609375,713170
2017-01-10,1102.149169921875,2779939
2017-01-11,1171.561767578125,5867928
2017-01-12,1158.363037109375,1447717
2017-01-13,1154.3272705078125,1059113
2017-01-16,1156.083984375,793088
2017-01-17,1152.8555908203125,935711
2017-01-18,1165.864501953125,1190967
2017-01-19,1158.7904052734375,962484
2017-01-20,1158.6954345703125,1007939
2017-01-23,1169.140380859375,1971140
2017-01-24,1188.4166259765625,1981467
2017-01-25,1201.568115234375,1643736
2017-01-27,1190.1256103515625,1004052
2017-01-30,1177.1641845703125,764826
2017-01-31,1188.891357421875,1283594
2017-02-01,1241.7816162109375,2248341
2017-02-02,1219.229736328125,1664084
2017-02-03,1237.4610595703125,1485304
2017-02-06,1250.6123046875,1129942
2017-02-07,1257.44921875,1535174
2017-02-08,1252.7012939453125,841206
2017-02-09,1238.2205810546875,907386
2017-02-10,1255.7874755859375,962807
2017-02-13,1272.0723876953125,1283959
2017-02-14,1263.2889404296875,728131
2017-02-15,1250.0426025390625,606906
2017-02-16,1252.938720703125,754405
2017-02-17,1270.552978515625,1855056
2017-02-20,1269.03369140625,344125
2017-02-21,1264.0487060546875,1661851
2017-02-22,1259.6331787109375,1723289
2017-02-23,1273.1168212890625,2590362
2017-02-27,1252.748779296875,1919392
2017-02-28,1246.3868408203125,704053
2017-03-01,1259.300537109375,807113
2017-03-02,1240.5469970703125,633250
2017-03-03,1233.6627197265625,700768
2017-03-06,1253.128662109375,625628
2017-03-07,1263.6212158203125,1288272
2017-03-08,1260.3927001953125,1492895
2017-03-09,1259.3958740234375,1446736
2017-03-10,1268.3690185546875,1614891
2017-03-14,1285.8883056640625,930423
2017-03-15,1280.33349609375,1142957
2017-03-16,1307.111083984375,1144936
2017-03-17,1313.7579345703125,1757368
2017-03-20,1310.0072021484375,951223
2017-03-21,1320.1199951171875,906658
2017-03-22,1307.1583251953125,1449840
2017-03-23,1314.090087890625,1541378
2017-03-24,1319.455078125,1602574
2017-03-27,1331.3720703125,1263226
2017-03-28,1333.4136962890625,1115494
2017-03-29,1327.7637939453125,1609722
2017-03-30,1350.55322265625,1430611
2017-03-31,1353.2593994140625,1086863
2017-04-03,1332.6536865234375,783296
2017-04-05,1330.2799072265625,1461758
2017-04-06,1349.9359130859375,782824
2017-04-07,1340.9622802734375,562553
2017-04-10,1353.44921875,725902
2017-04-11,1352.6422119140625,797974
2017-04-12,1365.2237548828125,418338
2017-04-13,1365.176025390625,582737
2017-04-17,1362.849609375,534509
2017-04-18,1359.5264892578125,2004482
2017-04-19,1349.888427734375,3107388
2017-04-20,1355.585693359375,2637171
2017-04-21,1362.6124267578125,1735248
2017-04-24,1361.2357177734375,666961
2017-04-25,1379.8944091796875,1439089
2017-04-26,1390.7667236328125,1186077
2017-04-27,1396.464111328125,1135148
2017-04-28,1372.0604248046875,614095
2017-05-02,1372.8677978515625,955073
2017-05-03,1365.888427734375,635349
2017-05-04,1348.6064453125,1452308
2017-05-05,1337.0220947265625,1878351
2017-05-08,1352.974609375,1600519
2017-05-09,1349.2237548828125,781989
2017-05-10,1359.668701171875,420102
2017-05-11,1354.351318359375,839412
2017-05-12,1340.5352783203125,602647
2017-05-15,1344.7607421875,949033
2017-05-16,1364.4639892578125,744209
2017-05-17,1353.5440673828125,579645
2017-05-18,1335.64501953125,640858
2017-05-19,1319.170166015625,1247834
2017-05-22,1319.2177734375,936813
2017-05-23,1323.6331787109375,791125
2017-05-24,1342.2919921875,1007226
2017-05-25,1387.8707275390625,1464760
2017-05-26,1403.158447265625,766520
2017-05-29,1415.5025634765625,655977
2017-05-30,1399.5028076171875,594316
2017-05-31,1406.007080078125,536696
2017-06-01,1410.6600341796875,560468
2017-06-02,1438.1495361328125,638560
2017-06-05,1429.3187255859375,447987
2017-06-06,1434.7786865234375,456242
2017-06-07,1440.4285888671875,392417
2017-06-08,1447.2178955078125,1261815
2017-06-09,1449.8292236328125,724205
2017-06-12,1429.841064453125,325151
2017-06-13,1416.8797607421875,671410
2017-06-14,1424.428466796875,1032366
2017-06-15,1415.78759765625,424499
2017-06-16,1423.2891845703125,1375090
2017-06-19,1435.1109619140625,692751
2017-06-20,1438.5294189453125,472248
2017-06-21,1418.9686279296875,859762
2017-06-22,1415.455322265625,905839
2017-06-23,1416.16748046875,596334
2017-06-27,1414.98046875,1285379
2017-06-28,1415.455322265625,972763
2017-06-29,1404.9151611328125,806219
2017-06-30,1404.3453369140625,806197
2017-07-03,1415.739990234375,1167857
2017-07-04,1422.2447509765625,812900
2017-07-05,1439.8587646484375,498116
2017-07-06,1442.8974609375,803617
2017-07-07,1449.306884765625,840805
2017-07-10,1481.639404296875,240968
2017-07-11,1481.9715576171875,2874052
2017-07-12,1497.4493408203125,1550156
2017-07-13,1500.203125,712568
2017-07-14,1495.075439453125,971789
2017-07-17,1501.295166015625,762299
2017-07-18,1496.576904296875,789508
2017-07-19,1500.818603515625,704416
2017-07-20,1486.9498291015625,747783
2017-07-21,1493.2884521484375,665760
2017-07-24,1481.70751953125,980822
2017-07-25,1470.26953125,1159201
2017-07-26,1506.2037353515625,1175988
2017-07-27,1531.4630126953125,1980176
2017-07-28,1552.0989990234375,923109
2017-07-31,1568.6844482421875,1287974
2017-08-01,1587.7001953125,1150244
2017-08-02,1581.07568359375,509282
2017-08-03,1568.16015625,462668
2017-08-04,1586.7470703125,557065
2017-08-07,1573.212158203125,386830
2017-08-08,1561.9168701171875,717420
2017-08-09,1560.58251953125,530640
2017-08-10,1553.1002197265625,709628
2017-08-11,1549.2393798828125,1142387
2017-08-14,1548.6201171875,900057
2017-08-16,1570.0665283203125,952709
2017-08-17,1552.2423095703125,619082
2017-08-18,1545.14111328125,620278
2017-08-21,1540.4227294921875,484815
2017-08-22,1550.1453857421875,694864
2017-08-23,1583.125,1091055
2017-08-24,1589.6063232421875,1400606
2017-08-28,1582.7913818359375,745075
2017-08-29,1566.34912109375,514823
2017-08-30,1578.263916015625,379651
2017-08-31,1579.1693115234375,1845805
2017-09-01,1613.0069580078125,616709
2017-09-04,1591.2745361328125,423495
2017-09-05,1605.858154296875,530479
2017-09-06,1605.9058837890625,1155788
2017-09-07,1624.1114501953125,854744
2017-09-08,1616.486083984375,741404
2017-09-11,1707.37109375,3433596
2017-09-12,1660.33203125,2108188
2017-09-13,1663.0484619140625,1217425
2017-09-14,1647.7978515625,989267
2017-09-15,1619.7744140625,2777536
2017-09-18,1663.8587646484375,1469531
2017-09-19,1664.6688232421875,858627
2017-09-20,1645.5577392578125,1195102
2017-09-21,1649.132080078125,883253
2017-09-22,1627.63818359375,1247158
2017-09-25,1622.014404296875,1728603
2017-09-26,1614.1031494140625,616105
2017-09-27,1589.8448486328125,1037854
2017-09-28,1602.045654296875,2385207
2017-09-29,1603.427734375,1007099
2017-10-03,1613.67431640625,1236296
2017-10-04,1618.20166015625,671976
2017-10-05,1609.7183837890625,628607
2017-10-06,1603.713623046875,709562
2017-10-09,1619.9173583984375,842338
2017-10-10,1644.3663330078125,846533
2017-10-11,1636.8363037109375,1073174
2017-10-12,1661.38037109375,2435199
2017-10-13,1668.3863525390625,1974411
2017-10-16,1635.6448974609375,2888889
2017-10-17,1627.7333984375,1641325
2017-10-18,1628.305419921875,979869
2017-10-19,1611.672607421875,129154
2017-10-23,1616.1046142578125,1745367
2017-10-24,1586.9378662109375,1531714
2017-10-25,1517.83251953125,3573873
2017-10-26,1541.8525390625,2084712
2017-10-27,1551.1458740234375,1531589
2017-10-30,1544.8551025390625,1549643
2017-10-31,1550.955322265625,1539175
2017-11-01,1565.63427734375,1051035
2017-11-02,1551.2890625,1016358
2017-11-03,1596.088134765625,1960324
2017-11-06,1570.8291015625,1032097
2017-11-07,1576.8341064453125,1135418
2017-11-08,1595.9927978515625,2240615
2017-11-09,1588.701171875,1278030
2017-11-10,1582.5531005859375,1515793
2017-11-13,1581.5045166015625,716930
2017-11-14,1561.01123046875,1448013
2017-11-15,1522.55078125,1725981
2017-11-16,1528.794189453125,903458
2017-11-17,1555.48291015625,578398
2017-11-20,1572.068115234375,3072448
2017-11-21,1571.4010009765625,1109357
2017-11-22,1551.1458740234375,751919
2017-11-23,1566.39697265625,887882
2017-11-24,1597.8038330078125,1091064
2017-11-27,1582.839111328125,746259
2017-11-28,1599.6624755859375,1333326
2017-11-29,1593.8482666015625,1121016
2017-11-30,1584.125732421875,1743816
2017-12-01,1583.3157958984375,901780
2017-12-04,1572.8306884765625,863386
2017-12-05,1587.414306640625,1217660
2017-12-06,1576.261962890625,789146
2017-12-07,1574.9755859375,825254
2017-12-08,1592.7998046875,1131333
2017-12-11,1591.8941650390625,841915
2017-12-12,1572.9737548828125,1677983
2017-12-13,1570.25732421875,1539500
2017-12-14,1573.069091796875,1909251
2017-12-15,1598.518798828125,3543562
2017-12-18,1599.99609375,1133385
2017-12-19,1591.846435546875,880090
2017-12-20,1583.125,1297298
2017-12-21,1578.6451416015625,610601
2017-12-22,1574.498779296875,832376
2017-12-26,1586.2703857421875,772183
2017-12-27,1573.7840576171875,624678
2017-12-28,1573.1641845703125,940604
2017-12-29,1571.68701171875,702219
2018-01-01,1547.809814453125,771099
2018-01-02,1566.9686279296875,1392045
2018-01-03,1553.910400390625,1120860
2018-01-04,1569.4945068359375,747232
2018-01-05,1618.678466796875,1134406
2018-01-08,1639.362060546875,1489032
2018-01-09,1644.271240234375,576106
2018-01-10,1652.897216796875,1223879
2018-01-11,1620.6800537109375,4145545
2018-01-12,1625.398193359375,2057925
2018-01-15,1603.6181640625,997313
2018-01-16,1586.6517333984375,829183
2018-01-17,1579.8365478515625,600044
2018-01-18,1601.4259033203125,2327815
2018-01-19,1605.1431884765625,497099
2018-01-22,1604.380859375,820236
2018-01-23,1642.650634765625,1763797
2018-01-24,1636.8841552734375,968956
2018-01-25,1649.179931640625,2169317
2018-01-29,1660.9039306640625,1232573
2018-01-30,1654.756103515625,653937
2018-01-31,1671.007568359375,1237098
2018-02-01,1711.374267578125,3720115
2018-02-02,1678.8238525390625,2192706
2018-02-05,1632.78515625,1600927
2018-02-06,1604.0472412109375,1846944
2018-02-07,1583.935302734375,1423804
2018-02-08,1592.609130859375,801569
2018-02-09,1572.5924072265625,1206481
2018-02-12,1608.7655029296875,864259
2018-02-14,1615.10400390625,884974
2018-02-15,1607.192626953125,872147
2018-02-16,1581.2186279296875,1088167
2018-02-19,1554.100830078125,1151645
2018-02-20,1546.7137451171875,859058
2018-02-21,1519.595947265625,1425276
2018-02-22,1547.476318359375,2073919
2018-02-23,1566.539794921875,616552
2018-02-26,1612.1014404296875,1023854
2018-02-27,1606.287109375,529068
2018-02-28,1602.045654296875,913679
2018-03-01,1620.727783203125,760617
2018-03-05,1610.099853515625,789108
2018-03-06,1630.2117919921875,1674469
2018-03-07,1624.445068359375,1138136
2018-03-08,1614.818115234375,1112679
2018-03-09,1618.0589599609375,1281268
2018-03-12,1654.041259765625,858788
2018-03-13,1648.5126953125,797998
2018-03-14,1652.1822509765625,685008
2018-03-15,1660.1888427734375,604484
2018-03-16,1643.9376220703125,2412430
2018-03-19,1638.313720703125,1392321
2018-03-20,1636.264404296875,779431
2018-03-21,1650.371337890625,1456002
2018-03-22,1671.007568359375,1549193
2018-03-23,1667.576171875,1854651
2018-03-26,1677.3460693359375,1796664
2018-03-27,1704.4637451171875,852040
2018-03-28,1712.6136474609375,2380088
2018-04-02,1720.0958251953125,663945
2018-04-03,1744.0203857421875,1152587
2018-04-04,1715.091796875,732382
2018-04-05,1750.9310302734375,613812
2018-04-06,1738.7305908203125,498517
2018-04-09,1772.9970703125,1148635
2018-04-10,1761.416015625,610933
2018-04-11,1768.8507080078125,470440
2018-04-12,1770.8046875,403510
2018-04-13,1774.1409912109375,408479
2018-04-16,1777.3341064453125,636242
2018-04-17,1779.4310302734375,405779
2018-04-18,1757.2696533203125,576214
2018-04-19,1747.118408203125,2259972
2018-04-20,1727.95947265625,1819822
2018-04-23,1786.62744140625,1620444
2018-04-24,1789.4869384765625,1109545
2018-04-25,1761.225341796875,809675
2018-04-26,1793.776123046875,2077102
2018-04-27,1796.445068359375,567026
2018-04-30,1809.122314453125,466913
2018-05-02,1780.8131103515625,1320018
2018-05-03,1790.2017822265625,1200445
2018-05-04,1802.5931396484375,752654
2018-05-07,1801.306396484375,2126759
2018-05-08,1782.05224609375,1401495
2018-05-09,1791.107421875,1375815
2018-05-10,1797.0645751953125,2716101
2018-05-11,1805.5478515625,542317
2018-05-14,1825.326171875,497437
2018-05-15,1827.1849365234375,1198159
2018-05-16,1835.4298095703125,506000
2018-05-17,1824.7066650390625,503632
2018-05-18,1839.623779296875,952766
2018-05-21,1834.810302734375,845801
2018-05-22,1814.7935791015625,545822
2018-05-23,1766.8492431640625,1220570
2018-05-24,1783.100830078125,864810
2018-05-25,1825.278564453125,674128
2018-05-28,1824.802001953125,811547
2018-05-29,1789.391845703125,855287
2018-05-30,1796.5880126953125,848282
2018-05-31,1863.8819580078125,3896725
2018-06-01,1825.70751953125,1082637
2018-06-04,1813.125732421875,964088
2018-06-05,1810.456787109375,708586
2018-06-06,1829.901611328125,508953
2018-06-07,1811.45751953125,754249
2018-06-08,1800.2576904296875,1889091
2018-06-11,1815.60400390625,794575
2018-06-12,1863.21484375,1275739
2018-06-13,1861.4925537109375,1169830
2018-06-14,1878.6680908203125,917199
2018-06-15,1882.447265625,2274265
2018-06-18,1883.0213623046875,792509
2018-06-19,1848.1446533203125,905231
2018-06-20,1882.495361328125,489671
2018-06-21,1875.89306640625,779490
2018-06-22,1868.9559326171875,956565
2018-06-25,1884.93505859375,566785
2018-06-26,1897.7091064453125,662063
2018-06-27,1884.2655029296875,555455
2018-06-28,1882.6866455078125,1393387
2018-06-29,1848.814453125,1324639
2018-07-02,1864.697998046875,708738
2018-07-03,1866.802978515625,926035
2018-07-04,1891.0111083984375,1514361
2018-07-05,1879.6724853515625,490611
2018-07-06,1874.840576171875,590699
2018-07-09,1873.7879638671875,853596
2018-07-10,1851.589111328125,3301425
2018-07-11,1832.1654052734375,1739970
2018-07-12,1854.5076904296875,844316
2018-07-13,1840.72900390625,954344
2018-07-16,1839.772216796875,659528
2018-07-17,1822.7880859375,1131560
2018-07-18,1818.033203125,773027
2018-07-19,1813.90234375,593314
2018-07-20,1827.6395263671875,817518
2018-07-23,1863.759033203125,1072520
2018-07-24,1870.7236328125,573920
2018-07-25,1887.6785888671875,1065275
2018-07-26,1883.16357421875,2959597
2018-07-27,1903.52880859375,858768
2018-07-30,1892.6256103515625,1792695
2018-07-31,1916.5933837890625,460626
2018-08-01,1922.54931640625,884802
2018-08-02,1943.3948974609375,1278375
2018-08-03,1936.478271484375,1234257
2018-08-06,1921.060302734375,749860
2018-08-07,1915.77685546875,531559
2018-08-08,1921.876708984375,886494
2018-08-09,1906.8909912109375,593894
2018-08-10,1901.5596923828125,648603
2018-08-13,1915.3924560546875,930525
2018-08-14,1918.9468994140625,322251
2018-08-16,1906.074462890625,812823
2018-08-17,1912.0303955078125,462694
2018-08-20,1912.5587158203125,671269
2018-08-21,1898.1492919921875,688170
2018-08-23,1880.1375732421875,1012394
2018-08-24,1852.2314453125,939358
2018-08-27,1874.517822265625,1305157
2018-08-28,1857.5150146484375,686872
2018-08-29,1830.5213623046875,1139011
2018-08-30,1801.7987060546875,2124825
2018-08-31,1831.5299072265625,1952492
2018-09-03,1822.307861328125,937981
2018-09-04,1782.5379638671875,1290572
2018-09-05,1781.8175048828125,804386
2018-09-06,1805.9771728515625,1003340
2018-09-07,1801.9908447265625,763150
2018-09-10,1757.1292724609375,1157745
2018-09-11,1754.583740234375,1430413
2018-09-12,1756.36083984375,1149898
2018-09-14,1799.060791015625,1512590
2018-09-17,1803.1434326171875,1009490
2018-09-18,1788.830078125,823718
2018-09-19,1733.5941162109375,1471601
2018-09-21,1693.0556640625,4403405
2018-09-24,1608.2802734375,4685534
2018-09-25,1629.9425048828125,4503074
2018-09-26,1634.7938232421875,2914677
2018-09-27,1615.7733154296875,2809983
2018-09-28,1623.5062255859375,1801534
2018-10-01,1577.97265625,5213931
2018-10-03,1574.1781005859375,5112718
2018-10-04,1526.9154052734375,3065332
2018-10-05,1544.0625,4352946
2018-10-08,1537.001953125,2426418
2018-10-09,1544.5908203125,1065187
2018-10-10,1573.4576416015625,2264070
2018-10-11,1529.8453369140625,2131052
2018-10-12,1587.626953125,2169080
2018-10-15,1562.890869140625,4301735
2018-10-16,1556.742919921875,7490737
2018-10-17,1540.7484130859375,3532784
2018-10-19,1514.6192626953125,4071551
2018-10-22,1392.3795166015625,6528861
2018-10-23,1415.146484375,7242862
2018-10-24,1461.4486083984375,2177827
2018-10-25,1432.3897705078125,4971095
2018-10-26,1388.87353515625,2263193
2018-10-29,1357.1728515625,4620039
2018-10-30,1310.5823974609375,5974755
2018-10-31,1368.9884033203125,6474213
2018-11-01,1406.3087158203125,5635786
2018-11-02,1481.0936279296875,5732745
2018-11-05,1427.9227294921875,2926342
2018-11-06,1417.3558349609375,2830304
2018-11-07,1425.4732666015625,140435
2018-11-09,1436.0401611328125,1913755
2018-11-12,1434.2149658203125,1434191
2018-11-13,1427.058349609375,1678410
2018-11-14,1453.955810546875,1888029
2018-11-15,1452.6109619140625,1362884
2018-11-16,1441.995849609375,1222318
2018-11-19,1477.39501953125,2054251
2018-11-20,1496.511474609375,2718989
2018-11-21,1485.800537109375,984774
2018-11-22,1468.6533203125,1038896
2018-11-26,1501.2186279296875,1365620
2018-11-27,1526.0029296875,1707401
2018-11-28,1549.8262939453125,2408350
2018-11-29,1595.16796875,2975979
2018-11-30,1567.5499267578125,1391187
2018-12-03,1591.0853271484375,1509308
2018-12-04,1571.3443603515625,1311350
2018-12-05,1540.460205078125,1669427
2018-12-06,1507.65478515625,1605950
2018-12-07,1505.1090087890625,1502809
2018-12-10,1493.245361328125,1485061
2018-12-11,1491.6602783203125,2294146
2018-12-12,1519.9027099609375,1279021
2018-12-13,1546.7041015625,1283289
2018-12-14,1540.7003173828125,692049
2018-12-17,1569.0386962890625,791402
2018-12-18,1574.9947509765625,983139
2018-12-19,1549.15380859375,1390871
2018-12-20,1549.3460693359375,1156454
2018-12-21,1513.610595703125,1119348
2018-12-24,1500.83447265625,757749
2018-12-26,1495.1666259765625,1712424
2018-12-27,1502.41943359375,1880388
2018-12-28,1520.9114990234375,1333919
2018-12-31,1536.32958984375,933039
2019-01-01,1532.775146484375,4043870
2019-01-02,1514.5230712890625,1164974
2019-01-03,1498.6728515625,958038
2019-01-04,1487.241455078125,1868151
2019-01-07,1497.7603759765625,3991996
2019-01-08,1515.6279296875,1479592
2019-01-09,1538.6829833984375,6447772
2019-01-10,1504.2445068359375,4377060
2019-01-11,1455.492919921875,3180775
2019-01-14,1425.6173095703125,3615252
2019-01-15,1436.3282470703125,1725819
2019-01-16,1466.5880126953125,2188162
2019-01-17,1463.03369140625,1467807
2019-01-18,1457.1739501953125,1589082
2019-01-21,1448.2401123046875,1606142
2019-01-22,1442.476318359375,2666389
2019-01-23,1436.13623046875,1441440
2019-01-24,1431.621337890625,1088512
2019-01-25,1426.433837890625,1738412
2019-01-28,1386.85595703125,2246761
2019-01-29,1404.2913818359375,1388542
2019-01-30,1417.98046875,3193022
2019-01-31,1446.270751953125,2469714
2019-02-01,1455.492919921875,1547424
2019-02-04,1445.40625,2054061
2019-02-05,1481.0455322265625,1710784
2019-02-06,1465.963623046875,1541770
2019-02-07,1455.3006591796875,1602553
2019-02-08,1440.02685546875,2194466
2019-02-11,1451.5062255859375,1387113
2019-02-12,1438.2493896484375,1136862
2019-02-14,1457.7503662109375,1756930
2019-02-15,1450.065185546875,1169312
2019-02-18,1457.27001953125,1040787
2019-02-19,1422.2071533203125,1352025
2019-02-20,1422.4952392578125,1688403
2019-02-21,1413.609619140625,2297058
2019-02-22,1405.2041015625,1314113
2019-02-25,1432.48583984375,1055629
2019-02-26,1419.901611328125,850891
2019-02-27,1418.5567626953125,1553126
2019-02-28,1415.8187255859375,2400890
2019-03-01,1454.484130859375,2243654
2019-03-05,1480.9013671875,1768341
2019-03-06,1474.4171142578125,1694922
2019-03-07,1470.958984375,2128646
2019-03-08,1458.23046875,966595
2019-03-11,1454.96435546875,2472505
2019-03-12,1507.2706298828125,7399042
2019-03-13,1571.9207763671875,7407679
2019-03-14,1616.44580078125,6598388
2019-03-15,1636.1866455078125,3884063
2019-03-18,1648.2425537109375,2427808
2019-03-19,1657.2723388671875,1738526
2019-03-20,1645.9368896484375,1592600
2019-03-22,1631.7196044921875,2081172
2019-03-25,1617.2623291015625,1689972
2019-03-26,1647.1378173828125,2216791
2019-03-27,1733.2098388671875,5562677
2019-03-28,1749.3963623046875,4070284
2019-04-01,1674.4195556640625,2594605
2019-04-02,1704.6793212890625,2760486
2019-04-03,1703.7667236328125,2494990
2019-04-04,1667.791259765625,2164515
2019-04-05,1698.3389892578125,1183378
2019-04-08,1682.056396484375,1816648
2019-04-09,1697.5225830078125,1675803
2019-04-10,1678.646240234375,1891510
2019-04-11,1672.114013671875,965883
2019-04-12,1668.41552734375,1029735
2019-04-15,1680.0391845703125,973597
2019-04-16,1743.6805419921875,2593532
2019-04-18,1694.8328857421875,1857583
2019-04-22,1624.4189453125,2184388
2019-04-23,1586.330078125,2161145
2019-04-24,1632.3441162109375,3467827
2019-04-25,1617.166259765625,3070975
2019-04-26,1631.9598388671875,1639196
2019-04-30,1543.2459716796875,5059803
2019-05-02,1499.82568359375,4071588
2019-05-03,1495.3106689453125,2042908
2019-05-06,1468.0770263671875,2018992
2019-05-07,1456.1173095703125,3333379
2019-05-08,1430.1322021484375,2652472
2019-05-09,1418.4127197265625,3040828
2019-05-10,1383.2056884765625,2304082
2019-05-13,1338.4405517578125,2608583
2019-05-14,1376.2891845703125,5582146
2019-05-15,1324.70361328125,3321014
2019-05-16,1304.722412109375,4571270
2019-05-17,1319.4681396484375,3070835
2019-05-20,1435.800048828125,4545248
2019-05-21,1390.74658203125,3331988
2019-05-22,1459.09521484375,18578611
2019-05-23,1535.8011474609375,12378857
2019-05-24,1583.9766845703125,6065381
2019-05-27,1549.2979736328125,2426340
2019-05-28,1555.87841796875,2044030
2019-05-29,1545.311279296875,1628713
2019-05-30,1524.4178466796875,4997347
2019-05-31,1542.1412353515625,3138032
2019-06-03,1597.185302734375,3064055
2019-06-04,1573.505859375,2614383
2019-06-06,1462.6973876953125,6402947
2019-06-07,1491.0838623046875,6289576
2019-06-10,1490.5556640625,3211040
2019-06-11,1527.9720458984375,3468327
2019-06-12,1508.0389404296875,3504083
2019-06-13,1430.2283935546875,10175722
2019-06-14,1370.6214599609375,10500760
2019-06-17,1344.54052734375,7360154
2019-06-18,1353.5224609375,6611201
2019-06-19,1326.9610595703125,5716245
2019-06-20,1379.0750732421875,7571159
2019-06-21,1391.6112060546875,4913512
2019-06-24,1404.00341796875,4102227
2019-06-25,1392.5716552734375,2445906
2019-06-26,1378.3065185546875,2478755
2019-06-27,1393.0999755859375,4007859
2019-06-28,1354.963134765625,4108364
2019-07-01,1377.1536865234375,3446607
2019-07-02,1360.7750244140625,3100554
2019-07-03,1412.6968994140625,5366734
2019-07-04,1434.3109130859375,4799912
2019-07-05,1472.2076416015625,5145552
2019-07-08,1418.3646240234375,3857205
2019-07-09,1433.350341796875,3733488
2019-07-10,1428.69140625,3222571
2019-07-11,1480.565185546875,4337246
2019-07-12,1450.065185546875,10637123
2019-07-15,1417.0196533203125,5656516
2019-07-16,1415.1944580078125,3863867
2019-07-17,1442.1402587890625,5290039
2019-07-18,1413.5133056640625,2404071
2019-07-19,1366.1546630859375,4698852
2019-07-22,1362.5521240234375,4578591
2019-07-23,1360.9671630859375,2946083
2019-07-24,1308.372802734375,4148585
2019-07-25,1336.8553466796875,6816446
2019-07-26,1359.7662353515625,3106622
2019-07-29,1375.905029296875,3185949
2019-07-30,1284.6455078125,8804120
2019-07-31,1357.2208251953125,7730088
2019-08-01,1343.579833984375,9532030
2019-08-02,1328.449951171875,4625690
2019-08-05,1333.5411376953125,6796784
2019-08-06,1361.30322265625,3140739
2019-08-07,1370.1890869140625,6078493
2019-08-08,1365.5538330078125,5079904
2019-08-09,1364.92626953125,4666041
2019-08-13,1326.34619140625,3477027
2019-08-14,1352.8065185546875,2823062
2019-08-16,1389.74462890625,3127077
2019-08-19,1393.028076171875,2484182
2019-08-20,1356.66943359375,3395591
2019-08-21,1320.310546875,2929477
2019-08-22,1289.8426513671875,4436240
2019-08-23,1265.55517578125,7921907
2019-08-26,1302.251953125,7080111
2019-08-27,1338.5623779296875,4755041
2019-08-28,1319.0069580078125,8031108
2019-08-29,1304.2315673828125,4555489
2019-08-30,1347.881591796875,5254735
2019-09-03,1297.85791015625,6169187
2019-09-04,1272.41162109375,6069299
2019-09-05,1263.237548828125,3820454
2019-09-06,1285.4486083984375,2744448
2019-09-09,1289.2149658203125,3024923
2019-09-11,1325.0909423828125,2958610
2019-09-12,1342.570068359375,3847286
2019-09-13,1350.6336669921875,3506741
2019-09-16,1328.760498046875,2406553
2019-09-17,1286.897216796875,3418892
2019-09-18,1284.7725830078125,3466276
2019-09-19,1238.2740478515625,4668596
2019-09-20,1370.91357421875,12418793
2019-09-23,1459.7100830078125,8634884
2019-09-24,1464.297119140625,5167834
2019-09-25,1452.322265625,5158518
2019-09-26,1494.9100341796875,7017228
2019-09-27,1430.0145263671875,4445539
2019-09-30,1336.099853515625,9439585
2019-10-01,1253.5322265625,13839863
2019-10-03,1212.4415283203125,13455663
2019-10-04,1221.9053955078125,7423301
2019-10-07,1198.487060546875,5212929
2019-10-09,1263.768798828125,6865376
2019-10-10,1186.367431640625,13975918
2019-10-11,1181.249267578125,12987781
2019-10-14,1207.70947265625,4786662
2019-10-15,1228.6170654296875,4669980
2019-10-16,1230.789794921875,4118174
2019-10-17,1294.1400146484375,5237964
2019-10-18,1296.6026611328125,5604223
2019-10-22,1295.0091552734375,3577455
2019-10-23,1286.897216796875,3003881
2019-10-24,1238.9984130859375,6833303
2019-10-25,1228.423828125,4141541
2019-10-27,1232.8662109375,303098
2019-10-29,1270.190673828125,4248732
2019-10-30,1252.7113037109375,3333740
2019-10-31,1268.16259765625,7559742
2019-11-01,1332.5267333984375,7803620
2019-11-04,1305.9217529296875,3641707
2019-11-05,1274.825927734375,2656825
2019-11-06,1296.940673828125,3214840
2019-11-07,1334.506591796875,5563949
2019-11-08,1374.0037841796875,8506906
2019-11-11,1395.4908447265625,3521409
2019-11-13,1365.6986083984375,4578522
2019-11-14,1327.939697265625,5279888
2019-11-15,1312.391845703125,4476838
2019-11-18,1327.263671875,2034198
2019-11-19,1344.9842529296875,4880427
2019-11-20,1418.908935546875,7334715
2019-11-21,1396.552978515625,6229283
2019-11-22,1396.552978515625,2062280
2019-11-25,1445.5140380859375,3029183
2019-11-26,1463.910888671875,6748616
2019-11-27,1474.00244140625,4156766
2019-11-28,1514.4654541015625,5080043
2019-11-29,1515.2861328125,5852032
2019-12-02,1521.94970703125,3906554
2019-12-03,1491.7230224609375,3594869
2019-12-04,1491.3367919921875,3417501
2019-12-05,1457.9718017578125,3222397
2019-12-06,1415.5772705078125,2990724
2019-12-09,1400.270751953125,2831428
2019-12-10,1363.18798828125,2751068
2019-12-11,1371.9276123046875,3263070
2019-12-12,1394.6217041015625,2490582
2019-12-13,1434.4569091796875,3512530
2019-12-16,1442.1826171875,2909431
2019-12-17,1441.5546875,2861481
2019-12-18,1449.3287353515625,2573443
2019-12-19,1438.8023681640625,2656772
2019-12-20,1436.91943359375,2875305
2019-12-23,1444.9830322265625,1584336
2019-12-24,1469.65673828125,4488835
2019-12-26,1463.427978515625,2265163
2019-12-27,1472.602294921875,1755565
2019-12-30,1478.87939453125,2526529
2019-12-31,1458.213134765625,1979911
2020-01-01,1433.3946533203125,2135253
2020-01-02,1476.5615234375,2365906
2020-01-03,1476.4166259765625,2622870
2020-01-06,1419.0057373046875,3151046
2020-01-07,1411.5213623046875,3572603
2020-01-08,1408.575927734375,3363919
2020-01-09,1455.9437255859375,3496433
2020-01-10,1440.106201171875,3189536
2020-01-13,1486.8463134765625,3732412
2020-01-14,1430.8353271484375,15123110
2020-01-15,1352.468505859375,13995235
2020-01-16,1338.900390625,10544088
2020-01-17,1305.873291015625,10020063
2020-01-20,1286.2696533203125,6047237
2020-01-21,1290.5185546875,4501887
2020-01-22,1281.875732421875,3038713
2020-01-23,1286.124755859375,4358219
2020-01-24,1270.963134765625,4563516
2020-01-27,1227.60302734375,6019701
2020-01-28,1211.7171630859375,6103759
2020-01-29,1215.09716796875,3977924
2020-01-30,1189.2646484375,5301706
2020-01-31,1215.676513671875,8391172
2020-02-03,1219.78076171875,7697534
2020-02-04,1229.0032958984375,4632688
2020-02-05,1229.148193359375,4360609
2020-02-06,1288.49072265625,7628363
2020-02-07,1254.2564697265625,3850541
2020-02-10,1231.224365234375,3955195
2020-02-11,1248.3173828125,3456066
2020-02-12,1233.5904541015625,8957173
2020-02-13,1188.540283203125,6508945
2020-02-14,1135.66796875,11532869
2020-02-17,1132.7225341796875,9900428
2020-02-18,1101.57861328125,11207411
2020-02-19,1102.9788818359375,14324736
2020-02-20,1141.6552734375,15703698
2020-02-24,1130.1151123046875,7179792
2020-02-25,1114.277587890625,6114855
2020-02-26,1096.07421875,5870515
2020-02-27,1077.2913818359375,6835782
2020-02-28,1066.1856689453125,10233947
2020-03-02,1042.236083984375,5724823
2020-03-03,1070.0484619140625,5233056
2020-03-04,1029.39208984375,6863681
2020-03-05,1038.1318359375,6815347
2020-03-06,979.9964599609375,16835425
2020-03-09,872.1273193359375,14498980
2020-03-11,824.2767333984375,12305857
2020-03-12,757.7396850585938,16135734
2020-03-13,776.1846313476562,21139779
2020-03-16,641.3723754882812,16613929
2020-03-17,583.43017578125,19508083
2020-03-18,444.9964294433594,74866076
2020-03-19,428.8208923339844,29186013
2020-03-20,425.247802734375,28086017
2020-03-23,324.9111328125,9515210
2020-03-24,301.6376647949219,37275347
2020-03-25,290.9666442871094,40292991
2020-03-26,420.95037841796875,42326717
2020-03-27,397.0009460449219,43890479
2020-03-30,399.2220458984375,29380383
2020-03-31,339.2518310546875,38989984
2020-04-01,330.51220703125,33427621
2020-04-03,302.45855712890625,23013838
2020-04-07,370.6855163574219,45710645
2020-04-08,385.46075439453125,56093585
2020-04-09,381.8393859863281,32940091
2020-04-13,396.324951171875,31201235
2020-04-15,409.5550842285156,28311987
2020-04-16,420.4675598144531,23556832
2020-04-17,458.1783142089844,26188305
2020-04-20,441.0370788574219,16950369
2020-04-21,387.1025085449219,29550439
2020-04-22,401.6363220214844,28908719
2020-04-23,395.8904113769531,18750968
2020-04-24,369.7680969238281,19653294
2020-04-27,393.4278259277344,26819351
2020-04-28,451.9977722167969,60610249
2020-04-29,454.9432373046875,47307868
2020-04-30,452.0943603515625,26654890
2020-05-04,408.5411071777344,17565171
2020-05-05,404.3403015136719,18470026
2020-05-06,410.9071044921875,17184968
2020-05-07,438.76763916015625,26784490
2020-05-08,425.247802734375,29096376
2020-05-11,418.5361328125,18434346
2020-05-12,430.89715576171875,26126553
2020-05-13,433.2148742675781,20820446
2020-05-14,413.32135009765625,16520436
2020-05-15,404.3403015136719,14848712
2020-05-18,363.8290100097656,25374856
2020-05-19,355.1859436035156,28794743
2020-05-20,345.04608154296875,29736164
2020-05-21,334.90618896484375,25554090
2020-05-22,326.7459716796875,27953815
2020-05-26,336.2581787109375,19932807
2020-05-27,356.2965393066406,34413192
2020-05-28,373.5826416015625,47047469
2020-05-29,380.1494140625,33013516
2020-06-01,396.03521728515625,22990598
2020-06-02,419.79156494140625,28744172
2020-06-03,417.52215576171875,27908796
2020-06-04,400.8154602050781,25795376
2020-06-05,407.8651123046875,26349793
2020-06-08,436.1119689941406,42805660
2020-06-09,447.9901123046875,40690351
2020-06-10,482.4657897949219,42547635
2020-06-11,505.20806884765625,78669422
2020-06-12,510.3263244628906,57429819
2020-06-15,473.7261047363281,45035607
2020-06-16,465.27618408203125,50389388
2020-06-17,474.3055725097656,40940232
2020-06-18,482.07952880859375,25255403
2020-06-19,467.0627746582031,41823242
2020-06-22,473.0984191894531,27934720
2020-06-23,502.55242919921875,45717057
2020-06-24,465.1796569824219,43255370
2020-06-25,458.85430908203125,37360999
2020-06-26,475.6575012207031,33898936
2020-06-29,463.5379638671875,19597701
2020-06-30,458.51629638671875,17436951
2020-07-01,475.56097412109375,20509324
2020-07-02,477.8303527832031,22971526
2020-07-03,470.49102783203125,15633495
2020-07-06,478.89263916015625,24848329
2020-07-07,508.25006103515625,42696302
2020-07-08,533.6480102539062,81334991
2020-07-09,537.4625854492188,26574065
2020-07-10,520.7559204101562,26964951
2020-07-13,521.1422729492188,16507937
2020-07-14,493.2816467285156,22219927
2020-07-15,486.2802734375,21841548
2020-07-16,500.8140869140625,21502321
2020-07-17,502.9386291503906,14445406
2020-07-20,510.6159973144531,19937276
2020-07-21,505.5461120605469,13311222
2020-07-22,495.93731689453125,15202237
2020-07-23,496.27532958984375,11300182
2020-07-24,504.3389587402344,31277822
2020-07-27,489.27398681640625,12280255
2020-07-28,508.8778076171875,16991267
2020-07-29,531.6201171875,37044099
2020-07-30,502.0212707519531,13848662
2020-07-31,505.7875061035156,11161107
2020-08-03,485.79742431640625,13508456
2020-08-04,475.7058410644531,21481518
2020-08-05,475.8506774902344,15082924
2020-08-06,477.92694091796875,16624606
2020-08-07,491.54339599609375,16540870
2020-08-10,491.8813781738281,9409531
2020-08-11,504.0975646972656,11701319
2020-08-12,502.7938232421875,12644367
2020-08-13,500.9590148925781,8109014
2020-08-14,489.80511474609375,9318623
2020-08-17,495.55108642578125,7173558
2020-08-18,503.7112121582031,10993530
2020-08-19,504.2424011230469,10895768
2020-08-20,495.79248046875,7658596
2020-08-21,495.93731689453125,6411009
2020-08-24,511.00225830078125,14887687
2020-08-25,518.1002197265625,18377629
2020-08-26,548.1819458007812,26850404
2020-08-27,585.0718383789062,48561125
2020-08-28,642.8209838867188,55986681
2020-08-31,608.5867309570312,57316603
2020-09-01,605.9310302734375,47295290
2020-09-02,618.5817260742188,19765424
2020-09-03,610.1801147460938,14985734
2020-09-04,595.0186157226562,21613014
2020-09-07,587.8240356445312,13889593
2020-09-08,579.8087768554688,13303702
2020-09-09,583.8646850585938,17123149
2020-09-10,599.1710815429688,15925284
2020-09-11,589.41748046875,11346718
2020-09-14,588.45166015625,9287409
2020-09-15,611.6769409179688,13446734
2020-09-16,600.3299560546875,17940987
2020-09-17,596.1773681640625,9390779
2020-09-18,592.1697387695312,10335095
2020-09-21,541.3735961914062,15649376
2020-09-22,525.343017578125,26363293
2020-09-23,509.94000244140625,20046261
2020-09-24,473.4364013671875,20946967
2020-09-25,497.1927185058594,19311510
2020-09-28,536.0623168945312,24396893
2020-09-29,517.8587646484375,21321940
2020-09-30,509.3123779296875,18784941
2020-10-01,571.8899536132812,49858446
2020-10-05,580.9192504882812,43964114
2020-10-06,601.4404907226562,25112823
2020-10-07,597.8673706054688,19071775
2020-10-08,596.5154418945312,20977726
2020-10-09,601.681884765625,18622149
2020-10-12,593.3768920898438,11751051
2020-10-13,587.3412475585938,11579298
2020-10-14,601.295654296875,14624404
2020-10-15,577.4910278320312,14728367
2020-10-16,587.4378051757812,11569890
2020-10-19,605.5929565429688,14576825
2020-10-20,603.8064575195312,9607553
2020-10-21,606.5587158203125,26626983
2020-10-22,587.8723754882812,15976059
2020-10-23,587.29296875,12435551
2020-10-26,595.5014038085938,17438151
2020-10-27,592.9423217773438,15012129
2020-10-28,572.517578125,14933120
2020-10-29,568.5099487304688,16511146
2020-10-30,565.6128540039062,16811219
2020-11-02,606.800048828125,33145934
2020-11-03,624.4242553710938,19566145
2020-11-04,654.7957153320312,33533745
2020-11-05,689.8989868164062,23471764
2020-11-06,713.3173217773438,29896664
2020-11-09,748.855224609375,28036644
2020-11-10,806.5560302734375,59758713
2020-11-11,760.926513671875,51561819
2020-11-12,742.8195190429688,28387177
2020-11-13,742.1917724609375,25472191
2020-11-14,744.0267333984375,3253864
2020-11-17,757.2568359375,14873173
2020-11-18,799.8926391601562,25491255
2020-11-19,789.9459838867188,29797661
2020-11-20,783.18603515625,25424060
2020-11-23,820.6070556640625,39219488
2020-11-24,824.4215698242188,19828772
2020-11-25,825.7252807617188,24215222
2020-11-26,821.379638671875,16934720
2020-11-27,828.2361450195312,10212987
2020-12-01,864.7880249023438,14690547
2020-12-02,866.5262451171875,14965085
2020-12-03,865.51220703125,9724314
2020-12-04,882.3156127929688,12658012
2020-12-07,903.0781860351562,15479752
2020-12-08,885.2609252929688,13141739
2020-12-09,896.6561889648438,7937423
2020-12-10,884.4400024414062,9145597
2020-12-11,892.0691528320312,8417189
2020-12-14,889.6548461914062,5936096
2020-12-15,894.9662475585938,7646858
2020-12-16,890.18603515625,6068477
2020-12-17,903.705810546875,14078222
2020-12-18,874.1553344726562,14605713
2020-12-21,813.798828125,18106992
2020-12-22,811.867431640625,21961153
2020-12-23,826.0149536132812,12353093
2020-12-24,823.5523681640625,10293688
2020-12-28,837.2171630859375,5449095
2020-12-29,881.5912475585938,20727636
2020-12-30,868.2161865234375,11462263
2020-12-31,864.2568359375,6435333
2021-01-01,869.2785034179688,4632855
2021-01-04,867.057373046875,6991890
2021-01-05,890.041259765625,11907501
2021-01-06,890.7171630859375,9768197
2021-01-07,919.3984985351562,12154311
2021-01-08,907.5686645507812,10838196
2021-01-11,897.235595703125,8419415
2021-01-12,895.8353881835938,8805330
2021-01-13,910.4175415039062,9473962
2021-01-14,936.4432373046875,14887258
2021-01-15,932.7736206054688,9195430
2021-01-18,900.8087158203125,10668611
2021-01-19,907.665283203125,6309233
2021-01-20,915.19775390625,7004445
2021-01-21,894.0971069335938,8216362
2021-01-22,862.6633911132812,11366492
2021-01-25,820.027587890625,11829328
2021-01-27,792.022216796875,15810173
2021-01-28,775.0740966796875,13789865
2021-01-29,817.0822143554688,19305853
2021-02-01,937.3123168945312,38067807
2021-02-02,942.189208984375,20556081
2021-02-03,1012.5890502929688,34995822
2021-02-04,996.7514038085938,13666242
2021-02-05,989.9431762695312,19524257
2021-02-08,999.6002197265625,7162284
2021-02-09,990.6193237304688,7984133
2021-02-10,987.7221069335938,7815034
2021-02-11,986.85302734375,5760021
2021-02-12,992.1644287109375,13959383
2021-02-15,1021.3284912109375,9121286
2021-02-16,1021.9563598632812,13883441
2021-02-17,997.765380859375,13855321
2021-02-18,1010.1748657226562,8911120
2021-02-19,1029.343994140625,14557527
2021-02-22,987.8187255859375,9412265
2021-02-23,1012.3475341796875,7160332
2021-02-24,1033.3033447265625,6833820
2021-02-25,1071.6900634765625,12716781
2021-02-26,1026.4951171875,12247085
2021-03-01,1031.3236083984375,6358886
2021-03-02,1036.5384521484375,4917345
2021-03-03,1062.0330810546875,5695638
2021-03-04,1054.50048828125,6128220
2021-03-05,1004.2357177734375,13926140
2021-03-08,983.3281860351562,10522267
2021-03-09,989.6535034179688,9915907
2021-03-10,1004.1873779296875,8832614
2021-03-12,987.5772705078125,5735382
2021-03-15,1003.0285034179688,8019663
2021-03-16,999.2139282226562,5161126
2021-03-17,974.3471069335938,4712570
2021-03-18,968.4080200195312,5797610
2021-03-19,977.1959228515625,6838935
2021-03-22,934.9463500976562,12692489
2021-03-23,956.0952758789062,7530882
2021-03-24,925.820556640625,5028085
2021-03-25,924.9513549804688,7614686
2021-03-26,920.0745239257812,4891178
2021-03-30,928.08984375,5831461
2021-03-31,921.7162475585938,4453746
2021-04-01,959.23388671875,7932671
2021-04-05,905.2026977539062,11223431
2021-04-06,895.4490966796875,6925347
2021-04-07,913.1215209960938,5714921
2021-04-08,902.8367919921875,3946239
2021-04-09,891.9725952148438,4980026
2021-04-12,815.4404907226562,10674765
2021-04-13,847.3087768554688,6778840
2021-04-15,828.912109375,6862663
2021-04-16,833.3543090820312,5338683
2021-04-19,803.4658203125,8550122
2021-04-20,816.0198974609375,8240669
2021-04-22,807.0388793945312,9717099
2021-04-23,820.8485107421875,7695324
2021-04-26,830.0709838867188,4894557
2021-04-27,852.1856079101562,5202133
2021-04-28,895.1111450195312,9935828
2021-04-29,907.230712890625,12187280
2021-04-30,902.885009765625,7301455
2021-05-03,882.2672119140625,16854199
2021-05-04,878.9356079101562,7499852
2021-05-05,899.2153930664062,5975741
2021-05-06,893.2279663085938,3705397
2021-05-07,894.4351806640625,5419712
2021-05-10,912.9766235351562,5087341
2021-05-11,916.3082885742188,5732298
2021-05-12,885.212646484375,5074561
2021-05-14,860.2974243164062,6169600
2021-05-17,923.6476440429688,10987165
2021-05-18,941.1268920898438,8715366
2021-05-19,933.8358764648438,4787294
2021-05-20,942.0443115234375,5835440
2021-05-21,981.1553344726562,12591860
2021-05-24,970.2911376953125,5385688
2021-05-25,959.8133544921875,4583345
2021-05-26,964.207275390625,2972854
2021-05-27,972.3191528320312,4427518
2021-05-28,984.390380859375,5388785
2021-05-31,978.2581787109375,2643491
2021-06-01,975.4093627929688,3766919
2021-06-02,992.7437744140625,4177378
2021-06-03,971.2568969726562,14752885
2021-06-04,974.6851806640625,4323154
2021-06-07,990.039794921875,3823401
2021-06-08,985.1629638671875,3141410
2021-06-09,969.13232421875,4767864
2021-06-10,989.2188720703125,2984339
2021-06-11,980.2861938476562,2679470
2021-06-14,989.1707153320312,3982216
2021-06-15,998.9725952148438,6026006
2021-06-16,978.9342651367188,3325800
2021-06-17,950.301025390625,6126591
2021-06-18,961.2618408203125,4895262
2021-06-21,972.9951171875,3160990
2021-06-22,965.8006591796875,4141759
2021-06-23,965.2694702148438,3975716
2021-06-24,966.331787109375,2285845
2021-06-25,978.1616821289062,3499315
2021-06-28,974.298828125,2819763
2021-06-29,983.2315673828125,4543628
2021-06-30,981.4932861328125,2628556
2021-07-01,973.1399536132812,3070067
2021-07-02,975.023193359375,1501210
2021-07-05,985.5492553710938,1993126
2021-07-06,995.689208984375,3019919
2021-07-07,1009.064208984375,3781022
2021-07-08,1009.5952758789062,4139752
2021-07-09,1004.2838745117188,3625932
2021-07-12,1013.3132934570312,2010018
2021-07-13,1019.6869506835938,2096758
2021-07-14,1016.5001220703125,1566799
2021-07-15,1018.914306640625,2748272
2021-07-16,1008.4848022460938,1218164
2021-07-19,981.010498046875,2644846
2021-07-20,947.8868408203125,3752725
2021-07-22,958.1232299804688,2181872
2021-07-23,955.37109375,3449852
2021-07-26,947.6454467773438,2335433
2021-07-27,942.333984375,3311920
2021-07-28,958.7026977539062,8820340
2021-07-29,958.0266723632812,3459503
2021-07-30,947.3556518554688,3115750
2021-08-02,954.1156005859375,2149603
2021-08-03,986.9978637695312,4450926
2021-08-04,985.5492553710938,5055711
2021-08-05,963.4829711914062,3955681
2021-08-06,994.1923828125,7609448
2021-08-09,1007.0362548828125,4274598
2021-08-10,998.1517333984375,3469468
2021-08-11,1005.490966796875,2155833
2021-08-12,999.8417358398438,2453701
2021-08-13,989.0258178710938,2348979
2021-08-16,984.0524291992188,1132546
2021-08-17,970.6600341796875,3082005
2021-08-18,960.421630859375,2344486
2021-08-20,950.5228881835938,3465186
2021-08-23,959.402587890625,2914978
2021-08-24,975.3667602539062,2510063
2021-08-25,975.8519897460938,2105187
2021-08-26,971.9215698242188,1971408
2021-08-27,960.9553833007812,2368969
2021-08-30,975.415283203125,2868604
2021-08-31,963.0904541015625,3138652
2021-09-01,969.2528686523438,3854558
2021-09-02,980.267578125,2136382
2021-09-03,974.105224609375,5363972
2021-09-06,962.6536254882812,3349749
2021-09-07,971.6790161132812,5483796
2021-09-08,970.0776977539062,6385224
2021-09-09,969.9806518554688,3193603
2021-09-13,966.8751831054688,2386618
2021-09-14,1005.9849853515625,7838383
2021-09-15,1022.8224487304688,6071710
2021-09-16,1097.54833984375,27230283
2021-09-17,1096.62646484375,5784278
2021-09-20,1057.75927734375,2954179
2021-09-21,1103.95361328125,6332732
2021-09-22,1107.6898193359375,5587136
2021-09-23,1134.6202392578125,4879235
2021-09-24,1128.7003173828125,4615559
2021-09-27,1116.715087890625,3083520
2021-09-28,1101.2362060546875,3684708
2021-09-29,1090.02734375,5574048
2021-09-30,1079.0611572265625,3180267
2021-10-01,1071.4429931640625,1940798
2021-10-04,1086.727783203125,1817348
2021-10-05,1134.08642578125,5270013
2021-10-06,1098.421875,3329243
2021-10-07,1132.2425537109375,4002618
2021-10-08,1139.71533203125,2344868
2021-10-11,1138.59912109375,2535840
2021-10-12,1146.99365234375,2354120
2021-10-13,1149.516845703125,1235622
2021-10-14,1174.2637939453125,3315820
2021-10-18,1183.580078125,4512591
2021-10-19,1158.736328125,3879525
2021-10-20,1166.208984375,2850772
2021-10-21,1149.4197998046875,2408608
2021-10-22,1161.0655517578125,2618946
2021-10-25,1142.96630859375,3612312
2021-10-26,1120.791015625,3413917
2021-10-27,1108.8057861328125,4329232
2021-10-28,1141.2679443359375,17223159
2021-10-29,1106.525146484375,5112475
2021-11-01,1192.7996826171875,10563295
2021-11-02,1176.7384033203125,3730392
2021-11-03,1143.1602783203125,2922214
2021-11-04,1153.98095703125,278458
2021-11-08,1029.81005859375,29099645
2021-11-09,1036.7001953125,7752739
2021-11-10,1001.7149047851562,6796906
2021-11-11,1002.782470703125,4527396
2021-11-12,1006.4216918945312,3479296
2021-11-15,1010.7402954101562,3105993
2021-11-16,990.7486572265625,2685826
2021-11-17,1003.4617309570312,3042496
2021-11-18,978.6663818359375,3244457
2021-11-22,977.162109375,6198324
2021-11-23,952.36669921875,8136685
2021-11-24,941.7401123046875,6646771
2021-11-25,930.9679565429688,5711537
2021-11-26,875.1661376953125,6746021
2021-11-29,869.0037231445312,11905868
2021-11-30,856.9214477539062,6964145
2021-12-01,906.0755615234375,14626216
2021-12-02,917.6240844726562,5703967
2021-12-03,923.0586547851562,4928235
2021-12-06,888.607177734375,4617346
2021-12-07,899.2823486328125,3434735
2021-12-08,917.3814086914062,3774244
2021-12-09,918.448974609375,3111606
2021-12-10,916.8477172851562,6605152
2021-12-13,910.830810546875,2681792
2021-12-14,918.1093139648438,2725729
2021-12-15,910.830810546875,2266938
2021-12-16,900.883544921875,2457432
2021-12-17,856.9214477539062,4786306
2021-12-20,821.1112060546875,4700733
2021-12-21,831.8833618164062,3568436
2021-12-22,846.003662109375,3619713
2021-12-23,845.3728637695312,2642247
2021-12-24,835.7167358398438,3462247
2021-12-27,829.990966796875,12325932
2021-12-28,827.4678344726562,4660498
2021-12-29,844.3053588867188,6067054
2021-12-30,859.2505493164062,12354342
2021-12-31,861.9193115234375,3606043
2022-01-03,885.3560180664062,5594214
2022-01-04,877.6893920898438,4102750
2022-01-05,877.252685546875,5448165
2022-01-06,894.4784545898438,5209239
2022-01-07,895.01220703125,4207773
2022-01-10,893.6535034179688,2569322
2022-01-11,890.8391723632812,3383081
2022-01-12,913.7422485351562,5506622
2022-01-13,899.7189331054688,2109207
2022-01-14,892.8771362304688,2557488
2022-01-17,893.3138427734375,3048497
2022-01-18,873.0797119140625,3088062
2022-01-19,866.8687133789062,3628266
2022-01-20,851.292724609375,3565267
2022-01-21,828.875,4042974
2022-01-24,826.109130859375,4657809
2022-01-25,858.1344604492188,5165597
2022-01-27,861.8707885742188,4323258
2022-01-28,876.864501953125,5520247
2022-01-31,846.3433227539062,10148990
2022-02-01,895.0607299804688,11628936
2022-02-02,946.5439453125,14380553
2022-02-03,930.0460205078125,5623611
2022-02-04,927.8139038085938,5000045
2022-02-07,905.4931640625,2587054
2022-02-08,910.0059204101562,3160992
2022-02-09,938.5861206054688,4101202
2022-02-10,943.6325073242188,4037566
2022-02-11,953.3858032226562,7171664
2022-02-14,913.7907104492188,3652419
2022-02-15,941.060791015625,3985559
2022-02-16,939.7991943359375,3683264
2022-02-17,927.5713500976562,3152042
2022-02-18,927.1345825195312,2417043
2022-02-21,924.3202514648438,3535914
2022-02-22,911.3645629882812,2866135
2022-02-23,922.6219482421875,3507003
2022-02-24,849.78857421875,7305449
2022-02-25,899.67041015625,4821342
2022-02-28,893.5079345703125,3299912
2022-03-02,879.581787109375,4507940
2022-03-03,885.3074951171875,3731807
2022-03-04,875.2632446289062,3623960
2022-03-07,809.7567749023438,6323502
2022-03-08,815.8707275390625,6163433
2022-03-09,849.497314453125,6967640
2022-03-10,877.59228515625,6312569
2022-03-11,875.11767578125,3451877
2022-03-14,880.7948608398438,3718477
2022-03-15,870.1683349609375,4390735
2022-03-16,901.2232666015625,5705364
2022-03-17,904.9110107421875,4492246
2022-03-21,886.423583984375,2363059
2022-03-22,900.3012084960938,2764481
2022-03-23,903.8434448242188,2433056
2022-03-24,897.4868774414062,2923793
2022-03-25,898.89404296875,1984601
2022-03-28,907.53125,2654339
2022-03-29,901.7083740234375,3351562
2022-03-30,898.942626953125,4849869
2022-03-31,907.7738037109375,2311242
2022-04-01,939.9932250976562,5222165
2022-04-04,958.0440063476562,5033678
2022-04-05,944.5059814453125,3827808
2022-04-06,939.7021484375,2406015
2022-04-07,943.8751220703125,3182285
2022-04-08,956.4912109375,2659878
2022-04-11,951.4933471679688,2413145
2022-04-12,956.0059814453125,1963842
2022-04-13,954.3562622070312,2060127
2022-04-18,948.5819091796875,1575552
2022-04-19,935.3350219726562,1747142
2022-04-20,943.8265991210938,2421543
2022-04-21,960.0333862304688,1957820
2022-04-22,931.501708984375,1942893
2022-04-25,918.594482421875,2096910
2022-04-26,951.4933471679688,2673266
2022-04-27,945.718994140625,1476543
2022-04-28,959.1599731445312,2003774
2022-04-29,949.6494750976562,3476442
2022-05-02,988.0313720703125,8962019
2022-05-04,949.4067993164062,4565643
2022-05-05,909.1324462890625,4679266
2022-05-06,888.364501953125,3713381
2022-05-09,863.423583984375,3283626
2022-05-10,883.8518676757812,3972560
2022-05-11,896.0796508789062,4209334
2022-05-12,844.2083740234375,4776857
2022-05-13,846.5859375,2932319
2022-05-16,859.73583984375,1971123
2022-05-17,877.1555786132812,2038983
2022-05-18,876.476318359375,2665522
2022-05-19,840.6660766601562,2656251
2022-05-20,870.022705078125,2286465
2022-05-23,875.7484741210938,2577890
2022-05-24,871.4298706054688,2149695
2022-05-25,866.9656982421875,3664893
2022-05-26,871.0902099609375,3909078
2022-05-27,898.0692138671875,2509528
2022-05-30,908.5502319335938,2036338
2022-05-31,903.358154296875,1249259
2022-06-01,900.9320068359375,1144864
2022-06-02,915.100830078125,1735855
2022-06-03,897.0016479492188,1398174
2022-06-06,901.3202514648438,1417254
2022-06-07,896.4193725585938,929573
2022-06-08,886.7147216796875,1905868
2022-06-09,893.1197509765625,1031195
2022-06-10,886.2295532226562,882217
2022-06-13,839.8897705078125,3353078
2022-06-14,819.2672729492188,3770890
2022-06-15,818.3938598632812,3911673
2022-06-16,785.689208984375,3141825
2022-06-17,783.0690307617188,2624540
2022-06-20,760.893798828125,3103978
2022-06-21,775.2566528320312,3425596
2022-06-22,754.682861328125,3066728
2022-06-23,761.7672729492188,3888446
2022-06-24,782.6807861328125,4706175
2022-06-27,799.1786499023438,2569316
2022-06-28,792.4824829101562,1280737
2022-06-29,784.912841796875,3774208
2022-06-30,770.8895874023438,2686640
2022-07-01,783.3600463867188,2796110
2022-07-04,807.4276733398438,4711395
2022-07-05,799.71240234375,1836183
2022-07-06,811.84326171875,1660551
2022-07-07,835.5711669921875,3868679
2022-07-08,823.537353515625,1342616
2022-07-11,832.9993896484375,1503503
2022-07-12,822.0331420898438,1221366
2022-07-13,794.8600463867188,10850036
2022-07-14,796.655517578125,2463571
2022-07-15,790.9782104492188,1365475
2022-07-18,825.9150390625,2536142
2022-07-19,842.4614868164062,2608372
2022-07-20,853.3306274414062,3995680
2022-07-21,920.0987548828125,23581540
2022-07-22,914.6156616210938,4842122
2022-07-25,933.63671875,6043152
2022-07-26,933.2000122070312,2983144
2022-07-27,950.862548828125,3405140
2022-07-28,987.6431884765625,7001490
2022-07-29,1012.6812133789062,5862550
2022-08-01,1009.43017578125,4299697
2022-08-02,1035.729736328125,5074834
2022-08-03,1027.0440673828125,2753893
2022-08-04,1019.1832885742188,2142720
2022-08-05,1005.69384765625,2382020
2022-08-08,1019.1832885742188,2057991
2022-08-10,1031.702392578125,2727232
2022-08-11,1055.7681884765625,3998702
2022-08-12,1056.990966796875,2463516
2022-08-16,1060.9041748046875,3083931
2022-08-17,1064.9639892578125,1768441
2022-08-18,1081.1058349609375,2407824
2022-08-19,1040.2135009765625,3660413
2022-08-22,1034.245849609375,2662510
2022-08-23,1047.795166015625,3030759
2022-08-24,1077.975341796875,3685015
2022-08-25,1066.2847900390625,3775014
2022-08-26,1046.5234375,3662548
2022-08-29,1036.202392578125,1642550
2022-08-30,1083.40478515625,3200407
2022-09-01,1087.2691650390625,3487969
2022-09-02,1076.850341796875,2428618
2022-09-05,1083.94287109375,2419887
2022-09-06,1084.7254638671875,2516672
2022-09-07,1066.2847900390625,3165749
2022-09-08,1084.236328125,2995969
2022-09-09,1112.4599609375,4751837
2022-09-12,1112.1663818359375,1918731
2022-09-13,1138.5313720703125,3571187
2022-09-14,1189.353515625,9043198
2022-09-15,1169.885498046875,4063705
2022-09-16,1200.7015380859375,16270762
2022-09-19,1199.13623046875,6074889
2022-09-20,1236.6536865234375,5704241
2022-09-21,1197.6688232421875,6121456
2022-09-22,1190.1361083984375,5463724
2022-09-23,1157.6568603515625,4197496
2022-09-26,1124.6396484375,5082576
2022-09-27,1139.8031005859375,4493527
2022-09-28,1116.1285400390625,4898528
2022-09-29,1117.4493408203125,4998273
2022-09-30,1159.4666748046875,4392250
2022-10-03,1131.145263671875,3397982
2022-10-04,1192.7774658203125,4446589
2022-10-06,1174.8258056640625,2773277
2022-10-07,1187.054443359375,3338767
2022-10-10,1184.0218505859375,2547644
2022-10-11,1139.31396484375,21664338
2022-10-12,1163.233154296875,3412460
2022-10-13,1158.537353515625,1982808
2022-10-14,1155.94482421875,2918993
2022-10-17,1173.60302734375,3419791
2022-10-18,1196.6905517578125,3451130
2022-10-19,1191.9459228515625,3896969
2022-10-20,1134.764892578125,11242103
2022-10-21,1117.4493408203125,5309754
2022-10-24,1120.9710693359375,674170
2022-10-25,1112.75341796875,3514202
2022-10-27,1117.69384765625,2590606
2022-10-28,1122.0960693359375,2778938
2022-10-31,1117.840576171875,2048520
2022-11-01,1126.156005859375,2664189
2022-11-02,1113.4871826171875,1947283
2022-11-03,1123.074462890625,1742221
2022-11-04,1127.67236328125,1571565
2022-11-07,1119.30810546875,2601148
2022-11-09,1124.052734375,3456108
2022-11-10,1102.872802734375,2072769
2022-11-11,1115.248046875,2198448
2022-11-14,1127.9168701171875,2007506
2022-11-15,1127.819091796875,1802234
2022-11-16,1119.259033203125,2331206
2022-11-17,1121.60693359375,1721557
2022-11-18,1104.14453125,2082130
2022-11-21,1114.269775390625,2602264
2022-11-22,1144.0098876953125,3927395
2022-11-23,1148.8521728515625,3265438
2022-11-24,1150.0262451171875,3496170
2022-11-25,1161.325439453125,4715695
2022-11-28,1171.842041015625,2846018
2022-11-29,1154.966552734375,1875146
2022-11-30,1142.444580078125,2421938
2022-12-01,1148.412109375,2693170
2022-12-02,1153.1077880859375,2299901
2022-12-05,1169.5430908203125,3842074
2022-12-06,1158.3905029296875,3130375
2022-12-07,1139.3629150390625,2752097
2022-12-08,1164.9940185546875,3666432
2022-12-09,1176.3909912109375,6171282
2022-12-12,1180.548828125,2790292
2022-12-13,1208.136474609375,4161518
2022-12-14,1225.94140625,3913725
2022-12-15,1212.685546875,3097282
2022-12-16,1202.853759765625,1944616
2022-12-19,1196.984130859375,1382378
2022-12-20,1201.9732666015625,1245359
2022-12-21,1175.706298828125,1495106
2022-12-22,1154.5263671875,2126536
2022-12-23,1122.9276123046875,2621761
2022-12-26,1169.7386474609375,2100374
2022-12-27,1176.244384765625,1462244
2022-12-28,1187.7882080078125,2834356
2022-12-29,1204.4190673828125,3134405
2022-12-30,1193.60888671875,1767556
2023-01-02,1199.7232666015625,2587946
2023-01-03,1214.0062255859375,2195814
2023-01-04,1196.5438232421875,8001367
2023-01-05,1189.4512939453125,2364186
2023-01-06,1156.2384033203125,3029739
2023-01-09,1192.1905517578125,2836421
2023-01-10,1200.897216796875,2442613
2023-01-11,1186.9075927734375,2675249
2023-01-12,1182.896728515625,1862790
2023-01-13,1207.5985107421875,2184432
2023-01-16,1212.3431396484375,2398823
2023-01-17,1203.6363525390625,1803413
2023-01-18,1196.4459228515625,1865108
2023-01-19,1174.4835205078125,9691261
2023-01-20,1176.3421630859375,4144033
2023-01-23,1178.5433349609375,1848813
2023-01-24,1185.9783935546875,2472106
2023-01-25,1131.04736328125,3420414
2023-01-27,1092.1605224609375,4781085
2023-01-30,1065.4044189453125,7991091
2023-01-31,1059.436767578125,6080048
2023-02-01,1019.2290649414062,7563064
2023-02-02,1052.5399169921875,4494575
2023-02-03,1079.589599609375,9207051
2023-02-06,1104.6336669921875,2865938
2023-02-07,1118.0850830078125,3603258
2023-02-08,1120.48193359375,1675932
2023-02-09,1138.5313720703125,2284751
2023-02-10,1135.98779296875,2126093
2023-02-13,1132.221435546875,2112106
2023-02-14,1131.7322998046875,2433798
2023-02-15,1124.6396484375,2050158
2023-02-16,1123.416748046875,1918858
2023-02-17,1090.4974365234375,3146155
2023-02-20,1085.214599609375,1613608
2023-02-21,1077.82861328125,1767689
2023-02-22,1069.0240478515625,1983022
2023-02-23,1052.246337890625,3193602
2023-02-24,1055.71923828125,1862986
2023-02-27,1058.45849609375,2047252
2023-02-28,1054.30078125,1360243
2023-03-01,1076.556884765625,4006038
2023-03-02,1078.1221923828125,3831094
2023-03-03,1101.943359375,3365349
2023-03-06,1096.269287109375,3623590
2023-03-08,1148.75439453125,7227479
2023-03-09,1144.401123046875,3086720
2023-03-10,1119.94384765625,3255900
2023-03-13,1037.0828857421875,12242080
2023-03-14,1040.898193359375,5410127
2023-03-15,1021.6749267578125,4117107
2023-03-16,995.7012939453125,9261210
2023-03-17,998.3427124023438,5324960
2023-03-20,980.5379028320312,5439347
2023-03-21,1000.6416625976562,6200518
2023-03-22,1008.7615356445312,2992139
2023-03-23,996.1415405273438,3703523
2023-03-24,987.6304321289062,2709449
2023-03-27,990.8588256835938,2116764
2023-03-28,1013.6529541015625,4396283
2023-03-29,1034.1480712890625,5803091
2023-03-31,1044.762451171875,3097113
2023-04-03,1055.327880859375,1534155
2023-04-05,1044.0286865234375,2979782
2023-04-06,1058.5074462890625,3458673
2023-04-10,1046.0831298828125,1602094
2023-04-11,1050.876708984375,1932390
2023-04-12,1051.414794921875,3005913
2023-04-13,1085.214599609375,6082307
2023-04-17,1099.9378662109375,5360050
2023-04-18,1121.998291015625,4455007
2023-04-19,1096.07373046875,2207739
2023-04-20,1101.7476806640625,2530597
2023-04-21,1092.111572265625,1894300
2023-04-24,1078.0731201171875,7711772
2023-04-25,1097.3944091796875,5268567
2023-04-26,1113.095947265625,2688362
2023-04-27,1119.89501953125,2990958
2023-04-28,1127.770263671875,2239678
2023-05-02,1125.9114990234375,2000569
2023-05-03,1121.2646484375,1816420
2023-05-04,1109.96533203125,2752160
2023-05-05,1049.9964599609375,8504838
2023-05-08,1101.8944091796875,6764292
2023-05-09,1115.8350830078125,4181498
2023-05-10,1147.0914306640625,6466598
2023-05-11,1161.6678466796875,6086958
2023-05-12,1182.4075927734375,3983609
2023-05-15,1193.0709228515625,3323300
2023-05-16,1193.8045654296875,2888698
2023-05-17,1209.310546875,4661849
2023-05-18,1212.000732421875,2489971
2023-05-19,1220.9031982421875,2366675
2023-05-22,1219.0933837890625,2106351
2023-05-23,1232.8382568359375,2142459
2023-05-24,1244.1375732421875,2782379
2023-05-25,1235.9688720703125,2589092
2023-05-26,1240.517822265625,1981580
2023-05-29,1257.0509033203125,2985334
2023-05-30,1265.1707763671875,1818000
2023-05-31,1258.6650390625,2764078
2023-06-01,1262.1380615234375,3244947
2023-06-02,1274.0556640625,1912458
2023-06-05,1287.5064697265625,3040374
2023-06-06,1291.6602783203125,2902701
2023-06-07,1296.8031005859375,2679118
2023-06-08,1289.5338134765625,3215312
2023-06-09,1316.435302734375,4233651
2023-06-12,1317.81982421875,1904622
2023-06-13,1321.578125,3756073
2023-06-14,1308.7208251953125,2858453
2023-06-15,1282.85791015625,5952095
2023-06-16,1299.5723876953125,3508045
2023-06-19,1287.11083984375,2679485
2023-06-20,1284.1436767578125,2102065
2023-06-21,1272.4732666015625,1490552
2023-06-22,1258.725830078125,3185099
2023-06-23,1294.33056640625,4636121
2023-06-26,1300.6109619140625,2236596
2023-06-27,1301.5009765625,2638788
2023-06-28,1319.40234375,5550351
2023-06-30,1359.5565185546875,4590286
2023-07-03,1365.19384765625,2890340
2023-07-04,1352.336669921875,2262047
2023-07-05,1384.18310546875,5288351
2023-07-06,1374.9356689453125,3337234
2023-07-07,1342.19921875,2922616
2023-07-10,1351.990478515625,1941110
2023-07-11,1365.7872314453125,2110648
2023-07-12,1356.3916015625,4921224
2023-07-13,1361.1884765625,5174896
2023-07-14,1361.8807373046875,3885754
2023-07-17,1375.232421875,4003275
2023-07-18,1374.9852294921875,4106331
2023-07-19,1403.9635009765625,8850582
2023-07-20,1409.5020751953125,4491531
2023-07-21,1391.8974609375,2138540
2023-07-24,1419.9361572265625,2738185
2023-07-25,1399.908447265625,2982900
2023-07-26,1412.02392578125,1537232
2023-07-27,1400.056884765625,3362598
2023-07-28,1386.556640625,1565680
2023-07-31,1402.1832275390625,1721385
2023-08-01,1379.2874755859375,1578914
2023-08-02,1366.083984375,1913777
2023-08-03,1349.5179443359375,3631489
2023-08-04,1394.1226806640625,4063355
2023-08-07,1399.710693359375,2792582
2023-08-08,1388.5347900390625,1846797
2023-08-09,1392.9853515625,1218020
2023-08-10,1414.4964599609375,3730443
2023-08-11,1381.9083251953125,3074690
2023-08-14,1373.6500244140625,1783022
2023-08-16,1365.5400390625,2051360
2023-08-17,1359.2103271484375,3329471
2023-08-18,1356.6387939453125,1720129
2023-08-21,1382.452392578125,1763990
2023-08-22,1385.7655029296875,1224910
2023-08-23,1385.6171875,1681561
2023-08-24,1409.5020751953125,3559546
2023-08-25,1385.7655029296875,1862535
2023-08-28,1393.974365234375,1072295
2023-08-29,1384.7764892578125,1831565
2023-08-30,1377.1610107421875,1500390
2023-08-31,1363.01806640625,4106180
2023-09-01,1400.9964599609375,2792033
2023-09-04,1406.1888427734375,998692
2023-09-05,1408.117431640625,1469938
2023-09-06,1393.1832275390625,4046484
2023-09-07,1423.7933349609375,2278316
2023-09-08,1432.9417724609375,2862657
2023-09-11,1434.27685546875,2220230
2023-09-12,1413.4581298828125,1943026
2023-09-13,1439.07373046875,4302942
2023-09-14,1442.238525390625,2407947
2023-09-15,1434.0791015625,1647901
2023-09-18,1440.9034423828125,1504046
2023-09-20,1424.6339111328125,5683215
2023-09-21,1395.8040771484375,2514377
2023-09-22,1436.9473876953125,4397398
2023-09-25,1426.9088134765625,2013653
2023-09-26,1407.4251708984375,2870137
2023-09-27,1420.6778564453125,3697690
2023-09-28,1397.4854736328125,5876746
2023-09-29,1413.161376953125,2593595
2023-10-03,1419.6395263671875,1442499
2023-10-04,1385.9139404296875,3978667
2023-10-05,1386.457763671875,1647175
2023-10-06,1419.046142578125,2167139
2023-10-09,1412.86474609375,1613546
2023-10-10,1404.9525146484375,1874201
2023-10-11,1405.5953369140625,1855211
2023-10-12,1408.6119384765625,2069952
2023-10-13,1447.628662109375,4480890
2023-10-16,1430.5186767578125,1913782
2023-10-17,1420.23291015625,1373704
2023-10-18,1404.754638671875,3067244
2023-10-19,1434.42529296875,13948984
2023-10-20,1452.9693603515625,5135316
2023-10-23,1419.243896484375,3319090
2023-10-25,1397.188720703125,4045910
2023-10-26,1399.1173095703125,4194418
2023-10-27,1425.4747314453125,2424655
2023-10-30,1438.6781005859375,2255111
2023-10-31,1425.4747314453125,1454345
2023-11-01,1416.8702392578125,2658439
2023-11-02,1445.1561279296875,4524652
2023-11-03,1434.326416015625,3052041
2023-11-06,1454.1068115234375,2090640
2023-11-07,1470.0794677734375,2830149
2023-11-08,1472.6014404296875,3210977
2023-11-09,1490.7994384765625,3207721
2023-11-10,1482.3433837890625,2247500
2023-11-13,1493.0247802734375,2026629
2023-11-15,1477.5465087890625,6293703
2023-11-16,1482.195068359375,2728834
2023-11-17,1481.9971923828125,4182376
2023-11-20,1488.2774658203125,2125867
2023-11-21,1485.5577392578125,1661103
2023-11-22,1454.2552490234375,3914008
2023-11-23,1469.78271484375,3832098
2023-11-24,1459.991455078125,2813844
2023-11-28,1461.32666015625,4305915
2023-11-29,1467.2608642578125,3477076
2023-11-30,1450.0023193359375,45549217
2023-12-01,1445.0079345703125,4063279
2023-12-04,1498.019287109375,4254987
2023-12-05,1490.0576171875,3457904
2023-12-06,1485.112548828125,3405245
2023-12-07,1488.22802734375,1931490
2023-12-08,1492.3818359375,2568088
2023-12-11,1505.1402587890625,2194782
2023-12-12,1480.5631103515625,1621785
2023-12-13,1490.3543701171875,2562565
2023-12-14,1534.6624755859375,3427500
2023-12-15,1553.5528564453125,3478643
2023-12-18,1539.261474609375,1352458
2023-12-19,1549.3494873046875,2297704
2023-12-20,1539.063720703125,3218717
2023-12-21,1552.7615966796875,2400593
2023-12-22,1545.195556640625,2214206
2023-12-26,1553.5528564453125,1129332
2023-12-27,1579.91015625,1887827
2023-12-28,1592.8663330078125,3143161
2023-12-29,1581.3936767578125,1779207
2024-01-01,1581.2947998046875,1341121
2024-01-02,1558.300048828125,1227193
2024-01-03,1583.569580078125,2620296
2024-01-04,1630.4490966796875,4271262
2024-01-05,1625.1578369140625,2294140
2024-01-08,1609.234619140625,1791003
2024-01-09,1607.256591796875,1619091
2024-01-10,1622.141357421875,1629958
2024-01-11,1639.64697265625,1914421
2024-01-12,1655.61962890625,2161848
2024-01-15,1670.306640625,2930339
2024-01-16,1648.7459716796875,1316138
2024-01-17,1625.8502197265625,6683398
2024-01-18,1595.1905517578125,3557256
2024-01-19,1543.959228515625,10982524
2024-01-23,1425.8702392578125,10097057
2024-01-24,1474.4805908203125,9155544
2024-01-25,1495.3984375,8118578
2024-01-29,1510.0360107421875,3058020
2024-01-30,1503.211669921875,1721705
2024-01-31,1517.206298828125,3867886
2024-02-01,1524.2283935546875,2240634
2024-02-02,1516.9095458984375,3554450
2024-02-05,1520.9151611328125,2624023
2024-02-06,1494.8050537109375,3312270
2024-02-07,1498.7115478515625,4066189
2024-02-08,1461.0794677734375,2931291
2024-02-09,1469.93115234375,2388841
2024-02-12,1431.260498046875,2821957
2024-02-13,1447.8265380859375,4601482
2024-02-14,1465.2332763671875,4208176
2024-02-15,1460.733154296875,1906763
2024-02-16,1477.2498779296875,1844045
2024-02-19,1467.3101806640625,1209609
2024-02-20,1487.6839599609375,2390096
2024-02-21,1500.5908203125,5259113
2024-02-22,1472.79931640625,4969478
2024-02-23,1464.0465087890625,2557861
2024-02-26,1450.39794921875,2077787
2024-02-27,1476.656494140625,2843312
2024-02-28,1433.287841796875,2661887
2024-02-29,1458.705810546875,4216252
2024-03-01,1509.8875732421875,3549401
2024-03-04,1514.486572265625,2985524
2024-03-05,1525.5140380859375,2694157
2024-03-06,1537.481201171875,5167456
2024-03-07,1546.5802001953125,2285176
2024-03-11,1524.1295166015625,1694488
2024-03-12,1516.21728515625,1918571
2024-03-13,1486.151123046875,4165036
2024-03-14,1460.535400390625,3652530
2024-03-15,1468.052001953125,2985042
2024-03-18,1464.4420166015625,2365287
2024-03-19,1418.353759765625,3180412
2024-03-20,1425.7220458984375,5480729
2024-03-21,1467.8046875,3870591
2024-03-22,1495.497314453125,5309042
2024-03-26,1502.0247802734375,9046136
2024-03-27,1516.7117919921875,8408702
2024-03-28,1535.9482421875,3964429
2024-04-01,1525.464599609375,2159432
2024-04-02,1542.2779541015625,2335256
2024-04-03,1525.7119140625,3711781
2024-04-04,1527.4920654296875,6077155
2024-04-05,1535.3548583984375,3286862
2024-04-08,1551.129638671875,2372626
2024-04-09,1537.8768310546875,1176425
2024-04-10,1535.7998046875,2528578
2024-04-12,1538.5692138671875,1749128
2024-04-15,1522.9920654296875,1528341
2024-04-16,1474.5794677734375,3981325
2024-04-18,1458.2113037109375,3856849
2024-04-19,1465.77734375,4311650
2024-04-22,1461.2772216796875,2887202
2024-04-23,1458.3101806640625,1206443
2024-04-24,1458.45849609375,2964953
2024-04-25,1479.6729736328125,3697957
2024-04-26,1430.5186767578125,6135488
2024-04-29,1470.920166015625,5463640
2024-04-30,1499.0577392578125,6293171
2024-05-02,1488.6729736328125,2554549
2024-05-03,1467.4090576171875,2119368
2024-05-06,1481.0576171875,2600170
2024-05-07,1436.6011962890625,1884596
2024-05-08,1426.6614990234375,5278612
2024-05-09,1386.0621337890625,3272042
2024-05-10,1394.666748046875,1575172
2024-05-13,1389.1282958984375,3624862
2024-05-14,1405.3975830078125,1279355
2024-05-15,1401.5404052734375,2516309
2024-05-16,1393.2821044921875,5666243
2024-05-17,1396.842529296875,3673405
2024-05-21,1391.0567626953125,3010012
2024-05-22,1389.5238037109375,6739695
2024-05-23,1425.029541015625,6444146
2024-05-24,1425.96923828125,2155290
2024-05-27,1449.0133056640625,3253683
2024-05-28,1443.326416015625,2381333
2024-05-29,1444.2166748046875,4383563
2024-05-30,1430.914306640625,3415942
2024-05-31,1445.799072265625,3546505
2024-06-03,1512.904052734375,8265525
2024-06-04,1376.221435546875,7911282
2024-06-05,1484.4697265625,11014467
2024-06-06,1464.837646484375,3279775
2024-06-07,1475.7169189453125,3964791
2024-06-10,1469.5355224609375,2416022
2024-06-11,1464.788330078125,1737873
2024-06-12,1467.953125,5419536
2024-06-13,1490.7005615234375,2446832
2024-06-14,1485.8543701171875,2706742
2024-06-18,1491.343505859375,2811967
2024-06-19,1511.4205322265625,11002582
2024-06-20,1511.0743408203125,3589441
2024-06-21,1510.382080078125,5249389
2024-06-24,1474.03564453125,4609137
2024-06-25,1479.1290283203125,3309896
2024-06-26,1481.4532470703125,5605220
2024-06-27,1486.25,5166134
2024-06-28,1464.5,6425323
2024-07-01,1456.9000244140625,3166439
2024-07-02,1429.449951171875,4644571
2024-07-03,1455.5,5907225
2024-07-04,1442.8499755859375,3010077
2024-07-05,1434.25,4216309
2024-07-08,1438.050048828125,2772277
2024-07-09,1434.25,3126274
2024-07-10,1425.949951171875,3979121
2024-07-11,1429.75,2416195
2024-07-12,1434.550048828125,3340305
2024-07-15,1444.050048828125,4284427
2024-07-16,1445.9000244140625,2284985
2024-07-18,1456.9000244140625,3634938
2024-07-19,1432.449951171875,2981749
2024-07-22,1423.4000244140625,2883674
2024-07-23,1413.199951171875,3054925
2024-07-24,1396.6500244140625,5553500
2024-07-25,1379.0999755859375,3631639
2024-07-26,1403.9000244140625,3607419
2024-07-29,1411.5,5955870
2024-07-30,1429.699951171875,2158067
2024-07-31,1427.800048828125,3926481
2024-08-01,1419.8499755859375,4074181
2024-08-02,1404.300048828125,3268026
2024-08-05,1389.449951171875,3532894
2024-08-06,1381.0,2425599
2024-08-07,1345.1500244140625,8728852
2024-08-08,1347.300048828125,3669342
2024-08-09,1349.800048828125,5082087
2024-08-12,1350.8499755859375,4436342
2024-08-13,1350.5999755859375,3905817
2024-08-14,1338.0999755859375,4868357
2024-08-16,1364.1500244140625,5456176
2024-08-19,1347.5999755859375,5895105
2024-08-20,1381.300048828125,5507239
2024-08-21,1384.0,5441231
2024-08-22,1381.9000244140625,3510879
2024-08-23,1388.550048828125,2252945
2024-08-26,1384.5,2541300
2024-08-27,1383.199951171875,1167406
2024-08-28,1415.75,6532773
2024-08-29,1417.449951171875,3316387
2024-08-30,1425.25,2792988
2024-09-02,1449.050048828125,4024426
2024-09-03,1436.699951171875,2351018
2024-09-04,1434.4000244140625,2919356
2024-09-05,1422.9000244140625,3427784
2024-09-06,1409.3499755859375,2608515
2024-09-09,1428.0999755859375,1802343
2024-09-10,1435.550048828125,2414043
2024-09-11,1421.199951171875,2622902
2024-09-12,1443.3499755859375,2437399
2024-09-13,1464.050048828125,2999055
2024-09-16,1470.199951171875,1495683
2024-09-17,1466.3499755859375,1866702
2024-09-18,1480.25,3966006
2024-09-19,1484.75,3861906
2024-09-20,1480.199951171875,5335400
2024-09-23,1465.0999755859375,4610747
2024-09-24,1448.300048828125,3893140
2024-09-25,1439.5,3012173
2024-09-26,1452.699951171875,3388674
2024-09-27,1462.699951171875,4708951
2024-09-30,1447.5999755859375,2888962
2024-10-01,1409.699951171875,3377999
2024-10-03,1387.75,2081630
2024-10-04,1382.8499755859375,2178195
2024-10-07,1350.8499755859375,3878973
2024-10-08,1359.550048828125,2429248
2024-10-09,1341.550048828125,5269772
2024-10-10,1356.4000244140625,1673393
2024-10-11,1347.5999755859375,2755874
2024-10-14,1370.449951171875,1381439
2024-10-15,1360.9000244140625,2775029
2024-10-16,1346.300048828125,2126519
2024-10-17,1347.3499755859375,1353852
2024-10-18,1347.25,3676670
2024-10-21,1308.25,5862686
2024-10-22,1274.3499755859375,4183194
2024-10-23,1274.300048828125,4860497
2024-10-24,1280.050048828125,2441333
2024-10-25,1041.5999755859375,56935420
2024-10-28,1054.800048828125,11099823
2024-10-29,1038.1500244140625,7951124
2024-10-30,1056.4000244140625,8907271
2024-10-31,1055.5999755859375,4509824
2024-11-01,1062.5,441083
2024-11-04,1063.800048828125,5143749
2024-11-05,1090.0999755859375,4840541
2024-11-06,1077.6500244140625,7153974
2024-11-07,1056.800048828125,4901367
2024-11-08,1053.800048828125,2107903
2024-11-11,1060.800048828125,4918839
2024-11-12,1059.550048828125,2186055
2024-11-13,1036.699951171875,4850346
2024-11-14,1017.1500244140625,2612235
2024-11-18,1004.5999755859375,5427908
2024-11-19,1000.2000122070312,5718490
2024-11-21,981.4500122070312,6606440
2024-11-22,998.2000122070312,4026863
2024-11-25,1003.5,6491357
2024-11-26,1009.5999755859375,2390208
2024-11-27,1001.9500122070312,4798242
2024-11-28,993.5999755859375,4822835
2024-11-29,995.8499755859375,4815934
2024-12-02,990.9500122070312,4969967
2024-12-03,998.3499755859375,4665094
2024-12-04,998.8499755859375,4256690
2024-12-05,998.2000122070312,5254145
2024-12-06,990.3499755859375,6258019
2024-12-09,982.5999755859375,3565285
2024-12-10,984.2999877929688,3843321
2024-12-11,984.8499755859375,4679888
2024-12-12,997.9500122070312,5771673
2024-12-13,986.6500244140625,5674567
2024-12-16,999.3499755859375,3058066
2024-12-17,975.6500244140625,3294161
2024-12-18,965.2000122070312,2958191
2024-12-19,964.4000244140625,3665813
2024-12-20,929.4500122070312,4466131
2024-12-23,945.7000122070312,2502370
2024-12-24,935.2999877929688,5603093
2024-12-26,931.9500122070312,5262262
2024-12-27,953.4000244140625,6300341
2024-12-30,963.5,8165774
2024-12-31,960.1500244140625,2295670
2025-01-01,969.4000244140625,4024591
2025-01-02,991.3499755859375,3956740
2025-01-03,997.9000244140625,5896120
2025-01-06,970.0499877929688,3370654
2025-01-07,983.5999755859375,3581533
2025-01-08,981.0499877929688,3781895
2025-01-09,980.9000244140625,3134034
2025-01-10,937.5999755859375,5611356
2025-01-13,941.7000122070312,8752532
2025-01-14,962.0999755859375,5735697
2025-01-15,962.4500122070312,3633812
2025-01-16,975.3499755859375,3948431
2025-01-17,970.9500122070312,3066978
2025-01-20,970.7000122070312,4485164
2025-01-21,960.4500122070312,3369291
2025-01-22,970.9500122070312,2639472
2025-01-23,970.9500122070312,3359986
2025-01-24,950.7999877929688,2938649
2025-01-27,926.4500122070312,3907787
2025-01-28,934.1500244140625,5708478
2025-01-29,948.2999877929688,2571504
2025-01-30,957.0499877929688,4509409
2025-01-31,991.2000122070312,5365839
2025-02-01,1009.4000244140625,6054296
2025-02-03,1012.7000122070312,3655089
2025-02-04,1047.1500244140625,9861468
2025-02-05,1061.199951171875,5000442
2025-02-06,1065.550048828125,3889634
2025-02-07,1079.0999755859375,3975043
2025-02-10,1068.0,4457091
2025-02-11,1054.1500244140625,4109028
2025-02-12,1039.6500244140625,4798340
2025-02-13,1047.25,4539780
2025-02-14,1024.4000244140625,4036016
2025-02-17,1048.25,2795714
2025-02-18,1024.0999755859375,2620716
2025-02-19,1035.800048828125,2464555
2025-02-20,1047.6500244140625,1819683
2025-02-21,1043.75,2589619
2025-02-24,1029.1500244140625,3074297
2025-02-25,1034.25,3628538
2025-02-27,1046.699951171875,5951737
2025-02-28,990.0999755859375,55666745
2025-03-03,984.0,6158061
2025-03-04,987.5999755859375,3271190
2025-03-05,971.8499755859375,3944062
2025-03-06,971.7000122070312,3928358
2025-03-07,936.75,7737031
2025-03-10,900.5,16014401
2025-03-11,655.9500122070312,101075220
2025-03-12,684.7000122070312,108682122
2025-03-13,672.3499755859375,31592987
2025-03-17,677.4000244140625,22353102
2025-03-18,677.4000244140625,0
2025-03-19,692.7000122070312,11120576
2025-03-20,684.0999755859375,8918567
2025-03-21,686.9000244140625,14265415
2025-03-24,669.4500122070312,14649992
2025-03-25,637.0499877929688,18615476
2025-03-26,655.2999877929688,23506399
2025-03-27,673.5499877929688,21589495
2025-03-28,649.8499755859375,8807815
2025-04-01,682.7000122070312,14019630
2025-04-02,702.4500122070312,14993840
2025-04-03,709.4000244140625,6972769
2025-04-04,682.0,9627949
2025-04-07,675.9000244140625,9382614
2025-04-08,679.6500244140625,5639989
2025-04-09,678.5499877929688,4243562
2025-04-11,689.5,5019467
2025-04-15,735.9000244140625,12452925
2025-04-16,788.25,31252589
2025-04-17,794.7000122070312,13986710
2025-04-21,828.2000122070312,15639685
2025-04-22,787.5,25698945
2025-04-23,794.2000122070312,10657940
2025-04-24,819.75,22577201
2025-04-25,822.3499755859375,11724192
2025-04-28,830.5499877929688,6929801
2025-04-29,836.9500122070312,8769289
2025-04-30,838.4000244140625,20241775
2025-05-02,856.4500122070312,7845964
2025-05-05,846.75,7875811
2025-05-06,831.7999877929688,10040705
2025-05-07,833.7999877929688,9432595
2025-05-08,826.7999877929688,13290700
2025-05-09,818.2000122070312,5074137
2025-05-12,788.5,14573162
2025-05-13,770.0999755859375,10848937
2025-05-14,781.3499755859375,9164606
2025-05-15,780.5,7350633
2025-05-16,780.2000122070312,27168178
2025-05-19,784.0499877929688,7193105
2025-05-20,782.25,6637953
2025-05-21,769.9500122070312,8134620
2025-05-22,785.0,43477564
2025-05-23,793.4000244140625,9260373
2025-05-26,800.0999755859375,5381797
2025-05-27,820.7000122070312,10346628
2025-05-28,805.1500244140625,5308859
2025-05-29,824.1500244140625,8791159
2025-05-30,816.9500122070312,5630146
2025-06-02,812.7000122070312,4094000
2025-06-03,800.8499755859375,3241313
2025-06-04,814.3499755859375,3877545
2025-06-05,803.2000122070312,3366237
2025-06-06,822.8499755859375,10916786
2025-06-09,836.6500244140625,6894267
2025-06-10,845.0499877929688,10162134
2025-06-11,836.2999877929688,2359273
2025-06-12,829.9000244140625,2742462
2025-06-13,816.8499755859375,3164561
2025-06-16,821.25,2286257
2025-06-17,809.1500244140625,2343961
2025-06-18,850.5,20826809
2025-06-19,837.5,4363823
2025-06-20,840.25,20961217
2025-06-23,839.9000244140625,3191499
2025-06-24,831.9500122070312,5482589
2025-06-25,829.7999877929688,4946637
2025-06-26,836.0999755859375,4451922
2025-06-27,857.7000122070312,12647856
2025-06-30,872.0999755859375,4353159
2025-07-01,879.0999755859375,5729474
2025-07-02,857.6500244140625,10183147
2025-07-03,862.4000244140625,3855070
2025-07-04,856.25,2658812
2025-07-07,854.4500122070312,3295065
2025-07-08,850.2999877929688,2344400
2025-07-09,840.75,2406142
2025-07-10,852.8499755859375,2560806
2025-07-11,858.8499755859375,3849544
2025-07-14,867.5999755859375,3605770
2025-07-15,881.0,3532750
2025-07-16,879.75,2863446
2025-07-17,865.0999755859375,4185118
2025-07-18,870.0499877929688,2622714
2025-07-21,858.7999877929688,6765856
2025-07-22,843.2000122070312,7686762
2025-07-23,851.1500244140625,2623940
2025-07-24,847.9000244140625,2006984
2025-07-25,823.7000122070312,2805230
2025-07-28,802.0499877929688,5922408
2025-07-29,808.2000122070312,16766666
2025-07-30,801.9000244140625,3218643
2025-07-31,798.9000244140625,4480429
2025-08-01,783.7000122070312,4739250
2025-08-04,804.0499877929688,2980888
2025-08-05,819.1500244140625,18982770
2025-08-06,803.3499755859375,5249912
2025-08-07,807.3499755859375,2553303
2025-08-08,782.4500122070312,2490574
2025-08-11,783.25,1629229
2025-08-12,783.0499877929688,1462522
2025-08-13,773.4500122070312,4114205
2025-08-14,769.75,1859573
2025-08-18,788.6500244140625,3029689
2025-08-19,785.5,2807872
2025-08-20,778.2000122070312,2332155
2025-08-21,767.4500122070312,3324022
2025-08-22,760.0999755859375,2483587
2025-08-25,770.8499755859375,2790762
2025-08-26,756.4000244140625,3306397
2025-08-28,746.5999755859375,3085661
2025-08-29,739.5,2538543
2025-09-01,752.8499755859375,1436082
2025-09-02,751.2000122070312,1330606
2025-09-03,768.0999755859375,1933362
2025-09-04,754.8499755859375,1401421
2025-09-05,757.0499877929688,2873689
2025-09-08,750.75,2330647
2025-09-09,746.1500244140625,1347461
2025-09-10,751.25,1350420
2025-09-11,748.5999755859375,975314
2025-09-12,740.5,1853165
2025-09-15,739.9000244140625,1499071
2025-09-16,742.25,2892657
2025-09-17,739.0499877929688,2280605
2025-09-18,735.4500122070312,2280312
2025-09-19,744.4000244140625,8190278
2025-09-22,734.2999877929688,1884250
2025-09-23,755.25,4501893
2025-09-24,740.75,2993982
2025-09-25,740.75,3037406
2025-09-26,712.75,5779485
2025-09-29,723.4000244140625,41100690
2025-09-30,735.5499877929688,3965781
2025-10-01,743.1500244140625,4127017
2025-10-03,747.4000244140625,4112610
2025-10-06,739.2999877929688,5118797
2025-10-07,749.0,4348518
2025-10-08,740.9500122070312,4238626
2025-10-09,749.1500244140625,3506978
2025-10-10,763.3499755859375,5386722
2025-10-13,759.9000244140625,2906803
2025-10-14,750.4000244140625,1833516
2025-10-15,740.0999755859375,2333738
2025-10-16,739.5,3056360
2025-10-17,751.0,4770012
2025-10-20,759.75,9184006
2025-10-21,758.4500122070312,350896
2025-10-23,759.5999755859375,5363491
2025-10-24,755.0499877929688,2001556
2025-10-27,770.0499877929688,3590863
2025-10-28,799.75,8948361
2025-10-29,807.4500122070312,4077629
2025-10-30,800.9500122070312,4103276
2025-10-31,794.7999877929688,3511425
2025-11-03,796.9000244140625,2640561
2025-11-04,790.2000122070312,3505823
2025-11-06,786.2000122070312,2640541
2025-11-07,797.25,2079256
2025-11-10,799.3499755859375,1894738
2025-11-11,826.0999755859375,7150449
2025-11-12,864.4000244140625,11714519
2025-11-13,863.4500122070312,9325204
2025-11-14,848.25,4460991
2025-11-17,854.0499877929688,4019335
2025-11-18,847.9500122070312,1958051
2025-11-19,839.5999755859375,2317710
2025-11-20,829.4000244140625,5136903
2025-11-21,846.5499877929688,7304707
2025-11-24,836.0499877929688,5082933
2025-11-25,839.9000244140625,3021941
2025-11-26,850.7000122070312,2939823
2025-11-27,857.4500122070312,3016014
2025-11-28,858.5499877929688,2901007
2025-12-01,847.1500244140625,3019328
2025-12-02,850.2999877929688,2674933
2025-12-03,846.9000244140625,2063761
2025-12-04,863.0,4259999
2025-12-05,870.0999755859375,3377823
2025-12-08,841.4000244140625,2015558
2025-12-09,844.3499755859375,3015385
2025-12-10,833.8499755859375,2623610
2025-12-11,835.5499877929688,2810755
2025-12-12,846.1500244140625,3492109
2025-12-15,851.25,2458486
2025-12-16,845.0499877929688,2811166
2025-12-17,833.8499755859375,3107473
2025-12-18,834.9000244140625,1537403
2025-12-19,844.7000122070312,7000947
2025-12-22,856.4000244140625,2387606
2025-12-23,849.9000244140625,1628642
2025-12-24,848.0499877929688,1947886
2025-12-26,849.8499755859375,4257972
2025-12-29,839.5999755859375,1907670
2025-12-30,841.5,4409838
2025-12-31,864.2000122070312,2887744
2026-01-01,890.2000122070312,4244931
2026-01-02,902.4500122070312,6250730
2026-01-05,899.9500122070312,2521435
2026-01-06,914.25,8308942
2026-01-07,897.8499755859375,2952528
2026-01-08,883.4500122070312,3567518
2026-01-09,882.25,2515780
2026-01-12,905.4500122070312,4015935
2026-01-13,910.5499877929688,3958844
2026-01-14,944.5,11559313
2026-01-15,944.5,0
2026-01-16,953.8499755859375,10345071
2026-01-19,949.7999877929688,5455304
2026-01-20,905.1500244140625,6701234
2026-01-21,907.1500244140625,3567143
2026-01-22,902.4500122070312,2338485
2026-01-23,892.4500122070312,5907525
2026-01-27,894.75,8419598
2026-01-28,901.7000122070312,2982683
2026-01-29,898.4000244140625,4382116
2026-01-30,896.0999755859375,2867342
2026-02-02,910.25,3762702
2026-02-03,922.4000244140625,9608114
2026-02-04,921.2999877929688,2883259
2026-02-05,914.4000244140625,2552518
2026-02-06,903.5999755859375,2711855
2026-02-09,927.9000244140625,6863941
2026-02-10,927.5999755859375,2768617
2026-02-11,925.0,2473671
2026-02-12,922.7000122070312,3082642
2026-02-13,926.0499877929688,2860622
2026-02-16,931.9000244140625,2098887
2026-02-17,943.7999877929688,6284594
2026-02-18,944.6500244140625,3474257
2026-02-19,927.3499755859375,2641817
2026-02-20,926.0499877929688,6462199
2026-02-23,919.75,4217172
