date,adj_close,volume
2015-01-01,367.7708435058594,2002764
2015-01-02,374.9980773925781,6778320
2015-01-05,371.7755126953125,9937024
2015-01-06,364.0081787109375,9667316
2015-01-07,365.74981689453125,7249916
2015-01-08,367.5938415527344,13564920
2015-01-09,386.40704345703125,44863328
2015-01-12,394.1372375488281,12758888
2015-01-13,389.0986328125,8801236
2015-01-14,396.5028381347656,9921260
2015-01-15,397.5460205078125,8342452
2015-01-16,394.57501220703125,6690960
2015-01-19,391.6319274902344,4087744
2015-01-20,395.6739807128906,6804504
2015-01-21,404.18646240234375,8494908
2015-01-22,409.1319885253906,9958396
2015-01-23,412.5965270996094,9486328
2015-01-27,397.965087890625,13739968
2015-01-28,399.4645080566406,13134356
2015-01-29,399.6414794921875,15369424
2015-01-30,398.97088623046875,10833744
2015-02-02,398.0303039550781,8702540
2015-02-03,395.059326171875,5265956
2015-02-04,399.1479187011719,5160016
2015-02-05,408.6383972167969,11875936
2015-02-06,415.4744873046875,7453728
2015-02-09,418.90179443359375,6536868
2015-02-10,424.3782653808594,8516920
2015-02-11,425.59820556640625,5796972
2015-02-12,430.5065002441406,6287536
2015-02-13,427.6936950683594,5657516
2015-02-16,424.4620361328125,6244276
2015-02-18,427.7682800292969,8613764
2015-02-19,433.02105712890625,9673624
2015-02-20,425.2723693847656,6971628
2015-02-23,422.0125427246094,5090488
2015-02-24,423.3536376953125,6437676
2015-02-25,431.6985778808594,6044972
2015-02-26,420.61553955078125,6445776
2015-02-27,422.0404052734375,7801076
2015-03-02,426.8742370605469,7040992
2015-03-03,428.019775390625,4905552
2015-03-04,423.6982116699219,4375228
2015-03-05,418.65960693359375,5684916
2015-03-09,407.9397888183594,7984720
2015-03-10,409.420654296875,6329916
2015-03-11,406.4776916503906,6780912
2015-03-12,413.2020568847656,5688564
2015-03-13,413.5931091308594,6179684
2015-03-16,422.20806884765625,6818632
2015-03-17,417.337158203125,5539312
2015-03-18,415.2881164550781,4905564
2015-03-19,415.46514892578125,6891740
2015-03-20,420.4944152832031,6430896
2015-03-23,416.0240173339844,5078700
2015-03-24,411.9260559082031,6736532
2015-03-25,413.3510437011719,6170968
2015-03-26,399.7999267578125,15740840
2015-03-27,410.1936340332031,10074220
2015-03-30,415.00872802734375,4623088
2015-03-31,413.2113342285156,8016412
2015-04-01,404.9408874511719,6738488
2015-04-06,405.7325439453125,7741752
2015-04-07,402.2492370605469,8542268
2015-04-08,409.8957214355469,10185576
2015-04-09,412.5872802734375,10581548
2015-04-10,416.11712646484375,7123776
2015-04-13,417.0205078125,4872336
2015-04-15,412.34515380859375,6237784
2015-04-16,408.79669189453125,9007812
2015-04-17,405.9281311035156,6450316
2015-04-20,397.1547546386719,12825384
2015-04-21,399.101318359375,8881648
2015-04-22,398.1885986328125,12350984
2015-04-23,395.26422119140625,11891800
2015-04-24,371.64520263671875,43565452
2015-04-27,369.6800842285156,19822640
2015-04-28,365.2561340332031,10393500
2015-04-29,365.3027648925781,8289056
2015-04-30,361.7822265625,13134260
2015-05-04,371.25408935546875,13361592
2015-05-05,365.60076904296875,9408516
2015-05-06,358.0196228027344,10508408
2015-05-07,362.10821533203125,6779984
2015-05-08,364.7065734863281,5777676
2015-05-11,371.35650634765625,4785512
2015-05-12,362.6856384277344,8284892
2015-05-13,364.473876953125,7099084
2015-05-14,360.3945617675781,6233844
2015-05-15,365.41448974609375,5189344
2015-05-18,371.2447814941406,6469976
2015-05-19,376.702392578125,10272076
2015-05-20,381.3498229980469,5882188
2015-05-21,381.5639953613281,10059312
2015-05-22,381.1915283203125,6888824
2015-05-25,375.668701171875,4675808
2015-05-26,373.89910888671875,3965040
2015-05-27,366.6717834472656,8454708
2015-05-28,375.63140869140625,10980540
2015-05-29,376.85137939453125,18993044
2015-06-01,381.4429626464844,5724892
2015-06-02,374.1505432128906,4673140
2015-06-03,376.4323425292969,5495796
2015-06-04,377.76416015625,7489464
2015-06-05,374.7093505859375,6125788
2015-06-08,372.54864501953125,6141048
2015-06-09,371.0677795410156,7561740
2015-06-10,377.4754943847656,6385840
2015-06-11,372.1015625,9229464
2015-06-12,367.891845703125,9852924
2015-06-15,374.5762939453125,5236426
2015-06-16,377.9422302246094,5223444
2015-06-17,376.56182861328125,6412068
2015-06-18,378.925537109375,3474426
2015-06-19,376.429443359375,6670458
2015-06-22,387.2078552246094,5710868
2015-06-23,378.33935546875,6952116
2015-06-24,376.3349304199219,7073694
2015-06-25,374.5762939453125,7117466
2015-06-26,380.17352294921875,5320284
2015-06-29,374.4629211425781,5690668
2015-06-30,372.2694396972656,6212530
2015-07-01,377.2047424316406,6880852
2015-07-02,373.6498107910156,4007568
2015-07-03,374.5196533203125,2695306
2015-07-06,371.8723449707031,4305602
2015-07-07,370.81341552734375,3497418
2015-07-08,362.114990234375,7024178
2015-07-09,354.7403869628906,8587772
2015-07-10,354.5513000488281,7411522
2015-07-13,359.33538818359375,6531768
2015-07-14,367.315185546875,5367074
2015-07-15,372.1370849609375,4129566
2015-07-16,374.04693603515625,3472938
2015-07-17,378.8876647949219,3447978
2015-07-20,378.6607666015625,4377180
2015-07-21,420.79095458984375,38310112
2015-07-22,417.1981506347656,12665660
2015-07-23,415.25048828125,7710748
2015-07-24,411.3174133300781,4480302
2015-07-27,402.8837890625,6752244
2015-07-28,401.9571533203125,8476602
2015-07-29,410.48529052734375,7071334
2015-07-30,404.6612854003906,11956598
2015-07-31,407.3275146484375,7931012
2015-08-03,408.04595947265625,7961012
2015-08-04,399.83929443359375,9099054
2015-08-05,410.8446350097656,4753476
2015-08-06,411.0715026855469,7238252
2015-08-07,414.34283447265625,4988058
2015-08-10,410.7121887207031,3992754
2015-08-11,419.4673156738281,7574406
2015-08-12,432.7984924316406,10168440
2015-08-13,437.9418029785156,9787960
2015-08-14,434.632568359375,5109066
2015-08-17,431.9476013183594,3107436
2015-08-18,440.34326171875,4150446
2015-08-19,444.5790100097656,6869518
2015-08-20,429.0732421875,8369114
2015-08-21,434.8784484863281,10822142
2015-08-24,413.000244140625,14122684
2015-08-25,410.579833984375,13735078
2015-08-26,402.6189270019531,11498212
2015-08-27,409.5020446777344,15343392
2015-08-28,420.1859130859375,7208820
2015-08-31,413.8890075683594,9917064
2015-09-01,411.8467102050781,9071550
2015-09-02,415.798828125,11171830
2015-09-03,415.7611083984375,8590536
2015-09-04,406.1549987792969,7318888
2015-09-07,400.4066162109375,5180988
2015-09-08,400.425537109375,5459496
2015-09-09,411.7332763671875,9148664
2015-09-10,408.6132507324219,8363004
2015-09-11,412.5086364746094,9883810
2015-09-14,415.9123229980469,6557076
2015-09-15,415.7043151855469,5291886
2015-09-16,416.6308898925781,7478240
2015-09-18,417.68975830078125,11576876
2015-09-21,417.7654113769531,4351234
2015-09-22,418.82440185546875,9626986
2015-09-23,422.15234375,4758254
2015-09-24,431.3424377441406,13399262
2015-09-28,418.1058654785156,9788464
2015-09-29,424.2702331542969,8699370
2015-09-30,439.4356689453125,9495692
2015-10-01,443.633544921875,10864394
2015-10-05,446.9237976074219,6881760
2015-10-06,436.6558837890625,8711880
2015-10-07,428.5627136230469,9182488
2015-10-08,428.1656494140625,9080874
2015-10-09,441.4967041015625,11782138
2015-10-12,424.66748046875,30404970
2015-10-13,415.7799377441406,15326862
2015-10-14,415.0992431640625,8865510
2015-10-15,415.004638671875,8255666
2015-10-16,417.8861389160156,6418992
2015-10-19,424.3936462402344,7347494
2015-10-20,429.7369384765625,8788310
2015-10-21,434.4886474609375,7278098
2015-10-23,438.8778991699219,6033362
2015-10-26,439.73663330078125,3195942
2015-10-27,438.68707275390625,5263748
2015-10-28,440.1373596191406,5255472
2015-10-29,437.02679443359375,5887324
2015-10-30,433.36279296875,4044676
2015-11-02,431.7407531738281,3544988
2015-11-03,437.1985778808594,3614682
2015-11-04,433.8780517578125,3205572
2015-11-05,428.5729675292969,2345306
2015-11-06,434.4505615234375,3026172
2015-11-09,433.038330078125,6125676
2015-11-10,421.3021240234375,4680052
2015-11-13,420.1380310058594,3520868
2015-11-16,412.27569580078125,6808334
2015-11-17,405.1385498046875,7184106
2015-11-18,389.2994079589844,10125252
2015-11-19,399.9097900390625,8539622
2015-11-20,401.66534423828125,6082978
2015-11-23,402.16156005859375,5616350
2015-11-24,397.37176513671875,4325802
2015-11-26,401.66534423828125,9853968
2015-11-27,406.9896545410156,5142478
2015-11-30,415.214599609375,18105534
2015-12-01,411.8177795410156,5898550
2015-12-02,404.833251953125,6397616
2015-12-03,403.70733642578125,5504726
2015-12-04,400.3868713378906,8375530
2015-12-07,399.318115234375,4513870
2015-12-08,398.6120910644531,5724372
2015-12-09,392.42913818359375,6818254
2015-12-10,399.73797607421875,5587746
2015-12-11,401.8180847167969,5390198
2015-12-14,408.19189453125,4816672
2015-12-15,411.2643737792969,5431808
2015-12-16,418.2487487792969,5495852
2015-12-17,422.54254150390625,4958782
2015-12-18,413.40167236328125,7219820
2015-12-21,421.14947509765625,4331012
2015-12-22,413.6306457519531,4109254
2015-12-23,420.1571350097656,2870928
2015-12-24,418.43963623046875,1230054
2015-12-28,421.6456298828125,5526952
2015-12-29,421.6266174316406,3345062
2015-12-30,414.6038818359375,5153970
2015-12-31,421.8937683105469,7943938
2016-01-01,421.8364562988281,1806550
2016-01-04,411.7795715332031,3975362
2016-01-05,409.928466796875,4949786
2016-01-06,408.1346740722656,5588328
2016-01-07,401.0546875,5294088
2016-01-08,405.82562255859375,3156716
2016-01-11,402.9249267578125,5360622
2016-01-12,400.7303771972656,6565212
2016-01-13,413.4971008300781,8751294
2016-01-14,432.42767333984375,30227006
2016-01-15,435.0611877441406,13036614
2016-01-18,432.0078125,10066612
2016-01-19,434.9657897949219,7500436
2016-01-20,427.943115234375,7507998
2016-01-21,433.9735107421875,6743000
2016-01-22,433.6681213378906,6436018
2016-01-25,434.2024230957031,4579262
2016-01-27,434.5268859863281,6971962
2016-01-28,431.1300048828125,7788598
2016-01-29,444.60284423828125,10232108
2016-02-01,447.82794189453125,4251126
2016-02-02,448.66766357421875,7632702
2016-02-03,441.85479736328125,5245966
2016-02-04,450.2706298828125,5549346
2016-02-05,448.3431091308594,3984224
2016-02-08,439.2212219238281,4221044
2016-02-09,422.75244140625,7579572
2016-02-10,423.0960388183594,5866054
2016-02-11,411.68414306640625,5214378
2016-02-12,413.97406005859375,7408096
2016-02-15,416.6839599609375,5093478
2016-02-16,411.8748779296875,5125448
2016-02-17,419.0121765136719,4164598
2016-02-18,428.7637939453125,4189072
2016-02-19,430.2331848144531,3974018
2016-02-22,430.0041198730469,3857010
2016-02-23,428.9544982910156,2501960
2016-02-24,429.50787353515625,4950714
2016-02-25,423.7639465332031,4484528
2016-02-26,427.9049377441406,4235636
2016-02-29,413.74505615234375,8166076
2016-03-01,429.546142578125,6386154
2016-03-02,441.2060546875,7214898
2016-03-03,446.2822570800781,5814304
2016-03-04,446.7974548339844,4281680
2016-03-08,444.0494079589844,7617746
2016-03-09,449.7936096191406,6305782
2016-03-10,436.0535583496094,24381016
2016-03-11,436.2443542480469,4058548
2016-03-14,435.557373046875,4174262
2016-03-15,432.9620666503906,6720258
2016-03-16,439.85107421875,5588850
2016-03-17,443.4006652832031,6474622
2016-03-18,455.4803771972656,8477422
2016-03-21,456.0529479980469,5138392
2016-03-22,454.1635437011719,7097950
2016-03-23,460.97637939453125,6333176
2016-03-28,459.86944580078125,10787510
2016-03-29,456.94970703125,6995356
2016-03-30,460.2701721191406,5756818
2016-03-31,464.98394775390625,17996320
2016-04-01,460.0792541503906,5511428
2016-04-04,474.6780700683594,4577054
2016-04-05,465.5563659667969,4790716
2016-04-06,458.2664794921875,4931354
2016-04-07,450.93853759765625,5657890
2016-04-08,444.9272155761719,4195578
2016-04-11,451.85455322265625,5768678
2016-04-12,451.2056579589844,5842138
2016-04-13,447.579833984375,12511386
2016-04-18,472.7698059082031,25015990
2016-04-20,474.63995361328125,8072848
2016-04-21,468.0372314453125,5441100
2016-04-22,462.29315185546875,5143938
2016-04-25,464.0487976074219,5364134
2016-04-26,470.2698974609375,5846744
2016-04-27,473.3232727050781,4486208
2016-04-28,461.49163818359375,12165168
2016-04-29,461.09088134765625,5036410
2016-05-02,458.4001159667969,3615250
2016-05-03,449.52642822265625,6824810
2016-05-04,453.7437438964844,5812842
2016-05-05,455.1177673339844,6302668
2016-05-06,450.93853759765625,2596720
2016-05-09,457.6367492675781,5123678
2016-05-10,462.88470458984375,3395704
2016-05-11,458.7054443359375,3709888
2016-05-12,461.81591796875,3406932
2016-05-13,460.76641845703125,5652064
2016-05-16,463.72430419921875,4533878
2016-05-17,463.43804931640625,3796294
2016-05-18,461.7586669921875,4256596
2016-05-19,460.19384765625,3954400
2016-05-20,458.6099548339844,3994548
2016-05-23,453.4193420410156,4585946
2016-05-24,453.3238525390625,3485060
2016-05-25,461.3008117675781,3857396
2016-05-26,471.0331726074219,6136436
2016-05-27,476.12847900390625,6180764
2016-05-30,483.7999267578125,5285700
2016-05-31,476.56744384765625,13782038
2016-06-01,480.2122497558594,4840534
2016-06-02,481.49090576171875,5053552
2016-06-03,483.5328063964844,3998380
2016-06-06,483.4754943847656,4225768
2016-06-07,479.90692138671875,5692420
2016-06-08,472.5406799316406,8741370
2016-06-09,457.73345947265625,12740804
2016-06-10,455.8415222167969,6383956
2016-06-13,455.9573669433594,5286722
2016-06-14,453.6794738769531,2940728
2016-06-15,459.4517517089844,6711572
2016-06-16,457.9265441894531,5302564
2016-06-17,455.4168395996094,8515082
2016-06-20,466.7105407714844,6229566
2016-06-21,465.6874694824219,4761724
2016-06-22,463.1390686035156,3031258
2016-06-23,467.8109436035156,3828626
2016-06-24,461.2278137207031,7808348
2016-06-27,450.2816162109375,5583778
2016-06-28,447.5594787597656,7655974
2016-06-29,454.39361572265625,5459150
2016-06-30,452.05767822265625,9346224
2016-07-01,452.6754455566406,3991912
2016-07-04,457.13507080078125,5381322
2016-07-05,453.8530578613281,3596416
2016-07-07,446.8258361816406,5954876
2016-07-08,447.192626953125,5551648
2016-07-11,453.6986083984375,6668882
2016-07-12,454.27777099609375,6197368
2016-07-13,460.9383239746094,5275420
2016-07-14,454.162109375,7413328
2016-07-15,414.1223449707031,61484126
2016-07-18,417.7518310546875,14332824
2016-07-19,419.6822814941406,10404644
2016-07-20,418.19586181640625,9822896
2016-07-21,416.9602966308594,8668002
2016-07-22,414.0837097167969,9386538
2016-07-25,417.32708740234375,8469552
2016-07-26,420.3580322265625,7189610
2016-07-27,419.0646057128906,7431820
2016-07-28,416.0335693359375,11258562
2016-07-29,414.62432861328125,8156784
2016-08-01,419.0259094238281,9096662
2016-08-02,418.4661560058594,6822502
2016-08-03,418.89080810546875,7213460
2016-08-04,413.8327941894531,4237278
2016-08-05,412.3656005859375,5609968
2016-08-08,416.49700927734375,4643064
2016-08-09,418.31170654296875,7192664
2016-08-10,417.9061584472656,5576454
2016-08-11,415.9756774902344,5038552
2016-08-12,410.2612609863281,7449928
2016-08-16,406.11053466796875,16429408
2016-08-17,398.9676818847656,6599316
2016-08-18,395.14501953125,8434000
2016-08-19,394.3342590332031,5686016
2016-08-22,392.0755310058594,10253518
2016-08-23,401.41937255859375,7406138
2016-08-24,408.27276611328125,6129966
2016-08-25,400.0679931640625,4796562
2016-08-26,393.9288330078125,6881054
2016-08-29,394.91339111328125,5220282
2016-08-30,401.70892333984375,4375438
2016-08-31,399.9521484375,11139814
2016-09-01,400.60858154296875,2877826
2016-09-02,398.4076843261719,3332592
2016-09-06,403.485107421875,8215044
2016-09-07,407.0951232910156,7425470
2016-09-08,400.6471252441406,9092774
2016-09-09,399.8169250488281,5053438
2016-09-12,406.96002197265625,6203096
2016-09-14,403.7167053222656,5152418
2016-09-15,402.40386962890625,4701722
2016-09-16,409.334716796875,9949384
2016-09-19,409.739990234375,5809154
2016-09-20,405.47344970703125,4214004
2016-09-21,407.6357116699219,4231532
2016-09-22,408.81341552734375,3629514
2016-09-23,402.5390930175781,5205294
2016-09-26,399.971435546875,6371798
2016-09-27,401.45794677734375,6525660
2016-09-28,401.1490783691406,5434708
2016-09-29,397.384521484375,8902638
2016-09-30,400.0293884277344,6502354
2016-10-03,400.8208312988281,3656160
2016-10-04,405.106689453125,5066586
2016-10-05,402.1336364746094,2307574
2016-10-06,396.6894836425781,3721882
2016-10-07,390.95574951171875,6288558
2016-10-10,397.6740417480469,5413170
2016-10-13,406.32293701171875,9778690
2016-10-14,396.593017578125,33461690
2016-10-17,394.75897216796875,8014858
2016-10-18,401.18768310546875,6388134
2016-10-19,402.24945068359375,3509836
2016-10-20,400.26104736328125,3535490
2016-10-21,405.19769287109375,3863620
2016-10-24,400.8268737792969,2902974
2016-10-25,396.96343994140625,5636014
2016-10-26,395.79266357421875,2775216
2016-10-27,391.6169738769531,7227790
2016-10-28,389.2755126953125,5840706
2016-11-01,386.1339416503906,6332798
2016-11-02,382.8558349609375,5377194
2016-11-03,377.3142395019531,5225108
2016-11-04,378.9337463378906,6005548
2016-11-07,381.6460266113281,4537672
2016-11-08,383.4607238769531,5261108
2016-11-09,373.9776306152344,12764158
2016-11-10,366.60186767578125,7287330
2016-11-11,359.63592529296875,7096782
2016-11-15,360.41632080078125,9235850
2016-11-16,367.187255859375,12222616
2016-11-17,362.8554382324219,5706730
2016-11-18,359.0310363769531,6040228
2016-11-21,355.5577697753906,7940568
2016-11-22,356.767578125,5483126
2016-11-23,359.1285400390625,8251786
2016-11-24,363.0505676269531,16780644
2016-11-25,381.4704284667969,12631380
2016-11-28,382.34844970703125,7365712
2016-11-29,379.5581970214844,6125506
2016-11-30,380.7094421386719,8500918
2016-12-01,380.7289733886719,4611590
2016-12-02,376.3971862792969,4453228
2016-12-05,375.2849426269531,3659576
2016-12-06,377.177734375,3562110
2016-12-07,377.1387023925781,3385980
2016-12-08,384.2606506347656,5941662
2016-12-09,386.0948791503906,8648384
2016-12-12,381.411865234375,5345020
2016-12-13,386.42669677734375,4854282
2016-12-14,390.15350341796875,5382614
2016-12-15,387.265625,7966416
2016-12-16,392.2608947753906,6436742
2016-12-19,392.0657653808594,4124134
2016-12-20,394.99267578125,7636498
2016-12-21,390.85595703125,7343976
2016-12-22,384.28021240234375,7060054
2016-12-23,385.74371337890625,7306036
2016-12-26,383.5191955566406,3213828
2016-12-27,389.84130859375,4912816
2016-12-28,389.6656799316406,5476816
2016-12-29,387.265625,6240124
2016-12-30,394.38775634765625,7267768
2017-01-02,390.6802978515625,2335222
2017-01-03,387.8510437011719,6778482
2017-01-04,389.3730163574219,7073586
2017-01-05,388.74859619140625,8207074
2017-01-06,379.421630859375,14393448
2017-01-09,378.6800842285156,10545692
2017-01-10,378.7581481933594,11939854
2017-01-11,378.1923522949219,12241574
2017-01-12,390.2705993652344,11855740
2017-01-13,380.8069763183594,31276246
2017-01-16,372.94342041015625,12351372
2017-01-17,372.8458557128906,5560094
2017-01-18,371.0506896972656,5952962
2017-01-19,373.8995361328125,8876480
2017-01-20,370.2311706542969,9124742
2017-01-23,371.7922668457031,7948580
2017-01-24,369.00189208984375,6826010
2017-01-25,365.5091552734375,9978090
2017-01-27,367.67510986328125,10635138
2017-01-30,370.48486328125,11369208
2017-01-31,362.3871765136719,24068534
2017-02-01,357.7626647949219,11531782
2017-02-02,365.23602294921875,11828268
2017-02-03,365.31402587890625,8423958
2017-02-06,364.9823303222656,6727934
2017-02-07,367.7140808105469,9268002
2017-02-08,365.47015380859375,6319962
2017-02-09,369.17755126953125,11907266
2017-02-10,377.8800964355469,12252452
2017-02-13,384.1436462402344,13724268
2017-02-14,385.4510498046875,9338818
2017-02-15,383.1484680175781,7259486
2017-02-16,394.9731750488281,12815858
2017-02-17,390.29010009765625,4851208
2017-02-20,394.25115966796875,4650662
2017-02-21,395.5585021972656,7613996
2017-02-22,386.40716552734375,6607838
2017-02-23,393.7047424316406,9542656
2017-02-27,395.09027099609375,5328696
2017-02-28,395.09027099609375,5940132
2017-03-01,400.06585693359375,4282448
2017-03-02,399.3439025878906,2948498
2017-03-03,402.4268798828125,5401612
2017-03-06,403.4806823730469,5286386
2017-03-07,397.9779968261719,4644496
2017-03-08,393.2950134277344,6179176
2017-03-09,394.7584533691406,3480630
2017-03-10,398.7780456542969,4550324
2017-03-14,403.8318786621094,7878396
2017-03-15,394.9145812988281,6373978
2017-03-16,401.5098571777344,6702956
2017-03-17,405.9782409667969,9507846
2017-03-20,398.6414794921875,4427388
2017-03-21,403.07080078125,4869584
2017-03-22,401.0610046386719,3990852
2017-03-23,406.0367126464844,4501662
2017-03-24,402.5049743652344,4883896
2017-03-27,401.5098571777344,7684824
2017-03-28,403.96844482421875,4796796
2017-03-29,402.6805725097656,6981186
2017-03-30,400.2024841308594,12157180
2017-03-31,398.93414306640625,14153854
2017-04-03,393.6852722167969,4315600
2017-04-05,388.6705627441406,7398338
2017-04-06,390.0950012207031,5379008
2017-04-07,383.0509948730469,6404508
2017-04-10,372.0653991699219,9528472
2017-04-11,377.4313659667969,8655466
2017-04-12,378.0947570800781,6696752
2017-04-13,363.4798583984375,30973188
2017-04-17,360.9432373046875,7213434
2017-04-18,360.0651550292969,4647518
2017-04-19,358.7188720703125,10071702
2017-04-20,361.87982177734375,4549000
2017-04-21,360.47491455078125,3577466
2017-04-24,361.5870666503906,5556666
2017-04-25,362.6798095703125,4737060
2017-04-26,356.78704833984375,9084496
2017-04-27,361.0798034667969,7797208
2017-04-28,358.6212158203125,5029702
2017-05-02,360.045654296875,3231126
2017-05-03,364.611572265625,4659448
2017-05-04,365.9189453125,5279806
2017-05-05,363.5189208984375,4432788
2017-05-08,368.9823913574219,4707098
2017-05-09,369.4312438964844,5649372
2017-05-10,368.2604064941406,3364302
2017-05-11,368.43609619140625,3229482
2017-05-12,376.29962158203125,10979996
2017-05-15,371.3433532714844,7297164
2017-05-16,372.6897888183594,6130168
2017-05-17,371.831298828125,2915508
2017-05-18,375.3239440917969,8057848
2017-05-19,373.8410339355469,4257396
2017-05-22,375.2069396972656,5503052
2017-05-23,373.58734130859375,4039982
2017-05-24,372.61175537109375,5636286
2017-05-25,383.7338562011719,10438514
2017-05-26,388.5730285644531,4988004
2017-05-29,384.4559020996094,6308434
2017-05-30,388.76806640625,3716910
2017-05-31,381.2948913574219,7763900
2017-06-01,384.9005126953125,5508606
2017-06-02,384.1278991699219,3917966
2017-06-05,379.88818359375,5462698
2017-06-06,388.05059814453125,7008686
2017-06-07,380.8985900878906,12455046
2017-06-08,378.97686767578125,6195352
2017-06-09,375.8664855957031,14757662
2017-06-12,381.90899658203125,8591676
2017-06-13,379.51177978515625,4937794
2017-06-14,379.82879638671875,7438110
2017-06-15,377.2532043457031,5528062
2017-06-16,372.55792236328125,10948450
2017-06-19,368.4370422363281,6855860
2017-06-20,373.8655090332031,5184396
2017-06-21,373.7861633300781,3735864
2017-06-22,372.5182189941406,9465242
2017-06-23,373.74658203125,6403018
2017-06-27,367.3276672363281,6904660
2017-06-28,366.396484375,5905224
2017-06-29,368.57568359375,15914040
2017-06-30,370.69561767578125,4216700
2017-07-03,377.1740417480469,5088924
2017-07-04,381.23541259765625,5167726
2017-07-05,376.77777099609375,4226228
2017-07-06,375.2324523925781,3829720
2017-07-07,370.63616943359375,5776886
2017-07-10,379.2146301269531,1464376
2017-07-11,386.4656677246094,11539708
2017-07-12,385.2769470214844,6275976
2017-07-13,387.1391906738281,5170392
2017-07-14,385.1580810546875,22478180
2017-07-17,389.91290283203125,7698250
2017-07-18,390.5269775390625,8260180
2017-07-19,388.2487487792969,5890278
2017-07-20,384.1278991699219,6809740
2017-07-21,388.34771728515625,5980754
2017-07-24,392.4884033203125,6129176
2017-07-25,393.79595947265625,7145614
2017-07-26,393.8752136230469,6870024
2017-07-27,384.7618713378906,12676852
2017-07-28,395.1827697753906,11098428
2017-07-31,400.6705627441406,19158248
2017-08-01,398.431884765625,7689398
2017-08-02,393.59783935546875,4257584
2017-08-03,389.8930358886719,4640348
2017-08-04,389.7940368652344,5349018
2017-08-07,383.65234375,6073744
2017-08-08,381.90899658203125,6004648
2017-08-09,384.08819580078125,3922410
2017-08-10,388.80340576171875,9140684
2017-08-11,391.3591613769531,6544156
2017-08-14,388.88262939453125,3816470
2017-08-16,386.40625,6178080
2017-08-17,404.4942626953125,25784260
2017-08-18,365.8219909667969,164404960
2017-08-21,346.0697937011719,90407176
2017-08-22,346.8621826171875,49242598
2017-08-23,353.75665283203125,61284190
2017-08-24,361.42376708984375,42380524
2017-08-28,372.8551025390625,40712108
2017-08-29,367.48614501953125,13369392
2017-08-30,367.16912841796875,16149664
2017-08-31,362.5332336425781,15022452
2017-09-01,364.5143127441406,8433922
2017-09-04,356.6888122558594,10177108
2017-09-05,357.3623962402344,9783392
2017-09-06,354.8660888671875,7735910
2017-09-07,354.925537109375,6241192
2017-09-08,350.388671875,8604542
2017-09-11,348.1697692871094,13787642
2017-09-12,350.2895812988281,17241354
2017-09-13,350.1707763671875,11478228
2017-09-14,353.59814453125,13698006
2017-09-15,359.8785095214844,13459460
2017-09-18,360.2152099609375,8475860
2017-09-19,361.46337890625,6033330
2017-09-20,361.6416320800781,5767830
2017-09-21,360.3935241699219,8204152
2017-09-22,355.9359436035156,17604088
2017-09-25,354.7669982910156,9088700
2017-09-26,358.947265625,7366478
2017-09-27,356.5303039550781,6000138
2017-09-28,355.02459716796875,17537266
2017-09-29,356.5699157714844,5705832
2017-10-03,358.0161437988281,4947522
2017-10-04,356.4510803222656,4991492
2017-10-05,357.8179931640625,8611300
2017-10-06,364.5935974121094,8574308
2017-10-09,366.07952880859375,3504832
2017-10-10,370.65594482421875,7143220
2017-10-11,368.7738952636719,5982504
2017-10-12,367.42669677734375,10280972
2017-10-13,368.5361022949219,7180728
2017-10-16,372.0626220703125,5758750
2017-10-17,368.6946716308594,5625102
2017-10-18,366.2577819824219,7231852
2017-10-19,367.2879638671875,1091434
2017-10-23,372.2607116699219,9154096
2017-10-24,367.1097106933594,14529328
2017-10-25,370.5965576171875,13984134
2017-10-26,375.37115478515625,33659258
2017-10-27,374.9749450683594,8524956
2017-10-30,374.08331298828125,12968326
2017-10-31,370.3670959472656,9954988
2017-11-01,372.456298828125,5633134
2017-11-02,370.78900146484375,4686138
2017-11-03,372.2955322265625,3699086
2017-11-06,373.1191711425781,5066534
2017-11-07,383.8863830566406,13442820
2017-11-08,382.6007995605469,5369994
2017-11-09,383.484619140625,4723232
2017-11-10,386.51806640625,6589428
2017-11-13,382.46026611328125,5021216
2017-11-14,381.3151550292969,5733710
2017-11-15,382.39996337890625,7023516
2017-11-16,397.1045837402344,15687502
2017-11-17,390.09375,8057670
2017-11-20,385.9153747558594,5661190
2017-11-21,388.2054748535156,5364656
2017-11-22,388.2255554199219,6084920
2017-11-23,398.24957275390625,11894618
2017-11-24,405.6018371582031,18619912
2017-11-27,401.2628173828125,6017730
2017-11-28,395.6180114746094,4616868
2017-11-29,394.814453125,3838070
2017-11-30,392.1628112792969,17266944
2017-12-01,385.21234130859375,4085000
2017-12-04,395.8791198730469,17811606
2017-12-05,395.47735595703125,9976738
2017-12-06,397.867919921875,7490094
2017-12-07,401.6846008300781,7549544
2017-12-08,402.50830078125,5983244
2017-12-11,403.8943786621094,5139098
2017-12-12,405.9834899902344,9320434
2017-12-13,403.2716369628906,5362398
2017-12-14,407.0281982421875,6023572
2017-12-15,410.96539306640625,10384134
2017-12-18,408.43426513671875,4035448
2017-12-19,403.3520202636719,7118898
2017-12-20,408.1329650878906,4186326
2017-12-21,410.62396240234375,11059162
2017-12-22,417.57440185546875,12906940
2017-12-26,416.0678405761719,10808906
2017-12-27,415.5254211425781,6970172
2017-12-28,415.12371826171875,8433472
2017-12-29,418.6592712402344,6601768
2018-01-01,415.2442626953125,5431340
2018-01-02,413.6973876953125,6112248
2018-01-03,410.3226013183594,6846552
2018-01-04,407.9521484375,8947614
2018-01-05,406.5861511230469,11025976
2018-01-08,416.2486267089844,5594690
2018-01-09,418.3779296875,9948236
2018-01-10,422.75726318359375,9468634
2018-01-11,432.2187805175781,16775298
2018-01-12,433.283447265625,18016528
2018-01-15,434.3681640625,10649250
2018-01-16,451.1217956542969,22646966
2018-01-17,462.8735046386719,26154088
2018-01-18,463.1145324707031,13204970
2018-01-19,459.3981628417969,5988278
2018-01-22,462.02984619140625,9650214
2018-01-23,472.9176025390625,15403796
2018-01-24,476.4129638671875,20604718
2018-01-25,472.2347106933594,13548914
2018-01-29,475.247802734375,10823002
2018-01-30,470.3262634277344,8628312
2018-01-31,462.1301574707031,9213698
2018-02-01,459.8601989746094,13005454
2018-02-02,459.3177185058594,10244486
2018-02-05,457.2889709472656,9860220
2018-02-06,445.0552062988281,10552078
2018-02-07,445.5775451660156,8342056
2018-02-08,455.7019348144531,8807244
2018-02-09,445.6177062988281,4382690
2018-02-12,443.06640625,6291972
2018-02-14,441.03753662109375,8345712
2018-02-15,447.74700927734375,7986736
2018-02-16,453.2109680175781,9889222
2018-02-19,454.6974792480469,6461840
2018-02-20,456.78680419921875,7188594
2018-02-21,460.9851379394531,13771358
2018-02-22,466.3487243652344,17859974
2018-02-23,464.29974365234375,9459828
2018-02-26,457.44964599609375,5083608
2018-02-27,462.1100769042969,6616026
2018-02-28,471.1096496582031,17268416
2018-03-01,466.3487243652344,6579852
2018-03-05,464.400146484375,8101456
2018-03-06,462.5721740722656,6689734
2018-03-07,459.6593933105469,6370416
2018-03-08,464.7015075683594,6093014
2018-03-09,467.4134216308594,4220964
2018-03-12,476.392822265625,7676970
2018-03-13,475.6093444824219,8581052
2018-03-14,474.4041748046875,4429710
2018-03-15,475.0871887207031,6101500
2018-03-16,470.8285217285156,17954826
2018-03-19,460.7240295410156,7526620
2018-03-20,467.8755187988281,8553766
2018-03-21,469.0606689453125,7692994
2018-03-22,466.56964111328125,6813168
2018-03-23,469.1008605957031,12008084
2018-03-26,464.1390686035156,8930722
2018-03-27,463.63677978515625,3802088
2018-03-28,454.71771240234375,12558322
2018-04-02,456.8670654296875,8072702
2018-04-03,458.1929626464844,4077168
2018-04-04,451.6641845703125,4813302
2018-04-05,461.0454406738281,7763544
2018-04-06,452.7891845703125,5937742
2018-04-09,446.4614562988281,7202882
2018-04-10,447.3252258300781,8926058
2018-04-11,451.6842956542969,9025574
2018-04-12,467.0920104980469,17044366
2018-04-13,470.64764404296875,21227038
2018-04-16,455.2800598144531,24745084
2018-04-17,452.06591796875,10397940
2018-04-18,452.36724853515625,10430380
2018-04-19,455.139404296875,8525542
2018-04-20,473.4598693847656,24272692
2018-04-23,477.17633056640625,21830638
2018-04-24,463.83770751953125,8526216
2018-04-25,466.1878967285156,11594178
2018-04-26,472.6563720703125,11302084
2018-04-27,476.1718444824219,7663370
2018-04-30,481.91705322265625,5511678
2018-05-02,480.93280029296875,10295042
2018-05-03,475.10723876953125,5332230
2018-05-04,471.3104248046875,6023368
2018-05-07,475.28802490234375,4638960
2018-05-08,468.27728271484375,5718556
2018-05-09,470.3462829589844,3783504
2018-05-10,469.26153564453125,3182862
2018-05-11,474.38409423828125,3311706
2018-05-14,477.81915283203125,4432094
2018-05-15,479.9284362792969,5611974
2018-05-16,478.0802917480469,6205004
2018-05-17,475.247802734375,9519598
2018-05-18,475.3683776855469,7139660
2018-05-21,473.8817138671875,8475320
2018-05-22,479.6471862792969,5636804
2018-05-23,476.0513610839844,9538442
2018-05-24,490.55511474609375,9740570
2018-05-25,493.48797607421875,8901438
2018-05-28,487.9034118652344,5739794
2018-05-29,488.8274841308594,3388934
2018-05-30,486.8187561035156,6323066
2018-05-31,494.8941345214844,19720340
2018-06-01,490.4747619628906,4998356
2018-06-04,497.9476318359375,4270156
2018-06-05,490.494873046875,4710862
2018-06-06,497.16412353515625,4038184
2018-06-07,503.19049072265625,6676226
2018-06-08,506.2439270019531,6459878
2018-06-11,507.1881103515625,5171290
2018-06-12,505.6213684082031,7839820
2018-06-13,512.1700439453125,5766928
2018-06-14,510.2764892578125,7598848
2018-06-15,527.3792724609375,19957760
2018-06-18,521.6782836914062,8214846
2018-06-19,511.0586242675781,7545700
2018-06-20,511.6966247558594,5371802
2018-06-21,513.0962524414062,5798790
2018-06-22,513.6312255859375,4343118
2018-06-25,523.7568359375,7731178
2018-06-26,525.9794921875,4483504
2018-06-27,522.74853515625,6952142
2018-06-28,530.8162231445312,10996818
2018-06-29,538.0604248046875,9966600
2018-07-02,549.3797607421875,4830144
2018-07-03,557.2210693359375,8127452
2018-07-04,553.70166015625,5025722
2018-07-05,528.510986328125,17019902
2018-07-06,528.6139526367188,11215356
2018-07-09,534.62353515625,6644998
2018-07-10,535.6731567382812,5974488
2018-07-11,543.5143432617188,11899832
2018-07-12,532.771240234375,13272240
2018-07-13,542.2589721679688,19496158
2018-07-16,548.6183471679688,35344680
2018-07-17,546.5808715820312,11161690
2018-07-18,544.3787231445312,6919016
2018-07-19,541.9707641601562,5118864
2018-07-20,554.8953857421875,11705738
2018-07-23,558.1265258789062,7675702
2018-07-24,566.852783203125,6172246
2018-07-25,569.5694580078125,6936922
2018-07-26,565.24755859375,7362218
2018-07-27,565.329833984375,6493232
2018-07-30,556.089111328125,6409970
2018-07-31,561.8927612304688,7943996
2018-08-01,557.3445434570312,4675706
2018-08-02,557.1798706054688,5940742
2018-08-03,561.4811401367188,3970390
2018-08-06,560.0611572265625,6178930
2018-08-07,563.0659790039062,7351528
2018-08-08,560.9255981445312,3992358
2018-08-09,568.0052490234375,6409524
2018-08-10,570.2692260742188,4779520
2018-08-13,579.8596801757812,9979746
2018-08-14,579.674560546875,6151320
2018-08-16,588.42138671875,6626774
2018-08-17,588.7506713867188,6390408
2018-08-20,569.775390625,16101876
2018-08-21,569.65185546875,8361482
2018-08-23,575.1881103515625,7717182
2018-08-24,567.326171875,7053000
2018-08-27,582.5969848632812,7012950
2018-08-28,586.4248657226562,6496890
2018-08-29,580.4153442382812,5646496
2018-08-30,582.9262084960938,11507962
2018-08-31,593.1754760742188,10875864
2018-09-03,590.3557739257812,10976328
2018-09-04,606.8410034179688,15370124
2018-09-05,600.87255859375,8658978
2018-09-06,598.6087646484375,5598659
2018-09-07,603.260009765625,6510605
2018-09-10,601.6546020507812,5629871
2018-09-11,604.494873046875,6963561
2018-09-12,611.5746459960938,4636617
2018-09-14,604.0008544921875,7896514
2018-09-17,597.6209716796875,5427054
2018-09-18,591.9818115234375,7729732
2018-09-19,592.516845703125,4849498
2018-09-21,580.6212158203125,14350769
2018-09-24,591.281982421875,8637881
2018-09-25,597.82666015625,9602273
2018-09-26,590.9528198242188,6599606
2018-09-27,596.6741943359375,14592616
2018-09-28,600.99609375,7490031
2018-10-01,614.6616821289062,8252398
2018-10-03,599.7201538085938,7792464
2018-10-04,582.185302734375,6173037
2018-10-05,596.509521484375,8543578
2018-10-08,588.1536865234375,7259306
2018-10-09,590.8704223632812,6777212
2018-10-10,576.6286010742188,8866251
2018-10-11,554.3191528320312,10985897
2018-10-12,558.8057861328125,8909221
2018-10-15,575.2703857421875,6222176
2018-10-16,572.3477783203125,11588963
2018-10-17,580.6624145507812,20360697
2018-10-19,562.7159423828125,10421001
2018-10-22,559.7526245117188,6672840
2018-10-23,541.3533325195312,9041701
2018-10-24,534.9321899414062,7058164
2018-10-25,539.8837890625,8270469
2018-10-26,527.2760009765625,5464141
2018-10-29,536.5549926757812,7137446
2018-10-30,548.9130249023438,8793411
2018-10-31,571.2156982421875,11947995
2018-11-01,554.8214721679688,5860244
2018-11-02,551.1182250976562,6654067
2018-11-05,554.2389526367188,5799426
2018-11-06,554.6134643554688,6975525
2018-11-07,562.1448364257812,758956
2018-11-09,548.829833984375,9694143
2018-11-12,552.7410278320312,7118080
2018-11-13,553.9893188476562,4137808
2018-11-14,543.5870971679688,7323026
2018-11-15,546.2499389648438,5513390
2018-11-16,541.6312255859375,8583785
2018-11-19,542.3387451171875,6018930
2018-11-20,533.76708984375,5384830
2018-11-21,515.2092895507812,14359086
2018-11-22,516.5824584960938,6632975
2018-11-26,517.1649780273438,15075209
2018-11-27,531.6866455078125,12285851
2018-11-28,554.5719604492188,17719890
2018-11-29,550.1197509765625,13399070
2018-11-30,555.44580078125,10445773
2018-12-03,557.8590087890625,8260890
2018-12-04,570.2586669921875,7827923
2018-12-05,567.0548095703125,5177288
2018-12-06,556.3193969726562,8039771
2018-12-07,568.2198486328125,5553948
2018-12-10,556.9020385742188,5121196
2018-12-11,561.312744140625,7120933
2018-12-12,564.641357421875,6926183
2018-12-13,580.6610717773438,7521474
2018-12-14,587.5682983398438,9560576
2018-12-17,577.8732299804688,4778465
2018-12-18,563.0601806640625,8021298
2018-12-19,553.281982421875,8295459
2018-12-20,555.1129150390625,11705260
2018-12-21,537.7616577148438,12802132
2018-12-24,540.091796875,8379825
2018-12-26,535.972412109375,6178552
2018-12-27,546.5828247070312,15333902
2018-12-28,546.707763671875,4736598
2018-12-31,548.3721313476562,3373319
2019-01-01,553.4483642578125,2943390
2019-01-02,556.7771606445312,7416655
2019-01-03,556.8604125976562,6827249
2019-01-04,550.1197509765625,7889310
2019-01-07,558.9824829101562,8046340
2019-01-08,557.6094360351562,8621545
2019-01-09,562.6441650390625,18130292
2019-01-10,565.6400146484375,9572493
2019-01-11,568.8024291992188,12281903
2019-01-14,584.1146850585938,19312937
2019-01-15,604.6697387695312,19671304
2019-01-16,613.1581420898438,9658944
2019-01-17,610.287109375,6903771
2019-01-18,608.2898559570312,5902151
2019-01-21,619.9820556640625,8129422
2019-01-22,620.2732543945312,6723375
2019-01-23,608.872314453125,7212099
2019-01-24,612.5123901367188,7429783
2019-01-25,611.131591796875,5543112
2019-01-28,609.1234130859375,7944693
2019-01-29,609.0816040039062,6760819
2019-01-30,607.4080810546875,5763026
2019-01-31,627.197509765625,13825233
2019-02-01,633.4732666015625,6276585
2019-02-04,632.510986328125,3945391
2019-02-05,631.63232421875,4694366
2019-02-06,638.7030639648438,5880482
2019-02-07,639.288818359375,3961797
2019-02-08,636.6949462890625,5915169
2019-02-11,638.2845458984375,5500216
2019-02-12,627.95068359375,7310690
2019-02-14,619.2481689453125,4610535
2019-02-15,620.838134765625,5586389
2019-02-18,620.0850219726562,5346825
2019-02-19,606.0692138671875,9401334
2019-02-20,619.7921752929688,5210675
2019-02-21,613.7255859375,7202786
2019-02-22,614.9807739257812,3750833
2019-02-25,631.6742553710938,6547552
2019-02-26,621.2984008789062,8319610
2019-02-27,615.2317504882812,5936354
2019-02-28,614.4368286132812,8559921
2019-03-01,620.7962646484375,3998826
2019-03-05,612.9306030273438,4826505
2019-03-06,612.9306030273438,6076668
2019-03-07,604.9396362304688,5951551
2019-03-08,596.0697631835938,7193994
2019-03-11,595.1494140625,9932198
2019-03-12,591.5513916015625,11997387
2019-03-13,592.806396484375,11348867
2019-03-14,592.7228393554688,6415187
2019-03-15,601.2578735351562,14638664
2019-03-18,594.2708740234375,8065544
2019-03-19,604.353759765625,8917337
2019-03-20,618.3278198242188,13471173
2019-03-22,621.8004150390625,8883260
2019-03-25,615.2317504882812,7644966
2019-03-26,608.9559936523438,9406261
2019-03-27,610.5877685546875,7387487
2019-03-28,617.3656005859375,9277241
2019-04-01,631.841552734375,6584982
2019-04-02,635.4397583007812,7283600
2019-04-03,630.3353881835938,6897127
2019-04-04,625.8168334960938,7688525
2019-04-05,635.3560180664062,6276040
2019-04-08,642.0083618164062,4919911
2019-04-09,636.4436645507812,6730692
2019-04-10,629.8334350585938,7031088
2019-04-11,621.4656982421875,8200995
2019-04-12,625.6912841796875,7043212
2019-04-15,608.7469482421875,31574803
2019-04-16,605.9017944335938,12524411
2019-04-18,600.0026245117188,13801105
2019-04-22,603.349853515625,6455426
2019-04-23,609.3325805664062,5516668
2019-04-24,616.2359619140625,8285120
2019-04-25,609.62548828125,8005235
2019-04-26,617.532958984375,6895168
2019-04-30,628.70361328125,9920046
2019-05-02,611.508056640625,6351352
2019-05-03,605.4834594726562,6348116
2019-05-06,601.1323852539062,8858265
2019-05-07,606.2784423828125,5747536
2019-05-08,601.9270629882812,6247642
2019-05-09,603.349853515625,7396525
2019-05-10,599.8352661132812,8352335
2019-05-13,602.2200927734375,6808993
2019-05-14,597.3250122070312,10513001
2019-05-15,599.2075805664062,6668929
2019-05-16,613.4327392578125,6468556
2019-05-17,605.7344360351562,8155948
2019-05-20,604.4794311523438,11213708
2019-05-21,593.517822265625,8645535
2019-05-22,593.894287109375,5795713
2019-05-23,586.6143798828125,7233736
2019-05-24,593.43408203125,7016424
2019-05-27,592.5134887695312,10247544
2019-05-28,609.2489013671875,23860490
2019-05-29,608.9979248046875,10293077
2019-05-30,613.8092651367188,15089296
2019-05-31,617.3237915039062,8290306
2019-06-03,623.0973510742188,7744761
2019-06-04,615.2736206054688,11733702
2019-06-06,615.524658203125,7563925
2019-06-07,618.4533081054688,3218358
2019-06-10,630.502685546875,4435148
2019-06-11,631.6742553710938,5733127
2019-06-12,630.7538452148438,8738342
2019-06-13,630.2022094726562,4808577
2019-06-14,628.3353881835938,5556353
2019-06-17,628.420166015625,3085588
2019-06-18,636.566650390625,6202838
2019-06-19,638.0515747070312,4596253
2019-06-20,640.5974731445312,7148684
2019-06-21,636.609130859375,13200318
2019-06-24,632.6207275390625,4758178
2019-06-25,634.8270263671875,3677911
2019-06-26,627.2745971679688,5447130
2019-06-27,619.934326171875,11122346
2019-06-28,621.1648559570312,5919494
2019-07-01,620.5707397460938,3224968
2019-07-02,627.9534301757812,4837606
2019-07-03,620.5707397460938,5958379
2019-07-04,622.692138671875,3274064
2019-07-05,609.284423828125,4926289
2019-07-08,608.9451293945312,7177092
2019-07-09,607.1630859375,5022638
2019-07-10,608.6481323242188,7573816
2019-07-11,612.2545776367188,6252688
2019-07-12,616.709716796875,7874441
2019-07-15,661.3453369140625,31064152
2019-07-16,666.0125122070312,9924322
2019-07-17,673.9043579101562,6754348
2019-07-18,672.6739501953125,6534471
2019-07-19,666.4793701171875,6812754
2019-07-22,665.6307983398438,7107151
2019-07-23,670.4251708984375,10782564
2019-07-24,667.242919921875,5745146
2019-07-25,674.201416015625,9773568
2019-07-26,667.8369140625,4941763
2019-07-29,671.6132202148438,6244316
2019-07-30,672.6739501953125,8673253
2019-07-31,673.4801025390625,7350584
2019-08-01,652.4351196289062,10066407
2019-08-02,658.1630249023438,10838336
2019-08-05,659.0965576171875,9976238
2019-08-06,657.1873168945312,9331718
2019-08-07,658.58740234375,5130457
2019-08-08,669.3220825195312,8009009
2019-08-09,670.2554321289062,4362520
2019-08-13,648.9559936523438,7517099
2019-08-14,657.4842529296875,5940968
2019-08-16,657.2720336914062,5128088
2019-08-19,659.9027099609375,3881451
2019-08-20,672.7164306640625,8435344
2019-08-21,678.4020385742188,5926896
2019-08-22,675.2196655273438,5222488
2019-08-23,680.7354736328125,6895015
2019-08-26,681.0325927734375,5412074
2019-08-27,665.8427734375,16061642
2019-08-28,680.9899291992188,5881134
2019-08-29,684.766357421875,7830413
2019-08-30,691.5126342773438,8174186
2019-09-03,690.9609375,5647088
2019-09-04,696.9434814453125,6199015
2019-09-05,707.7630004882812,7926895
2019-09-06,712.939208984375,6106841
2019-09-09,703.5625,4377870
2019-09-11,695.925048828125,7981036
2019-09-12,692.7855224609375,4400017
2019-09-13,703.7319946289062,4832021
2019-09-16,702.3745727539062,4846496
2019-09-17,705.3870239257812,5540901
2019-09-18,704.1988525390625,3199389
2019-09-19,696.4342651367188,6601607
2019-09-20,683.1115112304688,22462366
2019-09-23,648.616455078125,17279260
2019-09-24,673.819580078125,13717998
2019-09-25,672.6314697265625,9313576
2019-09-26,664.0606689453125,18442824
2019-09-27,663.7637329101562,5087642
2019-09-30,683.6630859375,8178091
2019-10-01,673.395263671875,5881438
2019-10-03,666.64892578125,5497672
2019-10-04,673.3104248046875,8201713
2019-10-07,670.0008544921875,3679845
2019-10-09,664.9942016601562,6335025
2019-10-10,664.4851684570312,10402917
2019-10-11,691.4276123046875,20636344
2019-10-14,667.0733032226562,15150858
2019-10-15,651.9683837890625,13762133
2019-10-16,654.6414794921875,10767032
2019-10-17,652.9866333007812,9860495
2019-10-18,651.5864868164062,10037200
2019-10-22,546.1073608398438,90152532
2019-10-23,559.0394287109375,60516887
2019-10-24,545.9356079101562,25666433
2019-10-25,547.739990234375,16549337
2019-10-27,557.5355834960938,2945281
2019-10-29,559.0823364257812,16709764
2019-10-30,567.6319580078125,22879467
2019-10-31,589.1137084960938,27405901
2019-11-01,591.0899658203125,9713519
2019-11-04,609.2206420898438,29381982
2019-11-05,598.1358642578125,12897805
2019-11-06,612.05615234375,21372589
2019-11-07,618.75830078125,13733737
2019-11-08,608.4901733398438,8585630
2019-11-11,605.2679443359375,6951494
2019-11-13,594.054443359375,9973690
2019-11-14,606.041259765625,10539902
2019-11-15,604.8383178710938,7362623
2019-11-18,605.955322265625,7490916
2019-11-19,612.52880859375,6495885
2019-11-20,612.6576538085938,6142171
2019-11-21,612.8724975585938,9692973
2019-11-22,595.6441650390625,14415826
2019-11-25,599.8544921875,7334511
2019-11-26,593.4100952148438,27253106
2019-11-27,597.835205078125,3861635
2019-11-28,603.0767211914062,4837683
2019-11-29,598.3507690429688,4262379
2019-12-02,595.2145385742188,9383736
2019-12-03,600.0692749023438,5239013
2019-12-04,609.091552734375,7427886
2019-12-05,614.2472534179688,4814422
2019-12-06,614.4619750976562,5226096
2019-12-09,616.3095092773438,6435865
2019-12-10,613.9894409179688,4457939
2019-12-11,619.57470703125,6043554
2019-12-12,603.2916259765625,11112042
2019-12-13,611.1968383789062,10302412
2019-12-16,613.5167846679688,5616324
2019-12-17,627.0073852539062,10525565
2019-12-18,629.370361328125,12215295
2019-12-19,627.9954833984375,7199210
2019-12-20,628.5969848632812,7794167
2019-12-23,632.4207763671875,4975608
2019-12-24,630.1867065429688,2890759
2019-12-26,626.3629150390625,3821806
2019-12-27,633.2371215820312,3399094
2019-12-30,629.757080078125,5368416
2019-12-31,628.2532348632812,6927885
2020-01-01,633.1510620117188,2112415
2020-01-02,631.3037109375,5658200
2020-01-03,641.013427734375,7882938
2020-01-06,634.8695678710938,6519403
2020-01-07,625.4607543945312,7899363
2020-01-08,617.1258544921875,8639443
2020-01-09,625.1599731445312,13521186
2020-01-10,634.2681884765625,9341405
2020-01-13,664.6861572265625,36952038
2020-01-14,666.49072265625,11414418
2020-01-15,659.5307006835938,6047430
2020-01-16,659.0579833984375,5740586
2020-01-17,659.7884521484375,3762957
2020-01-20,660.303955078125,3887680
2020-01-21,655.1913452148438,4448374
2020-01-22,661.8075561523438,9733935
2020-01-23,673.9663696289062,12528017
2020-01-24,672.5914306640625,7540490
2020-01-27,668.5958251953125,3741610
2020-01-28,668.5099487304688,5121009
2020-01-29,678.5634155273438,6832757
2020-01-30,670.8300170898438,3859680
2020-01-31,666.74853515625,6092028
2020-02-03,659.4017944335938,6416745
2020-02-04,676.9737548828125,5771311
2020-02-05,674.1383056640625,6310409
2020-02-06,662.7958374023438,7341622
2020-02-07,667.9083862304688,2853344
2020-02-10,664.3855590820312,3827682
2020-02-11,664.6861572265625,4312817
2020-02-12,671.1307373046875,2948825
2020-02-13,680.7545166015625,4387430
2020-02-14,675.7708740234375,5321680
2020-02-17,678.3486938476562,2929629
2020-02-18,685.3945922851562,5083346
2020-02-19,687.8005981445312,3985192
2020-02-20,684.8360595703125,4564569
2020-02-24,683.847900390625,6627536
2020-02-25,686.0390625,6996695
2020-02-26,672.5914306640625,8760569
2020-02-27,668.3810424804688,5223386
2020-02-28,628.7258911132812,14123957
2020-03-02,636.7601318359375,9821523
2020-03-03,641.87255859375,7826587
2020-03-04,651.9689331054688,11013444
2020-03-05,648.4031372070312,7755293
2020-03-06,634.9556274414062,9216022
2020-03-09,605.3108520507812,10308654
2020-03-11,589.4573364257812,16165009
2020-03-12,542.3695678710938,13965574
2020-03-13,551.9501953125,16903113
2020-03-16,501.0817565917969,19140152
2020-03-17,476.85040283203125,16059887
2020-03-18,459.1065368652344,15390183
2020-03-19,468.7732849121094,16583991
2020-03-20,502.8433532714844,21354894
2020-03-23,452.36126708984375,17146150
2020-03-24,506.79583740234375,20027097
2020-03-25,520.8878784179688,18339548
2020-03-26,552.5089111328125,14843813
2020-03-27,560.8438110351562,13495283
2020-03-30,538.5028686523438,14624804
2020-03-31,551.2200317382812,15175521
2020-04-01,517.96630859375,13083824
2020-04-03,503.27294921875,10221655
2020-04-07,549.07177734375,15145605
2020-04-08,542.7132568359375,11806896
2020-04-09,546.7088623046875,11931114
2020-04-13,547.6970825195312,8330276
2020-04-15,549.1148071289062,11963447
2020-04-16,536.0538940429688,17783287
2020-04-17,540.264404296875,8878320
2020-04-20,561.3593139648438,13322913
2020-04-21,544.0880737304688,11660575
2020-04-22,551.520751953125,8266728
2020-04-23,583.7002563476562,14451289
2020-04-24,565.3978881835938,7319940
2020-04-27,571.069091796875,7183306
2020-04-28,567.7178344726562,7296571
2020-04-29,581.3372192382812,8639056
2020-04-30,614.8056640625,16253821
2020-05-04,578.888427734375,9122740
2020-05-05,578.888427734375,6393053
2020-05-06,572.1862182617188,7934250
2020-05-07,571.369873046875,4779548
2020-05-08,579.3180541992188,8400321
2020-05-11,586.7936401367188,7370186
2020-05-12,590.8750610351562,7356039
2020-05-13,596.4603881835938,8287101
2020-05-14,565.5266723632812,16888262
2020-05-15,560.5000610351562,9255353
2020-05-18,570.467529296875,10435442
2020-05-19,574.506103515625,5902208
2020-05-20,575.3224487304688,5794636
2020-05-21,577.5995483398438,7213225
2020-05-22,594.9136962890625,11867731
2020-05-26,584.7744140625,7099606
2020-05-27,606.1701049804688,8774636
2020-05-28,607.8457641601562,9440091
2020-05-29,601.8361206054688,28290128
2020-06-01,609.2828369140625,12276438
2020-06-02,616.7294921875,7059304
2020-06-03,611.0247802734375,11378568
2020-06-04,616.4247436523438,10782424
2020-06-05,612.7666625976562,7718679
2020-06-08,627.834228515625,10719105
2020-06-09,625.0036010742188,10078029
2020-06-10,623.4794311523438,7263049
2020-06-11,613.114990234375,8825715
2020-06-12,602.7506103515625,9795316
2020-06-15,598.831298828125,7857344
2020-06-16,610.7199096679688,10131760
2020-06-17,612.8538208007812,7291916
2020-06-18,621.7811279296875,6670195
2020-06-19,614.508544921875,22438862
2020-06-22,612.8972778320312,7804096
2020-06-23,627.6600952148438,12157390
2020-06-24,621.9989013671875,10220838
2020-06-25,610.1102905273438,14945284
2020-06-26,651.6552734375,26030458
2020-06-29,637.3278198242188,8954428
2020-06-30,640.9859008789062,10411290
2020-07-01,637.4585571289062,5477468
2020-07-02,658.9712524414062,17263756
2020-07-03,664.2842407226562,7796572
2020-07-06,665.4163818359375,8810958
2020-07-07,691.6759643554688,19362533
2020-07-08,674.7357788085938,8476642
2020-07-09,680.8324584960938,6854166
2020-07-10,680.9630737304688,5206452
2020-07-13,694.2018432617188,10804688
2020-07-14,682.1824951171875,8961822
2020-07-15,723.7274780273438,30060599
2020-07-16,793.4481811523438,90432109
2020-07-17,786.6109619140625,31682878
2020-07-20,813.74169921875,18421053
2020-07-21,815.8754272460938,12877784
2020-07-22,799.457763671875,14354201
2020-07-23,790.7916870117188,13051307
2020-07-24,803.7689819335938,18209580
2020-07-27,826.065673828125,16827870
2020-07-28,838.6076049804688,15818463
2020-07-29,831.0302734375,11152710
2020-07-30,837.3883056640625,12492320
2020-07-31,841.3511352539062,12704346
2020-08-03,833.42529296875,8479792
2020-08-04,827.2850952148438,11133170
2020-08-05,822.7996215820312,9614176
2020-08-06,845.5753173828125,10976491
2020-08-07,828.1996459960938,8010948
2020-08-10,828.5914306640625,5716319
2020-08-11,826.065673828125,6802442
2020-08-12,831.72705078125,6908726
2020-08-13,828.4608154296875,5097703
2020-08-14,830.5511474609375,4663873
2020-08-17,833.9478149414062,9008210
2020-08-18,842.7011108398438,6141761
2020-08-19,835.5156860351562,6622744
2020-08-20,831.9012451171875,5656501
2020-08-21,826.3705444335938,6513773
2020-08-24,825.1513061523438,5798574
2020-08-25,817.0512084960938,6233918
2020-08-26,828.1123657226562,5153601
2020-08-27,824.8463745117188,6154280
2020-08-28,814.5689697265625,7593610
2020-08-31,808.777099609375,12808355
2020-09-01,796.191650390625,6907773
2020-09-02,804.7706298828125,5678118
2020-09-03,814.830322265625,8827948
2020-09-04,800.5464477539062,8650342
2020-09-07,805.6851196289062,6700385
2020-09-08,818.0964965820312,12891964
2020-09-09,808.036865234375,5528947
2020-09-10,818.7496337890625,5171884
2020-09-11,823.6705932617188,6671903
2020-09-14,852.151123046875,21871587
2020-09-15,855.6785278320312,11608203
2020-09-16,872.488037109375,10059251
2020-09-17,880.5446166992188,15628241
2020-09-18,872.8364868164062,12897633
2020-09-21,879.58642578125,14140637
2020-09-22,877.4962158203125,12625762
2020-09-23,888.16552734375,13486204
2020-09-24,849.5382690429688,14427432
2020-09-25,880.9364624023438,13311078
2020-09-28,880.0219116210938,8554526
2020-09-29,878.8026733398438,8708463
2020-09-30,878.1493530273438,8048817
2020-10-01,886.33642578125,5563358
2020-10-05,913.3798828125,14212509
2020-10-06,919.5201416015625,9090819
2020-10-07,928.9266357421875,9284008
2020-10-08,952.5731811523438,21482613
2020-10-09,963.9828491210938,10567867
2020-10-12,986.0182495117188,14633537
2020-10-13,1008.4020385742188,17523825
2020-10-14,990.285888671875,16649573
2020-10-15,965.2457275390625,44288251
2020-10-16,982.0120239257812,18365685
2020-10-19,980.6183471679688,12902123
2020-10-20,990.7216186523438,10448776
2020-10-21,1000.1714477539062,19811433
2020-10-22,983.3618774414062,11271335
2020-10-23,988.15966796875,9069862
2020-10-26,979.3123168945312,6309368
2020-10-27,960.2973022460938,10172479
2020-10-28,947.7088623046875,7608392
2020-10-29,946.21240234375,6935616
2020-10-30,933.6676635742188,8800386
2020-11-02,943.967529296875,7183119
2020-11-03,935.3843383789062,7204782
2020-11-04,963.0264892578125,15702690
2020-11-05,971.8736572265625,9568890
2020-11-06,979.576416015625,8807127
2020-11-09,1000.5281982421875,10160320
2020-11-10,960.4735717773438,15622869
2020-11-11,988.15966796875,12514800
2020-11-12,983.9779663085938,9180976
2020-11-13,989.656005859375,6363212
2020-11-14,997.7991333007812,1136144
2020-11-17,989.2160034179688,12813968
2020-11-18,977.6397705078125,9839468
2020-11-19,965.491455078125,10092343
2020-11-20,971.3013305664062,8063554
2020-11-23,1003.4330444335938,10546363
2020-11-24,1003.6090698242188,8515426
2020-11-25,982.1294555664062,8958701
2020-11-26,979.97265625,10962256
2020-11-27,968.3524780273438,25306145
2020-12-01,1001.67236328125,8933802
2020-12-02,1004.3576049804688,6741637
2020-12-03,991.63671875,16212632
2020-12-04,998.8554077148438,10564055
2020-12-07,1006.6463012695312,7792141
2020-12-08,1015.3174438476562,12308330
2020-12-09,1034.5523681640625,10039346
2020-12-10,1027.994140625,9488782
2020-12-11,1023.988525390625,10574009
2020-12-14,1025.1771240234375,6728187
2020-12-15,1016.4178466796875,6905926
2020-12-16,1026.1893310546875,7788404
2020-12-17,1020.4674682617188,6658153
2020-12-18,1047.405029296875,15995676
2020-12-21,1036.4010009765625,10858352
2020-12-22,1074.430908203125,10901851
2020-12-23,1103.085205078125,15878346
2020-12-24,1088.119873046875,7313885
2020-12-28,1091.861328125,4607051
2020-12-29,1100.66455078125,6878105
2020-12-30,1097.583251953125,5194690
2020-12-31,1105.5062255859375,7430470
2021-01-01,1109.599609375,4253550
2021-01-04,1134.07275390625,7208454
2021-01-05,1138.95849609375,8145280
2021-01-06,1128.658447265625,7161715
2021-01-07,1111.0963134765625,10954918
2021-01-08,1155.0679931640625,13186251
2021-01-11,1211.4967041015625,20528626
2021-01-12,1207.5794677734375,8309868
2021-01-13,1221.1363525390625,14442997
2021-01-14,1206.4791259765625,27521697
2021-01-15,1183.98681640625,15018441
2021-01-18,1155.0242919921875,8861765
2021-01-19,1159.07373046875,5585744
2021-01-20,1179.14501953125,8225838
2021-01-21,1179.3648681640625,6142421
2021-01-22,1180.37744140625,9646591
2021-01-25,1166.5123291015625,6542611
2021-01-27,1145.296630859375,8133665
2021-01-28,1123.46484375,4660690
2021-01-29,1090.7608642578125,12183519
2021-02-01,1109.995849609375,8880279
2021-02-02,1119.107177734375,6892490
2021-02-03,1130.9033203125,8182968
2021-02-04,1126.2376708984375,5032240
2021-02-05,1119.8553466796875,5477481
2021-02-08,1147.54150390625,6921922
2021-02-09,1149.3021240234375,7965949
2021-02-10,1141.3353271484375,5951207
2021-02-11,1137.946044921875,4673317
2021-02-12,1153.0438232421875,5797875
2021-02-15,1152.911376953125,4363513
2021-02-16,1135.9652099609375,6896421
2021-02-17,1127.9542236328125,4575741
2021-02-18,1137.7701416015625,6437551
2021-02-19,1136.7576904296875,5389696
2021-02-22,1113.7811279296875,7371303
2021-02-23,1114.7935791015625,6612942
2021-02-24,1121.792236328125,4537258
2021-02-25,1122.012451171875,8788221
2021-02-26,1103.3056640625,15132388
2021-03-01,1115.36572265625,5756286
2021-03-02,1148.377685546875,10461434
2021-03-03,1182.7542724609375,9056399
2021-03-04,1171.1341552734375,12041941
2021-03-05,1159.11767578125,6486176
2021-03-08,1175.8878173828125,5119392
2021-03-09,1184.5150146484375,6518173
2021-03-10,1204.41015625,7925984
2021-03-12,1210.308349609375,9462061
2021-03-15,1209.2078857421875,6658635
2021-03-16,1218.36328125,9352771
2021-03-17,1221.00439453125,7626744
2021-03-18,1177.0762939453125,10961755
2021-03-19,1183.5465087890625,12767112
2021-03-22,1206.7431640625,4862758
2021-03-23,1207.4034423828125,7165335
2021-03-24,1191.7335205078125,6134303
2021-03-25,1174.1712646484375,8749994
2021-03-26,1176.2838134765625,4922071
2021-03-30,1219.507568359375,10546381
2021-03-31,1204.3223876953125,8220987
2021-04-01,1219.4195556640625,5675155
2021-04-05,1241.163818359375,9479572
2021-04-06,1242.1761474609375,5793571
2021-04-07,1259.033935546875,5879234
2021-04-08,1267.529052734375,5654434
2021-04-09,1268.58544921875,6052712
2021-04-12,1255.1165771484375,20384532
2021-04-13,1229.9395751953125,14855206
2021-04-15,1197.8956298828125,25342491
2021-04-16,1191.7335205078125,10879878
2021-04-19,1199.48046875,12508028
2021-04-20,1189.620849609375,8560766
2021-04-22,1189.4007568359375,6622446
2021-04-23,1174.1712646484375,7316262
2021-04-26,1182.7542724609375,7088606
2021-04-27,1187.112060546875,3636115
2021-04-28,1193.7144775390625,4879234
2021-04-29,1194.022216796875,5412357
2021-04-30,1192.26171875,8354677
2021-05-03,1190.237060546875,4560337
2021-05-04,1170.2979736328125,4887060
2021-05-05,1180.9498291015625,3939788
2021-05-06,1198.64404296875,4810090
2021-05-07,1190.6773681640625,4991435
2021-05-10,1179.23291015625,7195348
2021-05-11,1171.398193359375,6420988
2021-05-12,1168.18505859375,5241898
2021-05-14,1158.8536376953125,4824609
2021-05-17,1170.2979736328125,5017129
2021-05-18,1179.629150390625,5620150
2021-05-19,1176.9881591796875,4435878
2021-05-20,1179.012939453125,4490092
2021-05-21,1192.393798828125,4969733
2021-05-24,1186.7158203125,4225371
2021-05-25,1198.64404296875,4099340
2021-05-26,1230.027587890625,6850024
2021-05-27,1234.42919921875,15365391
2021-05-28,1236.89404296875,4261312
2021-05-31,1240.186279296875,4429904
2021-06-01,1234.3580322265625,4791325
2021-06-02,1226.75,9272276
2021-06-03,1236.5380859375,5115645
2021-06-04,1232.97900390625,4194328
2021-06-07,1236.5380859375,5154576
2021-06-08,1257.270751953125,7360630
2021-06-09,1259.362060546875,5394317
2021-06-10,1267.3704833984375,3496575
2021-06-11,1287.480224609375,6140828
2021-06-14,1300.73876953125,7132294
2021-06-15,1311.5054931640625,5403104
2021-06-16,1317.46728515625,7661710
2021-06-17,1330.547607421875,7677951
2021-06-18,1337.6661376953125,13533974
2021-06-21,1334.996826171875,5454052
2021-06-22,1345.2740478515625,6427862
2021-06-23,1337.5328369140625,5529809
2021-06-24,1387.406982421875,10785137
2021-06-25,1400.75439453125,9780240
2021-06-28,1398.618896484375,5019178
2021-06-29,1390.8330078125,5913567
2021-06-30,1406.627197265625,6058722
2021-07-01,1388.4747314453125,4814317
2021-07-02,1395.0595703125,5166064
2021-07-05,1404.9810791015625,4058338
2021-07-06,1390.076416015625,4089574
2021-07-07,1392.2119140625,4797120
2021-07-08,1388.786376953125,3326813
2021-07-09,1390.6993408203125,3436594
2021-07-12,1377.3074951171875,4588982
2021-07-13,1374.72705078125,4456160
2021-07-14,1403.156982421875,5657716
2021-07-15,1406.627197265625,10021355
2021-07-16,1384.070068359375,6265593
2021-07-19,1371.835205078125,5669162
2021-07-20,1379.26513671875,5069939
2021-07-22,1414.991455078125,7854575
2021-07-23,1415.214111328125,4179719
2021-07-26,1427.1820068359375,4586710
2021-07-27,1425.9808349609375,5892859
2021-07-28,1428.6947021484375,4686788
2021-07-29,1438.8387451171875,4660873
2021-07-30,1433.0548095703125,6234257
2021-08-02,1451.78564453125,5553389
2021-08-03,1472.8297119140625,5513668
2021-08-04,1467.5352783203125,6740391
2021-08-05,1471.361572265625,5420536
2021-08-06,1468.3807373046875,3754855
2021-08-09,1480.0374755859375,5018477
2021-08-10,1492.4503173828125,6846517
2021-08-11,1492.7174072265625,4899639
2021-08-12,1503.4395751953125,5659579
2021-08-13,1523.5494384765625,5612790
2021-08-16,1516.60888671875,4564109
2021-08-17,1549.754638671875,9510390
2021-08-18,1542.4581298828125,6686090
2021-08-20,1542.0133056640625,6206972
2021-08-23,1547.1741943359375,6189051
2021-08-24,1531.24658203125,7602939
2021-08-25,1544.326904296875,6153253
2021-08-26,1537.3416748046875,5302248
2021-08-27,1520.5242919921875,6698514
2021-08-30,1510.9586181640625,6559667
2021-08-31,1518.4329833984375,12255438
2021-09-01,1492.8951416015625,7801974
2021-09-02,1502.9947509765625,6830050
2021-09-03,1513.2720947265625,5339139
2021-09-06,1539.7442626953125,4876026
2021-09-07,1518.611328125,3520341
2021-09-08,1506.6875,4584896
2021-09-09,1505.21923828125,3331674
2021-09-13,1505.4862060546875,4662374
2021-09-14,1500.3697509765625,4945167
2021-09-15,1522.8822021484375,4062344
2021-09-16,1514.69580078125,3246568
2021-09-17,1504.952392578125,7454864
2021-09-20,1501.882080078125,5660743
2021-09-21,1529.11083984375,4672222
2021-09-22,1527.731689453125,4553892
2021-09-23,1550.5555419921875,3826090
2021-09-24,1569.508544921875,8280446
2021-09-27,1531.513427734375,5045337
2021-09-28,1501.2149658203125,6557197
2021-09-29,1505.797607421875,7792548
2021-09-30,1490.6260986328125,6914031
2021-10-01,1481.6834716796875,5733906
2021-10-04,1493.784912109375,2947154
2021-10-05,1506.287109375,4373310
2021-10-06,1489.157958984375,4271698
2021-10-07,1504.685302734375,5476108
2021-10-08,1533.916015625,4738376
2021-10-11,1504.6407470703125,8840633
2021-10-12,1499.47998046875,7439300
2021-10-13,1520.8800048828125,7104171
2021-10-14,1526.70849609375,19655776
2021-10-18,1594.69091796875,13438109
2021-10-19,1621.38525390625,10324260
2021-10-20,1603.7666015625,5876115
2021-10-21,1560.4326171875,8779629
2021-10-22,1530.312255859375,7369809
2021-10-25,1519.4117431640625,5905209
2021-10-26,1529.421142578125,5871709
2021-10-27,1552.08837890625,5090259
2021-10-28,1529.6009521484375,5329972
2021-10-29,1497.148681640625,5875091
2021-11-01,1526.144775390625,3636806
2021-11-02,1524.2147216796875,3471772
2021-11-03,1528.3441162109375,3530713
2021-11-04,1533.90966796875,483407
2021-11-08,1559.763671875,5245903
2021-11-09,1564.252197265625,4016134
2021-11-10,1562.142578125,4780368
2021-11-11,1555.993408203125,4731349
2021-11-12,1598.0958251953125,5069009
2021-11-15,1604.3348388671875,4354074
2021-11-16,1608.9581298828125,6034233
2021-11-17,1604.60400390625,4732492
2021-11-18,1597.3778076171875,4326924
2021-11-22,1579.4234619140625,6621839
2021-11-23,1559.2252197265625,8436160
2021-11-24,1522.509033203125,7333061
2021-11-25,1546.2083740234375,4476260
2021-11-26,1518.603759765625,4494181
2021-11-29,1522.8231201171875,3942776
2021-11-30,1537.455810546875,14808963
2021-12-01,1539.4755859375,5193264
2021-12-02,1569.4140625,5559574
2021-12-03,1558.013427734375,6754012
2021-12-06,1521.8807373046875,3991449
2021-12-07,1536.55810546875,4202122
2021-12-08,1573.9921875,3029169
2021-12-09,1583.05908203125,2082171
2021-12-10,1579.2889404296875,1823469
2021-12-13,1566.1822509765625,4040584
2021-12-14,1572.9151611328125,4768144
2021-12-15,1556.80126953125,3053149
2021-12-16,1590.3753662109375,4481031
2021-12-17,1634.58740234375,18887243
2021-12-20,1614.8829345703125,5773891
2021-12-21,1626.2838134765625,5353584
2021-12-22,1638.043701171875,4156428
2021-12-23,1667.578125,4112933
2021-12-24,1672.8748779296875,3780347
2021-12-27,1675.2535400390625,2647733
2021-12-28,1694.8685302734375,3340933
2021-12-29,1692.669189453125,3236635
2021-12-30,1699.2222900390625,4584738
2021-12-31,1694.6439208984375,4619420
2022-01-03,1704.2493896484375,3329616
2022-01-04,1704.8778076171875,3921999
2022-01-05,1655.9530029296875,6995719
2022-01-06,1631.849609375,6449205
2022-01-07,1628.7076416015625,4834389
2022-01-10,1661.4288330078125,7857560
2022-01-11,1665.7828369140625,5142287
2022-01-12,1685.397705078125,5362535
2022-01-13,1702.768310546875,14277630
2022-01-14,1731.9886474609375,7688506
2022-01-17,1741.10009765625,5262464
2022-01-18,1724.2681884765625,3690315
2022-01-19,1676.0615234375,5747770
2022-01-20,1637.145751953125,5533463
2022-01-21,1603.033203125,8252758
2022-01-24,1559.13525390625,7116712
2022-01-25,1545.9840087890625,9137653
2022-01-27,1506.8887939453125,11231734
2022-01-28,1513.7113037109375,10998502
2022-01-31,1558.5968017578125,8788872
2022-02-01,1590.7794189453125,5119935
2022-02-02,1604.2899169921875,4253717
2022-02-03,1560.706298828125,3832922
2022-02-04,1562.995361328125,4700077
2022-02-07,1539.5653076171875,4310209
2022-02-08,1541.630126953125,6053401
2022-02-09,1559.5841064453125,3867244
2022-02-10,1588.5799560546875,4334630
2022-02-11,1545.2657470703125,7551371
2022-02-14,1510.12060546875,7459637
2022-02-15,1560.43701171875,4669915
2022-02-16,1555.993408203125,5350642
2022-02-17,1548.3629150390625,3937950
2022-02-18,1532.3387451171875,5602215
2022-02-21,1553.6593017578125,5120890
2022-02-22,1556.935791015625,8878515
2022-02-23,1564.56640625,5478811
2022-02-24,1506.48486328125,13592379
2022-02-25,1521.252197265625,9737281
2022-02-28,1540.1038818359375,15076542
2022-03-02,1528.6134033203125,6771489
2022-03-03,1544.8170166015625,7344147
2022-03-04,1547.0162353515625,9074499
2022-03-07,1561.873291015625,9742588
2022-03-08,1596.30029296875,10984500
2022-03-09,1627.854736328125,10193515
2022-03-10,1639.120849609375,6547182
2022-03-11,1635.619873046875,4758657
2022-03-14,1697.2921142578125,10289724
2022-03-15,1651.1500244140625,7140443
2022-03-16,1696.125244140625,5233979
2022-03-17,1664.8848876953125,17731459
2022-03-21,1663.49365234375,8362085
2022-03-22,1694.3297119140625,5709382
2022-03-23,1680.8642578125,6192824
2022-03-24,1693.7015380859375,3784303
2022-03-25,1684.5897216796875,3438588
2022-03-28,1682.2108154296875,4008555
2022-03-29,1693.072998046875,3917785
2022-03-30,1709.1868896484375,7795839
2022-03-31,1711.790283203125,5399145
2022-04-01,1708.827880859375,6171518
2022-04-04,1690.3350830078125,7364074
2022-04-05,1670.72021484375,5472024
2022-04-06,1641.769287109375,5407453
2022-04-07,1625.7452392578125,5797544
2022-04-08,1628.9769287109375,5131446
2022-04-11,1585.842041015625,8248407
2022-04-12,1564.2071533203125,6456184
2022-04-13,1569.68359375,6257693
2022-04-18,1455.5400390625,30523965
2022-04-19,1402.2164306640625,17044923
2022-04-20,1425.287353515625,10678747
2022-04-21,1453.2059326171875,7766514
2022-04-22,1423.267578125,8134245
2022-04-25,1401.408447265625,7000570
2022-04-26,1419.272705078125,5345435
2022-04-27,1393.9576416015625,8819356
2022-04-28,1420.7093505859375,9245177
2022-04-29,1407.19873046875,9831395
2022-05-02,1383.3646240234375,7072627
2022-05-04,1378.4720458984375,6220959
2022-05-05,1422.998291015625,6144870
2022-05-06,1385.0252685546875,6171472
2022-05-09,1409.7120361328125,6832202
2022-05-10,1394.136962890625,6212545
2022-05-11,1370.572265625,7846080
2022-05-12,1354.45849609375,7034979
2022-05-13,1350.508544921875,6723761
2022-05-16,1336.773681640625,6145331
2022-05-17,1363.121337890625,6516378
2022-05-18,1354.8173828125,6594126
2022-05-19,1281.160888671875,16561140
2022-05-20,1306.296630859375,10488908
2022-05-23,1318.191162109375,5887569
2022-05-24,1293.5938720703125,5693167
2022-05-25,1266.1690673828125,9630092
2022-05-26,1278.2879638671875,13040065
2022-05-27,1311.8621826171875,8284860
2022-05-30,1370.6170654296875,10904213
2022-05-31,1364.0850830078125,16033857
2022-06-01,1341.3597412109375,8738508
2022-06-02,1368.0770263671875,7205840
2022-06-03,1380.5057373046875,9395707
2022-06-06,1388.0811767578125,6624883
2022-06-07,1366.8973388671875,4904592
2022-06-08,1360.8192138671875,4697608
2022-06-09,1374.427490234375,4361061
2022-06-10,1339.7718505859375,6516436
2022-06-13,1292.32470703125,6987685
2022-06-14,1306.885498046875,6090247
2022-06-15,1290.2379150390625,4651958
2022-06-16,1267.5576171875,6641772
2022-06-17,1258.576416015625,9692047
2022-06-20,1282.93505859375,4595194
2022-06-21,1315.367919921875,6270787
2022-06-22,1303.8914794921875,6253366
2022-06-23,1317.6812744140625,6254281
2022-06-24,1307.38427734375,6114340
2022-06-27,1337.7760009765625,4511097
2022-06-28,1342.81103515625,4412178
2022-06-29,1327.4793701171875,5060038
2022-06-30,1326.254638671875,9165177
2022-07-01,1342.1307373046875,4651635
2022-07-04,1349.9327392578125,4800224
2022-07-05,1339.0006103515625,7379669
2022-07-06,1353.243896484375,5209162
2022-07-07,1359.639892578125,3323472
2022-07-08,1373.9285888671875,3652582
2022-07-11,1336.460693359375,4702638
2022-07-12,1305.1163330078125,4710356
2022-07-13,1310.423583984375,5264025
2022-07-14,1296.2711181640625,6157606
2022-07-15,1297.6318359375,5620018
2022-07-18,1351.6563720703125,5835171
2022-07-19,1346.43994140625,3418540
2022-07-20,1374.6995849609375,5079392
2022-07-21,1390.66650390625,5008061
2022-07-22,1366.53466796875,7020642
2022-07-25,1364.0850830078125,7859626
2022-07-26,1316.5020751953125,7268273
2022-07-27,1334.5555419921875,4517285
2022-07-28,1376.604736328125,6636841
2022-07-29,1405.9078369140625,7009465
2022-08-01,1407.132568359375,2983249
2022-08-02,1400.3736572265625,4374635
2022-08-03,1420.785888671875,6011955
2022-08-04,1451.4498291015625,7402209
2022-08-05,1466.645751953125,5361971
2022-08-08,1469.1405029296875,3763409
2022-08-10,1453.76318359375,4423829
2022-08-11,1469.639404296875,3462090
2022-08-12,1446.1881103515625,3562286
2022-08-16,1448.31982421875,3004430
2022-08-17,1457.2105712890625,4067324
2022-08-18,1436.072509765625,4635706
2022-08-19,1448.9095458984375,4739884
2022-08-22,1429.449951171875,3950555
2022-08-23,1399.2850341796875,5551574
2022-08-24,1394.8397216796875,2888426
2022-08-25,1377.28515625,4331088
2022-08-26,1380.36962890625,3079136
2022-08-29,1326.118408203125,8079050
2022-08-30,1354.42333984375,6725875
2022-09-01,1328.3409423828125,8140604
2022-09-02,1318.18017578125,5175653
2022-09-05,1325.710205078125,3669352
2022-09-06,1320.0853271484375,3428442
2022-09-07,1322.398681640625,3600574
2022-09-08,1338.955322265625,4061475
2022-09-09,1371.388427734375,4816910
2022-09-12,1393.6602783203125,5494819
2022-09-13,1401.5985107421875,4947158
2022-09-14,1338.5018310546875,14332197
2022-09-15,1299.854736328125,12784100
2022-09-16,1249.2774658203125,20464045
2022-09-19,1261.2979736328125,6595241
2022-09-20,1259.71044921875,7219797
2022-09-21,1249.4588623046875,7917054
2022-09-22,1241.0218505859375,9168498
2022-09-23,1238.753662109375,10426200
2022-09-26,1252.1805419921875,9414587
2022-09-27,1264.24658203125,8561254
2022-09-28,1265.2899169921875,7022098
2022-09-29,1268.873291015625,6119965
2022-09-30,1282.2999267578125,8120130
2022-10-03,1264.4278564453125,4943169
2022-10-04,1296.77001953125,6631341
2022-10-06,1320.130859375,6180672
2022-10-07,1316.54736328125,3994466
2022-10-10,1326.9349365234375,5274677
2022-10-11,1291.689697265625,12824774
2022-10-12,1296.135009765625,5481467
2022-10-13,1288.151611328125,4821514
2022-10-14,1337.45849609375,14990688
2022-10-17,1351.70166015625,4286396
2022-10-18,1364.176025390625,4692004
2022-10-19,1347.6192626953125,3553171
2022-10-20,1361.6357421875,4583939
2022-10-21,1361.27294921875,3594485
2022-10-24,1377.0128173828125,982837
2022-10-25,1384.6790771484375,3914341
2022-10-27,1397.65625,6760137
2022-10-28,1387.843017578125,3053981
2022-10-31,1410.2210693359375,4542336
2022-11-01,1442.641357421875,4542692
2022-11-02,1424.573974609375,2938906
2022-11-03,1403.892822265625,3174027
2022-11-04,1388.5308837890625,4509682
2022-11-07,1382.523681640625,4898592
2022-11-09,1385.9630126953125,3334755
2022-11-10,1377.4794921875,3435763
2022-11-11,1439.9815673828125,7214098
2022-11-14,1453.922119140625,4908813
2022-11-15,1461.901123046875,3497614
2022-11-16,1469.9718017578125,4497697
2022-11-17,1455.8480224609375,3469515
2022-11-18,1461.350830078125,3126064
2022-11-21,1438.2392578125,3071764
2022-11-22,1453.69287109375,3399329
2022-11-23,1451.9503173828125,3245067
2022-11-24,1494.7342529296875,5282215
2022-11-25,1500.099365234375,4563255
2022-11-28,1488.86474609375,3825766
2022-11-29,1494.0465087890625,3131710
2022-11-30,1499.4573974609375,11868134
2022-12-01,1519.7718505859375,5407928
2022-12-02,1502.1630859375,4283343
2022-12-05,1503.8597412109375,3824966
2022-12-06,1479.23486328125,4822398
2022-12-07,1472.447998046875,4898087
2022-12-08,1485.8841552734375,4206837
2022-12-09,1439.248046875,8880658
2022-12-12,1418.9793701171875,8037679
2022-12-13,1441.86181640625,6135067
2022-12-14,1448.5111083984375,4976020
2022-12-15,1412.834716796875,6443866
2022-12-16,1396.05126953125,9630453
2022-12-19,1382.43212890625,6222740
2022-12-20,1382.38623046875,7396259
2022-12-21,1384.4495849609375,6236361
2022-12-22,1395.913818359375,6302640
2022-12-23,1373.0313720703125,6283822
2022-12-26,1377.8922119140625,4115459
2022-12-27,1389.310546875,4860076
2022-12-28,1384.9998779296875,5029860
2022-12-29,1391.78662109375,4624745
2022-12-30,1383.2115478515625,5060544
2023-01-02,1397.7021484375,3801140
2023-01-03,1396.3724365234375,4551130
2023-01-04,1370.922119140625,7059590
2023-01-05,1352.9462890625,9868404
2023-01-06,1328.4591064453125,6443714
2023-01-09,1361.4296875,11498717
2023-01-10,1347.947998046875,7158624
2023-01-11,1349.32373046875,6173092
2023-01-12,1357.89892578125,6591385
2023-01-13,1379.0386962890625,11610426
2023-01-16,1399.0777587890625,6073063
2023-01-17,1411.9176025390625,5922644
2023-01-18,1417.32861328125,5843098
2023-01-19,1411.3673095703125,6165284
2023-01-20,1399.123779296875,6496429
2023-01-23,1419.71337890625,4855020
2023-01-24,1423.2900390625,5200802
2023-01-25,1415.1275634765625,4158617
2023-01-27,1393.2540283203125,6209955
2023-01-30,1411.275634765625,6964719
2023-01-31,1406.6441650390625,9448126
2023-02-01,1422.556396484375,6194199
2023-02-02,1452.50048828125,6916834
2023-02-03,1466.8536376953125,7040194
2023-02-06,1439.75244140625,4570612
2023-02-07,1432.9197998046875,4336238
2023-02-08,1458.691162109375,7983338
2023-02-09,1482.9949951171875,6904911
2023-02-10,1475.245361328125,4786762
2023-02-13,1437.55126953125,4001199
2023-02-14,1461.213134765625,5043736
2023-02-15,1464.6983642578125,3465747
2023-02-16,1469.0546875,4290289
2023-02-17,1452.54638671875,2857734
2023-02-20,1460.4793701171875,2417716
2023-02-21,1448.6026611328125,2723288
2023-02-22,1432.3697509765625,3656244
2023-02-23,1422.189453125,4766854
2023-02-24,1422.1435546875,2790986
2023-02-27,1384.220458984375,4920268
2023-02-28,1364.2728271484375,9679811
2023-03-01,1372.068603515625,5125043
2023-03-02,1350.1490478515625,4644499
2023-03-03,1356.70654296875,4615015
2023-03-06,1382.523681640625,6561742
2023-03-08,1368.9959716796875,4137080
2023-03-09,1357.7154541015625,5104656
2023-03-10,1349.598876953125,3699580
2023-03-13,1316.16943359375,8798403
2023-03-14,1302.32080078125,7402784
2023-03-15,1301.9998779296875,7556182
2023-03-16,1287.738525390625,7323117
2023-03-17,1302.962890625,9090018
2023-03-20,1287.3258056640625,8221829
2023-03-21,1275.448974609375,8536755
2023-03-22,1274.119140625,8356487
2023-03-23,1260.637451171875,7607718
2023-03-24,1266.23193359375,7559127
2023-03-27,1273.843994140625,4170193
2023-03-28,1263.434814453125,6633366
2023-03-29,1268.8917236328125,8813966
2023-03-31,1309.612060546875,8711975
2023-04-03,1293.9293212890625,5242764
2023-04-05,1305.57666015625,7506334
2023-04-06,1304.0634765625,6948465
2023-04-10,1309.2908935546875,4993788
2023-04-11,1289.6187744140625,6942255
2023-04-12,1309.9332275390625,5831169
2023-04-13,1274.0732421875,11267238
2023-04-17,1154.0213623046875,53171705
2023-04-18,1154.9842529296875,12430884
2023-04-19,1130.0843505859375,11307230
2023-04-20,1122.013671875,8621249
2023-04-21,1125.636474609375,8691352
2023-04-24,1124.67333984375,8313774
2023-04-25,1123.3892822265625,6808576
2023-04-26,1125.8197021484375,5680192
2023-04-27,1142.969970703125,8020704
2023-04-28,1148.931396484375,10118277
2023-05-02,1171.584228515625,8886401
2023-05-03,1163.9722900390625,5549783
2023-05-04,1168.0076904296875,4505401
2023-05-05,1154.7550048828125,5373791
2023-05-08,1160.7164306640625,5260842
2023-05-09,1165.393798828125,4969897
2023-05-10,1158.561279296875,6515734
2023-05-11,1152.003662109375,6888461
2023-05-12,1142.007080078125,8292212
2023-05-15,1154.0672607421875,5534710
2023-05-16,1159.5242919921875,5236469
2023-05-17,1143.5662841796875,10465667
2023-05-18,1142.7408447265625,6948732
2023-05-19,1163.7430419921875,11094136
2023-05-22,1185.6622314453125,7625947
2023-05-23,1192.3114013671875,7436031
2023-05-24,1191.0274658203125,4824077
2023-05-25,1196.2550048828125,4334121
2023-05-26,1208.2694091796875,5521606
2023-05-29,1205.4722900390625,4419365
2023-05-30,1214.1390380859375,6274719
2023-05-31,1209.049072265625,17800782
2023-06-01,1210.1494140625,4277841
2023-06-02,1207.361328125,10909311
2023-06-05,1212.47314453125,5002553
2023-06-06,1188.772216796875,10008100
2023-06-07,1198.02001953125,5397578
2023-06-08,1192.30419921875,5034942
2023-06-09,1176.6427001953125,5339073
2023-06-12,1200.8084716796875,4785588
2023-06-13,1212.798583984375,4846587
2023-06-14,1208.6624755859375,3457981
2023-06-15,1196.0220947265625,6161155
2023-06-16,1200.5296630859375,8536287
2023-06-19,1202.714111328125,4451787
2023-06-20,1211.4508056640625,4009180
2023-06-21,1207.6865234375,4041529
2023-06-22,1191.142333984375,6676607
2023-06-23,1175.759765625,7239467
2023-06-26,1180.7322998046875,3403244
2023-06-27,1188.91162109375,3240024
2023-06-28,1202.10986328125,5662358
2023-06-30,1241.2862548828125,12821692
2023-07-03,1239.6131591796875,7732412
2023-07-04,1250.255615234375,5797775
2023-07-05,1252.25390625,5414936
2023-07-06,1249.093994140625,5963897
2023-07-07,1236.360107421875,6295647
2023-07-10,1235.3843994140625,3940315
2023-07-11,1253.462158203125,6126128
2023-07-12,1239.2415771484375,8102770
2023-07-13,1268.7982177734375,9977644
2023-07-14,1325.3553466796875,12833381
2023-07-17,1322.5670166015625,11569884
2023-07-18,1371.131103515625,16743977
2023-07-19,1370.898681640625,13687062
2023-07-20,1347.244140625,8347221
2023-07-21,1237.6614990234375,45548305
2023-07-24,1242.3087158203125,8859789
2023-07-25,1240.4498291015625,6801982
2023-07-26,1253.6944580078125,5528885
2023-07-27,1257.6912841796875,9191861
2023-07-28,1245.93359375,6122735
2023-07-31,1260.0611572265625,7902180
2023-08-01,1268.89111328125,6064652
2023-08-02,1261.1300048828125,7419145
2023-08-03,1268.0545654296875,6503741
2023-08-04,1281.113525390625,5712345
2023-08-07,1294.7298583984375,3729093
2023-08-08,1292.1273193359375,4161877
2023-08-09,1296.0311279296875,4090828
2023-08-10,1291.10498046875,3873025
2023-08-11,1275.0718994140625,5783517
2023-08-14,1295.2412109375,4304135
2023-08-16,1318.43115234375,7735313
2023-08-17,1311.971435546875,5618346
2023-08-18,1290.8262939453125,5134103
2023-08-21,1306.255126953125,3032722
2023-08-22,1304.7216796875,2890714
2023-08-23,1308.625244140625,2559125
2023-08-24,1323.171142578125,5171963
2023-08-25,1319.9180908203125,4307172
2023-08-28,1315.7822265625,3133464
2023-08-29,1317.64111328125,3074444
2023-08-30,1333.906494140625,3070887
2023-08-31,1334.1851806640625,9792735
2023-09-01,1341.992919921875,3582133
2023-09-04,1361.7435302734375,4609014
2023-09-05,1374.5701904296875,5496840
2023-09-06,1373.222412109375,5075786
2023-09-07,1362.76611328125,4411743
2023-09-08,1365.9261474609375,3125838
2023-09-11,1372.292724609375,4182226
2023-09-12,1395.2041015625,6793161
2023-09-13,1392.6480712890625,4804686
2023-09-14,1400.6412353515625,6444213
2023-09-15,1404.96337890625,8657816
2023-09-18,1386.56005859375,3991916
2023-09-20,1385.119384765625,4169337
2023-09-21,1395.80810546875,6779195
2023-09-22,1390.603271484375,5455613
2023-09-25,1370.1551513671875,4217863
2023-09-26,1357.6075439453125,3996528
2023-09-27,1363.5096435546875,3863586
2023-09-28,1337.9031982421875,5814602
2023-09-29,1334.1851806640625,6068968
2023-10-03,1332.8375244140625,4181867
2023-10-04,1342.45751953125,4510406
2023-10-05,1360.2099609375,7384621
2023-10-06,1374.38427734375,3598672
2023-10-09,1371.36328125,3567552
2023-10-10,1389.673828125,5688951
2023-10-11,1388.9766845703125,7220129
2023-10-12,1362.1153564453125,11081662
2023-10-13,1330.1885986328125,17973439
2023-10-16,1332.97705078125,4850745
2023-10-17,1340.69140625,3923764
2023-10-18,1338.925537109375,4264837
2023-10-19,1332.5123291015625,6795691
2023-10-20,1326.5638427734375,3928622
2023-10-23,1309.27587890625,2636516
2023-10-25,1289.88134765625,6940777
2023-10-26,1279.901611328125,6357656
2023-10-27,1299.57861328125,4634358
2023-10-30,1296.4718017578125,2667696
2023-10-31,1288.327880859375,3451595
2023-11-01,1274.9117431640625,3090672
2023-11-02,1289.9754638671875,3758060
2023-11-03,1307.76953125,3349045
2023-11-06,1321.185791015625,2736381
2023-11-07,1322.127197265625,2272209
2023-11-08,1309.60546875,3550635
2023-11-09,1294.3533935546875,5498051
2023-11-10,1288.7515869140625,2943649
2023-11-13,1293.176513671875,3462092
2023-11-15,1327.96435546875,8551860
2023-11-16,1360.3515625,6673907
2023-11-17,1353.4315185546875,4901251
2023-11-20,1352.5369873046875,3584210
2023-11-21,1354.796630859375,3793135
2023-11-22,1372.49658203125,3108786
2023-11-23,1364.447021484375,3186928
2023-11-24,1353.2904052734375,2973195
2023-11-28,1358.280029296875,3755373
2023-11-29,1374.1912841796875,3875778
2023-11-30,1370.001708984375,10120867
2023-12-01,1367.3184814453125,3489187
2023-12-04,1378.6632080078125,5511948
2023-12-05,1368.871826171875,5123039
2023-12-06,1388.03125,5269178
2023-12-07,1380.1226806640625,4424453
2023-12-08,1403.8951416015625,6323433
2023-12-11,1401.400146484375,3862018
2023-12-12,1389.6787109375,6103494
2023-12-13,1364.2115478515625,8549258
2023-12-14,1413.5924072265625,12489858
2023-12-15,1486.039794921875,18395389
2023-12-18,1472.811767578125,6467243
2023-12-19,1467.115966796875,4221721
2023-12-20,1446.4971923828125,6592367
2023-12-21,1446.1207275390625,5319038
2023-12-22,1471.4466552734375,6741060
2023-12-26,1453.60546875,6878067
2023-12-27,1475.40087890625,4225849
2023-12-28,1471.2113037109375,5702253
2023-12-29,1452.616943359375,4388990
2024-01-01,1460.572509765625,2808451
2024-01-02,1444.6143798828125,5396313
2024-01-03,1402.8125,7550363
2024-01-04,1424.18408203125,7056038
2024-01-05,1442.87255859375,8895403
2024-01-08,1433.6932373046875,4440136
2024-01-09,1439.8128662109375,4412074
2024-01-10,1430.962890625,4096845
2024-01-11,1406.7666015625,11296088
2024-01-12,1518.3797607421875,26754401
2024-01-15,1555.4271240234375,13228305
2024-01-16,1536.0797119140625,6500917
2024-01-17,1544.2232666015625,9209876
2024-01-18,1546.4830322265625,6375464
2024-01-19,1562.111572265625,4522736
2024-01-23,1546.0595703125,9401255
2024-01-24,1577.36376953125,8999681
2024-01-25,1571.432373046875,8865304
2024-01-29,1559.663818359375,4253785
2024-01-30,1554.8150634765625,4995943
2024-01-31,1563.7122802734375,6763779
2024-02-01,1560.0875244140625,5760011
2024-02-02,1594.2633056640625,7858483
2024-02-05,1588.4732666015625,3634135
2024-02-06,1628.2508544921875,7694265
2024-02-07,1594.639892578125,4613877
2024-02-08,1593.08642578125,5919715
2024-02-09,1571.667724609375,4600004
2024-02-12,1581.7886962890625,3555808
2024-02-13,1585.978271484375,2696481
2024-02-14,1568.7020263671875,3768579
2024-02-15,1578.258056640625,4834391
2024-02-16,1602.0777587890625,4880654
2024-02-19,1600.288818359375,3690993
2024-02-20,1586.6373291015625,3706389
2024-02-21,1558.67529296875,4300508
2024-02-22,1582.9654541015625,5841277
2024-02-23,1578.728759765625,5373072
2024-02-26,1563.006103515625,2782438
2024-02-27,1566.254150390625,5159088
2024-02-28,1573.45654296875,3188916
2024-02-29,1575.951416015625,7814722
2024-03-01,1557.875,6387291
2024-03-04,1541.39892578125,4445156
2024-03-05,1512.495361328125,4596579
2024-03-06,1522.8988037109375,6420684
2024-03-07,1521.8631591796875,6348359
2024-03-11,1506.940673828125,6752895
2024-03-12,1518.5679931640625,4614222
2024-03-13,1517.108642578125,5688997
2024-03-14,1556.5570068359375,8803799
2024-03-15,1538.3861083984375,11809997
2024-03-18,1508.87060546875,4958904
2024-03-19,1470.0814208984375,6870411
2024-03-20,1463.9617919921875,4759059
2024-03-21,1463.7264404296875,11062497
2024-03-22,1420.559326171875,14673890
2024-03-26,1405.307373046875,8351081
2024-03-27,1397.022216796875,6857402
2024-03-28,1410.391357421875,12499530
2024-04-01,1407.943359375,6580002
2024-04-02,1396.0806884765625,7279400
2024-04-03,1394.0096435546875,8736248
2024-04-04,1399.7054443359375,11186915
2024-04-05,1392.5501708984375,5072482
2024-04-08,1390.29052734375,6610887
2024-04-09,1407.3785400390625,9423230
2024-04-10,1418.62939453125,6744595
2024-04-12,1397.86962890625,12275616
2024-04-15,1382.2410888671875,8531224
2024-04-16,1331.6832275390625,16173541
2024-04-18,1336.202392578125,22107945
2024-04-19,1328.67041015625,20603621
2024-04-22,1348.912353515625,5859087
2024-04-23,1357.997802734375,4856174
2024-04-24,1347.0294189453125,4268213
2024-04-25,1354.27880859375,9089398
2024-04-26,1346.5587158203125,8062444
2024-04-29,1350.7952880859375,5055957
2024-04-30,1337.42626953125,6936588
2024-05-02,1331.6832275390625,10076354
2024-05-03,1333.425048828125,8842345
2024-05-06,1342.4632568359375,6445422
2024-05-07,1356.6324462890625,6080661
2024-05-08,1343.7813720703125,6234983
2024-05-09,1355.3145751953125,6088406
2024-05-10,1341.521728515625,8777481
2024-05-13,1340.156494140625,3735954
2024-05-14,1341.33349609375,3463230
2024-05-15,1336.861328125,4327544
2024-05-16,1368.3070068359375,9249145
2024-05-17,1359.78662109375,7542860
2024-05-21,1350.23046875,6752663
2024-05-22,1369.6722412109375,7173285
2024-05-23,1386.2421875,8641428
2024-05-24,1379.369384765625,5277938
2024-05-27,1385.253662109375,5821844
2024-05-28,1381.205322265625,6186922
2024-05-29,1366.04736328125,7401634
2024-05-30,1343.92236328125,9663150
2024-05-31,1351.0770263671875,37113815
2024-06-03,1350.11669921875,10589244
2024-06-04,1338.3526611328125,13736134
2024-06-05,1373.3564453125,9233424
2024-06-06,1413.833984375,12660930
2024-06-07,1472.749755859375,24075302
2024-06-10,1440.2427978515625,6810606
2024-06-11,1436.4014892578125,4853054
2024-06-12,1426.2701416015625,9564320
2024-06-13,1434.6728515625,7307565
2024-06-14,1429.8233642578125,4237727
2024-06-18,1438.7542724609375,5420939
2024-06-19,1451.382568359375,5493456
2024-06-20,1455.27197265625,7927010
2024-06-21,1471.885498046875,17301941
2024-06-24,1466.5556640625,5564989
2024-06-25,1480.7684326171875,4551525
2024-06-26,1479.568115234375,4851004
2024-06-27,1510.922607421875,14757754
2024-06-28,1504.5843505859375,8197544
2024-07-01,1527.68017578125,6801771
2024-07-02,1556.7301025390625,10493173
2024-07-03,1562.8280029296875,7269965
2024-07-04,1585.155517578125,8008311
2024-07-05,1582.082275390625,7065022
2024-07-08,1595.718994140625,5880533
2024-07-09,1591.3975830078125,5191182
2024-07-10,1582.8507080078125,9852770
2024-07-11,1587.1240234375,8857679
2024-07-12,1643.8311767578125,17078316
2024-07-15,1639.317626953125,6942230
2024-07-16,1657.563720703125,6886281
2024-07-18,1688.2940673828125,11248896
2024-07-19,1721.8092041015625,29819116
2024-07-22,1738.9990234375,8462126
2024-07-23,1764.015380859375,7113056
2024-07-24,1761.182373046875,6002845
2024-07-25,1752.4434814453125,5815599
2024-07-26,1804.3489990234375,11369047
2024-07-29,1796.8583984375,4635931
2024-07-30,1802.66845703125,2721265
2024-07-31,1794.121337890625,5004209
2024-08-01,1779.092529296875,7475014
2024-08-02,1748.9383544921875,7400938
2024-08-05,1682.3880615234375,10736703
2024-08-06,1681.619873046875,7690163
2024-08-07,1720.5609130859375,5094329
2024-08-08,1673.9853515625,6227910
2024-08-09,1700.4901123046875,4258524
2024-08-12,1726.082763671875,4315329
2024-08-13,1726.130615234375,4176918
2024-08-14,1750.906982421875,7450718
2024-08-16,1785.1904296875,7335657
2024-08-19,1790.8084716796875,2585989
2024-08-20,1797.9146728515625,3870333
2024-08-21,1798.3948974609375,1966902
2024-08-22,1805.6453857421875,4300287
2024-08-23,1788.215576171875,5015935
2024-08-26,1801.7081298828125,3728589
2024-08-27,1824.707763671875,3830679
2024-08-28,1862.1602783203125,6514531
2024-08-29,1856.6385498046875,7228284
2024-08-30,1866.5777587890625,13466759
2024-09-02,1886.5526123046875,5573739
2024-09-03,1864.2249755859375,4694322
2024-09-04,1846.1708984375,4778310
2024-09-05,1856.4464111328125,4081810
2024-09-06,1826.3883056640625,5848106
2024-09-09,1819.4739990234375,4772612
2024-09-10,1836.423828125,6909600
2024-09-11,1834.35888671875,5312946
2024-09-12,1873.06005859375,8555092
2024-09-13,1866.9619140625,3843127
2024-09-16,1872.867919921875,1570181
2024-09-17,1875.07666015625,2793127
2024-09-18,1817.0732421875,6385468
2024-09-19,1819.041748046875,7976570
2024-09-20,1830.1336669921875,15242974
2024-09-23,1821.2025146484375,3636672
2024-09-24,1823.2672119140625,7277616
2024-09-25,1820.0982666015625,4268341
2024-09-26,1824.8516845703125,8952803
2024-09-27,1831.093994140625,14908931
2024-09-30,1801.179931640625,6986955
2024-10-01,1828.7890625,4029072
2024-10-03,1818.273681640625,7503887
2024-10-04,1842.04150390625,10001483
2024-10-07,1857.55078125,6112575
2024-10-08,1871.2354736328125,5637391
2024-10-09,1875.2686767578125,4857163
2024-10-10,1842.8577880859375,4782119
2024-10-11,1858.3189697265625,4709431
2024-10-14,1881.1746826171875,3751378
2024-10-15,1881.558837890625,5353705
2024-10-16,1843.9141845703125,3111512
2024-10-17,1890.0096435546875,8162822
2024-10-18,1805.0211181640625,10526196
2024-10-21,1779.2364501953125,4654601
2024-10-22,1778.132080078125,4125240
2024-10-23,1799.067138671875,4311910
2024-10-24,1789.4158935546875,2906475
2024-10-25,1788.1676025390625,4689120
2024-10-28,1791.3365478515625,7018940
2024-10-29,1786.4317626953125,4621252
2024-10-30,1750.3009033203125,5919715
2024-10-31,1706.7401123046875,7395236
2024-11-01,1710.236572265625,371966
2024-11-04,1712.956298828125,7336722
2024-11-05,1703.77783203125,3160880
2024-11-06,1771.280029296875,10421494
2024-11-07,1751.2237548828125,4550965
2024-11-08,1777.350341796875,4210960
2024-11-11,1806.6337890625,3804234
2024-11-12,1815.0838623046875,5012450
2024-11-13,1814.6953125,4257495
2024-11-14,1810.9560546875,4311431
2024-11-18,1759.3822021484375,4839244
2024-11-19,1772.300048828125,4669769
2024-11-21,1781.3326416015625,5436504
2024-11-22,1847.572265625,6301486
2024-11-25,1835.3829345703125,12764638
2024-11-26,1868.8428955078125,6850495
2024-11-27,1869.182861328125,4447143
2024-11-28,1803.282958984375,8468790
2024-11-29,1804.448486328125,5244346
2024-12-02,1825.7677001953125,2868263
2024-12-03,1837.714111328125,4715792
2024-12-04,1834.946044921875,4705573
2024-12-05,1879.2352294921875,9050038
2024-12-06,1867.1431884765625,3573331
2024-12-09,1868.3572998046875,4274645
2024-12-10,1892.54150390625,6174921
2024-12-11,1917.4056396484375,5025612
2024-12-12,1929.8863525390625,6462130
2024-12-13,1942.22119140625,5362693
2024-12-16,1923.1361083984375,3119221
2024-12-17,1919.78515625,5811050
2024-12-18,1922.261962890625,3064095
2024-12-19,1890.2589111328125,5323592
2024-12-20,1866.900390625,11056720
2024-12-23,1868.988525390625,2781793
2024-12-24,1854.1768798828125,2360544
2024-12-26,1852.5743408203125,3623321
2024-12-27,1861.655517578125,3937500
2024-12-30,1851.214599609375,7789055
2024-12-31,1825.9617919921875,3613063
2025-01-01,1828.389892578125,1838368
2025-01-02,1901.5740966796875,7083645
2025-01-03,1883.0230712890625,6218003
2025-01-06,1882.1490478515625,7164403
2025-01-07,1875.3502197265625,4294832
2025-01-08,1877.5841064453125,5482050
2025-01-09,1862.1898193359375,6833503
2025-01-10,1910.4124755859375,8036913
2025-01-13,1905.799072265625,5804152
2025-01-14,1884.285888671875,5792162
2025-01-15,1893.60986328125,2985439
2025-01-16,1873.0191650390625,7533579
2025-01-17,1763.2672119140625,16409953
2025-01-20,1761.1790771484375,4333011
2025-01-21,1748.941162109375,7169109
2025-01-22,1803.0887451171875,8373913
2025-01-23,1811.8299560546875,5907471
2025-01-24,1821.5426025390625,4887027
2025-01-27,1769.62890625,7652371
2025-01-28,1777.15625,6999495
2025-01-29,1827.1759033203125,5145155
2025-01-30,1806.4881591796875,7336056
2025-01-31,1825.7677001953125,5820470
2025-02-01,1798.1353759765625,1701402
2025-02-03,1809.741943359375,4823228
2025-02-04,1844.2215576171875,7334787
2025-02-05,1842.5218505859375,4996744
2025-02-06,1860.587158203125,4765255
2025-02-07,1848.93212890625,4126260
2025-02-10,1826.2532958984375,3828734
2025-02-11,1821.7369384765625,4411601
2025-02-12,1809.59619140625,5633947
2025-02-13,1790.2681884765625,5237744
2025-02-14,1803.0401611328125,5292961
2025-02-17,1789.3455810546875,4428956
2025-02-18,1798.7181396484375,4365260
2025-02-19,1758.7509765625,4611411
2025-02-20,1772.6884765625,2218020
2025-02-21,1762.8302001953125,3379879
2025-02-24,1713.3931884765625,7594720
2025-02-25,1716.8896484375,5092963
2025-02-27,1713.5875244140625,5757079
2025-02-28,1639.189208984375,12182167
2025-03-03,1659.4884033203125,7504969
2025-03-04,1639.7720947265625,6759673
2025-03-05,1662.30517578125,8180782
2025-03-06,1666.5301513671875,10610547
2025-03-07,1637.5382080078125,8019331
2025-03-10,1652.5440673828125,7558981
2025-03-11,1613.8394775390625,12671234
2025-03-12,1545.123046875,14870008
2025-03-13,1534.439208984375,7822888
2025-03-17,1544.34619140625,7526032
2025-03-18,1544.34619140625,0
2025-03-19,1540.94677734375,7387068
2025-03-20,1569.1131591796875,7186750
2025-03-21,1546.7742919921875,10074677
2025-03-24,1546.968505859375,8857726
2025-03-25,1581.6422119140625,9890140
2025-03-26,1553.475830078125,6651302
2025-03-27,1557.4581298828125,9426573
2025-03-28,1525.5037841796875,6799047
2025-04-01,1482.6226806640625,12680733
2025-04-02,1505.593017578125,6193478
2025-04-03,1453.485107421875,10459504
2025-04-04,1409.92431640625,9590254
2025-04-07,1356.602294921875,21715252
2025-04-08,1387.7310791015625,12805001
2025-04-09,1363.3524169921875,8546854
2025-04-11,1368.9371337890625,12567440
2025-04-15,1385.011474609375,10178530
2025-04-16,1372.482177734375,12022740
2025-04-17,1378.6983642578125,14264227
2025-04-21,1409.29296875,15648970
2025-04-22,1381.903564453125,9399738
2025-04-23,1432.5059814453125,11136642
2025-04-24,1429.1065673828125,7114292
2025-04-25,1437.653564453125,8329979
2025-04-28,1439.4989013671875,5886253
2025-04-29,1454.456298828125,8056743
2025-04-30,1456.9815673828125,7704183
2025-05-02,1463.586181640625,7402310
2025-05-05,1465.2371826171875,4282493
2025-05-06,1468.053955078125,4270530
2025-05-07,1464.9459228515625,5691799
2025-05-08,1467.956787109375,8424409
2025-05-09,1464.2659912109375,4478653
2025-05-12,1580.136962890625,11372857
2025-05-13,1523.5125732421875,12846210
2025-05-14,1546.6285400390625,4870057
2025-05-15,1566.636474609375,11151167
2025-05-16,1544.200439453125,4576751
2025-05-19,1514.9656982421875,8855798
2025-05-20,1515.7425537109375,7143998
2025-05-21,1523.41552734375,4157309
2025-05-22,1503.0191650390625,6158990
2025-05-23,1519.8218994140625,5038421
2025-05-26,1535.070556640625,3170102
2025-05-27,1524.969482421875,7775714
2025-05-28,1526.6207275390625,3623370
2025-05-29,1540.02392578125,8609500
2025-05-30,1539.1375732421875,13148092
2025-06-02,1530.371826171875,4374509
2025-06-03,1519.734619140625,6853403
2025-06-04,1527.8109130859375,4548307
2025-06-05,1530.8642578125,6948539
2025-06-06,1540.2210693359375,3960020
2025-06-09,1549.183837890625,2903202
2025-06-10,1571.935546875,8591925
2025-06-11,1606.5062255859375,10597410
2025-06-12,1584.345458984375,10483574
2025-06-13,1577.844970703125,6968315
2025-06-16,1599.31640625,5591842
2025-06-17,1615.173583984375,7622083
2025-06-18,1608.2791748046875,5629707
2025-06-19,1593.997802734375,5147760
2025-06-20,1598.429931640625,9202821
2025-06-23,1560.116455078125,7943676
2025-06-24,1557.7525634765625,8083992
2025-06-25,1590.550537109375,7813533
2025-06-26,1591.6339111328125,6519233
2025-06-27,1583.7545166015625,8912268
2025-06-30,1577.6480712890625,6294505
2025-07-01,1582.57275390625,4178937
2025-07-02,1586.2169189453125,8653641
2025-07-03,1594.293212890625,5259695
2025-07-04,1615.96142578125,4411273
2025-07-07,1602.4681396484375,3294523
2025-07-08,1613.9915771484375,4590681
2025-07-09,1609.0670166015625,4580828
2025-07-10,1591.43701171875,5330179
2025-07-11,1570.85205078125,11391755
2025-07-14,1546.623046875,9173426
2025-07-15,1561.6922607421875,7614807
2025-07-16,1583.6561279296875,6223491
2025-07-17,1559.6240234375,7374814
2025-07-18,1562.1846923828125,5161833
2025-07-21,1560.4119873046875,3682661
2025-07-22,1547.2139892578125,8473741
2025-07-23,1550.7596435546875,8035026
2025-07-24,1529.0914306640625,14169664
2025-07-25,1492.84619140625,10851259
2025-07-28,1493.1417236328125,6439855
2025-07-29,1490.8763427734375,7070448
2025-07-30,1496.0965576171875,5719051
2025-07-31,1486.247314453125,6851407
2025-08-01,1447.4412841796875,8702978
2025-08-04,1458.177001953125,8610216
2025-08-05,1438.2816162109375,10213323
2025-08-06,1415.037353515625,10566934
2025-08-07,1415.234375,9892020
2025-08-08,1401.6424560546875,10048009
2025-08-11,1406.66552734375,6625368
2025-08-12,1402.62744140625,9899184
2025-08-13,1405.0897216796875,10318063
2025-08-14,1425.8714599609375,12902347
2025-08-18,1414.1510009765625,7254561
2025-08-19,1418.2877197265625,3986094
2025-08-20,1473.6402587890625,10413061
2025-08-21,1473.8372802734375,6565539
2025-08-22,1465.0714111328125,5543397
2025-08-25,1508.9989013671875,10694531
2025-08-26,1506.53662109375,15994798
2025-08-28,1477.4814453125,5443364
2025-08-29,1447.4412841796875,8169075
2025-09-01,1476.7921142578125,4546057
2025-09-02,1476.1025390625,5218763
2025-09-03,1456.798095703125,4623483
2025-09-04,1440.94091796875,5787724
2025-09-05,1422.8182373046875,5466487
2025-09-08,1411.2947998046875,3811567
2025-09-09,1481.6181640625,13072640
2025-09-10,1509.491455078125,7281071
2025-09-11,1486.9366455078125,8003662
2025-09-12,1502.596923828125,12856963
2025-09-15,1485.6563720703125,6167414
2025-09-16,1488.5126953125,8923112
2025-09-17,1499.4453125,4795698
2025-09-18,1517.370849609375,9331945
2025-09-19,1516.976806640625,12988129
2025-09-22,1476.8905029296875,15655204
2025-09-23,1474.920654296875,9832164
2025-09-24,1472.0643310546875,4937004
2025-09-25,1462.4122314453125,9491867
2025-09-26,1427.053466796875,8597058
2025-09-29,1420.060546875,10513117
2025-09-30,1420.060546875,7556305
2025-10-01,1424.000244140625,6250692
2025-10-03,1424.7880859375,6877533
2025-10-06,1453.744873046875,4630590
2025-10-07,1436.5086669921875,5570320
2025-10-08,1472.4583740234375,4657192
2025-10-09,1486.5428466796875,7028753
2025-10-10,1492.058349609375,3738353
2025-10-13,1470.6854248046875,5859355
2025-10-14,1467.435302734375,5600789
2025-10-15,1452.1690673828125,6986098
2025-10-16,1449.312744140625,8005748
2025-10-17,1419.37109375,16959378
2025-10-20,1438.87255859375,6994246
2025-10-21,1450.19921875,1698704
2025-10-23,1505.4532470703125,20358624
2025-10-24,1502.4000244140625,8652257
2025-10-27,1504.5,7273211
2025-10-28,1500.199951171875,8211019
2025-10-29,1510.4000244140625,4884976
2025-10-30,1493.800048828125,5608867
2025-10-31,1482.300048828125,4819814
2025-11-03,1485.5,5470600
2025-11-04,1467.9000244140625,8691330
2025-11-06,1466.699951171875,7944752
2025-11-07,1476.800048828125,8765759
2025-11-10,1513.5,9787975
2025-11-11,1530.300048828125,13692989
2025-11-12,1551.699951171875,14635417
2025-11-13,1541.800048828125,19655689
2025-11-14,1502.800048828125,9739549
2025-11-17,1507.5999755859375,7910354
2025-11-18,1486.4000244140625,7525119
2025-11-19,1541.0999755859375,10981126
2025-11-20,1536.5,7387584
2025-11-21,1545.0,9186302
2025-11-24,1548.0,19270381
2025-11-25,1530.5999755859375,8107952
2025-11-26,1557.9000244140625,7575038
2025-11-27,1566.4000244140625,7552252
2025-11-28,1560.0999755859375,4453221
2025-12-01,1564.0,5341800
2025-12-02,1561.0,6335969
2025-12-03,1578.699951171875,12895312
2025-12-04,1597.5999755859375,12609619
2025-12-05,1616.199951171875,10344725
2025-12-08,1610.800048828125,7550413
2025-12-09,1599.0,6957599
2025-12-10,1584.800048828125,5116140
2025-12-11,1598.0,5159319
2025-12-12,1598.199951171875,4633912
2025-12-15,1606.800048828125,4190558
2025-12-16,1592.9000244140625,5499258
2025-12-17,1602.0,4817628
2025-12-18,1626.800048828125,6577293
2025-12-19,1638.699951171875,13149023
2025-12-22,1689.5999755859375,23098923
2025-12-23,1668.300048828125,6593060
2025-12-24,1663.4000244140625,4271167
2025-12-26,1656.0999755859375,2006491
2025-12-29,1644.699951171875,4062817
2025-12-30,1621.5999755859375,9395937
2025-12-31,1615.4000244140625,6538656
2026-01-01,1629.800048828125,3658165
2026-01-02,1640.4000244140625,2524526
2026-01-05,1606.4000244140625,5917885
2026-01-06,1612.199951171875,4466729
2026-01-07,1639.0,4508079
2026-01-08,1613.300048828125,3942131
2026-01-09,1614.0999755859375,6816681
2026-01-12,1595.9000244140625,6985362
2026-01-13,1599.0,8080618
2026-01-14,1599.800048828125,7557157
2026-01-15,1599.800048828125,0
2026-01-16,1689.800048828125,19335957
2026-01-19,1681.199951171875,5104958
2026-01-20,1658.9000244140625,6406503
2026-01-21,1654.4000244140625,6224582
2026-01-22,1663.5,6228892
2026-01-23,1670.800048828125,5869137
2026-01-27,1682.699951171875,10673087
2026-01-28,1666.5,8588664
2026-01-29,1659.5,4749582
2026-01-30,1641.0,9207926
2026-02-02,1629.4000244140625,6784887
2026-02-03,1656.0,8805868
2026-02-04,1535.800048828125,28828622
2026-02-05,1520.199951171875,10628127
2026-02-06,1507.0999755859375,13900866
2026-02-09,1497.199951171875,8294615
2026-02-10,1497.800048828125,8657000
2026-02-11,1471.9000244140625,7934411
2026-02-12,1386.0,26048896
2026-02-13,1369.0999755859375,45785709
2026-02-16,1365.5999755859375,14621891
2026-02-17,1391.199951171875,25347684
2026-02-18,1373.699951171875,20241373
2026-02-19,1370.5,14574228
2026-02-20,1353.199951171875,12633552
2026-02-23,1327.5,12887826
