date,adj_close,volume
2015-01-01,28.8415470123291,2369712
2015-01-02,28.68295669555664,2576334
2015-01-05,28.991559982299805,3609636
2015-01-06,28.67009925842285,6695466
2015-01-07,28.72153663635254,5033676
2015-01-08,29.445892333984375,6903468
2015-01-09,29.291589736938477,5975934
2015-01-12,29.10300064086914,3371664
2015-01-13,29.158723831176758,3154920
2015-01-14,28.777250289916992,6252006
2015-01-15,28.807252883911133,5139942
2015-01-16,28.845827102661133,3205026
2015-01-19,28.871553421020508,2680494
2015-01-20,28.86726188659668,6894174
2015-01-21,28.292917251586914,7234560
2015-01-22,28.430078506469727,4218228
2015-01-23,28.374347686767578,6999720
2015-01-27,28.382917404174805,4426986
2015-01-28,28.987276077270508,4967310
2015-01-29,29.86164665222168,9173550
2015-01-30,29.77164649963379,7563918
2015-02-02,29.14157485961914,4004154
2015-02-03,28.352930068969727,4498716
2015-02-04,28.73439598083496,3698868
2015-02-05,28.68724822998047,6130278
2015-02-06,28.07861328125,3406980
2015-02-09,27.392822265625,2651808
2015-02-10,26.65561294555664,4442352
2015-02-11,27.264238357543945,3489960
2015-02-12,27.037067413330078,3180714
2015-02-13,26.595600128173828,18408060
2015-02-16,27.255666732788086,9525126
2015-02-18,28.472944259643555,8377482
2015-02-19,29.420175552368164,8171526
2015-02-20,28.550090789794922,3424692
2015-02-23,28.965845108032227,4955406
2015-02-24,28.185762405395508,3983460
2015-02-25,28.048599243164062,2422044
2015-02-26,28.087181091308594,5910174
2015-02-27,28.60152244567871,3876978
2015-03-02,30.063100814819336,14421294
2015-03-03,30.551721572875977,6942954
2015-03-04,29.24015998840332,4021098
2015-03-05,29.891651153564453,5449146
2015-03-09,29.99880599975586,4896720
2015-03-10,29.664485931396484,3703890
2015-03-11,29.235872268676758,4312578
2015-03-12,29.64305305480957,4008762
2015-03-13,29.064422607421875,3182934
2015-03-16,29.270156860351562,3185022
2015-03-17,29.750211715698242,7264404
2015-03-18,29.977378845214844,11856552
2015-03-19,30.037384033203125,6286308
2015-03-20,29.497333526611328,4130466
2015-03-23,29.313018798828125,1617660
2015-03-24,29.767351150512695,3244128
2015-03-25,30.16168212890625,3513276
2015-03-26,29.96451187133789,7019994
2015-03-27,29.70306396484375,3753294
2015-03-30,30.38884735107422,2952924
2015-03-31,31.60182762145996,13902816
2015-04-01,31.76898956298828,5079258
2015-04-06,32.060447692871094,3780102
2015-04-07,31.906143188476562,6784962
2015-04-08,32.33047866821289,16499136
2015-04-09,32.14616775512695,5714130
2015-04-10,32.15046310424805,4706664
2015-04-13,32.31332778930664,4241178
2015-04-15,31.97043800354004,4252992
2015-04-16,31.194643020629883,3800088
2015-04-17,30.80889129638672,3117276
2015-04-20,30.81317901611328,5612826
2015-04-21,30.453140258789062,2566998
2015-04-22,31.156076431274414,5996208
2015-04-23,31.588970184326172,7098750
2015-04-24,30.500289916992188,6135828
2015-04-27,29.96880531311035,3226470
2015-04-28,30.12738800048828,6696174
2015-04-29,29.990232467651367,4432842
2015-04-30,30.963193893432617,6674658
2015-05-04,31.26751136779785,4222446
2015-05-05,31.220367431640625,3672384
2015-05-06,28.828685760498047,10602486
2015-05-07,28.36149787902832,7405134
2015-05-08,28.747243881225586,4109454
2015-05-11,29.05584716796875,3700230
2015-05-12,28.490081787109375,7172562
2015-05-13,28.717248916625977,9560850
2015-05-14,28.627239227294922,6036018
2015-05-15,28.85869026184082,3221058
2015-05-18,29.43732261657715,5454390
2015-05-19,29.553049087524414,2608722
2015-05-20,29.454465866088867,2337354
2015-05-21,29.908803939819336,3420252
2015-05-22,29.87022590637207,3376914
2015-05-25,29.904510498046875,2749308
2015-05-26,29.801639556884766,2215770
2015-05-27,30.74460220336914,4154688
2015-05-28,30.91604995727539,5864682
2015-05-29,30.53457260131836,18899490
2015-06-01,30.410276412963867,5566392
2015-06-02,29.92593765258789,3776832
2015-06-03,29.051565170288086,4770900
2015-06-04,30.04595375061035,8533614
2015-06-05,30.43171501159668,5735328
2015-06-08,30.080242156982422,2293350
2015-06-09,29.977378845214844,6162282
2015-06-10,29.70306396484375,3381372
2015-06-11,29.133007049560547,5151732
2015-06-12,30.07168197631836,7314138
2015-06-15,30.28598403930664,3728760
2015-06-16,30.586008071899414,5125608
2015-06-17,30.144533157348633,3122154
2015-06-18,32.10330581665039,14889402
2015-06-19,32.78480529785156,16321680
2015-06-22,32.82767105102539,5891028
2015-06-23,34.11780548095703,11631498
2015-06-24,33.41915512084961,7436352
2015-06-25,33.303443908691406,12037014
2015-06-26,32.960548400878906,5983812
2015-06-29,32.981971740722656,10340718
2015-06-30,33.037689208984375,7094376
2015-07-01,33.573455810546875,12141576
2015-07-02,35.35221481323242,20256828
2015-07-03,35.76369094848633,15347676
2015-07-06,36.55234146118164,15102546
2015-07-07,36.61235427856445,12141234
2015-07-08,36.80522537231445,14149158
2015-07-09,35.86656188964844,15148260
2015-07-10,36.02943420410156,12005454
2015-07-13,36.4066162109375,8546928
2015-07-14,37.619598388671875,14065212
2015-07-15,37.1009635925293,9633312
2015-07-16,37.88533401489258,14481480
2015-07-17,37.632442474365234,10058796
2015-07-20,38.15536880493164,11652756
2015-07-21,37.602447509765625,4278222
2015-07-22,38.38681411743164,15424716
2015-07-23,38.97401809692383,11716740
2015-07-24,39.21404266357422,12320868
2015-07-27,39.064029693603516,6918564
2015-07-28,38.23251724243164,10706766
2015-07-29,38.412540435791016,8271138
2015-07-30,38.22394561767578,15549192
2015-07-31,36.97666931152344,12125826
2015-08-03,36.43661117553711,21039762
2015-08-04,36.44090270996094,10459602
2015-08-05,36.28660202026367,7708554
2015-08-06,35.913700103759766,8402634
2015-08-07,36.55234146118164,22889706
2015-08-10,36.839515686035156,17108502
2015-08-11,35.88798904418945,11505576
2015-08-12,33.294864654541016,22295340
2015-08-13,33.85206604003906,33605520
2015-08-14,33.402015686035156,12514164
2015-08-17,32.99911117553711,9478668
2015-08-18,34.293540954589844,16722918
2015-08-19,34.113521575927734,8582496
2015-08-20,34.09208297729492,12475224
2015-08-21,33.8477783203125,11272152
2015-08-24,32.41191864013672,99099624
2015-08-25,33.8477783203125,70079874
2015-08-26,33.7663459777832,35767644
2015-08-27,35.13362503051758,37806834
2015-08-28,34.739288330078125,19178652
2015-08-31,35.527950286865234,21749190
2015-09-01,34.799293518066406,68903676
2015-09-02,33.873497009277344,19076928
2015-09-03,34.267818450927734,14337390
2015-09-04,35.63627624511719,43873704
2015-09-07,34.376773834228516,9021060
2015-09-08,34.198089599609375,12063546
2015-09-09,35.09150695800781,17702454
2015-09-10,34.76028823852539,10927860
2015-09-11,34.803871154785156,7102146
2015-09-14,35.02613830566406,11573736
2015-09-15,34.699275970458984,7585392
2015-09-16,34.43342590332031,5655000
2015-09-18,33.99761199951172,18050394
2015-09-21,33.683837890625,9976764
2015-09-22,34.04991149902344,9493182
2015-09-23,34.48137283325195,5915592
2015-09-24,34.36370086669922,16107432
2015-09-28,34.7646484375,4705932
2015-09-29,34.39856719970703,6133518
2015-09-30,35.056636810302734,9497856
2015-10-01,34.97383499145508,4842852
2015-10-05,35.05228042602539,6805602
2015-10-06,35.148162841796875,8743278
2015-10-07,34.68184280395508,5262882
2015-10-08,34.85616683959961,4439004
2015-10-09,34.803871154785156,4204068
2015-10-12,34.79515075683594,4124688
2015-10-13,34.86051940917969,3957774
2015-10-14,34.86051940917969,3947496
2015-10-15,35.13508605957031,8394894
2015-10-16,35.48808670043945,15397074
2015-10-19,35.383487701416016,9781314
2015-10-20,35.078426361083984,16920864
2015-10-21,34.62954330444336,5966682
2015-10-23,34.84744644165039,7384854
2015-10-26,34.259098052978516,4159038
2015-10-27,34.77336883544922,5156238
2015-10-28,34.851802825927734,6141348
2015-10-29,34.211158752441406,13712586
2015-10-30,34.84308624267578,7255818
2015-11-02,34.633907318115234,5416410
2015-11-03,34.97819519042969,31435092
2015-11-04,35.74522018432617,20255664
2015-11-05,35.64498519897461,9321066
2015-11-06,35.88904571533203,8449380
2015-11-09,36.01542282104492,7403838
2015-11-10,34.77771759033203,15028722
2015-11-13,35.54473876953125,6820554
2015-11-16,35.06535720825195,7925880
2015-11-17,34.851802825927734,5044896
2015-11-18,35.18738555908203,4091508
2015-11-19,35.483726501464844,10645512
2015-11-20,35.86724090576172,12509664
2015-11-23,35.89339828491211,9433398
2015-11-24,36.46866989135742,16326096
2015-11-26,36.69964599609375,16110798
2015-11-27,36.56018829345703,9449130
2015-11-30,36.651702880859375,8509506
2015-12-01,37.771732330322266,16231074
2015-12-02,37.606136322021484,7683888
2015-12-03,37.52768325805664,13685592
2015-12-04,37.33157730102539,4578144
2015-12-07,37.36643600463867,9444726
2015-12-08,36.83475112915039,5843952
2015-12-09,36.006710052490234,6622308
2015-12-10,36.242042541503906,9801702
2015-12-11,36.207176208496094,7646028
2015-12-14,36.08514404296875,4417650
2015-12-15,36.455596923828125,5018106
2015-12-16,37.10930633544922,8238984
2015-12-17,37.484100341796875,11092848
2015-12-18,37.09623718261719,9321792
2015-12-21,37.95478439331055,5685144
2015-12-22,37.710731506347656,4945674
2015-12-23,37.74995422363281,4580676
2015-12-24,37.79353332519531,2919990
2015-12-28,37.558197021484375,3378858
2015-12-29,37.51459884643555,5299248
2015-12-30,37.11801528930664,2022114
2015-12-31,37.353363037109375,31521384
2016-01-01,37.76302719116211,3754404
2016-01-04,37.170310974121094,6017748
2016-01-05,38.58235168457031,7926444
2016-01-06,39.29707717895508,14527062
2016-01-07,38.486473083496094,13516104
2016-01-08,38.94407272338867,8646762
2016-01-11,38.60414123535156,6550992
2016-01-12,38.35137176513672,7920732
2016-01-13,38.28163528442383,5709378
2016-01-14,37.9504280090332,8310324
2016-01-15,37.187747955322266,6804162
2016-01-18,36.33791732788086,7299966
2016-01-19,36.17230987548828,4680588
2016-01-20,35.143798828125,7971948
2016-01-21,34.52931213378906,5559492
2016-01-22,35.42272186279297,6861654
2016-01-25,34.472652435302734,5955018
2016-01-27,34.603397369384766,7215012
2016-01-28,34.738502502441406,17061528
2016-01-29,35.06535720825195,11570988
2016-02-01,35.191734313964844,8993088
2016-02-02,34.742855072021484,4272786
2016-02-03,34.54674530029297,6981000
2016-02-04,33.9453239440918,5380038
2016-02-05,34.38984680175781,5104350
2016-02-08,34.02375793457031,4257912
2016-02-09,33.85380172729492,3087768
2016-02-10,33.47464370727539,4217118
2016-02-11,32.44176483154297,7023294
2016-02-12,31.77498435974121,12657864
2016-02-15,33.87123107910156,9069990
2016-02-16,32.908084869384766,6219060
2016-02-17,33.339542388916016,7399488
2016-02-18,34.10221481323242,5902326
2016-02-19,32.533294677734375,7042140
2016-02-22,32.982177734375,4963914
2016-02-23,32.08000946044922,5217672
2016-02-24,32.80086135864258,7315428
2016-02-25,32.203834533691406,15599874
2016-02-26,32.221527099609375,7360698
2016-02-29,32.517826080322266,11748078
2016-03-01,34.140838623046875,12318408
2016-03-02,34.4150276184082,10225992
2016-03-03,34.892642974853516,10005870
2016-03-04,34.406185150146484,9488058
2016-03-08,35.211063385009766,7930242
2016-03-09,34.4725227355957,12793050
2016-03-10,34.14969253540039,3799872
2016-03-11,34.13199996948242,5107122
2016-03-14,34.07008361816406,3149658
2016-03-15,34.689208984375,5448324
2016-03-16,34.37080383300781,3675288
2016-03-17,35.25086975097656,11327658
2016-03-18,34.58750915527344,9659490
2016-03-21,34.89706802368164,8371278
2016-03-22,34.82632064819336,4465524
2016-03-23,34.76881408691406,6427128
2016-03-28,34.67153549194336,4848942
2016-03-29,34.870540618896484,5471814
2016-03-30,35.37910461425781,6913908
2016-03-31,34.813045501708984,15690576
2016-04-01,34.76439666748047,3236568
2016-04-04,35.51620864868164,6396438
2016-04-05,35.569278717041016,7043676
2016-04-06,36.32550048828125,12640014
2016-04-07,36.36530685424805,9558354
2016-04-08,36.49797058105469,4974288
2016-04-11,36.794281005859375,6285060
2016-04-12,36.701412200927734,4358376
2016-04-13,36.82965850830078,8900106
2016-04-18,37.952938079833984,8270568
2016-04-20,37.46648025512695,6078870
2016-04-21,37.585880279541016,5048166
2016-04-22,37.899864196777344,5185734
2016-04-25,37.939674377441406,3481314
2016-04-26,38.39960861206055,8389206
2016-04-27,38.66495132446289,2937954
2016-04-28,37.50185775756836,6915144
2016-04-29,38.320003509521484,4260138
2016-05-02,37.700870513916016,4232838
2016-05-03,37.12153244018555,4379850
2016-05-04,36.50681686401367,4773348
2016-05-05,36.27685546875,4929030
2016-05-06,36.794281005859375,3238272
2016-05-09,37.095001220703125,4170216
2016-05-10,36.590850830078125,3168990
2016-05-11,36.23705291748047,3194724
2016-05-12,36.68814468383789,3868800
2016-05-13,36.65275573730469,4854396
2016-05-16,36.21936798095703,4571034
2016-05-17,36.05573654174805,8695626
2016-05-18,35.96286392211914,5491386
2016-05-19,36.43606185913086,8055024
2016-05-20,36.21936798095703,1598394
2016-05-23,35.768287658691406,1976490
2016-05-24,35.10049819946289,4564440
2016-05-25,35.657718658447266,4860348
2016-05-26,35.569278717041016,8967846
2016-05-27,36.524505615234375,48729438
2016-05-30,35.64445114135742,11882640
2016-05-31,36.80312728881836,23282616
2016-06-01,37.201141357421875,18321078
2016-06-02,37.15690994262695,7479540
2016-06-03,37.50185775756836,15233220
2016-06-06,36.99770736694336,4869732
2016-06-07,37.04634475708008,6714360
2016-06-08,36.71467590332031,7854576
2016-06-09,36.741207122802734,4254162
2016-06-10,36.268009185791016,5644326
2016-06-13,36.80312728881836,6387174
2016-06-14,36.62180709838867,3246078
2016-06-15,36.91810989379883,7597026
2016-06-16,36.7588996887207,3567732
2016-06-17,36.54220199584961,6032136
2016-06-20,36.30781173706055,6717084
2016-06-21,36.502403259277344,5442678
2016-06-22,36.741207122802734,6780336
2016-06-23,37.307281494140625,8192334
2016-06-24,37.06404113769531,5966502
2016-06-27,37.24094009399414,8386776
2016-06-28,38.470367431640625,14062458
2016-06-29,39.03642272949219,14034636
2016-06-30,39.005462646484375,13473828
2016-07-01,41.95078659057617,40212594
2016-07-04,42.525691986083984,17190630
2016-07-05,42.216129302978516,13507524
2016-07-07,41.866764068603516,11250498
2016-07-08,41.428932189941406,10718586
2016-07-11,42.25593566894531,9264846
2016-07-12,42.15863037109375,13687416
2016-07-13,42.362060546875,10819860
2016-07-14,42.5964469909668,4732164
2016-07-15,42.308998107910156,5063730
2016-07-18,41.804847717285156,9923526
2016-07-19,43.653404235839844,23139756
2016-07-20,45.36043167114258,42507402
2016-07-21,46.11667251586914,28472004
2016-07-22,46.19628143310547,19266168
2016-07-25,47.4964599609375,25367334
2016-07-26,47.12497329711914,14931414
2016-07-27,47.40359115600586,14822352
2016-07-28,47.08076858520508,13681596
2016-07-29,48.15097427368164,27193098
2016-08-01,47.938697814941406,13064646
2016-08-02,49.11505889892578,34882356
2016-08-03,48.8364372253418,28762872
2016-08-04,48.27479934692383,14939724
2016-08-05,50.941497802734375,19879578
2016-08-08,51.52083969116211,23092548
2016-08-09,50.02164077758789,12832134
2016-08-10,47.67335510253906,28572648
2016-08-11,48.146549224853516,21360900
2016-08-12,47.60258483886719,14606490
2016-08-16,48.16423416137695,13527246
2016-08-17,48.199607849121094,12927852
2016-08-18,49.7076416015625,10812522
2016-08-19,50.07913589477539,9443088
2016-08-22,49.5130615234375,10017168
2016-08-23,48.11117935180664,16402914
2016-08-24,49.897823333740234,26458440
2016-08-25,50.424076080322266,19239426
2016-08-26,50.7292366027832,11290470
2016-08-29,50.57001876831055,38361372
2016-08-30,50.7292366027832,23275956
2016-08-31,50.89285659790039,19268994
2016-09-01,50.91495895385742,10654944
2016-09-02,51.480533599853516,8813088
2016-09-06,51.458091735839844,9670644
2016-09-07,50.95087814331055,10272618
2016-09-08,50.618717193603516,9763308
2016-09-09,50.60076141357422,13969668
2016-09-12,49.64017105102539,11004450
2016-09-14,50.77581024169922,15096126
2016-09-15,50.16535186767578,11547948
2016-09-16,51.188785552978516,28307976
2016-09-19,51.2740592956543,11833728
2016-09-20,51.2157096862793,11303940
2016-09-21,51.33240509033203,12904848
2016-09-22,52.0057258605957,8456844
2016-09-23,52.364803314208984,13749720
2016-09-26,53.163795471191406,21725052
2016-09-27,52.57575225830078,10121466
2016-09-28,53.12339401245117,20116248
2016-09-29,51.48503875732422,33766554
2016-09-30,52.292991638183594,10779150
2016-10-03,54.19618225097656,15601356
2016-10-04,54.99966049194336,16708086
2016-10-05,55.453006744384766,14221194
2016-10-06,58.370643615722656,36096924
2016-10-07,57.535743713378906,20982132
2016-10-10,56.93426513671875,11050638
2016-10-13,56.256473541259766,23931432
2016-10-14,57.72427749633789,28082088
2016-10-17,57.66143035888672,32583006
2016-10-18,57.760189056396484,11191941
2016-10-19,58.63098907470703,11272122
2016-10-20,57.68836975097656,8886159
2016-10-21,58.22700500488281,8369019
2016-10-24,58.75666809082031,10042833
2016-10-25,58.69384002685547,7508643
2016-10-26,57.72427749633789,8643774
2016-10-27,56.18915557861328,15020820
2016-10-28,58.083377838134766,8541471
2016-11-01,58.37961196899414,7327986
2016-11-02,56.75472640991211,4589274
2016-11-03,55.61459732055664,6148476
2016-11-04,54.94130325317383,9697968
2016-11-07,56.691890716552734,9505740
2016-11-08,57.17665481567383,4854192
2016-11-09,56.79063034057617,8636700
2016-11-10,57.50881576538086,6669060
2016-11-11,55.704376220703125,8850717
2016-11-15,51.314449310302734,25216527
2016-11-16,51.79924011230469,13414581
2016-11-17,52.687992095947266,12805755
2016-11-18,53.98970031738281,12215142
2016-11-21,52.40070724487305,6055041
2016-11-22,53.23561477661133,8454222
2016-11-23,53.57674789428711,9268242
2016-11-24,52.77775955200195,21498807
2016-11-25,53.23561477661133,7186950
2016-11-28,53.890953063964844,11354187
2016-11-29,53.63060760498047,7300089
2016-11-30,55.06697082519531,14453511
2016-12-01,53.47798538208008,9729183
2016-12-02,52.95729446411133,11708508
2016-12-05,52.23911666870117,6998583
2016-12-06,53.082984924316406,6462162
2016-12-07,54.510379791259766,13155723
2016-12-08,55.05800247192383,8478405
2016-12-09,54.330841064453125,9246234
2016-12-12,53.05605697631836,3699819
2016-12-13,54.0435676574707,6159063
2016-12-14,53.71141052246094,10241706
2016-12-15,53.46901321411133,16609626
2016-12-16,53.20867919921875,9802605
2016-12-19,54.7707405090332,15618621
2016-12-20,54.27696990966797,7122144
2016-12-21,55.47096633911133,14325693
2016-12-22,54.99515914916992,10170876
2016-12-23,56.24300765991211,13479480
2016-12-26,55.291419982910156,4918824
2016-12-27,56.97017288208008,16744356
2016-12-28,56.772674560546875,13755060
2016-12-29,57.98463439941406,26576670
2016-12-30,58.361663818359375,8294085
2017-01-02,58.79257583618164,6394338
2017-01-03,61.98851776123047,18559749
2017-01-04,61.57555389404297,15392160
2017-01-05,63.29918670654297,12667710
2017-01-06,62.186012268066406,7073556
2017-01-09,61.54861831665039,7788885
2017-01-10,62.24884796142578,14932530
2017-01-11,62.679771423339844,20083266
2017-01-12,63.6942024230957,14849865
2017-01-13,63.10169219970703,9076227
2017-01-16,63.35306167602539,9825036
2017-01-17,63.03886032104492,8562108
2017-01-18,62.59000015258789,11642964
2017-01-19,64.59193420410156,21948267
2017-01-20,63.26329040527344,8953185
2017-01-23,64.23284149169922,10882881
2017-01-24,65.85774230957031,11421930
2017-01-25,68.28164672851562,33404859
2017-01-27,68.95492553710938,16345827
2017-01-30,67.832763671875,9132438
2017-01-31,65.78592681884766,69443538
2017-02-01,67.41082000732422,21979758
2017-02-02,68.694580078125,17350386
2017-02-03,69.54743194580078,13419939
2017-02-06,71.19026947021484,11063334
2017-02-07,70.3374252319336,19095696
2017-02-08,71.05563354492188,7679655
2017-02-09,72.02222442626953,13057875
2017-02-10,70.64666748046875,20265525
2017-02-13,70.61878204345703,12912222
2017-02-14,69.59640502929688,11774517
2017-02-15,68.62977600097656,10494630
2017-02-16,69.88452911376953,7218564
2017-02-17,71.61328125,16363599
2017-02-20,71.65975952148438,6904854
2017-02-21,72.73789978027344,8120358
2017-02-22,72.50553894042969,8639640
2017-02-23,71.58540344238281,27811461
2017-02-27,71.73411560058594,14102478
2017-02-28,71.57611846923828,17593821
2017-03-01,70.95337677001953,14180079
2017-03-02,70.02394104003906,15430908
2017-03-03,69.71723175048828,12134130
2017-03-06,70.47936248779297,7783455
2017-03-07,70.39571380615234,9618003
2017-03-08,69.66146087646484,9218328
2017-03-09,69.66146087646484,3238083
2017-03-10,69.23393249511719,5339169
2017-03-14,69.52204895019531,10485585
2017-03-15,68.73201751708984,14448243
2017-03-16,69.92169189453125,10086558
2017-03-17,69.86592864990234,9904755
2017-03-20,68.955078125,15102276
2017-03-21,69.16885375976562,9825798
2017-03-22,69.28968811035156,9754116
2017-03-23,70.04253387451172,19952592
2017-03-24,70.11779022216797,9122952
2017-03-27,69.77912902832031,6382056
2017-03-28,69.43109130859375,10253985
2017-03-29,69.63805389404297,13183782
2017-03-30,70.88914489746094,55884951
2017-03-31,72.81752014160156,27981345
2017-04-03,71.70751190185547,9873723
2017-04-05,71.7451400756836,7923618
2017-04-06,72.57293701171875,7191771
2017-04-07,74.75530242919922,22282008
2017-04-10,77.370361328125,22862049
2017-04-11,77.04115295410156,14357496
2017-04-12,76.9941177368164,12173898
2017-04-13,79.46809387207031,23105013
2017-04-17,79.85375213623047,22520010
2017-04-18,81.05781555175781,18880569
2017-04-19,81.88560485839844,13175178
2017-04-20,80.38993835449219,14981457
2017-04-21,79.91019439697266,7871490
2017-04-24,79.37401580810547,9858417
2017-04-25,82.12077331542969,13509021
2017-04-26,81.60340881347656,10827450
2017-04-27,83.40008544921875,14243886
2017-04-28,82.78865814208984,11842482
2017-05-02,83.35306549072266,7454145
2017-05-03,83.1366958618164,8654319
2017-05-04,81.96087646484375,7456047
2017-05-05,81.48110961914062,10268217
2017-05-08,80.61568450927734,7532202
2017-05-09,82.92036437988281,13429920
2017-05-10,83.05204772949219,6703416
2017-05-11,81.28357696533203,13471968
2017-05-12,81.81975555419922,6547611
2017-05-15,83.17434692382812,7618437
2017-05-16,84.02094268798828,15605322
2017-05-17,83.57882690429688,10996887
2017-05-18,82.76042175292969,8174535
2017-05-19,81.91382598876953,10376427
2017-05-22,80.02307891845703,9710871
2017-05-23,79.81613159179688,12562092
2017-05-24,81.00138092041016,12741426
2017-05-25,82.58172607421875,30132651
2017-05-26,80.15477752685547,25721640
2017-05-29,78.87545013427734,14479338
2017-05-30,78.9319076538086,21259620
2017-05-31,80.79444885253906,200771229
2017-06-01,77.8595199584961,20571876
2017-06-02,78.03825378417969,11816613
2017-06-05,79.40222930908203,10703664
2017-06-06,79.88197326660156,10543482
2017-06-07,80.39933013916016,8422500
2017-06-08,78.78137969970703,10190940
2017-06-09,79.02597045898438,8212059
2017-06-12,79.70323944091797,9503511
2017-06-13,78.96952056884766,8678304
2017-06-14,79.14826965332031,12961089
2017-06-15,76.5802001953125,13568505
2017-06-16,76.1192855834961,24004503
2017-06-19,76.60843658447266,6432315
2017-06-20,77.45503997802734,8589390
2017-06-21,76.80596923828125,6931794
2017-06-22,74.031005859375,12869850
2017-06-23,72.13084411621094,25577706
2017-06-27,73.44778442382812,12901230
2017-06-28,72.83633422851562,14757258
2017-06-29,72.7798843383789,14377047
2017-06-30,72.4694595336914,6994152
2017-07-03,72.7892837524414,4906410
2017-07-04,71.83921813964844,7243617
2017-07-05,72.56352233886719,5991018
2017-07-06,71.79217529296875,7624599
2017-07-07,71.91448211669922,5892039
2017-07-10,72.1402359008789,1004502
2017-07-11,72.90218353271484,10363458
2017-07-12,73.86166381835938,12646281
2017-07-13,71.66989135742188,22619814
2017-07-14,70.19304656982422,18764613
2017-07-17,70.27770233154297,14583897
2017-07-18,70.0143051147461,19257009
2017-07-19,70.57872009277344,12989535
2017-07-20,70.46582794189453,8941095
2017-07-21,71.66049194335938,16540338
2017-07-24,71.14311981201172,11997837
2017-07-25,70.51288604736328,10449246
2017-07-26,70.2965087890625,8017572
2017-07-27,69.40287780761719,18041139
2017-07-28,69.19593811035156,10177761
2017-07-31,69.16770935058594,7611288
2017-08-01,69.67566680908203,14273235
2017-08-02,69.6286392211914,12865080
2017-08-03,72.81752014160156,51448845
2017-08-04,78.81901550292969,46824918
2017-08-07,81.12367248535156,26564460
2017-08-08,77.74665069580078,15494904
2017-08-09,77.89716339111328,18760356
2017-08-10,77.19165802001953,12717711
2017-08-11,77.4738540649414,11304981
2017-08-14,78.91307067871094,8964180
2017-08-16,79.44925689697266,11557131
2017-08-17,80.20181274414062,9041547
2017-08-18,80.58837890625,16943700
2017-08-21,77.92002868652344,16030695
2017-08-22,79.80577850341797,17108325
2017-08-23,80.49411010742188,7970754
2017-08-24,80.7486801147461,11847921
2017-08-28,83.10588836669922,18351567
2017-08-29,81.93671417236328,15538248
2017-08-30,85.39710235595703,26245374
2017-08-31,85.7459716796875,34577850
2017-09-01,84.5390625,13049937
2017-09-04,80.90896606445312,19468482
2017-09-05,81.4369888305664,11839386
2017-09-06,80.75810241699219,10778265
2017-09-07,81.50298309326172,12519138
2017-09-08,80.92782592773438,11620707
2017-09-11,80.90896606445312,7362534
2017-09-12,82.01213073730469,8390709
2017-09-13,78.43861389160156,34109007
2017-09-14,79.14576721191406,26482008
2017-09-15,78.38204193115234,15596769
2017-09-18,78.38204193115234,8313621
2017-09-19,78.88178253173828,9236025
2017-09-20,78.06147003173828,6986940
2017-09-21,77.929443359375,10792785
2017-09-22,77.01484680175781,15864195
2017-09-25,75.24223327636719,14558547
2017-09-26,75.36478424072266,19624113
2017-09-27,74.6104965209961,12555816
2017-09-28,74.94051361083984,22520190
2017-09-29,75.52507781982422,12149154
2017-10-03,76.66598510742188,7533252
2017-10-04,77.08084869384766,15205857
2017-10-05,76.70369720458984,6736134
2017-10-06,78.34432983398438,16082250
2017-10-09,78.09916687011719,12804108
2017-10-10,77.47687530517578,9269088
2017-10-11,78.84403991699219,16302372
2017-10-12,78.24060821533203,8842932
2017-10-13,78.18401336669922,7779369
2017-10-16,77.98603820800781,10192050
2017-10-17,78.05201721191406,8738604
2017-10-18,77.61830139160156,8147964
2017-10-19,77.25057983398438,887055
2017-10-23,76.26997375488281,10898622
2017-10-24,76.88285064697266,14817939
2017-10-25,78.68376159667969,14611128
2017-10-26,82.3138656616211,34884822
2017-10-27,78.2500228881836,42996768
2017-10-30,78.49517822265625,15608514
2017-10-31,78.35375213623047,13835883
2017-11-01,78.59889221191406,10558305
2017-11-02,78.2500228881836,6497847
2017-11-03,77.929443359375,6116313
2017-11-06,77.43916320800781,15095955
2017-11-07,75.4685287475586,20391087
2017-11-08,74.86507415771484,19611708
2017-11-09,74.41249084472656,14251443
2017-11-10,74.4596176147461,7178403
2017-11-13,74.83677673339844,12118830
2017-11-14,72.96987915039062,10601046
2017-11-15,73.45074462890625,9224751
2017-11-16,74.11076354980469,6457329
2017-11-17,74.51620483398438,10607727
2017-11-20,74.10133361816406,4205157
2017-11-21,74.70478820800781,8014614
2017-11-22,74.67650604248047,12311178
2017-11-23,74.4407730102539,4534470
2017-11-24,74.5633544921875,8344821
2017-11-27,74.03533935546875,6152415
2017-11-28,73.65818786621094,11559156
2017-11-29,74.24276733398438,8044014
2017-11-30,74.2050552368164,44934294
2017-12-01,73.13959503173828,7551372
2017-12-04,73.64875030517578,6362376
2017-12-05,73.63932800292969,4439892
2017-12-06,73.30931091308594,10257315
2017-12-07,73.82789611816406,5871591
2017-12-08,76.34539794921875,10254903
2017-12-11,76.26053619384766,8180868
2017-12-12,74.50679016113281,12284448
2017-12-13,75.84566497802734,11509824
2017-12-14,77.31656646728516,9860832
2017-12-15,77.91059112548828,14834376
2017-12-18,77.24114990234375,11017446
2017-12-19,77.29771423339844,10068822
2017-12-20,77.3354263305664,7311465
2017-12-21,77.4957275390625,6948342
2017-12-22,77.36371612548828,4671354
2017-12-26,77.30714416503906,12083649
2017-12-27,75.71366119384766,9423510
2017-12-28,73.92220306396484,19711269
2017-12-29,73.27159118652344,14596314
2018-01-01,73.53560638427734,6655386
2018-01-02,72.86614990234375,7564734
2018-01-03,72.8472900390625,7841712
2018-01-04,73.035888671875,13102707
2018-01-05,72.3852767944336,9219465
2018-01-08,73.27159118652344,11196861
2018-01-09,73.99761962890625,9767769
2018-01-10,73.4601821899414,12057048
2018-01-11,73.33759307861328,3944265
2018-01-12,73.36587524414062,10196628
2018-01-15,73.7053451538086,12463260
2018-01-16,72.44186401367188,8709126
2018-01-17,72.42298889160156,11838045
2018-01-18,71.29153442382812,16046409
2018-01-19,72.78128814697266,12410850
2018-01-22,72.13070678710938,5089089
2018-01-23,73.43190002441406,19831542
2018-01-24,73.60160827636719,9687801
2018-01-25,73.97875213623047,21085446
2018-01-29,75.36478424072266,9175371
2018-01-30,78.49517822265625,76886859
2018-01-31,78.74976348876953,40509705
2018-02-01,78.80633544921875,17554617
2018-02-02,77.06198120117188,14532717
2018-02-05,77.12799835205078,19714182
2018-02-06,75.67596435546875,20666055
2018-02-07,76.3265380859375,26131140
2018-02-08,76.29685974121094,23209458
2018-02-09,74.92168426513672,13217670
2018-02-12,75.00083923339844,9348105
2018-02-14,74.66446685791016,11419419
2018-02-15,74.55564880371094,11457810
2018-02-16,74.20939636230469,7503558
2018-02-19,73.14091491699219,7472985
2018-02-20,72.53742218017578,5411046
2018-02-21,72.91338348388672,13190655
2018-02-22,71.86466979980469,30658050
2018-02-23,72.89358520507812,7824300
2018-02-26,74.53585815429688,10423398
2018-02-27,74.68426513671875,11720880
2018-02-28,75.0503158569336,6310725
2018-03-01,75.48561096191406,10890027
2018-03-05,75.04039764404297,19607802
2018-03-06,75.62413024902344,23752491
2018-03-07,75.0700912475586,16662288
2018-03-08,75.60433197021484,13682193
2018-03-09,76.27706909179688,16967340
2018-03-12,79.27472686767578,41546976
2018-03-13,80.6993637084961,55838019
2018-03-14,78.16667938232422,50103921
2018-03-15,76.00007629394531,39554902
2018-03-16,73.1112289428711,28035561
2018-03-19,70.40045928955078,29438812
2018-03-20,68.79777526855469,21314127
2018-03-21,68.24374389648438,17760087
2018-03-22,67.31378936767578,14535139
2018-03-23,66.8191146850586,13336398
2018-03-26,66.16615295410156,19907814
2018-03-27,69.19349670410156,15449299
2018-03-28,69.88603210449219,26613651
2018-04-02,67.45227813720703,21001663
2018-04-03,68.9164810180664,12653247
2018-04-04,67.72930145263672,8630632
2018-04-05,68.67906188964844,6141061
2018-04-06,68.95606231689453,11907526
2018-04-09,71.15235900878906,18356506
2018-04-10,70.95450592041016,7719940
2018-04-11,66.22553253173828,42528334
2018-04-12,66.58165740966797,42596064
2018-04-13,65.43405151367188,17178664
2018-04-16,65.29553985595703,19052350
2018-04-17,66.16615295410156,12583626
2018-04-18,65.27577209472656,7854769
2018-04-19,62.50564193725586,25476228
2018-04-20,63.35646057128906,17103043
2018-04-23,63.98965072631836,16977252
2018-04-24,64.52386474609375,10969821
2018-04-25,63.554344177246094,13968070
2018-04-26,63.77198791503906,14578266
2018-04-27,64.46450805664062,10385355
2018-04-30,64.22706604003906,6877801
2018-05-02,63.77198791503906,11002201
2018-05-03,63.98965072631836,6939993
2018-05-04,63.91048812866211,7293949
2018-05-07,65.01854705810547,11023188
2018-05-08,65.90892028808594,18190348
2018-05-09,66.16615295410156,20230026
2018-05-10,66.46295928955078,12298158
2018-05-11,66.91803741455078,22392204
2018-05-14,66.64103698730469,16554453
2018-05-15,66.16615295410156,21970747
2018-05-16,65.67150115966797,12653895
2018-05-17,65.19661712646484,14943703
2018-05-18,64.78111267089844,15238930
2018-05-21,65.35490417480469,9568132
2018-05-22,63.51476287841797,28318252
2018-05-23,60.74464797973633,21476296
2018-05-24,61.69440841674805,18502600
2018-05-25,64.68218231201172,24962754
2018-05-28,67.45227813720703,35679358
2018-05-29,68.24374389648438,16357539
2018-05-30,67.59078979492188,11956312
2018-05-31,68.89669799804688,49308234
2018-06-01,68.20417785644531,11018491
2018-06-04,68.77798461914062,9771126
2018-06-05,68.83734130859375,7428985
2018-06-06,69.21330261230469,5483979
2018-06-07,69.1737060546875,12778099
2018-06-08,69.25284576416016,7966795
2018-06-11,68.50096130371094,14718835
2018-06-12,68.9164810180664,10848309
2018-06-13,69.29243469238281,7464640
2018-06-14,67.88758087158203,10482081
2018-06-15,66.3838119506836,16443417
2018-06-18,68.81755828857422,21716023
2018-06-19,66.72018432617188,14139226
2018-06-20,65.4538345336914,13414141
2018-06-21,67.3731460571289,14985369
2018-06-22,67.27420043945312,19758999
2018-06-25,66.22553253173828,13625467
2018-06-26,66.00787353515625,14769297
2018-06-27,61.595458984375,21186972
2018-06-28,61.081024169921875,25216086
2018-06-29,61.73397445678711,13013553
2018-07-02,60.82379150390625,12834274
2018-07-03,61.456966400146484,12222288
2018-07-04,61.437191009521484,8918760
2018-07-05,61.33824920654297,13491948
2018-07-06,62.010982513427734,14799040
2018-07-09,62.2484245300293,6247792
2018-07-10,61.437191009521484,6613938
2018-07-11,61.16016387939453,14367994
2018-07-12,62.070343017578125,30060196
2018-07-13,62.96074295043945,20535583
2018-07-16,62.327571868896484,8848806
2018-07-17,65.0779037475586,25653696
2018-07-18,66.16615295410156,13598571
2018-07-19,65.61214447021484,5902807
2018-07-20,63.732421875,7100580
2018-07-23,64.30622863769531,6828226
2018-07-24,65.27577209472656,5538894
2018-07-25,64.54366302490234,7915260
2018-07-26,62.84202575683594,26037843
2018-07-27,65.4538345336914,11670918
2018-07-30,65.86936950683594,11359947
2018-07-31,65.03832244873047,8738130
2018-08-01,66.48274993896484,15634051
2018-08-02,66.75975799560547,12238923
2018-08-03,66.70039367675781,5463201
2018-08-06,66.54209899902344,4918651
2018-08-07,65.9485092163086,3801249
2018-08-08,65.65171813964844,4190293
2018-08-09,65.4538345336914,8012188
2018-08-10,65.82978057861328,9587331
2018-08-13,63.57411575317383,15854011
2018-08-14,63.593902587890625,9181383
2018-08-16,62.723304748535156,11627358
2018-08-17,63.138816833496094,5133741
2018-08-20,63.57963943481445,9072070
2018-08-21,63.19894027709961,8777385
2018-08-23,61.47568893432617,17209116
2018-08-24,61.81633758544922,13321830
2018-08-27,62.55772399902344,6605260
2018-08-28,62.33731460571289,6658060
2018-08-29,62.71802520751953,5310538
2018-08-30,61.81633758544922,10276176
2018-08-31,62.33731460571289,7861236
2018-09-03,62.116905212402344,6251662
2018-09-04,61.09496307373047,6525816
2018-09-05,61.23523712158203,10156623
2018-09-06,61.55583572387695,8603808
2018-09-07,61.47568893432617,9175843
2018-09-10,60.533905029296875,9928920
2018-09-11,60.39366149902344,11944839
2018-09-12,59.75245666503906,14275171
2018-09-14,62.21709060668945,13365145
2018-09-17,62.73806381225586,17433411
2018-09-18,61.155086517333984,7903801
2018-09-19,61.53580856323242,8728617
2018-09-21,63.3792724609375,28618303
2018-09-24,62.096866607666016,10532938
2018-09-25,61.77625274658203,10033074
2018-09-26,61.896484375,7193761
2018-09-27,61.17512512207031,13602576
2018-09-28,61.455657958984375,7465702
2018-10-01,61.69610595703125,9517201
2018-10-03,63.479454040527344,12227493
2018-10-04,56.22581481933594,23388780
2018-10-05,47.30903244018555,121328101
2018-10-08,50.03416061401367,46089292
2018-10-09,49.152496337890625,16890256
2018-10-10,49.69352722167969,16103950
2018-10-11,52.498802185058594,41968108
2018-10-12,53.660980224609375,21249973
2018-10-15,54.12185287475586,13516389
2018-10-16,54.282161712646484,13138632
2018-10-17,53.019771575927734,9761200
2018-10-19,53.36041259765625,15715125
2018-10-22,51.99784851074219,10751334
2018-10-23,52.098045349121094,15885112
2018-10-24,55.123741149902344,25892017
2018-10-25,56.145660400390625,31270428
2018-10-26,55.16381072998047,14571217
2018-10-29,56.68667984008789,8157237
2018-10-30,54.62279510498047,10365540
2018-10-31,55.484413146972656,9547102
2018-11-01,56.84698486328125,19783696
2018-11-02,59.41180419921875,25178439
2018-11-05,56.22581481933594,19943263
2018-11-06,55.043582916259766,15246813
2018-11-07,55.68479537963867,1760956
2018-11-09,56.766841888427734,12942616
2018-11-12,54.12185287475586,15657489
2018-11-13,56.6666374206543,22326853
2018-11-14,58.2696533203125,42160671
2018-11-15,58.77059555053711,11702299
2018-11-16,57.44811248779297,12991552
2018-11-19,57.12752151489258,10584178
2018-11-20,55.72486877441406,15113989
2018-11-21,56.746788024902344,25801141
2018-11-22,55.404258728027344,13386216
2018-11-26,54.88328552246094,28933191
2018-11-27,55.484413146972656,27337411
2018-11-28,53.721099853515625,30676155
2018-11-29,54.041709899902344,38307541
2018-11-30,53.941497802734375,45183198
2018-12-03,53.220149993896484,16651738
2018-12-04,54.3623046875,14115030
2018-12-05,53.82129669189453,16482709
2018-12-06,52.39860916137695,13797400
2018-12-07,51.99784851074219,20622151
2018-12-10,53.84132385253906,75915090
2018-12-11,52.879520416259766,32698708
2018-12-12,54.542640686035156,28063432
2018-12-13,55.063629150390625,26355027
2018-12-14,56.60651779174805,59158810
2018-12-17,57.26776123046875,27722022
2018-12-18,58.00917053222656,30075697
2018-12-19,58.49007797241211,27199297
2018-12-20,59.25150680541992,32333232
2018-12-21,58.68460464477539,52021438
2018-12-24,56.71095657348633,22316688
2018-12-26,56.54298400878906,27846346
2018-12-27,56.228031158447266,70056046
2018-12-28,58.03373336791992,24779793
2018-12-31,57.55080795288086,11040681
2019-01-01,57.82374954223633,6088843
2019-01-02,57.63479232788086,17264659
2019-01-03,55.7031364440918,19588744
2019-01-04,56.2490348815918,10915804
2019-01-07,56.0390739440918,15935205
2019-01-08,56.270042419433594,10306023
2019-01-09,55.43017578125,12524175
2019-01-10,54.54833984375,16030905
2019-01-11,55.094234466552734,11384055
2019-01-14,55.556156158447266,13479003
2019-01-15,56.50099182128906,9579616
2019-01-16,57.02589416503906,9907876
2019-01-17,57.80276107788086,17466157
2019-01-18,57.88675308227539,10535631
2019-01-21,56.96290588378906,7787296
2019-01-22,57.08889389038086,10681468
2019-01-23,57.15187072753906,8051850
2019-01-24,57.44581985473633,9241969
2019-01-25,57.84475326538086,9382843
2019-01-28,57.970733642578125,8355459
2019-01-29,57.67677688598633,12549913
2019-01-30,56.50099182128906,24919875
2019-01-31,57.46682357788086,48499137
2019-02-01,57.613792419433594,7639086
2019-02-04,57.06789016723633,7489056
2019-02-05,56.165061950683594,5153344
2019-02-06,57.88675308227539,6725157
2019-02-07,57.970733642578125,5143651
2019-02-08,56.1860466003418,5373850
2019-02-11,57.04689025878906,16950358
2019-02-12,56.58496856689453,14381769
2019-02-14,52.34373474121094,37246018
2019-02-15,52.679664611816406,24901969
2019-02-18,52.4697151184082,8880549
2019-02-19,52.74266052246094,9197914
2019-02-20,54.29637908935547,11944227
2019-02-21,55.05224609375,8869450
2019-02-22,57.613792419433594,37493133
2019-02-25,58.201690673828125,25569705
2019-02-26,59.73442077636719,27315912
2019-02-27,59.167518615722656,17242557
2019-02-28,60.72125244140625,100021654
2019-03-01,62.169986724853516,13006503
2019-03-05,64.52157592773438,20764447
2019-03-06,65.04647827148438,16825896
2019-03-07,63.07283020019531,17011372
2019-03-08,62.44293975830078,24074025
2019-03-11,64.54257202148438,18519358
2019-03-12,64.71053314208984,17610831
2019-03-13,62.46392822265625,30174928
2019-03-14,63.45074462890625,17374453
2019-03-15,66.0752944946289,44451336
2019-03-18,68.36387634277344,62223189
2019-03-19,68.3218994140625,45605748
2019-03-20,66.7681655883789,54100771
2019-03-22,65.9493179321289,46517671
2019-03-25,69.0147705078125,35528448
2019-03-26,67.94396209716797,39595707
2019-03-27,68.43140411376953,15999376
2019-03-28,68.3678207397461,44148799
2019-04-01,67.26579284667969,30261943
2019-04-02,67.03267669677734,16354749
2019-04-03,65.0405502319336,15855598
2019-04-04,65.78230285644531,14047660
2019-04-05,67.15982818603516,13427421
2019-04-08,64.4471664428711,19062093
2019-04-09,65.86707305908203,22643701
2019-04-10,66.37571716308594,13325952
2019-04-11,66.94790649414062,22679952
2019-04-12,65.84587097167969,21515250
2019-04-15,65.27368927001953,14607574
2019-04-16,65.9942398071289,17539116
2019-04-18,66.16378021240234,13763782
2019-04-22,63.4723014831543,18828481
2019-04-23,63.32394027709961,12625692
2019-04-24,65.18891143798828,17801275
2019-04-25,64.72267150878906,43159665
2019-04-26,64.7862548828125,17975994
2019-04-30,66.99030303955078,21234391
2019-05-02,67.01148986816406,17787885
2019-05-03,66.18497467041016,10380483
2019-05-06,66.41808319091797,11921959
2019-05-07,65.0405502319336,12620941
2019-05-08,64.51073455810547,8682891
2019-05-09,63.83256912231445,7252297
2019-05-10,62.561004638671875,10831261
2019-05-13,60.44172286987305,14569303
2019-05-14,60.86558532714844,13879179
2019-05-15,61.7768669128418,18739447
2019-05-16,64.0656967163086,17261152
2019-05-17,63.408714294433594,34143775
2019-05-20,66.82074737548828,18816490
2019-05-21,65.06175231933594,12969838
2019-05-22,65.88827514648438,13049395
2019-05-23,65.35845184326172,21660225
2019-05-24,66.4604721069336,25465098
2019-05-27,68.74929809570312,18709338
2019-05-28,69.27910614013672,24222063
2019-05-29,67.96516418457031,13098957
2019-05-30,68.64332580566406,32150113
2019-05-31,70.16920471191406,31756585
2019-06-03,71.9281997680664,27672769
2019-06-04,70.08444213867188,14272732
2019-06-06,69.32149505615234,15166980
2019-06-07,69.42745971679688,9475417
2019-06-10,68.0923080444336,10358887
2019-06-11,68.8764419555664,8165502
2019-06-12,68.89764404296875,7065424
2019-06-13,68.11351013183594,11805598
2019-06-14,67.7320327758789,6684984
2019-06-17,65.82469940185547,7014021
2019-06-18,66.82074737548828,7373532
2019-06-19,65.44322204589844,7183492
2019-06-20,66.43927001953125,7079536
2019-06-21,65.21009826660156,18384975
2019-06-24,64.4471664428711,8383156
2019-06-25,65.52799224853516,8652688
2019-06-26,65.67634582519531,9415165
2019-06-27,66.37571716308594,26932522
2019-06-28,66.07901000976562,10498246
2019-07-01,64.27761840820312,18802408
2019-07-02,65.57038116455078,10665576
2019-07-03,66.18497467041016,10950993
2019-07-04,66.35450744628906,5150307
2019-07-05,64.51073455810547,20901478
2019-07-08,61.05631637573242,17948281
2019-07-09,64.17164611816406,48798828
2019-07-10,62.794124603271484,18862581
2019-07-11,62.68816375732422,16857075
2019-07-12,62.24311065673828,50025513
2019-07-15,61.6285285949707,12237261
2019-07-16,62.327884674072266,11981577
2019-07-17,62.24311065673828,11863383
2019-07-18,62.561004638671875,13402062
2019-07-19,62.09476852416992,21046065
2019-07-22,62.70935821533203,59575843
2019-07-23,62.45504379272461,70006978
2019-07-24,62.70935821533203,62059533
2019-07-25,62.1583366394043,74886949
2019-07-26,60.102657318115234,20334171
2019-07-29,58.59795379638672,32119935
2019-07-30,56.58465576171875,25482757
2019-07-31,59.04301071166992,30858156
2019-08-01,58.04694747924805,15873007
2019-08-02,57.32639694213867,19395661
2019-08-05,56.05482482910156,15360087
2019-08-06,56.11840057373047,18832677
2019-08-07,54.67729949951172,23951340
2019-08-08,55.461429595947266,15512527
2019-08-09,55.31307601928711,17662095
2019-08-13,53.363365173339844,18819502
2019-08-14,53.59647750854492,12453084
2019-08-16,53.51170349121094,12083389
2019-08-19,53.32095718383789,7162344
2019-08-20,52.64280319213867,9781873
2019-08-21,51.72410583496094,16718706
2019-08-22,50.33539962768555,13878937
2019-08-23,52.471885681152344,12087112
2019-08-26,53.62557601928711,19315353
2019-08-27,53.7324104309082,25250292
2019-08-28,52.51461410522461,18607672
2019-08-29,52.8350830078125,58343403
2019-08-30,52.32232666015625,15362334
2019-09-03,50.100379943847656,20300770
2019-09-04,51.42499923706055,14317494
2019-09-05,53.28375244140625,37819870
2019-09-06,54.24515914916992,18961717
2019-09-09,54.11696243286133,8686777
2019-09-11,53.8605842590332,11476779
2019-09-12,53.155548095703125,16944511
2019-09-13,55.591129302978516,38290122
2019-09-16,54.92882537841797,34013268
2019-09-17,53.49738311767578,17868168
2019-09-18,54.757911682128906,18227277
2019-09-19,53.9246826171875,10936854
2019-09-20,56.63801193237305,42220702
2019-09-23,60.95369338989258,34087725
2019-09-24,59.26587677001953,25178299
2019-09-25,60.120460510253906,23046780
2019-09-26,61.76554870605469,56406777
2019-09-27,62.19285202026367,20673976
2019-09-30,62.983341217041016,24103932
2019-10-01,63.4747314453125,41089458
2019-10-03,64.84208679199219,38254668
2019-10-04,64.54298400878906,27389229
2019-10-07,63.53883743286133,22414273
2019-10-09,63.325191497802734,25485772
2019-10-10,63.325191497802734,21194271
2019-10-11,61.2741584777832,17998872
2019-10-14,61.85101318359375,16735335
2019-10-15,62.577415466308594,14761507
2019-10-16,62.19285202026367,19778781
2019-10-17,62.556053161621094,14331837
2019-10-18,62.21421813964844,20861931
2019-10-22,62.577415466308594,17862102
2019-10-23,61.744197845458984,10717882
2019-10-24,60.376834869384766,11870892
2019-10-25,60.71867370605469,14666973
2019-10-27,60.975059509277344,942670
2019-10-29,61.680084228515625,14290651
2019-10-30,62.876529693603516,16530081
2019-10-31,62.72696304321289,21676339
2019-11-01,60.95369338989258,27437761
2019-11-04,59.26587677001953,17324739
2019-11-05,58.53948211669922,13484688
2019-11-06,57.94125747680664,15931596
2019-11-07,58.04808807373047,9818919
2019-11-08,57.27894973754883,9857605
2019-11-11,57.94125747680664,9336970
2019-11-13,57.19349670410156,8712457
2019-11-14,58.47538375854492,23579434
2019-11-15,56.274803161621094,16885014
2019-11-18,56.63801193237305,11981551
2019-11-19,56.83028793334961,8934270
2019-11-20,55.932960510253906,27013942
2019-11-21,55.07838439941406,13726644
2019-11-22,55.46295928955078,10093644
2019-11-25,55.91160202026367,8150970
2019-11-26,55.249290466308594,20732623
2019-11-27,56.0184211730957,9343426
2019-11-28,56.63801193237305,14678619
2019-11-29,56.1466178894043,9487785
2019-12-02,54.9715576171875,10278105
2019-12-03,54.9074592590332,7734715
2019-12-04,54.202423095703125,8493132
2019-12-05,53.81786346435547,13060678
2019-12-06,53.155548095703125,9266257
2019-12-09,53.62557601928711,6921060
2019-12-10,52.36505126953125,8041794
2019-12-11,53.64694595336914,12443683
2019-12-12,54.736541748046875,8733690
2019-12-13,54.800628662109375,8142712
2019-12-16,53.903324127197266,5665537
2019-12-17,53.689666748046875,7701295
2019-12-18,53.8605842590332,6968490
2019-12-19,54.43743896484375,6440647
2019-12-20,54.43743896484375,10093686
2019-12-23,54.0315055847168,12202446
2019-12-24,54.43743896484375,9383557
2019-12-26,53.45466995239258,17825301
2019-12-27,54.39470672607422,7876561
2019-12-30,54.095603942871094,5469745
2019-12-31,53.64694595336914,7574391
2020-01-01,53.81786346435547,3191238
2020-01-02,54.266517639160156,3838770
2020-01-03,54.202423095703125,13278157
2020-01-06,53.36920166015625,18947248
2020-01-07,53.21964645385742,12677539
2020-01-08,52.06595230102539,13328638
2020-01-09,53.19829177856445,13828252
2020-01-10,53.604209899902344,12566014
2020-01-13,54.24515914916992,8621076
2020-01-14,54.22378921508789,6732202
2020-01-15,53.71104431152344,7152738
2020-01-16,53.04872512817383,10577692
2020-01-17,52.40778350830078,11573763
2020-01-20,50.20721435546875,67893711
2020-01-21,49.05351638793945,69767703
2020-01-22,48.56211853027344,107592835
2020-01-23,50.57041549682617,314893702
2020-01-24,51.125892639160156,39238492
2020-01-27,50.18584442138672,20398282
2020-01-28,50.378135681152344,31914822
2020-01-29,50.549049377441406,32001970
2020-01-30,50.05766677856445,42007012
2020-01-31,48.47665786743164,55113961
2020-02-03,46.16927719116211,37608319
2020-02-04,48.626216888427734,31528422
2020-02-05,49.01078414916992,23615974
2020-02-06,50.014930725097656,19620445
2020-02-07,50.20721435546875,16255411
2020-02-10,49.480812072753906,20656924
2020-02-11,49.587642669677734,15500902
2020-02-12,49.18170166015625,17915650
2020-02-13,49.03215408325195,13542210
2020-02-14,49.18170166015625,17713123
2020-02-17,47.77162170410156,14507611
2020-02-18,48.134830474853516,21775992
2020-02-19,48.79713821411133,12031689
2020-02-20,47.98527908325195,16438315
2020-02-24,47.23750686645508,11890494
2020-02-25,47.19477844238281,16818484
2020-02-26,46.29745864868164,17215348
2020-02-27,45.143768310546875,26486947
2020-02-28,45.186492919921875,36326827
2020-03-02,44.4173583984375,21871314
2020-03-03,45.5710563659668,19908892
2020-03-04,45.54969024658203,20416750
2020-03-05,44.780555725097656,15247762
2020-03-06,43.071380615234375,37025709
2020-03-09,42.47316360473633,49467889
2020-03-11,41.404930114746094,30382858
2020-03-12,37.55926513671875,42261342
2020-03-13,39.418006896972656,62382150
2020-03-16,38.328399658203125,44735226
2020-03-17,38.20021438598633,25862538
2020-03-18,37.43107986450195,27207225
2020-03-19,37.580631256103516,31804096
2020-03-20,38.71296691894531,30046032
2020-03-23,36.20233917236328,21036792
2020-03-24,35.731597900390625,23489107
2020-03-25,34.90219497680664,27131977
2020-03-26,34.96944046020508,27474744
2020-03-27,34.476280212402344,20163504
2020-03-30,34.43144607543945,17237094
2020-03-31,36.605831146240234,36416907
2020-04-01,35.39535140991211,15719215
2020-04-03,35.64193344116211,25509141
2020-04-07,37.21107864379883,24115600
2020-04-08,36.650665283203125,30641683
2020-04-09,37.390403747558594,20377549
2020-04-13,37.278324127197266,14518111
2020-04-15,37.30073928833008,20492952
2020-04-16,37.97322463989258,17985256
2020-04-17,38.556053161621094,13740103
2020-04-20,39.250953674316406,26531673
2020-04-21,37.21107864379883,20456791
2020-04-22,37.21107864379883,22974556
2020-04-23,37.25590515136719,13770837
2020-04-24,36.5385856628418,15625792
2020-04-27,36.5385856628418,9480783
2020-04-28,35.70917510986328,27725482
2020-04-29,36.09025573730469,18324982
2020-04-30,37.74905776977539,31786479
2020-05-04,35.754005432128906,18414820
2020-05-05,35.283267974853516,20327146
2020-05-06,34.319374084472656,39446902
2020-05-07,33.9607048034668,20133519
2020-05-08,33.33305358886719,21801681
2020-05-11,33.7813835144043,19354492
2020-05-12,33.579627990722656,24453981
2020-05-13,34.072792053222656,27360669
2020-05-14,33.691715240478516,13589103
2020-05-15,33.84862518310547,23720979
2020-05-18,32.077735900878906,26546949
2020-05-19,32.30190658569336,18603873
2020-05-20,33.22097396850586,19387255
2020-05-21,33.37788009643555,15359784
2020-05-22,33.84862518310547,21714805
2020-05-26,34.58837127685547,23229154
2020-05-27,34.767696380615234,21470166
2020-05-28,34.83494186401367,14966770
2020-05-29,37.30073928833008,51853494
2020-06-01,38.6233024597168,44693584
2020-06-02,38.466392517089844,26984125
2020-06-03,39.00437927246094,29209218
2020-06-04,38.5112190246582,43910230
2020-06-05,40.080360412597656,36188166
2020-06-08,41.73917007446289,59083390
2020-06-09,40.640777587890625,25168882
2020-06-10,40.32693862915039,20502175
2020-06-11,39.609622955322266,44547292
2020-06-12,39.58720397949219,32426287
2020-06-15,38.64572525024414,52647790
2020-06-16,38.04047775268555,27930165
2020-06-17,37.81631851196289,18840036
2020-06-18,38.04047775268555,22264542
2020-06-19,38.24222183227539,32306059
2020-06-22,39.47512435913086,33907947
2020-06-23,40.05794906616211,47684919
2020-06-24,39.04920959472656,44463766
2020-06-25,38.1301383972168,38596161
2020-06-26,39.968284606933594,69744400
2020-06-29,39.04920959472656,32176755
2020-06-30,38.264644622802734,24516958
2020-07-01,38.39913558959961,21495316
2020-07-02,39.609622955322266,34968828
2020-07-03,39.38545227050781,14983935
2020-07-06,39.43028259277344,20282865
2020-07-07,38.6233024597168,19184709
2020-07-08,38.98196029663086,25017399
2020-07-09,38.780216217041016,22957249
2020-07-10,38.6233024597168,16636411
2020-07-13,39.183712005615234,24988323
2020-07-14,38.73538589477539,23018217
2020-07-15,38.39913558959961,24790735
2020-07-16,37.771488189697266,33913996
2020-07-17,38.95954895019531,76724497
2020-07-20,39.58720397949219,30911083
2020-07-21,41.89608383178711,140856196
2020-07-22,41.246009826660156,45722652
2020-07-23,42.277156829833984,67380397
2020-07-24,41.60466766357422,33916906
2020-07-27,42.030582427978516,58704537
2020-07-28,41.8736686706543,36878059
2020-07-29,41.51500701904297,22325277
2020-07-30,39.699283599853516,65433094
2020-07-31,39.65445327758789,62121741
2020-08-03,38.64572525024414,47168151
2020-08-04,38.98196029663086,38247546
2020-08-05,38.825050354003906,32501715
2020-08-06,39.09404754638672,29495152
2020-08-07,38.73538589477539,33404328
2020-08-10,39.04920959472656,24383290
2020-08-11,39.026790618896484,25075380
2020-08-12,38.488800048828125,32229642
2020-08-13,38.9371337890625,17667426
2020-08-14,38.018062591552734,29847123
2020-08-17,39.250953674316406,29222049
2020-08-18,39.00437927246094,20316855
2020-08-19,39.45270538330078,36676200
2020-08-20,39.92344665527344,48216841
2020-08-21,39.83378219604492,28550986
2020-08-24,39.609622955322266,14608251
2020-08-25,39.58720397949219,29319889
2020-08-26,39.40787124633789,24184395
2020-08-27,39.09404754638672,23164723
2020-08-28,39.36304473876953,26414010
2020-08-31,38.466392517089844,106272406
2020-09-01,37.950809478759766,41665981
2020-09-02,38.24222183227539,18785175
2020-09-03,38.15255355834961,21040962
2020-09-04,37.614566802978516,19053739
2020-09-07,37.569732666015625,22352622
2020-09-08,37.0989875793457,24253434
2020-09-09,36.112674713134766,36580713
2020-09-10,37.45765686035156,44145243
2020-09-11,37.25590515136719,26782867
2020-09-14,37.07658004760742,17809224
2020-09-15,36.87482833862305,17563498
2020-09-16,37.07658004760742,19186668
2020-09-17,36.67308044433594,19320018
2020-09-18,36.17992401123047,31549788
2020-09-21,34.83494186401367,33783609
2020-09-22,34.14004135131836,30794221
2020-09-23,34.05037307739258,28680514
2020-09-24,32.279483795166016,36837364
2020-09-25,33.22097396850586,37129638
2020-09-28,33.91587829589844,24144234
2020-09-29,33.557212829589844,22316817
2020-09-30,33.13130569458008,28453927
2020-10-01,33.22097396850586,21384946
2020-10-05,33.87104034423828,24256462
2020-10-06,33.7813835144043,24136560
2020-10-07,33.71413040161133,22736065
2020-10-08,33.84862518310547,19814497
2020-10-09,34.296958923339844,27042081
2020-10-12,33.93829345703125,17767720
2020-10-13,34.11762237548828,19361826
2020-10-14,33.467552185058594,29406442
2020-10-15,33.4227180480957,26723415
2020-10-16,33.265804290771484,34841572
2020-10-19,34.43144607543945,34811296
2020-10-20,33.64688491821289,28033734
2020-10-21,34.072792053222656,42114562
2020-10-22,34.83494186401367,32920879
2020-10-23,35.08152770996094,20601655
2020-10-26,35.01427459716797,18775899
2020-10-27,35.01427459716797,22736478
2020-10-28,34.991859436035156,17121504
2020-10-29,35.14877700805664,28496598
2020-10-30,35.664344787597656,82144678
2020-11-02,35.05910873413086,28796602
2020-11-03,34.96944046020508,22913029
2020-11-04,34.947025299072266,16097115
2020-11-05,35.776432037353516,29509615
2020-11-06,35.978179931640625,22566856
2020-11-09,36.404083251953125,23981305
2020-11-10,37.771488189697266,32965273
2020-11-11,38.107723236083984,27599802
2020-11-12,38.24222183227539,20550207
2020-11-13,37.99564743041992,16663137
2020-11-14,38.84746551513672,10134573
2020-11-17,38.08531188964844,37552521
2020-11-18,38.219810485839844,19304127
2020-11-19,37.97322463989258,23130708
2020-11-20,38.04047775268555,23413747
2020-11-23,38.75779724121094,32626279
2020-11-24,38.6233024597168,26754673
2020-11-25,38.4439697265625,25653117
2020-11-26,38.3767204284668,22684284
2020-11-27,37.92839813232422,47815935
2020-12-01,38.488800048828125,21580450
2020-12-02,39.63203811645508,67092000
2020-12-03,40.30452346801758,58976355
2020-12-04,40.52867889404297,37284490
2020-12-07,41.11151123046875,32007978
2020-12-08,40.82010269165039,25684155
2020-12-09,42.120243072509766,51701644
2020-12-10,41.447757720947266,33364783
2020-12-11,42.075408935546875,82795728
2020-12-14,43.12897491455078,52441758
2020-12-15,42.7927360534668,31439902
2020-12-16,43.19622802734375,33946033
2020-12-17,42.770320892333984,24968898
2020-12-18,42.120243072509766,36546885
2020-12-21,39.04920959472656,73823025
2020-12-22,39.43028259277344,51043984
2020-12-23,39.519954681396484,31573149
2020-12-24,40.46144104003906,32996755
2020-12-28,41.11151123046875,19819689
2020-12-29,40.887351989746094,22058307
2020-12-30,40.75285339355469,20131573
2020-12-31,40.775264739990234,22766266
2021-01-01,41.021846771240234,10716213
2021-01-04,42.075408935546875,31411359
2021-01-05,41.694332122802734,28072567
2021-01-06,42.18749237060547,37066479
2021-01-07,42.36682891845703,27214861
2021-01-08,43.106563568115234,33813061
2021-01-11,43.03931427001953,24338116
2021-01-12,43.91355514526367,47912310
2021-01-13,45.25852966308594,83906529
2021-01-14,46.267269134521484,46080657
2021-01-15,45.415443420410156,41757006
2021-01-18,44.07046890258789,42899784
2021-01-19,44.18254470825195,36623602
2021-01-20,44.07046890258789,28395798
2021-01-21,43.35314178466797,38452279
2021-01-22,42.904815673828125,33756312
2021-01-25,41.89608383178711,33799852
2021-01-27,40.97701644897461,41240343
2021-01-28,41.51500701904297,36206854
2021-01-29,41.80641555786133,111293214
2021-02-01,42.94964599609375,79766275
2021-02-02,44.29463195800781,57962112
2021-02-03,45.66202163696289,87238200
2021-02-04,46.44659423828125,76757127
2021-02-05,45.908599853515625,47134357
2021-02-08,46.67075729370117,56887465
2021-02-09,47.20220184326172,71867815
2021-02-10,46.743228912353516,34008033
2021-02-11,46.62244415283203,29268846
2021-02-12,45.9460563659668,28558101
2021-02-15,45.48707962036133,22194036
2021-02-16,46.187625885009766,37303716
2021-02-17,45.897743225097656,24688639
2021-02-18,47.83028030395508,81083085
2021-02-19,47.12973403930664,63290026
2021-02-22,46.21177291870117,29230623
2021-02-23,47.17804718017578,53269024
2021-02-24,47.32299041748047,29676166
2021-02-25,48.74823760986328,94125667
2021-02-26,47.371299743652344,68584740
2021-03-01,48.651607513427734,45069373
2021-03-02,49.376312255859375,68580370
2021-03-03,49.56956481933594,45034914
2021-03-04,49.013954162597656,25305613
2021-03-05,49.013954162597656,60217765
2021-03-08,50.05269241333008,74599173
2021-03-09,48.57913589477539,44887903
2021-03-10,47.757808685302734,31741065
2021-03-12,48.94148635864258,52481499
2021-03-15,48.82070541381836,31646668
2021-03-16,48.50666427612305,41291265
2021-03-17,47.44377517700195,31383499
2021-03-18,46.984798431396484,32120652
2021-03-19,47.709495544433594,51668046
2021-03-22,47.902748107910156,31878691
2021-03-23,48.2016716003418,33229980
2021-03-24,47.10561752319336,28562503
2021-03-25,45.287147521972656,41865562
2021-03-26,45.287147521972656,28462275
2021-03-30,45.610984802246094,30887440
2021-03-31,45.76045227050781,20242771
2021-04-01,46.40813064575195,22265911
2021-04-05,45.21241760253906,25774072
2021-04-06,45.411705017089844,16560441
2021-04-07,46.18393325805664,20614233
2021-04-08,46.3084831237793,19175106
2021-04-09,45.68572235107422,15445974
2021-04-12,43.34414291381836,29943736
2021-04-13,44.24091339111328,23964055
2021-04-15,44.88858413696289,23591248
2021-04-16,44.91349792480469,15435475
2021-04-19,43.89216995239258,22902361
2021-04-20,43.74270248413086,16299066
2021-04-22,43.767616271972656,14235285
2021-04-23,43.86725997924805,12005517
2021-04-26,43.94198989868164,10600021
2021-04-27,44.26581954956055,13128622
2021-04-28,44.53983688354492,9505056
2021-04-29,44.29073715209961,13435744
2021-04-30,45.262245178222656,44723547
2021-05-03,45.56116485595703,20483677
2021-05-04,45.53626251220703,22283461
2021-05-05,45.93482208251953,34464111
2021-05-06,46.13410949707031,22084128
2021-05-07,47.18033981323242,27762753
2021-05-10,49.397369384765625,55456126
2021-05-11,51.664222717285156,115361688
2021-05-12,51.21583557128906,58626690
2021-05-14,50.34397506713867,32738629
2021-05-17,50.8172721862793,29540865
2021-05-18,52.585914611816406,53646370
2021-05-19,53.407955169677734,111262026
2021-05-20,52.16243362426758,84723675
2021-05-21,51.96315002441406,57868768
2021-05-24,54.5289192199707,124798564
2021-05-25,54.952396392822266,61080268
2021-05-26,55.79935073852539,55487863
2021-05-27,54.927490234375,51485233
2021-05-28,54.72820281982422,45369177
2021-05-31,54.429283142089844,27328504
2021-06-01,54.753108978271484,25662061
2021-06-02,55.226409912109375,26079462
2021-06-03,56.02354431152344,31434373
2021-06-04,57.09469985961914,42494730
2021-06-07,57.14451217651367,28815546
2021-06-08,58.14093017578125,34179129
2021-06-09,57.26906204223633,31520341
2021-06-10,57.76728439331055,19462978
2021-06-11,57.34379196166992,22644016
2021-06-14,57.16942596435547,15977089
2021-06-15,57.667633056640625,18716286
2021-06-16,57.74235916137695,17840275
2021-06-17,57.09469985961914,14332735
2021-06-18,55.948814392089844,24316953
2021-06-21,56.12318420410156,22640152
2021-06-22,56.721031188964844,18181960
2021-06-23,56.24774169921875,8197572
2021-06-24,55.52534866333008,11987605
2021-06-25,55.50042724609375,7819713
2021-06-28,55.226409912109375,9776194
2021-06-29,53.88124084472656,22785070
2021-06-30,53.75669479370117,17106526
2021-07-01,53.58232498168945,13216218
2021-07-02,54.03071594238281,17907844
2021-07-05,54.205081939697266,9305578
2021-07-06,54.005794525146484,9301320
2021-07-07,53.7816047668457,11177004
2021-07-08,53.58232498168945,14297863
2021-07-09,53.45777130126953,10924398
2021-07-12,53.407955169677734,9438729
2021-07-13,53.706878662109375,11227437
2021-07-14,53.358131408691406,9119790
2021-07-15,52.95956802368164,11451739
2021-07-16,52.859920501708984,11793582
2021-07-19,52.785194396972656,17532862
2021-07-20,52.61081314086914,19243816
2021-07-22,53.158843994140625,16258848
2021-07-23,52.81010818481445,10996716
2021-07-26,52.137516021728516,10937572
2021-07-27,51.78877258300781,11591373
2021-07-28,51.81368637084961,13733836
2021-07-29,51.76385498046875,15139800
2021-07-30,51.39020919799805,39367890
2021-08-02,52.56100082397461,19968907
2021-08-03,52.884830474853516,15159726
2021-08-04,52.46135330200195,17376739
2021-08-05,52.53717041015625,20246398
2021-08-06,53.5227165222168,13803814
2021-08-09,52.76460266113281,12460222
2021-08-10,51.677974700927734,12318604
2021-08-11,52.89094924926758,16287054
2021-08-12,52.612979888916016,13442644
2021-08-13,52.89094924926758,10050325
2021-08-16,54.17973709106445,32819128
2021-08-17,53.42163848876953,25693791
2021-08-18,53.67433547973633,18888795
2021-08-20,52.30973815917969,15736258
2021-08-23,52.05702590942383,10432123
2021-08-24,53.5227165222168,17847588
2021-08-25,53.62378692626953,11312487
2021-08-26,53.371097564697266,11929699
2021-08-27,53.54798126220703,8356207
2021-08-30,54.255550384521484,19240269
2021-08-31,56.02449035644531,33485407
2021-09-01,55.97394561767578,17700178
2021-09-02,55.670692443847656,17265598
2021-09-03,57.16164779663086,22906791
2021-09-06,56.40353775024414,11302936
2021-09-07,56.52989196777344,11374723
2021-09-08,56.90894317626953,12497221
2021-09-09,57.01002502441406,19983877
2021-09-13,57.616519927978516,13133424
2021-09-14,58.24828338623047,13852611
2021-09-15,58.829490661621094,19025859
2021-09-16,59.81504821777344,21129102
2021-09-17,59.76450729370117,52041975
2021-09-20,57.919769287109375,13756386
2021-09-21,58.121925354003906,14070891
2021-09-22,58.85477066040039,11751877
2021-09-23,59.638153076171875,13392397
2021-09-24,59.259090423583984,11883868
2021-09-27,59.96666717529297,14908830
2021-09-28,62.13992691040039,30580264
2021-09-29,64.41425323486328,29772804
2021-09-30,63.3276252746582,17995564
2021-10-01,64.38899230957031,20085250
2021-10-04,63.807762145996094,11345266
2021-10-05,65.65249633789062,30310881
2021-10-06,65.75357818603516,38136735
2021-10-07,66.84021759033203,19049433
2021-10-08,66.6127700805664,13639896
2021-10-11,66.48643493652344,9461719
2021-10-12,66.33480834960938,14989111
2021-10-13,66.33480834960938,13747222
2021-10-14,67.92684173583984,21061104
2021-10-18,68.91239166259766,22145724
2021-10-19,67.62359619140625,15474921
2021-10-20,65.98102569580078,16132831
2021-10-21,66.5369644165039,27519955
2021-10-22,66.05682373046875,16376905
2021-10-25,65.93047332763672,15055837
2021-10-26,66.4611587524414,15198604
2021-10-27,66.10736846923828,13412194
2021-10-28,65.02073669433594,13901230
2021-10-29,64.66695404052734,12613387
2021-11-01,66.5369644165039,26818699
2021-11-02,66.10736846923828,14533176
2021-11-03,66.9918441772461,31141038
2021-11-04,68.0531997680664,4986216
2021-11-08,70.98455810546875,37249699
2021-11-09,70.60549926757812,19382632
2021-11-10,70.4791488647461,15366904
2021-11-11,69.8763198852539,19049466
2021-11-12,69.6928482055664,14255041
2021-11-15,69.64041900634766,8808997
2021-11-16,68.67064666748047,9738892
2021-11-17,67.33393859863281,9331351
2021-11-18,67.80570220947266,10891344
2021-11-22,65.2633285522461,11624364
2021-11-23,66.12825775146484,18446718
2021-11-24,66.88835906982422,12152407
2021-11-25,65.86614990234375,9581943
2021-11-26,63.402408599853516,11587932
2021-11-29,62.275367736816406,15803560
2021-11-30,62.3539924621582,27563893
2021-12-01,61.69874572753906,19871665
2021-12-02,63.245140075683594,20686078
2021-12-03,64.05765533447266,14866089
2021-12-06,63.402408599853516,9379269
2021-12-07,63.218936920166016,14464680
2021-12-08,63.11410140991211,14700337
2021-12-09,62.74715042114258,19297434
2021-12-10,62.93062210083008,20332264
2021-12-13,62.013267517089844,20362045
2021-12-14,61.803585052490234,17422254
2021-12-15,60.65033721923828,17936938
2021-12-16,60.67654037475586,15950560
2021-12-17,59.156349182128906,17648721
2021-12-20,57.00711441040039,17713881
2021-12-21,57.400272369384766,12582459
2021-12-22,57.16438293457031,16343983
2021-12-23,58.78941345214844,15427636
2021-12-24,57.793426513671875,17403219
2021-12-27,58.0555305480957,6689944
2021-12-28,58.868045806884766,8475690
2021-12-29,58.44868850708008,6332934
2021-12-30,57.950687408447266,8269432
2021-12-31,58.44868850708008,8717971
2022-01-03,59.20878219604492,10026562
2022-01-04,59.785396575927734,8322088
2022-01-05,61.46284866333008,21374004
2022-01-06,61.46284866333008,10795557
2022-01-07,62.11811065673828,11303518
2022-01-10,62.74715042114258,9923601
2022-01-11,62.1705207824707,8919054
2022-01-12,62.45884323120117,10748385
2022-01-13,63.507232666015625,12559629
2022-01-14,64.63428497314453,22431007
2022-01-17,64.87017822265625,14548522
2022-01-18,64.97502136230469,21395779
2022-01-19,65.57785034179688,14870110
2022-01-20,65.78752136230469,10007508
2022-01-21,63.795555114746094,14728332
2022-01-24,63.0878791809082,19665838
2022-01-25,63.66450881958008,9651480
2022-01-27,64.31977081298828,12890338
2022-01-28,65.05364227294922,14995069
2022-01-31,65.6302719116211,19787082
2022-02-01,63.82176971435547,34627617
2022-02-02,65.23712158203125,14749194
2022-02-03,65.34196472167969,13117138
2022-02-04,65.0798568725586,10723602
2022-02-07,64.42459869384766,13452373
2022-02-08,63.612091064453125,23545662
2022-02-09,65.61774444580078,17581473
2022-02-10,65.02147674560547,18120168
2022-02-11,66.15982818603516,26486850
2022-02-14,63.17842102050781,16463770
2022-02-15,64.37097930908203,12978223
2022-02-16,65.86167907714844,17673190
2022-02-17,65.80748748779297,16774602
2022-02-18,65.67195129394531,7978566
2022-02-21,64.61491394042969,8595442
2022-02-22,63.476566314697266,11409610
2022-02-23,63.503665924072266,8525215
2022-02-24,59.62785720825195,19848141
2022-02-25,60.90172576904297,28048713
2022-02-28,62.338218688964844,24781798
2022-03-02,60.84751892089844,22390246
2022-03-03,62.14849090576172,28291584
2022-03-04,61.38959884643555,25005861
2022-03-07,60.84751892089844,25392553
2022-03-08,63.449466705322266,33483859
2022-03-09,63.39525604248047,23476054
2022-03-10,65.56354522705078,27592384
2022-03-11,67.05422973632812,18598243
2022-03-14,65.48223114013672,22317814
2022-03-15,64.50650787353516,16501842
2022-03-16,66.1056137084961,15176752
2022-03-17,65.7803726196289,41700111
2022-03-21,63.96442413330078,18166521
2022-03-22,65.40092468261719,30929289
2022-03-23,65.97010040283203,25271163
2022-03-24,65.37381744384766,12377631
2022-03-25,64.39808654785156,12238471
2022-03-28,65.02147674560547,15342876
2022-03-29,64.12705993652344,14627074
2022-03-30,63.530765533447266,159640347
2022-03-31,64.47940063476562,31701618
2022-04-01,66.18692779541016,16052676
2022-04-04,66.29533386230469,14095200
2022-04-05,66.48505401611328,13071195
2022-04-06,68.32810974121094,23580340
2022-04-07,66.97293853759766,30238785
2022-04-08,68.81597137451172,21699732
2022-04-11,69.84590911865234,19137451
2022-04-12,68.32810974121094,14583673
2022-04-13,69.3309326171875,17675811
2022-04-18,69.4393539428711,17471850
2022-04-19,70.63191223144531,30183165
2022-04-20,72.31233215332031,28690066
2022-04-21,73.20674896240234,22154311
2022-04-22,72.82730102539062,13678113
2022-04-25,69.24962615966797,16604310
2022-04-26,69.9543228149414,14133414
2022-04-27,69.03280639648438,14967738
2022-04-28,70.44219207763672,15773589
2022-04-29,68.30099487304688,13013304
2022-05-02,68.65335083007812,8623737
2022-05-04,68.21969604492188,8118435
2022-05-05,68.13838195800781,8015140
2022-05-06,68.4365234375,13680673
2022-05-09,67.21686553955078,12361746
2022-05-10,66.13272094726562,15563373
2022-05-11,65.29251098632812,14615373
2022-05-12,66.18692779541016,30617643
2022-05-13,65.7532730102539,22601469
2022-05-16,66.18692779541016,12566889
2022-05-17,67.43370056152344,27391533
2022-05-18,63.991539001464844,64902469
2022-05-19,63.55787658691406,21865050
2022-05-20,63.39525604248047,24237945
2022-05-23,63.80181121826172,17487906
2022-05-24,64.34388732910156,18454173
2022-05-25,62.22980880737305,17317285
2022-05-26,61.904563903808594,23782918
2022-05-27,61.87745666503906,11616970
2022-05-30,62.93449401855469,12222628
2022-05-31,62.88029861450195,19925845
2022-06-01,64.07284545898438,16686021
2022-06-02,63.77470397949219,16274652
2022-06-03,64.12705993652344,13564659
2022-06-06,63.72050094604492,12162841
2022-06-07,64.07284545898438,14801011
2022-06-08,63.96442413330078,12953038
2022-06-09,64.12705993652344,32112393
2022-06-10,63.55787658691406,16173466
2022-06-13,61.57931137084961,15123129
2022-06-14,59.763370513916016,23524399
2022-06-15,59.19419860839844,14386729
2022-06-16,58.62502670288086,14897512
2022-06-17,56.48384094238281,23651413
2022-06-20,55.86046600341797,19163382
2022-06-21,57.32405471801758,14169558
2022-06-22,57.21564483642578,18641673
2022-06-23,58.16426467895508,16579252
2022-06-24,58.814762115478516,11807979
2022-06-27,59.38392639160156,17830735
2022-06-28,58.706336975097656,22631172
2022-06-29,59.51944351196289,18903900
2022-06-30,60.373199462890625,34424950
2022-07-01,60.61714172363281,22029311
2022-07-04,60.45451736450195,12798384
2022-07-05,59.84468460083008,17464685
2022-07-06,59.03158187866211,21856830
2022-07-07,59.112892150878906,17846046
2022-07-08,59.112892150878906,11692575
2022-07-11,58.990928649902344,11548617
2022-07-12,57.446014404296875,16729806
2022-07-13,57.24274444580078,13704386
2022-07-14,57.52733612060547,8917897
2022-07-15,57.20208740234375,7310057
2022-07-18,57.852577209472656,6697658
2022-07-19,58.543724060058594,7585011
2022-07-20,58.828304290771484,10590222
2022-07-21,58.990928649902344,9537111
2022-07-22,58.66568374633789,8740051
2022-07-25,58.62502670288086,10124538
2022-07-26,58.25913619995117,8202210
2022-07-27,58.62502670288086,8726504
2022-07-28,58.58437728881836,11715079
2022-07-29,59.31616973876953,16983013
2022-08-01,57.81192398071289,30168751
2022-08-02,58.50306701660156,15655719
2022-08-03,57.73060989379883,18893830
2022-08-04,57.89323043823242,25024630
2022-08-05,59.438133239746094,48935830
2022-08-08,59.64140701293945,16091607
2022-08-10,58.95027160644531,29085499
2022-08-11,59.66507339477539,16670568
2022-08-12,60.169647216796875,12294928
2022-08-16,61.51515579223633,26772067
2022-08-17,61.68334197998047,18542371
2022-08-18,61.09468460083008,18850835
2022-08-19,60.67420959472656,13357442
2022-08-22,59.959415435791016,13714233
2022-08-23,59.74917984008789,11581331
2022-08-24,59.328697204589844,19584234
2022-08-25,60.085548400878906,13090152
2022-08-26,60.4639778137207,10546886
2022-08-29,59.74917984008789,14387511
2022-08-30,60.127601623535156,14284488
2022-09-01,59.83326721191406,17854146
2022-09-02,59.959415435791016,13349456
2022-09-05,59.66507339477539,11658725
2022-09-06,59.454833984375,10545363
2022-09-07,60.04350280761719,19254652
2022-09-08,61.431060791015625,24401527
2022-09-09,61.01058578491211,9906299
2022-09-12,61.09468460083008,21463828
2022-09-13,60.75830841064453,11555561
2022-09-14,60.37989044189453,9024753
2022-09-15,60.169647216796875,9985561
2022-09-16,58.824127197265625,25993505
2022-09-19,58.57184982299805,13595148
2022-09-20,58.10932540893555,20693245
2022-09-21,57.562713623046875,24710729
2022-09-22,57.0161018371582,15775504
2022-09-23,56.72176742553711,13578280
2022-09-26,55.5444450378418,19194238
2022-09-27,56.13310241699219,14140070
2022-09-28,55.29216003417969,15974881
2022-09-29,55.41830825805664,24560255
2022-09-30,56.30128860473633,16041026
2022-10-03,56.0910530090332,13288633
2022-10-04,56.59562683105469,10513995
2022-10-06,56.97405242919922,13000167
2022-10-07,56.72176742553711,14879891
2022-10-10,56.805870056152344,9042660
2022-10-11,55.46034622192383,14905741
2022-10-12,56.5535774230957,14459865
2022-10-13,56.217201232910156,9890714
2022-10-14,55.75468063354492,10119406
2022-10-17,55.5444450378418,10841451
2022-10-18,56.0910530090332,8153819
2022-10-19,56.34333801269531,7157066
2022-10-20,57.05814743041992,19426605
2022-10-21,56.76382064819336,9542021
2022-10-24,57.226341247558594,3745316
2022-10-25,57.100196838378906,12609170
2022-10-27,57.43657302856445,10404151
2022-10-28,57.562713623046875,9586976
2022-10-31,57.39452362060547,10549071
2022-11-01,57.604759216308594,7840600
2022-11-02,57.6888542175293,6785578
2022-11-03,57.77294921875,6466688
2022-11-04,57.604759216308594,8971834
2022-11-07,58.95027160644531,13032194
2022-11-09,58.487754821777344,10410493
2022-11-10,58.52980041503906,5974147
2022-11-11,58.65594482421875,8792244
2022-11-14,58.40365219116211,10222979
2022-11-15,58.52980041503906,6477425
2022-11-16,58.277523040771484,5638631
2022-11-17,58.10932540893555,5264089
2022-11-18,58.23546600341797,6231903
2022-11-21,58.908226013183594,14820946
2022-11-22,58.86617660522461,13456815
2022-11-23,58.78208541870117,7949141
2022-11-24,60.590118408203125,29444796
2022-11-25,61.68334197998047,22422462
2022-11-28,64.08003234863281,40695313
2022-11-29,63.32319259643555,17421133
2022-11-30,64.45845794677734,29122442
2022-12-01,64.08003234863281,15072561
2022-12-02,64.75279998779297,18220281
2022-12-05,64.79483795166016,10947250
2022-12-06,63.7436637878418,10369691
2022-12-07,64.5005111694336,20909569
2022-12-08,64.54255676269531,11996025
2022-12-09,64.75279998779297,24702723
2022-12-12,66.35059356689453,20455051
2022-12-13,65.38350677490234,16409283
2022-12-14,65.71989440917969,16268873
2022-12-15,65.67784118652344,9555282
2022-12-16,64.71074676513672,18672807
2022-12-19,65.55168914794922,12681354
2022-12-20,65.42554473876953,9368946
2022-12-21,64.24822998046875,8618706
2022-12-22,63.155006408691406,15215404
2022-12-23,61.389015197753906,15286836
2022-12-26,62.566341400146484,9571856
2022-12-27,63.155006408691406,5815217
2022-12-28,62.9027214050293,6599386
2022-12-29,62.86066818237305,10191269
2022-12-30,64.33232116699219,15567911
2023-01-02,65.59375,16878293
2023-01-03,66.01421356201172,11509540
2023-01-04,65.67784118652344,11974831
2023-01-05,66.51878356933594,14449439
2023-01-06,67.31768798828125,19075518
2023-01-09,67.35972595214844,16438468
2023-01-10,67.78019714355469,11953196
2023-01-11,70.26099395751953,44099830
2023-01-12,68.62113952636719,16440461
2023-01-13,69.20980834960938,8018070
2023-01-16,69.16776275634766,9367702
2023-01-17,68.62113952636719,8776414
2023-01-18,69.08367156982422,7980164
2023-01-19,70.00870513916016,9857262
2023-01-20,69.71437072753906,9411562
2023-01-23,70.17688751220703,6972772
2023-01-24,69.92461395263672,7069973
2023-01-25,69.37799835205078,8188678
2023-01-27,68.1165771484375,10838959
2023-01-30,68.7472915649414,10783051
2023-01-31,68.7472915649414,21752061
2023-02-01,67.10743713378906,20031377
2023-02-02,66.05626678466797,10817457
2023-02-03,65.97216796875,11116563
2023-02-06,66.6449203491211,9507602
2023-02-07,66.47674560546875,6876198
2023-02-08,66.6449203491211,6093832
2023-02-09,66.93925476074219,8609974
2023-02-10,67.10743713378906,6286269
2023-02-13,66.85515594482422,6470826
2023-02-14,66.56083679199219,5013825
2023-02-15,66.85515594482422,3686045
2023-02-16,67.10743713378906,8603036
2023-02-17,67.73815155029297,9145422
2023-02-20,66.89720916748047,6867570
2023-02-21,66.60287475585938,4633296
2023-02-22,65.00508117675781,9878001
2023-02-23,64.92098236083984,6290065
2023-02-24,65.047119140625,6103178
2023-02-27,64.62664794921875,6945215
2023-02-28,63.95390319824219,10000095
2023-03-01,64.71074676513672,6694749
2023-03-02,65.5096435546875,5273986
2023-03-03,65.76193237304688,5522499
2023-03-06,66.6449203491211,8582554
2023-03-08,66.60287475585938,5969771
2023-03-09,66.18240356445312,6135751
2023-03-10,66.35059356689453,6305111
2023-03-13,65.42554473876953,7151999
2023-03-14,65.3414535522461,8316642
2023-03-15,66.09831237792969,8183051
2023-03-16,67.19154357910156,27348566
2023-03-17,66.68697357177734,22904016
2023-03-20,67.78019714355469,18090005
2023-03-21,66.89720916748047,9942587
2023-03-22,66.93925476074219,8162089
2023-03-23,66.4346923828125,7065528
2023-03-24,65.93012237548828,10269895
2023-03-27,64.83688354492188,4845906
2023-03-28,64.66869354248047,7446988
2023-03-29,64.66869354248047,9921198
2023-03-31,65.5096435546875,9748505
2023-04-03,65.17326354980469,11416090
2023-04-05,64.87894439697266,6867318
2023-04-06,65.3414535522461,5063531
2023-04-10,65.42554473876953,5706517
2023-04-11,65.5096435546875,2998570
2023-04-12,65.59375,4182972
2023-04-13,64.92098236083984,6411454
2023-04-17,64.9630355834961,7736935
2023-04-18,65.59375,5096362
2023-04-19,66.05626678466797,7940271
2023-04-20,65.76193237304688,7789377
2023-04-21,65.8039779663086,5001767
2023-04-24,65.8039779663086,7060879
2023-04-25,65.97216796875,4656411
2023-04-26,65.97216796875,5090493
2023-04-27,67.654052734375,17036886
2023-04-28,68.45295715332031,11996476
2023-05-02,69.08367156982422,11768608
2023-05-03,69.54618072509766,12067736
2023-05-04,70.05075073242188,15811123
2023-05-05,69.63027954101562,5895640
2023-05-08,70.00870513916016,6051050
2023-05-09,70.63941192626953,7286472
2023-05-10,70.84964752197266,7349573
2023-05-11,70.59736633300781,4455253
2023-05-12,70.26099395751953,4700410
2023-05-15,70.8075942993164,7167177
2023-05-16,73.1622543334961,44298431
2023-05-17,73.62476348876953,20861152
2023-05-18,72.3213119506836,16119484
2023-05-19,72.36335754394531,11201198
2023-05-22,73.28839874267578,9226502
2023-05-23,74.84414672851562,27392800
2023-05-24,75.39075469970703,19866440
2023-05-25,74.97029113769531,9684940
2023-05-26,75.853271484375,9846321
2023-05-29,75.72714233398438,6891927
2023-05-30,75.93737030029297,9269698
2023-05-31,75.68508911132812,17157711
2023-06-01,76.10556030273438,11770478
2023-06-02,75.51689147949219,7123634
2023-06-05,75.05437469482422,9227005
2023-06-06,75.1805191040039,5740801
2023-06-07,76.39989471435547,11403972
2023-06-08,75.72714233398438,10809055
2023-06-09,75.93737030029297,9921823
2023-06-12,77.24083709716797,10813997
2023-06-13,77.28289031982422,19796495
2023-06-14,78.33406829833984,19246845
2023-06-15,78.12383270263672,8742159
2023-06-16,77.49312591552734,15146569
2023-06-19,77.28289031982422,6800507
2023-06-20,77.28289031982422,9394894
2023-06-21,77.36698150634766,9499893
2023-06-22,77.36698150634766,9694937
2023-06-23,75.09642791748047,18134295
2023-06-26,75.3066635131836,10963542
2023-06-27,75.13847351074219,10668117
2023-06-28,76.23169708251953,14388441
2023-06-30,76.7783203125,12595671
2023-07-03,80.10005187988281,32972732
2023-07-04,79.5954818725586,11918401
2023-07-05,80.31028747558594,14283796
2023-07-06,82.91722106933594,32778334
2023-07-07,83.42179107666016,37546405
2023-07-10,81.9080810546875,24042759
2023-07-11,82.49674224853516,17508261
2023-07-12,82.32855987548828,14979586
2023-07-13,80.89894104003906,11491737
2023-07-14,81.23532104492188,24048036
2023-07-17,81.86602783203125,19126927
2023-07-18,82.0762710571289,9527821
2023-07-19,82.62287902832031,15283446
2023-07-20,83.0433578491211,8940131
2023-07-21,83.54792785644531,18598910
2023-07-24,83.96839904785156,19073238
2023-07-25,83.25360107421875,11983867
2023-07-26,83.75816345214844,14912431
2023-07-27,82.91722106933594,16349608
2023-07-28,82.61365509033203,27278447
2023-07-31,81.3126449584961,25418124
2023-08-01,81.52947998046875,16132927
2023-08-02,81.39937591552734,16780965
2023-08-03,81.09580993652344,8703991
2023-08-04,80.05500793457031,10743670
2023-08-07,80.53204345703125,6947500
2023-08-08,80.09837341308594,14652588
2023-08-09,81.4427490234375,9339961
2023-08-10,81.39937591552734,6480305
2023-08-11,81.09580993652344,9294868
2023-08-14,80.3152084350586,6762888
2023-08-16,80.92234802246094,7026509
2023-08-17,80.01165008544922,6856243
2023-08-18,79.27440643310547,7603578
2023-08-21,79.79481506347656,7450923
2023-08-22,79.66471099853516,5274379
2023-08-23,79.18767547607422,6805550
2023-08-24,80.01165008544922,9936618
2023-08-25,79.62135314941406,7021529
2023-08-28,79.70808410644531,6866040
2023-08-29,79.70808410644531,6510089
2023-08-30,78.71063995361328,10926964
2023-08-31,77.279541015625,15918998
2023-09-01,77.2361831665039,14735373
2023-09-04,78.103515625,13063008
2023-09-05,79.23103332519531,12849665
2023-09-06,79.23103332519531,8805552
2023-09-07,79.53461456298828,7697172
2023-09-08,81.52947998046875,29294769
2023-09-11,82.57028198242188,23997873
2023-09-12,79.40451049804688,21373206
2023-09-13,80.7488784790039,11716054
2023-09-14,82.09324645996094,16430876
2023-09-15,79.75144958496094,35184771
2023-09-18,80.3152084350586,17302409
2023-09-20,79.66471099853516,18228395
2023-09-21,80.44532012939453,15173388
2023-09-22,80.01165008544922,10983768
2023-09-25,79.75144958496094,10885789
2023-09-26,79.79481506347656,8786944
2023-09-27,78.40706634521484,17576586
2023-09-28,77.88668060302734,17116633
2023-09-29,78.88410186767578,7353379
2023-10-03,78.06014251708984,12491467
2023-10-04,77.279541015625,10554372
2023-10-05,77.75657653808594,9293183
2023-10-06,77.84330749511719,8500414
2023-10-09,75.84843444824219,10345543
2023-10-10,76.62903594970703,9460129
2023-10-11,77.79993438720703,12124613
2023-10-12,78.32034301757812,9922340
2023-10-13,78.79737854003906,12881848
2023-10-16,78.84074401855469,8631278
2023-10-17,79.66471099853516,13355267
2023-10-18,78.71063995361328,11466227
2023-10-19,78.62390899658203,6724121
2023-10-20,78.32034301757812,8772287
2023-10-23,76.2821044921875,9592121
2023-10-25,75.97853088378906,9057651
2023-10-26,74.7642593383789,10108394
2023-10-27,75.37140655517578,6454064
2023-10-30,76.54230499267578,10175983
2023-10-31,77.79993438720703,29025469
2023-11-01,80.18511199951172,54027867
2023-11-02,82.440185546875,63995437
2023-11-03,83.17742156982422,34490201
2023-11-06,85.86615753173828,63500708
2023-11-07,90.24620056152344,79534919
2023-11-08,89.72579956054688,69412828
2023-11-09,89.29212951660156,32091128
2023-11-10,89.38329315185547,28403392
2023-11-13,90.24932098388672,23502134
2023-11-15,92.71066284179688,35721107
2023-11-16,94.89852905273438,43421272
2023-11-17,93.62227630615234,50796419
2023-11-20,93.75901794433594,16980763
2023-11-21,92.11812591552734,20429383
2023-11-22,92.3004379272461,16652996
2023-11-23,94.62504577636719,18589035
2023-11-24,94.30598449707031,26009963
2023-11-28,98.63612365722656,61127565
2023-11-29,98.95518493652344,36828919
2023-11-30,101.8723373413086,46269884
2023-12-01,101.41653442382812,24131009
2023-12-04,105.65550994873047,50645500
2023-12-05,107.2964096069336,47272168
2023-12-06,108.75498962402344,31094949
2023-12-07,110.62378692626953,38173544
2023-12-08,108.29918670654297,22610433
2023-12-11,107.11409759521484,28917089
2023-12-12,107.15967559814453,15735665
2023-12-13,109.07405853271484,23660687
2023-12-14,109.48428344726562,20038925
2023-12-15,112.85723114013672,43200717
2023-12-18,113.3586196899414,19345644
2023-12-19,113.67767333984375,22074723
2023-12-20,109.43870544433594,27660494
2023-12-21,113.17630004882812,20805929
2023-12-22,112.76607513427734,12915880
2023-12-26,116.73157501220703,30770511
2023-12-27,115.40973663330078,16455934
2023-12-28,121.4719467163086,54672874
2023-12-29,118.37248229980469,30650133
2024-01-01,118.78269958496094,18629028
2024-01-02,119.0105972290039,17271309
2024-01-03,120.97055053710938,24221613
2024-01-04,119.60313415527344,23880980
2024-01-05,120.97055053710938,21903222
2024-01-08,120.92496490478516,26199907
2024-01-09,120.24125671386719,15051378
2024-01-10,119.0105972290039,17547639
2024-01-11,121.4719467163086,21653666
2024-01-12,123.34075164794922,24471509
2024-01-15,125.48301696777344,22824583
2024-01-16,130.90711975097656,54350562
2024-01-17,131.36289978027344,43031636
2024-01-18,131.72755432128906,26958686
2024-01-19,135.51071166992188,23970656
2024-01-23,126.66812133789062,38167576
2024-01-24,130.7703399658203,40122151
2024-01-25,130.9982452392578,38252600
2024-01-29,133.7330780029297,28420760
2024-01-30,134.64468383789062,41378967
2024-01-31,133.9609832763672,27393172
2024-02-01,136.51348876953125,27883335
2024-02-02,148.50115966796875,94675914
2024-02-05,158.57443237304688,101043319
2024-02-06,168.19192504882812,97077698
2024-02-07,169.96954345703125,82890137
2024-02-08,175.3936309814453,83103687
2024-02-09,166.3686981201172,84137345
2024-02-12,159.89627075195312,54071070
2024-02-13,159.03024291992188,37121416
2024-02-14,167.3258819580078,52764452
2024-02-15,173.06903076171875,70678699
2024-02-16,170.47093200683594,54056644
2024-02-19,171.83834838867188,30664067
2024-02-20,172.06625366210938,34936800
2024-02-21,166.18637084960938,22131487
2024-02-22,163.81619262695312,39618423
2024-02-23,160.30650329589844,31342100
2024-02-26,161.81065368652344,36264939
2024-02-27,157.9363250732422,27603342
2024-02-28,152.6033935546875,35971734
2024-02-29,150.9169158935547,52797150
2024-03-01,154.4265899658203,33401242
2024-03-04,159.75953674316406,28643745
2024-03-05,160.30650329589844,21719198
2024-03-06,161.6739044189453,37730619
2024-03-07,159.16697692871094,17880714
2024-03-11,158.84793090820312,22843402
2024-03-12,157.61724853515625,20208400
2024-03-13,148.91139221191406,26725350
2024-03-14,155.2926483154297,25912125
2024-03-15,146.7690887451172,108719847
2024-03-18,146.58676147460938,22670787
2024-03-19,141.52735900878906,50547948
2024-03-20,144.2621612548828,23956154
2024-03-21,149.95973205566406,26756447
2024-03-22,150.55226135253906,25141774
2024-03-26,152.64898681640625,21189137
2024-03-27,151.50946044921875,31466480
2024-03-28,152.92245483398438,17007401
2024-04-01,154.2898712158203,14548989
2024-04-02,158.80233764648438,29081495
2024-04-03,158.34652709960938,18996701
2024-04-04,154.65451049804688,17913673
2024-04-05,153.15036010742188,26551221
2024-04-08,155.2470703125,14541348
2024-04-09,153.97079467773438,10074537
2024-04-10,157.75399780273438,26458888
2024-04-12,155.1103057861328,23635268
2024-04-15,151.69178771972656,30165832
2024-04-16,154.0619659423828,19347109
2024-04-18,154.0619659423828,29756025
2024-04-19,151.91969299316406,28613815
2024-04-22,155.7940216064453,19022799
2024-04-23,153.2415313720703,19730937
2024-04-24,153.8340606689453,17496649
2024-04-25,155.15591430664062,14757776
2024-04-26,156.38656616210938,17306072
2024-04-29,161.12693786621094,40527426
2024-04-30,153.92523193359375,67530236
2024-05-02,158.0730438232422,60555113
2024-05-03,155.65728759765625,30968452
2024-05-06,151.5550537109375,28686100
2024-05-07,145.85748291015625,40995072
2024-05-08,148.7290496826172,28458714
2024-05-09,142.75802612304688,27225782
2024-05-10,144.90029907226562,24021566
2024-05-13,144.2165985107422,28720880
2024-05-14,145.26495361328125,17592865
2024-05-15,147.49838256835938,17906679
2024-05-16,148.45558166503906,23017120
2024-05-17,149.54949951171875,13305287
2024-05-21,152.1475830078125,26148240
2024-05-22,152.19317626953125,20053145
2024-05-23,153.1047821044922,17423296
2024-05-24,153.87965393066406,17579600
2024-05-27,153.97079467773438,14367479
2024-05-28,152.2843475341797,12934677
2024-05-29,150.46112060546875,12374782
2024-05-30,147.6351318359375,13980050
2024-05-31,148.0453338623047,34520338
2024-06-03,159.80511474609375,62214295
2024-06-04,140.84364318847656,88989411
2024-06-05,145.1737823486328,36919071
2024-06-06,149.13929748535156,35722401
2024-06-07,149.68624877929688,33444357
2024-06-10,150.60699462890625,19825323
2024-06-11,152.858642578125,28559865
2024-06-12,153.91610717773438,28047986
2024-06-13,154.01638793945312,17279580
2024-06-14,155.30177307128906,22000973
2024-06-18,154.59982299804688,17723479
2024-06-19,152.01084899902344,18053095
2024-06-20,154.0346221923828,15794096
2024-06-21,151.892333984375,19269862
2024-06-24,151.6006317138672,13445384
2024-06-25,149.84121704101562,14775324
2024-06-26,149.7500762939453,10441389
2024-06-27,149.1210479736328,24654739
2024-06-28,150.98985290527344,15335579
2024-07-01,152.8404083251953,19014104
2024-07-02,153.42384338378906,31012683
2024-07-03,154.3445587158203,20184032
2024-07-04,155.12855529785156,26156046
2024-07-05,156.14044189453125,26431264
2024-07-08,155.0373992919922,30322381
2024-07-09,156.4959716796875,28600182
2024-07-10,156.70562744140625,34673112
2024-07-11,159.02113342285156,55143055
2024-07-12,158.6412353515625,35355791
2024-07-15,161.16749572753906,32915517
2024-07-16,162.15521240234375,33837471
2024-07-18,161.08201599121094,22673600
2024-07-19,157.16917419433594,26361146
2024-07-22,159.73342895507812,17140562
2024-07-23,157.4825897216797,21714840
2024-07-24,160.30323791503906,16076455
2024-07-25,167.95799255371094,75894556
2024-07-26,167.67308044433594,27261949
2024-07-29,171.32000732421875,42913186
2024-07-30,173.75128173828125,75819147
2024-07-31,172.53562927246094,32726809
2024-08-01,170.6931915283203,26184112
2024-08-02,168.37586975097656,27097002
2024-08-05,162.0127410888672,37579908
2024-08-06,158.61273193359375,18084781
2024-08-07,163.560791015625,15591095
2024-08-08,161.6708526611328,14932165
2024-08-09,160.58816528320312,14137851
2024-08-12,160.65464782714844,11563339
2024-08-13,155.86805725097656,16620160
2024-08-14,155.5071563720703,14369897
2024-08-16,158.7646942138672,10622879
2024-08-19,161.5283966064453,11457875
2024-08-20,163.57028198242188,15526789
2024-08-21,165.14682006835938,15640289
2024-08-22,165.0518341064453,11809546
2024-08-23,164.42503356933594,13815705
2024-08-26,164.7384490966797,8952470
2024-08-27,164.53900146484375,11132430
2024-08-28,165.0138702392578,14449023
2024-08-29,167.948486328125,21375638
2024-08-30,168.07196044921875,22288432
2024-09-02,169.7434539794922,26940504
2024-09-03,167.27420043945312,11874065
2024-09-04,168.1289520263672,23923887
2024-09-05,172.22222900390625,46162315
2024-09-06,167.758544921875,31875186
2024-09-09,166.52391052246094,15121584
2024-09-10,166.72335815429688,14875095
2024-09-11,161.2054901123047,29731172
2024-09-12,164.54849243164062,18368650
2024-09-13,164.48202514648438,15061240
2024-09-16,163.180908203125,8492383
2024-09-17,161.936767578125,6417946
2024-09-18,159.9803466796875,10726650
2024-09-19,156.74179077148438,19197503
2024-09-20,158.65074157714844,20652037
2024-09-23,161.19598388671875,9393577
2024-09-24,161.3479461669922,10027795
2024-09-25,161.28147888183594,8749024
2024-09-26,162.7440185546875,11349547
2024-09-27,170.9591064453125,52095985
2024-09-30,171.09207153320312,33375167
2024-10-01,170.05686950683594,17390545
2024-10-03,162.71554565429688,25392543
2024-10-04,160.17027282714844,25223563
2024-10-07,154.5574493408203,19798152
2024-10-08,155.98204040527344,14948163
2024-10-09,156.45689392089844,20278252
2024-10-10,156.12448120117188,10145184
2024-10-11,154.9468231201172,8750905
2024-10-14,157.1501922607422,14345120
2024-10-15,159.4864959716797,22551022
2024-10-16,159.92335510253906,21433632
2024-10-17,156.02000427246094,13215492
2024-10-18,157.0362091064453,11701011
2024-10-21,152.0691680908203,20627025
2024-10-22,147.50100708007812,15190259
2024-10-23,145.2501983642578,16503290
2024-10-24,145.5635986328125,8648491
2024-10-25,138.95355224609375,20505003
2024-10-28,139.62783813476562,21349891
2024-10-29,136.8736572265625,35275184
2024-10-30,136.18984985351562,17388536
2024-10-31,135.44908142089844,18657930
2024-11-01,137.6999053955078,4076745
2024-11-04,131.94459533691406,46651179
2024-11-05,133.7205810546875,18594095
2024-11-06,137.33901977539062,18107864
2024-11-07,136.90213012695312,14637973
2024-11-08,133.28370666503906,15316464
2024-11-11,132.41946411132812,17669364
2024-11-12,131.8116455078125,10561738
2024-11-13,129.15243530273438,12503679
2024-11-14,127.9842758178711,17425507
2024-11-18,127.39544677734375,12693551
2024-11-19,126.4267349243164,12696762
2024-11-21,124.1379165649414,15787410
2024-11-22,125.94237518310547,12070416
2024-11-25,129.54180908203125,22201129
2024-11-26,130.0736541748047,9265539
2024-11-27,132.01107788085938,18242345
2024-11-28,130.82394409179688,17331637
2024-11-29,131.65969848632812,14012364
2024-12-02,130.7289581298828,16069119
2024-12-03,132.49545288085938,13089770
2024-12-04,132.82785034179688,12745610
2024-12-05,132.42897033691406,14056789
2024-12-06,134.822265625,20687458
2024-12-09,135.1736602783203,16119047
2024-12-10,136.32281494140625,13694082
2024-12-11,135.99041748046875,9714837
2024-12-12,134.36639404296875,14929334
2024-12-13,136.9876251220703,36825429
2024-12-16,135.96192932128906,12428446
2024-12-17,133.2647247314453,11896291
2024-12-18,129.8362274169922,12013629
2024-12-19,132.59991455078125,18879012
2024-12-20,130.1876220703125,19545043
2024-12-23,130.8524169921875,12517478
2024-12-24,131.3177947998047,7802858
2024-12-26,130.91891479492188,8620779
2024-12-27,129.3993682861328,6146307
2024-12-30,127.8418197631836,29229520
2024-12-31,129.5513153076172,8243910
2025-01-01,130.14962768554688,4144374
2025-01-02,131.0233917236328,10625223
2025-01-03,131.1943359375,14567050
2025-01-06,126.19881439208984,19711596
2025-01-07,127.57588958740234,13658286
2025-01-08,127.83232879638672,14259056
2025-01-09,125.55298614501953,9734279
2025-01-10,123.72953033447266,12948066
2025-01-13,115.8563461303711,30291583
2025-01-14,120.26305389404297,17430438
2025-01-15,120.56695556640625,11472116
2025-01-16,120.70941925048828,11843193
2025-01-17,121.63066101074219,24617689
2025-01-20,123.93846893310547,8234561
2025-01-21,124.48931121826172,20272605
2025-01-22,123.95746612548828,9202153
2025-01-23,123.30216217041016,7058477
2025-01-24,121.81108856201172,12630632
2025-01-27,117.9267349243164,18934026
2025-01-28,116.41668701171875,19861475
2025-01-29,117.42339324951172,12017314
2025-01-30,120.7284164428711,17776744
2025-01-31,122.02953338623047,9686000
2025-02-01,119.1138916015625,10535114
2025-02-03,114.87813568115234,26047332
2025-02-04,118.20216369628906,14405748
2025-02-05,120.07311248779297,11469878
2025-02-06,119.68372344970703,9804040
2025-02-07,118.81947326660156,8892600
2025-02-10,116.98651885986328,12773729
2025-02-11,114.41277313232422,14532810
2025-02-12,114.36528778076172,14799271
2025-02-13,114.04238891601562,10136689
2025-02-14,111.35467529296875,12351973
2025-02-17,112.49433898925781,12518983
2025-02-18,113.01668548583984,8678689
2025-02-19,113.84294128417969,9158990
2025-02-20,116.61612701416016,9940851
2025-02-21,115.22953796386719,9657933
2025-02-24,114.17534637451172,8764985
2025-02-25,112.68428802490234,7607411
2025-02-27,110.56640625,10709253
2025-02-28,107.78372955322266,24161878
2025-03-03,108.7999267578125,18881646
2025-03-04,112.1049575805664,14145658
2025-03-05,116.10327911376953,19577861
2025-03-06,119.51276397705078,19384187
2025-03-07,118.56304931640625,14763396
2025-03-10,115.47645568847656,12727300
2025-03-11,118.54405212402344,18090217
2025-03-12,118.99042510986328,14079943
2025-03-13,119.351318359375,10882226
2025-03-17,117.86975860595703,13126112
2025-03-18,117.86975860595703,0
2025-03-19,121.32673645019531,11273526
2025-03-20,122.71334075927734,13947925
2025-03-21,124.8976821899414,42928510
2025-03-24,126.9490737915039,13965745
2025-03-25,124.44181823730469,12380949
2025-03-26,122.599365234375,16379725
2025-03-27,123.80551147460938,13141045
2025-03-28,121.27925109863281,15396398
2025-04-01,124.64127349853516,12740476
2025-04-02,124.70773315429688,8531198
2025-04-03,124.47030639648438,9909642
2025-04-04,123.59656524658203,21497796
2025-04-07,121.6496353149414,24739154
2025-04-08,124.39432525634766,12634136
2025-04-09,125.00214385986328,14769184
2025-04-11,125.20159912109375,10020795
2025-04-15,126.18929290771484,10142685
2025-04-16,127.10103607177734,9200167
2025-04-17,127.54740905761719,10404917
2025-04-21,131.70716857910156,20249817
2025-04-22,131.35577392578125,12648948
2025-04-23,130.7289581298828,12689457
2025-04-24,131.4317626953125,8177419
2025-04-25,127.87979888916016,14663542
2025-04-28,129.62730407714844,10943944
2025-04-29,128.95298767089844,15222917
2025-04-30,130.92840576171875,39902398
2025-05-02,135.7909698486328,45858781
2025-05-05,141.0904083251953,47549493
2025-05-06,136.83566284179688,18018626
2025-05-07,137.2250518798828,19316740
2025-05-08,133.9010467529297,12047287
2025-05-09,132.95130920410156,15348575
2025-05-12,135.19265747070312,13526883
2025-05-13,134.5658416748047,9484801
2025-05-14,136.25633239746094,9987794
2025-05-15,137.70941162109375,10181275
2025-05-16,137.4434814453125,14529013
2025-05-19,137.4149932861328,6802870
2025-05-20,134.78427124023438,11330045
2025-05-21,136.18035888671875,8705960
2025-05-22,136.08538818359375,7157328
2025-05-23,136.81666564941406,9699995
2025-05-26,136.36080932617188,5996548
2025-05-27,136.19935607910156,4970656
2025-05-28,136.9496307373047,6390053
2025-05-29,136.4747772216797,7054326
2025-05-30,134.83175659179688,28315951
2025-06-02,136.17086791992188,7051525
2025-06-03,133.94850158691406,7002799
2025-06-04,133.5971221923828,11904779
2025-06-05,132.23902893066406,9478214
2025-06-06,133.7015838623047,5702365
2025-06-09,136.1138916015625,9972191
2025-06-10,135.0406951904297,7906157
2025-06-11,137.8518524169922,28652440
2025-06-12,135.80047607421875,30425949
2025-06-13,133.28370666503906,23705826
2025-06-16,134.71778869628906,15176810
2025-06-17,134.55633544921875,9983651
2025-06-18,133.73959350585938,9045315
2025-06-19,131.6976776123047,5943647
2025-06-20,131.67868041992188,33690253
2025-06-23,132.8848419189453,14001242
2025-06-24,135.6580047607422,25393037
2025-06-25,134.84124755859375,15297425
2025-06-26,138.925048828125,24194161
2025-06-27,139.8177947998047,19189378
2025-06-30,139.5708770751953,10645295
2025-07-01,139.74180603027344,9899904
2025-07-02,140.4730987548828,7881728
2025-07-03,140.4351043701172,8006482
2025-07-04,143.99655151367188,22612766
2025-07-07,146.0194549560547,24354631
2025-07-08,146.0859375,13876094
2025-07-09,142.69544982910156,12440150
2025-07-10,144.6708526611328,14545796
2025-07-11,143.07533264160156,12767735
2025-07-14,142.55299377441406,8021902
2025-07-15,143.78761291503906,4853043
2025-07-16,144.3954315185547,7218210
2025-07-17,143.36973571777344,6727858
2025-07-18,142.51498413085938,9017783
2025-07-21,143.47422790527344,5030900
2025-07-22,144.3384552001953,11381024
2025-07-23,144.68984985351562,7597121
2025-07-24,143.61666870117188,5879844
2025-07-25,139.5708770751953,11646131
2025-07-28,140.14068603515625,6023438
2025-07-29,140.5015869140625,4240012
2025-07-30,141.54627990722656,9331773
2025-07-31,138.29823303222656,11960546
2025-08-01,133.9390106201172,8981850
2025-08-04,135.2211456298828,8163596
2025-08-05,134.16696166992188,11034758
2025-08-06,135.11666870117188,7574568
2025-08-07,134.54684448242188,8365458
2025-08-08,135.74996948242188,9551412
2025-08-11,137.2053680419922,11260944
2025-08-12,138.4084930419922,12858483
2025-08-13,138.19503784179688,4990372
2025-08-14,135.96343994140625,11453732
2025-08-18,136.13807678222656,11766741
2025-08-19,137.7875213623047,8913748
2025-08-20,137.23448181152344,5531826
2025-08-21,137.23448181152344,8746473
2025-08-22,135.7887725830078,5874783
2025-08-25,135.79849243164062,8282860
2025-08-26,134.82823181152344,10846493
2025-08-28,134.3721923828125,8420916
2025-08-29,132.5577850341797,10577763
2025-09-01,135.41036987304688,6229505
2025-09-02,135.46859741210938,3714758
2025-09-03,136.31272888183594,4902101
2025-09-04,135.5268096923828,4768126
2025-09-05,135.49769592285156,4533550
2025-09-08,136.7105255126953,5069174
2025-09-09,136.7493438720703,3636766
2025-09-10,136.9434051513672,4302236
2025-09-11,139.6504364013672,15031791
2025-09-12,138.36968994140625,9001678
2025-09-15,139.7086639404297,8158591
2025-09-16,140.66921997070312,6389632
2025-09-17,141.60067749023438,9549049
2025-09-18,142.77468872070312,8002633
2025-09-19,144.08456420898438,14995288
2025-09-22,143.8905029296875,9720233
2025-09-23,143.83229064941406,7296186
2025-09-24,142.406005859375,6288775
2025-09-25,141.8723602294922,8605676
2025-09-26,140.72743225097656,11925305
2025-09-29,144.87046813964844,16918652
2025-09-30,145.33619689941406,13201863
2025-10-01,145.24887084960938,7658596
2025-10-03,145.91836547851562,5989839
2025-10-06,150.23605346679688,18473741
2025-10-07,149.78001403808594,11389659
2025-10-08,149.00381469726562,9953844
2025-10-09,150.6338653564453,13999206
2025-10-10,149.5277557373047,7992863
2025-10-13,150.6435546875,11375913
2025-10-14,148.2664031982422,5976061
2025-10-15,149.1202392578125,19147599
2025-10-16,149.100830078125,7119984
2025-10-17,148.36343383789062,7126668
2025-10-20,149.27549743652344,5564426
2025-10-21,149.5471649169922,1188949
2025-10-23,145.65638732910156,13612250
2025-10-24,145.89895629882812,8519673
2025-10-27,150.58534240722656,16809115
2025-10-28,149.92556762695312,22709449
2025-10-29,158.24073791503906,58449093
2025-10-30,158.64825439453125,33405636
2025-10-31,160.96719360351562,25385134
2025-11-03,162.74278259277344,19190570
2025-11-04,164.21759033203125,23469790
2025-11-06,163.36375427246094,19729771
2025-11-07,164.13026428222656,12104934
2025-11-10,164.35342407226562,12402893
2025-11-11,167.312744140625,20113006
2025-11-12,167.17691040039062,16003745
2025-11-13,167.3224334716797,11618468
2025-11-14,166.1581268310547,11051895
2025-11-17,167.97251892089844,13233156
2025-11-18,166.48800659179688,17543851
2025-11-19,164.2952117919922,10315121
2025-11-20,163.68394470214844,9529662
2025-11-21,162.37408447265625,9261908
2025-11-24,160.76344299316406,16397744
2025-11-25,159.2401123046875,9625540
2025-11-26,160.66641235351562,5855993
2025-11-27,158.9393310546875,4631417
2025-11-28,156.9405975341797,5937318
2025-12-01,158.1243133544922,10208196
2025-12-02,157.51304626464844,13247668
2025-12-03,159.2304229736328,11250522
2025-12-04,157.92054748535156,6382061
2025-12-05,158.79380798339844,6124074
2025-12-08,157.2801971435547,8744916
2025-12-09,158.16311645507812,10272407
2025-12-10,158.22134399414062,12155035
2025-12-11,156.9405975341797,8829634
2025-12-12,158.80349731445312,13492656
2025-12-15,163.5384063720703,33661881
2025-12-16,162.7524871826172,26675256
2025-12-17,163.16000366210938,17416464
2025-12-18,161.75,10014354
2025-12-19,162.60000610351562,14335462
2025-12-22,163.66000366210938,9224512
2025-12-23,163.27000427246094,8439146
2025-12-24,161.1699981689453,7879339
2025-12-26,160.3000030517578,7762050
2025-12-29,161.97999572753906,8219066
2025-12-30,161.57000732421875,8132881
2025-12-31,166.4600067138672,24383706
2026-01-01,165.8800048828125,9679405
2026-01-02,166.7899932861328,9638213
2026-01-05,165.00999450683594,9692902
2026-01-06,164.0,11514726
2026-01-07,162.6699981689453,10582454
2026-01-08,156.3699951171875,13567688
2026-01-09,157.61000061035156,10896400
2026-01-12,158.24000549316406,6011542
2026-01-13,157.39999389648438,7763679
2026-01-14,159.16000366210938,10309941
2026-01-15,159.16000366210938,0
2026-01-16,161.32000732421875,15011308
2026-01-19,160.89999389648438,8651736
2026-01-20,158.42999267578125,10243937
2026-01-21,158.82000732421875,11797545
2026-01-22,159.0500030517578,8809678
2026-01-23,156.02999877929688,9542103
2026-01-27,158.89999389648438,11148012
2026-01-28,162.85000610351562,15795631
2026-01-29,163.08999633789062,16100725
2026-01-30,163.24000549316406,11627532
2026-02-02,164.61000061035156,14590517
2026-02-03,167.5800018310547,14585846
2026-02-04,172.77999877929688,28164545
2026-02-05,175.77000427246094,34830200
2026-02-06,175.1999969482422,34240417
2026-02-09,176.16000366210938,12380924
2026-02-10,178.2100067138672,21506950
2026-02-11,181.30999755859375,25578553
2026-02-12,178.11000061035156,24014261
2026-02-13,176.77000427246094,9835632
2026-02-16,175.14999389648438,6184219
2026-02-17,175.80999755859375,5249228
2026-02-18,178.74000549316406,8191312
2026-02-19,174.3000030517578,13677449
2026-02-20,173.7899932861328,8935995
2026-02-23,176.4600067138672,11422407
