date,adj_close,volume
2015-01-01,161.22386169433594,2636761
2015-01-02,161.7288055419922,6853849
2015-01-05,162.3655548095703,8556295
2015-01-06,158.19387817382812,13597291
2015-01-07,155.2517547607422,12421217
2015-01-08,159.1379852294922,8774566
2015-01-09,156.7228240966797,11224780
2015-01-12,157.1400146484375,10249032
2015-01-13,158.12802124023438,12071158
2015-01-14,152.72679138183594,16849719
2015-01-15,157.1619415283203,16665762
2015-01-16,158.12802124023438,11230052
2015-01-19,157.55714416503906,7117173
2015-01-20,162.95835876464844,12477394
2015-01-21,154.8784942626953,33697892
2015-01-22,153.97833251953125,30768622
2015-01-23,153.45135498046875,17392494
2015-01-27,158.14996337890625,26228540
2015-01-28,159.0940704345703,12792194
2015-01-29,162.56314086914062,21906152
2015-01-30,161.83860778808594,14453148
2015-02-02,158.36952209472656,8820985
2015-02-03,160.7407684326172,6541497
2015-02-04,161.42141723632812,6030862
2015-02-05,161.99229431152344,9843219
2015-02-06,164.0122528076172,7606977
2015-02-09,161.55316162109375,7464839
2015-02-10,162.43142700195312,8320305
2015-02-11,162.98033142089844,4720532
2015-02-12,162.65097045898438,5498120
2015-02-13,166.01026916503906,9373648
2015-02-16,171.0821533203125,12053473
2015-02-18,172.68492126464844,14195768
2015-02-19,170.92843627929688,7249013
2015-02-20,173.91445922851562,9275383
2015-02-23,171.36756896972656,6077614
2015-02-24,173.76077270507812,8556081
2015-02-25,175.5172576904297,16358450
2015-02-26,173.7388153076172,12153247
2015-02-27,172.88253784179688,35742645
2015-03-02,150.72877502441406,52676159
2015-03-03,149.98233032226562,46726874
2015-03-04,151.16790771484375,33411001
2015-03-05,152.04617309570312,21288890
2015-03-09,148.57708740234375,16929751
2015-03-10,148.66493225097656,13538973
2015-03-11,148.51124572753906,13191922
2015-03-12,152.2218017578125,28375424
2015-03-13,149.03819274902344,16254309
2015-03-16,147.2816925048828,8926276
2015-03-17,149.3016357421875,11361862
2015-03-18,147.83055114746094,9094350
2015-03-19,146.38148498535156,10865286
2015-03-20,143.7906494140625,10980106
2015-03-23,143.7687530517578,11832346
2015-03-24,143.39544677734375,11128170
2015-03-25,143.48326110839844,7528966
2015-03-26,141.57308959960938,25124845
2015-03-27,139.42138671875,22227555
2015-03-30,143.83456420898438,17152877
2015-03-31,143.0880584716797,12752488
2015-04-01,145.9862823486328,11257250
2015-04-06,149.7407684326172,20059841
2015-04-07,149.5651397705078,10955870
2015-04-08,152.04617309570312,12858493
2015-04-09,152.44139099121094,7962836
2015-04-10,152.2218017578125,5808788
2015-04-13,154.3515625,11311123
2015-04-15,155.8665313720703,18165922
2015-04-16,153.73678588867188,8168670
2015-04-17,154.50527954101562,9146535
2015-04-20,150.13597106933594,11709786
2015-04-21,150.15792846679688,11309747
2015-04-22,150.794677734375,11183242
2015-04-23,150.22381591796875,9268343
2015-04-24,152.7926788330078,17985818
2015-04-27,151.43138122558594,9732828
2015-04-28,148.22581481933594,11098180
2015-04-29,144.0980682373047,10479677
2015-04-30,141.55113220214844,20809376
2015-05-04,144.99826049804688,7487026
2015-05-05,143.26370239257812,13976353
2015-05-06,139.79464721679688,20990280
2015-05-07,141.6389617919922,11010190
2015-05-08,144.0321807861328,12625098
2015-05-11,143.35154724121094,9134733
2015-05-12,142.38548278808594,14846868
2015-05-13,143.96632385253906,11037270
2015-05-14,142.58309936523438,8347876
2015-05-15,143.32957458496094,5659055
2015-05-18,146.22779846191406,7175678
2015-05-19,146.03018188476562,8901031
2015-05-20,145.7667236328125,5360856
2015-05-21,143.7687530517578,7458421
2015-05-22,144.53717041015625,12962351
2015-05-25,139.11399841308594,24332194
2015-05-26,137.88446044921875,11448185
2015-05-27,139.50924682617188,9485450
2015-05-28,141.1559295654297,20765291
2015-05-29,143.63699340820312,20563442
2015-06-01,145.81063842773438,10448028
2015-06-02,139.92637634277344,11266482
2015-06-03,136.44825744628906,21470134
2015-06-04,135.19313049316406,11429057
2015-06-05,136.4034423828125,17605227
2015-06-08,136.42584228515625,10689359
2015-06-09,134.74490356445312,10292547
2015-06-10,134.96902465820312,9861385
2015-06-11,133.15357971191406,11520780
2015-06-12,133.3777313232422,8653038
2015-06-15,133.8035888671875,8680427
2015-06-16,134.0052947998047,8231138
2015-06-17,134.96902465820312,10881861
2015-06-18,135.32763671875,11296145
2015-06-19,136.7172088623047,8757082
2015-06-22,139.13778686523438,7197508
2015-06-23,140.99803161621094,7586161
2015-06-24,140.59461975097656,7368751
2015-06-25,140.01187133789062,10885448
2015-06-26,138.03956604003906,5507615
2015-06-29,138.93606567382812,9719271
2015-06-30,141.2669677734375,11639874
2015-07-01,140.57220458984375,8850821
2015-07-02,141.22216796875,6562181
2015-07-03,141.46868896484375,5122200
2015-07-06,142.72378540039062,4419337
2015-07-07,142.25314331054688,7595780
2015-07-08,140.28085327148438,11611813
2015-07-09,139.2274169921875,6711914
2015-07-10,138.9136505126953,7493999
2015-07-13,141.0204620361328,6623752
2015-07-14,139.98948669433594,5465329
2015-07-15,140.75148010253906,5687830
2015-07-16,142.5220947265625,5838516
2015-07-17,144.4720001220703,6133622
2015-07-20,143.66513061523438,4946419
2015-07-21,140.4825439453125,7069753
2015-07-22,140.9756317138672,8060271
2015-07-23,141.24459838867188,5631003
2015-07-24,140.99803161621094,4199466
2015-07-27,139.69808959960938,5315522
2015-07-28,139.4963836669922,6795594
2015-07-29,136.26895141601562,9718356
2015-07-30,141.62559509277344,20744023
2015-07-31,146.13050842285156,16948958
2015-08-03,148.61831665039062,14905871
2015-08-04,147.87872314453125,10317915
2015-08-05,148.7304229736328,5929897
2015-08-06,146.2425994873047,8786024
2015-08-07,145.4357452392578,4644064
2015-08-10,143.8668670654297,5799938
2015-08-11,143.48583984375,5520369
2015-08-12,141.9842071533203,12386018
2015-08-13,141.80487060546875,6900635
2015-08-14,142.61175537109375,7890438
2015-08-17,142.05142211914062,4495638
2015-08-18,141.1324920654297,9429541
2015-08-19,142.05142211914062,7657887
2015-08-20,147.63218688964844,18701959
2015-08-21,148.25975036621094,18452566
2015-08-24,143.5306396484375,17120031
2015-08-25,143.39617919921875,22094589
2015-08-26,142.38760375976562,16777892
2015-08-27,145.9960479736328,20810590
2015-08-28,146.5787811279297,10099873
2015-08-31,145.74951171875,10005743
2015-09-01,141.40145874023438,9835616
2015-09-02,143.48583984375,13515913
2015-09-03,143.44100952148438,10476984
2015-09-04,142.14108276367188,16321889
2015-09-07,140.5049591064453,7386243
2015-09-08,140.2584228515625,10634960
2015-09-09,140.9307861328125,6359030
2015-09-10,140.46011352539062,9313670
2015-09-11,140.63943481445312,6970833
2015-09-14,140.59461975097656,7762278
2015-09-15,142.11865234375,5374153
2015-09-16,144.40476989746094,5804856
2015-09-18,142.54452514648438,13322309
2015-09-21,140.8635711669922,7060328
2015-09-22,139.92222595214844,15513834
2015-09-23,141.69285583496094,12103872
2015-09-24,144.58407592773438,14665105
2015-09-28,143.10484313964844,6603226
2015-09-29,143.6203155517578,8618175
2015-09-30,147.3856201171875,13981834
2015-10-01,147.36322021484375,6445786
2015-10-05,147.6994171142578,9680157
2015-10-06,153.68360900878906,11133386
2015-10-07,155.65594482421875,11119883
2015-10-08,152.00265502929688,9729114
2015-10-09,153.95254516601562,5747871
2015-10-12,152.74227905273438,6302130
2015-10-13,154.2214813232422,7275026
2015-10-14,154.24392700195312,9432417
2015-10-15,156.61965942382812,9861249
2015-10-16,156.3730926513672,10008030
2015-10-19,157.33685302734375,11618584
2015-10-20,156.28347778320312,7671159
2015-10-21,156.2386474609375,5676290
2015-10-23,160.63156127929688,9060774
2015-10-26,159.80224609375,8200648
2015-10-27,159.57810974121094,15515511
2015-10-28,159.2195281982422,10086513
2015-10-29,156.88861083984375,7932853
2015-10-30,150.00794982910156,28847862
2015-11-02,151.1509552001953,10723717
2015-11-03,150.0975799560547,4061707
2015-11-04,150.47857666015625,5171885
2015-11-05,151.1285400390625,5595613
2015-11-06,151.37509155273438,4635192
2015-11-09,153.7732391357422,12462025
2015-11-10,150.94924926757812,7507146
2015-11-13,147.83389282226562,19348452
2015-11-16,151.64405822753906,9111652
2015-11-17,156.48516845703125,12018593
2015-11-18,155.92483520507812,10350049
2015-11-19,157.80751037597656,17590094
2015-11-20,154.40081787109375,10237807
2015-11-23,151.17333984375,9335921
2015-11-24,150.56822204589844,13590345
2015-11-26,153.66116333007812,9778092
2015-11-27,154.35598754882812,5895769
2015-11-30,155.162841796875,17919712
2015-12-01,155.20765686035156,10516942
2015-12-02,156.61965942382812,4813524
2015-12-03,153.90771484375,5809665
2015-12-04,150.5906524658203,14148517
2015-12-07,140.54977416992188,52829599
2015-12-08,141.087646484375,19736148
2015-12-09,142.2755584716797,15655011
2015-12-10,144.00132751464844,8649047
2015-12-11,143.88926696777344,9358275
2015-12-14,143.48583984375,7573029
2015-12-15,144.7633514404297,10478148
2015-12-16,143.10484313964844,8099047
2015-12-17,143.66513061523438,9018268
2015-12-18,142.14108276367188,14774200
2015-12-21,146.37705993652344,8352379
2015-12-22,143.5530242919922,6326849
2015-12-23,144.11338806152344,5475581
2015-12-24,145.0995635986328,3799114
2015-12-28,146.22019958496094,9432149
2015-12-29,145.6150360107422,4606143
2015-12-30,146.37705993652344,4984557
2015-12-31,146.93736267089844,8342404
2016-01-01,146.8029022216797,1536435
2016-01-04,145.72711181640625,6133919
2016-01-05,145.6150360107422,6040492
2016-01-06,141.24459838867188,15821205
2016-01-07,138.77919006347656,12264018
2016-01-08,140.59461975097656,10219316
2016-01-11,141.67041015625,7141566
2016-01-12,141.2669677734375,7222615
2016-01-13,141.5359649658203,7126884
2016-01-14,142.2083282470703,11933785
2016-01-15,140.7066650390625,8287068
2016-01-18,141.37905883789062,12285620
2016-01-19,140.77389526367188,7099389
2016-01-20,138.48779296875,10015115
2016-01-21,137.34474182128906,13042954
2016-01-22,138.39817810058594,15828472
2016-01-25,138.68954467773438,9688748
2016-01-27,140.28085327148438,8839231
2016-01-28,142.79107666015625,14425495
2016-01-29,143.5306396484375,12977498
2016-02-01,145.57020568847656,7634682
2016-02-02,145.34608459472656,7338991
2016-02-03,144.31509399414062,5111345
2016-02-04,144.2478790283203,3309501
2016-02-05,145.21163940429688,6754583
2016-02-08,141.31178283691406,6509280
2016-02-09,140.03428649902344,11915170
2016-02-10,138.5102081298828,8168586
2016-02-11,133.82598876953125,14580660
2016-02-12,134.520751953125,13703734
2016-02-15,136.13446044921875,12478912
2016-02-16,132.45880126953125,10988951
2016-02-17,134.40870666503906,13598699
2016-02-18,136.9189453125,9751124
2016-02-19,136.51548767089844,7194078
2016-02-22,134.40870666503906,15270590
2016-02-23,131.69676208496094,9198036
2016-02-24,128.91761779785156,14353186
2016-02-25,128.29005432128906,15129076
2016-02-26,130.4192657470703,12468580
2016-02-29,132.5260467529297,79431944
2016-03-01,145.83917236328125,67402048
2016-03-02,143.23928833007812,24680589
2016-03-03,142.61175537109375,10227569
2016-03-04,141.28939819335938,11818471
2016-03-08,143.5530242919922,13109801
2016-03-09,143.39617919921875,20903665
2016-03-10,141.69285583496094,13915900
2016-03-11,144.02374267578125,12149994
2016-03-14,145.7046661376953,7708725
2016-03-15,141.87213134765625,16209915
2016-03-16,144.3599395751953,9728463
2016-03-17,145.0771484375,13035516
2016-03-18,145.57020568847656,14383934
2016-03-21,148.57350158691406,16781906
2016-03-22,144.85299682617188,19781991
2016-03-23,145.34608459472656,16015333
2016-03-28,144.5392303466797,17073110
2016-03-29,143.44100952148438,18701607
2016-03-30,146.7356414794922,14435320
2016-03-31,147.13912963867188,28529105
2016-04-01,150.63548278808594,14850746
2016-04-04,148.23731994628906,14209372
2016-04-05,146.3322296142578,8964083
2016-04-06,146.08570861816406,6892514
2016-04-07,143.1944580078125,10412846
2016-04-08,143.9789276123047,4985755
2016-04-11,146.6908416748047,14365804
2016-04-12,144.51681518554688,6187731
2016-04-13,148.4838409423828,12397612
2016-04-18,150.3441162109375,14746380
2016-04-20,150.38893127441406,9345601
2016-04-21,147.901123046875,7212220
2016-04-22,146.04086303710938,6515084
2016-04-25,143.8668670654297,6324530
2016-04-26,146.75808715820312,15023308
2016-04-27,149.51486206054688,9677599
2016-04-28,144.7409210205078,20225037
2016-04-29,145.6598663330078,10729330
2016-05-02,143.95651245117188,3388196
2016-05-03,141.67041015625,11124246
2016-05-04,140.1463623046875,6402669
2016-05-05,142.38760375976562,6576427
2016-05-06,142.4100341796875,16183901
2016-05-09,145.5926513671875,8857475
2016-05-10,145.00987243652344,8564326
2016-05-11,142.54452514648438,11154663
2016-05-12,142.6341552734375,5782937
2016-05-13,143.149658203125,9804509
2016-05-16,147.6545867919922,13469690
2016-05-17,148.1476593017578,12444300
2016-05-18,149.1338348388672,7908685
2016-05-19,145.6150360107422,8918517
2016-05-20,148.08042907714844,21044560
2016-05-23,155.47662353515625,54852807
2016-05-24,156.0145263671875,16271995
2016-05-25,159.60052490234375,10338908
2016-05-26,162.4693603515625,13074273
2016-05-27,161.057373046875,10925400
2016-05-30,163.82716369628906,7646107
2016-05-31,161.3226776123047,15054842
2016-06-01,166.07894897460938,12409528
2016-06-02,164.51651000976562,13708259
2016-06-03,162.63238525390625,7381218
2016-06-06,163.4136199951172,7694861
2016-06-07,166.6993408203125,11008034
2016-06-08,166.72230529785156,7611794
2016-06-09,162.7242889404297,12065100
2016-06-10,161.16183471679688,11163385
2016-06-13,160.79420471191406,12184759
2016-06-14,162.3566436767578,7849407
2016-06-15,165.22882080078125,9890057
2016-06-16,163.09193420410156,9057747
2016-06-17,165.3666534423828,9326214
2016-06-20,164.53944396972656,9020745
2016-06-21,164.74630737304688,6913784
2016-06-22,163.0,9255264
2016-06-23,165.5504913330078,8991200
2016-06-24,162.7242889404297,12511364
2016-06-27,164.9530792236328,10639592
2016-06-28,169.34170532226562,16301081
2016-06-29,168.33071899414062,11999827
2016-06-30,169.29576110839844,21706947
2016-07-01,173.94863891601562,29020448
2016-07-04,168.813232421875,14535927
2016-07-05,167.88265991210938,9335877
2016-07-07,170.26080322265625,9305981
2016-07-08,169.46807861328125,7165465
2016-07-11,171.74282836914062,7547920
2016-07-12,171.22581481933594,4302932
2016-07-13,170.3297119140625,4510416
2016-07-14,171.43264770507812,6326605
2016-07-15,171.53602600097656,9705885
2016-07-18,171.57049560546875,7088259
2016-07-19,171.67388916015625,6980063
2016-07-20,172.50106811523438,9671252
2016-07-21,172.74234008789062,12168179
2016-07-22,172.22535705566406,16388121
2016-07-25,173.53504943847656,9212323
2016-07-26,173.53504943847656,7080363
2016-07-27,170.5364990234375,9241105
2016-07-28,175.2928009033203,11787316
2016-07-29,174.017578125,12596909
2016-08-01,172.74234008789062,9926094
2016-08-02,179.77333068847656,17425566
2016-08-03,174.18991088867188,11408861
2016-08-04,173.7762908935547,8995366
2016-08-05,174.08651733398438,4533189
2016-08-08,172.29429626464844,8739307
2016-08-09,170.70884704589844,9718838
2016-08-10,169.91612243652344,5457692
2016-08-11,173.46612548828125,11158153
2016-08-12,175.15493774414062,8603626
2016-08-16,175.84423828125,10689714
2016-08-17,174.8791961669922,8649054
2016-08-18,173.8107452392578,6939437
2016-08-19,172.9835662841797,5531361
2016-08-22,175.15493774414062,4345966
2016-08-23,173.2937774658203,6694732
2016-08-24,172.50106811523438,5590189
2016-08-25,174.70687866210938,9884849
2016-08-26,174.94813537597656,4936367
2016-08-29,174.25881958007812,4437169
2016-08-30,177.36074829101562,7989072
2016-08-31,179.25636291503906,13265582
2016-09-01,179.91119384765625,8695602
2016-09-02,181.22091674804688,9506919
2016-09-06,181.0141143798828,9519864
2016-09-07,181.1519775390625,6656556
2016-09-08,182.59954833984375,8645619
2016-09-09,178.050048828125,10131678
2016-09-12,173.8796844482422,7627126
2016-09-14,173.60398864746094,13020551
2016-09-15,176.3956756591797,8077776
2016-09-16,179.46316528320312,14578809
2016-09-19,178.42918395996094,6724348
2016-09-20,177.11949157714844,6944197
2016-09-21,174.84474182128906,9139238
2016-09-22,175.9476318359375,7988449
2016-09-23,174.70687866210938,5143011
2016-09-26,170.98458862304688,10060086
2016-09-27,169.46807861328125,6900812
2016-09-28,170.22633361816406,7646466
2016-09-29,169.3647003173828,18104875
2016-09-30,166.3661651611328,9912734
2016-10-03,167.02099609375,6714964
2016-10-04,166.2627410888672,8002732
2016-10-05,165.57347106933594,6470467
2016-10-06,163.6433868408203,8986109
2016-10-07,164.7118377685547,4164582
2016-10-10,165.5045166015625,5241260
2016-10-13,164.7118377685547,11089281
2016-10-14,165.3666534423828,9579094
2016-10-17,165.84918212890625,6379993
2016-10-18,169.5370330810547,12234489
2016-10-19,165.05645751953125,8734555
2016-10-20,164.98753356933594,4572220
2016-10-21,165.5389862060547,10999941
2016-10-24,166.3661651611328,9944640
2016-10-25,164.57391357421875,6177333
2016-10-26,164.57391357421875,24852951
2016-10-27,167.5724639892578,15943817
2016-10-28,167.5724639892578,9674418
2016-11-01,165.40110778808594,5730426
2016-11-02,163.57443237304688,4867894
2016-11-03,165.64239501953125,9210542
2016-11-04,171.67388916015625,36621117
2016-11-07,176.8092803955078,25202734
2016-11-08,176.18890380859375,10317962
2016-11-09,171.05348205566406,23914156
2016-11-10,173.0525360107422,12012673
2016-11-11,167.4690704345703,13232720
2016-11-15,163.7122802734375,22012736
2016-11-16,159.16281127929688,31846924
2016-11-17,159.57643127441406,9640577
2016-11-18,157.06044006347656,8575440
2016-11-21,154.54444885253906,7878052
2016-11-22,155.85409545898438,9570300
2016-11-23,154.85459899902344,10720504
2016-11-24,154.0618896484375,18697423
2016-11-25,157.71524047851562,7890103
2016-11-28,161.09286499023438,9472016
2016-11-29,159.26622009277344,8945347
2016-11-30,160.26571655273438,11507955
2016-12-01,160.95504760742188,5358757
2016-12-02,157.5084686279297,8693600
2016-12-05,160.30020141601562,5320355
2016-12-06,158.6802978515625,5100487
2016-12-07,156.61236572265625,8419775
2016-12-08,160.81719970703125,7648947
2016-12-09,162.78172302246094,8648965
2016-12-12,160.12786865234375,3155645
2016-12-13,162.4370574951172,7727181
2016-12-14,160.71377563476562,6556449
2016-12-15,158.3356475830078,5538310
2016-12-16,156.0264434814453,13422991
2016-12-19,156.4744873046875,5665425
2016-12-20,158.50799560546875,6145411
2016-12-21,155.99195861816406,13379223
2016-12-22,156.85360717773438,6668113
2016-12-23,154.88905334472656,11177602
2016-12-26,155.0958709716797,9071721
2016-12-27,161.3341827392578,16206836
2016-12-28,162.2991943359375,14711711
2016-12-29,162.67832946777344,14593942
2016-12-30,166.5729522705078,10821396
2017-01-02,166.0904541015625,5075736
2017-01-03,167.74478149414062,7798116
2017-01-04,169.19235229492188,9668664
2017-01-05,170.08843994140625,9532162
2017-01-06,167.29673767089844,8404984
2017-01-09,169.46807861328125,5041639
2017-01-10,171.60494995117188,12438618
2017-01-11,170.63992309570312,7931415
2017-01-12,168.64089965820312,5816779
2017-01-13,172.0874786376953,4553691
2017-01-16,171.50155639648438,4813933
2017-01-17,173.6728973388672,4996927
2017-01-18,172.91461181640625,7534139
2017-01-19,175.1894073486328,9538148
2017-01-20,176.0510711669922,11261533
2017-01-23,178.9806365966797,11101905
2017-01-24,179.11849975585938,8341113
2017-01-25,183.0131072998047,18123606
2017-01-27,177.42967224121094,25440485
2017-01-30,176.53355407714844,9253765
2017-01-31,177.91220092773438,10380649
2017-02-01,185.90826416015625,35144107
2017-02-02,189.0791015625,30867395
2017-02-03,188.2174530029297,9356904
2017-02-06,190.8023681640625,8538188
2017-02-07,191.00918579101562,25251605
2017-02-08,189.42376708984375,11114871
2017-02-09,191.38829040527344,5070408
2017-02-10,188.42425537109375,7975779
2017-02-13,186.52862548828125,9312915
2017-02-14,186.66648864746094,6911954
2017-02-15,188.45870971679688,7827599
2017-02-16,183.8058319091797,10982700
2017-02-17,184.83981323242188,9700816
2017-02-20,183.39224243164062,5934404
2017-02-21,181.39324951171875,10251239
2017-02-22,181.6000213623047,8815003
2017-02-23,183.11648559570312,12837302
2017-02-27,182.39273071289062,5270544
2017-02-28,180.73838806152344,8558167
2017-03-01,185.0810546875,15139871
2017-03-02,182.49615478515625,10453722
2017-03-03,180.29031372070312,10371862
2017-03-06,182.04811096191406,9927375
2017-03-07,182.15147399902344,7183529
2017-03-08,182.08255004882812,5993605
2017-03-09,182.6339874267578,9847115
2017-03-10,181.6000213623047,5880374
2017-03-14,184.1160430908203,18508020
2017-03-15,184.87425231933594,14475482
2017-03-16,185.04661560058594,9020039
2017-03-17,193.86984252929688,54015422
2017-03-20,194.31787109375,16509511
2017-03-21,198.45379638671875,13734401
2017-03-22,192.90480041503906,12874461
2017-03-23,191.3538360595703,17547913
2017-03-24,193.69752502441406,7398317
2017-03-27,194.11109924316406,12623097
2017-03-28,193.3528289794922,6532115
2017-03-29,195.21400451660156,8828112
2017-03-30,194.90379333496094,14948411
2017-03-31,193.2149658203125,9929324
2017-04-03,194.07664489746094,7507187
2017-04-05,192.28439331054688,10685034
2017-04-06,188.94122314453125,16243974
2017-04-07,187.94174194335938,9480161
2017-04-10,188.56207275390625,5687364
2017-04-11,194.42127990722656,11355730
2017-04-12,194.31787109375,7507416
2017-04-13,192.42227172851562,4085766
2017-04-17,192.38775634765625,5017073
2017-04-18,192.35333251953125,4497780
2017-04-19,192.11212158203125,5143709
2017-04-20,192.6634979248047,4400814
2017-04-21,189.1135711669922,9041742
2017-04-24,190.76791381835938,7392939
2017-04-25,193.90428161621094,13211107
2017-04-26,200.5216827392578,19671557
2017-04-27,197.00619506835938,14075606
2017-04-28,191.6295166015625,12851433
2017-05-02,192.45675659179688,7298698
2017-05-03,191.11256408691406,6271881
2017-05-04,193.8353729248047,8070845
2017-05-05,191.0436248779297,4192254
2017-05-08,188.14852905273438,11038927
2017-05-09,187.14901733398438,7008749
2017-05-10,188.8378143310547,4754549
2017-05-11,190.69898986816406,9778012
2017-05-12,189.52716064453125,4672675
2017-05-15,191.59512329101562,5673245
2017-05-16,195.3863067626953,11635819
2017-05-17,194.1455535888672,8617269
2017-05-18,191.5606231689453,8229448
2017-05-19,197.2819366455078,37099971
2017-05-22,209.27603149414062,37323445
2017-05-23,206.8979034423828,20546707
2017-05-24,206.72555541992188,9822098
2017-05-25,206.82891845703125,23646915
2017-05-26,213.06724548339844,22579834
2017-05-29,217.72015380859375,20422509
2017-05-30,214.6871337890625,8876322
2017-05-31,214.92843627929688,12782086
2017-06-01,216.58277893066406,8570891
2017-06-02,220.02935791015625,11500232
2017-06-05,222.25782775878906,9847609
2017-06-06,217.7769775390625,10220219
2017-06-07,218.61712646484375,11978598
2017-06-08,218.1620330810547,8081100
2017-06-09,214.24127197265625,10453119
2017-06-12,213.1210479736328,6507632
2017-06-13,213.7161865234375,5303687
2017-06-14,209.93544006347656,15135338
2017-06-15,211.37071228027344,7713717
2017-06-16,214.80137634277344,12798297
2017-06-19,217.67196655273438,7251573
2017-06-20,216.13162231445312,8579082
2017-06-21,216.30670166015625,8598645
2017-06-22,217.9519500732422,9289243
2017-06-23,217.74192810058594,7453263
2017-06-27,218.6871337890625,10061814
2017-06-28,215.88658142089844,8224059
2017-06-29,218.1620330810547,10311615
2017-06-30,226.5986785888672,24090343
2017-07-03,239.7961883544922,48892799
2017-07-04,236.12045288085938,11664585
2017-07-05,231.7797088623047,12439637
2017-07-06,236.0155029296875,13946670
2017-07-07,234.05506896972656,10301830
2017-07-10,233.35496520996094,1316454
2017-07-11,231.32452392578125,8657755
2017-07-12,230.23936462402344,10643992
2017-07-13,237.17068481445312,18165609
2017-07-14,236.05050659179688,5801768
2017-07-17,227.64886474609375,21102802
2017-07-18,199.22340393066406,155236591
2017-07-19,204.0543212890625,40641441
2017-07-20,202.68907165527344,15896377
2017-07-21,202.2689666748047,13681787
2017-07-24,205.3145751953125,18479650
2017-07-25,204.0193328857422,9927828
2017-07-26,205.59461975097656,9564282
2017-07-27,202.02391052246094,19620418
2017-07-28,204.1243438720703,19206912
2017-07-31,199.71348571777344,22065527
2017-08-01,201.5338134765625,14063559
2017-08-02,199.853515625,10247374
2017-08-03,197.01797485351562,10592033
2017-08-04,196.5628662109375,11717562
2017-08-07,195.93275451660156,8776750
2017-08-08,191.94198608398438,13231816
2017-08-09,191.0318145751953,10291858
2017-08-10,191.2068634033203,10380837
2017-08-11,190.0866241455078,14964550
2017-08-14,189.91156005859375,10066349
2017-08-16,195.47764587402344,19412233
2017-08-17,196.0377655029297,14231781
2017-08-18,197.3330535888672,15442589
2017-08-21,197.15797424316406,13592218
2017-08-22,198.0681610107422,12417415
2017-08-23,197.82310485839844,9084531
2017-08-24,197.0529327392578,11235986
2017-08-28,197.7530975341797,10358573
2017-08-29,196.2127685546875,6377756
2017-08-30,197.4380645751953,6785885
2017-08-31,197.61309814453125,11654017
2017-09-01,198.55824279785156,7526993
2017-09-04,198.20822143554688,8807199
2017-09-05,198.03314208984375,8121365
2017-09-06,193.02719116210938,14710804
2017-09-07,189.3164825439453,19958290
2017-09-08,190.68173217773438,10090288
2017-09-11,191.5569305419922,9672742
2017-09-12,194.39247131347656,11906324
2017-09-13,190.0866241455078,12593161
2017-09-14,190.4366912841797,7312288
2017-09-15,188.54635620117188,13653947
2017-09-18,186.93603515625,10543289
2017-09-19,187.53114318847656,35187337
2017-09-20,190.1216278076172,9974675
2017-09-21,188.7213592529297,8058682
2017-09-22,187.9512176513672,7142399
2017-09-25,183.61036682128906,18260404
2017-09-26,183.75038146972656,9950366
2017-09-27,180.98487854003906,18208892
2017-09-28,183.1202850341797,22436773
2017-09-29,180.8448486328125,12640792
2017-10-03,183.0152587890625,11940746
2017-10-04,187.21607971191406,11194466
2017-10-05,185.71080017089844,7204474
2017-10-06,186.34092712402344,8158755
2017-10-09,187.6361541748047,6323114
2017-10-10,186.37591552734375,5683301
2017-10-11,185.81582641601562,7959877
2017-10-12,186.93603515625,9518815
2017-10-13,186.2008819580078,12504487
2017-10-16,187.28607177734375,9504724
2017-10-17,187.11105346679688,11038203
2017-10-18,189.28147888183594,7508323
2017-10-19,188.79136657714844,1283342
2017-10-23,186.97100830078125,10144269
2017-10-24,186.93603515625,8723712
2017-10-25,188.51133728027344,6169387
2017-10-26,187.91619873046875,9616793
2017-10-27,188.5813446044922,23852749
2017-10-30,185.64076232910156,18266520
2017-10-31,186.02584838867188,8452918
2017-11-01,188.931396484375,7516426
2017-11-02,185.99082946777344,10056813
2017-11-03,185.81582641601562,6210456
2017-11-06,185.46572875976562,9368140
2017-11-07,185.74578857421875,9872847
2017-11-08,185.81582641601562,6186540
2017-11-09,182.07009887695312,21026098
2017-11-10,183.2252960205078,17438746
2017-11-13,180.8448486328125,7681031
2017-11-14,179.61961364746094,8656529
2017-11-15,177.3441619873047,17666898
2017-11-16,178.6044158935547,10343428
2017-11-17,180.63479614257812,10383570
2017-11-20,181.4749298095703,8221147
2017-11-21,179.09449768066406,17266541
2017-11-22,180.73980712890625,8941555
2017-11-23,180.73980712890625,7814131
2017-11-24,182.5601806640625,7630740
2017-11-27,181.50997924804688,5022804
2017-11-28,179.9346466064453,18183221
2017-11-29,180.66978454589844,9032800
2017-11-30,179.26954650878906,22967997
2017-12-01,178.67442321777344,6847473
2017-12-04,178.6044158935547,6347174
2017-12-05,177.72923278808594,9337698
2017-12-06,176.15391540527344,8562019
2017-12-07,177.37918090820312,5635445
2017-12-08,183.5753936767578,13638732
2017-12-11,186.41091918945312,17842707
2017-12-12,183.1202850341797,9599026
2017-12-13,181.33494567871094,8986735
2017-12-14,185.01063537597656,8353203
2017-12-15,185.2556610107422,12742052
2017-12-18,184.27549743652344,9650962
2017-12-19,185.01063537597656,6107682
2017-12-20,184.3455047607422,7728106
2017-12-21,184.17050170898438,7032195
2017-12-22,184.2054901123047,6652053
2017-12-26,184.9406280517578,9917650
2017-12-27,183.54039001464844,6325599
2017-12-28,183.33033752441406,16501935
2017-12-29,184.31051635742188,6818477
2018-01-01,183.6453857421875,10863895
2018-01-02,182.5601806640625,5907460
2018-01-03,182.8402099609375,11443370
2018-01-04,183.1202850341797,9729737
2018-01-05,184.0654754638672,9566733
2018-01-08,185.95584106445312,14989106
2018-01-09,189.42147827148438,26728897
2018-01-10,188.6163330078125,17074502
2018-01-11,188.89637756347656,11722150
2018-01-12,187.3210906982422,8494789
2018-01-15,187.35609436035156,10944192
2018-01-16,183.2252960205078,13433905
2018-01-17,186.27088928222656,17006334
2018-01-18,191.4168701171875,27461089
2018-01-19,192.22203063964844,26700710
2018-01-22,191.5919189453125,8660321
2018-01-23,193.6573486328125,18947034
2018-01-24,197.0529327392578,17971710
2018-01-25,196.91294860839844,13629982
2018-01-29,192.9921875,9938281
2018-01-30,192.6771240234375,13560150
2018-01-31,190.01663208007812,19675610
2018-02-01,192.74713134765625,61648368
2018-02-02,192.78213500976562,36356576
2018-02-05,195.51266479492188,20465290
2018-02-06,191.4868927001953,16432103
2018-02-07,192.64210510253906,13455081
2018-02-08,191.90695190429688,10156564
2018-02-09,189.98158264160156,14751166
2018-02-12,188.931396484375,6972242
2018-02-14,186.5859375,11738542
2018-02-15,187.7061767578125,12188244
2018-02-16,186.5509490966797,6401588
2018-02-19,184.90565490722656,6303342
2018-02-20,184.31051635742188,9659227
2018-02-21,187.7761688232422,10961665
2018-02-22,187.00604248046875,19855003
2018-02-23,188.37127685546875,6780714
2018-02-26,186.62094116210938,8701511
2018-02-27,186.51593017578125,7716072
2018-02-28,185.5707550048828,13969189
2018-03-01,184.8356170654297,8081243
2018-03-05,182.21009826660156,6878708
2018-03-06,179.58460998535156,8495423
2018-03-07,181.96505737304688,15736814
2018-03-08,181.2299041748047,6259151
2018-03-09,181.50997924804688,6345666
2018-03-12,189.10643005371094,20666810
2018-03-13,188.65133666992188,8647577
2018-03-14,187.67117309570312,8211627
2018-03-15,185.92083740234375,5771710
2018-03-16,182.38516235351562,21477001
2018-03-19,181.43995666503906,13423983
2018-03-20,181.4749298095703,7769207
2018-03-21,181.36993408203125,13418488
2018-03-22,180.8448486328125,8319663
2018-03-23,179.23451232910156,11616470
2018-03-26,180.704833984375,12981125
2018-03-27,181.26495361328125,9107151
2018-03-28,178.88446044921875,12743051
2018-04-02,180.80982971191406,7299774
2018-04-03,180.98487854003906,5294559
2018-04-04,181.0548858642578,8716184
2018-04-05,181.79002380371094,9464602
2018-04-06,182.6301727294922,6333848
2018-04-09,186.09585571289062,9572467
2018-04-10,186.72593688964844,15248015
2018-04-11,185.64076232910156,5433736
2018-04-12,183.4003448486328,6360898
2018-04-13,182.5601806640625,5183544
2018-04-16,185.1506805419922,5412918
2018-04-17,187.35609436035156,13716437
2018-04-18,192.78213500976562,24733011
2018-04-19,194.1824188232422,13317329
2018-04-20,193.37722778320312,11206130
2018-04-23,192.88714599609375,12198602
2018-04-24,193.23724365234375,8774762
2018-04-25,191.90695190429688,5118640
2018-04-26,194.81253051757812,21064135
2018-04-27,195.61766052246094,10107682
2018-04-30,197.0529327392578,6146923
2018-05-02,201.11375427246094,16690653
2018-05-03,199.53843688964844,9727173
2018-05-04,194.04237365722656,11324148
2018-05-07,197.61309814453125,6725168
2018-05-08,197.9281463623047,6842664
2018-05-09,197.64808654785156,4376684
2018-05-10,196.1427764892578,5890656
2018-05-11,198.59329223632812,4042002
2018-05-14,199.3984375,6728839
2018-05-15,197.3330535888672,8077078
2018-05-16,200.13356018066406,18758524
2018-05-17,195.30259704589844,11169294
2018-05-18,197.64808654785156,16016090
2018-05-21,197.6830596923828,8909610
2018-05-22,195.16259765625,4913188
2018-05-23,191.451904296875,8195839
2018-05-24,192.4320526123047,6524303
2018-05-25,194.43017578125,9600297
2018-05-28,196.572265625,7266559
2018-05-29,195.67974853515625,9171106
2018-05-30,194.14454650878906,8313920
2018-05-31,193.96604919433594,13721531
2018-06-01,192.752197265625,6862252
2018-06-04,192.00247192382812,8291604
2018-06-05,191.00282287597656,6011246
2018-06-06,193.0735321044922,7577818
2018-06-07,193.5376434326172,7059595
2018-06-08,191.2884521484375,7030323
2018-06-11,192.2523956298828,8903144
2018-06-12,192.96641540527344,8774931
2018-06-13,191.25274658203125,8118945
2018-06-14,190.8243408203125,9522749
2018-06-15,188.86074829101562,11231098
2018-06-18,188.89645385742188,6522996
2018-06-19,189.9674835205078,7618626
2018-06-20,188.32525634765625,9907628
2018-06-21,186.25453186035156,7412366
2018-06-22,189.3248748779297,17468481
2018-06-25,187.50408935546875,14142177
2018-06-26,189.07496643066406,10475574
2018-06-27,187.6112060546875,10423520
2018-06-28,186.004638671875,15200725
2018-06-29,190.07460021972656,11327082
2018-07-02,187.82542419433594,18794988
2018-07-03,189.5390625,10784961
2018-07-04,188.78932189941406,8184810
2018-07-05,194.57296752929688,16069118
2018-07-06,194.68008422851562,13434995
2018-07-09,195.9296112060547,10158808
2018-07-10,197.82183837890625,11928591
2018-07-11,196.89356994628906,11800272
2018-07-12,197.92892456054688,10284221
2018-07-13,193.0735321044922,19306087
2018-07-16,193.93035888671875,10676970
2018-07-17,192.68080139160156,10419746
2018-07-18,191.75253295898438,7321779
2018-07-19,195.14422607421875,9301711
2018-07-20,195.64401245117188,6825663
2018-07-23,202.8914337158203,27059765
2018-07-24,203.96243286132812,12577993
2018-07-25,204.31948852539062,13814116
2018-07-26,205.06918334960938,21495638
2018-07-27,216.02955627441406,78783846
2018-07-30,214.95851135253906,17738557
2018-07-31,212.56651306152344,15124149
2018-08-01,215.35122680664062,15187911
2018-08-02,213.6375732421875,10226827
2018-08-03,217.02919006347656,12950643
2018-08-06,215.4940643310547,7979881
2018-08-07,214.99420166015625,7465742
2018-08-08,214.8870849609375,6690368
2018-08-09,215.9938507080078,9576528
2018-08-10,217.63612365722656,15347074
2018-08-13,218.45724487304688,10341087
2018-08-14,219.849609375,12790249
2018-08-16,219.52828979492188,19393491
2018-08-17,224.02670288085938,26392504
2018-08-20,223.70535278320312,19958265
2018-08-21,223.4197540283203,14143291
2018-08-23,222.77713012695312,11745180
2018-08-24,221.63465881347656,5655583
2018-08-27,223.77674865722656,5482067
2018-08-28,222.52723693847656,6864300
2018-08-29,223.34832763671875,10748094
2018-08-30,228.38226318359375,25934792
2018-08-31,228.38226318359375,18781195
2018-09-03,223.6339569091797,9463966
2018-09-04,221.06349182128906,11615187
2018-09-05,221.5275421142578,10529696
2018-09-06,221.92030334472656,7902786
2018-09-07,221.67042541503906,7465327
2018-09-10,218.88568115234375,10006954
2018-09-11,212.20947265625,27008217
2018-09-12,219.0641632080078,20171661
2018-09-14,219.31407165527344,13317349
2018-09-17,215.63682556152344,6049990
2018-09-18,216.52940368652344,8515415
2018-09-19,213.95887756347656,6387203
2018-09-21,217.02919006347656,16966413
2018-09-24,212.74501037597656,15009283
2018-09-25,215.02993774414062,13785151
2018-09-26,209.31768798828125,20657879
2018-09-27,209.42477416992188,12550275
2018-09-28,212.60223388671875,25554548
2018-10-01,212.13809204101562,9373133
2018-10-03,210.78147888183594,7861709
2018-10-04,204.99781799316406,8417940
2018-10-05,197.42910766601562,18301682
2018-10-08,195.07281494140625,17063274
2018-10-09,191.71685791015625,10946626
2018-10-10,192.8592987060547,11921765
2018-10-11,189.36056518554688,11018554
2018-10-12,196.5008544921875,13942941
2018-10-15,201.71327209472656,18623988
2018-10-16,201.82037353515625,12325066
2018-10-17,204.53367614746094,15896854
2018-10-19,206.67579650878906,8341467
2018-10-22,205.9974822998047,12965700
2018-10-23,204.21238708496094,11261603
2018-10-24,205.46189880371094,9024700
2018-10-25,205.31910705566406,9953333
2018-10-26,200.57080078125,22302628
2018-10-29,202.42727661132812,11779416
2018-10-30,199.17843627929688,7110853
2018-10-31,199.99957275390625,14021856
2018-11-01,198.0717315673828,9816770
2018-11-02,202.248779296875,12093152
2018-11-05,199.64260864257812,7665505
2018-11-06,198.0003204345703,10142476
2018-11-07,199.9639129638672,994001
2018-11-09,197.964599609375,15613827
2018-11-12,195.5369110107422,7318920
2018-11-13,197.6790313720703,6958821
2018-11-14,197.39340209960938,7182329
2018-11-15,196.00103759765625,12621945
2018-11-16,197.46478271484375,13122152
2018-11-19,203.14134216308594,17364041
2018-11-20,202.6772003173828,8096904
2018-11-21,201.177734375,5867663
2018-11-22,200.2852325439453,6937634
2018-11-26,203.96243286132812,9292657
2018-11-27,203.39122009277344,7146777
2018-11-28,201.4990692138672,9197861
2018-11-29,205.31910705566406,14183469
2018-11-30,204.06956481933594,8972623
2018-12-03,202.0345916748047,8895477
2018-12-04,201.2491912841797,6548740
2018-12-05,196.6079559326172,11894383
2018-12-06,194.96568298339844,10055005
2018-12-07,195.67974853515625,8415885
2018-12-10,193.10922241210938,6940479
2018-12-11,196.14382934570312,10633126
2018-12-12,197.10775756835938,10473073
2018-12-13,196.572265625,16430755
2018-12-14,196.89356994628906,8925774
2018-12-17,199.82110595703125,12703296
2018-12-18,198.6072235107422,9172963
2018-12-19,202.39158630371094,13639278
2018-12-20,201.82037353515625,5155693
2018-12-21,197.60760498046875,7079146
2018-12-24,197.0720977783203,8869498
2018-12-26,197.5362091064453,8821251
2018-12-27,200.46371459960938,11881735
2018-12-28,201.53477478027344,13702437
2018-12-31,201.10633850097656,5662393
2019-01-01,201.85609436035156,2586466
2019-01-02,200.35662841796875,10316782
2019-01-03,199.10707092285156,6350450
2019-01-04,200.60653686523438,8105747
2019-01-07,201.10633850097656,10133320
2019-01-08,202.96282958984375,7768619
2019-01-09,207.35411071777344,12651287
2019-01-10,206.7828826904297,10684824
2019-01-11,210.88856506347656,17419014
2019-01-14,210.13882446289062,6646635
2019-01-15,211.74539184570312,7490965
2019-01-16,209.96029663085938,8083821
2019-01-17,209.888916015625,11009380
2019-01-18,208.10385131835938,11418250
2019-01-21,206.99710083007812,8519267
2019-01-22,206.88998413085938,10727385
2019-01-23,198.0003204345703,41735950
2019-01-24,199.14276123046875,29105831
2019-01-25,199.35694885253906,9240591
2019-01-28,196.1795654296875,9338450
2019-01-29,198.8214569091797,7267917
2019-01-30,196.71505737304688,10852162
2019-01-31,198.9642791748047,15937442
2019-02-01,200.53512573242188,19060690
2019-02-04,197.8574981689453,6289877
2019-02-05,195.75112915039062,10205529
2019-02-06,198.28590393066406,8409442
2019-02-07,200.1424102783203,6177040
2019-02-08,196.71505737304688,4575570
2019-02-11,197.8574981689453,10335615
2019-02-12,196.572265625,7624089
2019-02-14,198.4287567138672,10378675
2019-02-15,199.99957275390625,38998388
2019-02-18,196.14382934570312,42232590
2019-02-19,197.00064086914062,35777932
2019-02-20,196.9649658203125,6208106
2019-02-21,196.3937225341797,7264425
2019-02-22,195.8582305908203,9100951
2019-02-25,197.57191467285156,31204722
2019-02-26,196.71505737304688,12233273
2019-02-27,196.42945861816406,13634026
2019-02-28,197.10775756835938,44873000
2019-03-01,198.6429443359375,9170950
2019-03-05,201.74896240234375,14103324
2019-03-06,204.03387451171875,20817638
2019-03-07,207.13990783691406,14837761
2019-03-08,208.49655151367188,13169854
2019-03-11,209.1748504638672,15287916
2019-03-12,210.28164672851562,14686757
2019-03-13,210.5672607421875,11496644
2019-03-14,210.99566650390625,10503481
2019-03-15,207.63970947265625,22219476
2019-03-18,209.60328674316406,9519926
2019-03-19,213.8160400390625,16363247
2019-03-20,213.4233856201172,16221492
2019-03-22,212.9235382080078,8378083
2019-03-25,210.67433166503906,8324586
2019-03-26,209.49620056152344,11178168
2019-03-27,209.28199768066406,8757278
2019-03-28,214.2088165283203,18436077
2019-04-01,212.24517822265625,6442182
2019-04-02,212.70932006835938,10228747
2019-04-03,211.4597625732422,9413878
2019-04-04,210.49583435058594,7233298
2019-04-05,210.3173065185547,8107661
2019-04-08,209.03204345703125,5492542
2019-04-09,211.56686401367188,6413515
2019-04-10,210.42440795898438,5540095
2019-04-11,211.6383056640625,11179559
2019-04-12,218.31443786621094,22658578
2019-04-15,218.1359405517578,13098155
2019-04-16,219.34979248046875,10121522
2019-04-18,217.3505096435547,9178504
2019-04-22,215.4940643310547,6929432
2019-04-23,216.63648986816406,7784732
2019-04-24,218.81430053710938,11888770
2019-04-25,217.1719970703125,24135743
2019-04-26,217.4575958251953,4834044
2019-04-30,215.17269897460938,11593138
2019-05-02,217.77890014648438,7781859
2019-05-03,217.24339294433594,6112578
2019-05-06,219.20697021484375,6997113
2019-05-07,215.5654296875,8989234
2019-05-08,214.67288208007812,8179360
2019-05-09,214.10166931152344,10617358
2019-05-10,212.60223388671875,7170576
2019-05-13,206.5686798095703,37262425
2019-05-14,210.17453002929688,21959611
2019-05-15,212.10238647460938,18583184
2019-05-16,210.4601287841797,7637614
2019-05-17,215.2084197998047,11626049
2019-05-20,219.20697021484375,11437612
2019-05-21,218.42156982421875,10923996
2019-05-22,218.29150390625,14266773
2019-05-23,209.88031005859375,32589058
2019-05-24,211.5188446044922,11298665
2019-05-27,211.81015014648438,9371741
2019-05-28,210.3900909423828,16199349
2019-05-29,209.80747985839844,7534947
2019-05-30,210.2080078125,8989691
2019-05-31,202.8527069091797,27294002
2019-06-03,202.8527069091797,20323304
2019-06-04,203.3625030517578,14384170
2019-06-06,200.8136444091797,11071548
2019-06-07,200.44955444335938,7995725
2019-06-10,203.47171020507812,8947150
2019-06-11,203.79945373535156,8787243
2019-06-12,203.87225341796875,8565517
2019-06-13,204.34564208984375,7475823
2019-06-14,202.4886016845703,8212601
2019-06-17,200.2674560546875,10398919
2019-06-18,200.34027099609375,14378973
2019-06-19,201.8695831298828,9394923
2019-06-20,201.72393798828125,10973042
2019-06-21,199.7212677001953,19311989
2019-06-24,201.17776489257812,9279182
2019-06-25,202.81634521484375,12856683
2019-06-26,202.0152587890625,7707084
2019-06-27,199.17510986328125,24205884
2019-06-28,199.42999267578125,8775151
2019-07-01,200.23104858398438,5236646
2019-07-02,199.42999267578125,10360661
2019-07-03,201.50547790527344,18818695
2019-07-04,202.1973419189453,10071080
2019-07-05,203.5081787109375,38474130
2019-07-08,202.05166625976562,12637923
2019-07-09,198.8837890625,8003290
2019-07-10,198.92019653320312,8477115
2019-07-11,200.7407989501953,8727346
2019-07-12,200.30384826660156,10872126
2019-07-15,197.3180694580078,8865479
2019-07-16,198.0463104248047,6602372
2019-07-17,198.7381591796875,6536611
2019-07-18,198.81094360351562,9447100
2019-07-19,195.38821411132812,8294444
2019-07-22,192.5480499267578,14037538
2019-07-23,197.09959411621094,14951457
2019-07-24,197.24525451660156,12537555
2019-07-25,195.06051635742188,18350433
2019-07-26,196.91754150390625,4972441
2019-07-29,194.9876708984375,5738104
2019-07-30,195.82518005371094,13743007
2019-07-31,196.77188110351562,14175457
2019-08-01,194.84202575683594,6153824
2019-08-02,192.62088012695312,9233326
2019-08-05,189.1981201171875,12001827
2019-08-06,188.54269409179688,9770895
2019-08-07,184.7194366455078,8816780
2019-08-08,187.70523071289062,6616227
2019-08-09,185.1199951171875,10309668
2019-08-13,179.3668212890625,21801393
2019-08-14,181.15101623535156,14340858
2019-08-16,184.2460479736328,10735480
2019-08-19,183.1901092529297,13006987
2019-08-20,179.51246643066406,15577976
2019-08-21,175.83480834960938,15303762
2019-08-22,174.81527709960938,10917955
2019-08-23,171.938720703125,17073495
2019-08-26,176.59950256347656,13352257
2019-08-27,178.78421020507812,15089362
2019-08-28,179.11195373535156,9237042
2019-08-29,175.65277099609375,11532941
2019-08-30,178.89344787597656,12225631
2019-09-03,175.9076690673828,9913882
2019-09-04,177.14566040039062,7303230
2019-09-05,177.8739013671875,8777107
2019-09-06,177.6190185546875,9039911
2019-09-09,178.78421020507812,9435127
2019-09-11,177.50979614257812,9314093
2019-09-12,175.32504272460938,8395088
2019-09-13,174.7060546875,14572355
2019-09-16,174.34193420410156,7357494
2019-09-17,172.73980712890625,11083300
2019-09-18,174.23269653320312,20724917
2019-09-19,172.3756561279297,8810026
2019-09-20,173.35877990722656,66016326
2019-09-23,185.59327697753906,54044544
2019-09-24,186.43080139160156,17828419
2019-09-25,180.27713012695312,21390350
2019-09-26,182.35263061523438,18534981
2019-09-27,184.2096405029297,18211017
2019-09-30,189.2345428466797,21381205
2019-10-01,186.3579559326172,16035574
2019-10-03,190.54537963867188,12832216
2019-10-04,187.34109497070312,18781574
2019-10-07,183.4449920654297,22082491
2019-10-09,179.94943237304688,22332047
2019-10-10,177.1092529296875,25230638
2019-10-11,177.65542602539062,26037798
2019-10-14,177.76466369628906,15280471
2019-10-15,180.3135528564453,10373904
2019-10-16,177.4369659423828,16681940
2019-10-17,179.0391082763672,14175284
2019-10-18,179.51246643066406,13327812
2019-10-22,181.26026916503906,18979485
2019-10-23,182.82598876953125,13325639
2019-10-24,181.36947631835938,17438024
2019-10-25,180.38633728027344,33846376
2019-10-27,182.35263061523438,3252338
2019-10-29,184.42813110351562,12397313
2019-10-30,188.9068603515625,35611812
2019-10-31,187.63238525390625,17296427
2019-11-01,190.29051208496094,13055757
2019-11-04,189.88998413085938,8199342
2019-11-05,191.45570373535156,10674212
2019-11-06,190.326904296875,9198544
2019-11-07,193.60401916503906,15351749
2019-11-08,189.7079315185547,12357632
2019-11-11,188.9432373046875,7524183
2019-11-13,184.8650665283203,10664859
2019-11-14,184.90150451660156,9222757
2019-11-15,182.53468322753906,17386229
2019-11-18,182.60751342773438,8167820
2019-11-19,181.55157470703125,12621028
2019-11-20,182.5710906982422,10362358
2019-11-21,178.9298858642578,10793493
2019-11-22,180.3499298095703,17000856
2019-11-25,180.42279052734375,10994413
2019-11-26,181.4423370361328,20539741
2019-11-27,179.8401641845703,9182137
2019-11-28,179.65811157226562,11416080
2019-11-29,179.43963623046875,10185713
2019-12-02,178.38368225097656,10356741
2019-12-03,177.728271484375,8442322
2019-12-04,177.07286071777344,12406762
2019-12-05,179.8401641845703,11699738
2019-12-06,177.21849060058594,10773814
2019-12-09,175.83480834960938,6981671
2019-12-10,171.57460021972656,15972570
2019-12-11,173.03111267089844,14331297
2019-12-12,173.722900390625,10704007
2019-12-13,175.94406127929688,8521473
2019-12-16,172.52133178710938,12476974
2019-12-17,175.54354858398438,16534369
2019-12-18,178.52932739257812,17794641
2019-12-19,177.94674682617188,9699414
2019-12-20,175.61634826660156,14495913
2019-12-23,173.97779846191406,19817033
2019-12-24,173.86856079101562,8200254
2019-12-26,172.448486328125,15017235
2019-12-27,172.52133178710938,9048085
2019-12-30,173.468017578125,13680470
2019-12-31,173.10389709472656,7417112
2020-01-01,173.39520263671875,4370931
2020-01-02,174.66961669921875,8726602
2020-01-03,173.68650817871094,9642051
2020-01-06,171.21047973632812,7930726
2020-01-07,171.39254760742188,8740894
2020-01-08,170.5550537109375,7314466
2020-01-09,171.72024536132812,9816703
2020-01-10,173.3223876953125,10357864
2020-01-13,174.23269653320312,12715178
2020-01-14,177.14566040039062,12299570
2020-01-15,176.52664184570312,5687654
2020-01-16,175.32504272460938,9730522
2020-01-17,174.74246215820312,7677106
2020-01-20,176.16256713867188,8329721
2020-01-21,173.6501007080078,9939680
2020-01-22,173.35877990722656,7949731
2020-01-23,173.2495574951172,6356150
2020-01-24,173.43161010742188,7063834
2020-01-27,170.84634399414062,7100949
2020-01-28,168.04258728027344,15144538
2020-01-29,172.33924865722656,21258057
2020-01-30,170.44583129882812,10794458
2020-01-31,171.24688720703125,19166671
2020-02-03,151.18373107910156,82836335
2020-02-04,157.0460968017578,37145337
2020-02-05,157.62869262695312,22072147
2020-02-06,155.5167694091797,28443398
2020-02-07,155.40756225585938,17793265
2020-02-10,153.33204650878906,9987781
2020-02-11,154.82496643066406,30951617
2020-02-12,155.1526641845703,10310789
2020-02-13,154.315185546875,9505645
2020-02-14,151.256591796875,14260540
2020-02-17,149.1446533203125,16161290
2020-02-18,148.4528045654297,21741128
2020-02-19,150.52828979492188,9403278
2020-02-20,151.07447814941406,16193373
2020-02-24,147.83380126953125,17233132
2020-02-25,146.95989990234375,15903285
2020-02-26,144.62953186035156,18557438
2020-02-27,143.8648681640625,17936226
2020-02-28,143.8648681640625,33885063
2020-03-02,142.226318359375,19274852
2020-03-03,141.17034912109375,18638624
2020-03-04,136.5459747314453,28729502
2020-03-05,136.94654846191406,20797182
2020-03-06,132.3585968017578,27795285
2020-03-09,129.04505920410156,22633662
2020-03-11,127.91627502441406,29032759
2020-03-12,113.46061706542969,54043896
2020-03-13,118.1578140258789,63962722
2020-03-16,107.234130859375,34535653
2020-03-17,108.61779022216797,49492914
2020-03-18,109.74656677246094,52178352
2020-03-19,117.86651611328125,93204936
2020-03-20,127.80704498291016,64384067
2020-03-23,112.36824798583984,53330913
2020-03-24,109.0183334350586,54576761
2020-03-25,107.30693817138672,64913270
2020-03-26,113.89755249023438,60694283
2020-03-27,118.84962463378906,33893412
2020-03-30,115.9366683959961,29203338
2020-03-31,125.03971099853516,44272500
2020-04-01,121.18001556396484,18840671
2020-04-03,129.5548553466797,65288649
2020-04-07,132.2129364013672,37509626
2020-04-08,130.10101318359375,39007671
2020-04-09,134.90745544433594,44268652
2020-04-13,132.24935913085938,18427550
2020-04-15,137.8932342529297,50983406
2020-04-16,135.70851135253906,28122965
2020-04-17,136.98294067382812,27694463
2020-04-20,131.5939178466797,37141676
2020-04-21,130.7928466796875,24232310
2020-04-22,132.7227020263672,26132520
2020-04-23,131.4846954345703,34237726
2020-04-24,131.12057495117188,18744844
2020-04-27,130.9749298095703,13589672
2020-04-28,130.68362426757812,18488267
2020-04-29,132.6498565673828,22287597
2020-04-30,132.5770721435547,31326446
2020-05-04,126.7510986328125,31461042
2020-05-05,126.64188385009766,18389548
2020-05-06,119.35941314697266,68112675
2020-05-07,117.24748992919922,25183509
2020-05-08,115.24481201171875,26281664
2020-05-11,115.39046478271484,18792383
2020-05-12,120.19685363769531,22211224
2020-05-13,120.45177459716797,20785966
2020-05-14,119.28657531738281,15525762
2020-05-15,119.90557861328125,15526021
2020-05-18,119.97842407226562,21602419
2020-05-19,124.34786987304688,20917906
2020-05-20,127.9891128540039,26295911
2020-05-21,137.60194396972656,60630670
2020-05-22,135.70851135253906,40516307
2020-05-26,139.60459899902344,55283582
2020-05-27,139.93234252929688,25491463
2020-05-28,138.83995056152344,25524647
2020-05-29,143.71923828125,37214719
2020-06-01,146.0496063232422,29606349
2020-06-02,143.64639282226562,23502975
2020-06-03,143.245849609375,19710133
2020-06-04,145.75828552246094,22843181
2020-06-05,145.64906311035156,15193091
2020-06-08,143.93768310546875,20304292
2020-06-09,144.5566864013672,41451482
2020-06-10,144.9572296142578,28247205
2020-06-11,141.4616241455078,20611505
2020-06-12,141.20677185058594,23431727
2020-06-15,136.3275146484375,25404661
2020-06-16,134.7253875732422,28700454
2020-06-17,131.95806884765625,24952658
2020-06-18,135.8905792236328,30000032
2020-06-19,134.0335235595703,31707306
2020-06-22,134.7253875732422,32605144
2020-06-23,135.34439086914062,27569189
2020-06-24,139.71388244628906,56757828
2020-06-25,147.17835998535156,78484846
2020-06-26,142.15350341796875,74727243
2020-06-29,143.64639282226562,95027403
2020-06-30,141.7529754638672,42797633
2020-07-01,147.7609405517578,46004000
2020-07-02,149.90931701660156,40835235
2020-07-03,151.14732360839844,39352660
2020-07-06,153.28855895996094,36046969
2020-07-07,149.03050231933594,32467210
2020-07-08,150.60328674316406,22093693
2020-07-09,149.95115661621094,19492371
2020-07-10,149.1072540283203,16815128
2020-07-13,151.5623016357422,21079233
2020-07-14,150.2964324951172,19185879
2020-07-15,152.444580078125,24692471
2020-07-16,148.72361755371094,22997164
2020-07-17,148.87705993652344,15455455
2020-07-20,147.84132385253906,19643434
2020-07-21,147.49609375,29089491
2020-07-22,150.79505920410156,33826583
2020-07-23,153.97903442382812,32700809
2020-07-24,153.1350860595703,62500933
2020-07-27,150.6800079345703,23517850
2020-07-28,149.91281127929688,20029937
2020-07-29,150.91017150878906,15402845
2020-07-30,148.3400115966797,16943579
2020-07-31,148.95379638671875,17294202
2020-08-03,147.76463317871094,13776301
2020-08-04,148.5701904296875,17849565
2020-08-05,147.9180450439453,50646546
2020-08-06,149.8744354248047,18574935
2020-08-07,150.41146850585938,21717194
2020-08-10,152.55967712402344,17108987
2020-08-11,155.78196716308594,57266693
2020-08-12,156.6642303466797,22106836
2020-08-13,154.55442810058594,23573090
2020-08-14,150.6800079345703,29858596
2020-08-17,152.48297119140625,12192938
2020-08-18,152.3295135498047,12969115
2020-08-19,152.25277709960938,16070316
2020-08-20,150.21971130371094,17561721
2020-08-21,150.98690795898438,17897538
2020-08-24,150.91017150878906,15304895
2020-08-25,149.91281127929688,15784633
2020-08-26,149.5675811767578,23502769
2020-08-27,149.03050231933594,49030500
2020-08-28,150.0279083251953,35979788
2020-08-31,146.61380004882812,100730476
2020-09-01,145.92330932617188,41311165
2020-09-02,146.80563354492188,21378178
2020-09-03,146.9973907470703,16295787
2020-09-04,143.23809814453125,42983034
2020-09-07,145.07937622070312,33918419
2020-09-08,144.3505401611328,26574542
2020-09-09,141.01318359375,28901363
2020-09-10,141.8571014404297,18469229
2020-09-11,141.12826538085938,19997552
2020-09-14,140.6678924560547,32185628
2020-09-15,139.47874450683594,31956903
2020-09-16,138.59645080566406,52591750
2020-09-17,137.02366638183594,35240133
2020-09-18,137.4072723388672,30929813
2020-09-21,134.8371124267578,24811451
2020-09-22,133.64794921875,19242719
2020-09-23,132.34371948242188,64164525
2020-09-24,127.77882385253906,32698988
2020-09-25,131.00106811523438,27650738
2020-09-28,132.95748901367188,24087933
2020-09-29,129.96534729003906,26602326
2020-09-30,131.7299041748047,19193371
2020-10-01,131.07778930664062,20517295
2020-10-05,129.8502655029297,25234767
2020-10-06,130.34893798828125,22728054
2020-10-07,130.0420684814453,16913783
2020-10-08,128.23912048339844,26484289
2020-10-09,128.77618408203125,23234939
2020-10-12,132.113525390625,68801924
2020-10-13,130.54074096679688,37058708
2020-10-14,128.73779296875,39688050
2020-10-15,126.62798309326172,28161148
2020-10-16,127.12664794921875,21006060
2020-10-19,129.0830535888672,19748904
2020-10-20,128.4692840576172,16770677
2020-10-21,128.62271118164062,17113482
2020-10-22,129.313232421875,22893091
2020-10-23,131.00106811523438,20921450
2020-10-26,129.313232421875,16699886
2020-10-27,128.27748107910156,47652264
2020-10-28,126.97323608398438,17468592
2020-10-29,125.70735168457031,21816186
2020-10-30,126.78142547607422,16976909
2020-11-02,127.9322280883789,14924105
2020-11-03,130.5023956298828,23473408
2020-11-04,130.272216796875,19533203
2020-11-05,134.06993103027344,28037401
2020-11-06,133.4561309814453,35571152
2020-11-09,132.57386779785156,36645472
2020-11-10,136.83187866210938,59672371
2020-11-11,142.1639862060547,65757234
2020-11-12,144.23545837402344,48153554
2020-11-13,143.54495239257812,29284742
2020-11-14,144.69577026367188,8066280
2020-11-17,143.73675537109375,21757459
2020-11-18,141.20498657226562,27620283
2020-11-19,144.15875244140625,50871154
2020-11-20,147.0741424560547,47052232
2020-11-23,146.42201232910156,24073204
2020-11-24,150.0279083251953,47160760
2020-11-25,148.72361755371094,43263598
2020-11-26,149.45248413085938,25155854
2020-11-27,148.5701904296875,32594141
2020-12-01,149.1455841064453,16505446
2020-12-02,150.33474731445312,29520716
2020-12-03,150.52658081054688,29087754
2020-12-04,152.0609893798828,23005484
2020-12-07,155.85867309570312,37068111
2020-12-08,155.32164001464844,32042241
2020-12-09,157.5849151611328,41212760
2020-12-10,163.185546875,67739601
2020-12-11,165.94747924804688,62645643
2020-12-14,165.64060974121094,28029531
2020-12-15,163.83766174316406,24151252
2020-12-16,164.1829071044922,20304621
2020-12-17,163.45407104492188,23248344
2020-12-18,164.5665283203125,24690701
2020-12-21,155.70523071289062,43445980
2020-12-22,156.05050659179688,42564860
2020-12-23,159.38784790039062,24608258
2020-12-24,160.0399932861328,23645158
2020-12-28,160.73046875,16347233
2020-12-29,162.30323791503906,27568853
2020-12-30,161.99636840820312,19654130
2020-12-31,160.3468780517578,18947950
2021-01-01,164.0678253173828,20279389
2021-01-04,163.7225799560547,27927482
2021-01-05,162.22653198242188,18718244
2021-01-06,157.5849151611328,50957586
2021-01-07,155.59014892578125,36298522
2021-01-08,154.59278869628906,58600546
2021-01-11,155.3599853515625,44625924
2021-01-12,158.39047241210938,36989137
2021-01-13,162.07305908203125,66387977
2021-01-14,164.29798889160156,50164605
2021-01-15,167.13665771484375,60567280
2021-01-18,168.5943603515625,70211602
2021-01-19,167.90386962890625,33009228
2021-01-20,166.9832305908203,46392916
2021-01-21,163.95274353027344,30116008
2021-01-22,161.65113830566406,25663922
2021-01-25,159.4261932373047,25929487
2021-01-27,161.6127471923828,50338134
2021-01-28,158.50555419921875,22984352
2021-01-29,155.93539428710938,24679902
2021-02-01,165.67897033691406,59968324
2021-02-02,167.40518188476562,50324035
2021-02-03,166.29273986816406,55709225
2021-02-04,176.41989135742188,109894300
2021-02-05,179.7956085205078,130323308
2021-02-08,178.8365936279297,43093963
2021-02-09,175.69105529785156,73377134
2021-02-10,174.57861328125,49104142
2021-02-11,173.73464965820312,45311749
2021-02-12,166.82977294921875,114826417
2021-02-15,167.7120819091797,33000365
2021-02-16,167.4435577392578,30271502
2021-02-17,167.0599365234375,20615018
2021-02-18,167.90386962890625,24997592
2021-02-19,165.67897033691406,29208388
2021-02-22,162.7644805908203,53531490
2021-02-23,163.9043731689453,27703323
2021-02-24,164.17950439453125,13667471
2021-02-25,164.41534423828125,26953713
2021-02-26,160.24896240234375,45101885
2021-03-01,162.6466064453125,16850430
2021-03-02,165.0049285888672,26590262
2021-03-03,165.0442352294922,21648963
2021-03-04,164.8477020263672,25858155
2021-03-05,163.9436798095703,17990773
2021-03-08,163.51133728027344,23874105
2021-03-09,163.3540802001953,23463213
2021-03-10,162.33216857910156,20358192
2021-03-12,161.31019592285156,31973696
2021-03-15,161.50674438476562,42699297
2021-03-16,163.39340209960938,50641203
2021-03-17,165.55520629882812,81604999
2021-03-18,171.09730529785156,95536034
2021-03-19,175.26368713378906,139352860
2021-03-22,177.66134643554688,47823778
2021-03-23,174.67413330078125,43165463
2021-03-24,169.76092529296875,28672557
2021-03-25,166.34132385253906,42248040
2021-03-26,165.79103088378906,27083832
2021-03-30,168.6603546142578,28862387
2021-03-31,171.76551818847656,37890481
2021-04-01,172.98399353027344,30182056
2021-04-05,167.088134765625,32586507
2021-04-06,167.166748046875,26663018
2021-04-07,168.07073974609375,15790468
2021-04-08,167.63839721679688,14660557
2021-04-09,167.5205078125,16994483
2021-04-12,161.38880920410156,35840817
2021-04-13,164.06158447265625,21027436
2021-04-15,162.48936462402344,18205903
2021-04-16,163.47201538085938,13824608
2021-04-19,161.62464904785156,16400507
2021-04-20,160.01312255859375,22187707
2021-04-22,161.86048889160156,24030915
2021-04-23,161.42813110351562,20381213
2021-04-26,161.38880920410156,20652091
2021-04-27,161.46743774414062,11885588
2021-04-28,161.54603576660156,13197445
2021-04-29,160.6027069091797,13601150
2021-04-30,159.2663116455078,17130954
2021-05-03,157.96923828125,21405441
2021-05-04,156.907958984375,18962501
2021-05-05,158.32298278808594,14396547
2021-05-06,159.3842315673828,14872429
2021-05-07,161.42813110351562,20213092
2021-05-10,161.5853271484375,16922951
2021-05-11,160.3668670654297,14277000
2021-05-12,159.77728271484375,17174525
2021-05-14,166.85226440429688,64021335
2021-05-17,167.12742614746094,39465392
2021-05-18,165.12286376953125,31653409
2021-05-19,163.31478881835938,25345241
2021-05-20,162.72520446777344,21688686
2021-05-21,164.3367462158203,23509878
2021-05-24,166.26271057128906,29977506
2021-05-25,165.79103088378906,26310600
2021-05-26,165.55520629882812,18253046
2021-05-27,165.98756408691406,49385674
2021-05-28,167.36325073242188,26583388
2021-05-31,170.2718963623047,75852502
2021-06-01,169.21060180664062,40247686
2021-06-02,164.29745483398438,100377464
2021-06-03,164.3367462158203,48454441
2021-06-04,164.10092163085938,31286264
2021-06-07,166.22340393066406,32643869
2021-06-08,167.9528350830078,22080199
2021-06-09,167.04881286621094,25846432
2021-06-10,169.2904815673828,31902690
2021-06-11,168.15809631347656,22249404
2021-06-14,167.6728057861328,18358717
2021-06-15,167.47059631347656,15426377
2021-06-16,168.11766052246094,20878518
2021-06-17,166.33822631835938,22304032
2021-06-18,165.44850158691406,24475206
2021-06-21,165.3676300048828,19809308
2021-06-22,165.89334106445312,18737552
2021-06-23,164.96319580078125,13059519
2021-06-24,164.39700317382812,23299321
2021-06-25,165.8529052734375,14411660
2021-06-28,164.68011474609375,15190488
2021-06-29,164.43743896484375,13839294
2021-06-30,163.95213317871094,16556397
2021-07-01,164.19479370117188,10583793
2021-07-02,163.70950317382812,13187847
2021-07-05,164.72055053710938,10642939
2021-07-06,163.79034423828125,11515716
2021-07-07,164.80142211914062,18568033
2021-07-08,163.3859405517578,21730892
2021-07-09,162.8601837158203,12289809
2021-07-12,162.65798950195312,13589278
2021-07-13,163.26461791992188,11247522
2021-07-14,165.08450317382812,21269167
2021-07-15,166.82350158691406,29963443
2021-07-16,168.15809631347656,30137464
2021-07-19,168.03677368164062,17099088
2021-07-20,167.26840209960938,24567907
2021-07-22,167.43016052246094,19016769
2021-07-23,171.7978973388672,46241640
2021-07-26,170.78684997558594,49084040
2021-07-27,168.76475524902344,25378089
2021-07-28,169.1287078857422,15304399
2021-07-29,166.66175842285156,16204679
2021-07-30,165.77203369140625,15515733
2021-08-02,167.6728057861328,10046707
2021-08-03,169.7758026123047,19179805
2021-08-04,168.72430419921875,11421835
2021-08-05,174.10308837890625,48995450
2021-08-06,173.2942657470703,24489836
2021-08-09,172.9302520751953,21142199
2021-08-10,169.73536682128906,18855165
2021-08-11,168.76475524902344,16012451
2021-08-12,168.96697998046875,28758718
2021-08-13,171.0294952392578,19576945
2021-08-16,170.5846405029297,11621038
2021-08-17,169.2095947265625,8161139
2021-08-18,169.00738525390625,11149120
2021-08-20,168.96697998046875,20168965
2021-08-23,166.86395263671875,10319044
2021-08-24,166.4191131591797,12971124
2021-08-25,166.94485473632812,10994627
2021-08-26,165.4889373779297,15407558
2021-08-27,166.54043579101562,10879860
2021-08-30,168.23899841308594,12550267
2021-08-31,170.90818786621094,26802390
2021-09-01,169.45225524902344,16867486
2021-09-02,169.65444946289062,14872714
2021-09-03,170.3419647216797,10622796
2021-09-06,169.2904815673828,11041632
2021-09-07,171.2721710205078,38933378
2021-09-08,170.8677215576172,17897021
2021-09-09,172.0001220703125,19784972
2021-09-13,173.21337890625,16661794
2021-09-14,174.79061889648438,20377545
2021-09-15,174.709716796875,21028598
2021-09-16,186.64013671875,154986538
2021-09-17,186.96368408203125,82563658
2021-09-20,189.06666564941406,73101936
2021-09-21,195.33518981933594,58854434
2021-09-22,196.952880859375,54648494
2021-09-23,196.14401245117188,22630330
2021-09-24,192.8682403564453,25779310
2021-09-27,193.0704345703125,23772123
2021-09-28,192.30201721191406,16319138
2021-09-29,192.5851287841797,16045073
2021-09-30,191.00787353515625,16987893
2021-10-01,190.36080932617188,16570661
2021-10-04,191.37185668945312,11098123
2021-10-05,189.8350372314453,9578825
2021-10-06,187.0445556640625,18179336
2021-10-07,188.41958618164062,10770973
2021-10-08,187.40855407714844,10114327
2021-10-11,192.54469299316406,22000303
2021-10-12,195.17340087890625,30347455
2021-10-13,201.56326293945312,52091422
2021-10-14,207.50823974609375,88696178
2021-10-18,212.36131286621094,62614961
2021-10-19,198.93450927734375,61336411
2021-10-20,199.46026611328125,49663940
2021-10-21,197.92347717285156,23385990
2021-10-22,191.37185668945312,36905793
2021-10-25,188.78358459472656,23194065
2021-10-26,191.45274353027344,19663381
2021-10-27,192.8682403564453,26909428
2021-10-28,182.0701904296875,48064941
2021-10-29,180.53338623046875,27668175
2021-11-01,183.4856414794922,24090945
2021-11-02,182.474609375,14896284
2021-11-03,179.92677307128906,18530527
2021-11-04,183.24301147460938,7295341
2021-11-08,185.87171936035156,21051238
2021-11-09,185.0224609375,11964518
2021-11-10,186.72100830078125,13948380
2021-11-11,186.03350830078125,8448263
2021-11-12,188.37913513183594,12312123
2021-11-15,192.5851287841797,40247848
2021-11-16,190.44171142578125,15241184
2021-11-17,193.71751403808594,48496295
2021-11-18,192.09979248046875,21005037
2021-11-22,186.761474609375,23443628
2021-11-23,187.32765197753906,13950744
2021-11-24,184.1731719970703,14684422
2021-11-25,187.08499145507812,24825493
2021-11-26,181.18045043945312,28067913
2021-11-29,179.15834045410156,22985358
2021-11-30,178.875244140625,24408641
2021-12-01,179.48190307617188,13496307
2021-12-02,182.353271484375,16517389
2021-12-03,179.27967834472656,14325920
2021-12-06,176.2465057373047,13644352
2021-12-07,178.4708251953125,9246755
2021-12-08,181.94886779785156,10241656
2021-12-09,190.4012451171875,39714672
2021-12-10,190.96742248535156,36517117
2021-12-13,189.75418090820312,22903720
2021-12-14,184.901123046875,38953007
2021-12-15,181.2209014892578,35987634
2021-12-16,180.2907257080078,25131188
2021-12-17,176.28695678710938,30827201
2021-12-20,171.7978973388672,38778895
2021-12-21,171.8787841796875,20142586
2021-12-22,171.47434997558594,17903428
2021-12-23,175.76121520996094,23065082
2021-12-24,176.3274383544922,17220191
2021-12-27,175.96340942382812,8467106
2021-12-28,177.98553466796875,12014352
2021-12-29,175.31637573242188,11923119
2021-12-30,174.709716796875,10116360
2021-12-31,176.3678436279297,7875890
2022-01-03,177.21713256835938,8064567
2022-01-04,178.1472930908203,9398805
2022-01-05,178.3899688720703,11663111
2022-01-06,176.8936004638672,9295303
2022-01-07,176.65093994140625,9196075
2022-01-10,180.6142578125,16451394
2022-01-11,179.5223388671875,8329596
2022-01-12,180.1693878173828,13665682
2022-01-13,181.1400146484375,11944029
2022-01-14,180.04806518554688,10976796
2022-01-17,181.665771484375,12792728
2022-01-18,178.55169677734375,14948456
2022-01-19,178.2281951904297,11915686
2022-01-20,176.93405151367188,17997322
2022-01-21,175.55902099609375,17225050
2022-01-24,171.31259155273438,18023332
2022-01-25,173.33468627929688,19028606
2022-01-27,173.57733154296875,24041247
2022-01-28,176.00384521484375,15865353
2022-01-31,178.10687255859375,15618203
2022-02-01,184.21360778808594,44871108
2022-02-02,187.7725372314453,42714702
2022-02-03,189.63282775878906,28918394
2022-02-04,189.51150512695312,58889867
2022-02-07,186.1952667236328,25101983
2022-02-08,187.0445556640625,16825239
2022-02-09,186.1548309326172,12351873
2022-02-10,187.85337829589844,20317032
2022-02-11,188.01515197753906,18793513
2022-02-14,181.76356506347656,23621214
2022-02-15,184.70388793945312,13371177
2022-02-16,184.49681091308594,11664158
2022-02-17,184.41400146484375,14564261
2022-02-18,183.79281616210938,9004891
2022-02-21,180.56259155273438,16750193
2022-02-22,177.95350646972656,26741024
2022-02-23,178.86460876464844,11438476
2022-02-24,172.69400024414062,42933709
2022-02-25,177.2080841064453,24543858
2022-02-28,178.78176879882812,20806226
2022-03-02,178.3262481689453,20039140
2022-03-03,181.72213745117188,29631546
2022-03-04,186.77459716796875,69409780
2022-03-07,186.3190460205078,47001716
2022-03-08,187.93417358398438,37424203
2022-03-09,189.8805694580078,43923809
2022-03-10,192.1583251953125,37523806
2022-03-11,195.76129150390625,43305144
2022-03-14,197.95620727539062,36465969
2022-03-15,197.00369262695312,34269168
2022-03-16,200.93795776367188,22462538
2022-03-17,202.84300231933594,35541798
2022-03-21,202.51165771484375,29052540
2022-03-22,206.86009216308594,38368305
2022-03-23,208.7237091064453,42051087
2022-03-24,211.08425903320312,39712133
2022-03-25,209.8418731689453,30412482
2022-03-28,212.90646362304688,25876007
2022-03-29,210.877197265625,18820674
2022-03-30,206.404541015625,18281803
2022-03-31,207.6055145263672,26644916
2022-04-01,209.80044555664062,14856664
2022-04-04,211.5812225341797,16520039
2022-04-05,214.89427185058594,28230046
2022-04-06,215.01852416992188,20352716
2022-04-07,212.5751495361328,16679649
2022-04-08,221.8103485107422,39283623
2022-04-11,221.56185913085938,47924937
2022-04-12,219.32553100585938,24460888
2022-04-13,223.25979614257812,22239115
2022-04-18,223.71534729003906,25339139
2022-04-19,216.6336669921875,24280577
2022-04-20,214.9771270751953,25454589
2022-04-21,215.68113708496094,24313956
2022-04-22,216.26095581054688,16274820
2022-04-25,211.41555786132812,25140992
2022-04-26,214.48016357421875,21327644
2022-04-27,213.2791748046875,17219401
2022-04-28,216.26095581054688,28999835
2022-04-29,214.9771270751953,21206335
2022-05-02,217.95889282226562,19696250
2022-05-04,215.14279174804688,26951488
2022-05-05,217.0477752685547,18623544
2022-05-06,220.8578338623047,35818441
2022-05-09,217.79322814941406,22228031
2022-05-10,215.14279174804688,18727774
2022-05-11,211.74688720703125,18012072
2022-05-12,209.46914672851562,20816708
2022-05-13,214.1902618408203,12380764
2022-05-16,210.46304321289062,8502159
2022-05-17,219.24269104003906,18483427
2022-05-18,220.98207092285156,20978307
2022-05-19,228.31224060058594,81302807
2022-05-20,231.9152069091797,33617466
2022-05-23,227.3597412109375,22535903
2022-05-24,224.3365936279297,16146766
2022-05-25,225.8688507080078,15877459
2022-05-26,226.28521728515625,19129574
2022-05-27,228.4063720703125,13986762
2022-05-30,228.2790985107422,12274291
2022-05-31,229.6366424560547,24102167
2022-06-01,230.65480041503906,15265925
2022-06-02,232.05474853515625,14789457
2022-06-03,231.3759765625,12968807
2022-06-06,233.15774536132812,11345943
2022-06-07,232.39413452148438,11245578
2022-06-08,227.3033447265625,14915091
2022-06-09,229.8063507080078,10239939
2022-06-10,229.21238708496094,8693455
2022-06-13,224.5458526611328,11519902
2022-06-14,225.224609375,7708043
2022-06-15,223.48529052734375,5254329
2022-06-16,221.1944122314453,14843837
2022-06-17,223.40042114257812,17296080
2022-06-20,224.07919311523438,17738981
2022-06-21,229.0002899169922,14417711
2022-06-22,225.09735107421875,11756920
2022-06-23,225.26702880859375,9416459
2022-06-24,225.56398010253906,7283228
2022-06-27,229.04269409179688,8487729
2022-06-28,230.65480041503906,11673046
2022-06-29,232.52142333984375,16635367
2022-06-30,232.05474853515625,20003893
2022-07-01,241.2605743408203,36520000
2022-07-04,247.66648864746094,41417701
2022-07-05,243.4241485595703,19283789
2022-07-06,245.46046447753906,18997440
2022-07-07,247.70892333984375,14326277
2022-07-08,248.64219665527344,11538313
2022-07-11,250.2967071533203,12828405
2022-07-12,248.3452606201172,14616684
2022-07-13,249.49072265625,9634877
2022-07-14,246.77560424804688,13930984
2022-07-15,249.0664520263672,11450042
2022-07-18,250.55125427246094,11751684
2022-07-19,249.95730590820312,9542292
2022-07-20,253.0118408203125,16397373
2022-07-21,254.1572265625,16660697
2022-07-22,255.0056915283203,10351425
2022-07-25,255.4723358154297,11050533
2022-07-26,256.6177978515625,10114261
2022-07-27,258.0601501464844,9706094
2022-07-28,257.46624755859375,11256515
2022-07-29,257.1268310546875,17584873
2022-08-01,260.90252685546875,16501510
2022-08-02,262.981201171875,40483892
2022-08-03,261.4540100097656,18376724
2022-08-04,262.5994567871094,16514348
2022-08-05,263.7448425292969,10477269
2022-08-08,265.6962890625,8627072
2022-08-10,264.0417785644531,9267241
2022-08-11,259.8419189453125,11305242
2022-08-12,261.79339599609375,6669853
2022-08-16,263.4903259277344,8941455
2022-08-17,265.187255859375,8283028
2022-08-18,267.81744384765625,10264507
2022-08-19,264.72064208984375,10823811
2022-08-22,266.75689697265625,11793184
2022-08-23,268.02960205078125,9698555
2022-08-24,266.50238037109375,11783894
2022-08-25,265.0175476074219,8057930
2022-08-26,265.48419189453125,7224507
2022-08-29,266.0357360839844,11798961
2022-08-30,271.93255615234375,18516092
2022-09-01,269.4720153808594,13765474
2022-09-02,274.1809387207031,26750910
2022-09-05,279.0171813964844,18144801
2022-09-06,277.5748291015625,12431779
2022-09-07,276.68389892578125,8397233
2022-09-08,279.9080810546875,11331350
2022-09-09,280.4172058105469,9770432
2022-09-12,280.7565612792969,9048240
2022-09-13,283.7261657714844,10925371
2022-09-14,284.5322265625,12739464
2022-09-15,283.47161865234375,8742900
2022-09-16,281.095947265625,12973988
2022-09-19,284.74432373046875,14918717
2022-09-20,285.0837097167969,9892945
2022-09-21,289.2835693359375,21800547
2022-09-22,292.7622985839844,25111230
2022-09-23,293.90771484375,23718397
2022-09-26,282.1989440917969,16829922
2022-09-27,284.10797119140625,10375837
2022-09-28,275.70819091796875,16151900
2022-09-29,282.58074951171875,18985406
2022-09-30,281.85955810546875,12906555
2022-10-03,275.24151611328125,9462192
2022-10-04,282.41107177734375,9142294
2022-10-06,285.63519287109375,23091432
2022-10-07,283.47161865234375,10910698
2022-10-10,278.1687316894531,9750594
2022-10-11,276.8536071777344,11018577
2022-10-12,280.0777587890625,10735673
2022-10-13,278.8475036621094,7546587
2022-10-14,281.77471923828125,6672357
2022-10-17,281.9019775390625,7195922
2022-10-18,288.7320861816406,21691854
2022-10-19,293.8653259277344,16923690
2022-10-20,296.7076721191406,19186222
2022-10-21,293.22894287109375,28426343
2022-10-24,295.0107727050781,3292671
2022-10-25,293.8228454589844,17906260
2022-10-27,293.3986511230469,19273344
2022-10-28,293.3986511230469,13572499
2022-10-31,295.85919189453125,14358449
2022-11-01,296.5379638671875,20422565
2022-11-02,300.90753173828125,17427813
2022-11-03,300.10150146484375,11149636
2022-11-04,300.0166320800781,8709851
2022-11-07,299.93182373046875,10437370
2022-11-09,306.040771484375,21404869
2022-11-10,302.052978515625,20071989
2022-11-11,302.3499755859375,11372654
2022-11-14,294.5865173339844,18319254
2022-11-15,292.9320068359375,16046491
2022-11-16,291.956298828125,7897812
2022-11-17,291.6168518066406,10379179
2022-11-18,289.3684997558594,8140173
2022-11-21,286.1018981933594,9553090
2022-11-22,288.6896667480469,6746019
2022-11-23,288.3078918457031,8067471
2022-11-24,289.1138916015625,8454385
2022-11-25,288.7320861816406,7200274
2022-11-28,288.52001953125,10284123
2022-11-29,290.4290466308594,10582296
2022-11-30,288.4775390625,23425220
2022-12-01,288.0957336425781,17270904
2022-12-02,286.0594787597656,8711914
2022-12-05,285.7200622558594,10090597
2022-12-06,286.18670654296875,6571118
2022-12-07,288.56243896484375,10191144
2022-12-08,287.12005615234375,6439244
2022-12-09,289.66546630859375,8445424
2022-12-12,291.192626953125,11646572
2022-12-13,293.22894287109375,11105261
2022-12-14,293.05926513671875,7664099
2022-12-15,287.5018615722656,8469001
2022-12-16,284.32012939453125,12907968
2022-12-19,288.9017639160156,8113695
2022-12-20,288.6048583984375,5693354
2022-12-21,284.3625183105469,7316532
2022-12-22,282.07171630859375,6838031
2022-12-23,277.1930236816406,10461859
2022-12-26,283.8958740234375,9934633
2022-12-27,282.66558837890625,6986433
2022-12-28,283.7261657714844,8035558
2022-12-29,284.5322265625,8417520
2022-12-30,281.3079833984375,7228324
2023-01-02,282.41107177734375,6181118
2023-01-03,280.9262390136719,6228015
2023-01-04,277.44757080078125,6947412
2023-01-05,282.92010498046875,8486143
2023-01-06,284.27764892578125,8603181
2023-01-09,286.82305908203125,11027747
2023-01-10,282.87774658203125,7217255
2023-01-11,281.5201721191406,4760847
2023-01-12,279.86566162109375,6894087
2023-01-13,278.9323425292969,14967746
2023-01-16,280.1626281738281,8571826
2023-01-17,281.9019775390625,14240647
2023-01-18,283.93829345703125,13039078
2023-01-19,281.8171691894531,8667564
2023-01-20,283.8958740234375,13608325
2023-01-23,286.5684814453125,7399204
2023-01-24,287.5867004394531,12776694
2023-01-25,287.8412170410156,12978859
2023-01-27,293.5683288574219,21850457
2023-01-30,292.55023193359375,14634225
2023-01-31,298.95611572265625,17794183
2023-02-01,306.63470458984375,67003785
2023-02-02,321.2282409667969,57892084
2023-02-03,322.9676208496094,23153980
2023-02-06,325.3009033203125,26783409
2023-02-07,316.6889953613281,21438758
2023-02-08,318.64044189453125,10821785
2023-02-09,317.53741455078125,12318006
2023-02-10,315.076904296875,10674456
2023-02-13,317.4950256347656,10282470
2023-02-14,327.8887023925781,30246745
2023-02-15,329.59710693359375,12679568
2023-02-16,329.89892578125,10151755
2023-02-17,330.6319885253906,7967611
2023-02-20,331.1924743652344,8105569
2023-02-21,329.64019775390625,8577674
2023-02-22,331.02001953125,9306194
2023-02-23,334.2539367675781,19555814
2023-02-24,332.09796142578125,13407431
2023-02-27,329.59710693359375,8455904
2023-02-28,324.8540954589844,16997837
2023-03-01,326.57879638671875,8065784
2023-03-02,323.86236572265625,5212922
2023-03-03,331.9686279296875,8495772
2023-03-06,334.7281799316406,11126980
2023-03-08,338.39324951171875,9261146
2023-03-09,334.1676940917969,10005328
2023-03-10,334.598876953125,8684320
2023-03-13,330.8475341796875,9130473
2023-03-14,327.4411926269531,10623744
2023-03-15,327.1824645996094,8748113
2023-03-16,328.9503173828125,16315136
2023-03-17,323.86236572265625,50787703
2023-03-20,326.6650390625,10512002
2023-03-21,325.06964111328125,12057999
2023-03-22,325.7595520019531,4958761
2023-03-23,328.26043701171875,10127917
2023-03-24,326.57879638671875,10317108
2023-03-27,327.87237548828125,11232922
2023-03-28,327.4842834472656,9523719
2023-03-29,330.0714111328125,10551626
2023-03-31,330.7181701660156,9877493
2023-04-03,326.75128173828125,7331070
2023-04-05,333.2190246582031,12055499
2023-04-06,334.03826904296875,13394394
2023-04-10,335.0731506347656,7044256
2023-04-11,341.497802734375,18939829
2023-04-12,339.38494873046875,10122932
2023-04-13,341.15283203125,6292395
2023-04-17,345.0766296386719,11466474
2023-04-18,343.6536865234375,9860308
2023-04-19,343.86932373046875,10119480
2023-04-20,345.20599365234375,6924577
2023-04-21,352.0617980957031,14801099
2023-04-24,352.4498596191406,6212135
2023-04-25,354.9075927734375,9180650
2023-04-26,355.51129150390625,7914219
2023-04-27,358.7451477050781,13100076
2023-04-28,366.9807434082031,13208557
2023-05-02,366.0321960449219,10648421
2023-05-03,368.36053466796875,7607609
2023-05-04,366.1614990234375,8292456
2023-05-05,369.7403259277344,12890455
2023-05-08,372.0687561035156,7522610
2023-05-09,365.47161865234375,10377820
2023-05-10,366.80828857421875,10130159
2023-05-11,362.5395812988281,16597954
2023-05-12,362.5826416015625,11564770
2023-05-15,368.9211120605469,9503538
2023-05-16,365.6009521484375,8302077
2023-05-17,368.7486267089844,9844782
2023-05-18,361.9359436035156,24919291
2023-05-19,362.06524658203125,26759905
2023-05-22,366.2908935546875,16015615
2023-05-23,370.0852966308594,9068926
2023-05-24,373.83660888671875,11921823
2023-05-25,380.4337158203125,18905572
2023-05-26,382.5465393066406,13496209
2023-05-29,387.28955078125,20589822
2023-05-30,396.6940612792969,19627897
2023-05-31,392.81439208984375,14821960
2023-06-01,387.7003479003906,9142172
2023-06-02,390.9627380371094,9558309
2023-06-05,388.5379638671875,7427630
2023-06-06,390.4337463378906,6703067
2023-06-07,391.44769287109375,7833952
2023-06-08,390.5218811035156,7294955
2023-06-09,386.59814453125,7329661
2023-06-12,385.2755432128906,9054977
2023-06-13,392.7262268066406,16732376
2023-06-14,391.93267822265625,9039402
2023-06-15,395.10693359375,7787525
2023-06-16,399.515625,12181426
2023-06-19,399.95648193359375,4350517
2023-06-20,399.2951965332031,4644353
2023-06-21,394.18109130859375,6292873
2023-06-22,394.7101745605469,6892713
2023-06-23,392.15313720703125,6325479
2023-06-26,392.9907531738281,5688287
2023-06-27,392.4617004394531,5052984
2023-06-28,396.2091369628906,12548096
2023-06-30,398.1930236816406,9456776
2023-07-03,408.46527099609375,11111199
2023-07-04,411.19866943359375,8022597
2023-07-05,418.91387939453125,16878943
2023-07-06,417.8558044433594,9835812
2023-07-07,413.0062255859375,7605499
2023-07-10,410.7578125,6772454
2023-07-11,417.1944885253906,8783282
2023-07-12,416.44500732421875,12816220
2023-07-13,416.18048095703125,8214385
2023-07-14,416.9739990234375,5277090
2023-07-17,416.48907470703125,6325310
2023-07-18,416.621337890625,5558415
2023-07-19,422.2204284667969,14401395
2023-07-20,433.947509765625,21030102
2023-07-21,432.44854736328125,14510084
2023-07-24,415.6073303222656,40477929
2023-07-25,407.62762451171875,45211370
2023-07-26,416.40087890625,18842179
2023-07-27,410.0523986816406,14528232
2023-07-28,413.05029296875,10362522
2023-07-31,410.6255187988281,8510403
2023-08-01,409.8319396972656,6686176
2023-08-02,405.6877746582031,10715605
2023-08-03,402.11676025390625,11026824
2023-08-04,401.1468505859375,7097614
2023-08-07,401.1027526855469,9513953
2023-08-08,398.8543395996094,6638681
2023-08-09,404.4092712402344,10134166
2023-08-10,398.32525634765625,13702317
2023-08-11,395.6800842285156,12028396
2023-08-14,396.07684326171875,7854074
2023-08-16,397.0026550292969,15494896
2023-08-17,388.8465881347656,16896158
2023-08-18,389.41973876953125,20068497
2023-08-21,394.8424377441406,9940689
2023-08-22,400.52960205078125,10234488
2023-08-23,397.1789855957031,8770272
2023-08-24,397.5758361816406,6322751
2023-08-25,390.9186706542969,9628041
2023-08-28,389.1992492675781,7176903
2023-08-29,388.0530090332031,9845106
2023-08-30,390.4337463378906,7648569
2023-08-31,387.7003479003906,20666732
2023-09-01,388.89068603515625,11879159
2023-09-04,385.7605285644531,14128562
2023-09-05,390.6982421875,8701612
2023-09-06,394.5337829589844,13358433
2023-09-07,393.1671142578125,8401953
2023-09-08,390.30145263671875,10322317
2023-09-11,394.3133544921875,9679540
2023-09-12,397.7962341308594,14961276
2023-09-13,399.8683166503906,12268130
2023-09-14,396.7381591796875,14986708
2023-09-15,395.327392578125,15657801
2023-09-18,398.58978271484375,8513132
2023-09-20,399.38336181640625,10343224
2023-09-21,394.577880859375,11132308
2023-09-22,390.6982421875,7795399
2023-09-25,390.2573547363281,6005673
2023-09-26,390.1250915527344,5533023
2023-09-27,396.03277587890625,10894817
2023-09-28,388.62615966796875,10610213
2023-09-29,391.844482421875,8474326
2023-10-03,387.7444152832031,7770032
2023-10-04,384.52606201171875,13912656
2023-10-05,384.4819641113281,10416552
2023-10-06,389.860595703125,8742804
2023-10-09,388.36163330078125,5827256
2023-10-10,391.844482421875,5207891
2023-10-11,395.2392272949219,7946195
2023-10-12,397.39947509765625,12227957
2023-10-13,395.327392578125,7926432
2023-10-16,395.8564147949219,4377288
2023-10-17,399.8242492675781,7203352
2023-10-18,398.2370910644531,7160492
2023-10-19,397.13494873046875,9830006
2023-10-20,386.4659118652344,13521824
2023-10-23,384.3497009277344,7555671
2023-10-25,381.52813720703125,11308597
2023-10-26,382.9830322265625,19525305
2023-10-27,382.4539489746094,13638258
2023-10-30,379.5442810058594,7911426
2023-10-31,377.7366943359375,8952141
2023-11-01,377.47216796875,8297973
2023-11-02,380.1614990234375,8465990
2023-11-03,382.0130920410156,14334179
2023-11-06,383.86474609375,7589690
2023-11-07,381.52813720703125,5321353
2023-11-08,385.2755432128906,7248663
2023-11-09,383.0271301269531,8085620
2023-11-10,384.9228515625,4236307
2023-11-13,384.4378967285156,3888975
2023-11-15,389.6842346191406,7722827
2023-11-16,386.7745361328125,11276031
2023-11-17,387.3035583496094,6911592
2023-11-20,385.1432800292969,4502356
2023-11-21,384.65838623046875,6228803
2023-11-22,387.7003479003906,5074887
2023-11-23,388.2734069824219,6611803
2023-11-24,386.0250244140625,7084608
2023-11-28,383.7765808105469,9082513
2023-11-29,385.4960021972656,14316126
2023-11-30,384.26153564453125,15710110
2023-12-01,396.60589599609375,20081576
2023-12-04,400.353271484375,13293194
2023-12-05,398.32525634765625,12603697
2023-12-06,408.46527099609375,21203900
2023-12-07,403.9242858886719,11746535
2023-12-08,396.03277587890625,19386851
2023-12-11,398.9424743652344,6854157
2023-12-12,399.515625,10549319
2023-12-13,401.7640380859375,11718443
2023-12-14,405.6877746582031,14924265
2023-12-15,404.0124816894531,16397959
2023-12-18,398.2370910644531,12490839
2023-12-19,402.16082763671875,10664235
2023-12-20,397.6639709472656,10766954
2023-12-21,398.060791015625,11584223
2023-12-22,401.3673095703125,11450973
2023-12-26,402.4694519042969,6097422
2023-12-27,403.0425720214844,7833901
2023-12-28,409.21478271484375,21493169
2023-12-29,407.45123291015625,13384631
2024-01-01,412.6976013183594,9706230
2024-01-02,414.7256164550781,10924918
2024-01-03,420.80963134765625,24961710
2024-01-04,420.06011962890625,12240910
2024-01-05,417.8998718261719,9564086
2024-01-08,410.4491882324219,8311403
2024-01-09,409.6115417480469,5916180
2024-01-10,408.50933837890625,6123200
2024-01-11,407.93621826171875,6786448
2024-01-12,411.50726318359375,9714589
2024-01-15,412.30084228515625,7167978
2024-01-16,416.44500732421875,12531058
2024-01-17,411.4190979003906,11536527
2024-01-18,410.4491882324219,9495938
2024-01-19,415.7395935058594,12673308
2024-01-23,404.9823913574219,8728196
2024-01-24,408.77386474609375,22459072
2024-01-25,401.7640380859375,20435547
2024-01-29,396.60589599609375,18557346
2024-01-30,386.2454528808594,45190319
2024-01-31,389.33154296875,20648695
2024-02-01,390.5218811035156,19903526
2024-02-02,388.0530090332031,17816750
2024-02-05,386.2454528808594,12505666
2024-02-06,380.38189697265625,19487043
2024-02-07,380.7345886230469,13376903
2024-02-08,371.1029052734375,50039587
2024-02-09,371.9533996582031,33527317
2024-02-12,364.2099304199219,11326971
2024-02-13,364.12042236328125,16207766
2024-02-14,368.4173583984375,12618012
2024-02-15,361.5691223144531,21169031
2024-02-16,362.1957702636719,38963810
2024-02-19,366.3584289550781,17602580
2024-02-20,363.5385437011719,14626643
2024-02-21,361.0767822265625,20162369
2024-02-22,371.013427734375,19321180
2024-02-23,368.2831115722656,11576964
2024-02-26,366.31365966796875,8289561
2024-02-27,368.05926513671875,8083518
2024-02-28,365.5079650878906,8949664
2024-02-29,363.71759033203125,15468800
2024-03-01,366.5821838378906,12873024
2024-03-04,366.22412109375,7103794
2024-03-05,363.58331298828125,10108373
2024-03-06,365.1051330566406,11534613
2024-03-07,370.2077331542969,23907135
2024-03-11,366.4927062988281,18298683
2024-03-12,362.06146240234375,36226074
2024-03-13,378.17498779296875,105525827
2024-03-14,375.6684265136719,31949569
2024-03-15,375.1760559082031,76074975
2024-03-18,373.6990051269531,16547358
2024-03-19,366.6269836425781,21803126
2024-03-20,372.13238525390625,20364534
2024-03-21,377.10076904296875,19968509
2024-03-22,383.6804504394531,40358503
2024-03-26,382.8299865722656,10669833
2024-03-27,383.143310546875,12698464
2024-03-28,383.4566345214844,29009002
2024-04-01,381.97955322265625,9743648
2024-04-02,381.2186279296875,9194659
2024-04-03,380.63671875,13152268
2024-04-04,378.44354248046875,19065447
2024-04-05,382.740478515625,16768902
2024-04-08,384.1280212402344,8844633
2024-04-09,381.6662292480469,6967273
2024-04-10,391.1553039550781,14547618
2024-04-12,385.0232238769531,18785009
2024-04-15,381.26336669921875,9083087
2024-04-16,381.26336669921875,10357752
2024-04-18,374.9522705078125,22133191
2024-04-19,380.2339172363281,17221280
2024-04-22,380.7262878417969,7386048
2024-04-23,384.217529296875,12484384
2024-04-24,383.948974609375,6070285
2024-04-25,391.6924133300781,30337038
2024-04-26,393.8856506347656,15342965
2024-04-29,392.2742919921875,12075706
2024-04-30,389.9915771484375,12528665
2024-05-02,392.99041748046875,24123523
2024-05-03,390.7076721191406,23786388
2024-05-06,389.18585205078125,10753860
2024-05-07,394.19891357421875,26969062
2024-05-08,394.7808532714844,10916481
2024-05-09,380.5472412109375,24314298
2024-05-10,387.9325866699219,14524604
2024-05-13,386.5898132324219,7584217
2024-05-14,384.6651306152344,11423749
2024-05-15,382.96429443359375,7856433
2024-05-16,386.2317199707031,23911954
2024-05-17,390.57342529296875,11894830
2024-05-21,389.2305908203125,11175153
2024-05-22,393.796142578125,11036895
2024-05-23,395.0941467285156,27244733
2024-05-24,390.48388671875,13252938
2024-05-27,386.2764892578125,12282545
2024-05-28,384.0384826660156,9668761
2024-05-29,385.78411865234375,10832067
2024-05-30,379.4282531738281,21314885
2024-05-31,381.7557373046875,29300711
2024-06-03,385.2469787597656,16116836
2024-06-04,378.5358581542969,47791986
2024-06-05,392.302490234375,28197030
2024-06-06,396.9521179199219,32318523
2024-06-07,400.3710021972656,29543660
2024-06-10,398.3196716308594,11872688
2024-06-11,394.7640686035156,13158571
2024-06-12,394.1258544921875,10751658
2024-06-13,392.302490234375,9641349
2024-06-14,393.07745361328125,9572809
2024-06-18,390.8893737792969,14641141
2024-06-19,386.2397155761719,11329972
2024-06-20,385.9206237792969,15147549
2024-06-21,382.54736328125,26176371
2024-06-24,385.9206237792969,9723008
2024-06-25,385.9206237792969,10655609
2024-06-26,386.5132141113281,11511714
2024-06-27,388.0175476074219,38438054
2024-06-28,387.37933349609375,18554411
2024-07-01,391.16290283203125,13391362
2024-07-02,387.9263610839844,11177863
2024-07-03,390.4790954589844,7435499
2024-07-04,391.16290283203125,9478861
2024-07-05,395.356689453125,13427543
2024-07-08,404.42803955078125,21311436
2024-07-09,412.6332702636719,27489709
2024-07-10,411.5848693847656,12065662
2024-07-11,418.1490478515625,19556596
2024-07-12,418.5137634277344,19693114
2024-07-15,422.4796447753906,16876907
2024-07-16,424.43975830078125,13497253
2024-07-18,428.7247009277344,21907158
2024-07-19,432.64501953125,25939326
2024-07-22,425.3514404296875,18762384
2024-07-23,448.7364196777344,56125835
2024-07-24,450.4230651855469,43693692
2024-07-25,446.68511962890625,18567567
2024-07-26,457.8533935546875,21534703
2024-07-29,452.2464294433594,12978187
2024-07-30,446.6395568847656,13891052
2024-07-31,451.6083068847656,11982586
2024-08-01,450.10400390625,12114803
2024-08-02,445.9101867675781,22141163
2024-08-05,443.08392333984375,25022076
2024-08-06,443.3574523925781,14251363
2024-08-07,449.14666748046875,11320399
2024-08-08,451.0612487792969,21349889
2024-08-09,452.1097106933594,9556181
2024-08-12,450.9244689941406,9425644
2024-08-13,446.7306823730469,8056478
2024-08-14,448.7364196777344,9609981
2024-08-16,458.26361083984375,13643352
2024-08-19,457.1696472167969,10591508
2024-08-20,454.7536315917969,6888634
2024-08-21,460.77081298828125,8801221
2024-08-22,459.99591064453125,8686423
2024-08-23,461.135498046875,8195369
2024-08-26,461.0443115234375,8126402
2024-08-27,456.3946838378906,8260450
2024-08-28,453.3861083984375,8081932
2024-08-29,460.497314453125,19389694
2024-08-30,457.57989501953125,15523349
2024-09-02,465.01019287109375,16497266
2024-09-03,464.4176025390625,12481552
2024-09-04,461.6369323730469,8739052
2024-09-05,466.05865478515625,11318636
2024-09-06,457.39752197265625,14245025
2024-09-09,466.5600891113281,14265060
2024-09-10,468.2467346191406,11332248
2024-09-11,468.93048095703125,15497555
2024-09-12,473.6257019042969,19085324
2024-09-13,468.4746398925781,9165077
2024-09-16,465.9674987792969,7821668
2024-09-17,462.9132995605469,10889862
2024-09-18,462.5486145019531,5638729
2024-09-19,463.369140625,14461616
2024-09-20,468.97607421875,24725118
2024-09-23,471.3008728027344,8105508
2024-09-24,469.75103759765625,7015487
2024-09-25,471.847900390625,8802667
2024-09-26,476.5887451171875,16086557
2024-09-27,476.54315185546875,17916386
2024-09-30,472.39495849609375,10936940
2024-10-01,470.6171569824219,5285319
2024-10-03,467.4717712402344,16481353
2024-10-04,459.0841979980469,18930962
2024-10-07,465.14697265625,17114457
2024-10-08,463.09564208984375,9868331
2024-10-09,448.28057861328125,24874940
2024-10-10,448.5997009277344,13292273
2024-10-11,445.0896301269531,14949380
2024-10-14,453.0669860839844,6970606
2024-10-15,454.5257263183594,8347216
2024-10-16,449.64813232421875,6939430
2024-10-17,445.72784423828125,7669729
2024-10-18,443.72210693359375,22616838
2024-10-21,440.9414367675781,7680088
2024-10-22,439.2547912597656,12772970
2024-10-23,437.9328308105469,10553961
2024-10-24,430.04669189453125,13596626
2024-10-25,439.7106628417969,32154050
2024-10-28,441.39727783203125,8946214
2024-10-29,444.8617248535156,7131161
2024-10-30,448.1438293457031,6640080
2024-10-31,445.6366882324219,8111694
2024-11-01,447.0042419433594,1517892
2024-11-04,441.8075256347656,8754385
2024-11-05,437.7961120605469,7610046
2024-11-06,438.6166076660156,11749720
2024-11-07,435.69915771484375,9267980
2024-11-08,435.8359375,6325023
2024-11-11,434.83306884765625,5700343
2024-11-12,431.0951232910156,5236095
2024-11-13,430.5025329589844,11548660
2024-11-14,424.804443359375,12087836
2024-11-18,425.3514404296875,8448573
2024-11-19,426.0807800292969,7121472
2024-11-21,416.7815246582031,20313155
2024-11-22,432.7362060546875,20214206
2024-11-25,434.6963195800781,14427013
2024-11-26,434.8786926269531,6791715
2024-11-27,434.83306884765625,7339184
2024-11-28,432.9640808105469,14967609
2024-11-29,434.6507568359375,8668142
2024-12-02,435.0610046386719,5689595
2024-12-03,430.8216552734375,23073942
2024-12-04,425.8529052734375,13957078
2024-12-05,426.21759033203125,27432375
2024-12-06,429.5452575683594,7842234
2024-12-09,423.8927307128906,12154116
2024-12-10,424.3486022949219,9163636
2024-12-11,424.1662292480469,7005617
2024-12-12,419.9268798828125,13380617
2024-12-13,428.4967956542969,32976794
2024-12-16,428.5879821777344,9354160
2024-12-17,428.0865173339844,20608409
2024-12-18,428.9526672363281,12841386
2024-12-19,425.3514404296875,15161531
2024-12-20,423.6192321777344,20231570
2024-12-23,432.3714904785156,19562956
2024-12-24,436.20062255859375,12009880
2024-12-26,434.83306884765625,9188830
2024-12-27,436.3373718261719,16906420
2024-12-30,434.8786926269531,13578360
2024-12-31,440.9414367675781,13787501
2025-01-01,441.2149353027344,18931186
2025-01-02,445.8645935058594,27131131
2025-01-03,439.0724792480469,38500784
2025-01-06,419.1042785644531,22009958
2025-01-07,417.6367492675781,14294780
2025-01-08,425.6372985839844,13482926
2025-01-09,426.1580505371094,19732649
2025-01-10,421.234619140625,9145729
2025-01-13,415.69580078125,17799607
2025-01-14,413.3761291503906,18048459
2025-01-15,414.0862731933594,9786805
2025-01-16,409.82562255859375,15774070
2025-01-17,416.7846374511719,11270061
2025-01-20,414.4176025390625,8742771
2025-01-21,414.2756042480469,15686500
2025-01-22,413.7548522949219,9619648
2025-01-23,416.7846374511719,8888248
2025-01-24,418.11016845703125,9665384
2025-01-27,416.6899719238281,10480203
2025-01-28,412.2873229980469,20813072
2025-01-29,410.2989807128906,15158510
2025-01-30,412.9974060058594,22496695
2025-01-31,423.6963195800781,13546181
2025-02-01,437.94573974609375,30393007
2025-02-03,430.1819763183594,16991730
2025-02-04,430.93939208984375,18923681
2025-02-05,424.311767578125,12836283
2025-02-06,417.6367492675781,17469129
2025-02-07,407.9319763183594,18875982
2025-02-10,404.47613525390625,12227140
2025-02-11,396.049560546875,14288751
2025-02-12,394.22222900390625,13884574
2025-02-13,394.0299072265625,12989029
2025-02-14,394.558837890625,14124236
2025-02-17,392.97198486328125,11975265
2025-02-18,389.7500915527344,12998403
2025-02-19,390.8561096191406,7079032
2025-02-20,386.6724853515625,15355585
2025-02-21,385.5664367675781,8240986
2025-02-24,386.5282287597656,7037625
2025-02-25,389.3653869628906,15760891
2025-02-27,386.23968505859375,19051003
2025-02-28,379.8921203613281,31954776
2025-03-03,382.2484436035156,10702826
2025-03-04,379.74786376953125,13404774
2025-03-05,389.5577087402344,15665018
2025-03-06,390.1828918457031,17869996
2025-03-07,388.45172119140625,11180761
2025-03-10,389.5096435546875,9785018
2025-03-11,390.66375732421875,11099475
2025-03-12,396.6266174316406,13844306
2025-03-13,396.28997802734375,8196569
2025-03-17,392.3468322753906,5257805
2025-03-18,393.45281982421875,13861897
2025-03-19,387.63421630859375,12830387
2025-03-20,388.49981689453125,16994037
2025-03-21,390.0386047363281,25302035
2025-03-24,395.1839904785156,14362572
2025-03-25,394.12603759765625,20338110
2025-03-26,391.769775390625,13891436
2025-03-27,393.7894592285156,18642328
2025-03-28,394.0779724121094,12981873
2025-04-01,391.0965576171875,15206240
2025-04-02,393.40472412109375,8001323
2025-04-03,393.7413330078125,7059566
2025-04-04,394.0299072265625,18627592
2025-04-07,390.51947021484375,26762866
2025-04-08,396.7708740234375,18600796
2025-04-09,400.37744140625,21785572
2025-04-11,405.4266052246094,8939356
2025-04-15,404.32061767578125,11685880
2025-04-16,408.2157287597656,13034594
2025-04-17,410.90863037109375,22410217
2025-04-21,406.67694091796875,27388236
2025-04-22,417.0157775878906,32031936
2025-04-23,414.3709411621094,19566317
2025-04-24,413.60150146484375,26064089
2025-04-25,411.4375915527344,22944377
2025-04-28,412.3993225097656,6287095
2025-04-29,409.7064208984375,11189930
2025-04-30,409.5140686035156,10026546
2025-05-02,413.07257080078125,9263372
2025-05-05,420.2376403808594,11525305
2025-05-06,418.89117431640625,15026568
2025-05-07,414.6594543457031,9710361
2025-05-08,414.1304931640625,19937960
2025-05-09,407.35015869140625,8226512
2025-05-12,418.8431091308594,8031891
2025-05-13,411.53375244140625,14976369
2025-05-14,412.6878967285156,9557309
2025-05-15,416.1020812988281,24263510
2025-05-16,419.03546142578125,16402035
2025-05-19,418.6988220214844,7543854
2025-05-20,418.2660217285156,9868414
2025-05-21,416.438720703125,5776672
2025-05-22,409.8026123046875,19451749
2025-05-23,419.61248779296875,18536884
2025-05-26,425.9600524902344,13107662
2025-05-27,417.3042907714844,26986022
2025-05-28,411.57440185546875,431851622
2025-05-29,410.1541442871094,21478547
2025-05-30,409.468505859375,30656239
2025-06-02,410.6928405761719,14973380
2025-06-03,408.39111328125,13216486
2025-06-04,408.4400634765625,12598933
2025-06-05,410.4969482421875,13212523
2025-06-06,412.40692138671875,8774988
2025-06-09,414.3658752441406,10473123
2025-06-10,418.23480224609375,13041075
2025-06-11,417.4022216796875,20789182
2025-06-12,412.3579406738281,18508835
2025-06-13,405.4036865234375,17873926
2025-06-16,409.6154479980469,7006629
2025-06-17,408.83184814453125,9028406
2025-06-18,407.3626403808594,8036215
2025-06-19,407.4606018066406,12601006
2025-06-20,409.9582214355469,13203184
2025-06-23,405.4036865234375,14839890
2025-06-24,405.844482421875,16690068
2025-06-25,407.80340576171875,9946718
2025-06-26,411.67230224609375,13703918
2025-06-27,410.0561828613281,21409935
2025-06-30,407.9013671875,12317124
2025-07-01,406.5790710449219,13670465
2025-07-02,404.47320556640625,15990899
2025-07-03,404.864990234375,14185298
2025-07-04,404.0813903808594,8256733
2025-07-07,407.6075134277344,6845218
2025-07-08,408.635986328125,6807192
2025-07-09,410.83978271484375,9930533
2025-07-10,408.29315185546875,6220360
2025-07-11,408.2441711425781,8578844
2025-07-14,410.7908020019531,6896989
2025-07-15,413.4353942871094,8532755
2025-07-16,415.8840637207031,9780773
2025-07-17,415.2474060058594,7240795
2025-07-18,414.072021484375,6730256
2025-07-21,411.4764404296875,4822343
2025-07-22,407.4606018066406,9869507
2025-07-23,406.4321594238281,12196187
2025-07-24,401.5347900390625,9005157
2025-07-25,400.9960632324219,5824089
2025-07-28,401.4858093261719,8123337
2025-07-29,400.0655822753906,6811772
2025-07-30,399.2330322265625,10915863
2025-07-31,403.4937438964844,19364174
2025-08-01,407.9013671875,14324065
2025-08-04,408.29315185546875,18352458
2025-08-05,405.6485595703125,8495104
2025-08-06,403.5426940917969,9080543
2025-08-07,405.10986328125,11514878
2025-08-08,405.99139404296875,9814361
2025-08-11,408.29315185546875,8514272
2025-08-12,407.80340576171875,13635738
2025-08-13,405.599609375,10874910
2025-08-14,403.0039978027344,9580361
2025-08-18,397.9596862792969,30950814
2025-08-19,400.7022399902344,16681331
2025-08-20,397.7148132324219,18188129
2025-08-21,397.22509765625,15028966
2025-08-22,390.1239013671875,13087624
2025-08-25,391.1523742675781,10440286
2025-08-26,395.0702819824219,13715752
2025-08-28,392.6705627441406,12471719
2025-08-29,401.3388977050781,25255050
2025-09-01,397.5189514160156,12268090
2025-09-02,398.4004821777344,19808255
2025-09-03,403.2978210449219,12936588
2025-09-04,407.3626403808594,27274123
2025-09-05,398.9881591796875,16000675
2025-09-08,399.1840515136719,7419022
2025-09-09,401.6327209472656,8825896
2025-09-10,404.5711364746094,9252397
2025-09-11,406.53009033203125,8274406
2025-09-12,405.25677490234375,7803379
2025-09-15,404.1793518066406,5707331
2025-09-16,404.6201171875,8239087
2025-09-17,400.8981018066406,14113882
2025-09-18,403.1019287109375,15647808
2025-09-19,402.22039794921875,19505321
2025-09-22,398.59637451171875,8930779
2025-09-23,394.9233703613281,14936357
2025-09-24,392.76849365234375,12380865
2025-09-25,391.8869934082031,22006368
2025-09-26,396.7843322753906,14414044
2025-09-29,398.89019775390625,19717660
2025-09-30,393.30718994140625,9465490
2025-10-01,397.2740783691406,17643039
2025-10-03,396.0007629394531,16987141
2025-10-06,392.52362060546875,13989077
2025-10-07,391.5931396484375,12298968
2025-10-08,391.5441589355469,8402463
2025-10-09,391.6910705566406,15656267
2025-10-10,394.53155517578125,15085738
2025-10-13,391.0544128417969,9508594
2025-10-14,388.6546936035156,10291102
2025-10-15,391.6910705566406,16043867
2025-10-16,396.83331298828125,22962049
2025-10-17,403.6896057128906,21071344
2025-10-20,404.5711364746094,13083621
2025-10-21,404.3752746582031,1142130
2025-10-23,407.41162109375,24305990
2025-10-24,408.2441711425781,14935678
2025-10-27,412.01513671875,11603679
2025-10-28,409.32159423828125,17163147
2025-10-29,412.9456481933594,11470661
2025-10-30,410.1541442871094,12938674
2025-10-31,411.7213134765625,18599864
2025-11-03,405.45269775390625,7635440
2025-11-04,400.5063171386719,10085404
2025-11-06,399.13507080078125,10095563
2025-11-07,395.7558898925781,8411611
2025-11-10,397.22509765625,6650003
2025-11-11,398.4984130859375,12005318
2025-11-12,398.64532470703125,7987236
2025-11-13,397.3720397949219,6617185
2025-11-14,399.771728515625,64020258
2025-11-17,398.7432861328125,7855399
2025-11-18,397.5189514160156,7661681
2025-11-19,395.2661437988281,7882450
2025-11-20,397.1271667480469,6693410
2025-11-21,399.4779052734375,5808131
2025-11-24,395.2661437988281,11037491
2025-11-25,392.5726013183594,8199785
2025-11-26,394.04180908203125,11443953
2025-11-27,396.0007629394531,8679529
2025-11-28,395.9517822265625,6883500
2025-12-01,395.9517822265625,13442658
2025-12-02,392.71954345703125,8093808
2025-12-03,392.2787780761719,10772192
2025-12-04,394.7763977050781,8057989
2025-12-05,396.6374206542969,4419747
2025-12-08,394.04180908203125,6056866
2025-12-09,392.8174743652344,9426717
2025-12-10,394.8743591308594,6969146
2025-12-11,394.6294860839844,6980147
2025-12-12,391.8869934082031,12407516
2025-12-15,394.04180908203125,7756564
2025-12-16,393.4541320800781,12347384
2025-12-17,391.5931396484375,8087490
2025-12-18,392.1808166503906,7227668
2025-12-19,392.8174743652344,10654835
2025-12-22,394.4336242675781,6847871
2025-12-23,398.9881591796875,10081997
2025-12-24,398.2535705566406,5777430
2025-12-26,395.8538513183594,3152453
2025-12-29,394.3356628417969,6647710
2025-12-30,392.376708984375,12340527
2025-12-31,394.7274475097656,9945109
2026-01-01,356.381103515625,282626710
2026-01-02,342.8643493652344,118790358
2026-01-05,342.5215759277344,48358124
2026-01-06,335.42041015625,72582738
2026-01-07,334.2450256347656,29440734
2026-01-08,333.9021911621094,36706319
2026-01-09,330.22918701171875,35193201
2026-01-12,331.4535217285156,16156143
2026-01-13,327.8294982910156,24922339
2026-01-14,327.8784484863281,14913422
2026-01-15,327.8784484863281,0
2026-01-16,322.4423828125,30526898
2026-01-19,326.3602600097656,15507440
2026-01-20,319.6018981933594,18771011
2026-01-21,318.0837097167969,14177965
2026-01-22,318.1816711425781,18622852
2026-01-23,316.76141357421875,11950089
2026-01-27,312.1089172363281,47847784
2026-01-28,314.5576171875,28400238
2026-01-29,312.0599670410156,17719420
2026-01-30,315.5370788574219,41975824
2026-02-02,308.2400207519531,35227572
2026-02-03,310.1499938964844,33168353
2026-02-04,313.8500061035156,11196759
2026-02-05,310.20001220703125,15816704
2026-02-06,325.79998779296875,68057745
2026-02-09,322.79998779296875,20059198
2026-02-10,321.3999938964844,11489090
2026-02-11,318.25,24843366
2026-02-12,317.45001220703125,13294561
2026-02-13,313.75,8730618
2026-02-16,317.95001220703125,11693763
2026-02-17,325.45001220703125,39360672
2026-02-18,332.45001220703125,35473203
2026-02-19,326.0,19911747
2026-02-20,327.0,11282027
2026-02-23,325.3999938964844,13486092
