date,adj_close,volume
2015-01-01,94.50640869140625,2674400
2015-01-02,94.7945556640625,3664240
2015-01-05,94.5684814453125,3392870
2015-01-06,91.11946868896484,5549800
2015-01-07,89.71414947509766,5286870
2015-01-08,90.62295532226562,4780810
2015-01-09,89.81167602539062,5046040
2015-01-12,88.7255630493164,2409440
2015-01-13,88.08273315429688,5067780
2015-01-14,85.8484115600586,5881870
2015-01-15,86.08781433105469,6814340
2015-01-16,86.93010711669922,4952730
2015-01-19,86.59318542480469,3389350
2015-01-20,89.11566925048828,6121230
2015-01-21,88.6590576171875,5028900
2015-01-22,88.06499481201172,3852690
2015-01-23,90.02003479003906,5485050
2015-01-27,90.12643432617188,4699280
2015-01-28,88.22460174560547,4527080
2015-01-29,88.41080474853516,7116890
2015-01-30,86.66411590576172,8125080
2015-02-02,88.39747619628906,4969410
2015-02-03,87.37787628173828,5147100
2015-02-04,88.22017669677734,4891080
2015-02-05,86.57989501953125,5187440
2015-02-06,85.19231414794922,4718950
2015-02-09,82.99788665771484,7214190
2015-02-10,83.21954345703125,4334980
2015-02-11,86.69959259033203,4968810
2015-02-12,86.1676025390625,4874410
2015-02-13,87.42219543457031,6535110
2015-02-16,87.88325500488281,4547420
2015-02-18,86.28730010986328,4624720
2015-02-19,91.99723052978516,10900420
2015-02-20,90.8135757446289,6068460
2015-02-23,88.41080474853516,6027130
2015-02-24,90.4145736694336,6011050
2015-02-25,88.67678833007812,3899270
2015-02-26,87.97635650634766,6711410
2015-02-27,89.51908111572266,7951640
2015-03-02,89.27082061767578,5523170
2015-03-03,88.80978393554688,7891180
2015-03-04,87.94974517822266,9128560
2015-03-05,87.9187240600586,6330360
2015-03-09,85.0903549194336,4438780
2015-03-10,83.74708557128906,4668640
2015-03-11,82.5146713256836,4492530
2015-03-12,84.42092895507812,4538010
2015-03-13,83.6008071899414,4327990
2015-03-16,81.47286987304688,4202320
2015-03-17,83.12202453613281,7781370
2015-03-18,83.29048156738281,5779120
2015-03-19,84.21257019042969,8020320
2015-03-20,81.65464782714844,7733800
2015-03-23,81.41080474853516,6487970
2015-03-24,80.02322387695312,6518910
2015-03-25,80.67046356201172,6553330
2015-03-26,78.45388793945312,9654280
2015-03-27,80.85223388671875,5649210
2015-03-30,80.86109924316406,5256430
2015-03-31,80.37788391113281,6867990
2015-04-01,80.6527328491211,6922890
2015-04-06,79.86807250976562,4374650
2015-04-07,83.13087463378906,7755090
2015-04-08,82.63436889648438,5392850
2015-04-09,84.46971130371094,12583240
2015-04-10,84.39876556396484,7937210
2015-04-13,83.547607421875,6359160
2015-04-15,82.34619903564453,2821510
2015-04-16,83.48553466796875,5075540
2015-04-17,84.78446197509766,8209560
2015-04-20,85.35633087158203,9552170
2015-04-21,84.27021026611328,7361470
2015-04-22,85.1568374633789,6337680
2015-04-23,87.38228607177734,9871930
2015-04-24,84.81550598144531,6996390
2015-04-27,83.1397476196289,6627080
2015-04-28,83.80472564697266,5288140
2015-04-29,84.8642578125,7560010
2015-04-30,82.65210723876953,11020710
2015-05-04,83.16191101074219,5246220
2015-05-05,86.28730010986328,10561070
2015-05-06,82.5013656616211,10232380
2015-05-07,78.54255676269531,11635160
2015-05-08,78.93266296386719,5131440
2015-05-11,80.08085632324219,5153220
2015-05-12,78.04602813720703,4680170
2015-05-13,78.63563537597656,4058420
2015-05-14,80.34241485595703,7651120
2015-05-15,77.69581604003906,9518340
2015-05-18,80.84778594970703,11468510
2015-05-19,81.80093383789062,5676590
2015-05-20,81.73442840576172,7037340
2015-05-21,81.90290069580078,4802760
2015-05-22,81.76101684570312,3927750
2015-05-25,80.43550872802734,5750540
2015-05-26,81.32215118408203,7177390
2015-05-27,81.56597137451172,4805630
2015-05-28,81.22462463378906,11219240
2015-05-29,81.24234008789062,10605550
2015-06-01,80.61727905273438,4258610
2015-06-02,77.87313079833984,5754810
2015-06-03,77.9884033203125,8761200
2015-06-04,77.70025634765625,7729490
2015-06-05,77.71354675292969,8229870
2015-06-08,77.11949920654297,5166440
2015-06-09,77.75344848632812,4727310
2015-06-10,79.14545440673828,5654990
2015-06-11,77.41651916503906,4452290
2015-06-12,74.76105499267578,4580260
2015-06-15,74.6856918334961,4378810
2015-06-16,74.47289276123047,4280320
2015-06-17,76.91999053955078,10907940
2015-06-18,78.39624786376953,7617470
2015-06-19,80.3025131225586,7238090
2015-06-22,80.24931335449219,3951510
2015-06-23,80.51087951660156,3884370
2015-06-24,79.18978118896484,5687440
2015-06-25,80.46654510498047,8601380
2015-06-26,79.12773132324219,3960230
2015-06-29,77.26580047607422,5583010
2015-06-30,77.33672332763672,7938510
2015-07-01,79.04349517822266,3296610
2015-07-02,78.56913757324219,3106730
2015-07-03,77.04414367675781,3720950
2015-07-06,79.13646697998047,4158290
2015-07-07,78.70993041992188,5258970
2015-07-08,76.22245788574219,5448450
2015-07-09,75.34241485595703,4946930
2015-07-10,74.52523040771484,8017040
2015-07-13,74.96526336669922,6870270
2015-07-14,74.62850952148438,8426850
2015-07-15,74.0492935180664,8968070
2015-07-16,77.9825439453125,8516860
2015-07-17,77.07557678222656,6176700
2015-07-20,76.51880645751953,3209170
2015-07-21,75.07750701904297,3706860
2015-07-22,77.14291381835938,3978610
2015-07-23,77.18331146240234,3992610
2015-07-24,75.92162322998047,3543340
2015-07-27,73.09291076660156,3971970
2015-07-28,72.71576690673828,5514530
2015-07-29,73.01211547851562,6404220
2015-07-30,76.34368896484375,17834280
2015-07-31,74.66442108154297,5538730
2015-08-03,74.89791107177734,4551710
2015-08-04,79.00178527832031,10741830
2015-08-05,79.58547973632812,7235960
2015-08-06,81.02677154541016,7855920
2015-08-07,82.83625030517578,6474440
2015-08-10,82.26602935791016,5391170
2015-08-11,80.48795318603516,7367360
2015-08-12,80.48795318603516,0
2015-08-13,76.98577117919922,11228220
2015-08-14,80.8741226196289,9206130
2015-08-17,86.81889343261719,14490780
2015-08-18,88.641845703125,20205650
2015-08-19,87.53730010986328,8608640
2015-08-20,86.34742736816406,16718320
2015-08-21,85.05430603027344,11999950
2015-08-24,77.83885955810547,9891320
2015-08-25,79.76058197021484,7624140
2015-08-26,80.04347229003906,7803800
2015-08-27,83.70281219482422,12623000
2015-08-28,83.14604949951172,5894790
2015-08-31,82.6207275390625,4991240
2015-09-01,81.00433349609375,5320170
2015-09-02,80.01651763916016,7482190
2015-09-03,83.51424407958984,8770500
2015-09-04,81.13003540039062,5668230
2015-09-07,79.99407958984375,6717090
2015-09-08,84.65021514892578,9845560
2015-09-09,88.14344787597656,11875490
2015-09-10,87.61361694335938,8878750
2015-09-11,86.53153991699219,6720540
2015-09-14,89.19409942626953,8455250
2015-09-15,85.14860534667969,9069490
2015-09-16,85.35066223144531,6624530
2015-09-18,84.79837036132812,14930770
2015-09-21,83.16851043701172,8287470
2015-09-22,81.87538146972656,7904700
2015-09-23,78.516845703125,10533450
2015-09-24,79.05117797851562,9277560
2015-09-28,77.67273712158203,5006510
2015-09-29,75.44569396972656,6367450
2015-09-30,79.85488891601562,9580920
2015-10-01,78.70094299316406,5778190
2015-10-05,81.55659484863281,8785890
2015-10-06,80.85167694091797,7584600
2015-10-07,82.17171478271484,9421310
2015-10-08,82.03254699707031,7572770
2015-10-09,81.65986633300781,7588200
2015-10-12,81.05372619628906,10185530
2015-10-13,82.39622497558594,9713860
2015-10-14,81.30067443847656,10874710
2015-10-15,81.96070098876953,8789130
2015-10-16,80.54634857177734,6739690
2015-10-19,79.98062133789062,8540960
2015-10-20,80.24102020263672,11650600
2015-10-21,81.37251281738281,11028970
2015-10-23,82.21662902832031,11081350
2015-10-26,81.61048126220703,6851330
2015-10-27,81.82599639892578,6490770
2015-10-28,81.87091064453125,5870970
2015-10-29,82.75093841552734,13032360
2015-10-30,81.74966430664062,8594130
2015-11-02,80.45654296875,5215560
2015-11-03,80.24551391601562,4467130
2015-11-04,80.11529541015625,3418680
2015-11-05,78.28337860107422,6709440
2015-11-06,78.4405288696289,4956020
2015-11-09,79.57649993896484,4956590
2015-11-10,78.36418151855469,3870870
2015-11-13,81.76762390136719,5458020
2015-11-16,81.39494323730469,6734140
2015-11-17,80.3308334350586,5019240
2015-11-18,79.53160095214844,5359600
2015-11-19,81.27372741699219,4458160
2015-11-20,80.38021850585938,6360600
2015-11-23,79.91325378417969,3245890
2015-11-24,79.62141418457031,5396450
2015-11-26,80.17367553710938,7810390
2015-11-27,78.31031799316406,8163250
2015-11-30,81.31414031982422,12445090
2015-12-01,84.7490005493164,16148990
2015-12-02,88.11651611328125,19082900
2015-12-03,87.71688842773438,12941730
2015-12-04,87.16910552978516,10064690
2015-12-07,87.38463592529297,11031530
2015-12-08,86.27558135986328,5796190
2015-12-09,84.57838439941406,6127490
2015-12-10,86.26213073730469,8144990
2015-12-11,86.91767120361328,9911290
2015-12-14,91.64116668701172,19498000
2015-12-15,90.99011993408203,7208880
2015-12-16,90.59947967529297,7149120
2015-12-17,94.09271240234375,14684980
2015-12-18,92.2248764038086,8950620
2015-12-21,93.96249389648438,6490730
2015-12-22,93.1947021484375,6015270
2015-12-23,94.42496490478516,5577540
2015-12-24,95.66421508789062,4649690
2015-12-28,92.41795349121094,6017430
2015-12-29,92.99714660644531,6974600
2015-12-30,92.2697525024414,6161680
2015-12-31,92.69182586669922,6390350
2016-01-01,92.2248764038086,4507190
2016-01-04,93.81432342529297,12127750
2016-01-05,97.26265716552734,14205180
2016-01-06,95.02664184570312,8015450
2016-01-07,92.16649627685547,5304630
2016-01-08,93.49554443359375,7315670
2016-01-11,91.56483459472656,5261390
2016-01-12,91.0754165649414,5909770
2016-01-13,90.13252258300781,10572110
2016-01-14,90.11006927490234,7062470
2016-01-15,87.3262710571289,5723680
2016-01-18,88.98757934570312,9450200
2016-01-19,89.67005920410156,6397290
2016-01-20,91.9419937133789,7868100
2016-01-21,92.07669830322266,9454590
2016-01-22,95.90669250488281,8586730
2016-01-25,99.43133544921875,14860730
2016-01-27,100.68852996826172,15625610
2016-01-28,98.07984161376953,16934750
2016-01-29,94.92337036132812,11992530
2016-02-01,94.33967590332031,13325940
2016-02-02,90.09659576416016,9835350
2016-02-03,87.41156768798828,17343230
2016-02-04,90.76111602783203,9921340
2016-02-05,93.12736511230469,10015060
2016-02-08,93.88618469238281,12200040
2016-02-09,89.80026245117188,9116240
2016-02-10,91.82525634765625,12409200
2016-02-11,89.94393920898438,14652880
2016-02-12,90.78357696533203,14369450
2016-02-15,93.51799011230469,9467880
2016-02-16,92.8265380859375,7094920
2016-02-17,94.06578063964844,7799880
2016-02-18,94.90092468261719,7849790
2016-02-19,97.29857635498047,8393070
2016-02-22,99.02275085449219,7329730
2016-02-23,100.93547821044922,18691170
2016-02-24,99.63338470458984,8374110
2016-02-25,101.08367156982422,28055840
2016-02-26,98.69947814941406,5918270
2016-02-29,101.15550231933594,9054670
2016-03-01,102.6821060180664,10282700
2016-03-02,101.76612854003906,9316810
2016-03-03,104.15034484863281,10701750
2016-03-04,106.45372009277344,12243550
2016-03-08,106.52555084228516,8142290
2016-03-09,105.96880340576172,6366140
2016-03-10,106.4941177368164,7841700
2016-03-11,106.28311157226562,6014430
2016-03-14,106.04512786865234,6132630
2016-03-15,107.31131744384766,8475230
2016-03-16,107.76929473876953,6420860
2016-03-17,107.97582244873047,8833900
2016-03-18,108.91874694824219,6627150
2016-03-21,109.192626953125,5651120
2016-03-22,110.46778869628906,6090970
2016-03-23,112.13359069824219,8305560
2016-03-28,110.17594146728516,4161660
2016-03-29,110.71025085449219,4893740
2016-03-30,114.19898986816406,6858460
2016-03-31,115.23619079589844,12316520
2016-04-01,113.38629913330078,6773820
2016-04-04,113.12586975097656,5599150
2016-04-05,113.09894561767578,6438010
2016-04-06,116.08480072021484,11183280
2016-04-07,114.7018814086914,5239940
2016-04-08,114.35165405273438,4714000
2016-04-11,116.71788024902344,6883290
2016-04-12,116.53379821777344,7246450
2016-04-13,117.95712280273438,7360250
2016-04-18,119.81598663330078,5235820
2016-04-20,122.27204895019531,8518530
2016-04-21,121.19444274902344,8947070
2016-04-22,120.6286849975586,6094560
2016-04-25,120.79932403564453,4835570
2016-04-26,122.84227752685547,7730520
2016-04-27,122.36183166503906,4896120
2016-04-28,122.8871841430664,10075590
2016-04-29,123.3136978149414,7211960
2016-05-02,122.55938720703125,5170700
2016-05-03,121.84098815917969,5316260
2016-05-04,118.68901062011719,5443950
2016-05-05,118.5273666381836,6319030
2016-05-06,118.5453109741211,5152340
2016-05-09,119.08861541748047,4928320
2016-05-10,115.644775390625,6697670
2016-05-11,115.96356201171875,6035740
2016-05-12,115.18679809570312,4380890
2016-05-13,113.9295883178711,4275910
2016-05-16,116.34521484375,3966320
2016-05-17,115.84233856201172,4564720
2016-05-18,117.57547760009766,10606800
2016-05-19,118.55431365966797,10040170
2016-05-20,117.18933868408203,3264840
2016-05-23,118.40614318847656,6613580
2016-05-24,118.5498046875,5942150
2016-05-25,116.77177429199219,4941780
2016-05-26,118.44206237792969,7608940
2016-05-27,123.53372955322266,8752840
2016-05-30,123.20145416259766,5173060
2016-05-31,124.74603271484375,10605470
2016-06-01,123.45740509033203,6472140
2016-06-02,123.86151123046875,5151900
2016-06-03,123.0488052368164,4475050
2016-06-06,122.97695922851562,6043950
2016-06-07,123.66841125488281,6253490
2016-06-08,125.28032684326172,6143090
2016-06-09,127.19757843017578,8053350
2016-06-10,127.39959716796875,9526200
2016-06-13,125.74281311035156,5986620
2016-06-14,126.27264404296875,5847770
2016-06-15,125.73383331298828,4008120
2016-06-16,126.37141418457031,6516040
2016-06-17,125.27587890625,4379330
2016-06-20,125.92241668701172,6435910
2016-06-21,125.78321838378906,4076180
2016-06-22,124.93909454345703,3550710
2016-06-23,125.84159851074219,5073760
2016-06-24,124.21173095703125,6144190
2016-06-27,124.4631576538086,6207850
2016-06-28,128.10006713867188,6105900
2016-06-29,129.7254638671875,5371410
2016-06-30,131.49900817871094,6928580
2016-07-01,131.4047393798828,6323940
2016-07-04,133.01138305664062,3835820
2016-07-05,133.70193481445312,4060940
2016-07-07,132.07717895507812,6195050
2016-07-08,133.3137969970703,4296860
2016-07-11,136.18414306640625,4288130
2016-07-12,139.12222290039062,5804840
2016-07-13,140.53482055664062,6177570
2016-07-14,142.1776123046875,6235960
2016-07-15,147.67462158203125,12637690
2016-07-18,144.9667205810547,9572640
2016-07-19,146.96604919433594,6883550
2016-07-20,146.18077087402344,4359050
2016-07-21,145.52635192871094,4471900
2016-07-22,145.59405517578125,4085430
2016-07-25,146.98863220214844,4133130
2016-07-26,149.77774047851562,6885160
2016-07-27,156.99424743652344,26450020
2016-07-28,152.0343017578125,13103790
2016-07-29,151.20838928222656,5954060
2016-08-01,152.5126953125,8365210
2016-08-02,151.18130493164062,6636220
2016-08-03,152.18324279785156,7183340
2016-08-04,154.3405303955078,8495300
2016-08-05,156.84982299804688,7304910
2016-08-08,155.98329162597656,5382190
2016-08-09,154.35855102539062,5382460
2016-08-10,154.29087829589844,5905460
2016-08-11,154.40821838378906,4844530
2016-08-12,155.97877502441406,4220640
2016-08-16,157.779541015625,6328570
2016-08-17,160.07675170898438,6599060
2016-08-18,161.010986328125,3484940
2016-08-19,161.39907836914062,5147050
2016-08-22,159.5712432861328,3356030
2016-08-23,158.72276306152344,3061860
2016-08-24,158.83111572265625,2234420
2016-08-25,157.54486083984375,7090170
2016-08-26,158.50616455078125,3270200
2016-08-29,160.04966735839844,2468480
2016-08-30,160.77175903320312,2542450
2016-08-31,158.2398681640625,5023170
2016-09-01,160.0135498046875,3057050
2016-09-02,160.43325805664062,2213810
2016-09-06,168.11917114257812,6706010
2016-09-07,167.12625122070312,4570550
2016-09-08,166.87806701660156,3791930
2016-09-09,164.62144470214844,3470300
2016-09-12,157.51324462890625,5935480
2016-09-14,157.9916534423828,5218050
2016-09-15,158.29855346679688,5740980
2016-09-16,155.75311279296875,15092020
2016-09-19,159.7563018798828,6165300
2016-09-20,159.0296630859375,4580740
2016-09-21,158.25341796875,4664240
2016-09-22,159.10638427734375,3632680
2016-09-23,158.5287322998047,4703910
2016-09-26,158.59640502929688,3930440
2016-09-27,158.894287109375,4287110
2016-09-28,160.2843475341797,5817490
2016-09-29,151.4927215576172,18253280
2016-09-30,156.0961456298828,5157750
2016-10-03,159.5306396484375,4199180
2016-10-04,160.99288940429688,6951110
2016-10-05,161.36297607421875,6650110
2016-10-06,159.09286499023438,5759650
2016-10-07,159.9548797607422,4042570
2016-10-10,163.8046112060547,7789670
2016-10-13,159.97291564941406,10134850
2016-10-14,157.28309631347656,5923880
2016-10-17,155.22962951660156,5361000
2016-10-18,160.90261840820312,6121650
2016-10-19,157.86077880859375,5251270
2016-10-20,157.1341552734375,7279280
2016-10-21,156.6331787109375,5965690
2016-10-24,154.5029754638672,5789100
2016-10-25,154.29541015625,6953620
2016-10-26,150.58106994628906,8174300
2016-10-27,147.75584411621094,25975610
2016-10-28,149.73257446289062,7736120
2016-11-01,150.09815979003906,6206700
2016-11-02,147.48956298828125,5243220
2016-11-03,144.34390258789062,7368300
2016-11-04,143.6398162841797,6960320
2016-11-07,144.46575927734375,3886300
2016-11-08,149.5565948486328,5874360
2016-11-09,151.7183837890625,8629910
2016-11-10,158.53778076171875,7666490
2016-11-11,155.35147094726562,7296950
2016-11-15,152.89178466796875,6140900
2016-11-16,153.29348754882812,3579110
2016-11-17,149.34446716308594,4809840
2016-11-18,152.688720703125,5775610
2016-11-21,146.3883514404297,5107430
2016-11-22,147.95895385742188,3501810
2016-11-23,149.04660034179688,2825900
2016-11-24,145.75201416015625,16770590
2016-11-25,151.0865478515625,4443080
2016-11-28,155.47329711914062,4880370
2016-11-29,153.21673583984375,4467480
2016-11-30,156.06454467773438,7408290
2016-12-01,151.3122100830078,5346100
2016-12-02,149.53404235839844,5441330
2016-12-05,148.80287170410156,6162830
2016-12-06,148.39218139648438,3695870
2016-12-07,148.6043243408203,5034030
2016-12-08,149.5520782470703,4827860
2016-12-09,148.6133575439453,3760900
2016-12-12,146.4380340576172,4064340
2016-12-13,147.30001831054688,5306210
2016-12-14,147.14207458496094,4181710
2016-12-15,147.1872100830078,4059070
2016-12-16,146.07244873046875,4632360
2016-12-19,144.3258514404297,3883340
2016-12-20,143.66241455078125,4756710
2016-12-21,143.1750030517578,3908180
2016-12-22,141.40585327148438,4445390
2016-12-23,141.53671264648438,4666800
2016-12-26,138.345947265625,6133610
2016-12-27,142.63343811035156,4294580
2016-12-28,143.08023071289062,6245670
2016-12-29,144.39810180664062,5243210
2016-12-30,146.9028778076172,6205340
2017-01-02,147.5166473388672,4621360
2017-01-03,148.4418487548828,4530490
2017-01-04,147.1736602783203,2378943
2017-01-05,158.54676818847656,6510132
2017-01-06,158.14059448242188,5500626
2017-01-09,158.90782165527344,2997673
2017-01-10,161.07411193847656,3701710
2017-01-11,168.88186645507812,19588062
2017-01-12,170.14553833007812,6001012
2017-01-13,170.50660705566406,5494453
2017-01-16,170.9127960205078,3993046
2017-01-17,168.5208282470703,4433742
2017-01-18,172.49240112304688,5651544
2017-01-19,173.89144897460938,5325171
2017-01-20,167.5730438232422,5221394
2017-01-23,175.2454376220703,5915206
2017-01-24,175.06488037109375,3567556
2017-01-25,177.0506591796875,8514459
2017-01-27,176.32855224609375,3724559
2017-01-30,177.36659240722656,3886010
2017-01-31,178.85589599609375,9791708
2017-02-01,178.08868408203125,7991260
2017-02-02,175.01976013183594,4882873
2017-02-03,172.98883056640625,7158596
2017-02-06,173.62071228027344,3509746
2017-02-07,170.59686279296875,4271007
2017-02-08,170.86764526367188,4093024
2017-02-09,174.79409790039062,4280685
2017-02-10,174.4330291748047,2393140
2017-02-13,169.46856689453125,5882506
2017-02-14,164.14306640625,5326799
2017-02-15,165.45187377929688,4927878
2017-02-16,169.19778442382812,2742051
2017-02-17,166.89610290527344,2679540
2017-02-20,169.96502685546875,3116627
2017-02-21,168.7464599609375,2738266
2017-02-22,166.98635864257812,3420915
2017-02-23,168.7464599609375,3565755
2017-02-27,167.2571563720703,2479199
2017-02-28,168.7464599609375,2568373
2017-03-01,171.3189697265625,6984828
2017-03-02,165.6324462890625,5014563
2017-03-03,166.08370971679688,3072562
2017-03-06,166.85098266601562,2405448
2017-03-07,163.7820281982422,2337750
2017-03-08,160.7130889892578,5030575
2017-03-09,159.6299285888672,2814093
2017-03-10,159.08834838867188,1965462
2017-03-14,164.18821716308594,3552433
2017-03-15,165.6324462890625,2518621
2017-03-16,173.71092224121094,8053833
2017-03-17,173.30474853515625,5143534
2017-03-20,175.20028686523438,2608165
2017-03-21,173.66580200195312,3832639
2017-03-22,168.5208282470703,3999158
2017-03-23,168.65623474121094,2749898
2017-03-24,168.61109924316406,3979893
2017-03-27,161.97677612304688,8610189
2017-03-28,163.91741943359375,8752274
2017-03-29,165.49700927734375,3043114
2017-03-30,167.347412109375,20910457
2017-03-31,169.87477111816406,4542711
2017-04-03,170.50660705566406,4005610
2017-04-05,176.7347412109375,7046524
2017-04-06,183.95578002929688,7827353
2017-04-07,180.39041137695312,9259489
2017-04-10,183.86550903320312,4077710
2017-04-11,179.3975067138672,6912377
2017-04-12,177.32144165039062,4900126
2017-04-13,172.17648315429688,6831049
2017-04-17,175.2454376220703,5298073
2017-04-18,169.06240844726562,7160819
2017-04-19,170.95791625976562,6855099
2017-04-20,170.86764526367188,4558278
2017-04-21,169.0172882080078,6017993
2017-04-24,173.75607299804688,6548580
2017-04-25,175.5613250732422,5905853
2017-04-26,179.44264221191406,6575488
2017-04-27,178.99134826660156,4349295
2017-04-28,179.62315368652344,8422472
2017-05-02,176.7347412109375,4080171
2017-05-03,174.52333068847656,4612307
2017-05-04,175.1551513671875,5327061
2017-05-05,171.3189697265625,4146159
2017-05-08,172.67291259765625,5024668
2017-05-09,173.71092224121094,3989306
2017-05-10,178.2692108154297,4780618
2017-05-11,175.5613250732422,4526903
2017-05-12,177.9532928466797,7071552
2017-05-15,182.06027221679688,5637368
2017-05-16,182.01513671875,7155404
2017-05-17,186.57339477539062,15630852
2017-05-18,172.76316833496094,21476119
2017-05-19,174.65869140625,10896952
2017-05-22,173.44012451171875,6295893
2017-05-23,174.70384216308594,8867141
2017-05-24,171.13845825195312,5439353
2017-05-25,174.07200622558594,5977139
2017-05-26,179.48776245117188,12767707
2017-05-29,176.7347412109375,4551732
2017-05-30,176.0126495361328,4165068
2017-05-31,174.974609375,6461000
2017-06-01,176.41883850097656,3515147
2017-06-02,175.7869873046875,2665134
2017-06-05,171.95083618164062,7041770
2017-06-06,173.39505004882812,5549087
2017-06-07,176.37368774414062,6570678
2017-06-08,179.66831970214844,12287394
2017-06-09,182.3310546875,5161130
2017-06-12,181.46389770507812,2791407
2017-06-13,180.50546264648438,4264115
2017-06-14,180.96185302734375,3710984
2017-06-15,179.6839599609375,3459648
2017-06-16,177.85836791992188,3232753
2017-06-19,181.8746337890625,5481847
2017-06-20,182.3310546875,4917462
2017-06-21,182.69615173339844,5932691
2017-06-22,180.41416931152344,5970858
2017-06-23,178.63421630859375,4144287
2017-06-27,177.1280975341797,3228380
2017-06-28,180.3228759765625,4779335
2017-06-29,187.4427032470703,9184678
2017-06-30,185.6627655029297,6431412
2017-07-03,187.1688690185547,4041802
2017-07-04,190.1811065673828,5697836
2017-07-05,193.78665161132812,6906867
2017-07-06,193.9235382080078,6685243
2017-07-07,197.25527954101562,6452705
2017-07-10,199.03521728515625,1192167
2017-07-11,194.97328186035156,3660000
2017-07-12,195.24708557128906,4864490
2017-07-13,194.83636474609375,2485968
2017-07-14,196.38809204101562,3484855
2017-07-17,199.03521728515625,3303597
2017-07-18,197.30088806152344,3631182
2017-07-19,200.49566650390625,3115273
2017-07-20,195.88607788085938,3219939
2017-07-21,196.02301025390625,4633423
2017-07-24,195.1101837158203,2889831
2017-07-25,196.34246826171875,2231494
2017-07-26,200.03929138183594,4579840
2017-07-27,196.06863403320312,10574422
2017-07-28,196.98143005371094,2601142
2017-07-31,201.95614624023438,5160277
2017-08-01,203.6904754638672,5408688
2017-08-02,200.58697509765625,7699742
2017-08-03,203.873046875,6614853
2017-08-04,208.3457489013672,5030815
2017-08-07,209.0759735107422,3218107
2017-08-08,210.71900939941406,4253146
2017-08-09,210.3538818359375,3591242
2017-08-10,203.32537841796875,5725478
2017-08-11,204.00994873046875,4613140
2017-08-14,212.08819580078125,3508678
2017-08-16,217.01731872558594,4106721
2017-08-17,214.14199829101562,2586445
2017-08-18,216.37835693359375,3477346
2017-08-21,213.32046508789062,3182064
2017-08-22,211.72308349609375,4446520
2017-08-23,218.8428955078125,4271359
2017-08-24,224.593505859375,4460587
2017-08-28,223.17869567871094,3526749
2017-08-29,225.36935424804688,3793852
2017-08-30,236.45982360839844,6400191
2017-08-31,232.21534729003906,7429622
2017-09-01,234.2691650390625,4090265
2017-09-04,232.5804901123047,2406774
2017-09-05,233.90402221679688,2047693
2017-09-06,240.1566925048828,5586361
2017-09-07,241.06948852539062,4400492
2017-09-08,240.47618103027344,6474499
2017-09-11,242.71250915527344,3388131
2017-09-12,246.18113708496094,3850430
2017-09-13,241.11509704589844,3488892
2017-09-14,242.5299835205078,3046811
2017-09-15,244.2186279296875,7157745
2017-09-18,239.65463256835938,3405906
2017-09-19,238.83314514160156,3736290
2017-09-20,236.5511474609375,4209554
2017-09-21,232.30665588378906,3827420
2017-09-22,225.41502380371094,4786338
2017-09-25,216.19580078125,8013361
2017-09-26,221.21617126464844,4724429
2017-09-27,216.0132293701172,4227130
2017-09-28,218.0670166015625,4241681
2017-09-29,226.78419494628906,4037110
2017-10-03,228.15341186523438,3190108
2017-10-04,226.60166931152344,2911505
2017-10-05,227.3319091796875,1613225
2017-10-06,235.22763061523438,3541234
2017-10-09,234.95375061035156,2708053
2017-10-10,237.2813720703125,3075575
2017-10-11,234.08657836914062,2958994
2017-10-12,233.812744140625,2653904
2017-10-13,231.89590454101562,2598847
2017-10-16,237.692138671875,3726642
2017-10-17,237.55520629882812,3326442
2017-10-18,236.18603515625,3020838
2017-10-19,230.8917999267578,934388
2017-10-23,237.692138671875,3983111
2017-10-24,236.8249969482422,3594675
2017-10-25,237.0075225830078,4232416
2017-10-26,237.2813720703125,4756796
2017-10-27,242.16482543945312,3095908
2017-10-30,240.84129333496094,4390979
2017-10-31,235.9121856689453,6701163
2017-11-01,241.6627960205078,4308393
2017-11-02,242.9863739013672,1850517
2017-11-03,243.35145568847656,1805553
2017-11-06,244.62937927246094,2518798
2017-11-07,241.02383422851562,2538762
2017-11-08,239.56338500976562,2332066
2017-11-09,240.97817993164062,2293798
2017-11-10,247.18515014648438,3062537
2017-11-13,240.84129333496094,2186042
2017-11-14,243.30581665039062,1464097
2017-11-15,233.1737823486328,3199737
2017-11-16,236.0947265625,1768063
2017-11-17,243.35145568847656,2241746
2017-11-20,242.7581787109375,1589735
2017-11-21,245.40524291992188,1814757
2017-11-22,245.13143920898438,1320466
2017-11-23,243.57965087890625,2649055
2017-11-24,242.07357788085938,1325725
2017-11-27,236.32293701171875,3340622
2017-11-28,233.35633850097656,3948068
2017-11-29,232.9912567138672,1852596
2017-11-30,232.62611389160156,4677214
2017-12-01,230.07029724121094,3410360
2017-12-04,229.8877410888672,1309523
2017-12-05,226.09962463378906,2253438
2017-12-06,221.03359985351562,3872984
2017-12-07,229.97900390625,1934627
2017-12-08,230.43540954589844,2869536
2017-12-11,229.56825256347656,2248099
2017-12-12,228.15341186523438,2208589
2017-12-13,222.72227478027344,2393737
2017-12-14,221.3074493408203,3263839
2017-12-15,229.02056884765625,3492426
2017-12-18,231.8046112060547,2938065
2017-12-19,234.04095458984375,2145809
2017-12-20,239.24388122558594,2462944
2017-12-21,242.16482543945312,1328407
2017-12-22,241.4346160888672,1765864
2017-12-26,244.0817108154297,2428477
2017-12-27,242.30178833007812,1503466
2017-12-28,247.64161682128906,4716301
2017-12-29,246.2724151611328,2003783
2018-01-01,242.62123107910156,1261616
2018-01-02,241.48025512695312,2277139
2018-01-03,245.26832580566406,3279293
2018-01-04,252.9814453125,6281682
2018-01-05,260.23822021484375,8325201
2018-01-08,261.05975341796875,2686737
2018-01-09,259.2341613769531,2281715
2018-01-10,258.1387634277344,2748652
2018-01-11,257.91058349609375,1757575
2018-01-12,261.7899169921875,5118636
2018-01-15,260.1469421386719,3602106
2018-01-16,256.67828369140625,3107547
2018-01-17,260.19256591796875,3574084
2018-01-18,255.40037536621094,8128594
2018-01-19,257.4997863769531,3291487
2018-01-22,254.35061645507812,2143377
2018-01-23,268.40771484375,8672380
2018-01-24,263.4786376953125,4037279
2018-01-25,265.441162109375,7330584
2018-01-29,267.8600769042969,4673841
2018-01-30,263.889404296875,2152791
2018-01-31,264.665283203125,6604621
2018-02-01,276.2577819824219,8031105
2018-02-02,272.9260559082031,12354843
2018-02-05,265.8518981933594,6863987
2018-02-06,258.5039367675781,8006195
2018-02-07,264.71087646484375,9691897
2018-02-08,277.6726379394531,8028713
2018-02-09,282.3735046386719,6726146
2018-02-12,283.65142822265625,4120075
2018-02-14,282.5560607910156,3992497
2018-02-15,280.9587097167969,3695342
2018-02-16,285.15753173828125,5742059
2018-02-19,276.30340576171875,6238413
2018-02-20,278.95050048828125,4940505
2018-02-21,272.287109375,5947856
2018-02-22,271.73944091796875,11882391
2018-02-23,280.18280029296875,4641724
2018-02-26,288.534912109375,5314911
2018-02-27,290.36053466796875,6081243
2018-02-28,284.9750061035156,6391843
2018-03-01,278.8592224121094,6417443
2018-03-05,266.2170104980469,9282086
2018-03-06,267.90570068359375,9755916
2018-03-07,264.2545166015625,7208335
2018-03-08,264.0263366699219,5748695
2018-03-09,266.4908447265625,8084115
2018-03-12,271.8763427734375,4186325
2018-03-13,277.03363037109375,4161207
2018-03-14,274.2496032714844,3032723
2018-03-15,269.4117736816406,3721114
2018-03-16,264.9390563964844,7106321
2018-03-19,258.8689880371094,3716523
2018-03-20,260.60333251953125,5586853
2018-03-21,263.25042724609375,3943743
2018-03-22,261.05975341796875,3731255
2018-03-23,261.05975341796875,6571245
2018-03-26,268.2708435058594,3302313
2018-03-27,272.7891540527344,4209223
2018-03-28,263.022216796875,5122171
2018-04-02,270.6897277832031,2582307
2018-04-03,276.62286376953125,5214588
2018-04-04,270.05078125,5561514
2018-04-05,281.5063781738281,4210195
2018-04-06,281.32379150390625,2787944
2018-04-09,282.4191589355469,3191991
2018-04-10,284.1990966796875,3478934
2018-04-11,284.9750061035156,6847386
2018-04-12,281.3694152832031,2993563
2018-04-13,281.59759521484375,4046812
2018-04-16,281.9627685546875,2741849
2018-04-17,282.1909484863281,2788017
2018-04-18,282.92120361328125,3234140
2018-04-19,294.6962585449219,8395329
2018-04-20,294.6962585449219,5243673
2018-04-23,293.73785400390625,3113729
2018-04-24,296.43060302734375,4078872
2018-04-25,293.6465759277344,3081536
2018-04-26,299.1233215332031,4602880
2018-04-27,299.0320739746094,2704711
2018-04-30,296.6588134765625,2847539
2018-05-02,287.6676940917969,2136023
2018-05-03,291.45587158203125,5122999
2018-05-04,289.7215270996094,3147597
2018-05-07,297.3890075683594,3285970
2018-05-08,295.7915954589844,2779564
2018-05-09,293.6921691894531,2987922
2018-05-10,291.6840515136719,3185014
2018-05-11,295.51776123046875,2208433
2018-05-14,300.3555908203125,3103900
2018-05-15,305.3760070800781,6620191
2018-05-16,307.2472229003906,5178318
2018-05-17,303.0483703613281,9191526
2018-05-18,291.5928039550781,4676411
2018-05-21,282.2822265625,5132127
2018-05-22,290.6343078613281,4072023
2018-05-23,282.9668884277344,6090049
2018-05-24,286.7549133300781,3276382
2018-05-25,297.6171875,5183676
2018-05-28,298.5757141113281,2162396
2018-05-29,302.82012939453125,4898604
2018-05-30,303.5504150390625,3841174
2018-05-31,302.9570617675781,6771065
2018-06-01,302.9570617675781,5033181
2018-06-04,302.9114074707031,2301143
2018-06-05,300.4012451171875,2804584
2018-06-06,308.525146484375,3148197
2018-06-07,313.5455322265625,3295739
2018-06-08,313.31732177734375,2138252
2018-06-11,311.2178649902344,1886702
2018-06-12,311.5829772949219,4463946
2018-06-13,313.0891418457031,3827972
2018-06-14,309.4835205078125,2262462
2018-06-15,303.5504150390625,4407383
2018-06-18,298.62127685546875,3093377
2018-06-19,298.9407653808594,3902633
2018-06-20,305.9237060546875,4389564
2018-06-21,303.8242492675781,3111133
2018-06-22,307.5666809082031,3641907
2018-06-25,303.13958740234375,2725937
2018-06-26,294.6962585449219,3431872
2018-06-27,290.54302978515625,3615558
2018-06-28,294.2855224609375,4474045
2018-06-29,298.3017883300781,4176390
2018-07-02,286.0703430175781,3579844
2018-07-03,284.5185852050781,5355915
2018-07-04,284.9293518066406,3838343
2018-07-05,283.3775939941406,4048889
2018-07-06,284.5765686035156,5087790
2018-07-09,288.49639892578125,1833981
2018-07-10,292.7851257324219,4072677
2018-07-11,289.003662109375,4560851
2018-07-12,292.4622802734375,3468456
2018-07-13,291.6783752441406,3079114
2018-07-16,283.74652099609375,2316253
2018-07-17,283.5159606933594,4813085
2018-07-18,273.1861877441406,4530592
2018-07-19,280.0111999511719,6510032
2018-07-20,280.5184020996094,4643889
2018-07-23,282.8241882324219,3849111
2018-07-24,293.5229187011719,4677454
2018-07-25,292.4622802734375,8497446
2018-07-26,288.0351867675781,6607347
2018-07-27,298.1344299316406,6865156
2018-07-30,302.3770446777344,4368955
2018-07-31,304.7288818359375,4863789
2018-08-01,302.10028076171875,3557767
2018-08-02,306.2507019042969,4410584
2018-08-03,311.0927734375,4714989
2018-08-06,310.7699890136719,2536638
2018-08-07,314.044189453125,4702630
2018-08-08,316.11932373046875,3791524
2018-08-09,316.3038330078125,3272046
2018-08-10,313.49078369140625,3088207
2018-08-13,315.5198974609375,3893115
2018-08-14,314.5975646972656,6297575
2018-08-16,302.6536865234375,6092650
2018-08-17,308.04925537109375,3729105
2018-08-20,315.0126037597656,2968742
2018-08-21,315.3353576660156,2781769
2018-08-23,313.2140808105469,3317106
2018-08-24,327.23309326171875,8301916
2018-08-27,327.970947265625,7420600
2018-08-28,337.7473449707031,6122883
2018-08-29,367.9989318847656,44445933
2018-08-30,366.98431396484375,27089981
2018-08-31,365.5548095703125,8642458
2018-09-03,366.1543273925781,5615281
2018-09-04,360.4821472167969,6611358
2018-09-05,367.3994445800781,7677886
2018-09-06,367.8143615722656,5215140
2018-09-07,375.0083923339844,7367573
2018-09-10,370.0279541015625,8882946
2018-09-11,364.494140625,7125022
2018-09-12,368.69061279296875,6287959
2018-09-14,376.391845703125,6622300
2018-09-17,379.8504638671875,6327429
2018-09-18,375.5156555175781,5226145
2018-09-19,384.646484375,8654507
2018-09-21,376.29962158203125,10218645
2018-09-24,369.3362731933594,7568416
2018-09-25,372.2876281738281,6963000
2018-09-26,376.391845703125,3317487
2018-09-27,369.19781494140625,25412558
2018-09-28,351.9969177246094,13200294
2018-10-01,351.2590637207031,8910012
2018-10-03,353.6109313964844,7436585
2018-10-04,348.2615966796875,7084897
2018-10-05,338.11627197265625,7170165
2018-10-08,347.0164794921875,7787200
2018-10-09,342.5433044433594,7572243
2018-10-10,347.52374267578125,4070161
2018-10-11,333.5970153808594,6973280
2018-10-12,350.1984558105469,4970667
2018-10-15,347.52374267578125,2563605
2018-10-16,344.5724182128906,5508232
2018-10-17,333.55084228515625,4061725
2018-10-19,335.25714111328125,6479303
2018-10-22,327.50982666015625,5271275
2018-10-23,320.500244140625,4807256
2018-10-24,324.60455322265625,3260414
2018-10-25,325.9418640136719,4891650
2018-10-26,311.23114013671875,7853276
2018-10-29,313.5830383300781,4778923
2018-10-30,309.7093200683594,3197919
2018-10-31,313.0296325683594,4571617
2018-11-01,316.11932373046875,3486300
2018-11-02,325.38848876953125,4287077
2018-11-05,326.17242431640625,3683598
2018-11-06,323.4977722167969,3180370
2018-11-07,323.4977722167969,0
2018-11-09,320.500244140625,3642253
2018-11-12,317.7794494628906,3905755
2018-11-13,321.05364990234375,2384372
2018-11-14,313.2140808105469,3540077
2018-11-15,317.82562255859375,3192589
2018-11-16,309.063720703125,3306643
2018-11-19,310.4932861328125,3202842
2018-11-20,302.7459716796875,3954871
2018-11-21,300.71685791015625,4004112
2018-11-22,295.044677734375,3648659
2018-11-26,292.9234313964844,4603622
2018-11-27,287.02069091796875,16785515
2018-11-28,284.8532409667969,7306426
2018-11-29,292.7851257324219,6047477
2018-11-30,289.833740234375,5161526
2018-12-03,290.4331970214844,6549046
2018-12-04,288.9574890136719,4089384
2018-12-05,280.70294189453125,4291892
2018-12-06,281.6712951660156,7026331
2018-12-07,278.9043884277344,4667020
2018-12-10,271.24932861328125,3612157
2018-12-11,277.56707763671875,4328659
2018-12-12,278.9505310058594,7403789
2018-12-13,274.8923645019531,5434548
2018-12-14,270.32696533203125,5963531
2018-12-17,276.55255126953125,4379498
2018-12-18,281.71746826171875,6638364
2018-12-19,286.83624267578125,5813820
2018-12-20,284.7149353027344,5637742
2018-12-21,284.0693054199219,6808600
2018-12-24,269.4969482421875,7202626
2018-12-26,273.2783508300781,5649890
2018-12-27,270.18865966796875,5160751
2018-12-28,274.9385070800781,3519635
2018-12-31,282.9164123535156,7167399
2019-01-01,280.3340148925781,3622654
2019-01-02,266.2689208984375,8855139
2019-01-03,260.68890380859375,10003388
2019-01-04,265.5771484375,6070751
2019-01-07,267.3295593261719,7041362
2019-01-08,271.06488037109375,4528899
2019-01-09,268.1595764160156,5848215
2019-01-10,266.8222351074219,4352095
2019-01-11,266.361083984375,4483554
2019-01-14,261.841796875,3756403
2019-01-15,269.40472412109375,6557577
2019-01-16,264.1936340332031,3752082
2019-01-17,266.5455627441406,4817690
2019-01-18,263.4096984863281,4210472
2019-01-21,262.4874267578125,2854706
2019-01-22,256.40020751953125,5006219
2019-01-23,259.07489013671875,4489030
2019-01-24,261.61126708984375,3705336
2019-01-25,253.3105010986328,5191436
2019-01-28,246.9466094970703,4518237
2019-01-29,249.8979949951172,4113613
2019-01-30,248.00729370117188,6941276
2019-01-31,253.26438903808594,4666551
2019-02-01,253.5872344970703,6496209
2019-02-04,252.24986267089844,4804512
2019-02-05,252.29598999023438,4726380
2019-02-06,257.5992126464844,5746435
2019-02-07,251.88096618652344,6252085
2019-02-08,242.42733764648438,5765740
2019-02-11,241.27447509765625,5228180
2019-02-12,250.6358184814453,12748459
2019-02-14,258.84429931640625,9767547
2019-02-15,246.16265869140625,10241930
2019-02-18,241.5511474609375,6612006
2019-02-19,246.11654663085938,8114832
2019-02-20,252.75711059570312,10302096
2019-02-21,255.5240478515625,8238650
2019-02-22,263.6402893066406,10779149
2019-02-25,265.43878173828125,12551599
2019-02-26,262.39520263671875,8622676
2019-02-27,261.93408203125,7076524
2019-02-28,259.2593688964844,9337518
2019-03-01,260.181640625,7362711
2019-03-05,268.5746765136719,11469935
2019-03-06,267.4217529296875,6718322
2019-03-07,267.1911926269531,7010707
2019-03-08,264.1475524902344,5961633
2019-03-11,269.9119567871094,7863518
2019-03-12,269.1280212402344,8891811
2019-03-13,264.0092468261719,9122437
2019-03-14,264.6087341308594,5351600
2019-03-15,266.0382995605469,7053371
2019-03-18,272.03326416015625,7431744
2019-03-19,266.0843811035156,7444759
2019-03-20,260.36614990234375,9165038
2019-03-22,263.548095703125,7325504
2019-03-25,257.1380920410156,6778846
2019-03-26,259.4899597167969,6247666
2019-03-27,265.1621398925781,6490731
2019-03-28,265.8537902832031,21745652
2019-04-01,269.5891418457031,7766553
2019-04-02,264.7931823730469,7105140
2019-04-03,267.3755798339844,6899752
2019-04-04,265.43878173828125,4338250
2019-04-05,271.3876037597656,5310432
2019-04-08,267.8367919921875,5645872
2019-04-09,268.8974609375,3725301
2019-04-10,266.1304931640625,5316890
2019-04-11,264.700927734375,3147541
2019-04-12,264.5626525878906,2486341
2019-04-15,269.4508361816406,4009776
2019-04-16,268.5746765136719,4394114
2019-04-18,275.90692138671875,7668228
2019-04-22,268.6207580566406,6083105
2019-04-23,265.8999328613281,3648863
2019-04-24,269.63525390625,4200919
2019-04-25,264.33209228515625,4132700
2019-04-26,271.15704345703125,11729751
2019-04-30,284.39208984375,12707875
2019-05-02,282.8241882324219,10375665
2019-05-03,284.8532409667969,5705828
2019-05-06,273.64727783203125,7433027
2019-05-07,265.7155456542969,6762525
2019-05-08,266.7761535644531,7900967
2019-05-09,263.2713928222656,7620385
2019-05-10,265.02374267578125,7076251
2019-05-13,255.38565063476562,4291656
2019-05-14,259.1671142578125,5277444
2019-05-15,247.6383819580078,6212125
2019-05-16,254.50955200195312,4697435
2019-05-17,254.92453002929688,3064045
2019-05-20,263.3175354003906,5009313
2019-05-21,257.69146728515625,4196280
2019-05-22,255.4318389892578,5052534
2019-05-23,254.50955200195312,5355880
2019-05-24,265.6232604980469,9795647
2019-05-27,265.3927001953125,9081309
2019-05-28,270.18865966796875,10338894
2019-05-29,258.7521057128906,7940056
2019-05-30,255.10897827148438,7941828
2019-05-31,250.5897216796875,7316925
2019-06-03,253.21823120117188,6265379
2019-06-04,252.89553833007812,4512003
2019-06-06,245.9782257080078,5090763
2019-06-07,242.0122833251953,5599533
2019-06-10,246.11654663085938,3704937
2019-06-11,252.11151123046875,4208927
2019-06-12,250.17469787597656,7380929
2019-06-13,253.0338134765625,5646873
2019-06-14,250.17469787597656,4349503
2019-06-17,239.98326110839844,8505525
2019-06-18,243.07293701171875,6059478
2019-06-19,240.30601501464844,7432697
2019-06-20,248.330078125,5160169
2019-06-21,246.3932342529297,6144176
2019-06-24,237.76968383789062,5807872
2019-06-25,246.30101013183594,9616552
2019-06-26,255.61622619628906,6924967
2019-06-27,255.80072021484375,7806500
2019-06-28,255.10897827148438,4088477
2019-07-01,254.32501220703125,3935030
2019-07-02,254.6939697265625,3233802
2019-07-03,255.8468475341797,3416371
2019-07-04,253.679443359375,3266606
2019-07-05,245.9320831298828,4112441
2019-07-08,245.6510772705078,3816891
2019-07-09,245.74476623535156,3210950
2019-07-10,238.7662811279297,6051189
2019-07-11,250.38145446777344,11021639
2019-07-12,250.9434814453125,7690461
2019-07-15,253.8004150390625,4909761
2019-07-16,256.563720703125,3794706
2019-07-17,254.69027709960938,3290727
2019-07-18,249.2574005126953,3627824
2019-07-19,242.65359497070312,3828583
2019-07-22,247.6649932861328,3426665
2019-07-23,246.63462829589844,3534413
2019-07-24,239.09414672851562,10491930
2019-07-25,232.91188049316406,6895024
2019-07-26,233.8954315185547,5386836
2019-07-29,226.12075805664062,7935024
2019-07-30,215.67649841308594,8938349
2019-07-31,222.4207763671875,5983362
2019-08-01,210.99295043945312,7768510
2019-08-02,210.8992919921875,11444553
2019-08-05,203.92083740234375,7681043
2019-08-06,203.78033447265625,6703116
2019-08-07,198.8157958984375,7073513
2019-08-08,207.66766357421875,8752577
2019-08-09,206.63729858398438,9077239
2019-08-13,206.2157440185547,6628569
2019-08-14,213.334716796875,6940915
2019-08-16,212.77267456054688,6083438
2019-08-19,211.88284301757812,4394801
2019-08-20,210.6182861328125,5107078
2019-08-21,205.13856506347656,5016435
2019-08-22,203.26513671875,6938275
2019-08-23,206.68411254882812,4978377
2019-08-26,200.5487060546875,13555325
2019-08-27,199.8929901123047,12287346
2019-08-28,192.72720336914062,9056214
2019-08-29,198.53477478027344,18785875
2019-08-30,203.68667602539062,10442126
2019-09-03,196.84869384765625,5563093
2019-09-04,201.2043914794922,8097106
2019-09-05,202.56260681152344,10360712
2019-09-06,204.15501403808594,8494436
2019-09-09,205.60690307617188,9829589
2019-09-11,213.28787231445312,11404495
2019-09-12,207.99551391601562,9281462
2019-09-13,211.88284301757812,8639132
2019-09-16,211.36766052246094,5494139
2019-09-17,202.5157928466797,9403320
2019-09-18,207.38665771484375,9790812
2019-09-19,205.6537628173828,9020768
2019-09-20,223.02963256835938,23899821
2019-09-23,228.2751922607422,13040988
2019-09-24,218.5802764892578,9073501
2019-09-25,219.56381225585938,7594921
2019-09-26,220.54736328125,8069927
2019-09-27,217.5030517578125,7000789
2019-09-30,215.39549255371094,6783701
2019-10-01,208.55751037597656,6026952
2019-10-03,207.52716064453125,5324110
2019-10-04,201.0638885498047,6600815
2019-10-07,194.8347930908203,7420654
2019-10-09,199.33099365234375,5958422
2019-10-10,200.22084045410156,6693227
2019-10-11,203.49932861328125,8965423
2019-10-14,207.43348693847656,7515730
2019-10-15,205.7473907470703,14900735
2019-10-16,206.3562774658203,7753169
2019-10-17,208.83853149414062,10798747
2019-10-18,209.21322631835938,9026105
2019-10-22,205.79425048828125,8305579
2019-10-23,208.6043701171875,8030559
2019-10-24,208.744873046875,15890442
2019-10-25,203.59300231933594,8612440
2019-10-27,205.4663848876953,756932
2019-10-29,219.42332458496094,13887709
2019-10-30,219.56381225585938,5246865
2019-10-31,213.5688934326172,6994856
2019-11-01,222.561279296875,9208037
2019-11-04,234.36378479003906,17613567
2019-11-05,230.4764404296875,10394354
2019-11-06,232.53720092773438,7121343
2019-11-07,236.65872192382812,12103874
2019-11-08,234.1764373779297,7150985
2019-11-11,235.95616149902344,5599046
2019-11-13,233.00555419921875,6493201
2019-11-14,230.19541931152344,4522524
2019-11-15,229.25872802734375,5246862
2019-11-18,233.80177307128906,4846338
2019-11-19,232.20933532714844,4461546
2019-11-20,232.95870971679688,4799567
2019-11-21,229.7270965576172,3840421
2019-11-22,235.34732055664062,4927891
2019-11-25,243.68399047851562,11369913
2019-11-26,237.22071838378906,12880492
2019-11-27,236.93971252441406,4739906
2019-11-28,247.2434844970703,9945852
2019-11-29,244.995361328125,12038238
2019-12-02,251.13079833984375,10547869
2019-12-03,240.96754455566406,9848751
2019-12-04,243.35614013671875,15220113
2019-12-05,235.53465270996094,6962695
2019-12-06,238.01695251464844,7854850
2019-12-09,242.46629333496094,6291970
2019-12-10,235.11312866210938,5357914
2019-12-11,234.12960815429688,6247501
2019-12-12,239.42198181152344,6112551
2019-12-13,241.29539489746094,12372614
2019-12-16,237.08023071289062,5733217
2019-12-17,242.5599822998047,11197549
2019-12-18,247.6649932861328,13485427
2019-12-19,248.08651733398438,7841049
2019-12-20,247.94601440429688,7162934
2019-12-23,247.00930786132812,8467465
2019-12-24,249.86622619628906,5683009
2019-12-26,252.11434936523438,11054938
2019-12-27,251.8802032470703,7560504
2019-12-30,253.94094848632812,6645670
2019-12-31,252.95736694335938,5377354
2020-01-01,251.13079833984375,6952048
2020-01-02,258.9523010253906,10780926
2020-01-03,255.20550537109375,5943349
2020-01-06,247.52450561523438,4529599
2020-01-07,248.461181640625,4465297
2020-01-08,245.88525390625,8088132
2020-01-09,260.49786376953125,13317832
2020-01-10,260.3105163574219,7625227
2020-01-13,260.9661865234375,4540953
2020-01-14,263.1206359863281,7428691
2020-01-15,264.619384765625,5538475
2020-01-16,259.88897705078125,4791447
2020-01-17,256.04852294921875,4733742
2020-01-20,254.17514038085938,3823115
2020-01-21,250.33460998535156,4799667
2020-01-22,249.02320861816406,3334351
2020-01-23,249.7725830078125,3529142
2020-01-24,254.69027709960938,5991335
2020-01-27,246.166259765625,17151836
2020-01-28,239.09414672851562,11168567
2020-01-29,244.71435546875,7832991
2020-01-30,240.68655395507812,5511254
2020-01-31,234.83212280273438,6329214
2020-02-03,235.5814971923828,7021154
2020-02-04,241.9979248046875,5839343
2020-02-05,252.20802307128906,7218905
2020-02-06,258.9523010253906,8567243
2020-02-07,261.62188720703125,5258442
2020-02-10,260.3105163574219,4972983
2020-02-11,270.4737548828125,10958494
2020-02-12,275.1104736328125,9119052
2020-02-13,274.7826232910156,6220243
2020-02-14,270.84844970703125,6086218
2020-02-17,269.9117126464844,6084235
2020-02-18,266.7738037109375,5463097
2020-02-19,263.0738220214844,4952306
2020-02-20,263.9636535644531,6960354
2020-02-24,242.5599822998047,10565578
2020-02-25,245.97894287109375,9928181
2020-02-26,244.2928466796875,8111249
2020-02-27,236.1435089111328,10258174
2020-02-28,220.78152465820312,10723581
2020-03-02,220.1258544921875,10865535
2020-03-03,230.8511199951172,11580274
2020-03-04,230.054931640625,10790561
2020-03-05,231.50680541992188,7130730
2020-03-06,223.6853485107422,6850161
2020-03-09,214.5524444580078,7888019
2020-03-11,209.3537139892578,10073347
2020-03-12,190.33860778808594,14115039
2020-03-13,201.29806518554688,12883941
2020-03-16,174.22726440429688,15167108
2020-03-17,165.28170776367188,14096871
2020-03-18,153.94760131835938,18951014
2020-03-19,152.96405029296875,12583063
2020-03-20,164.6260223388672,7449415
2020-03-23,135.2602996826172,7422941
2020-03-24,137.78941345214844,6487043
2020-03-25,142.1919403076172,4384700
2020-03-26,140.3185272216797,8021131
2020-03-27,141.86407470703125,6108830
2020-03-30,133.38690185546875,11851157
2020-03-31,136.99322509765625,9965197
2020-04-01,133.9489288330078,5967565
2020-04-03,131.79449462890625,18559602
2020-04-07,148.0931854248047,16440328
2020-04-08,144.81471252441406,15245833
2020-04-09,155.77415466308594,15243084
2020-04-13,157.0386962890625,11554655
2020-04-15,160.55133056640625,17616485
2020-04-16,159.84881591796875,10428942
2020-04-17,166.0779266357422,10104852
2020-04-20,156.898193359375,12629035
2020-04-21,149.4982452392578,10887919
2020-04-22,150.9969940185547,7765209
2020-04-23,149.82606506347656,7114946
2020-04-24,143.55014038085938,8447036
2020-04-27,147.34381103515625,9745004
2020-04-28,149.31088256835938,8025743
2020-04-29,153.7134246826172,11842945
2020-04-30,169.2158966064453,16023589
2020-05-04,153.1982421875,10646028
2020-05-05,153.5260467529297,12995347
2020-05-06,155.30581665039062,8720744
2020-05-07,161.30072021484375,11944061
2020-05-08,157.9754180908203,9045606
2020-05-11,163.50198364257812,9199262
2020-05-12,166.92095947265625,11889850
2020-05-13,170.80828857421875,10377139
2020-05-14,164.11085510253906,5808584
2020-05-15,163.26780700683594,11548870
2020-05-18,152.91722106933594,8130435
2020-05-19,158.58428955078125,11001274
2020-05-20,160.22354125976562,10091863
2020-05-21,159.1463165283203,11065823
2020-05-22,155.63365173339844,10228048
2020-05-26,165.09439086914062,30383793
2020-05-27,173.1032257080078,20403834
2020-05-28,172.4943389892578,14270125
2020-05-29,172.54119873046875,13458899
2020-06-01,181.674072265625,17324578
2020-06-02,179.9879913330078,14155546
2020-06-03,180.50320434570312,11567639
2020-06-04,179.84750366210938,10238285
2020-06-05,184.577880859375,26006736
2020-06-08,182.61077880859375,13522911
2020-06-09,178.0209197998047,8055268
2020-06-10,178.8639678955078,11823033
2020-06-11,172.96270751953125,6481994
2020-06-12,176.9905548095703,9000558
2020-06-15,172.11968994140625,12059372
2020-06-16,178.0209197998047,23464025
2020-06-17,179.70700073242188,11912711
2020-06-18,181.15890502929688,8868746
2020-06-19,182.00192260742188,18204886
2020-06-22,185.4208984375,11091702
2020-06-23,188.88671875,14850064
2020-06-24,181.6272430419922,19739136
2020-06-25,181.29940795898438,9502767
2020-06-26,180.45635986328125,6960491
2020-06-29,178.62977600097656,7560301
2020-06-30,177.36524963378906,11450934
2020-07-01,179.33230590820312,8343254
2020-07-02,182.1424102783203,9164240
2020-07-03,178.8639678955078,6610649
2020-07-06,183.40774536132812,10803795
2020-07-07,180.6625518798828,6564431
2020-07-08,184.92233276367188,22609621
2020-07-09,186.91021728515625,14801828
2020-07-10,182.9817657470703,10893405
2020-07-13,187.8095245361328,11050735
2020-07-14,183.69174194335938,7233291
2020-07-15,184.496337890625,9389574
2020-07-16,190.41273498535156,13647306
2020-07-17,195.71380615234375,23873501
2020-07-20,195.7611541748047,6380397
2020-07-21,198.74298095703125,5672048
2020-07-22,195.95046997070312,9323617
2020-07-23,198.17503356933594,5251159
2020-07-24,194.05722045898438,8215298
2020-07-27,195.9031219482422,10548105
2020-07-28,203.4287567138672,9785198
2020-07-29,205.9373016357422,11276308
2020-07-30,202.9081268310547,6483799
2020-07-31,208.4932098388672,7306693
2020-08-03,208.7771759033203,9867115
2020-08-04,215.92417907714844,9878205
2020-08-05,222.5978240966797,11076862
2020-08-06,226.71563720703125,10772820
2020-08-07,227.3782501220703,6794779
2020-08-10,232.1113739013672,6482352
2020-08-11,240.20498657226562,15124909
2020-08-12,243.09217834472656,8055616
2020-08-13,244.79611206054688,14516418
2020-08-14,251.185791015625,13200307
2020-08-17,255.20892333984375,10757867
2020-08-18,262.35589599609375,10683706
2020-08-19,263.6811828613281,10287307
2020-08-20,267.56231689453125,11325005
2020-08-21,266.85235595703125,10884179
2020-08-24,270.496826171875,9488675
2020-08-25,269.6922302246094,7787006
2020-08-26,270.9228210449219,5278655
2020-08-27,273.8573303222656,5931448
2020-08-28,265.7164001464844,11914490
2020-08-31,255.39822387695312,19774736
2020-09-01,271.49078369140625,13679100
2020-09-02,277.35986328125,11710724
2020-09-03,277.7384948730469,6425365
2020-09-04,267.2783508300781,8443061
2020-09-07,271.2068176269531,8634438
2020-09-08,266.1423645019531,7609074
2020-09-09,271.5381164550781,14099249
2020-09-10,270.1181945800781,9369826
2020-09-11,272.4373779296875,6485991
2020-09-14,274.3779602050781,7275752
2020-09-15,274.1413269042969,6682215
2020-09-16,273.2420349121094,6090447
2020-09-17,271.5381164550781,5287608
2020-09-18,272.3427734375,9911089
2020-09-21,256.818115234375,7522304
2020-09-22,257.3861083984375,13246982
2020-09-23,253.88368225097656,8444261
2020-09-24,244.7487335205078,7984730
2020-09-25,254.02566528320312,6842615
2020-09-28,262.2138671875,5470078
2020-09-29,268.9349060058594,11242724
2020-09-30,262.9238586425781,6288603
2020-10-01,266.99432373046875,4873599
2020-10-05,274.6146240234375,9269669
2020-10-06,275.79791259765625,9592838
2020-10-07,275.8926086425781,8126575
2020-10-08,277.3125305175781,11623030
2020-10-09,276.4132080078125,7301282
2020-10-12,269.9288635253906,10299648
2020-10-13,274.47265625,7541780
2020-10-14,275.1352844238281,6525761
2020-10-15,275.98724365234375,10663375
2020-10-16,294.4463195800781,19877383
2020-10-19,296.76556396484375,18884145
2020-10-20,301.6880187988281,10739805
2020-10-21,305.7111511230469,11914326
2020-10-22,308.125,8493745
2020-10-23,304.10186767578125,7402260
2020-10-26,291.8431091308594,15424754
2020-10-27,292.4584655761719,7123843
2020-10-28,289.52392578125,8888276
2020-10-29,290.4232177734375,6945269
2020-10-30,292.5057373046875,7786860
2020-11-02,292.8370666503906,7660136
2020-11-03,297.9488220214844,5951181
2020-11-04,300.88336181640625,7627927
2020-11-05,310.20758056640625,6640466
2020-11-06,309.0242614746094,6994007
2020-11-09,315.3193359375,6297158
2020-11-10,316.9285583496094,6004813
2020-11-11,324.4542236328125,9211868
2020-11-12,319.957763671875,5061012
2020-11-13,324.8802185058594,5043441
2020-11-14,323.6969299316406,975283
2020-11-17,322.75030517578125,7389747
2020-11-18,324.31219482421875,4844406
2020-11-19,313.5207824707031,7370265
2020-11-20,318.20648193359375,5918276
2020-11-23,319.7210998535156,4559744
2020-11-24,322.6556701660156,5014303
2020-11-25,320.19439697265625,6195795
2020-11-26,340.026123046875,10967276
2020-11-27,331.50653076171875,14338746
2020-12-01,339.03216552734375,6475456
2020-12-02,348.7350158691406,11048627
2020-12-03,351.0542297363281,7385497
2020-12-04,350.6282653808594,7570516
2020-12-07,345.51654052734375,6085158
2020-12-08,343.29193115234375,5311652
2020-12-09,342.5346984863281,6923848
2020-12-10,342.9606628417969,6429901
2020-12-11,340.4520568847656,4518654
2020-12-14,338.4168395996094,4927085
2020-12-15,346.3684997558594,5978528
2020-12-16,350.817626953125,7762252
2020-12-17,346.6524963378906,4501529
2020-12-18,344.75921630859375,5666541
2020-12-21,334.63037109375,7345501
2020-12-22,342.62933349609375,7273802
2020-12-23,347.26776123046875,4499725
2020-12-24,346.69976806640625,8104991
2020-12-28,365.9635314941406,11720459
2020-12-29,361.41973876953125,8144640
2020-12-30,365.4902038574219,4637174
2020-12-31,366.5315246582031,7375061
2021-01-01,368.8980712890625,4461761
2021-01-04,381.5827331542969,8872723
2021-01-05,374.1517639160156,6190435
2021-01-06,380.2574768066406,7910567
2021-01-07,383.7599792480469,10231006
2021-01-08,381.3460998535156,7559664
2021-01-11,377.7489318847656,4822618
2021-01-12,378.2222595214844,6708618
2021-01-13,381.4407958984375,6885599
2021-01-14,375.2403564453125,4886430
2021-01-15,373.1578674316406,7329969
2021-01-18,362.6503601074219,10605461
2021-01-19,374.2937927246094,5842513
2021-01-20,379.5002136230469,5604951
2021-01-21,372.305908203125,7085945
2021-01-22,355.3613586425781,8779405
2021-01-25,362.0350341796875,17874949
2021-01-27,356.1660461425781,8576326
2021-01-28,356.2132873535156,6969457
2021-01-29,347.26776123046875,7981367
2021-02-01,360.5204772949219,6141212
2021-02-02,368.2354431152344,7450391
2021-02-03,371.92724609375,6063017
2021-02-04,378.9322814941406,6283280
2021-02-05,380.73077392578125,9008833
2021-02-08,395.3560791015625,9008722
2021-02-09,384.75396728515625,7961747
2021-02-10,388.82440185546875,8008124
2021-02-11,387.0258483886719,3598146
2021-02-12,382.2453918457031,4667663
2021-02-15,382.1507263183594,4678133
2021-02-16,385.8899230957031,10594928
2021-02-17,386.88385009765625,5486323
2021-02-18,385.8899230957031,5889983
2021-02-19,374.53045654296875,4527644
2021-02-22,384.4226379394531,9371697
2021-02-23,390.57568359375,8127742
2021-02-24,386.31591796875,10570509
2021-02-25,399.23724365234375,9051315
2021-02-26,374.3411560058594,11433748
2021-03-01,383.4760437011719,5834233
2021-03-02,391.2382507324219,5055665
2021-03-03,405.2955627441406,11903775
2021-03-04,391.9956359863281,8655068
2021-03-05,384.70660400390625,7045618
2021-03-08,386.0792236328125,4176709
2021-03-09,380.162841796875,5477847
2021-03-10,391.90093994140625,6536253
2021-03-12,396.39739990234375,13448994
2021-03-15,406.71551513671875,10146579
2021-03-16,403.2130432128906,8103798
2021-03-17,399.9472351074219,4738590
2021-03-18,400.5625,6837030
2021-03-19,417.0336608886719,11116495
2021-03-22,421.5301513671875,7010923
2021-03-23,418.21697998046875,5066287
2021-03-24,414.0045471191406,7803892
2021-03-25,414.6198425292969,10870751
2021-03-26,421.4354553222656,12165673
2021-03-30,442.497802734375,17646211
2021-03-31,443.44439697265625,7635784
2021-04-01,481.59326171875,35736230
2021-04-05,489.87615966796875,29711225
2021-04-06,508.76123046875,26533367
2021-04-07,532.2847290039062,20024702
2021-04-08,581.3197021484375,72006147
2021-04-09,587.8513793945312,51062079
2021-04-12,571.9008178710938,27047004
2021-04-13,596.7022705078125,26091257
2021-04-15,595.5189819335938,24006650
2021-04-16,586.3367919921875,14389029
2021-04-19,582.928955078125,17044636
2021-04-20,587.4727783203125,13626064
2021-04-22,606.5471801757812,22859059
2021-04-23,601.4827270507812,17931094
2021-04-26,620.7937622070312,16506538
2021-04-27,630.3546752929688,15799458
2021-04-28,627.2781982421875,15558949
2021-04-29,687.7199096679688,56816962
2021-04-30,679.5315551757812,36449711
2021-05-03,684.6434326171875,16906171
2021-05-04,677.2124633789062,13790054
2021-05-05,679.3896484375,12284261
2021-05-06,690.8436889648438,18365325
2021-05-07,716.54443359375,26586556
2021-05-10,718.1537475585938,15105182
2021-05-11,695.0562133789062,16277517
2021-05-12,670.11279296875,14410802
2021-05-14,669.3554077148438,26344309
2021-05-17,676.2658081054688,12706884
2021-05-18,679.1529541015625,9477286
2021-05-19,668.172119140625,6562006
2021-05-20,657.427978515625,10104850
2021-05-21,660.9305419921875,7340528
2021-05-24,645.0745849609375,22332409
2021-05-25,663.3916625976562,22058890
2021-05-26,645.7845458984375,18721303
2021-05-27,645.4532470703125,15110958
2021-05-28,652.9788818359375,12698590
2021-05-31,672.9525756835938,11685565
2021-06-01,657.427978515625,14156453
2021-06-02,668.3613891601562,9653111
2021-06-03,675.9817504882812,8329454
2021-06-04,682.7027587890625,9653847
2021-06-07,677.543701171875,6872666
2021-06-08,669.7340698242188,8230750
2021-06-09,660.5991821289062,6922786
2021-06-10,668.124755859375,8543092
2021-06-11,692.1690673828125,11372473
2021-06-14,690.2283935546875,10470356
2021-06-15,686.3945922851562,5124845
2021-06-16,667.7461547851562,9016464
2021-06-17,659.1792602539062,5639158
2021-06-18,634.8037719726562,13505600
2021-06-21,637.0283813476562,8187341
2021-06-22,639.2056274414062,5398107
2021-06-23,629.9760131835938,6059813
2021-06-24,642.7554321289062,6985183
2021-06-25,652.6949462890625,9066409
2021-06-28,658.232666015625,5669654
2021-06-29,649.287109375,4377422
2021-06-30,647.3938598632812,6112824
2021-07-01,644.2225952148438,4133198
2021-07-02,635.4663696289062,5499982
2021-07-05,643.0656127929688,5427717
2021-07-06,643.447998046875,4790854
2021-07-07,659.9368896484375,8536360
2021-07-08,638.76416015625,7099529
2021-07-09,651.4773559570312,7814242
2021-07-12,663.8081665039062,11632489
2021-07-13,670.4514770507812,6832695
2021-07-14,669.49560546875,5996797
2021-07-15,668.2529296875,4735495
2021-07-16,672.5543823242188,3590287
2021-07-19,667.5838623046875,5377227
2021-07-20,651.9075317382812,5829609
2021-07-22,684.9329833984375,9472817
2021-07-23,685.888916015625,8731309
2021-07-26,673.4624633789062,14645713
2021-07-27,679.2933959960938,6840353
2021-07-28,689.8557739257812,8329455
2021-07-29,715.377685546875,18513875
2021-07-30,704.4329223632812,9971622
2021-08-02,713.7527465820312,6971560
2021-08-03,707.6350708007812,6939253
2021-08-04,714.2783813476562,6680733
2021-08-05,729.5723876953125,8613347
2021-08-06,723.9327392578125,8973665
2021-08-09,714.3739624023438,5119564
2021-08-10,690.2859497070312,6382357
2021-08-11,716.0467529296875,11909486
2021-08-12,715.8555908203125,3506281
2021-08-13,715.9990234375,5611264
2021-08-16,728.0430297851562,9095337
2021-08-17,711.4107666015625,6482187
2021-08-18,704.9108276367188,5905871
2021-08-20,654.3927612304688,13126219
2021-08-23,654.0103759765625,11781361
2021-08-24,661.1317138671875,8283854
2021-08-25,653.67578125,5539409
2021-08-26,642.3487548828125,5659963
2021-08-27,647.6060791015625,4978277
2021-08-30,656.2566528320312,5891576
2021-08-31,657.2603759765625,5399215
2021-09-01,646.7935791015625,4316801
2021-09-02,654.8229370117188,3635439
2021-09-03,660.414794921875,4145359
2021-09-06,656.3523559570312,5179490
2021-09-07,653.6280517578125,3555927
2021-09-08,656.7346801757812,3288571
2021-09-09,658.5508422851562,2381494
2021-09-13,663.7603149414062,3778975
2021-09-14,663.0435180664062,3185808
2021-09-15,665.9110717773438,2871538
2021-09-16,659.0287475585938,3372499
2021-09-17,652.1942749023438,7804735
2021-09-20,605.2607421875,10340874
2021-09-21,639.433349609375,14289169
2021-09-22,648.6097412109375,8147214
2021-09-23,647.3670654296875,4039612
2021-09-24,630.0657958984375,7363339
2021-09-27,620.029052734375,5889365
2021-09-28,631.690673828125,4735779
2021-09-29,649.8045043945312,7345149
2021-09-30,638.81201171875,4934499
2021-10-01,644.4994506835938,5193048
2021-10-04,651.094970703125,5617530
2021-10-05,649.3743896484375,4186464
2021-10-06,630.1613159179688,5994344
2021-10-07,637.1392211914062,3042177
2021-10-08,636.4700317382812,3826818
2021-10-11,642.7311401367188,2257738
2021-10-12,644.0215454101562,2930894
2021-10-13,651.3817138671875,5601758
2021-10-14,662.2787475585938,4751065
2021-10-18,684.216064453125,9493244
2021-10-19,661.0360717773438,4164143
2021-10-20,654.9185180664062,3256699
2021-10-21,644.3560180664062,5811087
2021-10-22,638.3340454101562,10162556
2021-10-25,644.4994506835938,3987950
2021-10-26,663.7125244140625,4238644
2021-10-27,654.6795654296875,3330934
2021-10-28,637.9995727539062,3080237
2021-10-29,639.6244506835938,3612552
2021-11-01,658.5508422851562,3234840
2021-11-02,643.1611938476562,3204544
2021-11-03,650.2346801757812,2265795
2021-11-04,650.2346801757812,0
2021-11-08,655.5875854492188,2919045
2021-11-09,646.7935791015625,2494969
2021-11-10,633.17236328125,6871348
2021-11-11,637.9517211914062,3868489
2021-11-12,641.7274169921875,2542949
2021-11-15,632.31201171875,3143670
2021-11-16,635.56201171875,2795558
2021-11-17,633.12451171875,2882577
2021-11-18,621.8451538085938,4010171
2021-11-22,628.0106201171875,3944981
2021-11-23,653.1500854492188,9033812
2021-11-24,653.102294921875,4374307
2021-11-25,650.8560791015625,2850008
2021-11-26,600.9114990234375,8921840
2021-11-29,597.99609375,4230776
2021-11-30,581.5549926757812,6606473
2021-12-01,609.0842895507812,6580138
2021-12-02,618.2128295898438,4017457
2021-12-03,616.1099853515625,4885753
2021-12-06,614.4849243164062,13699768
2021-12-07,631.4995727539062,12896360
2021-12-08,643.2568359375,9676621
2021-12-09,644.3560180664062,9692290
2021-12-10,649.5656127929688,2430834
2021-12-13,640.9627075195312,4149735
2021-12-14,640.7237548828125,2942047
2021-12-15,629.4443969726562,4724542
2021-12-16,632.9334106445312,2474595
2021-12-17,631.1171264648438,3003978
2021-12-20,614.2459106445312,4070706
2021-12-21,629.253173828125,3127861
2021-12-22,631.8341064453125,1273217
2021-12-23,621.5584106445312,2971327
2021-12-24,622.5620727539062,3973912
2021-12-27,624.23486328125,1838919
2021-12-28,628.3451538085938,2232852
2021-12-29,626.9591064453125,3014867
2021-12-30,617.3048095703125,3713255
2021-12-31,627.0068969726562,2499623
2022-01-03,637.6171264648438,2383218
2022-01-04,640.8193359375,1999008
2022-01-05,663.8558959960938,6342812
2022-01-06,644.2127075195312,4714784
2022-01-07,643.1611938476562,2862614
2022-01-10,642.4443359375,1841965
2022-01-11,617.2091674804688,6912370
2022-01-12,628.058349609375,5343630
2022-01-13,657.4993286132812,7202966
2022-01-14,652.57666015625,2054419
2022-01-17,668.5397338867188,5920282
2022-01-18,650.1869506835938,3450193
2022-01-19,644.8818359375,4889920
2022-01-20,652.3853759765625,2862609
2022-01-21,636.8524169921875,3836844
2022-01-24,594.36376953125,7296421
2022-01-25,603.3012084960938,5007835
2022-01-27,598.4739990234375,4760551
2022-01-28,600.3379516601562,3719102
2022-01-31,601.1982421875,2892647
2022-02-01,625.4296875,5150345
2022-02-02,630.7347412109375,2562721
2022-02-03,624.3305053710938,2456228
2022-02-04,628.3451538085938,3284062
2022-02-07,622.4187622070312,2768417
2022-02-08,630.9738159179688,3184065
2022-02-09,633.7936401367188,2200828
2022-02-10,642.8744506835938,4284880
2022-02-11,641.7752075195312,3122555
2022-02-14,598.9041748046875,6491576
2022-02-15,612.3820190429688,4001839
2022-02-16,609.8489379882812,1939683
2022-02-17,610.0401000976562,2382178
2022-02-18,604.9261474609375,1458069
2022-02-21,595.6063232421875,1857572
2022-02-22,594.554931640625,3353278
2022-02-23,587.5769653320312,2339927
2022-02-24,544.22802734375,5487481
2022-02-25,572.1873779296875,4524909
2022-02-28,599.7644653320312,7142843
2022-03-02,616.1576538085938,8894940
2022-03-03,625.8120727539062,5940599
2022-03-04,604.0658569335938,7605400
2022-03-07,609.0364990234375,5507113
2022-03-08,602.0585327148438,5422987
2022-03-09,599.4777221679688,3784214
2022-03-10,622.036376953125,5201836
2022-03-11,640.197998046875,8172290
2022-03-14,635.51416015625,2529995
2022-03-15,612.8599853515625,4754984
2022-03-16,626.3377685546875,3150421
2022-03-17,654.87060546875,9991824
2022-03-21,651.2383422851562,4609771
2022-03-22,665.7677001953125,4811589
2022-03-23,673.319091796875,8964532
2022-03-24,683.5469360351562,6069039
2022-03-25,689.5211791992188,16121868
2022-03-28,697.8851318359375,8935680
2022-03-29,720.635009765625,7285191
2022-03-30,685.888916015625,5994838
2022-03-31,700.3225708007812,5946576
2022-04-01,699.8924560546875,5079937
2022-04-04,700.3704223632812,4901374
2022-04-05,701.0873413085938,3524949
2022-04-06,704.8630981445312,4111360
2022-04-07,695.925537109375,2954985
2022-04-08,723.2158203125,8125253
2022-04-11,733.5393676757812,7926472
2022-04-12,722.5467529296875,8595936
2022-04-13,732.53564453125,6722613
2022-04-18,733.9694213867188,5866740
2022-04-19,713.4659423828125,7301285
2022-04-20,706.2490844726562,4679947
2022-04-21,701.8042602539062,3995936
2022-04-22,691.4807739257812,2244262
2022-04-25,684.1204833984375,4935672
2022-04-26,689.3778076171875,3260695
2022-04-27,688.8042602539062,3391522
2022-04-28,696.9292602539062,4079934
2022-04-29,695.0653076171875,3622889
2022-05-02,699.6535034179688,2802163
2022-05-04,680.1536254882812,3011231
2022-05-05,676.521240234375,3131221
2022-05-06,659.9368896484375,3930624
2022-05-09,648.4185180664062,3380947
2022-05-10,616.8267822265625,4293241
2022-05-11,620.3157958984375,4158341
2022-05-12,597.2313842773438,4123927
2022-05-13,573.9557495117188,5567335
2022-05-16,575.7241821289062,4641172
2022-05-17,613.529052734375,6309092
2022-05-18,603.20556640625,4941565
2022-05-19,573.7168579101562,5816509
2022-05-20,603.25341796875,6187868
2022-05-23,523.3899536132812,17554373
2022-05-24,515.8863525390625,7517949
2022-05-25,505.1327209472656,4725882
2022-05-26,527.3568725585938,8178844
2022-05-27,524.2024536132812,5193961
2022-05-30,515.0737915039062,12211769
2022-05-31,526.9266967773438,20152169
2022-06-01,544.3713989257812,8495547
2022-06-02,548.099365234375,7010273
2022-06-03,537.6325073242188,6367536
2022-06-06,553.4522705078125,10383944
2022-06-07,546.8567504882812,3735461
2022-06-08,550.72802734375,4138705
2022-06-09,546.9522705078125,3922515
2022-06-10,547.239013671875,3374125
2022-06-13,539.1141357421875,4071346
2022-06-14,537.1068115234375,3413396
2022-06-15,538.158203125,3803101
2022-06-16,521.7649536132812,4899759
2022-06-17,530.1287841796875,6776372
2022-06-20,526.06640625,5614520
2022-06-21,550.7757568359375,4657829
2022-06-22,526.1141967773438,8511658
2022-06-23,534.2869262695312,5037690
2022-06-24,542.7463989257812,3406061
2022-06-27,546.4266357421875,6550599
2022-06-28,552.8787841796875,4285360
2022-06-29,550.6323852539062,3334027
2022-06-30,539.592041015625,5646362
2022-07-01,553.308837890625,3737790
2022-07-04,543.4547119140625,6026463
2022-07-05,544.5880126953125,3562565
2022-07-06,546.460205078125,3281658
2022-07-07,566.2177734375,4952962
2022-07-08,557.9403076171875,3313755
2022-07-11,568.8783569335938,4900994
2022-07-12,566.0699462890625,3425619
2022-07-13,580.0134887695312,4569908
2022-07-14,575.4806518554688,4660656
2022-07-15,567.9915771484375,3051005
2022-07-18,577.4022216796875,3583550
2022-07-19,576.3181762695312,3586372
2022-07-20,581.7379760742188,4550328
2022-07-21,578.9788818359375,3773423
2022-07-22,573.9532470703125,4351458
2022-07-25,576.958740234375,5783353
2022-07-26,589.030029296875,6031921
2022-07-27,593.9078369140625,2913380
2022-07-28,607.7035522460938,5104503
2022-07-29,620.4154052734375,4732970
2022-08-01,629.8753662109375,3055387
2022-08-02,639.2367553710938,3053206
2022-08-03,643.2769165039062,4446383
2022-08-04,654.6585083007812,4705675
2022-08-05,657.4176635742188,2455459
2022-08-08,659.437744140625,2446698
2022-08-10,660.3246459960938,3252353
2022-08-11,663.7735595703125,3480693
2022-08-12,668.3064575195312,3476671
2022-08-16,664.0198974609375,2747244
2022-08-17,662.7881469726562,2349839
2022-08-18,663.5764770507812,1806855
2022-08-19,654.8555297851562,1961510
2022-08-22,633.5706787109375,2303053
2022-08-23,643.3262329101562,1751341
2022-08-24,641.9959106445312,1781643
2022-08-25,639.2367553710938,1525852
2022-08-26,657.2698974609375,3070661
2022-08-29,640.1235961914062,2728484
2022-08-30,657.1713256835938,2321586
2022-09-01,651.9485473632812,2472832
2022-09-02,651.7515258789062,2022058
2022-09-05,672.0017700195312,4930594
2022-09-06,674.5638427734375,3295941
2022-09-07,674.613037109375,2310672
2022-09-08,675.3521728515625,1889770
2022-09-09,676.9288330078125,3953738
2022-09-12,676.9288330078125,0
2022-09-13,680.968994140625,2094822
2022-09-14,682.7427368164062,2755630
2022-09-15,679.5894165039062,2887795
2022-09-16,675.8447875976562,4073365
2022-09-19,670.0309448242188,1708723
2022-09-20,678.9489135742188,1802967
2022-09-21,674.8594360351562,1806929
2022-09-22,669.439697265625,1504203
2022-09-23,659.2406616210938,1558314
2022-09-26,636.7239990234375,2192702
2022-09-27,627.7074584960938,2512782
2022-09-28,607.5065307617188,2164186
2022-09-29,609.2310180664062,3577828
2022-09-30,622.4354858398438,1588501
2022-10-03,614.4537353515625,1285991
2022-10-04,633.8170166015625,1384242
2022-10-06,664.6112060546875,3704140
2022-10-07,656.3336791992188,1601796
2022-10-10,656.284423828125,1089870
2022-10-11,633.3735961914062,1644047
2022-10-12,641.6017456054688,1530483
2022-10-13,638.891845703125,938662
2022-10-14,630.9100952148438,1386827
2022-10-17,622.2384643554688,2281559
2022-10-18,627.4611206054688,1809430
2022-10-19,616.7694091796875,2157157
2022-10-20,619.2329711914062,2686775
2022-10-21,612.9755859375,2547197
2022-10-24,612.9755859375,0
2022-10-25,634.9501953125,4787246
2022-10-27,669.68603515625,8328955
2022-10-28,660.6203002929688,2500826
2022-10-31,664.118408203125,1380329
2022-11-01,676.3375244140625,2846573
2022-11-02,674.218994140625,1912908
2022-11-03,670.27734375,1639039
2022-11-04,691.512939453125,3624889
2022-11-07,699.642578125,3121786
2022-11-09,696.2428588867188,1632827
2022-11-10,690.8231201171875,932886
2022-11-11,708.51123046875,2607860
2022-11-14,708.9054565429688,2089880
2022-11-15,711.8123779296875,1065114
2022-11-16,697.9180908203125,1395043
2022-11-17,698.262939453125,1391449
2022-11-18,697.8687744140625,893816
2022-11-21,686.3887329101562,3360316
2022-11-22,697.9180908203125,2421572
2022-11-23,710.0386352539062,1735389
2022-11-24,715.35986328125,1654760
2022-11-25,715.606201171875,1466688
2022-11-28,705.2101440429688,2418509
2022-11-29,721.8635864257812,3306817
2022-11-30,732.5552978515625,3962572
2022-12-01,735.4130249023438,1942307
2022-12-02,732.2103881835938,1392199
2022-12-05,745.5626831054688,2129340
2022-12-06,735.8563842773438,1468238
2022-12-07,727.3818969726562,1162282
2022-12-08,733.8363647460938,1053397
2022-12-09,729.5990600585938,1338271
2022-12-12,730.0425415039062,1224081
2022-12-13,733.3928833007812,1201367
2022-12-14,746.8930053710938,1471083
2022-12-15,732.5060424804688,1690335
2022-12-16,732.6046142578125,1498658
2022-12-19,738.51708984375,944749
2022-12-20,734.9202880859375,1512103
2022-12-21,732.2596435546875,1605753
2022-12-22,726.7905883789062,1403642
2022-12-23,717.2321166992188,1687270
2022-12-26,721.5187377929688,1168456
2022-12-27,753.7908935546875,4992699
2022-12-28,750.58837890625,1917734
2022-12-29,758.1760864257812,2103907
2022-12-30,756.8456420898438,2190914
2023-01-02,763.9899291992188,3360043
2023-01-03,756.6979370117188,1635681
2023-01-04,725.5588989257812,2819669
2023-01-05,739.7489013671875,2452379
2023-01-06,717.724853515625,3536096
2023-01-09,731.5205688476562,1761359
2023-01-10,734.3291015625,2289489
2023-01-11,743.1978149414062,2794465
2023-01-12,752.3128051757812,2422254
2023-01-13,757.2891235351562,1816006
2023-01-16,748.1248168945312,1673126
2023-01-17,746.4495849609375,1480994
2023-01-18,755.9588623046875,1740579
2023-01-19,748.96240234375,2185302
2023-01-20,730.6337890625,3001352
2023-01-23,723.2432250976562,3335294
2023-01-24,711.5167846679688,3146984
2023-01-25,714.078857421875,1567673
2023-01-27,710.8269653320312,2706934
2023-01-30,691.463623046875,2277856
2023-01-31,705.9984741210938,2294866
2023-02-01,719.0552368164062,3271508
2023-02-02,716.7887573242188,2299091
2023-02-03,721.1737670898438,2558496
2023-02-06,700.6771850585938,1202963
2023-02-07,703.6827392578125,1946683
2023-02-08,721.2723388671875,1793312
2023-02-09,713.1919555664062,956700
2023-02-10,708.4620361328125,997205
2023-02-13,707.5750732421875,863438
2023-02-14,713.2904663085938,931784
2023-02-15,716.5424194335938,859372
2023-02-16,717.3307495117188,649802
2023-02-17,717.7741088867188,1142716
2023-02-20,712.7977905273438,606435
2023-02-21,709.59521484375,1749017
2023-02-22,689.7391357421875,1810091
2023-02-23,691.0693969726562,1824396
2023-02-24,675.0072631835938,2142286
2023-02-27,670.5729370117188,1814311
2023-02-28,657.4669189453125,1915622
2023-03-01,666.828369140625,1464537
2023-03-02,665.2516479492188,1091983
2023-03-03,672.3465576171875,1084202
2023-03-06,664.4140014648438,1215223
2023-03-08,665.5472412109375,1539129
2023-03-09,670.27734375,6336933
2023-03-10,669.4889526367188,5369878
2023-03-13,665.744384765625,1602921
2023-03-14,662.2461547851562,1555671
2023-03-15,669.7353515625,1173429
2023-03-16,652.7369995117188,2512474
2023-03-17,666.5327758789062,1667707
2023-03-20,658.4031372070312,1480884
2023-03-21,656.0380859375,1133592
2023-03-22,652.589111328125,949388
2023-03-23,658.0581665039062,1099501
2023-03-24,648.2040405273438,1563002
2023-03-27,649.2387084960938,1134491
2023-03-28,650.3719482421875,1190600
2023-03-29,668.9962768554688,2208428
2023-03-31,678.06201171875,1447293
2023-04-03,672.2481079101562,1335604
2023-04-05,676.53466796875,1188370
2023-04-06,672.7408447265625,726290
2023-04-10,678.4561767578125,600036
2023-04-11,703.1900024414062,4076632
2023-04-12,707.772216796875,1810361
2023-04-13,710.13720703125,835749
2023-04-17,710.67919921875,1253589
2023-04-18,708.8561401367188,837349
2023-04-19,711.8123779296875,2268330
2023-04-20,705.35791015625,1033900
2023-04-21,700.2830810546875,1416385
2023-04-24,709.8414916992188,729151
2023-04-25,714.4237670898438,1079227
2023-04-26,712.8963012695312,1277410
2023-04-27,721.4201049804688,1247848
2023-04-28,714.7193603515625,1593083
2023-05-02,727.1355590820312,1965606
2023-05-03,721.7650756835938,1215913
2023-05-04,727.923828125,1464468
2023-05-05,722.6519165039062,945667
2023-05-08,722.1099243164062,1132367
2023-05-09,714.0294799804688,1179219
2023-05-10,713.7831420898438,919645
2023-05-11,700.2337646484375,1284636
2023-05-12,692.3998413085938,1499306
2023-05-15,695.2574462890625,998259
2023-05-16,692.498291015625,874913
2023-05-17,684.9598999023438,1686465
2023-05-18,681.9544067382812,3667407
2023-05-19,683.7280883789062,2329260
2023-05-22,694.3213500976562,2182824
2023-05-23,693.82861328125,2324758
2023-05-24,685.8468017578125,1185182
2023-05-25,686.4873657226562,1213068
2023-05-26,691.463623046875,1461749
2023-05-29,691.9563598632812,1467219
2023-05-30,694.3213500976562,3317461
2023-05-31,686.1423950195312,14943096
2023-06-01,683.7280883789062,1995511
2023-06-02,696.2921142578125,3405152
2023-06-05,701.76123046875,2454283
2023-06-06,702.450927734375,2436996
2023-06-07,719.1043701171875,3667486
2023-06-08,737.8765258789062,9618332
2023-06-09,737.5809326171875,2408734
2023-06-12,736.3983764648438,1703619
2023-06-13,745.612060546875,3419413
2023-06-14,761.57568359375,4758206
2023-06-15,759.3585205078125,2222061
2023-06-16,764.7782592773438,2285788
2023-06-19,760.3932495117188,1422461
2023-06-20,761.8713989257812,2282549
2023-06-21,747.681396484375,2768203
2023-06-22,741.3746948242188,1972478
2023-06-23,735.6100463867188,1704679
2023-06-26,737.8765258789062,1602537
2023-06-27,751.376708984375,2783577
2023-06-28,771.9718017578125,8340755
2023-06-30,773.351318359375,2515440
2023-07-03,782.4171752929688,4781944
2023-07-04,785.028564453125,2473106
2023-07-05,780.3477783203125,2526894
2023-07-06,783.9445190429688,3316923
2023-07-07,776.89892578125,2547821
2023-07-10,798.7749633789062,4777540
2023-07-11,789.0773315429688,3085989
2023-07-12,797.2907104492188,25929716
2023-07-13,793.7777709960938,3049961
2023-07-14,796.4495239257812,2011903
2023-07-17,789.8195190429688,1769593
2023-07-18,782.6451416015625,1527919
2023-07-19,783.6347045898438,1563134
2023-07-20,790.7100219726562,1780010
2023-07-21,778.2415771484375,8469798
2023-07-24,767.5543212890625,2710762
2023-07-25,792.1943969726562,4850069
2023-07-26,797.0432739257812,3062011
2023-07-27,785.4653930664062,2865447
2023-07-28,795.7568969726562,2111325
2023-07-31,808.225341796875,4226070
2023-08-01,812.33203125,2406158
2023-08-02,795.8557739257812,1975596
2023-08-03,796.0537719726562,1829238
2023-08-04,797.5380859375,1275614
2023-08-07,804.56396484375,1422051
2023-08-08,792.9365844726562,933777
2023-08-09,814.8554077148438,3133311
2023-08-10,822.8214111328125,6313077
2023-08-11,812.0846557617188,3239511
2023-08-14,791.1058959960938,1866848
2023-08-16,786.9992065429688,1317570
2023-08-17,781.5071411132812,1434401
2023-08-18,778.884765625,1546387
2023-08-21,786.4549560546875,1033216
2023-08-22,786.9002685546875,823108
2023-08-23,789.5721435546875,1274976
2023-08-24,779.6764526367188,1726077
2023-08-25,765.0804443359375,1502054
2023-08-28,764.9320068359375,1769280
2023-08-29,774.4812622070312,1807893
2023-08-30,778.934326171875,1978468
2023-08-31,771.5125732421875,3999415
2023-09-01,797.9833374023438,3513798
2023-09-04,801.3478393554688,3571051
2023-09-05,807.4336547851562,1770212
2023-09-06,806.3946533203125,2225037
2023-09-07,810.7487182617188,2652562
2023-09-08,807.2357788085938,1866220
2023-09-11,815.6470336914062,1715172
2023-09-12,807.6810913085938,2776481
2023-09-13,802.238525390625,1380634
2023-09-14,801.89208984375,2398032
2023-09-15,804.3660278320312,4454542
2023-09-18,800.3583374023438,1335464
2023-09-20,778.5384521484375,3359951
2023-09-21,770.22607421875,2875491
2023-09-22,765.9710083007812,2147621
2023-09-25,771.7599487304688,2326745
2023-09-26,771.5125732421875,1727679
2023-09-27,771.4630126953125,2612372
2023-09-28,760.0831298828125,3157286
2023-09-29,771.4630126953125,1704218
2023-10-03,762.210693359375,1099773
2023-10-04,748.703125,1654158
2023-10-05,747.6146240234375,1459736
2023-10-06,757.21337890625,2026927
2023-10-09,749.6431884765625,725323
2023-10-10,763.843505859375,1351582
2023-10-11,769.1376342773438,1841618
2023-10-12,775.2728881835938,2139718
2023-10-13,769.1376342773438,998547
2023-10-16,782.447265625,2157341
2023-10-17,781.9030151367188,1050381
2023-10-18,776.2130126953125,1250892
2023-10-19,772.30419921875,2130597
2023-10-20,761.3695678710938,1501944
2023-10-23,741.1329956054688,1715908
2023-10-25,740.48974609375,2417579
2023-10-26,721.0943603515625,2519570
2023-10-27,724.3599243164062,1588987
2023-10-30,726.8338012695312,1162173
2023-10-31,728.6644897460938,1363728
2023-11-01,716.888671875,1845107
2023-11-02,725.69580078125,1095177
2023-11-03,738.2632446289062,2526039
2023-11-06,746.1302490234375,2782755
2023-11-07,740.78662109375,2288975
2023-11-08,748.8021240234375,2664277
2023-11-09,743.0131225585938,2579350
2023-11-10,746.8724365234375,1108868
2023-11-13,753.1561279296875,942603
2023-11-15,764.7835083007812,2443652
2023-11-16,761.1221923828125,1699954
2023-11-17,760.7758178710938,1567731
2023-11-20,753.8983154296875,1024654
2023-11-21,767.7026977539062,1846834
2023-11-22,760.429443359375,1312655
2023-11-23,767.455322265625,1068229
2023-11-24,773.887451171875,2069730
2023-11-28,774.184326171875,858569
2023-11-29,784.9706420898438,1481172
2023-11-30,792.7386474609375,3142500
2023-12-01,802.33740234375,2064512
2023-12-04,811.0455322265625,2789349
2023-12-05,813.1236572265625,1338828
2023-12-06,816.0923461914062,1543909
2023-12-07,810.600341796875,1717648
2023-12-08,830.5894165039062,7142037
2023-12-11,836.2794189453125,1630946
2023-12-12,844.9381103515625,2518863
2023-12-13,842.5137329101562,2170707
2023-12-14,838.555419921875,2711444
2023-12-15,858.1488037109375,4058044
2023-12-18,845.9771728515625,4324786
2023-12-19,849.7374877929688,1285256
2023-12-20,833.4591674804688,1764901
2023-12-21,833.1129150390625,2106856
2023-12-22,846.3729248046875,1846933
2023-12-26,843.4042358398438,1294151
2023-12-27,866.7579956054688,2466359
2023-12-28,871.6068115234375,4482599
2023-12-29,871.0625610351562,1906630
2024-01-01,868.440185546875,778184
2024-01-02,861.1174926757812,1615515
2024-01-03,828.9072265625,3983411
2024-01-04,828.3629150390625,1878399
2024-01-05,820.7432861328125,2060548
2024-01-08,813.37109375,1107367
2024-01-09,812.8268432617188,1458862
2024-01-10,821.13916015625,1265739
2024-01-11,813.469970703125,1205504
2024-01-12,817.1808471679688,1326357
2024-01-15,816.5377197265625,1497605
2024-01-16,823.613037109375,1920936
2024-01-17,804.168212890625,1433551
2024-01-18,795.2620849609375,1991900
2024-01-19,808.1264038085938,1358166
2024-01-23,782.150390625,1533222
2024-01-24,803.7228393554688,1490515
2024-01-25,807.186279296875,3240065
2024-01-29,803.22802734375,1574830
2024-01-30,803.52490234375,1892910
2024-01-31,810.1055297851562,1954023
2024-02-01,793.3324584960938,2287350
2024-02-02,814.954345703125,2871131
2024-02-05,806.1472778320312,2056107
2024-02-06,810.2044677734375,1547506
2024-02-07,827.8681640625,3647454
2024-02-08,813.5194702148438,2294805
2024-02-09,803.2775268554688,1396058
2024-02-12,803.0301513671875,1408603
2024-02-13,804.168212890625,1675844
2024-02-14,804.7618408203125,1546826
2024-02-15,803.8712768554688,1482200
2024-02-16,811.3919677734375,1774587
2024-02-19,811.6393432617188,829517
2024-02-20,812.62890625,1384043
2024-02-21,819.6052856445312,6419882
2024-02-22,820.0011596679688,2366934
2024-02-23,812.4309692382812,1736000
2024-02-26,800.308837890625,1188689
2024-02-27,810.40234375,1331211
2024-02-28,790.2647705078125,1851909
2024-02-29,791.7490844726562,3155812
2024-03-01,827.4723510742188,5377896
2024-03-04,815.696533203125,3821690
2024-03-05,810.7487182617188,2630517
2024-03-06,804.4155883789062,2041620
2024-03-07,821.3370361328125,5074846
2024-03-11,821.13916015625,1622850
2024-03-12,809.264404296875,1231413
2024-03-13,784.6737670898438,3047464
2024-03-14,777.2520141601562,5262918
2024-03-15,772.502197265625,3992861
2024-03-18,796.0042724609375,3561533
2024-03-19,792.689208984375,2192986
2024-03-20,786.3560180664062,1538050
2024-03-21,803.8712768554688,2783067
2024-03-22,816.1912841796875,3983433
2024-03-26,813.3216552734375,2454193
2024-03-27,809.5117797851562,1884038
2024-03-28,821.5349731445312,3722941
2024-04-01,862.8492431640625,6053539
2024-04-02,870.072998046875,2784783
2024-04-03,859.9299926757812,1980049
2024-04-04,853.497802734375,2790334
2024-04-05,848.1541748046875,1847243
2024-04-08,867.30224609375,2462906
2024-04-09,865.4714965820312,2512308
2024-04-10,874.7239990234375,2519596
2024-04-12,857.4066162109375,4129109
2024-04-15,851.46923828125,1974756
2024-04-16,836.4278564453125,1706563
2024-04-18,835.9825439453125,3437879
2024-04-19,855.7738037109375,3157898
2024-04-22,845.878173828125,1584578
2024-04-23,842.4641723632812,1755588
2024-04-24,873.4869995117188,4257548
2024-04-25,896.3458862304688,4893459
2024-04-26,877.9895629882812,3626999
2024-04-29,886.4007568359375,1956431
2024-04-30,872.9922485351562,1831578
2024-05-02,881.05712890625,2448369
2024-05-03,865.07568359375,3672279
2024-05-06,871.4584350585938,2556178
2024-05-07,848.4015502929688,2369111
2024-05-08,855.6254272460938,1849894
2024-05-09,825.8395385742188,2282517
2024-05-10,844.6907348632812,1947295
2024-05-13,851.6176147460938,1735081
2024-05-14,872.299560546875,2706050
2024-05-15,861.859619140625,2194086
2024-05-16,877.1484375,3282175
2024-05-17,897.9786987304688,4635724
2024-05-21,913.8117065429688,5938708
2024-05-22,906.2415161132812,2938404
2024-05-23,907.4290161132812,3800388
2024-05-24,899.1661376953125,2113036
2024-05-27,892.5361328125,1893682
2024-05-28,897.8796997070312,1931419
2024-05-29,892.4866333007812,1740879
2024-05-30,874.4766235351562,3993159
2024-05-31,871.3594360351562,5249761
2024-06-03,905.7467041015625,2541803
2024-06-04,833.0633544921875,4022430
2024-06-05,869.23193359375,1969854
2024-06-06,878.83056640625,3095781
2024-06-07,902.629638671875,3609817
2024-06-10,906.3405151367188,1765715
2024-06-11,900.6010131835938,2003998
2024-06-12,907.330078125,1782777
2024-06-13,906.1920166015625,1788757
2024-06-14,911.5357666015625,2625892
2024-06-18,915.6918334960938,2395045
2024-06-19,905.400390625,1793533
2024-06-20,919.9469604492188,3120339
2024-06-21,927.121337890625,4299319
2024-06-24,925.5874633789062,1857847
2024-06-25,920.1943969726562,1733931
2024-06-26,909.6060791015625,1341496
2024-06-27,933.3060913085938,4700053
2024-06-28,921.7776489257812,2402672
2024-07-01,934.0482177734375,2562034
2024-07-02,928.4572143554688,1936180
2024-07-03,940.48046875,1369238
2024-07-04,934.4935302734375,1384884
2024-07-05,944.09228515625,1583550
2024-07-08,929.3972778320312,1569620
2024-07-09,932.7881469726562,1489629
2024-07-10,922.9147338867188,1483892
2024-07-11,922.5158081054688,2348723
2024-07-12,931.8905639648438,1498780
2024-07-15,929.1978149414062,1337839
2024-07-16,931.8406982421875,1442535
2024-07-18,928.948486328125,1812254
2024-07-19,887.061279296875,3001973
2024-07-22,886.1636962890625,2725373
2024-07-23,891.5491943359375,1640412
2024-07-24,878.9830322265625,1519772
2024-07-25,872.1514282226562,1636466
2024-07-26,898.1314697265625,2056457
2024-07-29,896.1368408203125,1066351
2024-07-30,899.6773071289062,979026
2024-07-31,925.757080078125,2716481
2024-08-01,932.0401611328125,4039078
2024-08-02,897.1341552734375,3306705
2024-08-05,861.4801635742188,4059902
2024-08-06,881.6259155273438,2665068
2024-08-07,904.015625,2262055
2024-08-08,885.1663818359375,2796559
2024-08-09,902.6692504882812,1722454
2024-08-12,914.8863525390625,3822527
2024-08-13,905.411865234375,1329629
2024-08-14,887.9089965820312,2024615
2024-08-16,906.01025390625,2208842
2024-08-19,915.2852783203125,847523
2024-08-20,914.6869506835938,696605
2024-08-21,923.3136596679688,1600466
2024-08-22,930.74365234375,1073406
2024-08-23,938.522705078125,1441218
2024-08-26,960.9124145507812,2364465
2024-08-27,941.4647827148438,2480788
2024-08-28,946.70068359375,2285575
2024-08-29,937.1763305664062,2233515
2024-08-30,938.5725708007812,2896103
2024-09-02,937.92431640625,1316611
2024-09-03,928.4498291015625,1116938
2024-09-04,930.544189453125,3020790
2024-09-05,922.964599609375,1482001
2024-09-06,930.2948608398438,1984209
2024-09-09,931.740966796875,1793548
2024-09-10,936.2288818359375,1388455
2024-09-11,925.2584228515625,1087490
2024-09-12,952.2357788085938,3061006
2024-09-13,951.9864501953125,2445329
2024-09-16,968.3922729492188,2186706
2024-09-17,961.660400390625,543055
2024-09-18,954.1306762695312,644373
2024-09-19,945.8529663085938,1278919
2024-09-20,978.9139404296875,8035572
2024-09-23,979.4624633789062,1714600
2024-09-24,987.0420532226562,5545642
2024-09-25,980.010986328125,1309311
2024-09-26,1002.8494873046875,2706617
2024-09-27,998.8602294921875,2757284
2024-09-30,1027.28369140625,4250590
2024-10-01,1024.5411376953125,1392457
2024-10-03,1036.309326171875,6615927
2024-10-04,1030.9737548828125,4855592
2024-10-07,1016.0140380859375,2708970
2024-10-08,995.5192260742188,4115797
2024-10-09,991.8291625976562,2138939
2024-10-10,1004.6945190429688,1368830
2024-10-11,1009.33203125,1957211
2024-10-14,1009.7808227539062,1831080
2024-10-15,998.162109375,1444250
2024-10-16,986.6929931640625,1248745
2024-10-17,976.8694458007812,1079467
2024-10-18,989.9342651367188,1291683
2024-10-21,978.814208984375,953143
2024-10-22,961.06201171875,1318146
2024-10-23,951.88671875,1306503
2024-10-24,955.5269165039062,650392
2024-10-25,941.315185546875,2541293
2024-10-28,964.65234375,1737402
2024-10-29,956.2250366210938,1032874
2024-10-30,954.7290649414062,733890
2024-10-31,961.06201171875,1445602
2024-11-01,965.6995239257812,136508
2024-11-04,952.3355102539062,957723
2024-11-05,996.8157348632812,5177028
2024-11-06,1005.941162109375,2761749
2024-11-07,987.1417846679688,2477876
2024-11-08,993.7240600585938,3568198
2024-11-11,976.3707885742188,1336153
2024-11-12,954.67919921875,731821
2024-11-13,933.4364013671875,1167594
2024-11-14,936.528076171875,1662673
2024-11-18,947.299072265625,1143965
2024-11-19,944.7559204101562,617409
2024-11-21,941.6143798828125,1669641
2024-11-22,974.7252197265625,1889389
2024-11-25,950.7398071289062,4563438
2024-11-26,961.0121459960938,1184177
2024-11-27,966.248046875,1327011
2024-11-28,951.5875244140625,2959350
2024-11-29,963.4057006835938,1326686
2024-12-02,987.1417846679688,1272868
2024-12-03,996.1176147460938,2118830
2024-12-04,992.17822265625,1030877
2024-12-05,996.5165405273438,2221958
2024-12-06,1001.1041870117188,1218982
2024-12-09,1009.1824340820312,1457470
2024-12-10,1010.2296142578125,2227505
2024-12-11,997.5138549804688,1246315
2024-12-12,1003.0988159179688,1510341
2024-12-13,997.164794921875,2444182
2024-12-16,987.6903076171875,1220082
2024-12-17,964.25341796875,1673092
2024-12-18,944.30712890625,1612799
2024-12-19,923.4632568359375,1926448
2024-12-20,914.8863525390625,29003345
2024-12-23,934.533447265625,3988457
2024-12-24,919.374267578125,2048135
2024-12-26,911.994140625,2056005
2024-12-27,910.8472290039062,1917836
2024-12-30,896.5357666015625,1959379
2024-12-31,899.0789184570312,1031176
2025-01-01,903.018310546875,1020555
2025-01-02,910.0493774414062,1636373
2025-01-03,912.592529296875,2691743
2025-01-06,898.4805908203125,1104617
2025-01-07,909.3512573242188,688211
2025-01-08,899.8767700195312,744601
2025-01-09,888.5572509765625,1459142
2025-01-10,897.6826782226562,1614629
2025-01-13,881.3765869140625,1416585
2025-01-14,903.61669921875,1948192
2025-01-15,901.6220703125,1581897
2025-01-16,904.3646850585938,1946590
2025-01-17,906.1598510742188,911260
2025-01-20,916.7313842773438,1299378
2025-01-21,924.36083984375,1474919
2025-01-22,916.930908203125,1080075
2025-01-23,927.4026489257812,1267989
2025-01-24,929.94580078125,3538998
2025-01-27,916.8809814453125,3908402
2025-01-28,913.6896362304688,1101031
2025-01-29,935.0819702148438,1298065
2025-01-30,948.29638671875,2020147
2025-01-31,942.4620971679688,2037829
2025-02-01,931.740966796875,1339508
2025-02-03,931.4417724609375,1130056
2025-02-04,941.714111328125,1262634
2025-02-05,947.3489379882812,1209743
2025-02-06,945.8529663085938,3060140
2025-02-07,978.1160888671875,2846285
2025-02-10,956.5740966796875,1665049
2025-02-11,951.9365844726562,2535726
2025-02-12,953.8314819335938,2768806
2025-02-13,967.1954956054688,1414535
2025-02-14,962.0094604492188,2690126
2025-02-17,970.9354248046875,1321057
2025-02-18,976.1713256835938,1800070
2025-02-19,974.7252197265625,1581818
2025-02-20,978.5150146484375,1474610
2025-02-21,979.2630004882812,1599075
2025-02-24,964.2035522460938,1898963
2025-02-25,956.1751708984375,1095348
2025-02-27,972.3815307617188,2049890
2025-02-28,948.1467895507812,2553800
2025-03-03,973.4287109375,1744769
2025-03-04,971.4839477539062,1077034
2025-03-05,1000.0071411132812,2472192
2025-03-06,1008.3845825195312,2203409
2025-03-07,1008.4344482421875,759943
2025-03-10,1010.7781372070312,1855010
2025-03-11,1015.914306640625,1595868
2025-03-12,1007.6864624023438,1263600
2025-03-13,998.5111694335938,1218174
2025-03-17,1002.9990844726562,1522656
2025-03-18,1002.9990844726562,0
2025-03-19,1030.5748291015625,2652155
2025-03-20,1047.429443359375,2301795
2025-03-21,1055.856689453125,2630144
2025-03-24,1058.4996337890625,2267252
2025-03-25,1058.8486328125,1571677
2025-03-26,1053.61279296875,1254060
2025-03-27,1056.9039306640625,2514499
2025-03-28,1060.3446044921875,1674204
2025-04-01,1053.413330078125,1776263
2025-04-02,1053.0643310546875,878958
2025-04-03,1041.24609375,1607693
2025-04-04,1003.0489501953125,3818643
2025-04-07,927.8015747070312,4581682
2025-04-08,952.0363159179688,1717533
2025-04-09,943.0106201171875,1773658
2025-04-11,987.590576171875,3641633
2025-04-15,1005.2929077148438,1287903
2025-04-16,1006.6891479492188,1281034
2025-04-17,1004.4950561523438,2074019
2025-04-21,1031.2230224609375,1345056
2025-04-22,1041.3956298828125,2153582
2025-04-23,1036.4090576171875,893969
2025-04-24,1041.69482421875,1242921
2025-04-25,1025.63818359375,2784217
2025-04-28,1051.568359375,1485915
2025-04-29,1032.8187255859375,1206750
2025-04-30,1027.034423828125,1755328
2025-05-02,964.9016723632812,6209775
2025-05-05,952.9338989257812,1646426
2025-05-06,964.9016723632812,1462046
2025-05-07,963.5054321289062,1014461
2025-05-08,950.6400756835938,1646385
2025-05-09,954.4298706054688,1481537
2025-05-12,1002.5004272460938,1335817
2025-05-13,987.2415161132812,934177
2025-05-14,986.6431274414062,1650066
2025-05-15,1035.5115966796875,5297654
2025-05-16,1019.0558471679688,1048380
2025-05-19,1016.8617553710938,1434608
2025-05-20,1009.9802856445312,1624336
2025-05-21,998.2119750976562,875245
2025-05-22,1002.8993530273438,1283310
2025-05-23,1005.7915649414062,1568154
2025-05-26,1029.5277099609375,4716572
2025-05-27,1010.9776000976562,1158374
2025-05-28,998.3117065429688,1790498
2025-05-29,1003.4977416992188,3282246
2025-05-30,990.8318481445312,1710817
2025-06-02,976.1713256835938,1790184
2025-06-03,971.1847534179688,1138571
2025-06-04,965.9488525390625,2398032
2025-06-05,966.1483154296875,2182562
2025-06-06,1002.2012329101562,2089570
2025-06-09,1005.2929077148438,1864322
2025-06-10,1000.4060668945312,1747781
2025-06-11,1004.3953247070312,1003090
2025-06-12,992.97607421875,2223026
2025-06-13,984.5986328125,1044815
2025-06-16,1001.1041870117188,871032
2025-06-17,996.96533203125,1075499
2025-06-18,983.7010498046875,854561
2025-06-19,993.375,1391083
2025-06-20,1002.8494873046875,9697195
2025-06-23,994.3224487304688,1132847
2025-06-24,1004.2955932617188,1434360
2025-06-25,1021.6986694335938,2029126
2025-06-26,1029.7769775390625,3892783
2025-06-27,1026.1368408203125,1941604
2025-06-30,1017.7593383789062,765716
2025-07-01,1026.8348388671875,988673
2025-07-02,1057.0535888671875,3166924
2025-07-03,1043.29052734375,1703765
2025-07-04,1038.603271484375,961108
2025-07-07,1039.7999267578125,871937
2025-07-08,1045.0,828011
2025-07-09,1040.4000244140625,1666607
2025-07-10,1043.300048828125,1101654
2025-07-11,1037.199951171875,931901
2025-07-14,1038.9000244140625,1238524
2025-07-15,1035.0,982842
2025-07-16,1029.800048828125,1099243
2025-07-17,1034.199951171875,1553977
2025-07-18,1034.4000244140625,1694015
2025-07-21,1034.800048828125,2771028
2025-07-22,1030.699951171875,1237568
2025-07-23,1033.800048828125,1192492
2025-07-24,1033.800048828125,1462398
2025-07-25,1026.9000244140625,912255
2025-07-28,1028.800048828125,1839488
2025-07-29,1034.9000244140625,2215340
2025-07-30,1037.9000244140625,1781038
2025-07-31,1048.300048828125,3144726
2025-08-01,1027.800048828125,1604653
2025-08-04,1055.9000244140625,1835680
2025-08-05,1053.4000244140625,1524968
2025-08-06,1052.5999755859375,1797515
2025-08-07,1064.800048828125,1837589
2025-08-08,1049.199951171875,2234463
2025-08-11,1052.699951171875,1492814
2025-08-12,1048.199951171875,1231299
2025-08-13,1053.699951171875,1125769
2025-08-14,1045.5,870899
2025-08-18,1079.800048828125,3252940
2025-08-19,1073.4000244140625,1867228
2025-08-20,1082.5999755859375,1321114
2025-08-21,1071.800048828125,2069244
2025-08-22,1054.5999755859375,1950366
2025-08-25,1057.800048828125,1552036
2025-08-26,1047.0999755859375,1758169
2025-08-28,1035.800048828125,1313061
2025-08-29,1026.5999755859375,1062037
2025-09-01,1035.5,624424
2025-09-02,1044.0,1071341
2025-09-03,1072.199951171875,3357124
2025-09-04,1072.4000244140625,922622
2025-09-05,1073.0999755859375,748933
2025-09-08,1101.4000244140625,3219380
2025-09-09,1104.5,1058374
2025-09-10,1101.199951171875,1305818
2025-09-11,1099.0,852085
2025-09-12,1099.0,1057815
2025-09-15,1100.9000244140625,565667
2025-09-16,1115.199951171875,1644497
2025-09-17,1111.0,950577
2025-09-18,1121.0999755859375,824725
2025-09-19,1122.800048828125,1351221
2025-09-22,1117.0,786218
2025-09-23,1138.4000244140625,2075493
2025-09-24,1149.0999755859375,2111388
2025-09-25,1148.5,1581307
2025-09-26,1130.800048828125,2999892
2025-09-29,1122.199951171875,2615670
2025-09-30,1142.699951171875,2771126
2025-10-01,1146.0999755859375,1129506
2025-10-03,1161.699951171875,2179883
2025-10-06,1159.9000244140625,1013304
2025-10-07,1156.800048828125,1565661
2025-10-08,1145.199951171875,737972
2025-10-09,1175.199951171875,2001612
2025-10-10,1167.800048828125,1457768
2025-10-13,1161.4000244140625,488298
2025-10-14,1147.800048828125,1408990
2025-10-15,1160.800048828125,1284749
2025-10-16,1172.0999755859375,655759
2025-10-17,1163.300048828125,2207267
2025-10-20,1145.199951171875,1214428
2025-10-21,1152.5,115719
2025-10-23,1138.199951171875,1740322
2025-10-24,1141.4000244140625,1320560
2025-10-27,1150.5999755859375,1275776
2025-10-28,1184.199951171875,3451230
2025-10-29,1207.9000244140625,3819737
2025-10-30,1210.0,1273913
2025-10-31,1206.0,1337807
2025-11-03,1195.0,1486643
2025-11-04,1181.4000244140625,1110884
2025-11-06,1168.800048828125,1304994
2025-11-07,1171.699951171875,845047
2025-11-10,1179.300048828125,740226
2025-11-11,1191.5,1588730
2025-11-12,1181.800048828125,976290
2025-11-13,1183.9000244140625,1427189
2025-11-14,1167.800048828125,1059030
2025-11-17,1175.5,1102752
2025-11-18,1163.0,1912105
2025-11-19,1164.9000244140625,522344
2025-11-20,1170.0,908758
2025-11-21,1140.300048828125,1045627
2025-11-24,1106.0,2209717
2025-11-25,1112.0,1394051
2025-11-26,1154.4000244140625,2167703
2025-11-27,1160.5999755859375,2342042
2025-11-28,1160.300048828125,1243394
2025-12-01,1168.4000244140625,3039396
2025-12-02,1162.0,2834317
2025-12-03,1143.5999755859375,6026786
2025-12-04,1150.5999755859375,2285777
2025-12-05,1162.199951171875,2326439
2025-12-08,1119.0999755859375,1727184
2025-12-09,1107.800048828125,1947088
2025-12-10,1096.800048828125,1222924
2025-12-11,1105.4000244140625,759090
2025-12-12,1125.5,827546
2025-12-15,1114.800048828125,1017965
2025-12-16,1082.5999755859375,2000325
2025-12-17,1079.300048828125,1781774
2025-12-18,1082.199951171875,1134603
2025-12-19,1079.5999755859375,1068212
2025-12-22,1094.9000244140625,1086319
2025-12-23,1096.800048828125,961759
2025-12-24,1091.300048828125,806530
2025-12-26,1094.4000244140625,1317269
2025-12-29,1092.5999755859375,3084525
2025-12-30,1111.5999755859375,1609086
2025-12-31,1164.800048828125,5881898
2026-01-01,1171.5,1173697
2026-01-02,1180.699951171875,903240
2026-01-05,1185.9000244140625,1017822
2026-01-06,1176.300048828125,1395370
2026-01-07,1189.800048828125,1161485
2026-01-08,1155.9000244140625,1275035
2026-01-09,1158.800048828125,1387896
2026-01-12,1182.699951171875,1391748
2026-01-13,1178.0999755859375,1570887
2026-01-14,1181.800048828125,2281726
2026-01-15,1181.800048828125,0
2026-01-16,1187.300048828125,1883089
2026-01-19,1184.0999755859375,2213860
2026-01-20,1160.0,1106893
2026-01-21,1174.5999755859375,1401954
2026-01-22,1184.4000244140625,1428697
2026-01-23,1170.0,2406992
2026-01-27,1222.0,3808562
2026-01-28,1218.699951171875,2214293
2026-01-29,1237.5,2471027
2026-01-30,1214.4000244140625,2876505
2026-02-02,1199.199951171875,1839134
2026-02-03,1229.4000244140625,2093172
2026-02-04,1228.199951171875,1062043
2026-02-05,1239.800048828125,1198051
2026-02-06,1236.199951171875,918161
2026-02-09,1245.0,1503210
2026-02-10,1244.0999755859375,1150559
2026-02-11,1249.199951171875,835404
2026-02-12,1247.9000244140625,762998
2026-02-13,1232.0,1726700
2026-02-16,1248.199951171875,627073
2026-02-17,1244.5999755859375,1115057
2026-02-18,1251.199951171875,1389762
2026-02-19,1228.4000244140625,824461
2026-02-20,1235.800048828125,876475
2026-02-23,1240.5,787962
