date,adj_close,volume
2015-01-01,124.95896911621094,2509980
2015-01-02,126.24468994140625,6318150
2015-01-05,125.73834228515625,3051150
2015-01-06,124.23915100097656,11345430
2015-01-07,126.23971557617188,17858870
2015-01-08,133.10523986816406,34548830
2015-01-09,135.1206817626953,32187050
2015-01-12,136.11854553222656,8434210
2015-01-13,138.29776000976562,9608210
2015-01-14,138.12400817871094,7592900
2015-01-15,139.03746032714844,19854090
2015-01-16,138.53607177734375,13403000
2015-01-19,137.95025634765625,8775380
2015-01-20,138.57080078125,18918630
2015-01-21,137.82122802734375,13420650
2015-01-22,137.7715606689453,20000080
2015-01-23,137.53822326660156,7774060
2015-01-27,137.84104919433594,8433660
2015-01-28,134.14773559570312,37201990
2015-01-29,132.1868438720703,22504270
2015-01-30,131.27345275878906,13992500
2015-02-02,134.266845703125,16563690
2015-02-03,129.69483947753906,15308210
2015-02-04,128.22540283203125,11783290
2015-02-05,127.86798095703125,9164000
2015-02-06,125.78302001953125,6082700
2015-02-09,125.71849822998047,8242360
2015-02-10,127.65453338623047,14259910
2015-02-11,128.9402618408203,5616570
2015-02-12,128.7317657470703,10258730
2015-02-13,130.0125274658203,11458960
2015-02-16,128.31973266601562,5491100
2015-02-18,129.84376525878906,6880870
2015-02-19,129.7891387939453,6479150
2015-02-20,128.89556884765625,5983410
2015-02-23,130.74227905273438,17787110
2015-02-24,134.0633087158203,30126650
2015-02-25,133.2938690185547,19251310
2015-02-26,132.3804473876953,19283600
2015-02-27,132.81729125976562,6264900
2015-03-02,139.46437072753906,18063880
2015-03-03,139.8615264892578,16279700
2015-03-04,140.01539611816406,40130710
2015-03-05,140.21395874023438,14302590
2015-03-09,135.4830780029297,7265220
2015-03-10,133.81509399414062,7286630
2015-03-11,136.60498046875,5419210
2015-03-12,136.01922607421875,4107970
2015-03-13,133.164794921875,3832490
2015-03-16,130.5536346435547,8266110
2015-03-17,133.00592041015625,4365280
2015-03-18,133.32861328125,5820650
2015-03-19,131.62094116210938,7614150
2015-03-20,133.0109100341797,7948870
2015-03-23,132.62867736816406,4676000
2015-03-24,133.11512756347656,3243160
2015-03-25,131.70530700683594,3687870
2015-03-26,129.60545349121094,19963690
2015-03-27,128.98492431640625,4885690
2015-03-30,130.245849609375,8516560
2015-03-31,130.3848114013672,3822510
2015-04-01,135.130615234375,4826140
2015-04-06,138.75942993164062,11079010
2015-04-07,137.69215393066406,15741490
2015-04-08,136.1780548095703,3017120
2015-04-09,142.0358428955078,16092230
2015-04-10,141.22171020507812,8832860
2015-04-13,143.52508544921875,8131980
2015-04-15,143.35630798339844,25209020
2015-04-16,140.8245391845703,7282460
2015-04-17,137.66236877441406,5857060
2015-04-20,136.10855102539062,12147920
2015-04-21,134.33140563964844,9936670
2015-04-22,135.249755859375,8498090
2015-04-23,136.76881408691406,5056230
2015-04-24,135.845458984375,8463600
2015-04-27,132.72793579101562,5945240
2015-04-28,133.24424743652344,9738080
2015-04-29,132.0279998779297,6131490
2015-04-30,132.33575439453125,21565340
2015-05-04,132.9215545654297,6377160
2015-05-05,141.30609130859375,33406860
2015-05-06,134.1526641845703,23519200
2015-05-07,129.88345336914062,14546420
2015-05-08,131.99819946289062,10870640
2015-05-11,132.94635009765625,7095060
2015-05-12,130.9408416748047,6853980
2015-05-13,133.18960571289062,9090850
2015-05-14,131.73013305664062,8461230
2015-05-15,133.49244689941406,7811260
2015-05-18,135.45826721191406,5241350
2015-05-19,136.7439727783203,7842300
2015-05-20,137.48367309570312,5331100
2015-05-21,138.74954223632812,5419060
2015-05-22,137.73681640625,4437580
2015-05-25,136.5255584716797,6185290
2015-05-26,137.25033569335938,3805220
2015-05-27,136.47096252441406,6515930
2015-05-28,135.83554077148438,15978050
2015-05-29,138.92822265625,6561840
2015-06-01,138.27792358398438,5012310
2015-06-02,134.95687866210938,7370490
2015-06-03,133.6314239501953,8053990
2015-06-04,135.5227813720703,7259390
2015-06-05,134.6639862060547,5338380
2015-06-08,134.3164825439453,3549190
2015-06-09,132.14218139648438,4917770
2015-06-10,132.50454711914062,4191520
2015-06-11,127.1729965209961,7871980
2015-06-12,130.17138671875,7894810
2015-06-15,128.0467071533203,9796250
2015-06-16,127.99207305908203,6120440
2015-06-17,128.57789611816406,8358540
2015-06-18,129.89430236816406,10091120
2015-06-19,131.9558868408203,4300720
2015-06-22,134.91160583496094,6227380
2015-06-23,137.1520538330078,7400000
2015-06-24,137.48487854003906,5890680
2015-06-25,139.7501220703125,13364180
2015-06-26,137.13714599609375,5051870
2015-06-29,135.95980834960938,5329910
2015-06-30,137.6835479736328,9396850
2015-07-01,139.9140625,9222040
2015-07-02,142.6065216064453,8388930
2015-07-03,141.96072387695312,16482870
2015-07-06,143.45599365234375,21559530
2015-07-07,141.63783264160156,11735120
2015-07-08,140.5052032470703,11708460
2015-07-09,140.12767028808594,3897800
2015-07-10,140.96226501464844,6924625
2015-07-13,142.07498168945312,4775500
2015-07-14,141.22056579589844,5863765
2015-07-15,141.53848266601562,4469840
2015-07-16,147.29104614257812,11094165
2015-07-17,145.6815185546875,5789030
2015-07-20,146.36705017089844,4119160
2015-07-21,143.19769287109375,4841140
2015-07-22,144.78732299804688,3288990
2015-07-23,143.13809204101562,4614385
2015-07-24,144.00244140625,3748745
2015-07-27,142.07498168945312,3932575
2015-07-28,144.93637084960938,4228590
2015-07-29,144.2508087158203,4672395
2015-07-30,142.43264770507812,12005090
2015-07-31,138.18035888671875,24718095
2015-08-03,137.1470489501953,7285045
2015-08-04,137.2762451171875,7329755
2015-08-05,137.48487854003906,7395090
2015-08-06,140.44561767578125,5928790
2015-08-07,140.0879364013672,4386630
2015-08-10,140.5449676513672,4832340
2015-08-11,140.02833557128906,3455910
2015-08-12,136.34231567382812,3933155
2015-08-13,137.25634765625,2962430
2015-08-14,142.6114959716797,4112580
2015-08-17,143.02877807617188,3811935
2015-08-18,140.1077880859375,2369785
2015-08-19,141.55836486816406,4726350
2015-08-20,138.5876922607422,4078760
2015-08-21,136.70993041992188,6153965
2015-08-24,128.6821746826172,12484965
2015-08-25,127.06272888183594,8822655
2015-08-26,124.63851165771484,6370775
2015-08-27,129.2385711669922,9747585
2015-08-28,128.6523895263672,6085340
2015-08-31,129.49685668945312,2913180
2015-09-01,121.95599365234375,11287915
2015-09-02,120.95249938964844,8736275
2015-09-03,124.60872650146484,9177905
2015-09-04,120.47562408447266,8481030
2015-09-07,119.35292053222656,6181830
2015-09-08,123.27738189697266,7786650
2015-09-09,126.1188735961914,6330965
2015-09-10,126.23809814453125,5905800
2015-09-11,125.43333435058594,4756570
2015-09-14,128.31459045410156,4755230
2015-09-15,127.1720199584961,3677950
2015-09-16,127.37073516845703,3808235
2015-09-18,130.62950134277344,14723015
2015-09-21,132.22911071777344,5114355
2015-09-22,127.70852661132812,5256665
2015-09-23,130.87786865234375,4600675
2015-09-24,130.04330444335938,9066070
2015-09-28,127.39059448242188,4238000
2015-09-29,129.45716857910156,7455745
2015-09-30,128.78152465820312,4614400
2015-10-01,127.34092712402344,4805725
2015-10-05,129.76515197753906,6383575
2015-10-06,130.3016357421875,5290870
2015-10-07,131.24549865722656,3885495
2015-10-08,129.8744354248047,7332765
2015-10-09,131.04678344726562,4604335
2015-10-12,131.55349731445312,3030865
2015-10-13,130.36123657226562,2282655
2015-10-14,129.7254180908203,3272410
2015-10-15,129.84461975097656,4245175
2015-10-16,131.00706481933594,4561480
2015-10-19,130.8182830810547,3275615
2015-10-20,129.9638671875,4820130
2015-10-21,130.47056579589844,5580545
2015-10-23,132.17942810058594,4309160
2015-10-26,131.523681640625,2892595
2015-10-27,131.23553466796875,3002590
2015-10-28,133.4213409423828,7530700
2015-10-29,131.94093322753906,9247245
2015-10-30,136.640380859375,22078050
2015-11-02,136.41188049316406,4664055
2015-11-03,135.7362823486328,5381815
2015-11-04,133.69955444335938,2186090
2015-11-05,129.2783203125,4656100
2015-11-06,130.45066833496094,2845220
2015-11-09,131.166015625,5847510
2015-11-10,128.53314208984375,3263170
2015-11-13,133.05372619628906,4441780
2015-11-16,134.9414520263672,5557965
2015-11-17,134.55397033691406,2358845
2015-11-18,133.6895751953125,3512805
2015-11-19,135.53756713867188,3177785
2015-11-20,135.57730102539062,5108935
2015-11-23,135.93499755859375,2940215
2015-11-24,134.64337158203125,2294225
2015-11-26,136.15353393554688,2337000
2015-11-27,138.84600830078125,6154565
2015-11-30,137.5742950439453,3403690
2015-12-01,136.8291473388672,2176670
2015-12-02,135.2096710205078,1948270
2015-12-03,134.08700561523438,2004905
2015-12-04,132.07012939453125,6317890
2015-12-07,133.45114135742188,2258455
2015-12-08,133.9280242919922,3457820
2015-12-09,132.85499572753906,1485595
2015-12-10,134.70298767089844,3082470
2015-12-11,132.67616271972656,2864940
2015-12-14,133.9479217529297,4359430
2015-12-15,136.43173217773438,5283485
2015-12-16,138.0015106201172,5965905
2015-12-17,139.73025512695312,7209105
2015-12-18,139.58123779296875,5621265
2015-12-21,140.26675415039062,4170025
2015-12-22,138.7367401123047,3722030
2015-12-23,139.60108947753906,2197800
2015-12-24,139.36264038085938,2420515
2015-12-28,140.68406677246094,5253100
2015-12-29,140.32638549804688,5459480
2015-12-30,140.91256713867188,2336465
2015-12-31,143.07847595214844,5821050
2016-01-01,144.50914001464844,3112190
2016-01-04,140.14755249023438,6112235
2016-01-05,140.6343994140625,3449210
2016-01-06,139.8097381591797,3008320
2016-01-07,137.43519592285156,3163480
2016-01-08,138.12074279785156,2230145
2016-01-11,139.2633056640625,2888295
2016-01-12,137.50474548339844,4170100
2016-01-13,136.93844604492188,3366030
2016-01-14,135.93499755859375,4452225
2016-01-15,134.24594116210938,5443705
2016-01-18,132.61656188964844,11034040
2016-01-19,132.87489318847656,5526025
2016-01-20,131.6727294921875,3551885
2016-01-21,131.31504821777344,4253900
2016-01-22,135.726318359375,5008920
2016-01-25,135.3189697265625,3534325
2016-01-27,134.04727172851562,3278810
2016-01-28,131.7919464111328,7343655
2016-01-29,135.8356170654297,8227885
2016-02-01,136.65028381347656,2962850
2016-02-02,134.55397033691406,3006535
2016-02-03,132.2489471435547,6035160
2016-02-04,134.3751220703125,2412730
2016-02-05,137.50474548339844,9341885
2016-02-08,133.74917602539062,2869680
2016-02-09,134.53407287597656,4489805
2016-02-10,132.6066436767578,4981775
2016-02-11,124.976318359375,7927835
2016-02-12,123.59530639648438,6502565
2016-02-15,124.2411117553711,6381475
2016-02-16,123.24757385253906,3703345
2016-02-17,124.25103759765625,4779580
2016-02-18,126.28778076171875,4248325
2016-02-19,125.42340087890625,2934240
2016-02-22,127.21174621582031,2222910
2016-02-23,123.79401397705078,3176410
2016-02-24,122.94950103759766,3347355
2016-02-25,120.58490753173828,5119335
2016-02-26,122.35340118408203,2932180
2016-02-29,125.26445007324219,10496935
2016-03-01,126.86402893066406,9902315
2016-03-02,130.4109344482422,6218455
2016-03-03,130.67918395996094,4612120
2016-03-04,132.26885986328125,3582405
2016-03-08,129.26837158203125,3317790
2016-03-09,131.1262664794922,4064310
2016-03-10,130.07315063476562,17833535
2016-03-11,127.69857788085938,21468120
2016-03-14,126.53617095947266,12830510
2016-03-15,127.07266998291016,10754985
2016-03-16,129.407470703125,10768580
2016-03-17,129.407470703125,28952985
2016-03-18,130.90769958496094,9695990
2016-03-21,131.88136291503906,5821815
2016-03-22,132.39797973632812,5897795
2016-03-23,131.13619995117188,16347850
2016-03-28,133.05372619628906,14524240
2016-03-29,133.4312744140625,9831650
2016-03-30,135.8852996826172,14137090
2016-03-31,135.2494354248047,19910660
2016-04-01,135.1004180908203,7351630
2016-04-04,136.5708465576172,10299785
2016-04-05,132.88482666015625,14462615
2016-04-06,132.7357940673828,8418790
2016-04-07,131.64291381835938,8097120
2016-04-08,132.20924377441406,5038705
2016-04-11,133.39154052734375,9954090
2016-04-12,134.5937042236328,5928440
2016-04-13,137.5742950439453,12188990
2016-04-18,135.7859344482422,8191005
2016-04-20,136.54103088378906,5438255
2016-04-21,136.45159912109375,10687120
2016-04-22,134.3453369140625,9875030
2016-04-25,135.2096710205078,6058445
2016-04-26,139.2633056640625,10542295
2016-04-27,141.57823181152344,9645560
2016-04-28,139.3825225830078,7576220
2016-04-29,142.502197265625,7450705
2016-05-02,142.71084594726562,6482800
2016-05-03,140.5747833251953,6790965
2016-05-04,141.60804748535156,10556840
2016-05-05,140.91256713867188,4879865
2016-05-06,139.68055725097656,3336315
2016-05-09,141.84646606445312,9426675
2016-05-10,143.6348419189453,7884015
2016-05-11,145.36358642578125,20587085
2016-05-12,144.40977478027344,13928815
2016-05-13,140.73373413085938,7147530
2016-05-16,142.7207794189453,12194845
2016-05-17,140.86285400390625,12358385
2016-05-18,140.86285400390625,5739560
2016-05-19,140.2965850830078,4820755
2016-05-20,139.5216064453125,3002500
2016-05-23,139.7203369140625,7189935
2016-05-24,138.77647399902344,10344860
2016-05-25,141.6278839111328,14539060
2016-05-26,145.09532165527344,9680565
2016-05-27,147.54934692382812,6467605
2016-05-30,147.55929565429688,3645025
2016-05-31,148.3441619873047,5838425
2016-06-01,148.10572814941406,4591255
2016-06-02,148.29446411132812,8029905
2016-06-03,152.86474609375,12403875
2016-06-06,152.05999755859375,5788250
2016-06-07,153.4111785888672,9288805
2016-06-08,150.88760375976562,6138060
2016-06-09,149.576171875,6506980
2016-06-10,149.1687774658203,7553170
2016-06-13,150.20208740234375,8149210
2016-06-14,149.44699096679688,3317845
2016-06-15,152.1195831298828,4436055
2016-06-16,149.91397094726562,5395000
2016-06-17,149.24830627441406,4071290
2016-06-20,149.4171905517578,4470035
2016-06-21,148.38392639160156,3514265
2016-06-22,146.91351318359375,13434650
2016-06-23,148.48324584960938,4938325
2016-06-24,145.83055114746094,10010940
2016-06-27,146.92343139648438,3874345
2016-06-28,147.69837951660156,3806320
2016-06-29,149.5861053466797,7386400
2016-06-30,151.6824188232422,16671825
2016-07-01,149.70529174804688,7826050
2016-07-04,147.8275146484375,5863470
2016-07-05,147.1221160888672,5626500
2016-07-07,148.21502685546875,4816065
2016-07-08,147.7281951904297,3022315
2016-07-11,151.12606811523438,9358070
2016-07-12,151.7420654296875,7707845
2016-07-13,153.99737548828125,10092985
2016-07-14,155.13070678710938,7779395
2016-07-15,153.53009033203125,10296390
2016-07-18,154.45468139648438,11794690
2016-07-19,154.6535186767578,8044350
2016-07-20,155.52838134765625,6584740
2016-07-21,151.2435302734375,19245670
2016-07-22,151.1241912841797,7148085
2016-07-25,151.98915100097656,16965590
2016-07-26,149.46392822265625,8745100
2016-07-27,149.92124938964844,5383780
2016-07-28,149.19552612304688,17177630
2016-07-29,151.8101806640625,7287990
2016-08-01,149.7522430419922,8753250
2016-08-02,151.1341552734375,7478715
2016-08-03,150.35870361328125,6721560
2016-08-04,150.39845275878906,6247560
2016-08-05,153.967529296875,11826830
2016-08-08,153.40086364746094,8299200
2016-08-09,152.05874633789062,4387675
2016-08-10,151.36280822753906,5469795
2016-08-11,152.03883361816406,5032730
2016-08-12,151.69088745117188,5640660
2016-08-16,153.6593475341797,9130715
2016-08-17,152.23768615722656,4074430
2016-08-18,155.96583557128906,8828800
2016-08-19,154.84239196777344,4980850
2016-08-22,153.6693115234375,3063810
2016-08-23,154.76284790039062,2864930
2016-08-24,154.4944305419922,5708595
2016-08-25,155.24008178710938,7385560
2016-08-26,155.25003051757812,4269865
2016-08-29,155.36932373046875,3810195
2016-08-30,156.3137969970703,3995125
2016-08-31,160.43960571289062,16732220
2016-09-01,161.19517517089844,5809640
2016-09-02,161.77178955078125,4653795
2016-09-06,162.6566162109375,5139395
2016-09-07,159.88287353515625,5855265
2016-09-08,162.99462890625,8621810
2016-09-09,162.815673828125,5724665
2016-09-12,161.71217346191406,3707645
2016-09-14,160.250732421875,10205775
2016-09-15,160.7776336669922,5913325
2016-09-16,160.37997436523438,21762045
2016-09-19,159.6343231201172,11289775
2016-09-20,157.62612915039062,7785335
2016-09-21,156.76113891601562,11589240
2016-09-22,158.10330200195312,10557490
2016-09-23,158.30215454101562,20953255
2016-09-26,156.63192749023438,5588885
2016-09-27,155.97579956054688,7136570
2016-09-28,155.54827880859375,9776355
2016-09-29,153.6195831298828,275291850
2016-09-30,154.4944305419922,12160390
2016-10-03,156.6915740966797,4913960
2016-10-04,157.41732788085938,5760785
2016-10-05,155.51844787597656,5037740
2016-10-06,155.68743896484375,6813165
2016-10-07,155.6178436279297,3702290
2016-10-10,155.13070678710938,3748000
2016-10-13,153.56988525390625,8820280
2016-10-14,155.4389190673828,5165400
2016-10-17,152.9534912109375,9600320
2016-10-18,154.48451232910156,8136765
2016-10-19,153.89796447753906,5289465
2016-10-20,153.56988525390625,8309335
2016-10-21,155.3892364501953,8837230
2016-10-24,156.55239868164062,4699655
2016-10-25,156.393310546875,16337325
2016-10-26,161.354248046875,22158720
2016-10-27,160.37997436523438,5474240
2016-10-28,162.91510009765625,7209950
2016-11-01,160.17117309570312,5877560
2016-11-02,159.8629913330078,6343860
2016-11-03,160.2606658935547,3982285
2016-11-04,158.998046875,5471590
2016-11-07,159.43548583984375,4982960
2016-11-08,161.41390991210938,4831750
2016-11-09,163.46189880371094,21350670
2016-11-10,162.8952178955078,12885775
2016-11-11,162.16944885253906,11578190
2016-11-15,156.98983764648438,15099270
2016-11-16,153.2119598388672,23642440
2016-11-17,154.3453369140625,7943505
2016-11-18,154.9418487548828,6751805
2016-11-21,151.65110778808594,10259105
2016-11-22,153.0230712890625,8502995
2016-11-23,152.33709716796875,6888175
2016-11-24,147.55511474609375,25374535
2016-11-25,149.55340576171875,7835965
2016-11-28,149.15574645996094,11504390
2016-11-29,148.21128845214844,5050065
2016-11-30,150.20956420898438,5668925
2016-12-01,148.12179565429688,5755035
2016-12-02,143.86676025390625,14225185
2016-12-05,145.10948181152344,4639780
2016-12-06,145.94456481933594,2480505
2016-12-07,146.01417541503906,10661950
2016-12-08,148.8574981689453,4133075
2016-12-09,148.18145751953125,4055335
2016-12-12,145.11941528320312,1977205
2016-12-13,145.338134765625,3430320
2016-12-14,144.7117919921875,4262975
2016-12-15,144.10536193847656,5216825
2016-12-16,142.98194885253906,18907690
2016-12-19,143.09130859375,5084970
2016-12-20,142.83282470703125,4583755
2016-12-21,143.12112426757812,5372810
2016-12-22,141.7988739013672,4205060
2016-12-23,141.5205078125,5108450
2016-12-26,141.38131713867188,2428280
2016-12-27,141.59999084472656,6685225
2016-12-28,141.7789764404297,6059835
2016-12-29,141.8485565185547,6515615
2016-12-30,143.10122680664062,4951835
2017-01-02,142.126953125,6032775
2017-01-03,141.5205078125,6909880
2017-01-04,138.30929565429688,21293040
2017-01-05,138.97540283203125,10901015
2017-01-06,142.53456115722656,18323435
2017-01-09,141.0234375,7701630
2017-01-10,141.69944763183594,4335025
2017-01-11,144.8311004638672,17887590
2017-01-12,144.74160766601562,5533925
2017-01-13,144.70187377929688,5030255
2017-01-16,145.38784790039062,3709690
2017-01-17,144.3538818359375,3406665
2017-01-18,145.3679656982422,5629255
2017-01-19,144.79132080078125,4576810
2017-01-20,143.76731872558594,5575240
2017-01-23,145.69602966308594,7285995
2017-01-24,147.80364990234375,6033395
2017-01-25,158.11325073242188,43862620
2017-01-27,156.09507751464844,18546835
2017-01-30,154.21607971191406,10917390
2017-01-31,153.9277801513672,7003400
2017-02-01,154.50440979003906,24759335
2017-02-02,153.18214416503906,10114765
2017-02-03,152.16807556152344,7812880
2017-02-06,152.4464569091797,9837780
2017-02-07,153.76870727539062,14980555
2017-02-08,152.6254119873047,13038340
2017-02-09,153.03302001953125,6531395
2017-02-10,154.8722381591797,9356480
2017-02-13,157.7056427001953,9023340
2017-02-14,157.13897705078125,6694845
2017-02-15,155.9459686279297,6803720
2017-02-16,157.57638549804688,11281025
2017-02-17,158.3717041015625,21295865
2017-02-20,158.48109436035156,4237005
2017-02-21,158.65008544921875,3160670
2017-02-22,158.2424774169922,5532555
2017-02-23,161.24488830566406,22877735
2017-02-27,159.1670684814453,11908390
2017-02-28,159.48519897460938,4860945
2017-03-01,163.86952209472656,14842915
2017-03-02,162.27882385253906,22276865
2017-03-03,160.9565887451172,6585175
2017-03-06,162.83555603027344,7197870
2017-03-07,162.44781494140625,4748770
2017-03-08,164.0186309814453,19075645
2017-03-09,164.1279754638672,7987745
2017-03-10,164.81396484375,6763985
2017-03-14,166.25550842285156,15581710
2017-03-15,167.84619140625,8591550
2017-03-16,169.28773498535156,6308725
2017-03-17,168.6614227294922,23232470
2017-03-20,169.92401123046875,7961440
2017-03-21,170.90826416015625,7291645
2017-03-22,171.43516540527344,46771635
2017-03-23,172.6182098388672,8050770
2017-03-24,174.84515380859375,11400145
2017-03-27,173.2147216796875,9996530
2017-03-28,170.88836669921875,15245650
2017-03-29,170.52053833007812,12418935
2017-03-30,172.021728515625,17671925
2017-03-31,173.42349243164062,12932155
2017-04-03,174.1691436767578,6827130
2017-04-05,176.93292236328125,10031640
2017-04-06,177.82769775390625,9941750
2017-04-07,173.6024627685547,8063385
2017-04-10,174.44749450683594,4727575
2017-04-11,175.1831817626953,7002720
2017-04-12,174.8551025390625,5444935
2017-04-13,174.87498474121094,4689340
2017-04-17,176.48556518554688,6164030
2017-04-18,175.302490234375,6331485
2017-04-19,174.09954833984375,4491320
2017-04-20,176.79376220703125,4990375
2017-04-21,175.05393981933594,6303725
2017-04-24,178.10604858398438,15641625
2017-04-25,178.55345153808594,12482915
2017-04-26,179.02069091796875,18056605
2017-04-27,182.26170349121094,35302185
2017-04-28,179.3388214111328,6183310
2017-05-02,182.51026916503906,12852815
2017-05-03,182.32135009765625,5062760
2017-05-04,180.03477478027344,7517130
2017-05-05,180.6014404296875,10979005
2017-05-08,180.41253662109375,5339955
2017-05-09,180.31312561035156,2916860
2017-05-10,184.44886779785156,9703005
2017-05-11,186.26820373535156,11000005
2017-05-12,189.81739807128906,21542525
2017-05-15,193.5256805419922,20779135
2017-05-16,190.85137939453125,11986620
2017-05-17,189.13145446777344,5935155
2017-05-18,187.47116088867188,29135705
2017-05-19,186.37759399414062,6210640
2017-05-22,187.15304565429688,6930165
2017-05-23,186.95419311523438,6853250
2017-05-24,186.12904357910156,5071745
2017-05-25,190.18527221679688,20721450
2017-05-26,191.88528442382812,8166890
2017-05-29,192.5812225341797,5551995
2017-05-30,191.26890563964844,3162900
2017-05-31,192.08413696289062,6755665
2017-06-01,191.40809631347656,3786725
2017-06-02,191.92507934570312,2249620
2017-06-05,192.2729949951172,4172920
2017-06-06,192.15371704101562,8500360
2017-06-07,192.60108947753906,3319780
2017-06-08,194.62921142578125,7549470
2017-06-09,195.87193298339844,6917105
2017-06-12,194.2017059326172,5963705
2017-06-13,193.70460510253906,4502130
2017-06-14,192.48178100585938,4776295
2017-06-15,191.39816284179688,5790430
2017-06-16,195.384765625,20987425
2017-06-19,196.35910034179688,4589665
2017-06-20,195.4643096923828,3288840
2017-06-21,197.23394775390625,5471275
2017-06-22,198.41702270507812,8725330
2017-06-23,195.89181518554688,7278480
2017-06-27,193.81398010253906,7889085
2017-06-28,193.3069610595703,6668830
2017-06-29,188.5647430419922,13991430
2017-06-30,190.03611755371094,9607990
2017-07-03,188.66416931152344,6688170
2017-07-04,190.64260864257812,7190025
2017-07-05,190.85137939453125,6196350
2017-07-06,190.50338745117188,4020510
2017-07-07,191.81568908691406,6117550
2017-07-10,192.47186279296875,1770385
2017-07-11,190.63262939453125,6674495
2017-07-12,190.33421325683594,8322240
2017-07-13,191.4185028076172,13936220
2017-07-14,194.4228057861328,18855700
2017-07-17,194.92019653320312,12766270
2017-07-18,194.4029083251953,5482015
2017-07-19,197.8050994873047,24951875
2017-07-20,194.9799041748047,53447685
2017-07-21,198.84963989257812,10520095
2017-07-24,197.55641174316406,11131900
2017-07-25,196.5615997314453,6503275
2017-07-26,196.28305053710938,9083305
2017-07-27,198.5910186767578,12824215
2017-07-28,201.48583984375,6524320
2017-07-31,203.26654052734375,12323035
2017-08-01,202.00314331054688,10319740
2017-08-02,201.12771606445312,5595360
2017-08-03,198.24282836914062,5760575
2017-08-04,198.20303344726562,5936375
2017-08-07,198.54127502441406,3096200
2017-08-08,196.5118865966797,6113210
2017-08-09,197.44696044921875,5656995
2017-08-10,198.32237243652344,12475820
2017-08-11,197.40719604492188,7108715
2017-08-14,195.4971923828125,13331735
2017-08-16,199.06851196289062,15736385
2017-08-17,196.7705078125,5380385
2017-08-18,195.6862030029297,4780900
2017-08-21,192.90077209472656,4226245
2017-08-22,193.1494598388672,6030490
2017-08-23,194.99978637695312,11772595
2017-08-24,193.40811157226562,6683200
2017-08-28,194.19400024414062,3109530
2017-08-29,191.8761444091797,6573825
2017-08-30,193.25889587402344,4986645
2017-08-31,194.1840362548828,12623030
2017-09-01,197.476806640625,9741665
2017-09-04,194.60183715820312,3515510
2017-09-05,196.6511688232422,4257605
2017-09-06,198.19308471679688,8690700
2017-09-07,197.6658477783203,7573850
2017-09-08,200.461181640625,10382690
2017-09-11,200.25228881835938,6619590
2017-09-12,203.28643798828125,8247545
2017-09-13,202.9680938720703,5553885
2017-09-14,200.47116088867188,7420430
2017-09-15,199.96380615234375,26642480
2017-09-18,202.351318359375,4696890
2017-09-19,205.7932891845703,9883090
2017-09-20,203.5749053955078,9855460
2017-09-21,204.7587432861328,4619805
2017-09-22,203.3162841796875,9229780
2017-09-25,198.85958862304688,9283005
2017-09-26,197.7653045654297,6688165
2017-09-27,194.90029907226562,10204425
2017-09-28,200.00360107421875,29040390
2017-09-29,199.40672302246094,8302165
2017-10-03,200.26226806640625,10665535
2017-10-04,204.81842041015625,11278920
2017-10-05,205.48492431640625,6984945
2017-10-06,206.81796264648438,5329765
2017-10-09,208.8970947265625,7730920
2017-10-10,210.03114318847656,8013085
2017-10-11,207.68341064453125,6646800
2017-10-12,210.41909790039062,5883605
2017-10-13,215.34335327148438,8775575
2017-10-16,215.37319946289062,12871020
2017-10-17,214.59725952148438,8393690
2017-10-18,218.0392608642578,13769970
2017-10-19,214.42816162109375,1389580
2017-10-23,211.20498657226562,9697690
2017-10-24,212.03067016601562,6527360
2017-10-25,201.0580596923828,41250615
2017-10-26,202.7194061279297,18399545
2017-10-27,204.72889709472656,13202490
2017-10-30,204.708984375,7818575
2017-10-31,203.9429931640625,4869915
2017-11-01,203.80372619628906,8287185
2017-11-02,202.84872436523438,6437875
2017-11-03,202.04293823242188,14712095
2017-11-06,200.89891052246094,13967505
2017-11-07,201.605224609375,9254445
2017-11-08,201.22718811035156,7256175
2017-11-09,200.0235137939453,8242040
2017-11-10,197.6459197998047,9269145
2017-11-13,197.9045867919922,10662040
2017-11-14,198.79989624023438,6867825
2017-11-15,201.2471160888672,6669770
2017-11-16,202.43092346191406,6535720
2017-11-17,203.5749053955078,9213165
2017-11-20,207.02688598632812,6242135
2017-11-21,204.8979949951172,12199665
2017-11-22,204.18174743652344,7727380
2017-11-23,203.3560791015625,6169625
2017-11-24,204.99749755859375,5882820
2017-11-27,206.21112060546875,4854085
2017-11-28,204.8979949951172,3673385
2017-11-29,204.18174743652344,7073210
2017-11-30,199.01878356933594,14002640
2017-12-01,199.98370361328125,14397975
2017-12-04,198.5511932373047,11121745
2017-12-05,198.92922973632812,9118205
2017-12-06,198.88941955566406,8877305
2017-12-07,199.2774200439453,5137600
2017-12-08,200.7497100830078,9422800
2017-12-11,200.65020751953125,5423855
2017-12-12,199.03866577148438,9131050
2017-12-13,201.923583984375,14278380
2017-12-14,203.8634033203125,7305950
2017-12-15,204.94772338867188,47593060
2017-12-18,203.5749053955078,9946515
2017-12-19,203.2068634033203,5162930
2017-12-20,201.48583984375,9901635
2017-12-21,201.0580596923828,10774280
2017-12-22,200.95860290527344,5060680
2017-12-26,202.19216918945312,8160215
2017-12-27,201.75445556640625,2804730
2017-12-28,199.9041290283203,5178750
2017-12-29,200.9884490966797,5952110
2018-01-01,198.94912719726562,6587075
2018-01-02,199.59573364257812,5361035
2018-01-03,198.97897338867188,4420105
2018-01-04,199.03866577148438,3919750
2018-01-05,199.56588745117188,10737010
2018-01-08,200.17271423339844,8902060
2018-01-09,200.89891052246094,6210530
2018-01-10,199.40672302246094,3384405
2018-01-11,202.470703125,10388690
2018-01-12,203.60476684570312,11603980
2018-01-15,206.58912658691406,17556860
2018-01-16,205.57443237304688,5790935
2018-01-17,204.35084533691406,8017325
2018-01-18,208.21067810058594,18241070
2018-01-19,211.00604248046875,21521570
2018-01-22,213.7019500732422,15949650
2018-01-23,213.9705352783203,12292315
2018-01-24,214.8956756591797,5840000
2018-01-25,217.33294677734375,20306595
2018-01-29,221.8592529296875,11075070
2018-01-30,216.47743225097656,13464675
2018-01-31,220.6356658935547,15715055
2018-02-01,223.02317810058594,19281415
2018-02-02,216.05960083007812,11409100
2018-02-05,211.34426879882812,11852655
2018-02-06,205.6838836669922,16672600
2018-02-07,206.18125915527344,17681475
2018-02-08,209.25521850585938,9196485
2018-02-09,205.3257598876953,9492815
2018-02-12,207.50436401367188,3864305
2018-02-14,207.40487670898438,5936665
2018-02-15,207.34518432617188,4543530
2018-02-16,208.94680786132812,8278030
2018-02-19,210.14056396484375,5940840
2018-02-20,208.07139587402344,4176755
2018-02-21,209.91175842285156,17860140
2018-02-22,213.38360595703125,25711650
2018-02-23,215.04490661621094,11364270
2018-02-26,219.87960815429688,9089990
2018-02-27,217.47218322753906,5170600
2018-02-28,216.9748077392578,4434510
2018-03-01,217.99945068359375,7402970
2018-03-05,218.85496520996094,12045605
2018-03-06,215.36325073242188,12020755
2018-03-07,215.89048767089844,14829560
2018-03-08,215.33340454101562,8758330
2018-03-09,215.36325073242188,8224955
2018-03-12,218.97434997558594,6277370
2018-03-13,215.6517333984375,6900820
2018-03-14,215.22398376464844,6045500
2018-03-15,215.99990844726562,6840855
2018-03-16,211.0458221435547,13624550
2018-03-19,208.70806884765625,9400115
2018-03-20,207.97190856933594,4935780
2018-03-21,209.12586975097656,8705805
2018-03-22,209.51382446289062,8826575
2018-03-23,206.67868041992188,9807460
2018-03-26,206.78811645507812,39086245
2018-03-27,208.87718200683594,10743090
2018-03-28,208.46932983398438,29636940
2018-04-02,218.16856384277344,13330135
2018-04-03,219.5115509033203,6725650
2018-04-04,214.53756713867188,6525390
2018-04-05,222.49594116210938,9938470
2018-04-06,222.6749725341797,6466925
2018-04-09,222.4859619140625,9255470
2018-04-10,221.57077026367188,5992515
2018-04-11,224.0478057861328,4416230
2018-04-12,225.7389678955078,6722045
2018-04-13,229.02178955078125,14760390
2018-04-16,233.1999053955078,8126910
2018-04-17,231.7574920654297,4562910
2018-04-18,229.5887908935547,4448050
2018-04-19,229.57887268066406,3303645
2018-04-20,229.36996459960938,6090280
2018-04-23,232.58314514160156,6770770
2018-04-24,231.9862823486328,4961760
2018-04-25,232.3543701171875,6258845
2018-04-26,235.90576171875,15984510
2018-04-27,236.51258850097656,9081330
2018-04-30,240.95933532714844,17153405
2018-05-02,250.0617218017578,44457135
2018-05-03,245.4259490966797,14888205
2018-05-04,245.40606689453125,9572795
2018-05-07,247.7139892578125,11527340
2018-05-08,247.0773162841797,13371440
2018-05-09,248.92764282226562,8356080
2018-05-10,248.201416015625,4922335
2018-05-11,252.14083862304688,7081180
2018-05-14,252.99636840820312,8371965
2018-05-15,255.43357849121094,19896975
2018-05-16,254.9461669921875,6905970
2018-05-17,252.81729125976562,11007855
2018-05-18,257.53265380859375,16842745
2018-05-21,254.0010986328125,9994395
2018-05-22,251.2256317138672,6788225
2018-05-23,249.7632598876953,7563955
2018-05-24,253.76234436035156,7862165
2018-05-25,257.8211364746094,5328215
2018-05-28,258.07977294921875,7639045
2018-05-29,255.51321411132812,5472950
2018-05-30,259.29339599609375,10222160
2018-05-31,265.5307922363281,33424490
2018-06-01,262.22808837890625,11663440
2018-06-04,259.4327087402344,7310235
2018-06-05,259.5819091796875,10427190
2018-06-06,261.77044677734375,5151345
2018-06-07,260.72589111328125,10246015
2018-06-08,262.29766845703125,9240235
2018-06-11,263.2924499511719,6556110
2018-06-12,264.4762878417969,4888760
2018-06-13,263.7500915527344,7476990
2018-06-14,265.1427917480469,7921145
2018-06-15,266.60516357421875,8291175
2018-06-18,261.69085693359375,9018440
2018-06-19,259.29339599609375,8084725
2018-06-20,263.54119873046875,5626690
2018-06-21,261.4222717285156,4577330
2018-06-22,262.9045104980469,6336050
2018-06-25,264.2176208496094,5256485
2018-06-26,264.5857238769531,8185110
2018-06-27,263.46160888671875,6542350
2018-06-28,266.42608642578125,21541805
2018-06-29,267.19207763671875,11526965
2018-07-02,266.1972961425781,6508435
2018-07-03,269.22149658203125,7436185
2018-07-04,271.62884521484375,6738890
2018-07-05,271.5791320800781,9070555
2018-07-06,272.81268310546875,5210920
2018-07-09,275.57818603515625,9378320
2018-07-10,273.001708984375,7380115
2018-07-11,276.0871276855469,7236090
2018-07-12,276.6544189453125,7998395
2018-07-13,279.55078125,7195995
2018-07-16,280.366943359375,7525645
2018-07-17,278.8042907714844,7246275
2018-07-18,278.3962097167969,6865075
2018-07-19,268.21429443359375,30066400
2018-07-20,265.40753173828125,16529215
2018-07-23,266.1540222167969,9788330
2018-07-24,261.2173156738281,15629820
2018-07-25,261.7448425292969,15585390
2018-07-26,261.0182189941406,18322485
2018-07-27,260.9883728027344,9429105
2018-07-30,259.8238830566406,8601690
2018-07-31,260.1423645019531,9138695
2018-08-01,261.306884765625,8422445
2018-08-02,254.83743286132812,10325285
2018-08-03,260.669921875,13728745
2018-08-06,255.35494995117188,9478805
2018-08-07,255.5341339111328,8756960
2018-08-08,256.4498291015625,7585360
2018-08-09,254.2501678466797,7113895
2018-08-10,255.89247131347656,7697420
2018-08-13,256.22088623046875,9906555
2018-08-14,257.3853759765625,8026645
2018-08-16,247.9101104736328,28747470
2018-08-17,251.4633331298828,16269850
2018-08-20,253.75253295898438,5273715
2018-08-21,251.49317932128906,5717355
2018-08-23,248.367919921875,15759965
2018-08-24,249.72152709960938,11071805
2018-08-27,253.78237915039062,12497515
2018-08-28,255.8127899169922,8043980
2018-08-29,256.5094909667969,7367820
2018-08-30,254.40943908691406,11864215
2018-08-31,256.24078369140625,7848165
2018-09-03,252.62783813476562,10383735
2018-09-04,250.33865356445312,10007445
2018-09-05,246.4669189453125,11312730
2018-09-06,250.9955291748047,14738165
2018-09-07,247.82054138183594,7261450
2018-09-10,243.5208282470703,12189100
2018-09-11,240.146728515625,11436865
2018-09-12,244.92420959472656,10526440
2018-09-14,246.74560546875,9606245
2018-09-17,244.92420959472656,9308395
2018-09-18,241.91836547851562,11353325
2018-09-19,244.22747802734375,10385120
2018-09-21,234.9313507080078,22665640
2018-09-24,228.6609344482422,17288950
2018-09-25,235.5583953857422,18880355
2018-09-26,232.78150939941406,12230885
2018-09-27,227.41680908203125,19836580
2018-09-28,227.2476043701172,17108015
2018-10-01,223.3460235595703,52675400
2018-10-03,218.61830139160156,14809870
2018-10-04,213.890625,17195555
2018-10-05,209.4515838623047,18835195
2018-10-08,219.82264709472656,20339050
2018-10-09,220.6487579345703,15574240
2018-10-10,226.48121643066406,16926305
2018-10-11,222.06207275390625,11416085
2018-10-12,232.33358764648438,31383075
2018-10-15,232.99050903320312,15909195
2018-10-16,234.0455322265625,18427010
2018-10-17,234.09530639648438,23964220
2018-10-19,238.66372680664062,17833920
2018-10-22,231.70655822753906,21713015
2018-10-23,233.7867431640625,11187685
2018-10-24,234.31423950195312,21549170
2018-10-25,236.0460968017578,18069465
2018-10-26,230.6316375732422,9211060
2018-10-29,226.55088806152344,18556500
2018-10-30,223.70431518554688,9753165
2018-10-31,222.7786865234375,13824200
2018-11-01,220.8677215576172,13346585
2018-11-02,225.57550048828125,19503550
2018-11-05,224.82901000976562,7019100
2018-11-06,224.0028839111328,10531665
2018-11-07,225.79446411132812,817830
2018-11-09,226.0432891845703,8184035
2018-11-12,229.65623474121094,11436895
2018-11-13,232.08477783203125,10588105
2018-11-14,224.9185791015625,13534490
2018-11-15,231.35821533203125,15245955
2018-11-16,232.62225341796875,9310215
2018-11-19,233.9459991455078,10028470
2018-11-20,232.89097595214844,9025805
2018-11-21,234.23463439941406,7162860
2018-11-22,233.02035522460938,6285445
2018-11-26,233.0104217529297,12281895
2018-11-27,233.60760498046875,8688795
2018-11-28,230.96009826660156,9754780
2018-11-29,241.45059204101562,33036205
2018-11-30,245.630859375,15027475
2018-12-03,244.06822204589844,9089565
2018-12-04,243.9089813232422,7825650
2018-12-05,241.1619415283203,14282635
2018-12-06,234.94129943847656,15486500
2018-12-07,254.7279052734375,169038095
2018-12-10,238.5443115234375,94740175
2018-12-11,242.59518432617188,50392955
2018-12-12,246.26783752441406,32819995
2018-12-13,251.69224548339844,21138660
2018-12-14,250.0101776123047,13357645
2018-12-17,243.3416748046875,36928205
2018-12-18,246.2578887939453,18392330
2018-12-19,243.97866821289062,15160015
2018-12-20,246.09864807128906,11504770
2018-12-21,244.28717041015625,11040145
2018-12-24,246.5365753173828,7699145
2018-12-26,248.45750427246094,11896120
2018-12-27,246.88494873046875,13268690
2018-12-28,247.10389709472656,8700670
2018-12-31,250.1196746826172,11621760
2019-01-01,248.9153289794922,6012900
2019-01-02,246.95460510253906,8568385
2019-01-03,245.88963317871094,9129440
2019-01-04,248.41770935058594,7343980
2019-01-07,248.14898681640625,6057280
2019-01-08,244.62557983398438,8307640
2019-01-09,246.48681640625,8238110
2019-01-10,242.76438903808594,8257215
2019-01-11,243.490966796875,10646495
2019-01-14,241.2117156982422,6823475
2019-01-15,241.54014587402344,5769355
2019-01-16,239.420166015625,11873245
2019-01-17,242.84400939941406,19672500
2019-01-18,246.87496948242188,12992860
2019-01-21,252.32925415039062,48926830
2019-01-22,257.13653564453125,45363400
2019-01-23,254.1008758544922,16292910
2019-01-24,252.35911560058594,7298880
2019-01-25,252.0406036376953,7206480
2019-01-28,250.90594482421875,10272960
2019-01-29,249.10446166992188,12957950
2019-01-30,243.29188537597656,13771160
2019-01-31,249.97035217285156,14843300
2019-02-01,249.96041870117188,10945770
2019-02-04,253.2449493408203,6896595
2019-02-05,254.62838745117188,9588910
2019-02-06,254.6980438232422,5793705
2019-02-07,255.7033233642578,5992050
2019-02-08,258.65936279296875,12407165
2019-02-11,259.08734130859375,15723375
2019-02-12,258.5101013183594,7410050
2019-02-14,256.15118408203125,12455555
2019-02-15,255.52420043945312,10034775
2019-02-18,254.21035766601562,6325865
2019-02-19,254.88717651367188,6341640
2019-02-20,256.7384338378906,6751010
2019-02-21,256.61895751953125,9095470
2019-02-22,246.41714477539062,419299520
2019-02-25,247.02427673339844,18677950
2019-02-26,246.0687713623047,25132855
2019-02-27,242.08755493164062,26943610
2019-02-28,241.4804229736328,43614180
2019-03-01,244.0383758544922,10814170
2019-03-05,246.92474365234375,15642255
2019-03-06,247.0939483642578,11534170
2019-03-07,246.27780151367188,7172805
2019-03-08,246.6162109375,5257165
2019-03-11,248.73619079589844,10326930
2019-03-12,251.48324584960938,17706800
2019-03-13,251.06521606445312,12127350
2019-03-14,252.59796142578125,12486930
2019-03-15,263.7851867675781,51967525
2019-03-18,267.4678039550781,26923700
2019-03-19,268.283935546875,15586060
2019-03-20,269.0503234863281,19847040
2019-03-22,265.9947814941406,13100245
2019-03-25,260.50067138671875,14347820
2019-03-26,267.3284606933594,10255850
2019-03-27,265.31793212890625,15197290
2019-03-28,266.8905334472656,23083475
2019-04-01,266.6217956542969,15837560
2019-04-02,266.63177490234375,8877995
2019-04-03,265.586669921875,13832830
2019-04-04,263.3372802734375,12964745
2019-04-05,265.9350280761719,8718645
2019-04-08,267.38818359375,7939335
2019-04-09,267.0299072265625,11234215
2019-04-10,268.7119140625,15156035
2019-04-11,267.37823486328125,6742865
2019-04-12,267.4280090332031,8524160
2019-04-15,273.4794616699219,14395115
2019-04-16,275.9776306152344,11663980
2019-04-18,272.64337158203125,12044680
2019-04-22,270.0655517578125,12095540
2019-04-23,269.7967834472656,8098435
2019-04-24,272.0661315917969,9672055
2019-04-25,270.80206298828125,9037990
2019-04-26,274.5543518066406,12804320
2019-04-30,276.00750732421875,31052865
2019-05-02,279.9489440917969,23904025
2019-05-03,282.22808837890625,21348375
2019-05-06,280.7550964355469,10547535
2019-05-07,280.30718994140625,13933680
2019-05-08,279.122802734375,12696575
2019-05-09,275.7984619140625,23523910
2019-05-10,278.3166198730469,20748545
2019-05-13,276.56488037109375,8274820
2019-05-14,275.2909240722656,14651480
2019-05-15,277.8488464355469,10611000
2019-05-16,281.302490234375,7116800
2019-05-17,290.6285095214844,18996095
2019-05-20,299.09857177734375,23343645
2019-05-21,296.1822509765625,16121390
2019-05-22,297.6453552246094,12493315
2019-05-23,298.54119873046875,28982870
2019-05-24,300.919921875,14366950
2019-05-27,304.4433288574219,11140315
2019-05-28,300.7806091308594,9966510
2019-05-29,301.35791015625,7254130
2019-05-30,305.6277160644531,14697095
2019-05-31,303.0000915527344,13801070
2019-06-03,304.8115539550781,6176510
2019-06-04,304.8315124511719,5872165
2019-06-06,301.4275817871094,10224595
2019-06-07,300.93988037109375,7669460
2019-06-10,299.1084289550781,8575750
2019-06-11,300.1236877441406,4724055
2019-06-12,295.30645751953125,8842145
2019-06-13,299.38714599609375,11516575
2019-06-14,293.385498046875,9767550
2019-06-17,290.69818115234375,11831110
2019-06-18,290.99676513671875,12124090
2019-06-19,298.1529846191406,19456650
2019-06-20,302.24371337890625,12837830
2019-06-21,296.56048583984375,6074210
2019-06-24,292.738525390625,10132655
2019-06-25,295.3860168457031,10262450
2019-06-26,296.7197570800781,11052310
2019-06-27,294.92822265625,19302695
2019-06-28,294.032470703125,9070430
2019-07-01,294.8486022949219,9521795
2019-07-02,292.917724609375,9018660
2019-07-03,293.6144104003906,13235240
2019-07-04,298.1529846191406,15129625
2019-07-05,302.0148010253906,14836600
2019-07-08,293.67413330078125,8961290
2019-07-09,291.1958312988281,11487100
2019-07-10,293.78363037109375,10903660
2019-07-11,295.59503173828125,7992455
2019-07-12,295.4954833984375,10362725
2019-07-15,300.3651428222656,8760770
2019-07-16,299.0406799316406,6757175
2019-07-17,305.6430969238281,31012670
2019-07-18,306.3700256347656,11334100
2019-07-19,298.53277587890625,10471145
2019-07-22,289.6499328613281,17115785
2019-07-23,297.55682373046875,38298140
2019-07-24,298.1942138671875,14691180
2019-07-25,295.7743225097656,14194615
2019-07-26,301.11199951171875,8406765
2019-07-29,299.24981689453125,10498675
2019-07-30,298.49298095703125,8718740
2019-07-31,302.6455993652344,14739040
2019-08-01,297.9154052734375,11288765
2019-08-02,300.26556396484375,19354045
2019-08-05,290.8050842285156,19322730
2019-08-06,295.8241271972656,14153040
2019-08-07,294.0316467285156,11811905
2019-08-08,299.29962158203125,9660605
2019-08-09,305.1451721191406,12228295
2019-08-13,301.0224304199219,13829875
2019-08-14,297.11871337890625,11774540
2019-08-16,298.54278564453125,10848770
2019-08-19,298.0249328613281,7737990
2019-08-20,299.76763916015625,8623045
2019-08-21,299.8970947265625,7422075
2019-08-22,294.41998291015625,9373755
2019-08-23,292.8166809082031,18078965
2019-08-26,301.3012390136719,10938390
2019-08-27,299.06060791015625,13704020
2019-08-28,295.4954833984375,11455030
2019-08-29,288.9627990722656,19656835
2019-08-30,285.0989685058594,23587665
2019-09-03,281.6831970214844,13762825
2019-09-04,284.10308837890625,12098145
2019-09-05,280.85662841796875,11905115
2019-09-06,287.1105041503906,11226095
2019-09-09,293.0357666015625,16063780
2019-09-11,293.8125305175781,13024480
2019-09-12,290.2972412109375,12124770
2019-09-13,295.6150207519531,8842450
2019-09-16,293.7627258300781,9288840
2019-09-17,288.45489501953125,6772930
2019-09-18,291.7312316894531,9272125
2019-09-19,289.3113098144531,7249365
2019-09-20,306.48956298828125,35797445
2019-09-23,326.7549133300781,34270145
2019-09-24,322.2736511230469,18852705
2019-09-25,318.9873352050781,17837720
2019-09-26,324.016357421875,21540140
2019-09-27,327.3324890136719,12912805
2019-09-30,327.5216979980469,16789295
2019-10-01,328.2685852050781,14627680
2019-10-03,321.8055419921875,13272830
2019-10-04,311.329345703125,27438405
2019-10-07,309.8355712890625,15227670
2019-10-09,321.12841796875,12992150
2019-10-10,315.6413269042969,7847105
2019-10-11,316.2288513183594,12129205
2019-10-14,315.7807922363281,10050950
2019-10-15,321.77569580078125,13532355
2019-10-16,319.7740783691406,13431665
2019-10-17,319.5749206542969,10381745
2019-10-18,321.7059631347656,11788035
2019-10-22,324.4147033691406,24475410
2019-10-23,321.3873596191406,15426150
2019-10-24,321.2976989746094,8000005
2019-10-25,316.3981628417969,14335100
2019-10-27,317.2745056152344,988045
2019-10-29,313.7990417480469,15012650
2019-10-30,314.4662780761719,8386345
2019-10-31,313.58990478515625,12407105
2019-11-01,314.6654357910156,11098685
2019-11-04,312.90277099609375,7171965
2019-11-05,309.487060546875,11316970
2019-11-06,312.90277099609375,11236175
2019-11-07,315.4819641113281,12559560
2019-11-08,318.7184753417969,19568135
2019-11-11,322.0346374511719,14617870
2019-11-13,319.8238830566406,13019170
2019-11-14,318.190673828125,13196490
2019-11-15,323.1997985839844,10342030
2019-11-18,324.0860595703125,10074870
2019-11-19,323.4089050292969,7982410
2019-11-20,318.5591735839844,7812180
2019-11-21,317.7226257324219,8369070
2019-11-22,312.5143737792969,9312170
2019-11-25,319.3956298828125,10092105
2019-11-26,319.5450134277344,7784040
2019-11-27,322.2337646484375,10204415
2019-11-28,321.65618896484375,11188800
2019-11-29,321.6960144042969,8652390
2019-12-02,325.2411804199219,11448520
2019-12-03,327.9798278808594,11608915
2019-12-04,328.8760070800781,13520395
2019-12-05,328.4876403808594,14684450
2019-12-06,333.46685791015625,18997535
2019-12-09,330.4693908691406,9468700
2019-12-10,331.09674072265625,7065780
2019-12-11,335.9066467285156,10145585
2019-12-12,341.6925048828125,13477940
2019-12-13,337.1415100097656,17638170
2019-12-16,339.37225341796875,18310635
2019-12-17,341.2344055175781,13234410
2019-12-18,343.4351806640625,22963340
2019-12-19,344.46087646484375,13507510
2019-12-20,337.13153076171875,15293395
2019-12-23,339.5614013671875,8727440
2019-12-24,340.8858642578125,8513520
2019-12-26,337.4402770996094,8234850
2019-12-27,335.71746826171875,7646830
2019-12-30,336.6734924316406,9341420
2019-12-31,335.4684753417969,9848395
2020-01-01,333.4171142578125,7375280
2020-01-02,332.91912841796875,9260445
2020-01-03,330.0411682128906,7970445
2020-01-06,329.13494873046875,7400435
2020-01-07,332.7797546386719,12489655
2020-01-08,329.593017578125,15629655
2020-01-09,331.6245422363281,13342120
2020-01-10,335.5382080078125,12680415
2020-01-13,336.8128662109375,9039790
2020-01-14,333.96478271484375,10684460
2020-01-15,333.72576904296875,12451225
2020-01-16,338.8941955566406,16606410
2020-01-17,338.20709228515625,11479375
2020-01-20,322.2337646484375,40020170
2020-01-21,323.66778564453125,28727345
2020-01-22,315.7807922363281,27395810
2020-01-23,319.8338623046875,17478415
2020-01-24,327.22296142578125,21264685
2020-01-27,322.32342529296875,9372145
2020-01-28,323.8570251464844,9905520
2020-01-29,326.7250061035156,11137465
2020-01-30,324.295166015625,7950780
2020-01-31,336.94232177734375,47475230
2020-02-03,333.8552551269531,12551470
2020-02-04,338.24688720703125,10352085
2020-02-05,336.54400634765625,10482560
2020-02-06,333.4071044921875,12663090
2020-02-07,329.2345275878906,11450755
2020-02-10,332.4709777832031,6775620
2020-02-11,334.09423828125,9573830
2020-02-12,341.5531005859375,15052685
2020-02-13,336.553955078125,11234600
2020-02-14,334.79132080078125,9460785
2020-02-17,336.8128662109375,9063825
2020-02-18,336.79296875,11095195
2020-02-19,338.8045654296875,15842670
2020-02-20,335.7872009277344,10499515
2020-02-24,334.2535705566406,9630665
2020-02-25,333.7655944824219,7677775
2020-02-26,331.9132995605469,12929475
2020-02-27,335.1498107910156,13446760
2020-02-28,322.7217712402344,18716560
2020-03-02,318.469482421875,23814235
2020-03-03,323.9068298339844,14591930
2020-03-04,320.2520751953125,12651105
2020-03-05,328.8959655761719,25304810
2020-03-06,324.85284423828125,17711215
2020-03-09,314.3168640136719,27677505
2020-03-11,316.5375671386719,23571010
2020-03-12,291.7909851074219,39039565
2020-03-13,292.7868347167969,57044450
2020-03-16,275.5886535644531,32902600
2020-03-17,263.4394226074219,24105575
2020-03-18,233.41485595703125,55827210
2020-03-19,241.1624755859375,49586245
2020-03-20,251.4196319580078,51895950
2020-03-23,218.7361602783203,33472025
2020-03-24,229.62071228027344,36859170
2020-03-25,256.95648193359375,32245300
2020-03-26,273.4476013183594,36274745
2020-03-27,278.65582275390625,51116430
2020-03-30,257.66357421875,27851625
2020-03-31,258.1315612792969,22384305
2020-04-01,235.34677124023438,54192310
2020-04-03,227.22071838378906,50557355
2020-04-07,238.61312866210938,42762850
2020-04-08,236.5417938232422,37025435
2020-04-09,253.52085876464844,40487010
2020-04-13,249.13912963867188,21252680
2020-04-15,233.77333068847656,45228380
2020-04-16,225.2290496826172,55276025
2020-04-17,236.26295471191406,42926975
2020-04-20,234.5700225830078,32800900
2020-04-21,225.08963012695312,23998980
2020-04-22,229.47132873535156,34818460
2020-04-23,248.8901824951172,52791235
2020-04-24,246.87860107421875,33921175
2020-04-27,259.63531494140625,38857060
2020-04-28,264.2261657714844,33391940
2020-04-29,264.46514892578125,33516145
2020-04-30,270.3106994628906,31362610
2020-05-04,254.49676513671875,25482195
2020-05-05,246.63958740234375,25024205
2020-05-06,248.15328979492188,23021370
2020-05-07,238.96168518066406,34216360
2020-05-08,242.4770050048828,17556020
2020-05-11,236.7011260986328,23370405
2020-05-12,230.4771270751953,51342750
2020-05-13,236.35256958007812,59574620
2020-05-14,233.6438751220703,35499850
2020-05-15,234.67959594726562,19319900
2020-05-18,221.80335998535156,31987080
2020-05-19,225.14938354492188,31914605
2020-05-20,231.05471801757812,26271940
2020-05-21,229.09291076660156,29885640
2020-05-22,231.07460021972656,25948740
2020-05-26,229.68045043945312,27353985
2020-05-27,242.49688720703125,58726830
2020-05-28,244.86700439453125,53550015
2020-05-29,243.7815399169922,27486760
2020-06-01,248.6412353515625,34717880
2020-06-02,267.46258544921875,86600150
2020-06-03,276.1562805175781,61722075
2020-06-04,265.7696838378906,30020720
2020-06-05,266.4468688964844,28440585
2020-06-08,266.23773193359375,26511485
2020-06-09,259.7448425292969,27386665
2020-06-10,265.3415222167969,24381800
2020-06-11,258.6593933105469,21884065
2020-06-12,254.89511108398438,44962120
2020-06-15,248.74081420898438,37767895
2020-06-16,254.297607421875,26331460
2020-06-17,247.7250518798828,27146320
2020-06-18,259.5855407714844,33362610
2020-06-19,259.4162292480469,42463075
2020-06-22,269.9422607421875,38169335
2020-06-23,276.823486328125,23349125
2020-06-24,267.66180419921875,26663085
2020-06-25,275.1903076171875,49925190
2020-06-26,266.9049072265625,33470980
2020-06-29,270.0019836425781,19098405
2020-06-30,270.9579772949219,23888320
2020-07-01,270.2210998535156,44697925
2020-07-02,269.2750244140625,24964910
2020-07-03,269.633544921875,13840515
2020-07-06,272.4418029785156,16240365
2020-07-07,272.51153564453125,17871440
2020-07-08,269.4244079589844,16915525
2020-07-09,272.4915771484375,17229575
2020-07-10,268.74725341796875,15089795
2020-07-13,265.9987487792969,16783485
2020-07-14,258.5797119140625,14574715
2020-07-15,256.9266052246094,21862715
2020-07-16,263.429443359375,21020285
2020-07-17,264.3854675292969,21000815
2020-07-20,262.71246337890625,17408710
2020-07-21,270.6692199707031,22021225
2020-07-22,267.3530578613281,20862875
2020-07-23,273.6667175292969,21543595
2020-07-24,268.876708984375,15561890
2020-07-27,263.41949462890625,37804195
2020-07-28,275.6583557128906,33758855
2020-07-29,276.73388671875,20338950
2020-07-30,275.8476257324219,30485515
2020-07-31,272.0135803222656,16115350
2020-08-03,260.6211853027344,26206300
2020-08-04,263.6883850097656,24732980
2020-08-05,265.7298583984375,17378010
2020-08-06,266.9049072265625,18389150
2020-08-07,267.3829040527344,14035345
2020-08-10,270.908203125,14800280
2020-08-11,271.7845458984375,12514625
2020-08-12,265.9090576171875,19200950
2020-08-13,266.1381530761719,16656640
2020-08-14,260.4020690917969,16657510
2020-08-17,264.4053955078125,14156700
2020-08-18,272.7305908203125,21309745
2020-08-19,269.9920654296875,16983820
2020-08-20,266.55645751953125,14206945
2020-08-21,266.7655029296875,12425830
2020-08-24,276.2957458496094,30145690
2020-08-25,278.85498046875,22811185
2020-08-26,286.14459228515625,28593240
2020-08-27,282.8184509277344,21417855
2020-08-28,292.19927978515625,53228510
2020-08-31,279.10394287109375,34868765
2020-09-01,284.9395751953125,21291070
2020-09-02,283.5155944824219,16626250
2020-09-03,278.1778564453125,11975745
2020-09-04,274.8616943359375,20508780
2020-09-07,272.6111145019531,11607735
2020-09-08,269.0161437988281,14119345
2020-09-09,264.12652587890625,17217005
2020-09-10,262.80206298828125,16449740
2020-09-11,264.96307373046875,17501570
2020-09-14,259.8544006347656,19455565
2020-09-15,263.6883850097656,25149565
2020-09-16,263.9771728515625,16429435
2020-09-17,259.93408203125,16544955
2020-09-18,254.35736083984375,32645685
2020-09-21,256.4984436035156,34298955
2020-09-22,253.05279541015625,21191625
2020-09-23,254.01876831054688,14176745
2020-09-24,248.1831512451172,28080625
2020-09-25,249.56735229492188,18199870
2020-09-28,254.676025390625,9460495
2020-09-29,251.59886169433594,11747350
2020-09-30,252.5847625732422,14753080
2020-10-01,259.92413330078125,15811955
2020-10-05,261.8261413574219,19300040
2020-10-06,266.5364685058594,13162655
2020-10-07,263.8377380371094,14173350
2020-10-08,262.92156982421875,25856265
2020-10-09,262.87176513671875,26563380
2020-10-12,261.487548828125,25875695
2020-10-13,267.87091064453125,24360745
2020-10-14,269.5439147949219,16790105
2020-10-15,260.8203430175781,17482370
2020-10-16,266.1979064941406,11790145
2020-10-19,274.1944580078125,19853580
2020-10-20,272.62109375,16140555
2020-10-21,277.50067138671875,21402230
2020-10-22,277.45086669921875,18050460
2020-10-23,275.45916748046875,11929255
2020-10-26,282.2010192871094,40111940
2020-10-27,316.2089538574219,165834400
2020-10-28,308.9791564941406,36224915
2020-10-29,312.8728942871094,36430145
2020-10-30,308.1925048828125,21009920
2020-11-02,314.8247375488281,28562300
2020-11-03,317.39398193359375,26303090
2020-11-04,324.7831726074219,25440305
2020-11-05,333.6958923339844,30372525
2020-11-06,342.1804504394531,29788295
2020-11-09,344.1920471191406,26051055
2020-11-10,349.13140869140625,40019115
2020-11-11,360.0657653808594,52671695
2020-11-12,349.4898986816406,33875995
2020-11-13,351.1927795410156,31322780
2020-11-14,352.63671875,1554265
2020-11-17,357.83502197265625,29133725
2020-11-18,364.5968322753906,30876240
2020-11-19,363.75030517578125,43588840
2020-11-20,376.307861328125,45581330
2020-11-23,377.99090576171875,52217195
2020-11-24,383.37835693359375,44749430
2020-11-25,370.9403076171875,34185845
2020-11-26,376.2481384277344,34322855
2020-11-27,379.83319091796875,393510620
2020-12-01,373.6091613769531,39778990
2020-12-02,361.3304443359375,37290055
2020-12-03,362.684814453125,22312640
2020-12-04,367.71380615234375,19947155
2020-12-07,362.5951232910156,30160865
2020-12-08,365.2341613769531,19767180
2020-12-09,375.1427307128906,21853220
2020-12-10,379.0763244628906,23476080
2020-12-11,382.4820556640625,27332990
2020-12-14,386.25628662109375,17284855
2020-12-15,388.60650634765625,20709490
2020-12-16,388.8853454589844,13823490
2020-12-17,391.45458984375,17301850
2020-12-18,388.2480163574219,16858380
2020-12-21,382.5717468261719,19707555
2020-12-22,379.0065612792969,25368720
2020-12-23,382.5517578125,11704095
2020-12-24,390.4886169433594,16685820
2020-12-28,396.1250915527344,13715345
2020-12-29,398.1964416503906,15764325
2020-12-30,401.910888671875,13287155
2020-12-31,397.4595031738281,13974145
2021-01-01,397.1507873535156,5530495
2021-01-04,391.4745178222656,15707145
2021-01-05,390.3193664550781,16316150
2021-01-06,392.44049072265625,17262575
2021-01-07,388.85546875,17096585
2021-01-08,392.500244140625,16314485
2021-01-11,386.017333984375,14977605
2021-01-12,379.1061706542969,30177900
2021-01-13,374.8539733886719,27915650
2021-01-14,376.9552001953125,24018190
2021-01-15,371.22906494140625,13575820
2021-01-18,367.85321044921875,25023140
2021-01-19,375.8298645019531,24027570
2021-01-20,375.1527099609375,15207240
2021-01-21,370.01416015625,28344310
2021-01-22,364.0789489746094,21490875
2021-01-25,357.38690185546875,33050690
2021-01-27,351.47161865234375,39461595
2021-01-28,343.1364440917969,30179620
2021-01-29,341.1646728515625,25703435
2021-02-01,358.8009948730469,24146050
2021-02-02,370.7113037109375,29356685
2021-02-03,368.8988037109375,21446975
2021-02-04,380.4903869628906,48208370
2021-02-05,394.8902587890625,81341680
2021-02-08,389.801513671875,20107375
2021-02-09,388.2081604003906,11154615
2021-02-10,388.7857360839844,14304705
2021-02-11,390.56829833984375,11233885
2021-02-12,388.5865783691406,8453765
2021-02-15,395.53753662109375,14652175
2021-02-16,402.24951171875,27400915
2021-02-17,396.2346496582031,21976120
2021-02-18,387.47125244140625,17691040
2021-02-19,386.1368408203125,13678415
2021-02-22,388.29779052734375,19266380
2021-02-23,373.0315856933594,27862010
2021-02-24,380.64971923828125,19107080
2021-02-25,377.5227966308594,28112580
2021-02-26,354.5886535644531,42000480
2021-03-01,367.5444641113281,16300220
2021-03-02,367.3951110839844,19185745
2021-03-03,378.3194580078125,14378090
2021-03-04,377.9609680175781,20112570
2021-03-05,382.90032958984375,27039930
2021-03-08,381.5758972167969,23490050
2021-03-09,394.14337158203125,39591725
2021-03-10,391.1558532714844,13807350
2021-03-12,385.4198303222656,13101325
2021-03-15,382.1335754394531,13217765
2021-03-16,379.056396484375,13846120
2021-03-17,372.11541748046875,13474970
2021-03-18,364.5569152832031,10987875
2021-03-19,365.3038330078125,24015080
2021-03-22,363.0133972167969,12170485
2021-03-23,361.0217590332031,21254280
2021-03-24,355.0068359375,15230805
2021-03-25,351.1131286621094,20565065
2021-03-26,352.7363586425781,16553785
2021-03-30,354.76788330078125,27877620
2021-03-31,349.141357421875,18991915
2021-04-01,359.40850830078125,19013260
2021-04-05,350.3762512207031,12241205
2021-04-06,352.1886291503906,14365225
2021-04-07,356.908935546875,15790710
2021-04-08,355.16619873046875,14451450
2021-04-09,358.3529052734375,15696920
2021-04-12,347.05010986328125,16641680
2021-04-13,353.6923828125,15593710
2021-04-15,353.1745300292969,17734430
2021-04-16,351.3521423339844,14561395
2021-04-19,338.73486328125,19327115
2021-04-20,338.12738037109375,16585040
2021-04-22,345.7654724121094,17952220
2021-04-23,345.3970031738281,9467250
2021-04-26,350.4657897949219,16265310
2021-04-27,348.6036071777344,22666800
2021-04-28,360.7827453613281,20872995
2021-04-29,359.4980773925781,19800475
2021-04-30,348.30487060546875,13108915
2021-05-03,343.654296875,27969345
2021-05-04,345.08831787109375,21275755
2021-05-05,352.67657470703125,12058215
2021-05-06,356.1619873046875,11901275
2021-05-07,354.5886535644531,8053650
2021-05-10,360.3644714355469,6662450
2021-05-11,349.62933349609375,14779880
2021-05-12,342.33978271484375,15909150
2021-05-14,339.909912109375,14689460
2021-05-17,347.37872314453125,21057205
2021-05-18,349.55963134765625,23292070
2021-05-19,344.6700439453125,11860210
2021-05-20,340.21868896484375,12990190
2021-05-21,350.0675354003906,21465560
2021-05-24,349.9380187988281,18069535
2021-05-25,348.6434326171875,11008125
2021-05-26,346.681640625,14225500
2021-05-27,353.97119140625,26699940
2021-05-28,358.6516418457031,16235045
2021-05-31,360.035888671875,11554045
2021-06-01,357.9047546386719,11449080
2021-06-02,355.1363220214844,15494245
2021-06-03,361.3304443359375,17220655
2021-06-04,360.73297119140625,7543530
2021-06-07,361.4698791503906,5480695
2021-06-08,357.2176208496094,6655155
2021-06-09,355.0965270996094,10188570
2021-06-10,358.4126281738281,9272445
2021-06-11,357.3769226074219,8109640
2021-06-14,352.1388244628906,12715010
2021-06-15,352.7065124511719,8679120
2021-06-16,350.655029296875,14227715
2021-06-17,351.74053955078125,12891210
2021-06-18,350.62518310546875,13393945
2021-06-21,352.93548583984375,6396605
2021-06-22,349.9580078125,7858715
2021-06-23,345.89495849609375,38011745
2021-06-24,346.1339111328125,17976965
2021-06-25,345.5563659667969,47888225
2021-06-28,345.16796875,17502535
2021-06-29,339.7506103515625,51973310
2021-06-30,339.7506103515625,44110495
2021-07-01,341.79205322265625,14941930
2021-07-02,341.6028747558594,11212755
2021-07-05,344.77960205078125,9438355
2021-07-06,349.6094055175781,18461110
2021-07-07,350.89404296875,13630910
2021-07-08,345.0185546875,11040075
2021-07-09,342.5787658691406,8490830
2021-07-12,344.9488830566406,8685325
2021-07-13,347.9762268066406,10333195
2021-07-14,348.1754455566406,10794920
2021-07-15,348.5538635253906,9752780
2021-07-16,348.44427490234375,9190250
2021-07-19,343.12646484375,10731685
2021-07-20,339.11328125,10719295
2021-07-22,340.01947021484375,9291265
2021-07-23,343.1564025878906,9979000
2021-07-26,346.67169189453125,19695475
2021-07-27,338.17718505859375,21505655
2021-07-28,329.1947326660156,25263775
2021-07-29,326.9639892578125,14971325
2021-07-30,329.5830383300781,16110005
2021-08-02,331.634521484375,12954880
2021-08-03,335.7274169921875,16150700
2021-08-04,348.53387451171875,35020800
2021-08-05,352.87579345703125,30260460
2021-08-06,353.96124267578125,18202345
2021-08-09,354.6981506347656,7984430
2021-08-10,361.1412353515625,22974240
2021-08-11,354.81451416015625,15509515
2021-08-12,356.22930908203125,8208450
2021-08-13,356.2890930175781,9199585
2021-08-16,355.1632080078125,7768305
2021-08-17,356.3588562011719,7096685
2021-08-18,348.65716552734375,13818265
2021-08-20,339.4609680175781,28216210
2021-08-23,342.11126708984375,15465845
2021-08-24,339.73004150390625,23539855
2021-08-25,338.1956787109375,14569050
2021-08-26,338.2554626464844,21912885
2021-08-27,341.4537048339844,18306575
2021-08-30,345.8973693847656,12806265
2021-08-31,349.4542236328125,22463045
2021-09-01,348.04937744140625,36331770
2021-09-02,353.97760009765625,28819220
2021-09-03,357.0562438964844,24225670
2021-09-06,353.60894775390625,9509655
2021-09-07,351.6760559082031,14614185
2021-09-08,361.73907470703125,76247785
2021-09-09,362.2372131347656,18214625
2021-09-13,366.6609802246094,16358075
2021-09-14,372.1806335449219,20840400
2021-09-15,372.96771240234375,24070115
2021-09-16,379.96197509765625,20643915
2021-09-17,400.11785888671875,73192445
2021-09-20,398.8226013183594,29405445
2021-09-21,400.71563720703125,19334440
2021-09-22,395.6542053222656,9559045
2021-09-23,403.3160705566406,14945535
2021-09-24,404.1330261230469,10574440
2021-09-27,405.17919921875,9150320
2021-09-28,412.1236877441406,19496335
2021-09-29,404.601318359375,17101570
2021-09-30,399.6296081542969,22863740
2021-10-01,397.24835205078125,16869890
2021-10-04,396.7303161621094,10215265
2021-10-05,395.0166015625,13599035
2021-10-06,389.71612548828125,14896375
2021-10-07,389.05853271484375,11110650
2021-10-08,385.8503112792969,9689170
2021-10-11,393.6316833496094,11880835
2021-10-12,397.5572204589844,9454510
2021-10-13,400.39678955078125,8712390
2021-10-14,402.0805969238281,8261780
2021-10-18,400.8451232910156,10833895
2021-10-19,405.5777282714844,8476015
2021-10-20,401.6123352050781,8974465
2021-10-21,427.1782531738281,47477590
2021-10-22,432.68798828125,29659130
2021-10-25,429.32037353515625,33886310
2021-10-26,440.5689697265625,53345005
2021-10-27,436.0456237792969,22752840
2021-10-28,418.1614685058594,15511445
2021-10-29,404.7408142089844,23331725
2021-11-01,413.7775573730469,9832940
2021-11-02,413.80743408203125,7681030
2021-11-03,406.0161437988281,10336455
2021-11-04,409.891845703125,1025885
2021-11-08,422.21649169921875,10609980
2021-11-09,417.90240478515625,8887865
2021-11-10,413.6878662109375,7228940
2021-11-11,409.3139953613281,7735765
2021-11-12,413.4189147949219,7172140
2021-11-15,417.92230224609375,9096640
2021-11-16,415.0429382324219,7725535
2021-11-17,409.11474609375,7233815
2021-11-18,403.4057312011719,13965995
2021-11-22,389.65631103515625,13741645
2021-11-23,395.12615966796875,16148125
2021-11-24,400.8052978515625,9737415
2021-11-25,405.5279235839844,15822140
2021-11-26,391.4198303222656,13237765
2021-11-29,402.4393005371094,20859500
2021-11-30,390.94158935546875,21329080
2021-12-01,389.2378845214844,12928465
2021-12-02,391.4098815917969,9664645
2021-12-03,381.4365539550781,17458620
2021-12-06,375.6578674316406,15406680
2021-12-07,386.0097351074219,36722375
2021-12-08,382.6819763183594,25627975
2021-12-09,381.8649597167969,23272265
2021-12-10,377.9593505859375,15274610
2021-12-13,373.2467041015625,20425550
2021-12-14,366.73065185546875,50556260
2021-12-15,372.1108703613281,26528735
2021-12-16,370.7857360839844,15272310
2021-12-17,357.4448547363281,14675630
2021-12-20,347.2224426269531,16345895
2021-12-21,346.0368347167969,11321155
2021-12-22,351.1878662109375,17269195
2021-12-23,353.8182067871094,9598245
2021-12-24,348.39813232421875,11357850
2021-12-27,353.3897399902344,8269165
2021-12-28,353.6787109375,6428355
2021-12-29,351.5465393066406,7059540
2021-12-30,349.7630920410156,12491975
2021-12-31,357.90313720703125,11064460
2022-01-03,363.5523681640625,9925545
2022-01-04,369.1617126464844,13177875
2022-01-05,383.020751953125,21040835
2022-01-06,376.992919921875,11290150
2022-01-07,379.453857421875,11516755
2022-01-10,388.16180419921875,14310435
2022-01-11,385.9399719238281,13570095
2022-01-12,389.8854675292969,10746980
2022-01-13,383.8576354980469,7435760
2022-01-14,386.218994140625,9143810
2022-01-17,386.0694885253906,8382365
2022-01-18,387.00604248046875,10407280
2022-01-19,379.73284912109375,7608510
2022-01-20,377.1324157714844,7449105
2022-01-21,377.361572265625,8769480
2022-01-24,364.8376159667969,12737170
2022-01-25,369.5702209472656,12845325
2022-01-27,376.4648742675781,18593095
2022-01-28,378.2682189941406,24859820
2022-01-31,370.08831787109375,22583125
2022-02-01,375.0799560546875,15485430
2022-02-02,387.0957336425781,13552540
2022-02-03,380.41033935546875,11198565
2022-02-04,375.45855712890625,8856335
2022-02-07,364.34942626953125,10269795
2022-02-08,362.2272033691406,17846850
2022-02-09,365.6546630859375,8120290
2022-02-10,372.071044921875,12540405
2022-02-11,364.3095397949219,9298775
2022-02-14,348.0892333984375,15134105
2022-02-15,361.2906799316406,10276375
2022-02-16,364.6682434082031,11348780
2022-02-17,362.1275939941406,14051145
2022-02-18,363.9707946777344,6148340
2022-02-21,364.0804138183594,6719555
2022-02-22,366.9996643066406,15110375
2022-02-23,375.837158203125,34579605
2022-02-24,357.6540832519531,24780215
2022-02-25,369.97869873046875,19969430
2022-02-28,367.19891357421875,13562810
2022-03-02,359.87591552734375,14154775
2022-03-03,357.1359558105469,14810715
2022-03-04,349.1453552246094,12745970
2022-03-07,341.1248779296875,13489675
2022-03-08,343.3566589355469,27182480
2022-03-09,346.5449523925781,34597305
2022-03-10,349.5837707519531,20942345
2022-03-11,351.30743408203125,12531700
2022-03-14,356.43853759765625,16583245
2022-03-15,345.4788818359375,24037275
2022-03-16,350.8092346191406,14636205
2022-03-17,362.6656494140625,16795035
2022-03-21,354.1170959472656,11988495
2022-03-22,360.2445373535156,16987280
2022-03-23,352.6524963378906,16131700
2022-03-24,341.57318115234375,98550890
2022-03-25,343.1872863769531,15195750
2022-03-28,343.775146484375,15351020
2022-03-29,344.73162841796875,12928950
2022-03-30,351.32733154296875,16790770
2022-03-31,349.4841613769531,14242040
2022-04-01,354.02740478515625,11868865
2022-04-04,365.8638610839844,19987830
2022-04-05,359.1186828613281,10664355
2022-04-06,354.57537841796875,11745005
2022-04-07,351.9949035644531,21943915
2022-04-08,355.5916748046875,11908355
2022-04-11,355.3824157714844,9589710
2022-04-12,359.0489196777344,12061210
2022-04-13,354.6152648925781,9618460
2022-04-18,348.796630859375,9800705
2022-04-19,340.2480773925781,11947870
2022-04-20,342.9980163574219,16007725
2022-04-21,350.8790283203125,13653455
2022-04-22,344.28326416015625,11280190
2022-04-25,344.50244140625,10746970
2022-04-26,347.2623291015625,7273885
2022-04-27,347.0231628417969,14112960
2022-04-28,351.8354797363281,11712485
2022-04-29,356.8370666503906,18443295
2022-05-02,353.569091796875,9897330
2022-05-04,353.8182067871094,28732370
2022-05-05,358.2020263671875,17840235
2022-05-06,353.7583923339844,14237415
2022-05-09,352.2041320800781,10846810
2022-05-10,358.1123962402344,9949270
2022-05-11,360.6629638671875,13109420
2022-05-12,350.8889465332031,21411340
2022-05-13,354.6052551269531,13685110
2022-05-16,361.2408752441406,15195905
2022-05-17,366.71075439453125,15103905
2022-05-18,368.0059509277344,26608920
2022-05-19,355.3724670410156,15541605
2022-05-20,364.4889221191406,13248360
2022-05-23,369.5004577636719,14130390
2022-05-24,375.13970947265625,17109500
2022-05-25,380.1114501953125,31263010
2022-05-26,380.33062744140625,24749145
2022-05-27,387.81304931640625,12201835
2022-05-30,379.2446594238281,19939000
2022-05-31,368.01593017578125,74151530
2022-06-01,371.6525573730469,11913225
2022-06-02,370.1679992675781,13321505
2022-06-03,370.3673095703125,9076875
2022-06-06,372.48944091796875,12940485
2022-06-07,370.26763916015625,8558195
2022-06-08,367.7469482421875,7328080
2022-06-09,371.6724853515625,6404340
2022-06-10,357.0462951660156,14299750
2022-06-13,346.19622802734375,11747225
2022-06-14,346.66448974609375,7755235
2022-06-15,346.05670166015625,8850845
2022-06-16,333.93133544921875,14866460
2022-06-17,333.49298095703125,15819320
2022-06-20,334.6088562011719,8837885
2022-06-21,335.067138671875,12518015
2022-06-22,332.7158203125,8859625
2022-06-23,335.5852966308594,12454005
2022-06-24,338.43475341796875,8088605
2022-06-27,337.0697937011719,10640560
2022-06-28,332.5364990234375,13997215
2022-06-29,327.2857971191406,14664150
2022-06-30,331.00213623046875,19910320
2022-07-01,332.3272399902344,11502570
2022-07-04,332.9549560546875,9343905
2022-07-05,331.39068603515625,13210485
2022-07-06,339.6502990722656,27864745
2022-07-07,346.4253845214844,15850325
2022-07-08,347.67083740234375,8890745
2022-07-11,346.97332763671875,7665895
2022-07-12,342.5296936035156,9144160
2022-07-13,347.13275146484375,18067340
2022-07-14,352.7122802734375,32854910
2022-07-15,356.22930908203125,11668660
2022-07-18,367.7768249511719,15585190
2022-07-19,365.6446533203125,14475875
2022-07-20,364.2099304199219,12857345
2022-07-21,358.78985595703125,10933370
2022-07-22,364.0804138183594,16747900
2022-07-25,357.7935485839844,9432575
2022-07-26,351.0284423828125,9012235
2022-07-27,349.5339660644531,17398225
2022-07-28,364.3594055175781,10772005
2022-07-29,360.74273681640625,11939990
2022-08-01,369.7893981933594,8277685
2022-08-02,375.53826904296875,16788030
2022-08-03,368.86279296875,12678395
2022-08-04,365.7641906738281,11805930
2022-08-05,365.4354553222656,8322855
2022-08-08,367.54766845703125,7779625
2022-08-10,364.32952880859375,8286635
2022-08-11,369.56341552734375,13891690
2022-08-12,367.1109313964844,6982610
2022-08-16,368.1377868652344,6568120
2022-08-17,366.8118896484375,16916670
2022-08-18,379.7321472167969,18306580
2022-08-19,374.2490234375,22819530
2022-08-22,365.2865905761719,20813785
2022-08-23,370.01202392578125,11071500
2022-08-24,372.374755859375,7078125
2022-08-25,372.60406494140625,11022045
2022-08-26,379.24365234375,16715440
2022-08-29,368.86553955078125,18198365
2022-08-30,381.9154357910156,19429250
2022-09-01,379.40313720703125,21039210
2022-09-02,382.59332275390625,16656880
2022-09-05,386.39166259765625,19033850
2022-09-06,381.96527099609375,13839270
2022-09-07,380.4798278808594,9881290
2022-09-08,384.82647705078125,12060915
2022-09-09,384.0887145996094,14089865
2022-09-12,383.62017822265625,7418405
2022-09-13,383.50054931640625,7922905
2022-09-14,389.7413635253906,18712145
2022-09-15,385.6439208984375,18737490
2022-09-16,384.8763122558594,25844110
2022-09-19,384.716796875,8379560
2022-09-20,386.7605285644531,8063650
2022-09-21,382.5235595703125,11191380
2022-09-22,377.38934326171875,9286135
2022-09-23,371.3977966308594,13068795
2022-09-26,364.6784362792969,11425880
2022-09-27,358.7566223144531,13700720
2022-09-28,357.4207458496094,8855585
2022-09-29,351.97747802734375,13998135
2022-09-30,362.72442626953125,14023265
2022-10-03,355.68609619140625,12200320
2022-10-04,363.33258056640625,8344610
2022-10-06,362.6646423339844,8740755
2022-10-07,363.9606628417969,5319220
2022-10-10,360.5411682128906,5188610
2022-10-11,356.483642578125,7483590
2022-10-12,360.9299621582031,5175590
2022-10-13,359.1952819824219,5864895
2022-10-14,365.67535400390625,8351190
2022-10-17,370.4905700683594,5521415
2022-10-18,370.79962158203125,8049290
2022-10-19,372.72369384765625,4566430
2022-10-20,371.5672302246094,7955535
2022-10-21,379.36328125,19709855
2022-10-24,377.9974670410156,3245405
2022-10-25,368.1876525878906,17558250
2022-10-27,371.8563537597656,22967460
2022-10-28,375.694580078125,15243435
2022-10-31,379.2237243652344,9371740
2022-11-01,380.6692199707031,12727085
2022-11-02,380.81878662109375,9320405
2022-11-03,378.86480712890625,7959355
2022-11-04,378.8249206542969,10407065
2022-11-07,375.3655700683594,13123005
2022-11-09,377.5189208984375,11613170
2022-11-10,381.2574157714844,12550620
2022-11-11,378.65545654296875,17120150
2022-11-14,383.38092041015625,10711335
2022-11-15,381.30731201171875,9951460
2022-11-16,391.9744873046875,32188255
2022-11-17,388.9139099121094,12043355
2022-11-18,390.7083740234375,21360200
2022-11-21,387.6278381347656,5963050
2022-11-22,386.7605285644531,5833775
2022-11-23,389.4721984863281,12502815
2022-11-24,387.77740478515625,7002105
2022-11-25,384.49749755859375,10487705
2022-11-28,384.4476623535156,7822520
2022-11-29,383.92919921875,6817525
2022-11-30,388.2160339355469,14753670
2022-12-01,385.673828125,12355025
2022-12-02,384.9760437011719,7954840
2022-12-05,386.5013427734375,6227545
2022-12-06,385.86328125,6833490
2022-12-07,381.11785888671875,11811400
2022-12-08,378.2367248535156,63099190
2022-12-09,376.45220947265625,13242275
2022-12-12,372.0058898925781,16407235
2022-12-13,372.5542297363281,34697825
2022-12-14,373.4913635253906,18735705
2022-12-15,371.49749755859375,10208995
2022-12-16,366.9813537597656,12439140
2022-12-19,370.4905700683594,8568235
2022-12-20,368.287353515625,7052930
2022-12-21,361.8072814941406,11914345
2022-12-22,364.0902404785156,8570465
2022-12-23,363.2727966308594,10510630
2022-12-26,361.597900390625,23733690
2022-12-27,363.06341552734375,7741430
2022-12-28,362.9039001464844,9521340
2022-12-29,362.63470458984375,10772450
2022-12-30,364.32952880859375,13463440
2023-01-02,363.8908386230469,5625005
2023-01-03,365.4460754394531,8317240
2023-01-04,363.03350830078125,8320520
2023-01-05,362.9437561035156,8663090
2023-01-06,356.2642822265625,18998275
2023-01-09,361.2689208984375,17134340
2023-01-10,358.0089111328125,7370655
2023-01-11,359.26507568359375,8018505
2023-01-12,354.80877685546875,17648025
2023-01-13,354.96826171875,19915985
2023-01-16,355.8655090332031,10590805
2023-01-17,358.42767333984375,10661970
2023-01-18,358.7167663574219,14176160
2023-01-19,352.37628173828125,22128220
2023-01-20,351.4989318847656,21351470
2023-01-23,355.65618896484375,38823135
2023-01-24,350.9705505371094,20795940
2023-01-25,348.8869934082031,21401665
2023-01-27,341.56951904296875,37584895
2023-01-30,344.19146728515625,24697780
2023-01-31,345.1385498046875,21926920
2023-02-01,347.8701477050781,18260490
2023-02-02,351.2696533203125,20922350
2023-02-03,354.96826171875,13376060
2023-02-06,348.3287048339844,15201045
2023-02-07,353.9913024902344,18215935
2023-02-08,352.01739501953125,7233450
2023-02-09,353.09405517578125,10819125
2023-02-10,353.3233947753906,7229710
2023-02-13,353.67230224609375,11945710
2023-02-14,352.9844055175781,8074465
2023-02-15,356.0050964355469,12046460
2023-02-16,356.49359130859375,11458010
2023-02-17,350.7712097167969,12939545
2023-02-20,346.3946533203125,16124195
2023-02-21,344.9790344238281,14684670
2023-02-22,339.06719970703125,17695745
2023-02-23,340.38311767578125,13850550
2023-02-24,338.4192199707031,10401815
2023-02-27,344.1316223144531,11718990
2023-02-28,344.78961181640625,21975490
2023-03-01,347.9100036621094,28066930
2023-03-02,343.28424072265625,20599675
2023-03-03,349.12628173828125,18131345
2023-03-06,349.12628173828125,25934230
2023-03-08,346.9728698730469,26013040
2023-03-09,342.28729248046875,34641580
2023-03-10,338.8179931640625,24380720
2023-03-13,333.7535705566406,44894690
2023-03-14,328.6392822265625,70694930
2023-03-15,332.1684265136719,23461815
2023-03-16,331.68988037109375,18160315
2023-03-17,337.5817565917969,44641505
2023-03-20,338.88775634765625,22319685
2023-03-21,340.3233337402344,9025900
2023-03-22,339.984375,16630495
2023-03-23,334.90997314453125,28210755
2023-03-24,337.392333984375,27403045
2023-03-27,339.9943542480469,14186020
2023-03-28,338.73822021484375,11858260
2023-03-29,343.1546325683594,14105000
2023-03-31,345.5074157714844,17828775
2023-04-03,348.0695495605469,12184330
2023-04-05,349.3056945800781,12631750
2023-04-06,350.342529296875,7786775
2023-04-10,350.78118896484375,6265855
2023-04-11,368.1676940917969,46468815
2023-04-12,367.67919921875,17043565
2023-04-13,372.7535705566406,14620580
2023-04-17,377.86785888671875,51771495
2023-04-18,376.5020751953125,14863605
2023-04-19,375.82415771484375,9383280
2023-04-20,375.6446838378906,11613885
2023-04-21,377.5688171386719,8356705
2023-04-24,378.2865905761719,10087030
2023-04-25,376.701416015625,23692095
2023-04-26,374.5680236816406,15797590
2023-04-27,380.54962158203125,25306465
2023-04-28,386.4215393066406,21838060
2023-05-02,383.05194091796875,23028855
2023-05-03,385.00592041015625,17245035
2023-05-04,388.32568359375,17257895
2023-05-05,384.5572814941406,17421090
2023-05-08,390.56878662109375,19354705
2023-05-09,389.6615905761719,18115375
2023-05-10,390.5389099121094,19562195
2023-05-11,390.3893737792969,22059120
2023-05-12,390.917724609375,16085405
2023-05-15,393.3901672363281,14858460
2023-05-16,388.2160339355469,22847485
2023-05-17,380.6593017578125,27410085
2023-05-18,384.298095703125,20726140
2023-05-19,387.13934326171875,19734635
2023-05-22,386.8502502441406,17004400
2023-05-23,383.1217041015625,21677620
2023-05-24,380.8985595703125,17787685
2023-05-25,384.8065185546875,29833785
2023-05-26,387.8172607421875,16477060
2023-05-29,389.4422912597656,18877545
2023-05-30,393.7290954589844,37148525
2023-05-31,401.634765625,442990630
2023-06-01,384.82647705078125,29837160
2023-06-02,386.5611267089844,17790360
2023-06-05,383.7996520996094,12029545
2023-06-06,390.60870361328125,20564205
2023-06-07,386.6907653808594,15502070
2023-06-08,376.1431579589844,27458070
2023-06-09,373.2520751953125,70984620
2023-06-12,374.73748779296875,14075865
2023-06-13,370.0519104003906,47809135
2023-06-14,371.78656005859375,27892715
2023-06-15,365.5757141113281,24190940
2023-06-16,370.3410339355469,15988285
2023-06-19,363.7911682128906,38049565
2023-06-20,367.6692199707031,23114525
2023-06-21,367.978271484375,11995540
2023-06-22,366.0940856933594,17141050
2023-06-23,364.5887145996094,12920315
2023-06-26,363.4721374511719,11068395
2023-06-27,367.8088073730469,10693325
2023-06-28,366.9813537597656,26699910
2023-06-30,368.17767333984375,19673600
2023-07-03,367.6593017578125,16042700
2023-07-04,371.1983642578125,32877935
2023-07-05,371.8264465332031,15595925
2023-07-06,374.3088073730469,18271205
2023-07-07,369.56341552734375,10382720
2023-07-10,372.2351989746094,17187710
2023-07-11,372.1753845214844,20483785
2023-07-12,374.4683532714844,21775415
2023-07-13,372.7934875488281,26326850
2023-07-14,372.6539001464844,35659580
2023-07-17,378.2467346191406,16649280
2023-07-18,377.0105285644531,28978225
2023-07-19,380.1508483886719,16888935
2023-07-20,390.17999267578125,46527925
2023-07-21,392.8318786621094,19248750
2023-07-24,378.2865905761719,35165465
2023-07-25,373.9499206542969,39724580
2023-07-26,377.89776611328125,12310365
2023-07-27,373.6009826660156,31450005
2023-07-28,374.2190856933594,11510165
2023-07-31,370.1715393066406,20126035
2023-08-01,368.86553955078125,22339710
2023-08-02,363.6216735839844,20902255
2023-08-03,363.5319519042969,35076460
2023-08-04,366.8744812011719,27217660
2023-08-07,365.4875793457031,18541550
2023-08-08,364.7791748046875,20448115
2023-08-09,365.4775695800781,13121620
2023-08-10,359.3613586425781,25560495
2023-08-11,357.4855651855469,21328080
2023-08-14,358.0143737792969,16499595
2023-08-16,356.43792724609375,9419700
2023-08-17,352.3471374511719,25658695
2023-08-18,349.37384033203125,20566460
2023-08-21,351.279541015625,19777340
2023-08-22,351.82830810546875,16644060
2023-08-23,355.210693359375,16691425
2023-08-24,355.3902893066406,20618955
2023-08-25,354.9712219238281,10216750
2023-08-28,357.2660827636719,9902680
2023-08-29,355.8193054199219,13543460
2023-08-30,354.1830139160156,12979480
2023-08-31,350.96026611328125,41570050
2023-09-01,353.4247131347656,13476050
2023-09-04,351.6487121582031,23488415
2023-09-05,353.41473388671875,21286715
2023-09-06,353.26507568359375,31101115
2023-09-07,356.9966735839844,11040445
2023-09-08,357.8348083496094,11930910
2023-09-11,360.7681579589844,11584510
2023-09-12,361.42669677734375,17044830
2023-09-13,364.1006774902344,29659350
2023-09-14,363.4920349121094,12797115
2023-09-15,361.9654846191406,20607700
2023-09-18,358.86248779296875,19850560
2023-09-20,357.08648681640625,26840715
2023-09-21,350.3516540527344,23923755
2023-09-22,350.50128173828125,18550615
2023-09-25,356.0787353515625,11132835
2023-09-26,352.0278625488281,18280835
2023-09-27,352.2373962402344,15021030
2023-09-28,345.8617248535156,41315985
2023-09-29,346.3606262207031,17858645
2023-10-03,344.6344909667969,27674345
2023-10-04,343.63671875,31104895
2023-10-05,346.0712585449219,14834005
2023-10-06,347.9969482421875,9961615
2023-10-09,343.08795166015625,9197565
2023-10-10,350.43145751953125,16844910
2023-10-11,353.48455810546875,17499220
2023-10-12,351.9779357910156,11919135
2023-10-13,351.6087951660156,10619635
2023-10-16,349.1643371582031,7899785
2023-10-17,353.5144958496094,16086785
2023-10-18,349.89263916015625,15258400
2023-10-19,346.9093933105469,9965895
2023-10-20,353.1253967285156,20361915
2023-10-23,347.3683166503906,37732210
2023-10-25,344.8340148925781,17563340
2023-10-26,338.2089538574219,31396400
2023-10-27,339.7754211425781,14874150
2023-10-30,342.7287902832031,7557815
2023-10-31,347.0989685058594,24196680
2023-11-01,344.1056823730469,12640525
2023-11-02,346.75970458984375,12752790
2023-11-03,345.8717041015625,7794790
2023-11-06,347.25860595703125,5933425
2023-11-07,349.463623046875,17998015
2023-11-08,348.46588134765625,18214185
2023-11-09,348.2064514160156,9718555
2023-11-10,348.30621337890625,8173995
2023-11-13,348.8550109863281,14276385
2023-11-15,353.1054382324219,17161355
2023-11-16,353.77392578125,10395580
2023-11-17,352.1276550292969,13554350
2023-11-20,353.31494140625,9618255
2023-11-21,352.6464538574219,13528825
2023-11-22,348.3461608886719,22568660
2023-11-23,347.0789794921875,14181445
2023-11-24,348.0168762207031,12809895
2023-11-28,347.66766357421875,16746460
2023-11-29,349.90264892578125,17365700
2023-11-30,350.3017578125,31274735
2023-12-01,349.31396484375,10011890
2023-12-04,362.8934020996094,22895865
2023-12-05,364.86895751953125,27857360
2023-12-06,363.46209716796875,23479400
2023-12-07,364.5496520996094,12503210
2023-12-08,366.8644714355469,14927330
2023-12-11,367.9819641113281,16029165
2023-12-12,364.05078125,19074810
2023-12-13,364.4199523925781,16256660
2023-12-14,369.93756103515625,24394315
2023-12-15,369.28900146484375,19385985
2023-12-18,368.5606689453125,18793650
2023-12-19,368.4808349609375,15444615
2023-12-20,364.4798278808594,19842810
2023-12-21,369.70806884765625,12019200
2023-12-22,371.26458740234375,16546475
2023-12-26,376.5227355957031,21753345
2023-12-27,379.61578369140625,17036215
2023-12-28,383.4072265625,24750070
2023-12-29,380.76318359375,12230850
2024-01-01,380.97271728515625,7129510
2024-01-02,372.1725158691406,25603980
2024-01-03,372.3421325683594,18907575
2024-01-04,371.8831787109375,14328830
2024-01-05,368.6903381347656,38996705
2024-01-08,364.4000244140625,61265835
2024-01-09,364.509765625,21696115
2024-01-10,363.3424072265625,35263790
2024-01-11,363.7514953613281,20850350
2024-01-12,365.8267822265625,10863105
2024-01-15,369.4685974121094,30861560
2024-01-16,368.77020263671875,23254490
2024-01-17,355.130859375,54184415
2024-01-18,354.6519470214844,21467250
2024-01-19,352.0677490234375,22801645
2024-01-23,356.09869384765625,33904120
2024-01-24,356.9168701171875,16341755
2024-01-25,352.88592529296875,33510850
2024-01-29,363.7614440917969,26180740
2024-01-30,363.9011535644531,19145935
2024-01-31,364.2303771972656,40587005
2024-02-01,363.73150634765625,10360840
2024-02-02,363.77142333984375,25249380
2024-02-05,360.8580017089844,17304030
2024-02-06,356.5975646972656,23459485
2024-02-07,357.7150573730469,22961120
2024-02-08,345.1632995605469,22713870
2024-02-09,347.70758056640625,20319880
2024-02-12,341.1423645019531,22532445
2024-02-13,346.64996337890625,22461670
2024-02-14,349.0046691894531,19251615
2024-02-15,347.06903076171875,12708350
2024-02-16,346.27081298828125,8215730
2024-02-19,345.5025329589844,22239770
2024-02-20,351.7085876464844,38055620
2024-02-21,348.4359436035156,20924355
2024-02-22,344.175537109375,31003800
2024-02-23,344.0258483886719,17268830
2024-02-26,340.4938049316406,29790330
2024-02-27,340.5836181640625,22158260
2024-02-28,335.9639892578125,15381635
2024-02-29,337.1313781738281,33034875
2024-03-01,344.76422119140625,17220745
2024-03-04,344.6644287109375,13885990
2024-03-05,342.3695983886719,15610970
2024-03-06,351.1598205566406,37258560
2024-03-07,348.8250427246094,15696800
2024-03-11,345.1533203125,18200715
2024-03-12,343.2974853515625,51216490
2024-03-13,345.13336181640625,29080415
2024-03-14,347.6976013183594,24048165
2024-03-15,346.87945556640625,77537270
2024-03-18,346.79962158203125,11570715
2024-03-19,349.1443176269531,22405375
2024-03-20,352.2872619628906,22104430
2024-03-21,353.6342468261719,18918405
2024-03-22,354.4823303222656,35306415
2024-03-26,349.9525146484375,26518150
2024-03-27,354.32269287109375,41155650
2024-03-28,356.2982482910156,33150360
2024-04-01,357.3359375,14429400
2024-04-02,350.6908874511719,34255950
2024-04-03,345.4526672363281,63417755
2024-04-04,349.0445556640625,65626460
2024-04-05,356.2284240722656,32790115
2024-04-08,356.8769226074219,13174055
2024-04-09,355.3204345703125,11866155
2024-04-10,364.3700866699219,27629090
2024-04-12,361.79583740234375,19831135
2024-04-15,358.82257080078125,21599340
2024-04-16,357.7150573730469,20483890
2024-04-18,356.5476989746094,21253700
2024-04-19,357.72503662109375,19351900
2024-04-22,361.1772766113281,30755695
2024-04-23,361.79583740234375,29780025
2024-04-24,367.7325134277344,16475385
2024-04-25,327.7524719238281,330895395
2024-04-26,320.9777526855469,110734245
2024-04-29,327.3433837890625,56137045
2024-04-30,324.060791015625,91032240
2024-05-02,314.4224853515625,133202390
2024-05-03,308.64544677734375,80617945
2024-05-06,324.130615234375,108041055
2024-05-07,328.0418395996094,49333925
2024-05-08,328.9298400878906,49268765
2024-05-09,327.8822021484375,23280220
2024-05-10,324.8589782714844,58847010
2024-05-13,327.5030212402344,29196240
2024-05-14,328.5207824707031,21410130
2024-05-15,329.41876220703125,26304500
2024-05-16,333.6591796875,34991785
2024-05-17,338.5481872558594,48087255
2024-05-21,338.8874206542969,29050835
2024-05-22,339.1468505859375,30293485
2024-05-23,341.0425720214844,28406475
2024-05-24,339.92510986328125,24680885
2024-05-27,341.4317321777344,17271435
2024-05-28,339.9649963378906,18580705
2024-05-29,336.8121032714844,24762360
2024-05-30,337.2610778808594,27902445
2024-05-31,335.3254089355469,64022380
2024-06-03,342.8385314941406,49005355
2024-06-04,326.8544921875,76147340
2024-06-05,342.8485107421875,72131590
2024-06-06,346.16107177734375,31799505
2024-06-07,349.9525146484375,23040730
2024-06-10,348.3461608886719,24240220
2024-06-11,343.2276611328125,20528235
2024-06-12,342.3795471191406,29407880
2024-06-13,344.4947814941406,30080725
2024-06-14,342.6689147949219,15768330
2024-06-18,343.10791015625,28536650
2024-06-19,348.5556640625,49798990
2024-06-20,352.4568786621094,46215520
2024-06-21,354.3326721191406,95158445
2024-06-24,353.7140808105469,21144440
2024-06-25,355.5798645019531,29669295
2024-06-26,358.82257080078125,33429660
2024-06-27,365.2879943847656,66713845
2024-06-28,359.69061279296875,24845035
2024-07-01,360.80810546875,14507550
2024-07-02,353.1253967285156,48125085
2024-07-03,361.3269348144531,44905015
2024-07-04,365.946533203125,25344465
2024-07-05,369.70806884765625,17328265
2024-07-08,369.807861328125,19306015
2024-07-09,368.7402648925781,19601055
2024-07-10,365.1483459472656,28148945
2024-07-11,368.0717468261719,23076860
2024-07-12,365.7469787597656,21204275
2024-07-15,367.8821716308594,29549980
2024-07-16,360.2493591308594,32713510
2024-07-18,364.52972412109375,37954190
2024-07-19,363.90045166015625,20694325
2024-07-22,351.1051940917969,53711805
2024-07-23,353.3725891113281,30775980
2024-07-24,348.8377990722656,37436035
2024-07-25,354.6211242675781,15481985
2024-07-26,362.3522033691406,26546755
2024-07-29,358.3668212890625,40031835
2024-07-30,356.8086242675781,28397685
2024-07-31,361.16357421875,29031285
2024-08-01,358.1170959472656,19080220
2024-08-02,360.2746276855469,16212945
2024-08-05,354.3215026855469,24559090
2024-08-06,353.7021789550781,19620110
2024-08-07,354.90081787109375,17688725
2024-08-08,354.1416931152344,12361105
2024-08-09,353.52239990234375,12322215
2024-08-12,354.10174560546875,22722215
2024-08-13,350.0064697265625,17651595
2024-08-14,349.1773986816406,12928245
2024-08-16,355.0506286621094,14809355
2024-08-19,355.8597106933594,10861395
2024-08-20,360.714111328125,15577430
2024-08-21,362.17242431640625,28585950
2024-08-22,363.8804626464844,16089940
2024-08-23,363.1812744140625,9075930
2024-08-26,362.0825500488281,11781285
2024-08-27,360.2546691894531,22708480
2024-08-28,357.8474426269531,21403980
2024-08-29,355.0406799316406,27655790
2024-08-30,355.7498474121094,37290860
2024-09-02,355.63995361328125,20242600
2024-09-03,356.3491516113281,25981365
2024-09-04,356.3491516113281,15962215
2024-09-05,355.18048095703125,17865025
2024-09-06,352.42364501953125,16274400
2024-09-09,357.61767578125,17182305
2024-09-10,357.9073486328125,17488060
2024-09-11,357.4378967285156,18669360
2024-09-12,365.069091796875,31827540
2024-09-13,363.6507263183594,10283600
2024-09-16,365.8382263183594,13653170
2024-09-17,368.9046630859375,18374310
2024-09-18,367.5162658691406,34387495
2024-09-19,373.9588623046875,14462150
2024-09-20,380.4613342285156,94247895
2024-09-23,386.494384765625,18431360
2024-09-24,382.4989929199219,18546930
2024-09-25,379.1528625488281,16537335
2024-09-26,380.0218505859375,21022565
2024-09-27,374.0587158203125,33215560
2024-09-30,370.3630065917969,16234200
2024-10-01,375.4471435546875,24357630
2024-10-03,364.1401672363281,31816160
2024-10-04,361.3833312988281,18673160
2024-10-07,357.6376647949219,37233165
2024-10-08,360.2646179199219,25485515
2024-10-09,359.7452392578125,35394010
2024-10-10,374.78790283203125,29528990
2024-10-11,376.04644775390625,26057900
2024-10-14,381.71990966796875,21955690
2024-10-15,378.6034851074219,21477465
2024-10-16,374.83782958984375,15727780
2024-10-17,372.38067626953125,17707160
2024-10-18,373.779052734375,19173835
2024-10-21,357.4278869628906,65890685
2024-10-22,352.2239074707031,27471910
2024-10-23,353.15283203125,14180685
2024-10-24,352.03411865234375,11584100
2024-10-25,353.3625793457031,14146135
2024-10-28,349.56695556640625,16510740
2024-10-29,351.63458251953125,20790595
2024-10-30,346.5205078125,21929745
2024-10-31,345.8212890625,14723350
2024-11-01,348.4782409667969,912445
2024-11-04,345.4716796875,14424150
2024-11-05,351.0252685546875,20143075
2024-11-06,352.114013671875,18261260
2024-11-07,348.9776611328125,15304920
2024-11-08,348.7579040527344,18234125
2024-11-11,348.3983154296875,16025150
2024-11-12,343.8835144042969,16141950
2024-11-13,337.1812438964844,17967450
2024-11-14,341.1866149902344,16638790
2024-11-18,344.1531982421875,10412075
2024-11-19,345.15203857421875,13798315
2024-11-21,347.0199279785156,16470295
2024-11-22,351.8843078613281,17768630
2024-11-25,357.737548828125,34357160
2024-11-26,356.3092041015625,11563695
2024-11-27,356.22930908203125,16012220
2024-11-28,351.434814453125,19856975
2024-11-29,352.6434020996094,14939970
2024-12-02,350.3860168457031,21326400
2024-12-03,349.57696533203125,19858250
2024-12-04,351.09521484375,15933930
2024-12-05,354.6211242675781,28486145
2024-12-06,354.9807434082031,12979410
2024-12-09,356.8385925292969,12770115
2024-12-10,358.5266418457031,9899420
2024-12-11,358.5266418457031,11967140
2024-12-12,353.3326110839844,17441295
2024-12-13,360.714111328125,19467655
2024-12-16,360.4743957519531,14946965
2024-12-17,356.3990783691406,17964305
2024-12-18,355.59002685546875,17647150
2024-12-19,352.01416015625,20370400
2024-12-20,348.30841064453125,73428440
2024-12-23,348.6679992675781,13740180
2024-12-24,349.4071350097656,13563125
2024-12-26,350.1562805175781,5660030
2024-12-27,351.5746765136719,12241355
2024-12-30,347.73907470703125,27513860
2024-12-31,356.7986145019531,23658490
2025-01-01,357.26806640625,7424140
2025-01-02,367.0068664550781,25484935
2025-01-03,367.3065185546875,21385745
2025-01-06,355.5201110839844,19961975
2025-01-07,354.0018615722656,21999690
2025-01-08,353.3226623535156,21823395
2025-01-09,357.627685546875,27349135
2025-01-10,350.8354797363281,17513090
2025-01-13,347.27960205078125,15461940
2025-01-14,349.716796875,24744805
2025-01-15,357.5078125,17549305
2025-01-16,360.6941223144531,22257670
2025-01-17,351.31494140625,17608640
2025-01-20,383.65765380859375,66621575
2025-01-21,378.22393798828125,22078315
2025-01-22,383.058349609375,20883345
2025-01-23,378.5335693359375,15805795
2025-01-24,376.8055419921875,20126830
2025-01-27,375.8466796875,9642515
2025-01-28,377.1152038574219,25786920
2025-01-29,383.6277160644531,11758155
2025-01-30,379.8620300292969,21195905
2025-01-31,379.82208251953125,11666145
2025-02-01,380.1816711425781,5481785
2025-02-03,376.4659423828125,16599040
2025-02-04,385.2558288574219,26663090
2025-02-05,381.9096984863281,17136925
2025-02-06,382.74871826171875,15969855
2025-02-07,385.4056396484375,22070870
2025-02-10,391.5785217285156,17846865
2025-02-11,383.2781066894531,17533410
2025-02-12,388.3422546386719,16095020
2025-02-13,394.1056213378906,63391865
2025-02-14,390.03033447265625,13050240
2025-02-17,388.6119384765625,11500595
2025-02-18,392.2178039550781,21720625
2025-02-19,396.5428161621094,19570825
2025-02-20,393.6561279296875,23621860
2025-02-21,390.16015625,20042760
2025-02-24,392.76715087890625,11090405
2025-02-25,392.9969177246094,20099470
2025-02-27,389.0614318847656,18540340
2025-02-28,380.1517028808594,34851575
2025-03-03,382.4790344238281,13038950
2025-03-04,381.1205749511719,15860250
2025-03-05,386.17474365234375,19058440
2025-03-06,383.8973693847656,25965465
2025-03-07,386.63421630859375,13901690
2025-03-10,383.9073791503906,11142670
2025-03-11,386.59429931640625,16035260
2025-03-12,396.0533752441406,33522470
2025-03-13,396.5627746582031,24628970
2025-03-17,398.16094970703125,15854645
2025-03-18,398.16094970703125,0
2025-03-19,403.8443908691406,26691440
2025-03-20,406.6611328125,13416530
2025-03-21,415.3211364746094,94254040
2025-03-24,434.7287902832031,42541755
2025-03-25,433.50018310546875,36712165
2025-03-26,428.4859924316406,15084580
2025-03-27,425.23974609375,47106120
2025-03-28,433.7398986816406,18361265
2025-04-01,428.68572998046875,18754695
2025-04-02,430.42376708984375,10660960
2025-04-03,426.02880859375,8470190
2025-04-04,425.89898681640625,18942015
2025-04-07,407.10064697265625,35695245
2025-04-08,410.556640625,20471695
2025-04-09,410.0672302246094,19597890
2025-04-11,421.75372314453125,27973445
2025-04-15,423.5516662597656,28178320
2025-04-16,424.19091796875,14498895
2025-04-17,437.11602783203125,26943160
2025-04-21,447.7637634277344,24432490
2025-04-22,453.2374572753906,33664915
2025-04-23,444.8870544433594,17619395
2025-04-24,444.0879821777344,20842685
2025-04-25,440.3722839355469,10680015
2025-04-28,444.6073913574219,12190890
2025-04-29,440.49212646484375,15291325
2025-04-30,441.1114196777344,23114585
2025-05-02,435.8374938964844,9079030
2025-05-05,416.49981689453125,44108085
2025-05-06,414.3222961425781,17025485
2025-05-07,418.49749755859375,18697280
2025-05-08,422.0334167480469,34624355
2025-05-09,420.1355895996094,23271500
2025-05-12,428.5059509277344,15109370
2025-05-13,422.6327209472656,21539120
2025-05-14,417.9980773925781,10687970
2025-05-15,420.7948303222656,21311795
2025-05-16,421.1544494628906,10289540
2025-05-19,421.75372314453125,7528520
2025-05-20,417.53857421875,19545490
2025-05-21,413.7829284667969,10708700
2025-05-22,412.6842041015625,16446640
2025-05-23,419.6761474609375,8254765
2025-05-26,417.3787536621094,10201425
2025-05-27,415.00152587890625,17299700
2025-05-28,414.3822326660156,8173180
2025-05-29,415.840576171875,24936910
2025-05-30,414.462158203125,49038640
2025-06-02,412.24468994140625,13505700
2025-06-03,408.4291076660156,32319090
2025-06-04,408.7886962890625,11655570
2025-06-05,407.5101623535156,18626660
2025-06-06,414.2024230957031,22121620
2025-06-09,427.14752197265625,28895440
2025-06-10,429.72454833984375,24578710
2025-06-11,428.5658874511719,8910305
2025-06-12,424.8701171875,14890860
2025-06-13,420.99462890625,22336370
2025-06-16,427.30731201171875,14707980
2025-06-17,426.8678283691406,15541500
2025-06-18,425.9888610839844,19503255
2025-06-19,428.78564453125,17025995
2025-06-20,433.4602355957031,16863180
2025-06-23,436.31695556640625,8603070
2025-06-24,444.2078552246094,28022600
2025-06-25,439.1536865234375,17877145
2025-06-26,440.27239990234375,28350635
2025-06-27,441.0714416503906,48247195
2025-06-30,432.2016906738281,18638285
2025-07-01,436.2170715332031,20128770
2025-07-02,433.3204040527344,9382555
2025-07-03,424.8302001953125,23336995
2025-07-04,425.4694519042969,8431075
2025-07-07,429.46484375,10852925
2025-07-08,444.38763427734375,37631455
2025-07-09,445.3465270996094,10104510
2025-07-10,440.2524108886719,28609065
2025-07-11,443.6085510253906,13395830
2025-07-14,440.2524108886719,11976685
2025-07-15,437.11602783203125,14870715
2025-07-16,435.3780212402344,11438515
2025-07-17,433.6600036621094,10897805
2025-07-18,428.1000061035156,12832715
2025-07-21,433.0400085449219,9135495
2025-07-22,432.0400085449219,7822810
2025-07-23,434.0799865722656,13952705
2025-07-24,428.4200134277344,10292000
2025-07-25,424.9200134277344,8727375
2025-07-28,393.32000732421875,69123495
2025-07-29,394.5400085449219,25219670
2025-07-30,391.94000244140625,17949955
2025-07-31,395.7200012207031,21519590
2025-08-01,398.4800109863281,13361865
2025-08-04,399.3999938964844,7716305
2025-08-05,400.6000061035156,12106660
2025-08-06,400.4800109863281,13311395
2025-08-07,398.4200134277344,72760995
2025-08-08,390.5400085449219,10928645
2025-08-11,395.17999267578125,11012565
2025-08-12,391.79998779296875,7889120
2025-08-13,397.5400085449219,13733665
2025-08-14,395.6400146484375,9922965
2025-08-18,400.2799987792969,21519720
2025-08-19,405.9800109863281,15558845
2025-08-20,403.5,13134705
2025-08-21,403.55999755859375,14493935
2025-08-22,397.32000732421875,8958465
2025-08-25,396.6600036621094,11849075
2025-08-26,393.1400146484375,18550690
2025-08-28,388.94000244140625,17989700
2025-08-29,392.05999755859375,15371790
2025-09-01,393.7200012207031,7891610
2025-09-02,388.5,12917095
2025-09-03,392.0400085449219,20037270
2025-09-04,389.94000244140625,9457295
2025-09-05,389.1000061035156,9906260
2025-09-08,390.0199890136719,12527790
2025-09-09,392.0799865722656,15873920
2025-09-10,394.6600036621094,42604510
2025-09-11,394.4599914550781,11816335
2025-09-12,394.4599914550781,18077285
2025-09-15,394.1600036621094,13098130
2025-09-16,404.3399963378906,20084385
2025-09-17,410.05999755859375,23917190
2025-09-18,410.9200134277344,17420580
2025-09-19,406.20001220703125,22431125
2025-09-22,404.3399963378906,13229910
2025-09-23,409.5400085449219,25428240
2025-09-24,406.260009765625,18394385
2025-09-25,402.70001220703125,20039275
2025-09-26,398.9599914550781,9595825
2025-09-29,398.32000732421875,26530510
2025-09-30,398.5400085449219,29309685
2025-10-01,412.6600036621094,30579755
2025-10-03,420.1000061035156,23679650
2025-10-06,429.20001220703125,25764180
2025-10-07,425.3800048828125,12364695
2025-10-08,423.55999755859375,4402475
2025-10-09,428.9200134277344,15827485
2025-10-10,430.0199890136719,9681210
2025-10-13,430.4200134277344,10600020
2025-10-14,430.3599853515625,8022815
2025-10-15,429.9200134277344,11540535
2025-10-16,441.0799865722656,33692100
2025-10-17,441.1600036621094,16706510
2025-10-20,442.760009765625,15207085
2025-10-21,439.3999938964844,1134020
2025-10-23,445.1199951171875,21496105
2025-10-24,437.3999938964844,16293685
2025-10-27,429.7200012207031,18599700
2025-10-28,432.1600036621094,23304345
2025-10-29,430.1000061035156,7088915
2025-10-30,427.44000244140625,12438465
2025-10-31,420.44000244140625,18931270
2025-11-03,422.70001220703125,7657265
2025-11-04,419.32000732421875,9581885
2025-11-06,416.6400146484375,11902845
2025-11-07,417.6600036621094,7000945
2025-11-10,418.5400085449219,10866480
2025-11-11,417.3800048828125,10814210
2025-11-12,416.8999938964844,9035425
2025-11-13,415.0400085449219,10711530
2025-11-14,415.94000244140625,12202755
2025-11-17,420.5799865722656,25151640
2025-11-18,418.6199951171875,10300340
2025-11-19,421.17999267578125,12464500
2025-11-20,419.739990234375,36702845
2025-11-21,417.55999755859375,39194210
2025-11-24,417.4599914550781,24922845
2025-11-25,413.9800109863281,15164895
2025-11-26,420.760009765625,14896715
2025-11-27,422.0400085449219,20148975
2025-11-28,424.8800048828125,15840785
2025-12-01,429.5199890136719,16310160
2025-12-02,428.4800109863281,18294165
2025-12-03,429.2200012207031,14031015
2025-12-04,427.0799865722656,12871640
2025-12-05,430.9800109863281,9658475
2025-12-08,426.32000732421875,14960235
2025-12-09,425.5400085449219,16037550
2025-12-10,425.8999938964844,10941335
2025-12-11,436.0400085449219,24978600
2025-12-12,435.32000732421875,14312745
2025-12-15,436.260009765625,13779900
2025-12-16,436.4800109863281,8544595
2025-12-17,434.6400146484375,8060720
2025-12-18,432.9200134277344,5633400
2025-12-19,431.8999938964844,11504670
2025-12-22,429.94000244140625,9041130
2025-12-23,432.5400085449219,8070815
2025-12-24,432.739990234375,7791790
2025-12-26,432.8399963378906,3691745
2025-12-29,431.7200012207031,4858980
2025-12-30,430.5400085449219,28360690
2025-12-31,440.2200012207031,14284445
2026-01-01,443.55999755859375,6734875
2026-01-02,439.0199890136719,12238470
2026-01-05,438.17999267578125,10914245
2026-01-06,429.2799987792969,26541035
2026-01-07,428.79998779296875,10561315
2026-01-08,426.6000061035156,11484710
2026-01-09,425.3599853515625,10319615
2026-01-12,426.6600036621094,12720435
2026-01-13,426.5199890136719,12717650
2026-01-14,421.0,10818517
2026-01-15,421.0,0
2026-01-16,418.20001220703125,17993251
2026-01-19,426.8999938964844,22228439
2026-01-20,423.79998779296875,18805991
2026-01-21,421.6000061035156,16386060
2026-01-22,426.0,10087657
2026-01-23,422.79998779296875,10548118
2026-01-27,408.70001220703125,47613963
2026-01-28,412.3999938964844,14823671
2026-01-29,412.3999938964844,26085514
2026-01-30,408.0,20681886
2026-02-02,408.20001220703125,15422034
2026-02-03,415.79998779296875,35396945
2026-02-04,412.3500061035156,14948177
2026-02-05,408.75,24814864
2026-02-06,422.3500061035156,21228778
2026-02-09,428.79998779296875,22538542
2026-02-10,429.29998779296875,18428055
2026-02-11,429.54998779296875,12299205
2026-02-12,426.25,14003384
2026-02-13,420.6499938964844,23233320
2026-02-16,425.6000061035156,12403028
2026-02-17,424.45001220703125,6427007
2026-02-18,426.3500061035156,7333331
2026-02-19,416.3999938964844,6473423
2026-02-20,421.3500061035156,6603883
2026-02-23,430.70001220703125,10399627
