date,adj_close,volume
2015-01-01,848.3333740234375,674298
2015-01-02,866.2262573242188,1936584
2015-01-05,878.2772827148438,2176527
2015-01-06,848.9826049804688,3048025
2015-01-07,846.9505004882812,2063635
2015-01-08,852.3410034179688,1455954
2015-01-09,846.8094482421875,1735729
2015-01-12,865.9722900390625,1535320
2015-01-13,857.6749877929688,1318348
2015-01-14,856.8281860351562,1476891
2015-01-15,888.2679443359375,3419091
2015-01-16,898.4560546875,4195027
2015-01-19,911.4947509765625,2087947
2015-01-20,919.792236328125,2088778
2015-01-21,933.9033813476562,3705237
2015-01-22,938.8421630859375,1811173
2015-01-23,965.9356079101562,4374211
2015-01-27,983.26416015625,3390609
2015-01-28,958.6259155273438,3463524
2015-01-29,973.0477905273438,3460012
2015-01-30,959.8678588867188,2282494
2015-02-02,979.3694458007812,2125707
2015-02-03,972.2572021484375,2930722
2015-02-04,953.010009765625,1846012
2015-02-05,949.6231689453125,2015947
2015-02-06,950.2723388671875,2210620
2015-02-09,887.562255859375,5339823
2015-02-10,887.1390991210938,10472047
2015-02-11,910.28125,4675647
2015-02-12,931.36328125,3162283
2015-02-13,938.1930541992188,2363568
2015-02-16,930.4603271484375,1676532
2015-02-18,938.8705444335938,2187792
2015-02-19,958.7391357421875,2808871
2015-02-20,946.9139404296875,5372566
2015-02-23,952.2194213867188,3558913
2015-02-24,971.4671630859375,3186507
2015-02-25,958.3721923828125,2760175
2015-02-26,947.1677856445312,2867676
2015-02-27,992.8312377929688,6404554
2015-03-02,1042.022705078125,7276993
2015-03-03,1045.1556396484375,3566704
2015-03-04,1037.39453125,4956996
2015-03-05,1030.7059326171875,2831550
2015-03-09,994.7222900390625,2366515
2015-03-10,989.16259765625,2668429
2015-03-11,981.9657592773438,2817523
2015-03-12,986.3120727539062,2488366
2015-03-13,955.1265258789062,3480124
2015-03-16,948.1555786132812,1994878
2015-03-17,968.3911743164062,2178091
2015-03-18,959.02099609375,1931079
2015-03-19,949.6231689453125,3146062
2015-03-20,942.8214721679688,2528511
2015-03-23,944.232666015625,1682382
2015-03-24,943.8377075195312,2093748
2015-03-25,921.5985107421875,2524261
2015-03-26,922.5579833984375,5232288
2015-03-27,946.9984130859375,4774842
2015-03-30,975.7850952148438,3359008
2015-03-31,970.648681640625,2813583
2015-04-01,978.8897094726562,1500330
2015-04-06,992.23876953125,2732079
2015-04-07,998.8992309570312,2142483
2015-04-08,1004.4027099609375,2066943
2015-04-09,999.520263671875,1702879
2015-04-10,995.6817626953125,1415592
2015-04-13,1017.9771728515625,2358313
2015-04-15,1009.0310668945312,2280493
2015-04-16,990.20654296875,2251882
2015-04-17,981.9942016601562,1497997
2015-04-20,958.6826171875,2375331
2015-04-21,953.2073974609375,2067291
2015-04-22,985.2962646484375,2776149
2015-04-23,973.1605834960938,2547232
2015-04-24,947.4782104492188,2187252
2015-04-27,941.3257446289062,2775021
2015-04-28,940.0557861328125,3310885
2015-04-29,934.2984008789062,2125135
2015-04-30,920.7799072265625,3737527
2015-05-04,919.6510009765625,2455548
2015-05-05,927.04541015625,2135422
2015-05-06,883.15966796875,4843735
2015-05-07,885.5585327148438,3978019
2015-05-08,903.8182983398438,3842286
2015-05-11,911.748779296875,3087799
2015-05-12,880.1962280273438,3287785
2015-05-13,897.2990112304688,2439559
2015-05-14,890.0457763671875,1777146
2015-05-15,898.5689086914062,2762061
2015-05-18,910.083740234375,1792155
2015-05-19,914.7968139648438,2281797
2015-05-20,910.196533203125,1442643
2015-05-21,924.7310180664062,2451279
2015-05-22,933.282470703125,2647665
2015-05-25,920.187255859375,1397434
2015-05-26,913.4987182617188,2059530
2015-05-27,923.0941772460938,1575588
2015-05-28,918.2117309570312,2633245
2015-05-29,933.8468627929688,4191568
2015-06-01,962.6900634765625,5386807
2015-06-02,944.627685546875,4373604
2015-06-03,933.395263671875,3209997
2015-06-04,938.3623657226562,1967170
2015-06-05,950.3003540039062,2404830
2015-06-08,947.5628662109375,2129532
2015-06-09,940.874267578125,1416730
2015-06-10,962.9725341796875,2389308
2015-06-11,946.09521484375,2981295
2015-06-12,935.5403442382812,1835109
2015-06-15,941.720947265625,1700772
2015-06-16,946.8010864257812,2043630
2015-06-17,965.681640625,3984108
2015-06-18,969.237548828125,2842159
2015-06-19,968.6448364257812,2126232
2015-06-22,977.9017944335938,1613481
2015-06-23,997.1209716796875,2350728
2015-06-24,989.6141967773438,1816593
2015-06-25,1021.5051879882812,4201746
2015-06-26,1005.108154296875,1818054
2015-06-29,1010.6677856445312,3110302
2015-06-30,1006.2933959960938,3076677
2015-07-01,1022.6058959960938,2471292
2015-07-02,1016.1993408203125,1335757
2015-07-03,1020.122314453125,1830951
2015-07-06,1025.061279296875,2029512
2015-07-07,1022.4083251953125,1728982
2015-07-08,1019.6424560546875,2385891
2015-07-09,1043.6033935546875,2888308
2015-07-10,1059.125732421875,2696910
2015-07-13,1048.5706787109375,2160397
2015-07-14,1048.4854736328125,1669578
2015-07-15,1055.17431640625,1757511
2015-07-16,1054.4124755859375,2124406
2015-07-17,1056.4161376953125,2513529
2015-07-20,1053.98876953125,1654725
2015-07-21,1041.37353515625,1305582
2015-07-22,1046.7362060546875,1643224
2015-07-23,1033.528076171875,2011395
2015-07-24,1017.3281860351562,1986279
2015-07-27,984.0260620117188,3556780
2015-07-28,992.8312377929688,1856446
2015-07-29,1010.5267333984375,1687711
2015-07-30,1001.1852416992188,2621203
2015-07-31,1011.0631103515625,2882673
2015-08-03,1004.3744506835938,4953312
2015-08-04,1001.7494506835938,2105218
2015-08-05,1004.4873657226562,1552152
2015-08-06,1033.358642578125,2809791
2015-08-07,1034.882568359375,2368350
2015-08-10,1027.71435546875,2166975
2015-08-11,1016.6510620117188,1658853
2015-08-12,994.835205078125,2478813
2015-08-13,993.5087280273438,3626170
2015-08-14,1015.7197875976562,1955958
2015-08-17,1004.9105834960938,1508725
2015-08-18,1016.0864868164062,2073873
2015-08-19,1024.2994384765625,1626091
2015-08-20,1005.7572631835938,2032938
2015-08-21,982.1350708007812,3087904
2015-08-24,920.9209594726562,4809892
2015-08-25,917.0263671875,5436565
2015-08-26,898.710205078125,3418867
2015-08-27,914.4300537109375,6486766
2015-08-28,912.39794921875,3557331
2015-08-31,904.7496337890625,2546173
2015-09-01,888.3555908203125,4791088
2015-09-02,871.1063842773438,4657150
2015-09-03,894.5711059570312,3510199
2015-09-04,874.641845703125,3262708
2015-09-07,860.7567138671875,1831632
2015-09-08,892.119140625,2772253
2015-09-09,908.0855102539062,3469864
2015-09-10,921.1151733398438,2940453
2015-09-11,914.0442504882812,2370705
2015-09-14,915.7550048828125,1564111
2015-09-15,888.4982299804688,4171896
2015-09-16,883.109619140625,3774322
2015-09-18,878.4907836914062,3023722
2015-09-21,883.9934692382812,2421045
2015-09-22,846.7576904296875,4925386
2015-09-23,852.659423828125,4148463
2015-09-24,833.9276123046875,3337753
2015-09-28,815.4522705078125,3741877
2015-09-29,824.6900024414062,4576866
2015-09-30,836.0944213867188,3287628
2015-10-01,849.6943359375,2706871
2015-10-05,884.2216796875,3955770
2015-10-06,886.6163940429688,3646411
2015-10-07,880.857177734375,1399029
2015-10-08,874.5562744140625,1634403
2015-10-09,881.7980346679688,2046471
2015-10-12,886.1318969726562,1188325
2015-10-13,881.4559326171875,1813896
2015-10-14,878.3482666015625,1693611
2015-10-15,889.8384399414062,1884301
2015-10-16,915.1849975585938,2580712
2015-10-19,901.4139404296875,1893249
2015-10-20,897.2797241210938,2194296
2015-10-21,884.107421875,2086108
2015-10-23,861.2129516601562,4297068
2015-10-26,860.1580200195312,2636010
2015-10-27,852.3457641601562,3801229
2015-10-28,851.2055053710938,2522211
2015-10-29,838.6604614257812,2901601
2015-10-30,804.4468383789062,11414433
2015-11-02,791.8448486328125,7422958
2015-11-03,783.0919189453125,5215915
2015-11-04,780.126708984375,3886504
2015-11-05,780.6114501953125,3723427
2015-11-06,785.34423828125,2817822
2015-11-09,774.9662475585938,3894880
2015-11-10,768.8932495117188,3552916
2015-11-13,759.0853271484375,2728915
2015-11-16,773.8827514648438,3453009
2015-11-17,770.8035278320312,2795227
2015-11-18,766.6408081054688,2537497
2015-11-19,774.9091796875,1806705
2015-11-20,779.4139404296875,2543665
2015-11-23,780.5828247070312,2178064
2015-11-24,764.987060546875,2611854
2015-11-26,759.9122314453125,4076958
2015-11-27,778.3590087890625,3462969
2015-11-30,783.8331909179688,3613390
2015-12-01,778.2734375,1377124
2015-12-02,772.0865478515625,1781221
2015-12-03,768.5796508789062,1776231
2015-12-04,764.017822265625,2201155
2015-12-07,764.759033203125,1649014
2015-12-08,753.8961791992188,2217838
2015-12-09,741.6935424804688,3327682
2015-12-10,747.538330078125,2893311
2015-12-11,733.1685791015625,4114018
2015-12-14,726.6964111328125,4010256
2015-12-15,731.7144165039062,3333246
2015-12-16,730.4028930664062,3351052
2015-12-17,739.1275024414062,3764286
2015-12-18,734.1094360351562,3934995
2015-12-21,735.7630615234375,1760169
2015-12-22,730.0038452148438,2622499
2015-12-23,736.1622924804688,2420179
2015-12-24,738.1580810546875,2227447
2015-12-28,738.5287475585938,2357763
2015-12-29,735.33544921875,2280091
2015-12-30,731.8856811523438,1811727
2015-12-31,727.2952880859375,2324868
2016-01-01,735.1358032226562,1127733
2016-01-04,716.1759033203125,2767263
2016-01-05,716.7176513671875,2470134
2016-01-06,705.2844848632812,2728635
2016-01-07,687.921142578125,4689760
2016-01-08,672.3539428710938,5356012
2016-01-11,669.0750732421875,4304283
2016-01-12,672.3824462890625,4095195
2016-01-13,659.609375,5619939
2016-01-14,647.0074462890625,5099718
2016-01-15,631.7538452148438,3987867
2016-01-18,617.8687744140625,4166632
2016-01-19,640.3357543945312,4372536
2016-01-20,636.4296264648438,5856754
2016-01-21,628.7886352539062,3802062
2016-01-22,651.3126220703125,3694869
2016-01-25,635.3176879882812,2472816
2016-01-27,631.6968994140625,2618145
2016-01-28,612.708251953125,5794726
2016-01-29,628.1898803710938,4848987
2016-02-01,639.822509765625,7053951
2016-02-02,639.7369995117188,4505643
2016-02-03,632.2669677734375,3731595
2016-02-04,647.6060791015625,5956549
2016-02-05,650.0010986328125,4000879
2016-02-08,644.5267944335938,2539246
2016-02-09,635.34619140625,2523124
2016-02-10,638.99560546875,3203877
2016-02-11,622.9152221679688,4395021
2016-02-12,600.8190307617188,6160240
2016-02-15,655.418212890625,5939226
2016-02-16,629.5298461914062,3548740
2016-02-17,640.050537109375,3479412
2016-02-18,655.5607299804688,5457168
2016-02-19,656.04541015625,3036894
2016-02-22,655.617919921875,2054481
2016-02-23,644.44140625,2045679
2016-02-24,634.6049194335938,1816150
2016-02-25,619.5223999023438,2655282
2016-02-26,633.322021484375,2277972
2016-02-29,613.5634765625,5500993
2016-03-01,640.906005859375,3647113
2016-03-02,648.860595703125,3652203
2016-03-03,688.3201904296875,5552958
2016-03-04,680.39404296875,3438969
2016-03-08,677.1153564453125,3022782
2016-03-09,691.5989990234375,3121141
2016-03-10,676.3740234375,2932767
2016-03-11,676.0889892578125,2996377
2016-03-14,675.2621459960938,2726301
2016-03-15,673.294677734375,2444158
2016-03-16,674.6918334960938,2704711
2016-03-17,680.4224853515625,3872653
2016-03-18,683.8724365234375,2566830
2016-03-21,700.323486328125,3575446
2016-03-22,705.5410766601562,2979816
2016-03-23,708.5347290039062,2438136
2016-03-28,687.892578125,3717456
2016-03-29,680.8217163085938,2703178
2016-03-30,700.2664794921875,2874000
2016-03-31,693.7944946289062,4945963
2016-04-01,705.8832397460938,2539944
2016-04-04,704.7142333984375,1740162
2016-04-05,681.5060424804688,3151113
2016-04-06,691.0289306640625,2583834
2016-04-07,674.520751953125,2707579
2016-04-08,679.8524169921875,1565038
2016-04-11,691.8842163085938,2529934
2016-04-12,697.044677734375,2837052
2016-04-13,704.1724853515625,4955905
2016-04-18,714.4937133789062,2644515
2016-04-20,721.878173828125,2522848
2016-04-21,713.8949584960938,1723543
2016-04-22,721.3933715820312,2008374
2016-04-25,721.6215209960938,2128689
2016-04-26,730.4598999023438,1877685
2016-04-27,727.8654174804688,1557685
2016-04-28,718.2285766601562,2789970
2016-04-29,715.406005859375,1689373
2016-05-02,713.2105102539062,1344315
2016-05-03,713.581298828125,2525149
2016-05-04,710.958251953125,1644345
2016-05-05,726.3829345703125,2821255
2016-05-06,718.7418823242188,1610382
2016-05-09,738.1865234375,2788513
2016-05-10,752.7273559570312,3676146
2016-05-11,757.1181030273438,4603557
2016-05-12,750.4749755859375,1553274
2016-05-13,733.5963134765625,2103742
2016-05-16,731.7429809570312,2410951
2016-05-17,736.2193603515625,2223565
2016-05-18,746.9110717773438,2603508
2016-05-19,721.9636840820312,2005083
2016-05-20,715.691162109375,1672558
2016-05-23,707.7650146484375,2198760
2016-05-24,708.3067016601562,1858491
2016-05-25,736.5043334960938,3721570
2016-05-26,840.5991821289062,20691907
2016-05-27,841.0269165039062,5885740
2016-05-30,847.9835815429688,3487939
2016-05-31,840.257080078125,3809605
2016-06-01,835.4102783203125,2486295
2016-06-02,842.3668823242188,3103587
2016-06-03,832.8726196289062,2250340
2016-06-06,837.2063598632812,1901931
2016-06-07,848.4398193359375,3348535
2016-06-08,861.7260131835938,3325263
2016-06-09,850.464111328125,1813729
2016-06-10,848.3257446289062,2152996
2016-06-13,836.037353515625,2209357
2016-06-14,832.8441772460938,1689316
2016-06-15,863.208740234375,2960616
2016-06-16,852.0324096679688,2447025
2016-06-17,844.0775756835938,2653944
2016-06-20,859.3595581054688,2975367
2016-06-21,852.3743896484375,1195078
2016-06-22,850.5210571289062,1813926
2016-06-23,854.5411987304688,2053992
2016-06-24,815.7659301757812,6840802
2016-06-27,836.379638671875,2560092
2016-06-28,840.5421752929688,2342134
2016-06-29,845.7597045898438,2000545
2016-06-30,853.3438110351562,3960568
2016-07-01,879.6597290039062,3497923
2016-07-04,894.172119140625,2718052
2016-07-05,898.7338256835938,2636760
2016-07-07,886.4169311523438,2084571
2016-07-08,873.9574584960938,1915600
2016-07-11,889.4391479492188,1815517
2016-07-12,894.1150512695312,2383048
2016-07-13,884.6492919921875,2036055
2016-07-14,892.090576171875,1909636
2016-07-15,904.2935180664062,2428458
2016-07-18,897.7642822265625,1855422
2016-07-19,896.85205078125,1926168
2016-07-20,895.739990234375,1790911
2016-07-21,888.1561279296875,1678212
2016-07-22,897.5363159179688,1877206
2016-07-25,904.3219604492188,2209774
2016-07-26,908.1996459960938,1729183
2016-07-27,913.5881958007812,2467012
2016-07-28,899.3895263671875,2811580
2016-07-29,888.8973999023438,4228011
2016-08-01,851.7471313476562,9155449
2016-08-02,857.249755859375,2410914
2016-08-03,843.13671875,2619658
2016-08-04,837.748046875,2254336
2016-08-05,862.2963256835938,2805628
2016-08-08,859.4166870117188,1403923
2016-08-09,855.8812866210938,1865400
2016-08-10,845.7597045898438,1683261
2016-08-11,840.9129028320312,2240371
2016-08-12,850.7207641601562,1659132
2016-08-16,858.96044921875,2610843
2016-08-17,856.7650756835938,1384653
2016-08-18,855.5239868164062,1780732
2016-08-19,862.59521484375,1392250
2016-08-22,861.6139526367188,1837995
2016-08-23,852.6666870117188,1273489
2016-08-24,850.5598754882812,1230627
2016-08-25,839.6788330078125,2616154
2016-08-26,823.8336181640625,2788650
2016-08-29,842.4785766601562,2094229
2016-08-30,851.8009033203125,2598309
2016-08-31,873.3319091796875,4152240
2016-09-01,869.9550170898438,1905766
2016-09-02,868.7716674804688,1755505
2016-09-06,875.3233642578125,1960860
2016-09-07,876.3911743164062,2648263
2016-09-08,888.6575927734375,1692184
2016-09-09,876.0737915039062,2262933
2016-09-12,844.6143188476562,1953571
2016-09-14,851.5987548828125,1718754
2016-09-15,848.6837768554688,1126282
2016-09-16,850.38671875,2112271
2016-09-19,854.1964721679688,942540
2016-09-20,851.9739990234375,1097205
2016-09-21,849.7518310546875,1337071
2016-09-22,865.8278198242188,1952950
2016-09-23,864.125,3121780
2016-09-26,846.057373046875,2122144
2016-09-27,829.144287109375,2819209
2016-09-28,840.4004516601562,2393218
2016-09-29,829.8370971679688,3040345
2016-09-30,827.2683715820312,3497865
2016-10-03,848.943603515625,2181718
2016-10-04,836.5040283203125,2289637
2016-10-05,839.2748413085938,2059848
2016-10-06,839.5923461914062,1627375
2016-10-07,841.0064697265625,1098751
2016-10-10,836.9947509765625,875911
2016-10-13,830.2987670898438,2659995
2016-10-14,851.339111328125,2632323
2016-10-17,835.8114624023438,2140920
2016-10-18,859.0741577148438,1983013
2016-10-19,860.6902465820312,2146896
2016-10-20,867.9635009765625,1502340
2016-10-21,872.1195678710938,1670799
2016-10-24,861.6139526367188,1517035
2016-10-25,856.6785278320312,838206
2016-10-26,855.639404296875,867619
2016-10-27,851.5987548828125,2440678
2016-10-28,854.7160034179688,1212981
2016-11-01,844.5853881835938,947158
2016-11-02,836.2153930664062,1493443
2016-11-03,833.6466674804688,1411942
2016-11-04,819.5619506835938,18639006
2016-11-07,806.9783325195312,2158653
2016-11-08,806.5165405273438,1881726
2016-11-09,802.6201782226562,4757398
2016-11-10,815.1175537109375,2766432
2016-11-11,801.667724609375,2518285
2016-11-15,790.9888916015625,3958053
2016-11-16,794.0194091796875,3299710
2016-11-17,791.39306640625,1377642
2016-11-18,791.0755004882812,1654947
2016-11-21,778.0586547851562,1962840
2016-11-22,767.4664306640625,3084870
2016-11-23,783.4558715820312,7493139
2016-11-24,779.0689697265625,4315369
2016-11-25,791.2197875976562,3065824
2016-11-28,783.28271484375,1777818
2016-11-29,780.6851806640625,1741327
2016-11-30,798.1754150390625,4335631
2016-12-01,801.4080200195312,2151997
2016-12-02,786.1112670898438,1217827
2016-12-05,782.8209228515625,1062822
2016-12-06,786.2843627929688,1771909
2016-12-07,781.4644165039062,1557765
2016-12-08,789.0551147460938,1388842
2016-12-09,786.3134155273438,1211254
2016-12-12,787.9006958007812,1636279
2016-12-13,794.10595703125,2168125
2016-12-14,785.0145263671875,1360938
2016-12-15,783.2249755859375,900523
2016-12-16,785.3897094726562,1577425
2016-12-19,776.35595703125,1148169
2016-12-20,782.4458618164062,1177779
2016-12-21,774.6530151367188,950224
2016-12-22,758.8656005859375,1357563
2016-12-23,772.026611328125,2136648
2016-12-26,772.1132202148438,1198728
2016-12-27,782.5034790039062,1222356
2016-12-28,779.2420654296875,1294264
2016-12-29,773.0367431640625,2010627
2016-12-30,778.75146484375,1280979
2017-01-02,784.8123779296875,1476811
2017-01-03,789.1995239257812,1363398
2017-01-04,794.62548828125,2144739
2017-01-05,803.6880493164062,2781498
2017-01-06,802.9088745117188,1462912
2017-01-09,796.9632568359375,819484
2017-01-10,800.9174194335938,1359729
2017-01-11,815.26171875,1514451
2017-01-12,836.6196899414062,2707455
2017-01-13,830.5009155273438,1400770
2017-01-16,832.8385620117188,1052802
2017-01-17,834.5414428710938,1423840
2017-01-18,838.408935546875,1538178
2017-01-19,836.6773071289062,1019914
2017-01-20,816.6470336914062,2177485
2017-01-23,804.40966796875,3534069
2017-01-24,819.5619506835938,1879687
2017-01-25,836.8504028320312,2294773
2017-01-27,831.1647338867188,1871125
2017-01-30,832.8385620117188,2601585
2017-01-31,834.830078125,1894153
2017-02-01,860.2286376953125,3577633
2017-02-02,852.29150390625,2257914
2017-02-03,854.7160034179688,1650459
2017-02-06,856.50537109375,1526715
2017-02-07,866.0299072265625,2499546
2017-02-08,869.8106689453125,1689792
2017-02-09,860.48828125,1529256
2017-02-10,866.982177734375,1300986
2017-02-13,865.9431762695312,930046
2017-02-14,861.5850830078125,926545
2017-02-15,854.3118286132812,1952469
2017-02-16,848.6837768554688,2071947
2017-02-17,853.1574096679688,1028691
2017-02-20,855.841552734375,1105371
2017-02-21,856.2166137695312,970615
2017-02-22,852.5513916015625,1291317
2017-02-23,858.12158203125,2175397
2017-02-27,846.14404296875,1553899
2017-02-28,848.0776977539062,1773558
2017-03-01,852.0894775390625,1219411
2017-03-02,850.8196411132812,1920216
2017-03-03,848.7415161132812,1205019
2017-03-06,857.54443359375,821986
2017-03-07,858.0062255859375,991566
2017-03-08,852.1760864257812,1424362
2017-03-09,852.5225219726562,1111050
2017-03-10,861.0078735351562,1836264
2017-03-14,899.39404296875,7224810
2017-03-15,894.08349609375,2408866
2017-03-16,906.8694458007812,2396146
2017-03-17,896.1904907226562,1927983
2017-03-20,887.5896606445312,1442107
2017-03-21,894.170166015625,2415213
2017-03-22,883.087158203125,3371401
2017-03-23,891.1974487304688,2511771
2017-03-24,895.4112548828125,1347655
2017-03-27,891.1974487304688,1583550
2017-03-28,891.3993530273438,2628958
2017-03-29,898.4993896484375,2280357
2017-03-30,899.0189819335938,2288326
2017-03-31,909.0916137695312,3543100
2017-04-03,958.7919921875,6576885
2017-04-05,979.2548217773438,5179798
2017-04-06,971.6066284179688,2740816
2017-04-07,972.9342651367188,4096639
2017-04-10,966.3248291015625,2406430
2017-04-11,984.1324462890625,1974126
2017-04-12,982.92041015625,2135064
2017-04-13,968.9224853515625,1975483
2017-04-17,970.5386352539062,1135260
2017-04-18,963.6985473632812,1839489
2017-04-19,964.304443359375,1158162
2017-04-20,970.4522094726562,1044189
2017-04-21,974.0886840820312,2415931
2017-04-24,1000.1798706054688,3238530
2017-04-25,1007.9148559570312,2879794
2017-04-26,1010.91650390625,2885722
2017-04-27,1019.8348388671875,2126127
2017-04-28,1010.0506591796875,1637739
2017-05-02,999.804443359375,1861141
2017-05-03,992.9644775390625,1296282
2017-05-04,999.5736694335938,1255336
2017-05-05,995.388671875,1555141
2017-05-08,986.8456420898438,1246116
2017-05-09,1007.07763671875,1836462
2017-05-10,1003.9609375,2010127
2017-05-11,1002.5751953125,1270446
2017-05-12,1004.7398681640625,1803768
2017-05-15,1005.7789306640625,1195701
2017-05-16,1004.7976684570312,1654389
2017-05-17,1013.31201171875,2502879
2017-05-18,994.349609375,2155830
2017-05-19,995.4752807617188,2268141
2017-05-22,1011.2916870117188,2839224
2017-05-23,1004.8264770507812,1463805
2017-05-24,972.3281860351562,2173069
2017-05-25,1021.047119140625,5404771
2017-05-26,1031.8699951171875,3066081
2017-05-29,1028.8687744140625,3033658
2017-05-30,1020.2965087890625,6550440
2017-05-31,1016.3425903320312,3000732
2017-06-01,1034.8719482421875,2898184
2017-06-02,1029.7921142578125,1425321
2017-06-05,1041.8563232421875,1906419
2017-06-06,1024.6834716796875,1431069
2017-06-07,1032.447509765625,1327540
2017-06-08,1024.1641845703125,1428979
2017-06-09,1026.4442138671875,1632207
2017-06-12,1002.430908203125,4068957
2017-06-13,1003.8165893554688,1412274
2017-06-14,1018.5072631835938,2079657
2017-06-15,1001.7095947265625,1481092
2017-06-16,996.7164306640625,2243152
2017-06-19,1013.5140380859375,1781056
2017-06-20,1010.45458984375,1565472
2017-06-21,1012.5902099609375,3556927
2017-06-22,1002.3157958984375,1761759
2017-06-23,994.4074096679688,1716825
2017-06-27,982.2855224609375,2317045
2017-06-28,983.1802978515625,1578525
2017-06-29,983.4110717773438,2709552
2017-06-30,974.1464233398438,3251535
2017-07-03,973.9442749023438,2170096
2017-07-04,971.6932373046875,1640038
2017-07-05,978.591064453125,1034440
2017-07-06,979.9188842773438,1417581
2017-07-07,983.8440551757812,1845099
2017-07-10,999.8623657226562,324259
2017-07-11,1005.028564453125,2123947
2017-07-12,1004.1339721679688,2036904
2017-07-13,1029.9013671875,1643754
2017-07-14,1026.4830322265625,1401864
2017-07-17,1026.5269775390625,1646087
2017-07-18,1032.3551025390625,2375324
2017-07-19,1035.3349609375,1827242
2017-07-20,1039.1475830078125,1845852
2017-07-21,1033.5384521484375,1912305
2017-07-24,1032.44287109375,1313657
2017-07-25,1026.1763916015625,2182162
2017-07-26,1034.4146728515625,1161591
2017-07-27,1035.9925537109375,3881208
2017-07-28,1017.89404296875,3278658
2017-07-31,1046.422119140625,5000536
2017-08-01,1043.00390625,2721660
2017-08-02,1031.39111328125,2154488
2017-08-03,1029.5943603515625,1426006
2017-08-04,1030.55859375,1082867
2017-08-07,1034.1517333984375,1035670
2017-08-08,1026.4830322265625,1531255
2017-08-09,1011.3207397460938,1439328
2017-08-10,1014.651123046875,1713614
2017-08-11,1004.2269287109375,2001103
2017-08-14,1017.4901733398438,1866838
2017-08-16,1013.36474609375,2143899
2017-08-17,1006.0457153320312,1508949
2017-08-18,1003.0291137695312,1230709
2017-08-21,999.92431640625,1651344
2017-08-22,991.5847778320312,1361351
2017-08-23,997.3070678710938,1710949
2017-08-24,1004.0049438476562,1316100
2017-08-28,1010.392822265625,1884734
2017-08-29,1002.5413208007812,1045267
2017-08-30,1011.0582275390625,895791
2017-08-31,1008.0863037109375,1926054
2017-09-01,1010.658935546875,976551
2017-09-04,1003.0736694335938,1006945
2017-09-05,999.5249633789062,1110437
2017-09-06,991.4960327148438,891224
2017-09-07,1001.6984252929688,1038623
2017-09-08,1040.113037109375,4947759
2017-09-11,1080.4345703125,4364705
2017-09-12,1091.4354248046875,2451814
2017-09-13,1085.3138427734375,2233311
2017-09-14,1077.1962890625,1440488
2017-09-15,1075.5994873046875,1723247
2017-09-18,1098.2664794921875,3005809
2017-09-19,1087.5762939453125,900287
2017-09-20,1096.4921875,2347635
2017-09-21,1089.483642578125,2216227
2017-09-22,1051.113525390625,2968531
2017-09-25,1033.72509765625,2720490
2017-09-26,1031.6846923828125,1809036
2017-09-27,1008.8847045898438,2317721
2017-09-28,1005.4691162109375,3474398
2017-09-29,1013.1875610351562,3193745
2017-10-03,1006.8441772460938,1413186
2017-10-04,1009.860595703125,1155472
2017-10-05,1004.3157958984375,1303081
2017-10-06,1012.9656982421875,1814990
2017-10-09,1012.21142578125,1737288
2017-10-10,1013.7640380859375,2347406
2017-10-11,1005.9124145507812,1638071
2017-10-12,1014.6066284179688,1151274
2017-10-13,1010.1710815429688,1762307
2017-10-16,1015.5383911132812,1189499
2017-10-17,1019.1314086914062,1123634
2017-10-18,1012.6109008789062,1263098
2017-10-19,1011.1469116210938,264888
2017-10-23,1007.5982055664062,1077546
2017-10-24,1013.631103515625,1281327
2017-10-25,1068.3245849609375,6377478
2017-10-26,1085.447021484375,5486055
2017-10-27,1086.46728515625,2036609
2017-10-30,1097.3792724609375,1808153
2017-10-31,1084.3824462890625,1815888
2017-11-01,1078.1724853515625,1929731
2017-11-02,1074.31298828125,1183382
2017-11-03,1095.6494140625,1797145
2017-11-06,1086.511474609375,1691967
2017-11-07,1074.4017333984375,1658527
2017-11-08,1080.7449951171875,1905789
2017-11-09,1078.7047119140625,1733475
2017-11-10,1122.2198486328125,5671395
2017-11-13,1100.5731201171875,5216845
2017-11-14,1073.6475830078125,2519826
2017-11-15,1073.0267333984375,1801470
2017-11-16,1081.720947265625,2003168
2017-11-17,1084.825927734375,2261694
2017-11-20,1091.0360107421875,2799314
2017-11-21,1084.69287109375,2192795
2017-11-22,1084.737060546875,2266995
2017-11-23,1078.7490234375,1654930
2017-11-24,1081.0113525390625,1637839
2017-11-27,1086.5557861328125,1464649
2017-11-28,1074.978271484375,4940494
2017-11-29,1080.4345703125,2046078
2017-11-30,1079.2813720703125,3419336
2017-12-01,1074.93408203125,1772981
2017-12-04,1080.1239013671875,1796642
2017-12-05,1073.3814697265625,2139688
2017-12-06,1056.8359375,1696890
2017-12-07,1080.92236328125,2476888
2017-12-08,1082.65234375,2316890
2017-12-11,1083.983154296875,2227028
2017-12-12,1067.1715087890625,2009798
2017-12-13,1055.0615234375,2262858
2017-12-14,1054.662353515625,1709762
2017-12-15,1067.748046875,2161729
2017-12-18,1080.478759765625,2851823
2017-12-19,1082.2530517578125,2878543
2017-12-20,1093.431396484375,3293207
2017-12-21,1116.763916015625,3664052
2017-12-22,1123.2845458984375,2490561
2017-12-26,1126.433837890625,2493302
2017-12-27,1115.9210205078125,1675081
2017-12-28,1111.3966064453125,2850194
2017-12-29,1116.2760009765625,1819413
2018-01-01,1118.449462890625,2048058
2018-01-02,1108.7353515625,1512324
2018-01-03,1131.40234375,2720736
2018-01-04,1167.2435302734375,4546456
2018-01-05,1166.5338134765625,2418902
2018-01-08,1187.2490234375,3513256
2018-01-09,1182.3697509765625,1703294
2018-01-10,1174.385498046875,1098019
2018-01-11,1174.2078857421875,1232290
2018-01-12,1179.1759033203125,1825056
2018-01-15,1176.3370361328125,2386631
2018-01-16,1176.55908203125,3139385
2018-01-17,1200.6453857421875,2724814
2018-01-18,1207.2547607421875,4966982
2018-01-19,1216.703125,2127776
2018-01-22,1241.0113525390625,3067658
2018-01-23,1251.5242919921875,4804202
2018-01-24,1243.0960693359375,2147973
2018-01-25,1256.6700439453125,6113475
2018-01-29,1270.3765869140625,2945415
2018-01-30,1268.557861328125,1988140
2018-01-31,1256.6700439453125,2614515
2018-02-01,1291.3580322265625,8187730
2018-02-02,1255.7384033203125,3621563
2018-02-05,1209.783203125,3060688
2018-02-06,1200.37939453125,4230633
2018-02-07,1183.2569580078125,2927403
2018-02-08,1195.3668212890625,1932082
2018-02-09,1179.2647705078125,2029257
2018-02-12,1198.116943359375,1543603
2018-02-14,1207.609619140625,2310144
2018-02-15,1197.9840087890625,1861841
2018-02-16,1178.5106201171875,1424576
2018-02-19,1149.32275390625,4275673
2018-02-20,1144.9759521484375,2063972
2018-02-21,1138.0560302734375,1584305
2018-02-22,1146.2176513671875,3028574
2018-02-23,1154.8233642578125,2176017
2018-02-26,1192.5721435546875,2239306
2018-02-27,1187.1162109375,2243499
2018-02-28,1169.4171142578125,2439968
2018-03-01,1166.7999267578125,1927606
2018-03-05,1153.9359130859375,1302005
2018-03-06,1138.588134765625,2381856
2018-03-07,1120.7562255859375,2156582
2018-03-08,1138.9429931640625,3588828
2018-03-09,1144.88720703125,2508919
2018-03-12,1162.231201171875,2267260
2018-03-13,1155.7548828125,1915199
2018-03-14,1156.1983642578125,1714051
2018-03-15,1148.968017578125,1178352
2018-03-16,1126.0792236328125,5152611
2018-03-19,1135.172607421875,4452882
2018-03-20,1147.5487060546875,2831066
2018-03-21,1161.6102294921875,2835466
2018-03-22,1149.9881591796875,1834024
2018-03-23,1124.8372802734375,2280525
2018-03-26,1151.008544921875,1697069
2018-03-27,1160.01318359375,2003736
2018-03-28,1162.985107421875,3989865
2018-04-02,1185.208984375,1302024
2018-04-03,1180.284912109375,1123582
2018-04-04,1149.899658203125,1285513
2018-04-05,1178.86572265625,1758313
2018-04-06,1167.997802734375,1492796
2018-04-09,1178.0670166015625,1118116
2018-04-10,1197.5845947265625,2177789
2018-04-11,1200.1129150390625,1536552
2018-04-12,1204.28271484375,1695410
2018-04-13,1201.97607421875,1320241
2018-04-16,1213.73095703125,1304778
2018-04-17,1206.145751953125,1058589
2018-04-18,1206.6339111328125,1459202
2018-04-19,1228.72412109375,2229317
2018-04-20,1211.025146484375,1091415
2018-04-23,1206.5450439453125,1364935
2018-04-24,1222.513916015625,1002866
2018-04-25,1209.117919921875,1536003
2018-04-26,1195.189453125,4513014
2018-04-27,1222.2921142578125,1746280
2018-04-30,1242.8302001953125,1309980
2018-05-02,1244.826416015625,3975516
2018-05-03,1222.2921142578125,1278892
2018-05-04,1214.263427734375,1274703
2018-05-07,1232.406005859375,1250082
2018-05-08,1210.8922119140625,1604486
2018-05-09,1220.42919921875,1270004
2018-05-10,1208.496826171875,1262157
2018-05-11,1230.8533935546875,1033691
2018-05-14,1225.8408203125,1265158
2018-05-15,1219.1427001953125,1824434
2018-05-16,1208.6298828125,1491335
2018-05-17,1202.951904296875,1833028
2018-05-18,1167.1107177734375,2070654
2018-05-21,1165.0704345703125,2047129
2018-05-22,1171.19140625,1375132
2018-05-23,1177.179931640625,1851368
2018-05-24,1187.0718994140625,1482329
2018-05-25,1190.5760498046875,1696915
2018-05-28,1221.1390380859375,2127978
2018-05-29,1224.820556640625,6814062
2018-05-30,1211.5576171875,2286366
2018-05-31,1215.771728515625,2930988
2018-06-01,1217.5458984375,2234018
2018-06-04,1204.6376953125,1346919
2018-06-05,1183.2569580078125,1905926
2018-06-06,1198.161376953125,1581905
2018-06-07,1202.2423095703125,2272271
2018-06-08,1192.3060302734375,2483519
2018-06-11,1191.6849365234375,1417401
2018-06-12,1212.2230224609375,1853562
2018-06-13,1205.4361572265625,1253808
2018-06-14,1191.4632568359375,1325652
2018-06-15,1179.841552734375,2660969
2018-06-18,1173.8973388671875,951701
2018-06-19,1162.5418701171875,1607343
2018-06-20,1159.303466796875,2207289
2018-06-21,1144.2659912109375,2161971
2018-06-22,1153.1822509765625,3364048
2018-06-25,1125.0589599609375,1622133
2018-06-26,1126.74462890625,2003243
2018-06-27,1093.6534423828125,2332129
2018-06-28,1095.60498046875,4677061
2018-06-29,1131.224609375,2324572
2018-07-02,1114.2354736328125,3832519
2018-07-03,1110.2874755859375,2096700
2018-07-04,1117.384765625,1842579
2018-07-05,1112.90478515625,2006459
2018-07-06,1123.4176025390625,2064484
2018-07-09,1142.6690673828125,2021357
2018-07-10,1139.6527099609375,1923397
2018-07-11,1130.9141845703125,1326221
2018-07-12,1153.093505859375,2777124
2018-07-13,1151.8958740234375,2360493
2018-07-16,1138.3221435546875,1593400
2018-07-17,1141.6488037109375,1598278
2018-07-18,1146.3509521484375,1855985
2018-07-19,1116.1429443359375,1468552
2018-07-20,1127.010498046875,1937969
2018-07-23,1134.817626953125,1229445
2018-07-24,1174.607177734375,4071039
2018-07-25,1171.6793212890625,2254936
2018-07-26,1158.5936279296875,7489743
2018-07-27,1163.4732666015625,1785314
2018-07-30,1149.189697265625,3090391
2018-07-31,1155.355712890625,2304148
2018-08-01,1151.540771484375,1924210
2018-08-02,1137.701171875,1415162
2018-08-03,1144.4434814453125,1279748
2018-08-06,1144.842529296875,842106
2018-08-07,1149.1455078125,1458197
2018-08-08,1151.7625732421875,1308818
2018-08-09,1139.7415771484375,1035908
2018-08-10,1121.9539794921875,1784956
2018-08-13,1125.857421875,1627092
2018-08-14,1126.037109375,2146242
2018-08-16,1106.6295166015625,2292161
2018-08-17,1114.266845703125,1750983
2018-08-20,1189.3358154296875,11227838
2018-08-21,1188.3026123046875,3057182
2018-08-23,1214.80859375,8248115
2018-08-24,1206.5870361328125,3506532
2018-08-27,1218.447021484375,2595682
2018-08-28,1217.9979248046875,1889337
2018-08-29,1214.3590087890625,1435495
2018-08-30,1209.86669921875,2288925
2018-08-31,1230.531982421875,3549583
2018-09-03,1224.64697265625,2347852
2018-09-04,1221.322265625,1517216
2018-09-05,1211.1693115234375,2413590
2018-09-06,1210.360595703125,1586350
2018-09-07,1210.7200927734375,1307928
2018-09-10,1201.1063232421875,1228247
2018-09-11,1194.68212890625,1617176
2018-09-12,1214.988037109375,1319469
2018-09-14,1220.91796875,1462192
2018-09-17,1208.2491455078125,912431
2018-09-18,1193.109619140625,1501479
2018-09-19,1197.60205078125,867001
2018-09-21,1194.7266845703125,2309530
2018-09-24,1184.5289306640625,2425415
2018-09-25,1185.157958984375,2684511
2018-09-26,1197.37744140625,2846089
2018-09-27,1176.9368896484375,3847372
2018-09-28,1142.9735107421875,4301355
2018-10-01,1121.409912109375,4955435
2018-10-03,1119.028564453125,4302314
2018-10-04,1130.215087890625,7398229
2018-10-05,1102.8111572265625,4206887
2018-10-08,1091.984130859375,3957900
2018-10-09,1097.1055908203125,2559815
2018-10-10,1123.700927734375,4134413
2018-10-11,1101.41845703125,3942878
2018-10-12,1109.864013671875,2773440
2018-10-15,1092.927490234375,2945137
2018-10-16,1100.340087890625,2336499
2018-10-17,1088.884521484375,1746801
2018-10-19,1083.628173828125,2006965
2018-10-22,1084.122314453125,1452784
2018-10-23,1078.8212890625,2109820
2018-10-24,1095.174072265625,1484693
2018-10-25,1079.5850830078125,3063065
2018-10-26,1075.901123046875,1101325
2018-10-29,1133.2701416015625,2140956
2018-10-30,1142.2098388671875,1957735
2018-10-31,1165.7952880859375,3117499
2018-11-01,1192.0762939453125,8903105
2018-11-02,1220.333984375,2665756
2018-11-05,1213.1011962890625,1457946
2018-11-06,1225.4105224609375,1616734
2018-11-07,1227.297119140625,255086
2018-11-09,1229.678466796875,1247358
2018-11-12,1228.42041015625,2174698
2018-11-13,1249.8944091796875,2068670
2018-11-14,1244.14404296875,1364551
2018-11-15,1256.543212890625,2890196
2018-11-16,1257.0374755859375,1732865
2018-11-19,1273.3450927734375,1932311
2018-11-20,1269.661376953125,1889461
2018-11-21,1259.7777099609375,1320423
2018-11-22,1267.0107421875,1723570
2018-11-26,1277.6578369140625,2630117
2018-11-27,1286.2833251953125,1956946
2018-11-28,1260.9459228515625,1390580
2018-11-29,1278.0621337890625,2816724
2018-11-30,1287.092041015625,2018571
2018-12-03,1282.599609375,1115862
2018-12-04,1275.7711181640625,1061729
2018-12-05,1253.2188720703125,1582751
2018-12-06,1239.4720458984375,1574405
2018-12-07,1257.801025390625,1185686
2018-12-10,1228.9146728515625,1657418
2018-12-11,1223.209228515625,2302505
2018-12-12,1258.16064453125,1751549
2018-12-13,1281.6561279296875,1863210
2018-12-14,1268.1339111328125,2189734
2018-12-17,1265.078857421875,1610515
2018-12-18,1283.498046875,1568498
2018-12-19,1289.1136474609375,2073536
2018-12-20,1303.53466796875,2782410
2018-12-21,1275.861083984375,1975704
2018-12-24,1262.203857421875,1390194
2018-12-26,1278.2418212890625,1712084
2018-12-27,1280.3983154296875,1872745
2018-12-28,1293.2916259765625,1918767
2018-12-31,1291.6295166015625,1487860
2019-01-01,1295.5380859375,786846
2019-01-02,1280.802490234375,2058504
2019-01-03,1253.398681640625,2290756
2019-01-04,1247.1541748046875,2711485
2019-01-07,1243.335693359375,1851513
2019-01-08,1241.8978271484375,1437271
2019-01-09,1245.3570556640625,1413005
2019-01-10,1251.2420654296875,1063647
2019-01-11,1230.5767822265625,2489197
2019-01-14,1198.50048828125,3080984
2019-01-15,1204.7899169921875,3079248
2019-01-16,1205.9132080078125,2454470
2019-01-17,1209.4173583984375,1610419
2019-01-18,1184.124755859375,2135781
2019-01-21,1181.11474609375,8813681
2019-01-22,1169.074951171875,2544978
2019-01-23,1169.3443603515625,1821323
2019-01-24,1163.863525390625,1654706
2019-01-25,1154.9683837890625,3136788
2019-01-28,1168.44580078125,8004136
2019-01-29,1148.31982421875,3685535
2019-01-30,1163.0548095703125,2385425
2019-01-31,1180.8902587890625,5852257
2019-02-01,1190.1446533203125,2515736
2019-02-04,1174.6905517578125,2308931
2019-02-05,1172.1746826171875,1447400
2019-02-06,1180.97998046875,2034886
2019-02-07,1164.4927978515625,1556295
2019-02-08,1133.67431640625,2993525
2019-02-11,1119.9722900390625,2981408
2019-02-12,1120.286865234375,1571390
2019-02-14,1102.9906005859375,6974738
2019-02-15,1116.9173583984375,3620228
2019-02-18,1118.17529296875,2186849
2019-02-19,1130.5745849609375,2389086
2019-02-20,1146.97216796875,2433082
2019-02-21,1153.755615234375,2392129
2019-02-22,1150.3861083984375,2390188
2019-02-25,1146.343017578125,5873730
2019-02-26,1137.3580322265625,2417931
2019-02-27,1154.2945556640625,3555914
2019-02-28,1161.707275390625,9321535
2019-03-01,1175.7237548828125,2831577
2019-03-05,1173.2529296875,3948051
2019-03-06,1183.3160400390625,2776738
2019-03-07,1215.1226806640625,6207580
2019-03-08,1203.4425048828125,4868283
2019-03-11,1209.86669921875,2661353
2019-03-12,1247.917724609375,6631152
2019-03-13,1238.6632080078125,2241672
2019-03-14,1239.6964111328125,1838850
2019-03-15,1254.74609375,5723980
2019-03-18,1238.9327392578125,2450686
2019-03-19,1220.109375,4053209
2019-03-20,1231.7447509765625,3871744
2019-03-22,1253.12890625,3788604
2019-03-25,1237.0010986328125,1666203
2019-03-26,1233.4520263671875,2021089
2019-03-27,1227.74658203125,2558997
2019-03-28,1245.94091796875,3184285
2019-04-01,1268.8525390625,3842703
2019-04-02,1266.6512451171875,2737093
2019-04-03,1238.1690673828125,2366304
2019-04-04,1229.76806640625,1980318
2019-04-05,1234.3505859375,2037782
2019-04-08,1234.2159423828125,1013017
2019-04-09,1235.6082763671875,2209945
2019-04-10,1232.3291015625,2014958
2019-04-11,1238.1241455078125,3110225
2019-04-12,1222.7598876953125,2751659
2019-04-15,1219.166015625,1933204
2019-04-16,1241.1790771484375,3217456
2019-04-18,1222.5799560546875,2594906
2019-04-22,1222.0860595703125,3101477
2019-04-23,1211.3489990234375,2016454
2019-04-24,1222.535400390625,1753395
2019-04-25,1217.593505859375,2886022
2019-04-26,1220.333984375,1767153
2019-04-30,1211.66357421875,1905624
2019-05-02,1220.8280029296875,1985540
2019-05-03,1225.185791015625,1239667
2019-05-06,1215.3922119140625,1515052
2019-05-07,1227.8814697265625,2596385
2019-05-08,1222.2657470703125,1601700
2019-05-09,1218.7615966796875,2464425
2019-05-10,1217.907958984375,1466154
2019-05-13,1183.900146484375,3422913
2019-05-14,1205.598876953125,3132767
2019-05-15,1191.2227783203125,2054728
2019-05-16,1201.4205322265625,2058450
2019-05-17,1223.6583251953125,2776586
2019-05-20,1304.118408203125,6210427
2019-05-21,1302.007080078125,2961180
2019-05-22,1312.7889404296875,3304912
2019-05-23,1326.2664794921875,10485813
2019-05-24,1387.4090576171875,5626500
2019-05-27,1433.9957275390625,6730594
2019-05-28,1414.67822265625,4987068
2019-05-29,1394.8663330078125,3070738
2019-05-30,1400.39208984375,2675199
2019-05-31,1399.4488525390625,3945900
2019-06-03,1401.11083984375,2617068
2019-06-04,1410.4552001953125,3854101
2019-06-06,1362.0264892578125,3268594
2019-06-07,1360.184326171875,2572146
2019-06-10,1376.5821533203125,1608705
2019-06-11,1369.5736083984375,1745105
2019-06-12,1356.051513671875,1495586
2019-06-13,1363.5089111328125,1828211
2019-06-14,1371.3707275390625,1854211
2019-06-17,1346.6170654296875,2048759
2019-06-18,1352.50244140625,2098714
2019-06-19,1352.36767578125,2140698
2019-06-20,1399.0443115234375,3483179
2019-06-21,1383.45556640625,3028524
2019-06-24,1384.5784912109375,1941777
2019-06-25,1379.1876220703125,2384122
2019-06-26,1393.7430419921875,2789166
2019-06-27,1393.4736328125,3763146
2019-06-28,1395.5401611328125,3002811
2019-07-01,1398.64013671875,1537022
2019-07-02,1405.109130859375,1294135
2019-07-03,1417.867919921875,2800104
2019-07-04,1412.1622314453125,1981745
2019-07-05,1400.1673583984375,3693134
2019-07-08,1339.06982421875,4697122
2019-07-09,1371.64013671875,4329323
2019-07-10,1347.3360595703125,2823544
2019-07-11,1343.427490234375,2156264
2019-07-12,1317.955078125,3495971
2019-07-15,1294.369873046875,3950399
2019-07-16,1312.87890625,3654380
2019-07-17,1307.71240234375,2225647
2019-07-18,1289.5179443359375,2342881
2019-07-19,1268.268798828125,3199700
2019-07-22,1261.21533203125,2646126
2019-07-23,1266.4267578125,4013444
2019-07-24,1262.649658203125,5434450
2019-07-25,1249.0435791015625,4181824
2019-07-26,1267.0184326171875,3019850
2019-07-29,1248.224365234375,1987927
2019-07-30,1252.638427734375,2714475
2019-07-31,1262.604248046875,2693653
2019-08-01,1235.9833984375,2774996
2019-08-02,1247.0867919921875,2776965
2019-08-05,1224.83447265625,2287548
2019-08-06,1253.68505859375,4152548
2019-08-07,1237.803466796875,2247223
2019-08-08,1238.349609375,2788577
2019-08-09,1241.944580078125,2419380
2019-08-13,1195.2100830078125,3135817
2019-08-14,1213.8221435546875,2798429
2019-08-16,1215.232666015625,2654524
2019-08-19,1230.6590576171875,2509331
2019-08-20,1221.8309326171875,2145169
2019-08-21,1192.84375,2361165
2019-08-22,1177.91796875,3780476
2019-08-23,1170.864501953125,5252370
2019-08-26,1213.776611328125,3759248
2019-08-27,1234.982177734375,5431422
2019-08-28,1223.7877197265625,2272465
2019-08-29,1221.7855224609375,2421312
2019-08-30,1208.8619384765625,3715119
2019-09-03,1178.054443359375,3617815
2019-09-04,1190.4775390625,2786181
2019-09-05,1201.6263427734375,2758679
2019-09-06,1209.2259521484375,1694661
2019-09-09,1235.0277099609375,3508361
2019-09-11,1241.0799560546875,2545642
2019-09-12,1239.9423828125,2249695
2019-09-13,1240.8978271484375,1771658
2019-09-16,1222.83203125,1835805
2019-09-17,1195.61962890625,2210178
2019-09-18,1199.533203125,2081625
2019-09-19,1183.7882080078125,1808736
2019-09-20,1284.629150390625,9975807
2019-09-23,1391.112548828125,12082820
2019-09-24,1348.1549072265625,3831602
2019-09-25,1319.759521484375,2746428
2019-09-26,1355.9365234375,3560962
2019-09-27,1340.28271484375,2167976
2019-09-30,1341.7388916015625,2961398
2019-10-01,1332.4556884765625,2578275
2019-10-03,1326.9951171875,1966976
2019-10-04,1296.8245849609375,3266487
2019-10-07,1272.205810546875,2192329
2019-10-09,1298.05322265625,1818865
2019-10-10,1297.006591796875,1626821
2019-10-11,1299.3726806640625,2024214
2019-10-14,1295.9598388671875,2220364
2019-10-15,1303.513916015625,1797471
2019-10-16,1296.1875,2446615
2019-10-17,1296.32421875,2304434
2019-10-18,1317.666259765625,3516394
2019-10-22,1312.887939453125,2858390
2019-10-23,1303.1044921875,2410781
2019-10-24,1303.513916015625,3646005
2019-10-25,1296.91552734375,2013793
2019-10-27,1305.470703125,398258
2019-10-29,1329.7706298828125,3351491
2019-10-30,1341.7388916015625,3722066
2019-10-31,1340.646728515625,2210277
2019-11-01,1319.12255859375,2287220
2019-11-04,1321.670654296875,1459894
2019-11-05,1310.3853759765625,2401916
2019-11-06,1322.4443359375,2434431
2019-11-07,1306.062255859375,1999085
2019-11-08,1295.09521484375,2217408
2019-11-11,1289.634765625,2097492
2019-11-13,1267.7918701171875,2929404
2019-11-14,1256.369873046875,3000518
2019-11-15,1253.821533203125,3409434
2019-11-18,1241.853515625,2733161
2019-11-19,1242.9912109375,2396206
2019-11-20,1256.6885986328125,3914075
2019-11-21,1267.5189208984375,5719318
2019-11-22,1254.731689453125,2363205
2019-11-25,1256.734130859375,2956576
2019-11-26,1240.488525390625,4853977
2019-11-27,1215.4600830078125,7904745
2019-11-28,1228.56591796875,4503913
2019-11-29,1210.955078125,2515083
2019-12-02,1213.5032958984375,3044008
2019-12-03,1195.1646728515625,3068849
2019-12-04,1169.5904541015625,10230371
2019-12-05,1185.1533203125,6644324
2019-12-06,1174.7779541015625,3302384
2019-12-09,1161.3082275390625,3038475
2019-12-10,1164.03857421875,2759100
2019-12-11,1150.659912109375,3949135
2019-12-12,1164.675537109375,3264836
2019-12-13,1187.974853515625,3655956
2019-12-16,1185.88134765625,3969819
2019-12-17,1199.487548828125,3719446
2019-12-18,1200.76171875,2961222
2019-12-19,1193.844970703125,1936623
2019-12-20,1193.6629638671875,3297390
2019-12-23,1193.389892578125,3394916
2019-12-24,1184.061279296875,1803814
2019-12-26,1164.3116455078125,3723801
2019-12-27,1182.787109375,2459664
2019-12-30,1185.244384765625,2072838
2019-12-31,1181.5128173828125,3043254
2020-01-01,1192.2066650390625,3123998
2020-01-02,1224.3792724609375,4335359
2020-01-03,1215.0506591796875,2059871
2020-01-06,1198.3953857421875,2646905
2020-01-07,1201.8084716796875,2077893
2020-01-08,1175.46044921875,4147568
2020-01-09,1197.849365234375,2067779
2020-01-10,1205.5399169921875,2360798
2020-01-13,1214.7320556640625,1825244
2020-01-14,1206.905029296875,2046500
2020-01-15,1204.6298828125,2127677
2020-01-16,1200.71630859375,1773135
2020-01-17,1186.9736328125,2941837
2020-01-20,1191.88818359375,2542477
2020-01-21,1185.2896728515625,1361576
2020-01-22,1177.8724365234375,2449753
2020-01-23,1212.5477294921875,10056067
2020-01-24,1237.02978515625,5837319
2020-01-27,1227.3828125,2510013
2020-01-28,1225.6080322265625,2352852
2020-01-29,1242.945556640625,3678474
2020-01-30,1247.0408935546875,2743506
2020-01-31,1246.22216796875,3939306
2020-02-03,1171.001220703125,5767353
2020-02-04,1175.642578125,3604309
2020-02-05,1192.2978515625,4220104
2020-02-06,1199.1689453125,2354458
2020-02-07,1182.2410888671875,3053804
2020-02-10,1169.7724609375,3039992
2020-02-11,1171.228515625,2200796
2020-02-12,1180.693603515625,2568696
2020-02-13,1176.0975341796875,1545536
2020-02-14,1178.7371826171875,1780119
2020-02-17,1165.1307373046875,2155085
2020-02-18,1170.727783203125,2347917
2020-02-19,1166.222900390625,1820353
2020-02-20,1165.4947509765625,3034681
2020-02-24,1146.4732666015625,3414064
2020-02-25,1130.4097900390625,3133077
2020-02-26,1102.287109375,5721483
2020-02-27,1101.55908203125,4003149
2020-02-28,1080.8084716796875,6286647
2020-03-02,1056.553955078125,3177486
2020-03-03,1075.120361328125,3134527
2020-03-04,1070.88818359375,3135151
2020-03-05,1076.1668701171875,2625152
2020-03-06,1054.733642578125,3956575
2020-03-09,1002.9025268554688,8038295
2020-03-11,1016.5542602539062,5628125
2020-03-12,925.1786499023438,9200130
2020-03-13,956.9415893554688,8117911
2020-03-16,881.629638671875,6671806
2020-03-17,870.753662109375,4720207
2020-03-18,823.24560546875,5586097
2020-03-19,767.3189697265625,7251950
2020-03-20,786.9775390625,6130185
2020-03-23,658.9696044921875,7308612
2020-03-24,653.2941284179688,7110384
2020-03-25,706.6815795898438,16122446
2020-03-26,773.3584594726562,9028497
2020-03-27,772.481689453125,6573448
2020-03-30,737.0437622070312,4474168
2020-03-31,746.1339721679688,8045468
2020-04-01,714.6182250976562,4104403
2020-04-03,714.8950805664062,4268480
2020-04-07,739.8123779296875,5768998
2020-04-08,744.8419189453125,6151091
2020-04-09,750.102294921875,6410296
2020-04-13,798.6909790039062,9462711
2020-04-15,812.2570190429688,10435477
2020-04-16,841.3272094726562,6980512
2020-04-17,860.93798828125,5827648
2020-04-20,844.9724731445312,4958362
2020-04-21,803.2129516601562,5122305
2020-04-22,786.8321533203125,6090168
2020-04-23,775.7577514648438,6321888
2020-04-24,785.540283203125,7960368
2020-04-27,789.2777709960938,4224177
2020-04-28,791.0311889648438,3772704
2020-04-29,807.8272705078125,4837925
2020-04-30,828.3148193359375,6332497
2020-05-04,785.0325927734375,4678576
2020-05-05,772.34326171875,4296433
2020-05-06,772.71240234375,5081524
2020-05-07,759.3770141601562,3529134
2020-05-08,753.0093383789062,4394509
2020-05-11,758.2234497070312,2882920
2020-05-12,751.9480590820312,3024381
2020-05-13,796.3377075195312,8625444
2020-05-14,804.4127807617188,6778584
2020-05-15,797.7219848632812,5653901
2020-05-18,750.6098022460938,6211249
2020-05-19,734.921142578125,5533176
2020-05-20,770.58984375,5949898
2020-05-21,757.208251953125,4701930
2020-05-22,752.7786254882812,4607479
2020-05-26,761.8688354492188,4335209
2020-05-27,785.2171630859375,5159287
2020-05-28,835.651611328125,11481079
2020-05-29,860.338134765625,10166556
2020-06-01,856.5543823242188,7617144
2020-06-02,872.5199584960938,7325471
2020-06-03,887.1473388671875,4651554
2020-06-04,858.9077758789062,5355931
2020-06-05,881.5640258789062,6071040
2020-06-08,887.1934814453125,9858804
2020-06-09,879.7644653320312,5117749
2020-06-10,873.5350952148438,5175923
2020-06-11,858.677001953125,3602957
2020-06-12,854.9393920898438,5411314
2020-06-15,830.4835815429688,4982324
2020-06-16,826.0076904296875,4661460
2020-06-17,816.54833984375,4681085
2020-06-18,827.4843139648438,5869802
2020-06-19,828.9146118164062,5409996
2020-06-22,837.4512329101562,6839642
2020-06-23,892.961181640625,14580218
2020-06-24,881.8408203125,11985132
2020-06-25,870.3511962890625,7508087
2020-06-26,887.9779052734375,6554103
2020-06-29,864.3525390625,4575801
2020-06-30,870.8587646484375,3656480
2020-07-01,853.0013427734375,6426017
2020-07-02,868.6901245117188,6542705
2020-07-03,871.4125366210938,3928063
2020-07-06,877.8264770507812,3900219
2020-07-07,870.8126220703125,4051767
2020-07-08,868.6439208984375,5227021
2020-07-09,872.0585327148438,3777760
2020-07-10,860.2459106445312,4537688
2020-07-13,856.5543823242188,3821300
2020-07-14,842.4808349609375,3646237
2020-07-15,841.8347778320312,3229770
2020-07-16,850.0944213867188,3134451
2020-07-17,854.155029296875,2040517
2020-07-20,848.6639404296875,3035845
2020-07-21,865.6907348632812,4756570
2020-07-22,849.8637084960938,4977432
2020-07-23,845.8491821289062,9075059
2020-07-24,834.6365356445312,6059379
2020-07-27,834.082763671875,3615970
2020-07-28,843.0344848632812,3793721
2020-07-29,850.8327026367188,7245021
2020-07-30,838.1895141601562,3364408
2020-07-31,842.98828125,2943858
2020-08-03,845.2494506835938,3583167
2020-08-04,852.9552612304688,3860346
2020-08-05,861.7990112304688,3007723
2020-08-06,858.4476318359375,2188023
2020-08-07,852.396728515625,2461109
2020-08-10,893.7295532226562,11861641
2020-08-11,895.4517822265625,5427516
2020-08-12,884.1411743164062,3672458
2020-08-13,922.26220703125,8816193
2020-08-14,914.907958984375,13443785
2020-08-17,931.6644897460938,4735094
2020-08-18,935.1554565429688,4362050
2020-08-19,939.39111328125,4914223
2020-08-20,926.9634399414062,4791040
2020-08-21,925.4739990234375,2806380
2020-08-24,922.8672485351562,2026255
2020-08-25,912.6737670898438,2914757
2020-08-26,902.0147705078125,4482066
2020-08-27,908.2053833007812,4466609
2020-08-28,914.0234985351562,7821191
2020-08-31,879.6727294921875,8489726
2020-09-01,889.214599609375,5099949
2020-09-02,889.5403442382812,2107714
2020-09-03,894.7536010742188,3278899
2020-09-04,877.3919067382812,3130721
2020-09-07,867.7569580078125,3470806
2020-09-08,853.3742065429688,3738931
2020-09-09,846.6715698242188,5656245
2020-09-10,857.3306274414062,2948599
2020-09-11,854.0258178710938,2632298
2020-09-14,839.78271484375,5006356
2020-09-15,847.0905151367188,4488829
2020-09-16,858.1218872070312,3596197
2020-09-17,843.6925659179688,4512652
2020-09-18,838.4794311523438,7496145
2020-09-21,820.9315795898438,4597697
2020-09-22,797.332763671875,5089087
2020-09-23,801.1494750976562,3709291
2020-09-24,791.9334716796875,11609426
2020-09-25,827.8204956054688,4961967
2020-09-28,840.4810180664062,3853608
2020-09-29,833.5921630859375,3362381
2020-09-30,839.3172607421875,3582787
2020-10-01,840.4343872070312,2506154
2020-10-05,834.988525390625,2788003
2020-10-06,830.9390258789062,3497325
2020-10-07,826.5635986328125,5073845
2020-10-08,820.1868286132812,3918217
2020-10-09,845.6941528320312,9668150
2020-10-12,843.1806640625,6188905
2020-10-13,834.5230712890625,4548652
2020-10-14,851.977783203125,5286914
2020-10-15,827.4014892578125,4927777
2020-10-16,832.3353271484375,2373435
2020-10-19,840.527587890625,5800391
2020-10-20,853.9326782226562,13188572
2020-10-21,860.5887451171875,6390783
2020-10-22,871.6201782226562,6151367
2020-10-23,876.228271484375,5102184
2020-10-26,886.0029296875,6975809
2020-10-27,914.11669921875,9638520
2020-10-28,914.9544677734375,7369181
2020-10-29,869.944580078125,11852038
2020-10-30,865.2899780273438,4797473
2020-11-02,865.103759765625,3682174
2020-11-03,882.2791748046875,4049112
2020-11-04,891.8635864257812,3369408
2020-11-05,909.1817626953125,2889134
2020-11-06,911.6964111328125,3419233
2020-11-09,916.5360717773438,3040456
2020-11-10,980.9217529296875,12149416
2020-11-11,1005.3569946289062,10254627
2020-11-12,1018.405029296875,6743163
2020-11-13,997.8130493164062,5025096
2020-11-14,1005.1197509765625,911852
2020-11-17,1025.7119140625,7611327
2020-11-18,1089.5284423828125,13436421
2020-11-19,1076.337890625,10841151
2020-11-20,1074.4876708984375,7009257
2020-11-23,1068.3668212890625,4998877
2020-11-24,1077.524169921875,4623887
2020-11-25,1059.019775390625,4651911
2020-11-26,1061.7242431640625,7360928
2020-11-27,1065.093017578125,18995549
2020-12-01,1058.9722900390625,3551604
2020-12-02,1056.884765625,4434968
2020-12-03,1067.7025146484375,4087608
2020-12-04,1090.809326171875,6542918
2020-12-07,1109.9779052734375,5484461
2020-12-08,1111.5911865234375,4982626
2020-12-09,1120.7010498046875,4304573
2020-12-10,1129.573486328125,4921373
2020-12-11,1133.322021484375,6689415
2020-12-14,1185.845947265625,9723233
2020-12-15,1182.6195068359375,6953407
2020-12-16,1203.4962158203125,5729223
2020-12-17,1213.507568359375,5345257
2020-12-18,1216.1173095703125,10315248
2020-12-21,1171.801513671875,21153346
2020-12-22,1198.2294921875,7998730
2020-12-23,1200.222412109375,4057070
2020-12-24,1197.7550048828125,3277840
2020-12-28,1223.56640625,3405825
2020-12-29,1219.248779296875,3778319
2020-12-30,1226.0811767578125,2866392
2020-12-31,1221.8582763671875,3889877
2021-01-01,1230.7783203125,2058419
2021-01-04,1247.479736328125,4014636
2021-01-05,1239.603515625,2833637
2021-01-06,1246.9102783203125,4615963
2021-01-07,1270.5865478515625,4270598
2021-01-08,1303.2774658203125,4984995
2021-01-11,1281.0723876953125,3252470
2021-01-12,1280.8824462890625,2836161
2021-01-13,1283.4447021484375,4389762
2021-01-14,1306.314208984375,5168591
2021-01-15,1285.010498046875,2587576
2021-01-18,1267.834716796875,3185998
2021-01-19,1299.9088134765625,3885798
2021-01-20,1312.0552978515625,3957992
2021-01-21,1301.284912109375,2985423
2021-01-22,1292.554443359375,3282665
2021-01-25,1291.7955322265625,4847989
2021-01-27,1290.4193115234375,8896211
2021-01-28,1276.65966796875,2962948
2021-01-29,1266.5533447265625,5130876
2021-02-01,1374.875244140625,11317043
2021-02-02,1442.582275390625,14349665
2021-02-03,1450.506103515625,6197782
2021-02-04,1451.6922607421875,3957579
2021-02-05,1439.0712890625,3270494
2021-02-08,1472.56884765625,5223019
2021-02-09,1486.470947265625,3825206
2021-02-10,1473.5653076171875,2578777
2021-02-11,1452.3563232421875,2720190
2021-02-12,1443.673583984375,1867284
2021-02-15,1459.1414794921875,1917477
2021-02-16,1470.3388671875,3838556
2021-02-17,1469.294921875,2340184
2021-02-18,1446.757568359375,2446843
2021-02-19,1431.7645263671875,3044240
2021-02-22,1378.0543212890625,6168108
2021-02-23,1410.4132080078125,3733776
2021-02-24,1448.655517578125,2380414
2021-02-25,1429.5343017578125,3168105
2021-02-26,1368.8494873046875,5579058
2021-03-01,1397.64990234375,2494481
2021-03-02,1409.79638671875,2089473
2021-03-03,1420.4720458984375,2184001
2021-03-04,1387.9232177734375,3530366
2021-03-05,1388.82470703125,3306902
2021-03-08,1437.8375244140625,4150049
2021-03-09,1431.2900390625,3779948
2021-03-10,1446.3780517578125,2210547
2021-03-12,1436.6988525390625,4885349
2021-03-15,1407.9932861328125,3181450
2021-03-16,1387.1639404296875,3233903
2021-03-17,1364.2471923828125,5178384
2021-03-18,1355.1846923828125,3381940
2021-03-19,1339.1951904296875,9920812
2021-03-22,1328.5670166015625,2964175
2021-03-23,1332.647216796875,2564844
2021-03-24,1299.2445068359375,4237815
2021-03-25,1301.094970703125,3894604
2021-03-26,1326.90625,3093766
2021-03-30,1350.8670654296875,2801282
2021-03-31,1346.4544677734375,2400871
2021-04-01,1370.84228515625,1380763
2021-04-05,1332.1256103515625,2548649
2021-04-06,1329.46826171875,1824079
2021-04-07,1332.4576416015625,1841308
2021-04-08,1346.691650390625,1644834
2021-04-09,1332.4100341796875,2015002
2021-04-12,1276.469970703125,3755497
2021-04-13,1303.562255859375,2063654
2021-04-15,1304.4637451171875,2625838
2021-04-16,1289.7552490234375,3752588
2021-04-19,1243.54150390625,4157065
2021-04-20,1263.5169677734375,2989204
2021-04-22,1268.54638671875,2398100
2021-04-23,1255.35595703125,2062964
2021-04-26,1267.692138671875,1431562
2021-04-27,1310.157470703125,4303909
2021-04-28,1305.64990234375,3220346
2021-04-29,1289.280517578125,2221346
2021-04-30,1272.009765625,1968093
2021-05-03,1273.955322265625,1653245
2021-05-04,1269.3052978515625,2029558
2021-05-05,1270.3017578125,1813150
2021-05-06,1271.488037109375,2333882
2021-05-07,1274.14501953125,2362325
2021-05-10,1323.7747802734375,3929224
2021-05-11,1312.956787109375,1975828
2021-05-12,1314.5699462890625,4283174
2021-05-14,1343.22802734375,4558155
2021-05-17,1315.946044921875,9620003
2021-05-18,1344.9361572265625,3312380
2021-05-19,1331.79345703125,3215258
2021-05-20,1337.771484375,1996254
2021-05-21,1345.6478271484375,2185322
2021-05-24,1369.5611572265625,5035538
2021-05-25,1376.8680419921875,2892219
2021-05-26,1397.697265625,3230579
2021-05-27,1407.1392822265625,3747221
2021-05-28,1402.6318359375,2315923
2021-05-31,1392.7628173828125,2405318
2021-06-01,1399.3580322265625,2077742
2021-06-02,1395.94189453125,2469417
2021-06-03,1433.7098388671875,3025466
2021-06-04,1459.0465087890625,5677538
2021-06-07,1478.2625732421875,3131245
2021-06-08,1470.05419921875,3945382
2021-06-09,1441.7283935546875,3025732
2021-06-10,1442.1077880859375,1584311
2021-06-11,1426.6873779296875,1909384
2021-06-14,1438.3594970703125,2005404
2021-06-15,1433.6622314453125,1831871
2021-06-16,1414.7784423828125,1504791
2021-06-17,1411.599365234375,1675778
2021-06-18,1400.6390380859375,4649835
2021-06-21,1392.1461181640625,1970012
2021-06-22,1422.654541015625,3862264
2021-06-23,1403.72314453125,1818874
2021-06-24,1427.2568359375,2762042
2021-06-25,1446.0458984375,2099002
2021-06-28,1437.1259765625,1173658
2021-06-29,1433.7572021484375,2174022
2021-06-30,1423.935546875,2139362
2021-07-01,1416.106689453125,2060651
2021-07-02,1409.79638671875,1814564
2021-07-05,1430.957763671875,1605396
2021-07-06,1428.6329345703125,1072506
2021-07-07,1439.0238037109375,1096808
2021-07-08,1424.077880859375,1456033
2021-07-09,1423.0340576171875,1248405
2021-07-12,1424.1253662109375,865284
2021-07-13,1436.3193359375,995833
2021-07-14,1465.8314208984375,4010254
2021-07-15,1527.1805419921875,9066480
2021-07-16,1536.1005859375,4157388
2021-07-19,1527.41796875,3027093
2021-07-20,1509.150634765625,1847026
2021-07-22,1558.3057861328125,3231269
2021-07-23,1529.4578857421875,2259058
2021-07-26,1516.030517578125,2219416
2021-07-27,1526.13671875,3984778
2021-07-28,1529.9273681640625,4119892
2021-07-29,1531.6549072265625,1672177
2021-07-30,1536.885009765625,2536568
2021-08-02,1548.881103515625,1083353
2021-08-03,1568.458740234375,1777140
2021-08-04,1557.75830078125,2067087
2021-08-05,1561.7889404296875,1831728
2021-08-06,1545.42626953125,1192143
2021-08-09,1533.0462646484375,1223794
2021-08-10,1524.4091796875,1429931
2021-08-11,1519.467041015625,1370930
2021-08-12,1557.998046875,1645811
2021-08-13,1601.135986328125,5439442
2021-08-16,1589.331787109375,1794407
2021-08-17,1572.681396484375,1838525
2021-08-18,1567.0191650390625,1570228
2021-08-20,1529.3515625,2416059
2021-08-23,1517.019775390625,1973841
2021-08-24,1541.0596923828125,1580003
2021-08-25,1529.54345703125,1795313
2021-08-26,1531.414794921875,2051262
2021-08-27,1572.057373046875,4903187
2021-08-30,1593.1705322265625,3345934
2021-08-31,1604.7825927734375,3264644
2021-09-01,1618.4102783203125,3530101
2021-09-02,1618.2181396484375,2400278
2021-09-03,1623.3045654296875,2336258
2021-09-06,1625.895751953125,1850835
2021-09-07,1613.899658203125,1734879
2021-09-08,1599.360595703125,1644392
2021-09-09,1602.7193603515625,1225239
2021-09-13,1604.302734375,1578773
2021-09-14,1628.054931640625,1407269
2021-09-15,1647.7764892578125,2757989
2021-09-16,1651.855224609375,2128381
2021-09-17,1647.0087890625,3473932
2021-09-20,1635.6365966796875,1820374
2021-09-21,1651.519287109375,2029747
2021-09-22,1641.9224853515625,1487933
2021-09-23,1698.351806640625,3702946
2021-09-24,1697.440185546875,3612494
2021-09-27,1669.4652099609375,1650711
2021-09-28,1667.1142578125,1442615
2021-09-29,1651.6153564453125,1698747
2021-09-30,1634.29296875,1792078
2021-10-01,1628.4869384765625,1563937
2021-10-04,1646.0970458984375,1588493
2021-10-05,1647.4886474609375,1705242
2021-10-06,1626.7115478515625,1845661
2021-10-07,1643.409912109375,1378863
2021-10-08,1657.2774658203125,1755402
2021-10-11,1647.6805419921875,1528151
2021-10-12,1648.92822265625,1671988
2021-10-13,1681.41357421875,2105025
2021-10-14,1717.1617431640625,4440909
2021-10-18,1716.3458251953125,1918546
2021-10-19,1771.623779296875,6639827
2021-10-20,1733.8599853515625,3295376
2021-10-21,1732.9483642578125,2774633
2021-10-22,1719.9927978515625,1520637
2021-10-25,1712.2193603515625,2488386
2021-10-26,1723.8314208984375,1930107
2021-10-27,1712.603271484375,1408879
2021-10-28,1741.1058349609375,6379424
2021-10-29,1695.4249267578125,3984689
2021-11-01,1722.9677734375,2316925
2021-11-02,1742.449462890625,1687119
2021-11-03,1813.3218994140625,11580233
2021-11-04,1831.9876708984375,764191
2021-11-08,1846.9588623046875,3674523
2021-11-09,1865.2408447265625,3550645
2021-11-10,1871.526611328125,3208195
2021-11-11,1853.820556640625,7061537
2021-11-12,1880.931640625,2026320
2021-11-15,1868.5517578125,1127678
2021-11-16,1876.4691162109375,2279531
2021-11-17,1874.165771484375,2166686
2021-11-18,1820.5196533203125,1883794
2021-11-22,1789.3299560546875,2407464
2021-11-23,1810.2989501953125,2028470
2021-11-24,1787.4105224609375,1361828
2021-11-25,1775.3184814453125,1930012
2021-11-26,1706.461181640625,2796595
2021-11-29,1696.0006103515625,2111420
2021-11-30,1693.6014404296875,3385628
2021-12-01,1713.9947509765625,1359786
2021-12-02,1717.065673828125,2813690
2021-12-03,1728.6298828125,3612772
2021-12-06,1710.77978515625,1566109
2021-12-07,1725.6068115234375,2097201
2021-12-08,1751.4703369140625,3433206
2021-12-09,1804.012939453125,3791595
2021-12-10,1797.8709716796875,1771926
2021-12-13,1786.4508056640625,1857829
2021-12-14,1790.4815673828125,1685243
2021-12-15,1804.9727783203125,2176709
2021-12-16,1798.350830078125,2469902
2021-12-17,1772.6312255859375,2352938
2021-12-20,1726.8065185546875,2488158
2021-12-21,1753.8695068359375,2077840
2021-12-22,1795.5677490234375,1692505
2021-12-23,1802.7174072265625,1677127
2021-12-24,1784.4354248046875,1203991
2021-12-27,1790.9613037109375,1139744
2021-12-28,1822.9188232421875,1916098
2021-12-29,1818.4561767578125,1287946
2021-12-30,1809.6751708984375,1805349
2021-12-31,1819.4639892578125,1145546
2022-01-03,1845.327392578125,1906676
2022-01-04,1859.4346923828125,1643920
2022-01-05,1870.0391845703125,1711667
2022-01-06,1846.910888671875,1372015
2022-01-07,1828.10107421875,1447123
2022-01-10,1874.3577880859375,2397846
2022-01-11,1882.083251953125,2232435
2022-01-12,1894.6070556640625,1585970
2022-01-13,1937.0250244140625,2373324
2022-01-14,1962.3128662109375,3124945
2022-01-17,1985.9688720703125,1858651
2022-01-18,1940.6717529296875,1460676
2022-01-19,1939.4244384765625,2336679
2022-01-20,1922.725830078125,2031107
2022-01-21,1877.18896484375,2209132
2022-01-24,1823.3026123046875,2307120
2022-01-25,1847.6787109375,2998042
2022-01-27,1833.8111572265625,2932713
2022-01-28,1821.0474853515625,2233620
2022-01-31,1832.2276611328125,3161064
2022-02-01,1910.25,5392787
2022-02-02,1902.7645263671875,3579380
2022-02-03,1855.69189453125,2262217
2022-02-04,1869.4154052734375,1440816
2022-02-07,1808.5235595703125,2641464
2022-02-08,1799.9822998046875,2040523
2022-02-09,1812.650146484375,1390810
2022-02-10,1824.3582763671875,1288856
2022-02-11,1795.8077392578125,1744894
2022-02-14,1726.4705810546875,2290199
2022-02-15,1800.414306640625,2602134
2022-02-16,1785.68310546875,1898439
2022-02-17,1793.3604736328125,1459905
2022-02-18,1807.1798095703125,1912482
2022-02-21,1788.802001953125,1262585
2022-02-22,1770.088134765625,2288298
2022-02-23,1746.911865234375,1583872
2022-02-24,1686.4998779296875,3616355
2022-02-25,1705.405517578125,2476882
2022-02-28,1743.5048828125,2553662
2022-03-02,1712.55517578125,3152628
2022-03-03,1681.6534423828125,2259979
2022-03-04,1642.73828125,3906819
2022-03-07,1568.5546875,6318251
2022-03-08,1591.635009765625,4421730
2022-03-09,1622.776611328125,3306502
2022-03-10,1658.52490234375,2776325
2022-03-11,1658.9569091796875,1577597
2022-03-14,1676.3270263671875,1558334
2022-03-15,1673.16015625,2062332
2022-03-16,1685.3961181640625,2101909
2022-03-17,1715.818115234375,3383036
2022-03-21,1685.4921875,2301462
2022-03-22,1702.526611328125,3986030
2022-03-23,1696.0006103515625,1574226
2022-03-24,1700.1273193359375,1580887
2022-03-25,1680.5018310546875,1483897
2022-03-28,1671.3846435546875,1799629
2022-03-29,1676.231201171875,2071779
2022-03-30,1702.094482421875,1712835
2022-03-31,1696.384521484375,1401916
2022-04-01,1717.9293212890625,2050573
2022-04-04,1752.7178955078125,1955281
2022-04-05,1762.0269775390625,1718581
2022-04-06,1778.1015625,2245496
2022-04-07,1752.6700439453125,2003954
2022-04-08,1756.9405517578125,1903321
2022-04-11,1709.676025390625,2262446
2022-04-12,1677.23876953125,4215141
2022-04-13,1689.8106689453125,1673417
2022-04-18,1668.2657470703125,1808707
2022-04-19,1636.97998046875,2737766
2022-04-20,1623.400634765625,3832617
2022-04-21,1645.3773193359375,1797489
2022-04-22,1626.0396728515625,1474689
2022-04-25,1590.531494140625,1964344
2022-04-26,1631.4139404296875,2440990
2022-04-27,1609.437255859375,1346726
2022-04-28,1649.935791015625,3117433
2022-04-29,1626.0396728515625,2404830
2022-05-02,1611.7403564453125,1399802
2022-05-04,1568.07470703125,1777673
2022-05-05,1571.625732421875,1707752
2022-05-06,1557.03857421875,1439520
2022-05-09,1550.992431640625,1400010
2022-05-10,1543.123046875,1176030
2022-05-11,1507.4708251953125,2988788
2022-05-12,1464.6209716796875,3407191
2022-05-13,1472.63427734375,4328846
2022-05-16,1480.695556640625,1775914
2022-05-17,1539.42822265625,1608711
2022-05-18,1509.102294921875,2984009
2022-05-19,1485.5419921875,1798843
2022-05-20,1545.1864013671875,2175224
2022-05-23,1577.8636474609375,4177811
2022-05-24,1560.7332763671875,1970395
2022-05-25,1511.261474609375,1417130
2022-05-26,1501.472900390625,3578710
2022-05-27,1535.781494140625,1279218
2022-05-30,1593.8902587890625,2119326
2022-05-31,1587.79638671875,3534742
2022-06-01,1581.558349609375,1425466
2022-06-02,1571.1458740234375,1852251
2022-06-03,1585.4453125,2928263
2022-06-06,1574.07275390625,1538005
2022-06-07,1525.368896484375,2157491
2022-06-08,1520.66650390625,2122442
2022-06-09,1530.791015625,1361104
2022-06-10,1521.1942138671875,1337799
2022-06-13,1470.2830810546875,2460367
2022-06-14,1482.3751220703125,1983405
2022-06-15,1497.442138671875,1461683
2022-06-16,1465.8206787109375,2329325
2022-06-17,1429.88037109375,4548572
2022-06-20,1412.462158203125,1837431
2022-06-21,1439.8131103515625,1458922
2022-06-22,1419.1319580078125,1906619
2022-06-23,1434.0550537109375,1828491
2022-06-24,1434.5828857421875,1731440
2022-06-27,1473.882080078125,2389778
2022-06-28,1488.948974609375,2072405
2022-06-29,1485.4940185546875,1480197
2022-06-30,1495.4266357421875,3308971
2022-07-01,1508.7664794921875,1294305
2022-07-04,1517.931396484375,1269969
2022-07-05,1501.808837890625,1445200
2022-07-06,1493.4114990234375,2422594
2022-07-07,1546.14599609375,1697912
2022-07-08,1619.4178466796875,6516138
2022-07-11,1595.9534912109375,1316037
2022-07-12,1587.0765380859375,781516
2022-07-13,1580.838623046875,1914814
2022-07-14,1579.7830810546875,1170472
2022-07-15,1616.922607421875,1345141
2022-07-18,1657.9971923828125,3200640
2022-07-19,1660.060546875,1351783
2022-07-20,1669.8011474609375,1509911
2022-07-21,1715.678466796875,2827327
2022-07-22,1718.20556640625,1495629
2022-07-25,1732.4935302734375,1916615
2022-07-26,1702.16796875,1585897
2022-07-27,1746.2955322265625,5369460
2022-07-28,1750.7666015625,1831059
2022-07-29,1757.3760986328125,1747781
2022-08-01,1763.8397216796875,1341943
2022-08-02,1742.7965087890625,1749346
2022-08-03,1739.6376953125,1264299
2022-08-04,1730.2093505859375,1856927
2022-08-05,1737.3533935546875,1430542
2022-08-08,1778.37060546875,2625195
2022-08-10,1803.156005859375,3422074
2022-08-11,1814.8197021484375,1918049
2022-08-12,1794.69970703125,1041383
2022-08-16,1797.0811767578125,1426893
2022-08-17,1803.6904296875,1748371
2022-08-18,1841.4517822265625,2519639
2022-08-19,1881.7886962890625,4134598
2022-08-22,1827.94140625,3175874
2022-08-23,1824.4422607421875,1811509
2022-08-24,1840.2852783203125,1534933
2022-08-25,1825.2684326171875,1121363
2022-08-26,1851.9976806640625,1119310
2022-08-29,1828.7674560546875,1183546
2022-08-30,1868.618408203125,1394462
2022-09-01,1859.3360595703125,2014905
2022-09-02,1886.1138916015625,3201140
2022-09-05,1913.183349609375,2474746
2022-09-06,1907.302978515625,1172733
2022-09-07,1903.2205810546875,1238549
2022-09-08,1919.063720703125,1632797
2022-09-09,1895.104736328125,980869
2022-09-12,1906.9141845703125,791708
2022-09-13,1935.5386962890625,1761021
2022-09-14,1899.138427734375,2322752
2022-09-15,1902.637451171875,1566565
2022-09-16,1866.1884765625,3881617
2022-09-19,1857.149169921875,1755456
2022-09-20,1878.532470703125,1666658
2022-09-21,1842.5208740234375,1618385
2022-09-22,1835.2796630859375,1875115
2022-09-23,1804.808349609375,1948766
2022-09-26,1799.5595703125,1529101
2022-09-27,1789.596923828125,1443698
2022-09-28,1784.008056640625,1853503
2022-09-29,1764.6171875,2377718
2022-09-30,1795.914794921875,2339518
2022-10-03,1768.3109130859375,1850414
2022-10-04,1819.0963134765625,1637532
2022-10-06,1859.3360595703125,2771898
2022-10-07,1870.611083984375,1469264
2022-10-10,1856.1285400390625,1656954
2022-10-11,1826.2889404296875,1047963
2022-10-12,1857.6837158203125,1907748
2022-10-13,1823.5675048828125,1303645
2022-10-14,1858.02392578125,1819114
2022-10-17,1830.419921875,2588147
2022-10-18,1864.3416748046875,1401849
2022-10-19,1851.51171875,1636141
2022-10-20,1850.78271484375,1374019
2022-10-21,1824.150634765625,2225676
2022-10-24,1856.225830078125,269400
2022-10-25,1894.472900390625,2136147
2022-10-27,1909.00390625,2245395
2022-10-28,1919.6956787109375,2013794
2022-10-31,1966.3988037109375,3176507
2022-11-01,1967.7110595703125,4464211
2022-11-02,1956.8736572265625,1889651
2022-11-03,1952.4024658203125,1052241
2022-11-04,1958.623046875,2312753
2022-11-07,1961.1015625,1395070
2022-11-09,1947.34814453125,1301233
2022-11-10,1922.2227783203125,1261210
2022-11-11,1954.7352294921875,1203125
2022-11-14,1943.751953125,1175155
2022-11-15,1940.5931396484375,1450841
2022-11-16,1947.4454345703125,1195832
2022-11-17,1972.668212890625,3786182
2022-11-18,1967.7110595703125,1248459
2022-11-21,1955.075439453125,714687
2022-11-22,1972.9111328125,1337869
2022-11-23,1968.24560546875,1046988
2022-11-24,1994.6832275390625,1611889
2022-11-25,2004.9375,2652761
2022-11-28,2006.5899658203125,1105372
2022-11-29,1993.0797119140625,1413764
2022-11-30,2016.6986083984375,2104550
2022-12-01,2045.2745361328125,2614357
2022-12-02,2027.050048828125,1957264
2022-12-05,2027.1473388671875,1767537
2022-12-06,2034.8258056640625,1530731
2022-12-07,2064.47119140625,3438327
2022-12-08,2106.9462890625,3743754
2022-12-09,2093.6787109375,2573609
2022-12-12,2103.058349609375,1536090
2022-12-13,2112.00048828125,1233124
2022-12-14,2133.91845703125,1516631
2022-12-15,2116.520263671875,1323412
2022-12-16,2114.04150390625,2822390
2022-12-19,2122.789306640625,1592779
2022-12-20,2102.620849609375,1747181
2022-12-21,2086.146240234375,1979681
2022-12-22,2050.814697265625,1993744
2022-12-23,2004.9375,2026125
2022-12-26,2032.4444580078125,1154610
2022-12-27,2064.568359375,1059351
2022-12-28,2061.652099609375,1153883
2022-12-29,2051.738037109375,1517150
2022-12-30,2027.3416748046875,1189427
2023-01-02,2030.88916015625,807344
2023-01-03,2030.4033203125,1260225
2023-01-04,2012.519287109375,1015547
2023-01-05,2028.8485107421875,1881403
2023-01-06,2028.0706787109375,1877917
2023-01-09,2062.2353515625,1844365
2023-01-10,2047.607177734375,1425414
2023-01-11,2065.783203125,1455621
2023-01-12,2099.21923828125,2726901
2023-01-13,2093.046875,2180210
2023-01-16,2077.301025390625,1009649
2023-01-17,2151.07373046875,4645453
2023-01-18,2202.97705078125,4090049
2023-01-19,2209.39208984375,2176835
2023-01-20,2186.89111328125,1962410
2023-01-23,2170.902099609375,1466706
2023-01-24,2145.630859375,1036962
2023-01-25,2113.75,2134447
2023-01-27,2099.31640625,1647900
2023-01-30,2053.68212890625,3441304
2023-01-31,2064.859619140625,4516463
2023-02-01,2085.4169921875,6868872
2023-02-02,2084.78515625,3488506
2023-02-03,2105.82861328125,2045634
2023-02-06,2095.67138671875,1332484
2023-02-07,2104.61328125,1089248
2023-02-08,2071.129150390625,1452145
2023-02-09,2087.215087890625,1563181
2023-02-10,2103.2041015625,1454665
2023-02-13,2141.548583984375,2978938
2023-02-14,2130.224853515625,1874906
2023-02-15,2114.09033203125,1946344
2023-02-16,2117.2490234375,2464602
2023-02-17,2163.95263671875,3753179
2023-02-20,2163.126220703125,1779752
2023-02-21,2166.965576171875,1882604
2023-02-22,2133.238037109375,2103097
2023-02-23,2098.6357421875,2000556
2023-02-24,2074.2392578125,1479060
2023-02-27,2054.459716796875,1398112
2023-02-28,2050.037353515625,2108587
2023-03-01,2056.014892578125,1389077
2023-03-02,2062.13818359375,1727640
2023-03-03,2091.73486328125,1821066
2023-03-06,2081.14013671875,1821012
2023-03-08,2109.959228515625,2965342
2023-03-09,2131.7314453125,1873933
2023-03-10,2097.372314453125,1900535
2023-03-13,2074.045166015625,2334468
2023-03-14,2084.104736328125,2871343
2023-03-15,2115.645263671875,3044201
2023-03-16,2112.680908203125,2946792
2023-03-17,2134.210205078125,3286473
2023-03-20,2116.520263671875,1996773
2023-03-21,2146.55419921875,3178680
2023-03-22,2151.89990234375,1956033
2023-03-23,2144.804443359375,2455799
2023-03-24,2105.439453125,1449544
2023-03-27,2093.630126953125,1540581
2023-03-28,2073.802001953125,1627243
2023-03-29,2087.263671875,2372385
2023-03-31,2103.544189453125,1489542
2023-04-03,2109.32763671875,1231654
2023-04-05,2194.47216796875,2763363
2023-04-06,2210.510009765625,2389899
2023-04-10,2244.96630859375,1955914
2023-04-11,2236.996337890625,1342440
2023-04-12,2224.360595703125,1165839
2023-04-13,2195.4443359375,1956668
2023-04-17,2151.948486328125,4125850
2023-04-18,2154.475830078125,2848601
2023-04-19,2157.391845703125,1970015
2023-04-20,2170.173095703125,1898996
2023-04-21,2153.114990234375,1009316
2023-04-24,2166.4306640625,1239073
2023-04-25,2184.94677734375,1350118
2023-04-26,2212.356689453125,1894812
2023-04-27,2240.9814453125,1252989
2023-04-28,2298.133056640625,2884961
2023-05-02,2317.621337890625,1840153
2023-05-03,2290.260498046875,998235
2023-05-04,2290.843505859375,1230912
2023-05-05,2310.8662109375,2425866
2023-05-08,2299.105224609375,1583576
2023-05-09,2307.804443359375,1417301
2023-05-10,2298.181884765625,1675409
2023-05-11,2179.3095703125,9470848
2023-05-12,2158.849853515625,5367292
2023-05-15,2183.8779296875,2662740
2023-05-16,2164.778564453125,2528855
2023-05-17,2157.391845703125,1961004
2023-05-18,2126.87158203125,2290757
2023-05-19,2128.669921875,1729803
2023-05-22,2154.475830078125,1112099
2023-05-23,2136.056640625,2265389
2023-05-24,2123.906982421875,2648479
2023-05-25,2142.9091796875,1689521
2023-05-26,2156.27392578125,1249128
2023-05-29,2162.202880859375,1369656
2023-05-30,2148.838134765625,1716729
2023-05-31,2143.832275390625,2809284
2023-06-01,2145.92236328125,1049488
2023-06-02,2171.922607421875,1399950
2023-06-05,2204.726806640625,2344944
2023-06-06,2214.106201171875,1677680
2023-06-07,2250.603759765625,2128603
2023-06-08,2274.708740234375,2556995
2023-06-09,2296.772705078125,2501720
2023-06-12,2274.368408203125,1172382
2023-06-13,2288.413330078125,1688768
2023-06-14,2289.04541015625,1013564
2023-06-15,2295.120361328125,2561534
2023-06-16,2300.466064453125,1794542
2023-06-19,2300.02880859375,3111256
2023-06-20,2315.239990234375,1771306
2023-06-21,2327.341064453125,1607299
2023-06-22,2348.5302734375,1741775
2023-06-23,2322.578369140625,1212955
2023-06-26,2310.914794921875,793572
2023-06-27,2321.12060546875,1012317
2023-06-28,2353.58447265625,1734938
2023-06-30,2406.16796875,2690699
2023-07-03,2385.270751953125,1078456
2023-07-04,2392.852294921875,1441581
2023-07-05,2401.551513671875,1191896
2023-07-06,2418.852294921875,1796824
2023-07-07,2380.70263671875,1837661
2023-07-10,2370.3994140625,1178479
2023-07-11,2405.1962890625,1219658
2023-07-12,2386.1455078125,1822435
2023-07-13,2381.47998046875,1141663
2023-07-14,2402.960693359375,845623
2023-07-17,2399.607421875,878697
2023-07-18,2405.341796875,720865
2023-07-19,2424.246826171875,1431080
2023-07-20,2419.92138671875,1045704
2023-07-21,2513.765380859375,4610417
2023-07-24,2532.23291015625,2155297
2023-07-25,2489.1259765625,2068876
2023-07-26,2572.083984375,5820099
2023-07-27,2585.64306640625,2117794
2023-07-28,2575.29150390625,1325724
2023-07-31,2606.2001953125,1284981
2023-08-01,2591.912353515625,1298745
2023-08-02,2577.658203125,1479486
2023-08-03,2554.016357421875,1612618
2023-08-04,2582.32763671875,1101278
2023-08-07,2591.1748046875,1163125
2023-08-08,2587.53759765625,767310
2023-08-09,2606.608642578125,906865
2023-08-10,2598.64599609375,1040041
2023-08-11,2593.73095703125,1320121
2023-08-14,2614.767578125,1364413
2023-08-16,2645.38916015625,1703875
2023-08-17,2607.493408203125,1629067
2023-08-18,2597.1220703125,1898966
2023-08-21,2617.077880859375,1376318
2023-08-22,2633.34716796875,1497180
2023-08-23,2671.48876953125,1990672
2023-08-24,2642.538330078125,2619182
2023-08-25,2593.632568359375,1408427
2023-08-28,2649.6162109375,1551734
2023-08-29,2672.815673828125,1101830
2023-08-30,2663.03466796875,1920079
2023-08-31,2656.841552734375,2439625
2023-09-01,2656.251953125,1263430
2023-09-04,2665.09912109375,1548282
2023-09-05,2686.578125,1066447
2023-09-06,2684.12060546875,1747425
2023-09-07,2798.10302734375,4100519
2023-09-08,2852.36669921875,3638510
2023-09-11,2845.092041015625,1545803
2023-09-12,2894.145751953125,7788759
2023-09-13,2857.42919921875,2458417
2023-09-14,2869.078369140625,1910041
2023-09-15,2859.19873046875,1655275
2023-09-18,2870.30712890625,736631
2023-09-20,2840.96337890625,1399240
2023-09-21,2850.15478515625,2444711
2023-09-22,2868.97998046875,1965569
2023-09-25,2853.25146484375,1049532
2023-09-26,2863.130859375,953456
2023-09-27,2914.740234375,2903693
2023-09-28,2958.927490234375,4081102
2023-09-29,2972.24755859375,2698016
2023-10-03,3021.104248046875,3254492
2023-10-04,2976.376220703125,3100946
2023-10-05,3043.517333984375,3413447
2023-10-06,3041.207275390625,1898118
2023-10-09,3022.529541015625,1181760
2023-10-10,3023.8076171875,1551789
2023-10-11,3036.2919921875,2066921
2023-10-12,3029.4599609375,1870280
2023-10-13,3037.177001953125,1437808
2023-10-16,3049.267822265625,818794
2023-10-17,3014.272216796875,1847182
2023-10-18,2993.92333984375,1350839
2023-10-19,3002.573974609375,1599104
2023-10-20,2961.23779296875,1667471
2023-10-23,2908.1044921875,1614030
2023-10-25,2866.62060546875,2108353
2023-10-26,2815.99462890625,3286109
2023-10-27,2852.66162109375,2399538
2023-10-30,2876.697021484375,1693052
2023-10-31,2879.350830078125,1556467
2023-11-01,2846.173583984375,3875595
2023-11-02,2868.5869140625,1451606
2023-11-03,2861.85302734375,1136175
2023-11-06,2924.963623046875,1235499
2023-11-07,2911.0537109375,1112206
2023-11-08,2945.607177734375,1013438
2023-11-09,2973.525634765625,1719911
2023-11-10,2981.782958984375,947753
2023-11-13,2996.77392578125,531769
2023-11-15,3012.945068359375,1160184
2023-11-16,2999.379150390625,1597607
2023-11-17,3056.24755859375,1325050
2023-11-20,3036.390380859375,1231164
2023-11-21,3022.677001953125,1884782
2023-11-22,3030.000732421875,1104208
2023-11-23,2993.972412109375,1514688
2023-11-24,3002.426513671875,915121
2023-11-28,2998.248779296875,1210508
2023-11-29,3031.426025390625,1801107
2023-11-30,3056.444091796875,3131624
2023-12-01,3136.511962890625,2112908
2023-12-04,3257.326904296875,3095974
2023-12-05,3259.194580078125,1659309
2023-12-06,3334.74072265625,2057233
2023-12-07,3298.663330078125,2128823
2023-12-08,3321.125732421875,2428891
2023-12-11,3328.350830078125,1534238
2023-12-12,3285.687255859375,1888423
2023-12-13,3342.113525390625,1509107
2023-12-14,3374.848388671875,2425646
2023-12-15,3428.816650390625,2632935
2023-12-18,3432.355712890625,1767429
2023-12-19,3439.5810546875,1311700
2023-12-20,3360.49609375,1876048
2023-12-21,3366.050048828125,2292802
2023-12-22,3418.9375,1681707
2023-12-26,3430.832275390625,1072263
2023-12-27,3483.86669921875,1389266
2023-12-28,3458.35693359375,3371121
2023-12-29,3466.172119140625,968577
2024-01-01,3465.63134765625,777080
2024-01-02,3379.763671875,1511464
2024-01-03,3381.9755859375,1283859
2024-01-04,3400.013916015625,1651616
2024-01-05,3462.141357421875,2069018
2024-01-08,3441.69482421875,1993855
2024-01-09,3495.614013671875,1807271
2024-01-10,3485.341064453125,1534821
2024-01-11,3445.381103515625,1105348
2024-01-12,3508.245849609375,1782631
2024-01-15,3482.932861328125,1783518
2024-01-16,3512.865966796875,1791818
2024-01-17,3510.359375,2699076
2024-01-18,3534.984375,2148898
2024-01-19,3584.1357421875,1913923
2024-01-23,3490.747802734375,1742142
2024-01-24,3528.299560546875,3711521
2024-01-25,3532.4775390625,2206540
2024-01-29,3645.083984375,2072982
2024-01-30,3571.6513671875,1454989
2024-01-31,3420.70703125,9637606
2024-02-01,3340.343994140625,6149780
2024-02-02,3318.766357421875,7579802
2024-02-05,3285.048583984375,2954238
2024-02-06,3366.1484375,2545192
2024-02-07,3337.10009765625,2099940
2024-02-08,3278.904296875,3471727
2024-02-09,3268.140380859375,3121873
2024-02-12,3243.564453125,1922273
2024-02-13,3265.141845703125,2151493
2024-02-14,3252.85400390625,2502138
2024-02-15,3244.301513671875,1999189
2024-02-16,3329.28466796875,2768329
2024-02-19,3283.180908203125,1216447
2024-02-20,3299.7939453125,1578162
2024-02-21,3240.4677734375,2430672
2024-02-22,3306.675048828125,2521388
2024-02-23,3330.46435546875,2107176
2024-02-26,3411.26953125,4122419
2024-02-27,3446.95361328125,2122286
2024-02-28,3411.31884765625,1666903
2024-02-29,3418.544189453125,2119512
2024-03-01,3571.84814453125,4407803
2024-03-04,3582.6123046875,1307501
2024-03-05,3551.302978515625,1981370
2024-03-06,3580.400390625,1500196
2024-03-07,3614.560791015625,2344401
2024-03-11,3578.82763671875,1748541
2024-03-12,3560.198974609375,1470377
2024-03-13,3478.509033203125,2503293
2024-03-14,3546.977294921875,4528490
2024-03-15,3477.1328125,4054210
2024-03-18,3500.77490234375,1354787
2024-03-19,3442.284423828125,1447405
2024-03-20,3450.148681640625,1442811
2024-03-21,3499.59521484375,2504962
2024-03-22,3556.41455078125,3020545
2024-03-26,3607.8271484375,2320963
2024-03-27,3643.510986328125,2387693
2024-03-28,3700.035400390625,4278668
2024-04-01,3772.878173828125,1905190
2024-04-02,3742.79736328125,3608162
2024-04-03,3718.270751953125,1684618
2024-04-04,3733.409423828125,2339529
2024-04-05,3679.58837890625,1645597
2024-04-08,3743.239990234375,1083395
2024-04-09,3721.023193359375,1997057
2024-04-10,3689.516845703125,1951581
2024-04-12,3616.82177734375,3437544
2024-04-15,3539.702880859375,1719910
2024-04-16,3483.325927734375,2291042
2024-04-18,3490.69873046875,3273257
2024-04-19,3458.652099609375,2759031
2024-04-22,3551.40087890625,2605754
2024-04-23,3548.89404296875,1434580
2024-04-24,3573.175048828125,1501234
2024-04-25,3590.3291015625,2420380
2024-04-26,3544.0283203125,1973113
2024-04-29,3572.634521484375,1396979
2024-04-30,3533.313232421875,1571996
2024-05-02,3538.4248046875,3748847
2024-05-03,3440.416748046875,4079696
2024-05-06,3404.535888671875,2614667
2024-05-07,3369.589111328125,3376013
2024-05-08,3427.6865234375,4116670
2024-05-09,3219.873291015625,12120574
2024-05-10,3215.941162109375,4132191
2024-05-13,3237.961181640625,3557067
2024-05-14,3322.108642578125,2870328
2024-05-15,3353.418212890625,2718682
2024-05-16,3401.8818359375,3398714
2024-05-17,3392.19873046875,2676919
2024-05-21,3382.565185546875,2100848
2024-05-22,3402.127685546875,1409992
2024-05-23,3524.564208984375,4525637
2024-05-24,3564.376953125,2740360
2024-05-27,3590.0341796875,2570708
2024-05-28,3596.12890625,1440187
2024-05-29,3573.1259765625,1506146
2024-05-30,3573.027587890625,2701849
2024-05-31,3607.040771484375,6432341
2024-06-03,3831.0244140625,5767666
2024-06-04,3345.455810546875,9920882
2024-06-05,3351.1572265625,10372458
2024-06-06,3423.45947265625,8374602
2024-06-07,3472.561767578125,5879660
2024-06-10,3483.620849609375,3151257
2024-06-11,3537.638671875,2548176
2024-06-12,3568.702392578125,2242274
2024-06-13,3640.807861328125,2965500
2024-06-14,3625.2265625,1746508
2024-06-18,3626.602783203125,1936792
2024-06-19,3529.037109375,2936151
2024-06-20,3561.236572265625,2618715
2024-06-21,3502.336181640625,4508508
2024-06-24,3498.967529296875,2330559
2024-06-25,3554.648193359375,2158039
2024-06-26,3569.658203125,2480187
2024-06-27,3531.46435546875,5519875
2024-06-28,3515.66162109375,3141514
2024-07-01,3493.964111328125,2961120
2024-07-02,3592.990478515625,5087748
2024-07-03,3580.952880859375,1923801
2024-07-04,3540.2822265625,1851947
2024-07-05,3593.634521484375,1635209
2024-07-08,3598.439697265625,1706210
2024-07-09,3632.224853515625,2425176
2024-07-10,3616.322998046875,2231438
2024-07-11,3587.640625,2942924
2024-07-12,3615.629638671875,2001185
2024-07-15,3617.858642578125,943302
2024-07-16,3602.94775390625,2220953
2024-07-18,3622.416015625,3240772
2024-07-19,3585.064453125,2432533
2024-07-22,3617.7099609375,3639057
2024-07-23,3505.35791015625,6957691
2024-07-24,3486.9296875,3184060
2024-07-25,3585.70849609375,4691483
2024-07-26,3645.89697265625,2617659
2024-07-29,3740.06884765625,4159919
2024-07-30,3749.67919921875,1979989
2024-07-31,3779.748779296875,2703636
2024-08-01,3744.378662109375,1998663
2024-08-02,3631.828369140625,2512525
2024-08-05,3495.400634765625,2900685
2024-08-06,3543.1552734375,2125532
2024-08-07,3604.632080078125,1613097
2024-08-08,3520.714599609375,2038088
2024-08-09,3558.85888671875,848232
2024-08-12,3538.944580078125,1965035
2024-08-13,3518.98095703125,1316218
2024-08-14,3512.441650390625,1584372
2024-08-16,3535.3779296875,2808865
2024-08-19,3522.200927734375,1898535
2024-08-20,3539.687744140625,1285569
2024-08-21,3562.822021484375,1714248
2024-08-22,3573.17529296875,1734927
2024-08-23,3565.298828125,1825180
2024-08-26,3608.248291015625,1606911
2024-08-27,3668.486328125,3315435
2024-08-28,3654.962646484375,1278175
2024-08-29,3649.414306640625,2165489
2024-08-30,3670.41845703125,2592912
2024-09-02,3649.067626953125,1277813
2024-09-03,3656.05224609375,1211993
2024-09-04,3617.066162109375,1930121
2024-09-05,3590.662109375,2958770
2024-09-06,3541.71875,3096557
2024-09-09,3545.236083984375,1454589
2024-09-10,3562.9208984375,1203483
2024-09-11,3504.26806640625,1865165
2024-09-12,3588.5322265625,3751523
2024-09-13,3579.615234375,1752455
2024-09-16,3628.41015625,1045964
2024-09-17,3661.0556640625,1289060
2024-09-18,3695.97998046875,2249929
2024-09-19,3649.662109375,1711564
2024-09-20,3758.84375,5401701
2024-09-23,3752.700927734375,1937874
2024-09-24,3756.565185546875,2676546
2024-09-25,3758.79443359375,2113862
2024-09-26,3727.386962890625,2750597
2024-09-27,3671.4091796875,4095425
2024-09-30,3641.58740234375,1837697
2024-10-01,3619.7412109375,1674100
2024-10-03,3465.3310546875,5315877
2024-10-04,3461.665283203125,3445879
2024-10-07,3436.302001953125,2304227
2024-10-08,3499.760009765625,2249452
2024-10-09,3454.878662109375,1645791
2024-10-10,3428.3759765625,2686116
2024-10-11,3450.370849609375,1280465
2024-10-14,3522.200927734375,1974378
2024-10-15,3519.079833984375,1231552
2024-10-16,3499.958251953125,1961835
2024-10-17,3537.31005859375,2968537
2024-10-18,3544.74072265625,2102609
2024-10-21,3552.468505859375,1750549
2024-10-22,3479.449462890625,1363574
2024-10-23,3423.471435546875,2125268
2024-10-24,3410.83935546875,1924421
2024-10-25,3295.66357421875,3236774
2024-10-28,3309.9306640625,2991674
2024-10-29,3349.659912109375,2253467
2024-10-30,3376.8564453125,1785128
2024-10-31,3588.829345703125,7637083
2024-11-01,3592.842041015625,212796
2024-11-04,3541.42138671875,1724189
2024-11-05,3541.768310546875,1251506
2024-11-06,3611.765380859375,1819732
2024-11-07,3612.85546875,1581009
2024-11-08,3626.478271484375,1622142
2024-11-11,3595.319091796875,926127
2024-11-12,3558.16552734375,1116206
2024-11-13,3515.166259765625,1568694
2024-11-14,3493.6669921875,1291765
2024-11-18,3509.419921875,1233217
2024-11-19,3473.5048828125,1826460
2024-11-21,3451.31201171875,1510581
2024-11-22,3570.203125,2534018
2024-11-25,3718.32177734375,4753829
2024-11-26,3668.387451171875,1141534
2024-11-27,3664.5234375,971816
2024-11-28,3632.17529296875,2124283
2024-11-29,3690.38232421875,2094305
2024-12-02,3669.823974609375,1158369
2024-12-03,3752.05712890625,3252670
2024-12-04,3754.880615234375,2510166
2024-12-05,3796.14599609375,2765170
2024-12-06,3830.970947265625,1856562
2024-12-09,3910.826416015625,3332753
2024-12-10,3886.8994140625,2349493
2024-12-11,3880.55859375,1237958
2024-12-12,3824.23388671875,1899867
2024-12-13,3851.08349609375,2300361
2024-12-16,3842.01806640625,918660
2024-12-17,3772.020751953125,1690180
2024-12-18,3723.424072265625,1318341
2024-12-19,3682.010498046875,1856838
2024-12-20,3596.309814453125,2796593
2024-12-23,3606.861328125,1217612
2024-12-24,3606.1181640625,627922
2024-12-26,3595.962890625,1124705
2024-12-27,3574.7607421875,1309122
2024-12-30,3545.8798828125,1591690
2024-12-31,3574.314697265625,1267628
2025-01-01,3633.61181640625,1202029
2025-01-02,3679.186767578125,1882900
2025-01-03,3626.081787109375,1290107
2025-01-06,3569.90576171875,1212012
2025-01-07,3609.635498046875,1453540
2025-01-08,3563.119384765625,1813201
2025-01-09,3495.301513671875,2921681
2025-01-10,3503.475341796875,1794238
2025-01-13,3432.289306640625,2137212
2025-01-14,3430.605224609375,2924491
2025-01-15,3469.04638671875,1155446
2025-01-16,3475.486328125,2305460
2025-01-17,3535.675048828125,1600246
2025-01-20,3559.800048828125,1593334
2025-01-21,3508.3798828125,2576596
2025-01-22,3485.691162109375,1626055
2025-01-23,3470.87939453125,1993204
2025-01-24,3426.24560546875,1206454
2025-01-27,3425.70068359375,1552938
2025-01-28,3382.35498046875,1657689
2025-01-29,3417.82421875,1238704
2025-01-30,3389.33984375,2717740
2025-01-31,3534.4365234375,3995513
2025-02-01,3415.64453125,4752505
2025-02-03,3258.80712890625,6077580
2025-02-04,3407.37158203125,4742516
2025-02-05,3351.938720703125,2670316
2025-02-06,3321.77001953125,2874856
2025-02-07,3306.06640625,1722789
2025-02-10,3297.892578125,1236663
2025-02-11,3209.715087890625,2593537
2025-02-12,3259.2529296875,1632415
2025-02-13,3233.493408203125,2127644
2025-02-14,3207.733642578125,1378340
2025-02-17,3192.079833984375,1966689
2025-02-18,3190.395263671875,2428215
2025-02-19,3245.630126953125,1677978
2025-02-20,3245.53125,1236693
2025-02-21,3284.468017578125,1706850
2025-02-24,3227.598388671875,1512844
2025-02-25,3196.092041015625,2529084
2025-02-27,3179.84375,2572065
2025-02-28,3134.61572265625,2494680
2025-03-03,3167.756591796875,1352460
2025-03-04,3183.311279296875,1442098
2025-03-05,3209.715087890625,1945855
2025-03-06,3229.77783203125,1854837
2025-03-07,3214.718505859375,930240
2025-03-10,3148.337646484375,1777752
2025-03-11,3165.923583984375,1274649
2025-03-12,3164.14013671875,1360149
2025-03-13,3157.848876953125,1414376
2025-03-17,3144.126708984375,2805790
2025-03-18,3144.126708984375,0
2025-03-19,3288.876953125,1616312
2025-03-20,3320.0859375,2434722
2025-03-21,3384.385986328125,3042073
2025-03-24,3449.67724609375,1955564
2025-03-25,3437.54052734375,4235900
2025-03-26,3412.969482421875,2315715
2025-03-27,3469.244873046875,3467864
2025-03-28,3460.03076171875,1348143
2025-04-01,3405.04345703125,1935147
2025-04-02,3388.299560546875,1338839
2025-04-03,3388.547119140625,1200631
2025-04-04,3230.025634765625,2366979
2025-04-07,3040.146484375,4953864
2025-04-08,3131.89111328125,2877816
2025-04-09,3025.92919921875,4451381
2025-04-11,3087.158203125,3979116
2025-04-15,3227.499267578125,2161492
2025-04-16,3197.87548828125,1578260
2025-04-17,3217.29443359375,3209331
2025-04-21,3250.187744140625,1643003
2025-04-22,3227.697509765625,2060322
2025-04-23,3270.498291015625,2381699
2025-04-24,3270.10205078125,1993448
2025-04-25,3241.865478515625,2004819
2025-04-28,3296.55517578125,1689485
2025-04-29,3291.6015625,1843861
2025-04-30,3310.128662109375,1930714
2025-05-02,3304.0849609375,1411889
2025-05-05,3299.428466796875,1947332
2025-05-06,3303.193359375,1695516
2025-05-07,3290.709716796875,2422707
2025-05-08,3293.1865234375,3204333
2025-05-09,3412.07763671875,5637694
2025-05-12,3554.0537109375,3147384
2025-05-13,3534.040283203125,2374439
2025-05-14,3540.084228515625,2440116
2025-05-15,3584.767333984375,3720879
2025-05-16,3571.39208984375,1278520
2025-05-19,3566.93359375,1519244
2025-05-20,3534.8330078125,1532347
2025-05-21,3555.837158203125,1563885
2025-05-22,3518.58447265625,1597159
2025-05-23,3566.63623046875,1119217
2025-05-26,3614.9853515625,1678934
2025-05-27,3606.365966796875,2013954
2025-05-28,3612.607666015625,1293244
2025-05-29,3621.5244140625,1972248
2025-05-30,3641.1416015625,2571304
2025-06-02,3645.60009765625,1954517
2025-06-03,3644.800048828125,2472483
2025-06-04,3626.5,1086783
2025-06-05,3642.60009765625,1466416
2025-06-06,3656.300048828125,1172711
2025-06-09,3678.89990234375,898170
2025-06-10,3679.800048828125,1454535
2025-06-11,3684.800048828125,1265737
2025-06-12,3603.89990234375,2335718
2025-06-13,3587.39990234375,1981445
2025-06-16,3628.699951171875,1322630
2025-06-17,3622.300048828125,930603
2025-06-18,3601.5,743311
2025-06-19,3621.10009765625,1580819
2025-06-20,3662.0,2575277
2025-06-23,3583.699951171875,1867977
2025-06-24,3604.800048828125,2751637
2025-06-25,3619.800048828125,1405262
2025-06-26,3659.60009765625,2578926
2025-06-27,3679.199951171875,2720600
2025-06-30,3669.800048828125,1508882
2025-07-01,3666.699951171875,1054380
2025-07-02,3596.800048828125,1330176
2025-07-03,3582.89990234375,1229034
2025-07-04,3594.60009765625,696402
2025-07-07,3581.39990234375,719539
2025-07-08,3606.39990234375,1513912
2025-07-09,3579.699951171875,1008876
2025-07-10,3574.699951171875,1063910
2025-07-11,3540.60009765625,1439747
2025-07-14,3495.89990234375,1358844
2025-07-15,3494.0,1585193
2025-07-16,3503.800048828125,1266964
2025-07-17,3474.0,2217275
2025-07-18,3464.800048828125,1818696
2025-07-21,3502.800048828125,1521623
2025-07-22,3464.60009765625,2586522
2025-07-23,3484.89990234375,1192261
2025-07-24,3477.5,1083671
2025-07-25,3442.89990234375,1338744
2025-07-28,3422.199951171875,2256080
2025-07-29,3495.60009765625,1241060
2025-07-30,3665.10009765625,8760659
2025-07-31,3636.5,1927627
2025-08-01,3587.300048828125,1205945
2025-08-04,3631.10009765625,1033049
2025-08-05,3652.60009765625,1158433
2025-08-06,3628.39990234375,931383
2025-08-07,3641.60009765625,1211790
2025-08-08,3607.60009765625,1337067
2025-08-11,3668.39990234375,1822410
2025-08-12,3686.10009765625,2280103
2025-08-13,3693.699951171875,1227196
2025-08-14,3677.0,1769702
2025-08-18,3635.10009765625,1950151
2025-08-19,3613.0,1352944
2025-08-20,3592.300048828125,1325096
2025-08-21,3612.60009765625,1624009
2025-08-22,3595.800048828125,1060447
2025-08-25,3603.10009765625,980393
2025-08-26,3541.300048828125,1787363
2025-08-28,3560.10009765625,1695226
2025-08-29,3601.0,1678055
2025-09-01,3598.39990234375,1094155
2025-09-02,3574.89990234375,1230950
2025-09-03,3600.800048828125,1314831
2025-09-04,3592.60009765625,1434998
2025-09-05,3553.60009765625,830812
2025-09-08,3529.60009765625,1039999
2025-09-09,3525.0,1522116
2025-09-10,3550.0,1136732
2025-09-11,3539.699951171875,1177793
2025-09-12,3579.800048828125,1146873
2025-09-15,3586.199951171875,1177076
2025-09-16,3667.800048828125,2928060
2025-09-17,3685.5,1610471
2025-09-18,3686.0,1270148
2025-09-19,3675.39990234375,2227521
2025-09-22,3644.5,839430
2025-09-23,3657.60009765625,1262120
2025-09-24,3673.800048828125,1745130
2025-09-25,3644.39990234375,1999071
2025-09-26,3729.5,5870301
2025-09-29,3688.39990234375,2599630
2025-09-30,3659.0,1676302
2025-10-01,3670.300048828125,2005028
2025-10-03,3733.10009765625,1959124
2025-10-06,3737.0,1581506
2025-10-07,3729.699951171875,1673945
2025-10-08,3729.800048828125,1424633
2025-10-09,3769.199951171875,1827249
2025-10-10,3784.0,1129678
2025-10-13,3769.5,1191248
2025-10-14,3744.300048828125,1364583
2025-10-15,3828.699951171875,2575918
2025-10-16,3861.800048828125,2330283
2025-10-17,3839.39990234375,1337364
2025-10-20,3872.699951171875,1223232
2025-10-21,3888.199951171875,260327
2025-10-23,3918.699951171875,2815778
2025-10-24,3904.89990234375,1146636
2025-10-27,3923.800048828125,1057688
2025-10-28,3972.800048828125,3391806
2025-10-29,3958.10009765625,2563641
2025-10-30,3987.5,4959400
2025-10-31,4030.89990234375,2328183
2025-11-03,3980.5,1154072
2025-11-04,3924.39990234375,2042881
2025-11-06,3881.60009765625,1749063
2025-11-07,3882.5,1577294
2025-11-10,3918.5,1397176
2025-11-11,3955.0,1775462
2025-11-12,3954.60009765625,981350
2025-11-13,4002.5,1834962
2025-11-14,4004.39990234375,1916910
2025-11-17,4027.699951171875,1206133
2025-11-18,3999.60009765625,1748928
2025-11-19,4019.60009765625,923032
2025-11-20,4037.39990234375,1463574
2025-11-21,4024.89990234375,1241149
2025-11-24,4013.300048828125,1584741
2025-11-25,3996.699951171875,1749083
2025-11-26,4062.0,2058237
2025-11-27,4081.300048828125,2225064
2025-11-28,4069.60009765625,1318133
2025-12-01,4073.199951171875,1251770
2025-12-02,4030.5,1490917
2025-12-03,3988.0,1123990
2025-12-04,3983.60009765625,1026968
2025-12-05,4038.199951171875,1073758
2025-12-08,3996.699951171875,1127841
2025-12-09,3997.5,1788464
2025-12-10,3991.300048828125,957277
2025-12-11,4003.89990234375,841371
2025-12-12,4074.10009765625,2207898
2025-12-15,4092.300048828125,1064975
2025-12-16,4063.800048828125,2199214
2025-12-17,4062.39990234375,1087334
2025-12-18,4031.10009765625,1004303
2025-12-19,4073.5,1327935
2025-12-22,4072.39990234375,764774
2025-12-23,4058.800048828125,1867147
2025-12-24,4053.60009765625,1021436
2025-12-26,4047.300048828125,594330
2025-12-29,4038.699951171875,952143
2025-12-30,4052.0,1362208
2025-12-31,4083.5,1160164
2026-01-01,4140.39990234375,1360716
2026-01-02,4163.39990234375,984027
2026-01-05,4150.39990234375,1167460
2026-01-06,4140.60009765625,1205337
2026-01-07,4157.0,1213160
2026-01-08,4028.39990234375,2328813
2026-01-09,4025.199951171875,1718127
2026-01-12,4019.0,1386513
2026-01-13,3887.39990234375,4978634
2026-01-14,3865.800048828125,1914244
2026-01-15,3865.800048828125,0
2026-01-16,3856.39990234375,1807300
2026-01-19,3869.800048828125,1709380
2026-01-20,3810.5,1658119
2026-01-21,3766.5,2537185
2026-01-22,3793.800048828125,1856812
2026-01-23,3743.800048828125,1898703
2026-01-27,3787.800048828125,2162193
2026-01-28,3794.0,2111741
2026-01-29,3932.89990234375,4227139
2026-01-30,3932.300048828125,2208465
2026-02-02,3921.300048828125,3034613
2026-02-03,4038.800048828125,3742190
2026-02-04,4087.10009765625,1403373
2026-02-05,4063.300048828125,1433240
2026-02-06,4068.10009765625,1630836
2026-02-09,4113.60009765625,1830267
2026-02-10,4169.0,1890409
2026-02-11,4170.39990234375,1689489
2026-02-12,4185.89990234375,2006458
2026-02-13,4173.89990234375,2234376
2026-02-16,4201.5,852552
2026-02-17,4279.7998046875,1763048
2026-02-18,4325.89990234375,2042626
2026-02-19,4280.5,2007080
2026-02-20,4380.60009765625,2542442
2026-02-23,4418.10009765625,2122782
