date,adj_close,volume
2015-01-01,559.4362182617188,713338
2015-01-02,553.8284301757812,1279856
2015-01-05,551.0244750976562,1456708
2015-01-06,547.9494018554688,2579114
2015-01-07,553.602294921875,2189814
2015-01-08,559.684814453125,1672412
2015-01-09,559.9561157226562,1532294
2015-01-12,557.6046142578125,897684
2015-01-13,564.7498779296875,1478978
2015-01-14,559.390869140625,2831716
2015-01-15,578.0003051757812,2859036
2015-01-16,589.9844970703125,2131084
2015-01-19,602.466064453125,1362458
2015-01-20,599.3232421875,1838290
2015-01-21,599.2327270507812,1391960
2015-01-22,601.44873046875,1815350
2015-01-23,615.8975219726562,4563196
2015-01-27,598.9613037109375,2382932
2015-01-28,595.275634765625,1659912
2015-01-29,586.4570922851562,2952528
2015-01-30,572.1212768554688,1628740
2015-02-02,561.3128662109375,1455970
2015-02-03,542.319091796875,4694416
2015-02-04,547.6328735351562,1828968
2015-02-05,533.50048828125,4854858
2015-02-06,519.9560546875,4184102
2015-02-09,503.5173645019531,5283110
2015-02-10,515.63720703125,4016676
2015-02-11,512.5620727539062,2159236
2015-02-12,513.0369262695312,2265072
2015-02-13,539.3118286132812,5989004
2015-02-16,547.40673828125,4291626
2015-02-18,555.4337768554688,3603180
2015-02-19,565.2474365234375,2829468
2015-02-20,566.197021484375,1295648
2015-02-23,570.3801879882812,2705104
2015-02-24,569.2269897460938,1833458
2015-02-25,573.025634765625,1399182
2015-02-26,565.1116333007812,4445506
2015-02-27,579.0857543945312,2313528
2015-03-02,578.0230102539062,2758186
2015-03-03,556.9940185546875,2632558
2015-03-04,547.70068359375,2727706
2015-03-05,555.6373901367188,1604900
2015-03-09,545.756103515625,1868972
2015-03-10,555.4566040039062,1823950
2015-03-11,569.9506225585938,1966554
2015-03-12,561.290283203125,1995764
2015-03-13,555.2303466796875,1215886
2015-03-16,551.6124267578125,1130904
2015-03-17,557.2653198242188,5156560
2015-03-18,549.6906127929688,1164304
2015-03-19,546.0274658203125,1550130
2015-03-20,526.98828125,3144054
2015-03-23,536.1234741210938,2470122
2015-03-24,539.0855712890625,2037534
2015-03-25,547.3615112304688,1495138
2015-03-26,543.1783447265625,5380628
2015-03-27,537.480224609375,1580906
2015-03-30,542.8165893554688,1381266
2015-03-31,537.16357421875,1622908
2015-04-01,543.6305541992188,1379942
2015-04-06,561.9686279296875,1813774
2015-04-07,573.817138671875,1322082
2015-04-08,576.2366333007812,1054736
2015-04-09,576.3948974609375,1213928
2015-04-10,581.9122924804688,928554
2015-04-13,564.297607421875,1573142
2015-04-15,546.7056884765625,3648224
2015-04-16,555.5695190429688,2282350
2015-04-17,553.7606201171875,914614
2015-04-20,537.1182861328125,3364204
2015-04-21,538.362060546875,1125000
2015-04-22,548.5372924804688,1662436
2015-04-23,542.1608276367188,1658818
2015-04-24,530.0634765625,4042390
2015-04-27,527.2822875976562,2429722
2015-04-28,534.6310424804688,1349770
2015-04-29,530.3123168945312,1009096
2015-04-30,517.8079833984375,3247284
2015-05-04,543.8114624023438,1616036
2015-05-05,533.2969360351562,1315182
2015-05-06,526.0159912109375,2243846
2015-05-07,529.4530029296875,1957782
2015-05-08,533.7944946289062,954900
2015-05-11,540.0805053710938,707060
2015-05-12,532.32470703125,1630000
2015-05-13,545.8012084960938,2096774
2015-05-14,554.958984375,2122604
2015-05-15,564.8628540039062,1670000
2015-05-18,571.4656372070312,942950
2015-05-19,567.03369140625,1390012
2015-05-20,565.6316528320312,1165122
2015-05-21,564.8177490234375,1292072
2015-05-22,567.8477172851562,1502662
2015-05-25,569.7695922851562,756930
2015-05-26,571.1942749023438,705404
2015-05-27,552.9918212890625,1997572
2015-05-28,541.84423828125,2378236
2015-05-29,568.95556640625,6907312
2015-06-01,568.95556640625,1242246
2015-06-02,553.8057861328125,1425648
2015-06-03,544.8741455078125,1276568
2015-06-04,540.6911010742188,1169336
2015-06-05,545.326416015625,1311658
2015-06-08,545.5752563476562,1142562
2015-06-09,545.0324096679688,962068
2015-06-10,551.95166015625,936760
2015-06-11,537.0731201171875,1028418
2015-06-12,539.4924926757812,1206728
2015-06-15,551.8612060546875,1435222
2015-06-16,557.58203125,1340132
2015-06-17,566.89794921875,2391462
2015-06-18,567.0789184570312,1893300
2015-06-19,590.4142456054688,3766568
2015-06-22,593.3311767578125,1686240
2015-06-23,604.2299194335938,1157398
2015-06-24,588.9669799804688,1481094
2015-06-25,587.8138427734375,2473112
2015-06-26,589.7583618164062,1320310
2015-06-29,580.7363891601562,1287240
2015-06-30,579.92236328125,2502056
2015-07-01,582.4774169921875,1826964
2015-07-02,593.98681640625,1513902
2015-07-03,593.6251220703125,1733252
2015-07-06,597.7402954101562,1210678
2015-07-07,595.9540405273438,1246580
2015-07-08,578.4752197265625,2030192
2015-07-09,571.6238403320312,958292
2015-07-10,565.0889892578125,3604156
2015-07-13,573.2518310546875,1739946
2015-07-14,574.3146362304688,913798
2015-07-15,582.4774169921875,1395890
2015-07-16,582.865478515625,1644288
2015-07-17,591.8809814453125,2085314
2015-07-20,600.0065307617188,1363818
2015-07-21,592.7941284179688,836144
2015-07-22,612.7197265625,1867150
2015-07-23,620.3202514648438,2399756
2015-07-24,606.9907836914062,719700
2015-07-27,600.7139892578125,900076
2015-07-28,599.8239135742188,1242534
2015-07-29,600.5314331054688,1372156
2015-07-30,601.5357055664062,1368146
2015-07-31,622.465576171875,2508732
2015-08-03,610.7340087890625,831716
2015-08-04,622.7852172851562,1124208
2015-08-05,633.0789794921875,1282268
2015-08-06,637.8264770507812,1255418
2015-08-07,634.6539306640625,4958870
2015-08-10,620.6854248046875,1431622
2015-08-11,611.4871826171875,1486050
2015-08-12,593.1593017578125,1515180
2015-08-13,611.510009765625,1535240
2015-08-14,629.107666015625,1466162
2015-08-17,616.73681640625,790168
2015-08-18,623.0819702148438,844484
2015-08-19,623.4015502929688,1065202
2015-08-20,609.296142578125,1406780
2015-08-21,603.5899658203125,1548770
2015-08-24,567.5274658203125,2079760
2015-08-25,571.0424194335938,2133382
2015-08-26,554.8599853515625,2001506
2015-08-27,561.5703735351562,4865668
2015-08-28,563.2822265625,3995432
2015-08-31,557.324951171875,3746160
2015-09-01,537.37646484375,3174664
2015-09-02,517.9072875976562,4493220
2015-09-03,520.6919555664062,2712720
2015-09-04,506.9743957519531,2989644
2015-09-07,507.11151123046875,1389426
2015-09-08,523.0885620117188,2745142
2015-09-09,534.3637084960938,3132170
2015-09-10,534.1354370117188,1425516
2015-09-11,532.4921264648438,1622658
2015-09-14,535.3450927734375,1439596
2015-09-15,525.8274536132812,1468462
2015-09-16,533.154052734375,1953384
2015-09-18,547.4420776367188,5269170
2015-09-21,541.0740356445312,2274848
2015-09-22,542.0326538085938,4025672
2015-09-23,551.5503540039062,3068924
2015-09-24,557.37060546875,4290468
2015-09-28,557.6445922851562,1689472
2015-09-29,570.4717407226562,6506062
2015-09-30,576.9083251953125,5297210
2015-10-01,570.631591796875,2110700
2015-10-05,580.0580444335938,2226118
2015-10-06,577.11376953125,2787718
2015-10-07,587.8867797851562,1427976
2015-10-08,580.9482421875,9205452
2015-10-09,581.267822265625,1427498
2015-10-12,581.9752197265625,1496340
2015-10-13,585.6499633789062,2852984
2015-10-14,588.0009155273438,567184
2015-10-15,581.9524536132812,2148492
2015-10-16,588.34326171875,1478824
2015-10-19,584.8740234375,1646242
2015-10-20,570.9055786132812,3016880
2015-10-21,573.6444702148438,1502156
2015-10-23,569.0794677734375,1629182
2015-10-26,568.4631958007812,1165248
2015-10-27,570.631591796875,1624822
2015-10-28,560.06396484375,3883340
2015-10-29,560.4747924804688,2387748
2015-10-30,540.2979736328125,1933272
2015-11-02,551.8242797851562,2576854
2015-11-03,562.82568359375,1311030
2015-11-04,572.5716552734375,908280
2015-11-05,575.0596313476562,1734508
2015-11-06,570.4032592773438,2328754
2015-11-09,570.1979370117188,1149942
2015-11-10,575.6986694335938,1205674
2015-11-13,571.2478637695312,3279020
2015-11-16,583.3447875976562,4053098
2015-11-17,588.3204345703125,3017600
2015-11-18,583.5274047851562,1383404
2015-11-19,589.8268432617188,921622
2015-11-20,600.39453125,3969672
2015-11-23,604.1605224609375,1826316
2015-11-24,602.3575439453125,2482202
2015-11-26,614.545654296875,1818860
2015-11-27,616.8052368164062,3275350
2015-11-30,623.3329467773438,4884086
2015-12-01,624.8850708007812,2366346
2015-12-02,625.5927124023438,2032040
2015-12-03,614.2945556640625,1129668
2015-12-04,600.4174194335938,1567306
2015-12-07,604.251953125,1126844
2015-12-08,599.9380493164062,1853618
2015-12-09,598.9566040039062,2248652
2015-12-10,589.187744140625,1494658
2015-12-11,576.041015625,1292080
2015-12-14,586.4945068359375,2761612
2015-12-15,588.4346313476562,1552806
2015-12-16,556.0239868164062,6682490
2015-12-17,569.4904174804688,4996832
2015-12-18,567.55029296875,2740974
2015-12-21,583.7783203125,1876456
2015-12-22,573.598876953125,1222278
2015-12-23,571.4533081054688,1002636
2015-12-24,574.1466064453125,693062
2015-12-28,570.3348388671875,1232286
2015-12-29,577.2735595703125,862010
2015-12-30,576.5430908203125,940950
2015-12-31,580.811279296875,1163700
2016-01-01,577.6158447265625,486818
2016-01-04,567.1851196289062,727368
2016-01-05,570.2435302734375,1466066
2016-01-06,559.7216186523438,1178150
2016-01-07,546.6203002929688,1954754
2016-01-08,546.87158203125,3530992
2016-01-11,530.7117919921875,2263750
2016-01-12,539.52197265625,1162522
2016-01-13,550.0897216796875,1652518
2016-01-14,542.5576171875,1620082
2016-01-15,537.37646484375,925828
2016-01-18,532.1041259765625,1228894
2016-01-19,526.101318359375,2012000
2016-01-20,525.3024291992188,2616840
2016-01-21,519.8018188476562,1634526
2016-01-22,547.2823486328125,1505188
2016-01-25,537.8787231445312,1650040
2016-01-27,537.1481323242188,2116716
2016-01-28,549.6787719726562,1347616
2016-01-29,562.9627075195312,2034158
2016-02-01,559.8129272460938,1027972
2016-02-02,550.820068359375,1032894
2016-02-03,549.1538696289062,1042488
2016-02-04,549.8385620117188,887888
2016-02-05,556.6858520507812,1290006
2016-02-08,548.5833129882812,1042654
2016-02-09,540.1154174804688,759394
2016-02-10,539.7046508789062,1233280
2016-02-11,514.2783813476562,1382986
2016-02-12,531.9214477539062,4933968
2016-02-15,560.018310546875,1493674
2016-02-16,550.5462036132812,1198744
2016-02-17,547.9669799804688,1079510
2016-02-18,553.99267578125,1406810
2016-02-19,561.5932006835938,1361338
2016-02-22,564.697265625,1101500
2016-02-23,551.755859375,1709506
2016-02-24,556.275146484375,1284148
2016-02-25,561.0454711914062,2585106
2016-02-26,561.501953125,1777842
2016-02-29,560.6116333007812,3427866
2016-03-01,578.87109375,3171988
2016-03-02,547.3963623046875,4975766
2016-03-03,554.79150390625,2128882
2016-03-04,555.2479248046875,1402812
2016-03-08,556.6403198242188,1459818
2016-03-09,564.0125122070312,1762268
2016-03-10,559.8129272460938,1316558
2016-03-11,557.1423950195312,1353850
2016-03-14,553.2850952148438,1425720
2016-03-15,550.0897216796875,1281014
2016-03-16,553.3079223632812,970990
2016-03-17,547.0768432617188,1315728
2016-03-18,558.0781860351562,1669452
2016-03-21,560.543212890625,986906
2016-03-22,572.0466918945312,1927934
2016-03-23,570.31201171875,1591314
2016-03-28,567.8013916015625,2335552
2016-03-29,562.5061645507812,1942358
2016-03-30,556.800048828125,3656452
2016-03-31,552.6688232421875,5135346
2016-04-01,545.5931396484375,4983622
2016-04-04,568.7371215820312,2898226
2016-04-05,554.951171875,981922
2016-04-06,557.0739135742188,1253168
2016-04-07,553.5590209960938,824062
2016-04-08,562.5061645507812,971094
2016-04-11,564.2178955078125,998468
2016-04-12,566.02099609375,2127960
2016-04-13,608.24609375,5955162
2016-04-18,611.9893798828125,3446600
2016-04-20,605.3245849609375,3542876
2016-04-21,597.3816528320312,1693322
2016-04-22,605.3017578125,1421344
2016-04-25,605.5299682617188,1211802
2016-04-26,618.0149536132812,2435670
2016-04-27,632.1204223632812,1671196
2016-04-28,613.746826171875,3997186
2016-04-29,607.5613403320312,1806098
2016-05-02,610.1177368164062,1204758
2016-05-03,605.2332763671875,1916636
2016-05-04,603.019287109375,1044784
2016-05-05,602.950927734375,1343540
2016-05-06,607.4930419921875,1092306
2016-05-09,616.0748291015625,1891170
2016-05-10,616.2117919921875,1346258
2016-05-11,615.4358520507812,2414330
2016-05-12,609.1363525390625,1287602
2016-05-13,599.2533569335938,1207170
2016-05-16,600.8739013671875,1124564
2016-05-17,612.5826416015625,1869828
2016-05-18,605.3017578125,1679064
2016-05-19,598.477294921875,1311608
2016-05-20,590.2833862304688,1558094
2016-05-23,586.5629272460938,732148
2016-05-24,591.0595092773438,1391044
2016-05-25,598.796875,1755228
2016-05-26,611.28173828125,2812820
2016-05-27,608.8167724609375,1473552
2016-05-30,607.515869140625,4824894
2016-05-31,603.6126708984375,2957786
2016-06-01,608.8395385742188,1890434
2016-06-02,608.6112670898438,1523970
2016-06-03,618.1747436523438,3376508
2016-06-06,625.2503051757812,2434724
2016-06-07,629.0162963867188,3529094
2016-06-08,632.8279418945312,2266562
2016-06-09,626.939208984375,1386668
2016-06-10,628.0576782226562,2835080
2016-06-13,619.6126098632812,2380866
2016-06-14,618.813720703125,1174906
2016-06-15,618.7909545898438,1365592
2016-06-16,613.49560546875,1998934
2016-06-17,613.5186767578125,1931630
2016-06-20,616.6455688476562,2144048
2016-06-21,623.9492797851562,1986504
2016-06-22,620.5940551757812,1218652
2016-06-23,627.5555419921875,1998834
2016-06-24,634.0148315429688,2768948
2016-06-27,635.3387451171875,1746496
2016-06-28,643.007568359375,2010980
2016-06-29,647.1844482421875,2111922
2016-06-30,652.7536010742188,4694178
2016-07-01,667.8861694335938,2329862
2016-07-04,668.9360961914062,1728496
2016-07-05,666.3341674804688,970110
2016-07-07,665.01025390625,1597782
2016-07-08,663.48095703125,1428498
2016-07-11,671.926025390625,1316600
2016-07-12,673.3868408203125,940948
2016-07-13,668.50244140625,1505342
2016-07-14,660.65087890625,1832622
2016-07-15,668.6622314453125,2521152
2016-07-18,670.4423828125,1474504
2016-07-19,664.9189453125,1392118
2016-07-20,667.1101684570312,1445068
2016-07-21,660.413330078125,2491952
2016-07-22,663.0367431640625,2033726
2016-07-25,673.6689453125,1919612
2016-07-26,666.9030151367188,2004548
2016-07-27,669.1353149414062,1342568
2016-07-28,668.5369262695312,3059592
2016-07-29,675.0957641601562,3784502
2016-08-01,676.66064453125,2556022
2016-08-02,671.0453491210938,1498848
2016-08-03,665.7753295898438,1345026
2016-08-04,660.8045043945312,1361794
2016-08-05,683.0354614257812,1870776
2016-08-08,689.4100341796875,3560014
2016-08-09,681.5394897460938,1546836
2016-08-10,666.9951171875,6602056
2016-08-11,654.3147583007812,3344252
2016-08-12,667.7774658203125,3848548
2016-08-16,664.4635620117188,3017988
2016-08-17,667.616455078125,1181104
2016-08-18,672.1040649414062,1371966
2016-08-19,671.505615234375,1527874
2016-08-22,664.4176635742188,1207950
2016-08-23,664.0264282226562,900824
2016-08-24,660.413330078125,1003038
2016-08-25,650.74755859375,1965574
2016-08-26,655.810546875,1336100
2016-08-29,654.6829833984375,1113022
2016-08-30,660.9425048828125,2720064
2016-08-31,661.2186279296875,2587538
2016-09-01,669.0203247070312,2331330
2016-09-02,678.2485961914062,2816632
2016-09-06,685.7279663085938,2300042
2016-09-07,685.2214965820312,1940376
2016-09-08,686.763427734375,1721426
2016-09-09,677.7192993164062,1298158
2016-09-12,656.31689453125,1374956
2016-09-14,649.6891479492188,2284122
2016-09-15,647.2496337890625,1365672
2016-09-16,647.4337768554688,1548846
2016-09-19,652.1975708007812,1107456
2016-09-20,648.9065551757812,1226474
2016-09-21,647.548828125,2095174
2016-09-22,650.6326293945312,1936070
2016-09-23,649.0216674804688,1472766
2016-09-26,635.259765625,1781186
2016-09-27,631.347412109375,1958762
2016-09-28,633.6718139648438,2085302
2016-09-29,627.9874877929688,5270206
2016-09-30,646.9965209960938,2137750
2016-10-03,664.5557250976562,3603220
2016-10-04,651.4380493164062,3167876
2016-10-05,644.0048217773438,2300598
2016-10-06,631.8997192382812,2127622
2016-10-07,632.4060668945312,1374730
2016-10-10,633.7409057617188,729386
2016-10-13,630.4498901367188,1654226
2016-10-14,624.62744140625,1595846
2016-10-17,604.3759155273438,1865522
2016-10-18,613.6962280273438,1576968
2016-10-19,611.187744140625,2310602
2016-10-20,610.9577026367188,1040256
2016-10-21,610.658447265625,812896
2016-10-24,616.411865234375,1778610
2016-10-25,600.1414184570312,2905508
2016-10-26,602.4656372070312,1250544
2016-10-27,598.2312622070312,1908564
2016-10-28,603.7774658203125,1498016
2016-11-01,610.4743041992188,1854896
2016-11-02,630.2427368164062,6050492
2016-11-03,626.399658203125,2224808
2016-11-04,631.6466064453125,3198050
2016-11-07,634.2239990234375,2123570
2016-11-08,637.284912109375,884762
2016-11-09,613.6962280273438,3743020
2016-11-10,608.1499633789062,2512840
2016-11-11,570.8223876953125,4555506
2016-11-15,569.9479370117188,4130936
2016-11-16,569.5106201171875,2696932
2016-11-17,561.364013671875,1058432
2016-11-18,570.6613159179688,1094450
2016-11-21,552.04345703125,1510636
2016-11-22,561.1107788085938,1287998
2016-11-23,548.5455322265625,1161412
2016-11-24,535.6119995117188,3266868
2016-11-25,539.8925170898438,1527176
2016-11-28,535.0597534179688,1327884
2016-11-29,545.806884765625,2076356
2016-11-30,545.4617309570312,1876180
2016-12-01,533.955078125,1331604
2016-12-02,527.2581787109375,2193510
2016-12-05,543.7127685546875,1325654
2016-12-06,540.9971923828125,1087404
2016-12-07,544.0348510742188,1875400
2016-12-08,556.5540771484375,1803138
2016-12-09,546.9575805664062,1954666
2016-12-12,536.4865112304688,1082646
2016-12-13,537.3150024414062,1501832
2016-12-14,540.3297119140625,1104776
2016-12-15,546.129150390625,1923330
2016-12-16,543.57470703125,1602460
2016-12-19,541.756591796875,1482614
2016-12-20,542.469970703125,1064722
2016-12-21,547.9241943359375,1676032
2016-12-22,544.771240234375,1711402
2016-12-23,539.248046875,1540542
2016-12-26,528.7079467773438,2124360
2016-12-27,537.2459716796875,1161856
2016-12-28,540.3987426757812,2138830
2016-12-29,540.7901000976562,1667556
2016-12-30,545.277587890625,1023018
2017-01-02,566.03564453125,2106528
2017-01-03,562.6986694335938,1553022
2017-01-04,562.4224853515625,1130816
2017-01-05,564.907958984375,2508486
2017-01-06,561.7321166992188,2254066
2017-01-09,554.1607666015625,1042782
2017-01-10,558.5333251953125,558120
2017-01-11,567.0482177734375,1411696
2017-01-12,558.4872436523438,655710
2017-01-13,560.535400390625,787588
2017-01-16,557.3826293945312,980302
2017-01-17,554.3678588867188,957954
2017-01-18,559.03955078125,1958376
2017-01-19,557.2906494140625,787858
2017-01-20,548.6605834960938,1537666
2017-01-23,547.2107543945312,1086802
2017-01-24,561.84716796875,1587220
2017-01-25,572.4794921875,3701216
2017-01-27,576.115478515625,1632060
2017-01-30,573.3078002929688,880280
2017-01-31,570.7763671875,1846324
2017-02-01,599.4510498046875,3047124
2017-02-02,582.2139892578125,2895658
2017-02-03,580.2578735351562,2265052
2017-02-06,582.6512451171875,1710456
2017-02-07,579.4524536132812,2674292
2017-02-08,587.8983154296875,1681180
2017-02-09,594.5260620117188,1524034
2017-02-10,588.0593872070312,3535424
2017-02-13,597.7249755859375,1752192
2017-02-14,599.1978149414062,1834652
2017-02-15,598.737548828125,2093830
2017-02-16,607.4826049804688,1932262
2017-02-17,606.2399291992188,1750224
2017-02-20,605.6875610351562,940842
2017-02-21,603.7084350585938,1125370
2017-02-22,603.501220703125,1207634
2017-02-23,600.5786743164062,4754094
2017-02-27,595.5157470703125,1495124
2017-02-28,603.9385986328125,1350030
2017-03-01,620.7842407226562,5875460
2017-03-02,609.85302734375,1599896
2017-03-03,608.4952392578125,714316
2017-03-06,612.0623168945312,2634892
2017-03-07,607.6666870117188,1357652
2017-03-08,599.9802856445312,1755722
2017-03-09,600.1644897460938,1947556
2017-03-10,599.6121215820312,921202
2017-03-14,610.313232421875,1826798
2017-03-15,609.1856689453125,2281418
2017-03-16,607.9660034179688,1868436
2017-03-17,600.1183471679688,2367164
2017-03-20,598.4383544921875,1482690
2017-03-21,595.7688598632812,7791312
2017-03-22,584.9295654296875,2647756
2017-03-23,586.632568359375,1991010
2017-03-24,587.2078857421875,1450556
2017-03-27,582.582275390625,2196248
2017-03-28,587.7601318359375,1746870
2017-03-29,584.8375244140625,2308496
2017-03-30,589.0719604492188,8849392
2017-03-31,592.31689453125,2188282
2017-04-03,592.1328125,1935486
2017-04-05,594.0888671875,3975030
2017-04-06,593.2374267578125,1084388
2017-04-07,587.0928344726562,1710604
2017-04-10,589.5092163085938,1087208
2017-04-11,589.8544921875,1414324
2017-04-12,589.1179809570312,1663874
2017-04-13,589.3711547851562,1104418
2017-04-17,584.2391357421875,2118848
2017-04-18,581.385498046875,1951614
2017-04-19,579.6824951171875,1718390
2017-04-20,585.3207397460938,1324892
2017-04-21,579.1072387695312,1331830
2017-04-24,582.0529174804688,1137378
2017-04-25,601.7752685546875,11584768
2017-04-26,622.6253662109375,5752818
2017-04-27,615.4682006835938,2318584
2017-04-28,614.7088623046875,1052588
2017-05-02,617.1942138671875,1634378
2017-05-03,620.7383422851562,1811584
2017-05-04,614.4097290039062,1479754
2017-05-05,608.126953125,1791334
2017-05-08,613.6962280273438,1159430
2017-05-09,618.4370727539062,1183118
2017-05-10,633.5106201171875,2141724
2017-05-11,633.3956909179688,3489420
2017-05-12,629.5755004882812,3499498
2017-05-15,633.1655883789062,1116380
2017-05-16,628.885009765625,1032024
2017-05-17,634.6153564453125,1841768
2017-05-18,622.67138671875,2435692
2017-05-19,613.7192993164062,1953484
2017-05-22,601.2230224609375,873594
2017-05-23,612.9598388671875,1560364
2017-05-24,602.3275756835938,1251366
2017-05-25,611.0037231445312,2913396
2017-05-26,617.1481323242188,670446
2017-05-29,625.9854125976562,2117528
2017-05-30,626.4686279296875,4447770
2017-05-31,652.1744384765625,7883572
2017-06-01,655.9947509765625,3424678
2017-06-02,652.887939453125,2884778
2017-06-05,655.2811889648438,2303902
2017-06-06,649.6429443359375,1607632
2017-06-07,659.0554809570312,3809378
2017-06-08,652.4276733398438,1698402
2017-06-09,656.6619873046875,1817262
2017-06-12,655.2122802734375,3822974
2017-06-13,652.4966430664062,1966036
2017-06-14,646.766357421875,1884770
2017-06-15,638.688720703125,3134784
2017-06-16,638.527587890625,3300750
2017-06-19,638.96484375,2225100
2017-06-20,639.5172119140625,1879408
2017-06-21,638.4585571289062,2989436
2017-06-22,642.6699829101562,2256732
2017-06-23,633.4186401367188,2441604
2017-06-27,630.7031860351562,3336218
2017-06-28,624.144287109375,1655834
2017-06-29,623.9601440429688,1873788
2017-06-30,620.71533203125,1909516
2017-07-03,628.930908203125,2047918
2017-07-04,623.7300415039062,860360
2017-07-05,637.468994140625,2433212
2017-07-06,633.3495483398438,1561776
2017-07-07,633.3265991210938,1316700
2017-07-10,629.3682250976562,866646
2017-07-11,639.8394165039062,4146842
2017-07-12,633.648681640625,1472052
2017-07-13,636.7620239257812,1589676
2017-07-14,639.155029296875,1307346
2017-07-17,643.3599853515625,2626156
2017-07-18,641.2922973632812,1645736
2017-07-19,642.3378295898438,3795788
2017-07-20,647.47216796875,1804436
2017-07-21,644.0338745117188,1401986
2017-07-24,645.3812866210938,1161322
2017-07-25,645.7761840820312,1441876
2017-07-26,656.78857421875,2535586
2017-07-27,649.6792602539062,3867130
2017-07-28,646.8914184570312,803316
2017-07-31,652.0491333007812,1021808
2017-08-01,664.1068115234375,3883480
2017-08-02,657.2996826171875,952938
2017-08-03,658.1825561523438,1126038
2017-08-04,658.9027099609375,4474648
2017-08-07,650.8641357421875,2987954
2017-08-08,650.5157470703125,1705654
2017-08-09,646.9379272460938,1542222
2017-08-10,644.4984741210938,1632346
2017-08-11,626.376953125,2253020
2017-08-14,629.9548950195312,1370684
2017-08-16,637.1336059570312,1489816
2017-08-17,635.18212890625,1223074
2017-08-18,636.5761108398438,1357710
2017-08-21,640.5953369140625,1405084
2017-08-22,638.7366943359375,584698
2017-08-23,638.527587890625,1578484
2017-08-24,638.9691162109375,1580092
2017-08-28,637.9932861328125,2070446
2017-08-29,639.8053588867188,1075712
2017-08-30,631.0699462890625,2110352
2017-08-31,624.8668212890625,3116004
2017-09-01,626.1678466796875,2174602
2017-09-04,617.2000122070312,814606
2017-09-05,615.504150390625,1547776
2017-09-06,611.7402954101562,1298532
2017-09-07,622.61328125,2328682
2017-09-08,601.9129028320312,3938974
2017-09-11,594.85009765625,3330838
2017-09-12,604.3987426757812,2122904
2017-09-13,607.4655151367188,4776058
2017-09-14,599.7523193359375,1431844
2017-09-15,601.3785400390625,1680374
2017-09-18,601.7269287109375,1302442
2017-09-19,601.61083984375,975052
2017-09-20,600.5421752929688,1676474
2017-09-21,600.0774536132812,970210
2017-09-22,598.0794677734375,1716992
2017-09-25,585.4641723632812,2290416
2017-09-26,579.493408203125,1314494
2017-09-27,572.4537963867188,1420550
2017-09-28,571.7800903320312,3082168
2017-09-29,582.7924194335938,2433430
2017-10-03,587.4622192382812,3570708
2017-10-04,598.8229370117188,2356486
2017-10-05,604.3987426757812,4212796
2017-10-06,605.4442749023438,1825894
2017-10-09,606.3038330078125,835364
2017-10-10,606.4199829101562,1387442
2017-10-11,613.0877685546875,3285560
2017-10-12,621.7769165039062,1648332
2017-10-13,615.8060302734375,1083280
2017-10-16,635.925537109375,2340580
2017-10-17,638.132568359375,2047488
2017-10-18,636.8317260742188,1196844
2017-10-19,639.247802734375,350390
2017-10-23,635.205322265625,1199328
2017-10-24,627.5850830078125,781906
2017-10-25,634.11328125,1328304
2017-10-26,637.9468383789062,3304178
2017-10-27,644.8004760742188,1549084
2017-10-30,638.7832641601562,1126068
2017-10-31,624.8668212890625,1599456
2017-11-01,627.6314697265625,3930716
2017-11-02,620.4758911132812,1740658
2017-11-03,618.33837890625,2168762
2017-11-06,634.7872314453125,5150692
2017-11-07,629.0254516601562,4427324
2017-11-08,635.18212890625,1371018
2017-11-09,632.53369140625,968514
2017-11-10,647.2398681640625,5939800
2017-11-13,655.7198486328125,6476230
2017-11-14,664.26953125,3592110
2017-11-15,657.6016845703125,1994072
2017-11-16,656.99755859375,1744892
2017-11-17,658.2986450195312,2896880
2017-11-20,654.2329711914062,2529602
2017-11-21,657.9501342773438,1707526
2017-11-22,664.2230834960938,2879234
2017-11-23,659.1815795898438,980022
2017-11-24,666.3604125976562,1933116
2017-11-27,664.919921875,1735164
2017-11-28,666.7786254882812,1487160
2017-11-29,666.03515625,1383574
2017-11-30,653.5592041015625,5367350
2017-12-01,654.8834228515625,2154686
2017-12-04,650.9804077148438,2925628
2017-12-05,645.0327758789062,2599242
2017-12-06,635.3912353515625,2369644
2017-12-07,641.0136108398438,3113720
2017-12-08,645.0095825195312,2399392
2017-12-11,658.99560546875,2646642
2017-12-12,659.4138793945312,2812240
2017-12-13,656.323974609375,3787148
2017-12-14,665.1987915039062,5505930
2017-12-15,689.2678833007812,7105514
2017-12-18,706.9479370117188,8530702
2017-12-19,723.1411743164062,11347974
2017-12-20,716.3804321289062,9660028
2017-12-21,689.7324829101562,6803736
2017-12-22,693.4498291015625,2338232
2017-12-26,689.1285400390625,3887128
2017-12-27,693.9608764648438,2523905
2017-12-28,696.9346313476562,5643656
2017-12-29,698.0032958984375,2055582
2018-01-01,692.0093994140625,2476302
2018-01-02,699.67626953125,3020597
2018-01-03,701.5347900390625,2256643
2018-01-04,702.5569458007812,1663380
2018-01-05,702.8822021484375,1255982
2018-01-08,706.1813354492188,2309604
2018-01-09,708.5510864257812,1947163
2018-01-10,706.1348266601562,1275821
2018-01-11,712.4541625976562,2291617
2018-01-12,713.243896484375,1363265
2018-01-15,705.5307006835938,2127778
2018-01-16,693.9143676757812,1611817
2018-01-17,692.6597900390625,1940533
2018-01-18,705.5772094726562,2810014
2018-01-19,711.29248046875,2005133
2018-01-22,705.9024658203125,934811
2018-01-23,714.6843872070312,2775928
2018-01-24,701.9993896484375,2080315
2018-01-25,704.2296142578125,2878048
2018-01-29,710.316650390625,2074165
2018-01-30,710.8278198242188,1648188
2018-01-31,709.1085815429688,2242045
2018-02-01,742.284912109375,6896060
2018-02-02,715.7994995117188,3783976
2018-02-05,706.7388305664062,2018332
2018-02-06,698.65380859375,5626253
2018-02-07,694.2860717773438,1909559
2018-02-08,699.0255126953125,3024010
2018-02-09,697.0274658203125,2214895
2018-02-12,693.2639770507812,2662221
2018-02-14,694.1466674804688,1207191
2018-02-15,696.3771362304688,1652980
2018-02-16,691.1729736328125,1042980
2018-02-19,673.4231567382812,1185926
2018-02-20,658.8795166015625,2981323
2018-02-21,658.3218994140625,2290218
2018-02-22,670.9140625,3325355
2018-02-23,667.8473510742188,1648932
2018-02-26,683.4132690429688,1525511
2018-02-27,687.5020751953125,1429191
2018-02-28,676.8616333007812,1814444
2018-03-01,680.7646484375,1831321
2018-03-05,687.3162841796875,2170367
2018-03-06,669.009033203125,1763292
2018-03-07,657.7643432617188,2343794
2018-03-08,675.2817993164062,2500680
2018-03-09,677.0009765625,2191343
2018-03-12,684.9931030273438,1867680
2018-03-13,681.1829223632812,1823994
2018-03-14,676.7223510742188,1366237
2018-03-15,682.902099609375,1249262
2018-03-16,688.3850708007812,4929069
2018-03-19,690.197265625,2081202
2018-03-20,688.57080078125,1248986
2018-03-21,692.6597900390625,2788242
2018-03-22,679.1848754882812,1877037
2018-03-23,681.0899658203125,2276332
2018-03-26,693.728515625,1890961
2018-03-27,692.2416381835938,2422064
2018-03-28,686.6658325195312,3301815
2018-04-02,695.1690063476562,3567965
2018-04-03,715.6602783203125,2500384
2018-04-04,703.0680541992188,3295198
2018-04-05,719.8421020507812,2224647
2018-04-06,717.3794555664062,1194886
2018-04-09,730.6220703125,1813902
2018-04-10,722.6300659179688,2193150
2018-04-11,733.2241821289062,1448946
2018-04-12,732.1553344726562,1146053
2018-04-13,733.7816772460938,2183881
2018-04-16,744.7940673828125,2896629
2018-04-17,752.1355590820312,4339790
2018-04-18,741.86669921875,1503151
2018-04-19,745.2122192382812,2590266
2018-04-20,742.9818115234375,2561105
2018-04-23,766.0287475585938,2751312
2018-04-24,779.2713012695312,2872669
2018-04-25,793.48974609375,3602302
2018-04-26,797.48583984375,5461957
2018-04-27,801.7141723632812,1087577
2018-04-30,811.5648803710938,1137366
2018-05-02,802.13232421875,1341643
2018-05-03,803.9445190429688,2126154
2018-05-04,793.907958984375,961238
2018-05-07,822.9952392578125,1916654
2018-05-08,804.1302490234375,1834833
2018-05-09,799.2979125976562,1630905
2018-05-10,795.9525146484375,1369399
2018-05-11,807.6616821289062,1304682
2018-05-14,792.3746948242188,1492933
2018-05-15,787.1704711914062,2060487
2018-05-16,792.792724609375,1559853
2018-05-17,788.9826049804688,1065979
2018-05-18,776.9015502929688,1983383
2018-05-21,767.56201171875,1670673
2018-05-22,771.51171875,1937535
2018-05-23,772.9985961914062,1315364
2018-05-24,783.4532470703125,1394760
2018-05-25,797.067626953125,2069467
2018-05-28,789.8655395507812,3096495
2018-05-29,808.7304077148438,4666224
2018-05-30,834.4722290039062,8212884
2018-05-31,857.7050170898438,9417129
2018-06-01,837.8642578125,3431462
2018-06-04,849.852294921875,3364222
2018-06-05,837.58544921875,1836194
2018-06-06,849.6663818359375,2102493
2018-06-07,855.2423095703125,2668799
2018-06-08,847.2039184570312,1335422
2018-06-11,852.0361938476562,1747134
2018-06-12,852.7330932617188,2032546
2018-06-13,852.7797241210938,1353228
2018-06-14,856.8685302734375,1385264
2018-06-15,845.1592407226562,2619109
2018-06-18,849.2947387695312,1496081
2018-06-19,828.3853149414062,1878313
2018-06-20,840.4663696289062,2671370
2018-06-21,821.1366577148438,4202520
2018-06-22,843.9976806640625,4589148
2018-06-25,841.5814819335938,2984963
2018-06-26,834.518798828125,2106484
2018-06-27,829.5469360351562,2168303
2018-06-28,843.5795288085938,4493297
2018-06-29,834.2399291992188,2441612
2018-07-02,823.9710693359375,2180118
2018-07-03,830.9873657226562,1406654
2018-07-04,836.4702758789062,1457165
2018-07-05,847.8541870117188,1935437
2018-07-06,859.5636596679688,2998570
2018-07-09,866.8120727539062,2472960
2018-07-10,864.7676391601562,1617650
2018-07-11,865.1858520507812,2732003
2018-07-12,857.9721069335938,2173358
2018-07-13,849.4468383789062,2296504
2018-07-16,843.4976196289062,1901810
2018-07-17,864.2022705078125,1791101
2018-07-18,845.465087890625,1442856
2018-07-19,855.348876953125,2040980
2018-07-20,852.3041381835938,1667834
2018-07-23,852.9131469726562,1179253
2018-07-24,862.2816162109375,1982289
2018-07-25,852.632080078125,1433236
2018-07-26,855.9110107421875,2785063
2018-07-27,852.3978271484375,1658854
2018-07-30,874.3202514648438,2458481
2018-07-31,876.849853515625,2011316
2018-08-01,871.041259765625,2000884
2018-08-02,853.7562866210938,1652795
2018-08-03,862.5159301757812,1575164
2018-08-06,873.5239868164062,1702042
2018-08-07,868.46484375,5202007
2018-08-08,869.6828002929688,2056171
2018-08-09,874.2734985351562,2452570
2018-08-10,886.21826171875,3163115
2018-08-13,894.2283935546875,4285645
2018-08-14,890.4341430664062,1801054
2018-08-16,891.1836547851562,1832039
2018-08-17,900.786376953125,2246030
2018-08-20,908.3280639648438,1877608
2018-08-21,897.3200073242188,1557070
2018-08-23,902.285400390625,1978510
2018-08-24,907.156982421875,1634893
2018-08-27,914.7924194335938,1635797
2018-08-28,918.5867309570312,1460036
2018-08-29,921.7251586914062,1795568
2018-08-30,920.8820190429688,1831626
2018-08-31,904.3465576171875,2243187
2018-09-03,887.9514770507812,2189450
2018-09-04,872.9149169921875,2067396
2018-09-05,870.7133178710938,2133045
2018-09-06,875.9129028320312,2144816
2018-09-07,912.216064453125,3132025
2018-09-10,878.1613159179688,2151834
2018-09-11,883.59521484375,3909701
2018-09-12,878.9108276367188,2787531
2018-09-14,891.7926635742188,2803861
2018-09-17,890.8088989257812,1978897
2018-09-18,886.7803955078125,2227889
2018-09-19,888.9820556640625,2083160
2018-09-21,899.2874755859375,4633394
2018-09-24,839.46923828125,4569708
2018-09-25,836.61181640625,4269089
2018-09-26,836.9396362304688,2357565
2018-09-27,822.0437622070312,2588148
2018-09-28,806.5856323242188,4188699
2018-10-01,794.0785522460938,3060818
2018-10-03,741.6146240234375,6680994
2018-10-04,744.5189208984375,5036305
2018-10-05,720.95703125,5157618
2018-10-08,725.92236328125,3874262
2018-10-09,716.5069580078125,2933355
2018-10-10,715.8511352539062,7578601
2018-10-11,684.0448608398438,6199047
2018-10-12,719.9732666015625,4477653
2018-10-15,701.7046508789062,5282462
2018-10-16,728.5924072265625,4357854
2018-10-17,711.447998046875,2634539
2018-10-19,694.3970947265625,2985488
2018-10-22,687.4175415039062,1842855
2018-10-23,683.8575439453125,2967082
2018-10-24,689.759765625,3729119
2018-10-25,687.4175415039062,3966709
2018-10-26,682.2181396484375,1813847
2018-10-29,702.173095703125,1954444
2018-10-30,699.1751098632812,2756355
2018-10-31,717.5843505859375,3093083
2018-11-01,708.3094482421875,4171044
2018-11-02,734.0729370117188,4117317
2018-11-05,726.4845581054688,2168486
2018-11-06,729.2482299804688,1839552
2018-11-07,742.8326416015625,731279
2018-11-09,745.0341796875,3085813
2018-11-12,731.59033203125,2101138
2018-11-13,740.1624755859375,3010295
2018-11-14,721.00390625,4237768
2018-11-15,718.0995483398438,4315301
2018-11-16,719.1300048828125,2373384
2018-11-19,732.0119018554688,2681651
2018-11-20,733.1830444335938,2902880
2018-11-21,720.5354614257812,1851514
2018-11-22,698.9877319335938,2578750
2018-11-26,700.6741943359375,2676798
2018-11-27,704.2810668945312,2179714
2018-11-28,701.142578125,2007876
2018-11-29,724.3765869140625,5038807
2018-11-30,740.9589233398438,5214780
2018-12-03,712.9937744140625,5839713
2018-12-04,693.5540771484375,7101096
2018-12-05,672.7089233398438,4837874
2018-12-06,666.0573120117188,3970063
2018-12-07,675.5662841796875,2716587
2018-12-10,665.6824951171875,3150111
2018-12-11,676.7373657226562,4383980
2018-12-12,703.3909301757812,3460143
2018-12-13,711.2605590820312,3510371
2018-12-14,709.4337158203125,1760631
2018-12-17,708.5905151367188,2022203
2018-12-18,722.2686767578125,3600834
2018-12-19,733.2298583984375,3361238
2018-12-20,745.2216186523438,2707144
2018-12-21,731.8245849609375,6125095
2018-12-24,738.8509521484375,2034516
2018-12-26,737.9609375,1683700
2018-12-27,745.4089965820312,3156130
2018-12-28,752.8101196289062,1820270
2018-12-31,753.0911254882812,2232551
2019-01-01,724.51708984375,3442903
2019-01-02,694.8656616210938,10596260
2019-01-03,672.9432373046875,11084172
2019-01-04,679.7821655273438,5919404
2019-01-07,683.4828491210938,2792255
2019-01-08,677.72119140625,4764487
2019-01-09,680.4380493164062,2569424
2019-01-10,686.90234375,2550750
2019-01-11,681.93701171875,2215240
2019-01-14,678.7984619140625,1713221
2019-01-15,681.0001220703125,2138402
2019-01-16,680.3912353515625,1288969
2019-01-17,688.2608032226562,3318440
2019-01-18,688.5418701171875,1601885
2019-01-21,684.1854858398438,1341152
2019-01-22,663.7620239257812,5097285
2019-01-23,651.9107055664062,4714919
2019-01-24,653.269287109375,3891245
2019-01-25,640.3405151367188,3421228
2019-01-28,630.5504760742188,5762442
2019-01-29,627.365234375,4860919
2019-01-30,635.796875,2738163
2019-01-31,637.1084594726562,3496189
2019-02-01,644.9312744140625,8005192
2019-02-04,631.862060546875,2652101
2019-02-05,641.6522216796875,3550741
2019-02-06,651.2081298828125,2221744
2019-02-07,656.6419067382812,2710457
2019-02-08,639.0289306640625,10858152
2019-02-11,606.6607055664062,7931599
2019-02-12,607.7380981445312,3357448
2019-02-14,594.3411254882812,3530468
2019-02-15,587.923583984375,5765467
2019-02-18,585.2536010742188,4750172
2019-02-19,592.6546630859375,3526711
2019-02-20,593.544677734375,2369483
2019-02-21,594.153564453125,2813880
2019-02-22,605.7706298828125,4053346
2019-02-25,609.6117553710938,1863303
2019-02-26,610.173828125,3862642
2019-02-27,614.7176513671875,3193418
2019-02-28,605.1148071289062,3955320
2019-03-01,608.6748657226562,3957539
2019-03-05,615.27978515625,6039244
2019-03-06,617.2939453125,7495708
2019-03-07,629.3793334960938,8703088
2019-03-08,627.8336791992188,3877059
2019-03-11,638.0453491210938,4027884
2019-03-12,644.4628295898438,3876498
2019-03-13,640.9965209960938,1808059
2019-03-14,642.5890502929688,1901877
2019-03-15,650.73974609375,5208071
2019-03-18,640.9965209960938,2600716
2019-03-19,645.8680419921875,2331409
2019-03-20,635.75,2369729
2019-03-22,635.9373779296875,2770303
2019-03-25,622.6340942382812,2337486
2019-03-26,627.3182373046875,2434715
2019-03-27,618.371337890625,2426853
2019-03-28,614.5303344726562,3910004
2019-04-01,619.167724609375,5458057
2019-04-02,626.3814697265625,3802792
2019-04-03,616.8724365234375,2745080
2019-04-04,612.094482421875,3684739
2019-04-05,616.6381225585938,2694077
2019-04-08,624.8825073242188,3413270
2019-04-09,625.6788330078125,2401571
2019-04-10,627.9273071289062,2499060
2019-04-11,630.2693481445312,4863931
2019-04-12,635.375244140625,3302657
2019-04-15,640.0596313476562,2408677
2019-04-16,644.6500854492188,3002929
2019-04-18,641.4180297851562,2996875
2019-04-22,630.8784790039062,1483513
2019-04-23,623.71142578125,3248237
2019-04-24,625.9598999023438,2247998
2019-04-25,623.1493530273438,3169504
2019-04-26,617.8092651367188,3632433
2019-04-30,604.552734375,5042085
2019-05-02,605.1148071289062,3007579
2019-05-03,605.0211181640625,2330580
2019-05-06,598.1821899414062,1498420
2019-05-07,595.8400268554688,3160875
2019-05-08,582.3961181640625,3853705
2019-05-09,585.9561767578125,1366143
2019-05-10,589.0477294921875,2093110
2019-05-13,578.6019287109375,1463136
2019-05-14,575.4633178710938,2756314
2019-05-15,571.15380859375,2805369
2019-05-16,567.03173828125,1940170
2019-05-17,580.5223999023438,2599966
2019-05-20,612.000732421875,4938702
2019-05-21,598.7910766601562,2150188
2019-05-22,600.1026611328125,1458607
2019-05-23,599.1189575195312,3161573
2019-05-24,623.430419921875,3165620
2019-05-27,636.45263671875,2987573
2019-05-28,628.2081909179688,5411769
2019-05-29,629.7073364257812,5418102
2019-05-30,619.9171142578125,5394745
2019-05-31,606.1921997070312,4226041
2019-06-03,612.1412963867188,4170532
2019-06-04,609.6585083007812,1640476
2019-06-06,594.0598754882812,3846513
2019-06-07,603.3816528320312,2173168
2019-06-10,606.0985717773438,2306052
2019-06-11,596.6363525390625,2274832
2019-06-12,592.2799682617188,1734002
2019-06-13,600.5711669921875,2141936
2019-06-14,597.0110473632812,1338649
2019-06-17,585.5813598632812,2647789
2019-06-18,586.3778076171875,2252507
2019-06-19,576.306640625,2316163
2019-06-20,587.548828125,2283701
2019-06-21,587.8298950195312,2713987
2019-06-24,594.7625122070312,2166403
2019-06-25,601.1332397460938,3352119
2019-06-26,602.8663330078125,2124949
2019-06-27,616.3571166992188,3744033
2019-06-28,613.9681396484375,3503838
2019-07-01,618.3245849609375,3547891
2019-07-02,624.1798706054688,2275170
2019-07-03,626.9904174804688,2615478
2019-07-04,629.7073364257812,1777421
2019-07-05,601.5079956054688,3039710
2019-07-08,595.6994018554688,3903971
2019-07-09,592.7483520507812,1260744
2019-07-10,582.3961181640625,2081711
2019-07-11,594.1068115234375,1399434
2019-07-12,591.9988403320312,1806912
2019-07-15,591.9520263671875,2223638
2019-07-16,583.5671997070312,3177195
2019-07-17,578.9297485351562,1881478
2019-07-18,567.4832153320312,4915489
2019-07-19,542.6901245117188,6294798
2019-07-22,536.6106567382812,4198301
2019-07-23,531.1011352539062,4805198
2019-07-24,522.4568481445312,3041526
2019-07-25,520.1295776367188,4763735
2019-07-26,536.1832885742188,5063750
2019-07-29,525.44921875,2984154
2019-07-30,521.26953125,3186153
2019-07-31,522.4568481445312,2986522
2019-08-01,521.0794677734375,2737518
2019-08-02,528.5839233398438,5848740
2019-08-05,518.1348266601562,3152495
2019-08-06,521.9343872070312,2811436
2019-08-07,492.3443908691406,8411409
2019-08-08,512.5302124023438,5648169
2019-08-09,518.229736328125,4313483
2019-08-13,486.7398681640625,3618940
2019-08-14,497.3314514160156,4641413
2019-08-16,501.4161376953125,3120580
2019-08-19,494.4816589355469,2998027
2019-08-20,501.36859130859375,3175896
2019-08-21,494.8142395019531,2709407
2019-08-22,486.169921875,2516270
2019-08-23,506.5457458496094,2807785
2019-08-26,517.0422973632812,4036331
2019-08-27,526.3040771484375,4144339
2019-08-28,512.6727294921875,3322911
2019-08-29,501.5586242675781,4399017
2019-08-30,502.318603515625,2929342
2019-09-03,489.6370849609375,3379359
2019-09-04,480.3753662109375,3431149
2019-09-05,491.1094970703125,2329699
2019-09-06,502.9834899902344,2670087
2019-09-09,505.8807678222656,3061953
2019-09-11,518.4197387695312,3224627
2019-09-12,516.3773803710938,3726538
2019-09-13,523.644287109375,4358612
2019-09-16,510.06048583984375,2441611
2019-09-17,495.8116760253906,2445056
2019-09-18,500.6087341308594,2401637
2019-09-19,493.2943115234375,2336366
2019-09-20,540.410400390625,14378491
2019-09-23,536.705810546875,9599883
2019-09-24,530.7686767578125,3615703
2019-09-25,507.92315673828125,5044376
2019-09-26,538.5580444335938,6270296
2019-09-27,527.301513671875,4326078
2019-09-30,519.7496337890625,3381186
2019-10-01,528.8214721679688,5664019
2019-10-03,534.5208740234375,3797753
2019-10-04,535.9932861328125,4653685
2019-10-07,525.2591552734375,2367535
2019-10-09,547.67724609375,4863273
2019-10-10,537.7031860351562,2156410
2019-10-11,532.051025390625,3133395
2019-10-14,540.1730346679688,2630640
2019-10-15,554.1842651367188,4967499
2019-10-16,554.99169921875,2279203
2019-10-17,563.5884399414062,3744228
2019-10-18,563.5884399414062,2955289
2019-10-22,565.96337890625,3494913
2019-10-23,562.2110595703125,2371317
2019-10-24,551.951904296875,2212393
2019-10-25,548.769775390625,2284548
2019-10-27,561.8787231445312,851951
2019-10-29,581.1620483398438,6543163
2019-10-30,585.6741333007812,4296705
2019-10-31,576.0800170898438,4595842
2019-11-01,560.21630859375,7558094
2019-11-04,557.0341186523438,3128961
2019-11-05,551.0969848632812,2653917
2019-11-06,550.7645263671875,2763550
2019-11-07,551.2870483398438,3279435
2019-11-08,550.9545288085938,8374614
2019-11-11,546.2049560546875,3492576
2019-11-13,545.9199829101562,3342543
2019-11-14,549.482177734375,2193683
2019-11-15,553.8517456054688,3063043
2019-11-18,544.9700317382812,3212994
2019-11-19,532.5735473632812,3208662
2019-11-20,532.383544921875,2876499
2019-11-21,524.166748046875,3346254
2019-11-22,518.6571655273438,2798026
2019-11-25,520.3670654296875,3054435
2019-11-26,511.6277770996094,4408905
2019-11-27,512.9102172851562,6630809
2019-11-28,514.8099975585938,2426425
2019-11-29,503.98089599609375,3328894
2019-12-02,507.4006652832031,4087250
2019-12-03,496.7139892578125,3052238
2019-12-04,499.2313232421875,2612985
2019-12-05,498.4714050292969,2332044
2019-12-06,484.6500244140625,3409528
2019-12-09,487.92724609375,2566094
2019-12-10,480.4228820800781,2462096
2019-12-11,482.3227233886719,2148791
2019-12-12,486.264892578125,2994158
2019-12-13,490.3495178222656,4066433
2019-12-16,483.3676452636719,2346317
2019-12-17,480.5178527832031,3521314
2019-12-18,496.4765319824219,10092679
2019-12-19,508.5881042480469,10732682
2019-12-20,504.02838134765625,4746509
2019-12-23,499.5638122558594,2963573
2019-12-24,501.08367919921875,2372038
2019-12-26,501.89105224609375,4623580
2019-12-27,503.60107421875,3017840
2019-12-30,510.012939453125,4697710
2019-12-31,504.9307861328125,2502181
2020-01-01,509.72796630859375,2611808
2020-01-02,512.815185546875,2776519
2020-01-03,506.0707702636719,1930883
2020-01-06,498.2339172363281,2059404
2020-01-07,500.2762451171875,2111349
2020-01-08,498.37646484375,1612378
2020-01-09,514.1451416015625,2897598
2020-01-10,519.2271728515625,2355888
2020-01-13,527.1589965820312,3442869
2020-01-14,534.3309326171875,2793249
2020-01-15,541.2178344726562,2564513
2020-01-16,539.0330200195312,2243200
2020-01-17,540.7904052734375,2646260
2020-01-20,538.7955932617188,1847978
2020-01-21,525.1166381835938,3101684
2020-01-22,525.8765258789062,1862669
2020-01-23,538.130615234375,2113303
2020-01-24,539.3179931640625,2284717
2020-01-27,549.3397216796875,3654906
2020-01-28,543.8301391601562,3689004
2020-01-29,548.8171997070312,1934080
2020-01-30,539.4129638671875,2901951
2020-01-31,538.748046875,2352196
2020-02-03,530.7212524414062,3818209
2020-02-04,548.009765625,2793702
2020-02-05,555.086669921875,3320830
2020-02-06,551.0969848632812,2207104
2020-02-07,540.600341796875,4083215
2020-02-10,501.9385986328125,9648880
2020-02-11,497.806396484375,5404802
2020-02-12,504.4084167480469,3426829
2020-02-13,506.878173828125,3392352
2020-02-14,496.8089904785156,3507540
2020-02-17,496.5715637207031,2652464
2020-02-18,496.9991149902344,2868873
2020-02-19,500.038818359375,1952880
2020-02-20,498.56640625,2077458
2020-02-24,487.49981689453125,1911411
2020-02-25,483.4626159667969,2105613
2020-02-26,477.81060791015625,3058370
2020-02-27,468.78631591796875,6039260
2020-02-28,434.1617126464844,8613275
2020-03-02,435.3490905761719,9225488
2020-03-03,442.9009704589844,4582866
2020-03-04,450.8802795410156,5912943
2020-03-05,455.2974548339844,4081050
2020-03-06,447.4131164550781,4502562
2020-03-09,440.00372314453125,4540694
2020-03-11,428.9845886230469,5104905
2020-03-12,402.1493225097656,9408350
2020-03-13,407.3739013671875,6230411
2020-03-16,372.1792907714844,3156508
2020-03-17,354.70074462890625,4526913
2020-03-18,329.0528564453125,6595508
2020-03-19,298.46539306640625,10486153
2020-03-20,306.4447326660156,8819518
2020-03-23,278.70697021484375,6001358
2020-03-24,255.52891540527344,6690908
2020-03-25,263.935791015625,9393732
2020-03-26,271.2026062011719,7557558
2020-03-27,279.7519226074219,9505126
2020-03-30,260.65850830078125,8942833
2020-03-31,270.68017578125,6236559
2020-04-01,259.1861572265625,5980392
2020-04-03,266.64300537109375,6961905
2020-04-07,304.9247741699219,10795407
2020-04-08,310.0544128417969,8451195
2020-04-09,362.3001403808594,11027315
2020-04-13,344.6790771484375,7717484
2020-04-15,335.4648132324219,11300538
2020-04-16,338.8370361328125,6155773
2020-04-17,345.01153564453125,6178483
2020-04-20,338.0296325683594,4834154
2020-04-21,315.4214172363281,8003757
2020-04-22,323.1633605957031,9071476
2020-04-23,330.0978088378906,6738333
2020-04-24,317.5588073730469,5754928
2020-04-27,313.75909423828125,5770537
2020-04-28,319.126220703125,4244512
2020-04-29,330.5727233886719,7748491
2020-04-30,348.2887878417969,7422465
2020-05-04,339.16949462890625,7125034
2020-05-05,349.713623046875,13401536
2020-05-06,367.76214599609375,7015473
2020-05-07,380.5860900878906,12971483
2020-05-08,367.334716796875,9444781
2020-05-11,370.5644226074219,7658595
2020-05-12,373.3666687011719,4686856
2020-05-13,392.3651123046875,7361621
2020-05-14,380.3961486816406,4765875
2020-05-15,362.2051086425781,14226503
2020-05-18,358.3104553222656,7717665
2020-05-19,363.7250061035156,5950003
2020-05-20,384.7657470703125,10608175
2020-05-21,387.85302734375,6249309
2020-05-22,404.9991149902344,10016203
2020-05-26,407.6588439941406,5895376
2020-05-27,410.84112548828125,7591278
2020-05-28,418.3454895019531,7449375
2020-05-29,414.4983215332031,9539035
2020-06-01,438.0088806152344,9668047
2020-06-02,439.6712646484375,8520940
2020-06-03,460.8070068359375,9873294
2020-06-04,454.4900207519531,5829493
2020-06-05,459.9520568847656,6265829
2020-06-08,447.2705993652344,5955200
2020-06-09,454.77496337890625,7656301
2020-06-10,448.4105224609375,4849036
2020-06-11,450.7852783203125,4331683
2020-06-12,482.9876708984375,18368009
2020-06-15,482.7026672363281,17605860
2020-06-16,481.372802734375,6712936
2020-06-17,472.6809997558594,9273745
2020-06-18,481.2303161621094,7114752
2020-06-19,475.0082702636719,9811021
2020-06-22,473.77337646484375,5149581
2020-06-23,490.5395202636719,9132472
2020-06-24,489.5420837402344,7568963
2020-06-25,481.8477478027344,5248401
2020-06-26,476.29071044921875,4079405
2020-06-29,482.03778076171875,4459947
2020-06-30,485.125,5487685
2020-07-01,473.9634094238281,8990865
2020-07-02,503.173583984375,16513522
2020-07-03,503.9333801269531,7982179
2020-07-06,541.9778442382812,16728066
2020-07-07,531.9561157226562,9208254
2020-07-08,523.644287109375,5172833
2020-07-09,532.2410278320312,4123902
2020-07-10,527.06396484375,5752443
2020-07-13,528.0138549804688,3165043
2020-07-14,517.8972778320312,3097258
2020-07-15,522.5994262695312,5671780
2020-07-16,544.63671875,11751032
2020-07-17,561.7132568359375,9124092
2020-07-20,566.674072265625,5771917
2020-07-21,561.236328125,3850519
2020-07-22,564.7660522460938,11559026
2020-07-23,575.5938720703125,7605913
2020-07-24,571.1578369140625,3531702
2020-07-27,567.0556640625,3345182
2020-07-28,591.8118286132812,10289416
2020-07-29,577.02490234375,5182915
2020-07-30,570.8239135742188,4958267
2020-07-31,578.55126953125,3962668
2020-08-03,569.6791381835938,5002825
2020-08-04,574.8784790039062,4889709
2020-08-05,585.9924926757812,3834812
2020-08-06,581.6041259765625,3857553
2020-08-07,572.827392578125,7679198
2020-08-10,599.9685668945312,12341769
2020-08-11,600.588623046875,5128836
2020-08-12,605.740234375,8891590
2020-08-13,602.4011840820312,5773589
2020-08-14,586.1832275390625,3622823
2020-08-17,594.912353515625,5687622
2020-08-18,594.006103515625,3989439
2020-08-19,595.1985473632812,2762486
2020-08-20,583.8936767578125,3165784
2020-08-21,581.7471923828125,4191258
2020-08-24,574.25830078125,3707968
2020-08-25,581.31787109375,4248590
2020-08-26,585.1337890625,5814785
2020-08-27,607.4574584960938,7637436
2020-08-28,602.353515625,7809917
2020-08-31,578.9806518554688,5012805
2020-09-01,579.6007080078125,5572232
2020-09-02,613.1813354492188,7887097
2020-09-03,614.9940185546875,9194655
2020-09-04,602.9259033203125,5889085
2020-09-07,582.3673095703125,9387992
2020-09-08,580.6023559570312,6825892
2020-09-09,585.6585693359375,6589023
2020-09-10,587.1372680664062,4699612
2020-09-11,585.9924926757812,2837723
2020-09-14,586.9942016601562,4918699
2020-09-15,585.2293090820312,3805649
2020-09-16,610.033203125,18993356
2020-09-17,607.505126953125,6363964
2020-09-18,624.0569458007812,13518207
2020-09-21,593.8153076171875,9301954
2020-09-22,587.47119140625,5369370
2020-09-23,584.4183959960938,4116481
2020-09-24,548.6434936523438,8991885
2020-09-25,565.0521850585938,5415792
2020-09-28,586.9464721679688,5494528
2020-09-29,584.9908447265625,5747565
2020-09-30,579.9346923828125,4990827
2020-10-01,582.0811157226562,3842191
2020-10-05,579.075927734375,5977261
2020-10-06,598.53759765625,9071955
2020-10-07,602.5443725585938,6086867
2020-10-08,604.97705078125,4683786
2020-10-09,604.0706787109375,4972397
2020-10-12,605.215576171875,3247640
2020-10-13,599.0145874023438,3769222
2020-10-14,595.1507568359375,2776984
2020-10-15,588.9021606445312,3794955
2020-10-16,578.7420654296875,4274910
2020-10-19,569.96533203125,3646287
2020-10-20,574.54443359375,4377671
2020-10-21,573.2089233398438,3684706
2020-10-22,576.5478515625,3818694
2020-10-23,596.3910522460938,6421723
2020-10-26,569.6791381835938,4800537
2020-10-27,569.6791381835938,5712121
2020-10-28,576.3571166992188,6811118
2020-10-29,564.7183227539062,3680773
2020-10-30,566.674072265625,4209087
2020-11-02,568.6297607421875,4085120
2020-11-03,568.3912353515625,3669816
2020-11-04,569.34521484375,2475177
2020-11-05,574.4013671875,3794240
2020-11-06,585.3723754882812,5908936
2020-11-09,587.9957885742188,3819808
2020-11-10,591.4302978515625,7876161
2020-11-11,604.0706787109375,7561527
2020-11-12,603.59375,6913788
2020-11-13,600.874755859375,4107823
2020-11-14,602.3057861328125,295788
2020-11-17,607.9343872070312,6173551
2020-11-18,673.2831420898438,32986476
2020-11-19,671.518310546875,15336768
2020-11-20,682.6799926757812,6730897
2020-11-23,672.9969482421875,4484068
2020-11-24,695.7975463867188,16121626
2020-11-25,686.8299560546875,5423034
2020-11-26,694.986572265625,6798860
2020-11-27,688.78564453125,11302666
2020-12-01,700.7582397460938,5710611
2020-12-02,718.9319458007812,6337698
2020-12-03,711.5383911132812,2957787
2020-12-04,716.022216796875,5356456
2020-12-07,717.6917114257812,3525945
2020-12-08,719.3135375976562,4333519
2020-12-09,720.2675170898438,3213975
2020-12-10,702.2847290039062,3814006
2020-12-11,694.0802612304688,4197494
2020-12-14,678.95947265625,4183639
2020-12-15,684.9219360351562,5495877
2020-12-16,698.2779541015625,11262389
2020-12-17,697.0377197265625,3630553
2020-12-18,699.8519287109375,6671658
2020-12-21,654.39404296875,9130116
2020-12-22,663.075439453125,7305751
2020-12-23,678.7686157226562,4383472
2020-12-24,678.1962890625,3373695
2020-12-28,678.243896484375,2484872
2020-12-29,674.5233764648438,2808820
2020-12-30,687.54541015625,3219036
2020-12-31,687.4500122070312,3723205
2021-01-01,698.7548828125,9543128
2021-01-04,714.6389770507812,4547027
2021-01-05,706.0529174804688,3551554
2021-01-06,702.2369384765625,3601608
2021-01-07,710.1551513671875,4063641
2021-01-08,735.0545043945312,5998381
2021-01-11,752.7987670898438,6643610
2021-01-12,743.974365234375,5532160
2021-01-13,790.2431640625,19610461
2021-01-14,791.7218627929688,8576718
2021-01-15,781.9434814453125,4996951
2021-01-18,771.7833251953125,3955069
2021-01-19,770.8770141601562,3991167
2021-01-20,786.5703125,4502291
2021-01-21,771.0678100585938,4455107
2021-01-22,761.6709594726562,5588252
2021-01-25,757.9981079101562,3353172
2021-01-27,734.52978515625,6585102
2021-01-28,729.8074951171875,4622634
2021-01-29,715.1159057617188,8761073
2021-02-01,758.5704956054688,6592083
2021-02-02,779.2721557617188,5334431
2021-02-03,794.8700561523438,8802838
2021-02-04,826.6381225585938,14706560
2021-02-05,825.6842041015625,15668083
2021-02-08,885.6906127929688,21179625
2021-02-09,853.8270874023438,9210613
2021-02-10,872.0961303710938,6465767
2021-02-11,872.1438598632812,3640848
2021-02-12,866.753662109375,2484145
2021-02-15,869.9019165039062,4178613
2021-02-16,870.23583984375,4223635
2021-02-17,872.8593139648438,3903522
2021-02-18,853.3023681640625,4616205
2021-02-19,838.8015747070312,5171996
2021-02-22,798.590576171875,5960870
2021-02-23,802.2635498046875,7348084
2021-02-24,810.515625,3184114
2021-02-25,819.4830932617188,6134649
2021-02-26,769.302978515625,12073749
2021-03-01,781.7525634765625,9223619
2021-03-02,820.4848022460938,9706013
2021-03-03,812.8529052734375,5028771
2021-03-04,806.3657836914062,4574138
2021-03-05,801.73876953125,5179108
2021-03-08,811.8511962890625,3474579
2021-03-09,812.8052368164062,3536262
2021-03-10,824.0623779296875,3971353
2021-03-12,816.4303588867188,4012449
2021-03-15,805.5548706054688,3069303
2021-03-16,804.0761108398438,2996797
2021-03-17,798.4475708007812,2034583
2021-03-18,806.7473754882812,5033325
2021-03-19,811.1832885742188,7538327
2021-03-22,813.8069458007812,2906300
2021-03-23,805.7933349609375,3925212
2021-03-24,774.0729370117188,4066262
2021-03-25,755.2791748046875,4501404
2021-03-26,762.5772094726562,4170972
2021-03-30,758.4273681640625,5670999
2021-03-31,758.6658325195312,3972382
2021-04-01,770.4476928710938,5678798
2021-04-05,738.82275390625,4176802
2021-04-06,745.1668701171875,2984229
2021-04-07,759.66748046875,2271095
2021-04-08,758.5704956054688,3324494
2021-04-09,754.7545776367188,2065092
2021-04-12,716.9285278320312,4628388
2021-04-13,773.9298095703125,12501628
2021-04-15,768.0626831054688,5256004
2021-04-16,783.8513793945312,6915568
2021-04-19,758.3796997070312,4317341
2021-04-20,773.8344116210938,4830957
2021-04-22,762.9111938476562,4576665
2021-04-23,742.1140747070312,4796085
2021-04-26,744.5944213867188,3528851
2021-04-27,742.591064453125,3624649
2021-04-28,746.1207885742188,5214319
2021-04-29,738.9658203125,3642323
2021-04-30,717.9302368164062,4466148
2021-05-03,718.3118286132812,3749870
2021-05-04,707.0546875,3820769
2021-05-05,713.1602172851562,3102424
2021-05-06,713.0171508789062,3662506
2021-05-07,732.0970458984375,4833670
2021-05-10,744.5468139648438,2095644
2021-05-11,740.3014526367188,2938331
2021-05-12,724.7512817382812,3480378
2021-05-14,707.3885498046875,4984389
2021-05-17,718.88427734375,3479938
2021-05-18,761.0032348632812,8634396
2021-05-19,748.6966552734375,4360320
2021-05-20,766.2978515625,10092542
2021-05-21,781.275634765625,5721630
2021-05-24,772.7373046875,3495533
2021-05-25,773.9298095703125,5044078
2021-05-26,783.4220581054688,3084558
2021-05-27,790.481689453125,6902630
2021-05-28,806.9381103515625,11638455
2021-05-31,770.7816772460938,17596018
2021-06-01,769.2074584960938,7230033
2021-06-02,769.1121215820312,4244490
2021-06-03,765.1531372070312,5001405
2021-06-04,767.5857543945312,5084092
2021-06-07,766.8701782226562,2994862
2021-06-08,770.686279296875,2960405
2021-06-09,767.4426879882812,4176767
2021-06-10,769.8276977539062,2264605
2021-06-11,771.7833251953125,1783272
2021-06-14,770.3046875,1598770
2021-06-15,771.4017333984375,1640381
2021-06-16,769.0643920898438,3863280
2021-06-17,768.6351928710938,1988175
2021-06-18,745.5960693359375,5793496
2021-06-21,741.1123046875,3024852
2021-06-22,739.5382080078125,2925669
2021-06-23,745.9776611328125,2700327
2021-06-24,755.3744506835938,3251137
2021-06-25,757.7119140625,1763201
2021-06-28,756.9963989257812,1409432
2021-06-29,745.643798828125,3167773
2021-06-30,741.9232788085938,2393862
2021-07-01,743.5926513671875,5697553
2021-07-02,746.5977783203125,1963778
2021-07-05,755.326904296875,1320469
2021-07-06,745.9299926757812,1420179
2021-07-07,743.0680541992188,3004815
2021-07-08,740.5399169921875,2010027
2021-07-09,736.05615234375,1658120
2021-07-12,737.2963256835938,2681410
2021-07-13,745.214599609375,2189466
2021-07-14,749.9845581054688,2067565
2021-07-15,752.3964233398438,2109663
2021-07-16,752.2998046875,845054
2021-07-19,748.4409790039062,1265906
2021-07-20,733.39111328125,2179910
2021-07-22,731.7028198242188,2182264
2021-07-23,737.25,1179241
2021-07-26,727.6991577148438,1187498
2021-07-27,719.2577514648438,1732564
2021-07-28,703.001953125,4016758
2021-07-29,705.655029296875,2489035
2021-07-30,716.8941040039062,4642619
2021-08-02,730.979248046875,2260861
2021-08-03,743.6654663085938,3235393
2021-08-04,739.227783203125,2659372
2021-08-05,732.571044921875,1451370
2021-08-06,731.5098876953125,4471604
2021-08-09,747.6209716796875,6700633
2021-08-10,758.5706176757812,4724852
2021-08-11,751.2387084960938,3147983
2021-08-12,748.826904296875,3551026
2021-08-13,751.1904296875,3391864
2021-08-16,771.1121826171875,7131928
2021-08-17,762.7672729492188,3835522
2021-08-18,763.4425659179688,2450964
2021-08-20,757.943603515625,3050982
2021-08-23,738.89013671875,2512960
2021-08-24,750.7081298828125,1662376
2021-08-25,744.8231811523438,1693443
2021-08-26,753.843505859375,2576883
2021-08-27,747.8139038085938,2907125
2021-08-30,763.635498046875,3028708
2021-08-31,765.3237915039062,3324467
2021-09-01,742.7489624023438,6031309
2021-09-02,725.9144287109375,4879865
2021-09-03,723.454345703125,4257842
2021-09-06,728.13330078125,3682183
2021-09-07,726.5414428710938,2273976
2021-09-08,728.13330078125,2380939
2021-09-09,724.2743530273438,3313559
2021-09-13,719.2577514648438,3139833
2021-09-14,723.7437744140625,3089381
2021-09-15,728.470947265625,3336656
2021-09-16,730.2557373046875,2686018
2021-09-17,727.554443359375,5504398
2021-09-20,712.022216796875,2933375
2021-09-21,712.4081420898438,2380834
2021-09-22,725.962646484375,2287017
2021-09-23,731.7028198242188,1890322
2021-09-24,751.9622192382812,4967824
2021-09-27,782.7371826171875,9210666
2021-09-28,777.6240844726562,3853344
2021-09-29,783.4608154296875,2291977
2021-09-30,774.72998046875,3264689
2021-10-01,798.6553344726562,7704216
2021-10-04,811.486328125,6544700
2021-10-05,813.3193969726562,2647442
2021-10-06,804.6849365234375,3288323
2021-10-07,847.2780151367188,9515673
2021-10-08,846.8438720703125,3938358
2021-10-11,864.0161743164062,5493159
2021-10-12,858.7100830078125,3433345
2021-10-13,902.3643188476562,17519612
2021-10-14,898.5536499023438,3354982
2021-10-18,878.8248291015625,2885649
2021-10-19,885.1438598632812,3476818
2021-10-20,867.6339111328125,3551282
2021-10-21,865.3667602539062,2614538
2021-10-22,856.5393676757812,1999394
2021-10-25,859.2889404296875,2833933
2021-10-26,863.003173828125,3410657
2021-10-27,855.5264892578125,3362019
2021-10-28,852.6804809570312,2171227
2021-10-29,853.0663452148438,2482056
2021-11-01,839.6566162109375,4146270
2021-11-02,831.1187133789062,3704926
2021-11-03,819.0595092773438,3288759
2021-11-04,842.0684814453125,973315
2021-11-08,829.189208984375,4481883
2021-11-09,860.6878051757812,15376349
2021-11-10,887.218017578125,17083220
2021-11-11,892.13818359375,4935551
2021-11-12,904.7279052734375,6239600
2021-11-15,895.659423828125,3757546
2021-11-16,926.4344482421875,7368780
2021-11-17,920.790771484375,5416608
2021-11-18,891.1251831054688,3463426
2021-11-22,869.0809936523438,3731367
2021-11-23,869.5633544921875,3195288
2021-11-24,861.7008056640625,2708554
2021-11-25,859.7713623046875,2288825
2021-11-26,823.6420288085938,3934155
2021-11-29,820.7960205078125,3936245
2021-11-30,806.0355834960938,6067618
2021-12-01,805.2637939453125,5121634
2021-12-02,819.590087890625,4677008
2021-12-03,807.4345092773438,2933597
2021-12-06,793.1563720703125,1552749
2021-12-07,796.8223876953125,1976433
2021-12-08,811.1004638671875,2346456
2021-12-09,821.0853881835938,4078098
2021-12-10,829.3822021484375,3434165
2021-12-13,813.3674926757812,2683048
2021-12-14,807.3380126953125,1979863
2021-12-15,816.3582763671875,3208613
2021-12-16,823.2078857421875,3965285
2021-12-17,805.1672973632812,2675800
2021-12-20,785.583251953125,2907378
2021-12-21,783.5573120117188,1973119
2021-12-22,789.8280639648438,1979912
2021-12-23,797.6906127929688,1495208
2021-12-24,783.991455078125,1071730
2021-12-27,789.6834106445312,1492196
2021-12-28,809.122802734375,1677680
2021-12-29,803.3343505859375,1575343
2021-12-30,800.05419921875,1874659
2021-12-31,807.62744140625,1528983
2022-01-03,800.5365600585938,1537088
2022-01-04,802.5143432617188,1886453
2022-01-05,809.8945922851562,2634010
2022-01-06,810.2322387695312,2962301
2022-01-07,799.7648315429688,2531717
2022-01-10,812.2581176757812,3403434
2022-01-11,811.7275390625,2117911
2022-01-12,849.4968872070312,9022415
2022-01-13,864.4020385742188,5658001
2022-01-14,850.1239013671875,2027852
2022-01-17,869.0327758789062,3617269
2022-01-18,860.6878051757812,3468168
2022-01-19,862.8584594726562,4215758
2022-01-20,849.4486083984375,2486026
2022-01-21,844.3355102539062,1872843
2022-01-24,824.5585327148438,3386669
2022-01-25,824.3655395507812,4742388
2022-01-27,827.790283203125,2927566
2022-01-28,838.9813232421875,4208702
2022-01-31,854.5617065429688,2335040
2022-02-01,839.0294799804688,2921070
2022-02-02,838.69189453125,1341479
2022-02-03,826.005615234375,2630289
2022-02-04,812.0169677734375,2080640
2022-02-07,800.2471923828125,1801701
2022-02-08,802.707275390625,2729631
2022-02-09,810.56982421875,2165223
2022-02-10,822.9666748046875,6949276
2022-02-11,823.5455322265625,5146850
2022-02-14,795.9541015625,4202165
2022-02-15,824.4619750976562,2728328
2022-02-16,833.771728515625,4401342
2022-02-17,831.8422241210938,2041741
2022-02-18,821.9537353515625,1616856
2022-02-21,811.4381103515625,2255753
2022-02-22,823.15966796875,2768989
2022-02-23,820.3136596679688,2265060
2022-02-24,767.7356567382812,5677898
2022-02-25,779.1195068359375,3470318
2022-02-28,762.9601440429688,5026913
2022-03-02,750.9010009765625,5779175
2022-03-03,735.1758422851562,2763929
2022-03-04,706.4749755859375,4829850
2022-03-07,666.1973266601562,7008637
2022-03-08,675.941162109375,4000294
2022-03-09,708.93505859375,5490287
2022-03-10,712.7939453125,4064470
2022-03-11,708.8868408203125,2364792
2022-03-14,716.9906616210938,3563695
2022-03-15,734.3558349609375,4811450
2022-03-16,746.3667602539062,2277631
2022-03-17,766.385009765625,3787641
2022-03-21,755.8694458007812,3008019
2022-03-22,757.8953247070312,5436875
2022-03-23,746.8009033203125,3277274
2022-03-24,738.64892578125,2248114
2022-03-25,737.7806396484375,3148869
2022-03-28,742.1219482421875,4719388
2022-03-29,746.0773315429688,3519610
2022-03-30,765.3720703125,4407033
2022-03-31,778.1065063476562,7059986
2022-04-01,797.4012451171875,3406177
2022-04-04,804.299072265625,4163250
2022-04-05,807.0485229492188,2669967
2022-04-06,798.6553344726562,2049292
2022-04-07,804.8779296875,2913537
2022-04-08,827.163330078125,4145522
2022-04-11,826.6326293945312,2922901
2022-04-12,830.443359375,2961076
2022-04-13,835.5565185546875,3695363
2022-04-18,843.2742919921875,3076843
2022-04-19,841.7307739257812,3301212
2022-04-20,850.1721801757812,2208791
2022-04-21,878.8729858398438,3206906
2022-04-22,888.1827392578125,4924905
2022-04-25,872.1199340820312,5476626
2022-04-26,906.9951171875,6384561
2022-04-27,894.1641235351562,3154605
2022-04-28,890.3533935546875,2869224
2022-04-29,889.5816040039062,3467791
2022-05-02,888.8580322265625,2740823
2022-05-04,864.4984741210938,2408261
2022-05-05,867.344482421875,2690817
2022-05-06,862.327880859375,4247088
2022-05-09,863.7267456054688,1790691
2022-05-10,857.0217895507812,2436623
2022-05-11,855.7676391601562,3048794
2022-05-12,834.7364501953125,4908042
2022-05-13,858.1312255859375,4956950
2022-05-16,871.4927978515625,2856221
2022-05-17,878.6800537109375,3469290
2022-05-18,881.0919189453125,3203522
2022-05-19,851.4263305664062,2658159
2022-05-20,871.9269409179688,3426756
2022-05-23,908.6834106445312,6613972
2022-05-24,913.458740234375,4546511
2022-05-25,895.659423828125,1363358
2022-05-26,897.010009765625,2384886
2022-05-27,919.2470703125,3269005
2022-05-30,963.1426391601562,11690785
2022-05-31,997.8729858398438,13301109
2022-06-01,1010.41455078125,7889745
2022-06-02,1007.7134399414062,4081658
2022-06-03,992.3740844726562,2660682
2022-06-06,999.4166259765625,3443406
2022-06-07,1005.7838745117188,2162861
2022-06-08,1008.1473999023438,4293398
2022-06-09,1008.243896484375,2757706
2022-06-10,999.9472045898438,2425545
2022-06-13,968.8827514648438,4047155
2022-06-14,983.3056030273438,3614327
2022-06-15,989.3351440429688,3333753
2022-06-16,969.79931640625,3255301
2022-06-17,962.4673461914062,5318310
2022-06-20,948.0445556640625,3722583
2022-06-21,962.7567138671875,6263423
2022-06-22,949.105712890625,2629024
2022-06-23,991.4574584960938,7303072
2022-06-24,1034.2435302734375,7273273
2022-06-27,1044.517822265625,6316257
2022-06-28,1072.78466796875,11020641
2022-06-29,1072.54345703125,5052023
2022-06-30,1054.599365234375,4165189
2022-07-01,1068.298583984375,2839545
2022-07-04,1052.7181396484375,2784613
2022-07-05,1043.79443359375,3675577
2022-07-06,1065.5975341796875,4957228
2022-07-07,1093.3336181640625,4917004
2022-07-08,1093.6229248046875,10482265
2022-07-11,1123.9637451171875,4520273
2022-07-12,1106.2127685546875,2452632
2022-07-13,1100.1348876953125,3379695
2022-07-14,1113.6331787109375,2423203
2022-07-15,1142.7252197265625,3879759
2022-07-18,1133.8563232421875,3480683
2022-07-19,1156.1259765625,4056414
2022-07-20,1136.0491943359375,3028752
2022-07-21,1145.3079833984375,2062279
2022-07-22,1151.1068115234375,1983433
2022-07-25,1107.005859375,4380502
2022-07-26,1107.1519775390625,2598868
2022-07-27,1109.19873046875,1647876
2022-07-28,1119.9681396484375,1929675
2022-07-29,1134.8795166015625,2230572
2022-08-01,1206.318115234375,12673841
2022-08-02,1222.642822265625,5626351
2022-08-03,1221.8631591796875,3820503
2022-08-04,1229.7574462890625,3075648
2022-08-05,1204.5152587890625,5766297
2022-08-08,1244.2789306640625,5412651
2022-08-10,1235.8487548828125,2530492
2022-08-11,1234.045654296875,3077633
2022-08-12,1227.4671630859375,3355489
2022-08-16,1255.5845947265625,4085782
2022-08-17,1241.8912353515625,2197165
2022-08-18,1229.1239013671875,2659857
2022-08-19,1207.92626953125,2513148
2022-08-22,1195.5487060546875,2443323
2022-08-23,1240.7705078125,4449168
2022-08-24,1236.0924072265625,2570071
2022-08-25,1227.662109375,1769049
2022-08-26,1242.2811279296875,4325600
2022-08-29,1244.3765869140625,2554692
2022-08-30,1275.4664306640625,5078317
2022-09-01,1278.7314453125,4913035
2022-09-02,1282.5322265625,2316436
2022-09-05,1287.015625,2271837
2022-09-06,1273.224853515625,1930221
2022-09-07,1256.948974609375,3162428
2022-09-08,1288.3314208984375,4026323
2022-09-09,1268.20556640625,3415016
2022-09-12,1264.1123046875,3077887
2022-09-13,1266.8411865234375,2460291
2022-09-14,1265.0870361328125,2955136
2022-09-15,1264.1123046875,2555055
2022-09-16,1218.3546142578125,9047956
2022-09-19,1255.92578125,4476773
2022-09-20,1269.8624267578125,3780649
2022-09-21,1273.468505859375,2887754
2022-09-22,1277.123291015625,2010645
2022-09-23,1239.9908447265625,4639618
2022-09-26,1205.0025634765625,3345338
2022-09-27,1204.369140625,3588217
2022-09-28,1210.8502197265625,3361451
2022-09-29,1226.3951416015625,3474302
2022-09-30,1235.994873046875,3320684
2022-10-03,1219.5728759765625,3150821
2022-10-04,1228.34423828125,3011962
2022-10-06,1224.98193359375,3531469
2022-10-07,1207.3902587890625,3501889
2022-10-10,1211.4349365234375,2230590
2022-10-11,1198.3265380859375,1569478
2022-10-12,1216.21044921875,2884899
2022-10-13,1216.5028076171875,2137351
2022-10-14,1199.0574951171875,1696759
2022-10-17,1198.7650146484375,2158727
2022-10-18,1221.960693359375,2722206
2022-10-19,1216.69775390625,1449579
2022-10-20,1218.257080078125,1831346
2022-10-21,1224.8358154296875,1750934
2022-10-24,1238.675048828125,318933
2022-10-25,1248.8597412109375,2809493
2022-10-27,1261.285888671875,3279938
2022-10-28,1278.341552734375,2111224
2022-10-31,1314.353271484375,4306893
2022-11-01,1319.6649169921875,3405472
2022-11-02,1318.0079345703125,2298917
2022-11-03,1301.488525390625,1931917
2022-11-04,1304.3148193359375,2204968
2022-11-07,1316.9847412109375,2599224
2022-11-09,1303.5838623046875,2459869
2022-11-10,1265.2330322265625,2792546
2022-11-11,1254.4149169921875,5308986
2022-11-14,1245.6923828125,3794391
2022-11-15,1258.8980712890625,3192070
2022-11-16,1254.025146484375,2478281
2022-11-17,1227.36962890625,2319979
2022-11-18,1195.9874267578125,4525364
2022-11-21,1187.3134765625,4120736
2022-11-22,1197.2542724609375,2469455
2022-11-23,1204.3203125,2396267
2022-11-24,1222.204345703125,2133523
2022-11-25,1228.782958984375,1370326
2022-11-28,1218.9393310546875,2126619
2022-11-29,1225.1767578125,2435651
2022-11-30,1272.445068359375,7536690
2022-12-01,1260.603759765625,2613761
2022-12-02,1232.4864501953125,2892150
2022-12-05,1227.8082275390625,2764806
2022-12-06,1230.9757080078125,1686075
2022-12-07,1234.435546875,1731982
2022-12-08,1241.98876953125,1906386
2022-12-09,1233.26611328125,1308941
2022-12-12,1231.901611328125,1723401
2022-12-13,1250.7601318359375,2164600
2022-12-14,1253.7816162109375,1436837
2022-12-15,1254.268798828125,2417555
2022-12-16,1219.81640625,2136354
2022-12-19,1257.874755859375,2767603
2022-12-20,1242.8658447265625,1286604
2022-12-21,1233.558349609375,1251993
2022-12-22,1202.6146240234375,1557590
2022-12-23,1193.501953125,1913648
2022-12-26,1205.635986328125,1677560
2022-12-27,1202.9071044921875,1304940
2022-12-28,1220.5474853515625,1959508
2022-12-29,1230.2935791015625,1289676
2022-12-30,1217.4774169921875,1372710
2023-01-02,1230.78076171875,1718385
2023-01-03,1217.574951171875,1510751
2023-01-04,1204.8076171875,1344532
2023-01-05,1220.83984375,2745160
2023-01-06,1232.77880859375,2214972
2023-01-09,1277.074462890625,3634805
2023-01-10,1281.509033203125,3139930
2023-01-11,1279.2674560546875,2041750
2023-01-12,1286.382080078125,2448619
2023-01-13,1294.422607421875,2600139
2023-01-16,1282.1912841796875,1651972
2023-01-17,1287.307861328125,1607137
2023-01-18,1288.5750732421875,1179938
2023-01-19,1286.041015625,2066881
2023-01-20,1281.36279296875,1332666
2023-01-23,1294.7149658203125,1681075
2023-01-24,1290.280517578125,1408040
2023-01-25,1278.1954345703125,1359090
2023-01-27,1286.6744384765625,1914769
2023-01-30,1297.784912109375,2402331
2023-01-31,1343.737548828125,5265862
2023-02-01,1317.7156982421875,3010838
2023-02-02,1318.0567626953125,2029111
2023-02-03,1352.752685546875,1803085
2023-02-06,1341.057373046875,1504382
2023-02-07,1331.9935302734375,1413825
2023-02-08,1338.182373046875,1241238
2023-02-09,1337.3538818359375,1866387
2023-02-10,1330.7752685546875,3282665
2023-02-13,1318.6414794921875,4401219
2023-02-14,1328.53369140625,2373179
2023-02-15,1344.3223876953125,2007214
2023-02-16,1333.4068603515625,2646301
2023-02-17,1307.43359375,2150027
2023-02-20,1312.06298828125,1497314
2023-02-21,1317.520751953125,2118816
2023-02-22,1286.23583984375,2196484
2023-02-23,1280.5831298828125,1847879
2023-02-24,1247.6903076171875,2824384
2023-02-27,1225.4691162109375,2019964
2023-02-28,1237.359375,3407211
2023-03-01,1239.8446044921875,2338935
2023-03-02,1219.7679443359375,1563750
2023-03-03,1236.384765625,1493291
2023-03-06,1238.187744140625,1570410
2023-03-08,1257.192626953125,2370800
2023-03-09,1216.4541015625,3596577
2023-03-10,1195.5487060546875,2664696
2023-03-13,1163.14306640625,3842775
2023-03-14,1131.3223876953125,5379592
2023-03-15,1130.8836669921875,2226887
2023-03-16,1137.4136962890625,3604480
2023-03-17,1141.75048828125,3683701
2023-03-20,1137.9984130859375,2082268
2023-03-21,1130.8349609375,2209422
2023-03-22,1134.5384521484375,2211909
2023-03-23,1135.3668212890625,2594282
2023-03-24,1121.5762939453125,1839876
2023-03-27,1109.0037841796875,2446528
2023-03-28,1099.647705078125,1903339
2023-03-29,1115.2413330078125,4003003
2023-03-31,1129.275634765625,2343070
2023-04-03,1140.1912841796875,2546562
2023-04-05,1126.1080322265625,2028469
2023-04-06,1141.5068359375,2029418
2023-04-10,1158.416259765625,2586918
2023-04-11,1171.18359375,2443384
2023-04-12,1176.690185546875,2469405
2023-04-13,1173.9613037109375,4470196
2023-04-17,1182.14794921875,1956198
2023-04-18,1174.1072998046875,2075066
2023-04-19,1184.6331787109375,1818732
2023-04-20,1187.6544189453125,2172677
2023-04-21,1181.9530029296875,1015815
2023-04-24,1177.080078125,1389756
2023-04-25,1179.126708984375,1360260
2023-04-26,1182.7327880859375,1708865
2023-04-27,1192.9173583984375,1340045
2023-04-28,1195.7437744140625,2333102
2023-05-02,1205.879638671875,2607580
2023-05-03,1204.0765380859375,1307304
2023-05-04,1200.4217529296875,1541188
2023-05-05,1180.4423828125,4753718
2023-05-08,1200.5194091796875,3513667
2023-05-09,1213.8226318359375,1846359
2023-05-10,1216.94140625,2108081
2023-05-11,1219.524169921875,4100467
2023-05-12,1243.548095703125,2427624
2023-05-15,1253.0018310546875,2647630
2023-05-16,1230.3909912109375,1571371
2023-05-17,1231.0244140625,1643851
2023-05-18,1213.8714599609375,1900447
2023-05-19,1228.39306640625,1588996
2023-05-22,1233.4122314453125,917769
2023-05-23,1236.3360595703125,1803955
2023-05-24,1243.304443359375,1369297
2023-05-25,1245.3511962890625,2040166
2023-05-26,1249.2982177734375,3508112
2023-05-29,1296.3717041015625,6185862
2023-05-30,1294.7149658203125,2493657
2023-05-31,1285.5048828125,5629378
2023-06-01,1285.407470703125,2364455
2023-06-02,1307.3360595703125,2313841
2023-06-05,1359.96484375,5105293
2023-06-06,1375.363525390625,2335838
2023-06-07,1370.685546875,2491079
2023-06-08,1345.979248046875,1776230
2023-06-09,1335.8433837890625,1881329
2023-06-12,1346.3203125,1389300
2023-06-13,1338.2799072265625,2516583
2023-06-14,1343.64013671875,905086
2023-06-15,1357.3822021484375,1720070
2023-06-16,1368.2001953125,2132678
2023-06-19,1366.9332275390625,1476764
2023-06-20,1360.988037109375,1042428
2023-06-21,1339.3519287109375,2008628
2023-06-22,1343.688720703125,1296616
2023-06-23,1338.3773193359375,1258590
2023-06-26,1362.15771484375,2281046
2023-06-27,1366.7869873046875,2737379
2023-06-28,1359.574951171875,2611913
2023-06-30,1416.6868896484375,4114865
2023-07-03,1430.67236328125,3615176
2023-07-04,1427.26123046875,1595700
2023-07-05,1437.884521484375,1456527
2023-07-06,1509.4693603515625,5628945
2023-07-07,1524.4295654296875,6905845
2023-07-10,1512.00341796875,2276342
2023-07-11,1529.594970703125,1563376
2023-07-12,1530.9593505859375,2658457
2023-07-13,1527.1097412109375,1859405
2023-07-14,1523.072021484375,2174792
2023-07-17,1512.9775390625,1520990
2023-07-18,1511.4017333984375,1059058
2023-07-19,1521.0037841796875,1081196
2023-07-20,1521.89013671875,1538263
2023-07-21,1500.371826171875,1668783
2023-07-24,1523.3673095703125,2129706
2023-07-25,1541.9803466796875,1996604
2023-07-26,1521.397705078125,2100855
2023-07-27,1425.4271240234375,11879512
2023-07-28,1445.5174560546875,4714146
2023-07-31,1452.8050537109375,2460789
2023-08-01,1470.679443359375,4184243
2023-08-02,1462.7518310546875,3188395
2023-08-03,1446.846923828125,2222395
2023-08-04,1442.4151611328125,8066091
2023-08-07,1503.7203369140625,9257291
2023-08-08,1476.93310546875,3426948
2023-08-09,1511.4510498046875,3713003
2023-08-10,1521.9393310546875,3600607
2023-08-11,1522.9732666015625,2402812
2023-08-14,1523.3673095703125,1875450
2023-08-16,1546.7567138671875,2361632
2023-08-17,1549.61279296875,2377711
2023-08-18,1529.079345703125,2202570
2023-08-21,1515.193359375,1487526
2023-08-22,1526.9619140625,975607
2023-08-23,1519.0341796875,1405076
2023-08-24,1518.7879638671875,2111147
2023-08-25,1496.974365234375,1455320
2023-08-28,1525.73095703125,2132512
2023-08-29,1537.15478515625,1325882
2023-08-30,1559.1654052734375,3140040
2023-08-31,1551.4840087890625,3512885
2023-09-01,1567.7825927734375,2147299
2023-09-04,1552.46875,2200142
2023-09-05,1547.2984619140625,1078759
2023-09-06,1553.0595703125,1301466
2023-09-07,1541.9803466796875,1514369
2023-09-08,1543.753173828125,1223910
2023-09-11,1558.082275390625,1921950
2023-09-12,1534.298828125,3770868
2023-09-13,1513.6175537109375,2382637
2023-09-14,1542.2265625,2220196
2023-09-15,1576.793701171875,5425897
2023-09-18,1616.53125,6887528
2023-09-20,1609.1943359375,6116670
2023-09-21,1559.2147216796875,2898266
2023-09-22,1582.751953125,3827771
2023-09-25,1565.320556640625,3231962
2023-09-26,1570.9833984375,1479841
2023-09-27,1565.074462890625,1991198
2023-09-28,1532.427734375,2369699
2023-09-29,1530.655029296875,1254881
2023-10-03,1514.060791015625,3436776
2023-10-04,1498.9930419921875,2580901
2023-10-05,1514.6024169921875,1991367
2023-10-06,1525.3370361328125,1743027
2023-10-09,1492.19775390625,2123175
2023-10-10,1514.5040283203125,1956653
2023-10-11,1532.6739501953125,1536986
2023-10-12,1542.8668212890625,1731806
2023-10-13,1538.73046875,1465554
2023-10-16,1550.6468505859375,1089610
2023-10-17,1552.6656494140625,997962
2023-10-18,1550.9422607421875,1212994
2023-10-19,1545.7227783203125,1239578
2023-10-20,1534.5943603515625,1435102
2023-10-23,1541.3895263671875,4069167
2023-10-25,1545.279541015625,2510769
2023-10-26,1483.2359619140625,3343802
2023-10-27,1487.8646240234375,3341111
2023-10-30,1475.06201171875,2637486
2023-10-31,1436.45703125,2555737
2023-11-01,1432.517822265625,2627536
2023-11-02,1447.3885498046875,2091122
2023-11-03,1446.6990966796875,2456723
2023-11-06,1465.7061767578125,1271868
2023-11-07,1457.2860107421875,1940908
2023-11-08,1464.8199462890625,1342202
2023-11-09,1528.4884033203125,4831782
2023-11-10,1500.962646484375,4872228
2023-11-13,1516.8675537109375,1968032
2023-11-15,1520.708251953125,2782942
2023-11-16,1545.6734619140625,3224223
2023-11-17,1560.4951171875,2035309
2023-11-20,1528.6361083984375,2918577
2023-11-21,1536.071533203125,2213144
2023-11-22,1520.0189208984375,1269475
2023-11-23,1522.3824462890625,1552635
2023-11-24,1529.6209716796875,1239270
2023-11-28,1542.27587890625,2596766
2023-11-29,1594.5205078125,3581220
2023-11-30,1622.735595703125,5214960
2023-12-01,1600.8233642578125,2489755
2023-12-04,1631.697509765625,3001010
2023-12-05,1660.4542236328125,3423953
2023-12-06,1676.555908203125,2279220
2023-12-07,1666.9539794921875,2461051
2023-12-08,1643.2198486328125,1942667
2023-12-11,1627.117919921875,2037178
2023-12-12,1610.5731201171875,2051527
2023-12-13,1640.8563232421875,2247441
2023-12-14,1677.6885986328125,3326228
2023-12-15,1698.7635498046875,3858594
2023-12-18,1684.8284912109375,1739425
2023-12-19,1673.55224609375,1660221
2023-12-20,1621.9476318359375,3047660
2023-12-21,1609.0465087890625,3211338
2023-12-22,1609.4405517578125,2751274
2023-12-26,1637.0155029296875,1203594
2023-12-27,1662.3253173828125,1793638
2023-12-28,1708.119384765625,2963938
2023-12-29,1703.14599609375,2273255
2024-01-01,1677.4423828125,1307485
2024-01-02,1631.0572509765625,2857334
2024-01-03,1630.1217041015625,1927812
2024-01-04,1616.7774658203125,2835768
2024-01-05,1617.0728759765625,1709313
2024-01-08,1591.6153564453125,1492195
2024-01-09,1605.156494140625,2542484
2024-01-10,1608.0126953125,1954233
2024-01-11,1603.9256591796875,2228002
2024-01-12,1599.789306640625,3061539
2024-01-15,1610.7208251953125,1405514
2024-01-16,1595.75146484375,2236688
2024-01-17,1573.4454345703125,2548169
2024-01-18,1592.6986083984375,2328588
2024-01-19,1630.417236328125,2836976
2024-01-23,1570.9833984375,2772880
2024-01-24,1603.3839111328125,2543323
2024-01-25,1610.671630859375,2038472
2024-01-29,1615.103271484375,3075670
2024-01-30,1595.75146484375,2569098
2024-01-31,1626.4779052734375,3154787
2024-02-01,1626.083984375,4065784
2024-02-02,1635.5382080078125,3304158
2024-02-05,1677.6885986328125,3525423
2024-02-06,1701.4227294921875,2219874
2024-02-07,1694.8736572265625,1213661
2024-02-08,1660.3065185546875,2550690
2024-02-09,1621.4061279296875,2033950
2024-02-12,1635.24267578125,1197925
2024-02-13,1621.750732421875,2075130
2024-02-14,1631.89453125,4368695
2024-02-15,1738.2550048828125,9887134
2024-02-16,1807.6846923828125,7188957
2024-02-19,1820.4873046875,2682236
2024-02-20,1825.5098876953125,1830562
2024-02-21,1831.4188232421875,4466234
2024-02-22,1881.34912109375,3360123
2024-02-23,1900.6513671875,3323441
2024-02-26,1900.5037841796875,2436063
2024-02-27,1920.988037109375,2821465
2024-02-28,1872.78125,2010429
2024-02-29,1903.064453125,5539065
2024-03-01,1942.9986572265625,3384932
2024-03-04,1891.8865966796875,1645331
2024-03-05,1909.8104248046875,2208384
2024-03-06,1940.733642578125,1673183
2024-03-07,1868.7435302734375,18323831
2024-03-11,1865.5919189453125,3250782
2024-03-12,1866.3798828125,3186510
2024-03-13,1825.55908203125,4270994
2024-03-14,1861.8497314453125,2388133
2024-03-15,1772.181884765625,5504948
2024-03-18,1827.8734130859375,3404076
2024-03-19,1815.9078369140625,2189225
2024-03-20,1816.4002685546875,1550415
2024-03-21,1837.5245361328125,2072960
2024-03-22,1850.278076171875,3786990
2024-03-26,1835.6534423828125,4092744
2024-03-27,1852.59228515625,4196597
2024-03-28,1892.18212890625,3790854
2024-04-01,1886.864013671875,2765845
2024-04-02,1942.013916015625,3431715
2024-04-03,1959.1005859375,3615370
2024-04-04,1972.2969970703125,3007920
2024-04-05,1982.7362060546875,2767027
2024-04-08,2046.552490234375,2781568
2024-04-09,2059.157958984375,2853137
2024-04-10,2044.6812744140625,2280814
2024-04-12,2039.5108642578125,4008660
2024-04-15,2022.276611328125,2024919
2024-04-16,2000.462890625,1981730
2024-04-18,1994.2093505859375,3539862
2024-04-19,2051.279296875,3253248
2024-04-22,2058.911865234375,2449171
2024-04-23,2031.2879638671875,2886136
2024-04-24,2027.2008056640625,1929834
2024-04-25,2065.017822265625,3084498
2024-04-26,2013.8565673828125,2952484
2024-04-29,2030.74609375,2724604
2024-04-30,2123.61474609375,5745143
2024-05-02,2151.977294921875,3347541
2024-05-03,2159.7080078125,3859227
2024-05-06,2191.173095703125,2111447
2024-05-07,2158.23095703125,1727823
2024-05-08,2149.26904296875,1993202
2024-05-09,2178.96142578125,3998822
2024-05-10,2159.757568359375,3045912
2024-05-13,2151.091064453125,2575573
2024-05-14,2235.440673828125,3830189
2024-05-15,2267.348876953125,2569084
2024-05-16,2335.744384765625,7444517
2024-05-17,2476.426025390625,9796445
2024-05-21,2484.353759765625,3747292
2024-05-22,2482.778076171875,2974921
2024-05-23,2569.58984375,4715263
2024-05-24,2540.587158203125,2919241
2024-05-27,2510.40234375,3328559
2024-05-28,2514.046142578125,1549203
2024-05-29,2495.186767578125,2720451
2024-05-30,2455.646484375,3367101
2024-05-31,2468.202880859375,8769724
2024-06-03,2594.01318359375,2701157
2024-06-04,2533.841064453125,6372249
2024-06-05,2699.339599609375,4242881
2024-06-06,2658.86376953125,4992660
2024-06-07,2814.0712890625,6447821
2024-06-10,2764.9287109375,2021106
2024-06-11,2792.50390625,2298974
2024-06-12,2745.232421875,2580846
2024-06-13,2818.256591796875,2492637
2024-06-14,2884.14111328125,3515019
2024-06-18,2916.935546875,4887512
2024-06-19,2889.3115234375,3512298
2024-06-20,2827.6123046875,4024418
2024-06-21,2796.8369140625,8400461
2024-06-24,2871.535400390625,2699784
2024-06-25,2865.232421875,1910886
2024-06-26,2808.211669921875,3282318
2024-06-27,2845.093017578125,6900180
2024-06-28,2823.131591796875,2548169
2024-07-01,2832.192138671875,1718501
2024-07-02,2821.654052734375,1507890
2024-07-03,2834.259765625,1019710
2024-07-04,2858.732666015625,1502213
2024-07-05,2857.6416015625,1966103
2024-07-08,2828.624755859375,1631998
2024-07-09,2902.18359375,2902129
2024-07-10,2710.225830078125,14481615
2024-07-11,2676.54638671875,4314565
2024-07-12,2682.3994140625,3398732
2024-07-15,2709.283447265625,2017720
2024-07-16,2734.778564453125,1925983
2024-07-18,2796.978759765625,4122844
2024-07-19,2727.387939453125,2042568
2024-07-22,2782.39599609375,2208103
2024-07-23,2798.86376953125,2572524
2024-07-24,2783.14013671875,2276082
2024-07-25,2788.992919921875,1857122
2024-07-26,2864.7841796875,2352661
2024-07-29,2909.623779296875,2388937
2024-07-30,2898.810791015625,2290006
2024-07-31,2884.624755859375,4238740
2024-08-01,2805.857421875,4971708
2024-08-02,2727.735107421875,3041513
2024-08-05,2657.5986328125,3731770
2024-08-06,2611.96533203125,3069277
2024-08-07,2659.483642578125,2479171
2024-08-08,2661.566650390625,2673182
2024-08-09,2727.239013671875,2279076
2024-08-12,2695.990234375,2321474
2024-08-13,2696.38720703125,1292521
2024-08-14,2723.370361328125,2609359
2024-08-16,2817.8115234375,4376092
2024-08-19,2743.111572265625,2500718
2024-08-20,2749.212646484375,1762399
2024-08-21,2747.32763671875,1497501
2024-08-22,2711.168212890625,2346622
2024-08-23,2737.0107421875,1943539
2024-08-26,2770.839111328125,2765969
2024-08-27,2758.636962890625,1604159
2024-08-28,2775.699951171875,1851275
2024-08-29,2735.621826171875,2237121
2024-08-30,2783.040771484375,4895220
2024-09-02,2754.8671875,2270687
2024-09-03,2762.65478515625,1592710
2024-09-04,2727.685791015625,1697000
2024-09-05,2701.39697265625,2360312
2024-09-06,2676.59619140625,2835519
2024-09-09,2687.260498046875,1269082
2024-09-10,2668.560546875,2034126
2024-09-11,2633.095458984375,2034245
2024-09-12,2719.054931640625,3730285
2024-09-13,2717.269287109375,2102332
2024-09-16,2735.42333984375,1234752
2024-09-17,2765.43212890625,1387175
2024-09-18,2785.818603515625,2526756
2024-09-19,2775.203857421875,2807727
2024-09-20,2927.331787109375,12492909
2024-09-23,3025.492919921875,3925490
2024-09-24,3049.7978515625,3697722
2024-09-25,3066.414306640625,4218815
2024-09-26,3155.74658203125,4753617
2024-09-27,3158.276123046875,6803795
2024-09-30,3070.2333984375,3554400
2024-10-01,3140.270751953125,4028211
2024-10-03,3104.905029296875,3237011
2024-10-04,2993.40087890625,4281562
2024-10-07,3035.81005859375,2732276
2024-10-08,3140.6181640625,6060165
2024-10-09,3127.870361328125,2432656
2024-10-10,3168.84130859375,2507231
2024-10-11,3109.369140625,1652856
2024-10-14,3129.755126953125,2425178
2024-10-15,3130.648193359375,2245701
2024-10-16,3043.5478515625,1972106
2024-10-17,2940.97216796875,3622197
2024-10-18,2940.624755859375,3407751
2024-10-21,2974.30419921875,5059952
2024-10-22,2864.18896484375,4195638
2024-10-23,2771.235595703125,7913897
2024-10-24,2803.823974609375,3992102
2024-10-25,2699.164794921875,4532596
2024-10-28,2758.83544921875,2813985
2024-10-29,2725.007080078125,3156567
2024-10-30,2686.119384765625,5677865
2024-10-31,2706.803466796875,3833325
2024-11-01,2795.193115234375,1061709
2024-11-04,2860.96484375,7559263
2024-11-05,2876.34130859375,3562624
2024-11-06,2911.16162109375,2902347
2024-11-07,2868.305908203125,4251557
2024-11-08,2951.18994140625,4455563
2024-11-11,2907.2431640625,2628672
2024-11-12,2875.448486328125,2414528
2024-11-13,2776.642333984375,3949602
2024-11-14,2784.826416015625,2478112
2024-11-18,2824.2099609375,2405351
2024-11-19,2925.44677734375,5230405
2024-11-21,2912.847900390625,3821808
2024-11-22,2988.9365234375,4827125
2024-11-25,3021.32666015625,6299837
2024-11-26,2961.40771484375,2144702
2024-11-27,2980.851806640625,3593911
2024-11-28,2875.59716796875,4457143
2024-11-29,2942.460205078125,3542836
2024-12-02,2992.359130859375,2318823
2024-12-03,3003.17236328125,2308865
2024-12-04,3007.5869140625,3364025
2024-12-05,3047.119384765625,3797063
2024-12-06,3048.508056640625,2688767
2024-12-09,3026.931396484375,1879542
2024-12-10,3042.45654296875,2061909
2024-12-11,3047.565673828125,2409385
2024-12-12,3043.002197265625,1958999
2024-12-13,3056.841064453125,2467964
2024-12-16,3060.263671875,2300493
2024-12-17,3017.259033203125,2564201
2024-12-18,3026.8818359375,2014105
2024-12-19,2990.623046875,2372390
2024-12-20,2883.186279296875,8046336
2024-12-23,2886.11279296875,2142508
2024-12-24,2905.358154296875,1858546
2024-12-26,2951.933837890625,2162163
2024-12-27,3025.145751953125,2290315
2024-12-30,2978.966796875,2336275
2024-12-31,2983.13330078125,1536411
2025-01-01,3057.436279296875,1686613
2025-01-02,3185.507568359375,4298090
2025-01-03,3165.121337890625,2257218
2025-01-06,3080.947509765625,2657204
2025-01-07,3084.072509765625,1978328
2025-01-08,3061.503662109375,2715102
2025-01-09,3101.581787109375,2434207
2025-01-10,3068.199951171875,2341303
2025-01-13,2975.74267578125,2207294
2025-01-14,3025.1953125,2851530
2025-01-15,2936.65673828125,2440803
2025-01-16,2956.8447265625,2598449
2025-01-17,2894.0986328125,2002830
2025-01-20,2865.081787109375,2905527
2025-01-21,2798.814208984375,3381309
2025-01-22,2803.923095703125,3133157
2025-01-23,2863.44482421875,2650506
2025-01-24,2779.07275390625,2665366
2025-01-27,2809.0322265625,2022141
2025-01-28,2847.721435546875,2432787
2025-01-29,2901.04296875,1808565
2025-01-30,2947.767333984375,3055352
2025-01-31,2966.02099609375,2412370
2025-02-01,3052.228271484375,2674573
2025-02-03,3148.0087890625,3664084
2025-02-04,3163.63330078125,3862456
2025-02-05,3153.415283203125,2264208
2025-02-06,3114.924560546875,2341341
2025-02-07,3172.958251953125,4790111
2025-02-10,3112.24609375,3852783
2025-02-11,3061.354736328125,2470280
2025-02-12,2963.391845703125,4609887
2025-02-13,2954.26513671875,2481783
2025-02-14,2919.1474609375,1959802
2025-02-17,2809.379150390625,4773279
2025-02-18,2767.813232421875,2301836
2025-02-19,2735.42333984375,2671072
2025-02-20,2816.8193359375,3799854
2025-02-21,2648.0751953125,8940621
2025-02-24,2687.607421875,6167313
2025-02-25,2755.71044921875,4916248
2025-02-27,2704.8193359375,2669767
2025-02-28,2564.496826171875,7549863
2025-03-03,2591.0830078125,4340806
2025-03-04,2592.521484375,1984876
2025-03-05,2704.868896484375,3665710
2025-03-06,2720.54296875,3706264
2025-03-07,2706.109130859375,1886774
2025-03-10,2681.060302734375,2520931
2025-03-11,2624.5146484375,3616140
2025-03-12,2632.153076171875,3447155
2025-03-13,2622.43115234375,2446428
2025-03-17,2683.58984375,2527623
2025-03-18,2683.58984375,0
2025-03-19,2766.870849609375,2438912
2025-03-20,2805.56005859375,2354374
2025-03-21,2779.519287109375,3824316
2025-03-24,2752.58544921875,5395134
2025-03-25,2714.194091796875,3576766
2025-03-26,2720.394287109375,3111504
2025-03-27,2711.2177734375,4325599
2025-03-28,2644.553466796875,6074446
2025-04-01,2616.875732421875,3300417
2025-04-02,2616.528564453125,2243574
2025-04-03,2590.63671875,2361203
2025-04-04,2575.85546875,3598415
2025-04-07,2471.39453125,3937471
2025-04-08,2503.536376953125,4253527
2025-04-09,2502.990966796875,3347213
2025-04-11,2559.78466796875,3600209
2025-04-15,2624.911376953125,3287861
2025-04-16,2613.602294921875,3070954
2025-04-17,2658.044921875,2638979
2025-04-21,2741.970703125,3120955
2025-04-22,2794.647705078125,3193757
2025-04-23,2894.545166015625,3906215
2025-04-24,2878.275634765625,2488496
2025-04-25,2841.3720703125,2299310
2025-04-28,2907.2431640625,1864672
2025-04-29,2886.410400390625,2051228
2025-04-30,2905.45751953125,2689753
2025-05-02,2893.94970703125,2868096
2025-05-05,2997.41845703125,4049197
2025-05-06,3043.944580078125,5683215
2025-05-07,3095.0341796875,2942902
2025-05-08,3008.92626953125,3323894
2025-05-09,2958.332763671875,2308852
2025-05-12,3079.955322265625,2166730
2025-05-13,3029.461181640625,2681662
2025-05-14,3077.07861328125,2236302
2025-05-15,3119.23974609375,3590003
2025-05-16,3110.609375,2269659
2025-05-19,3103.06982421875,2011149
2025-05-20,3039.083740234375,2667772
2025-05-21,3066.06689453125,1395136
2025-05-22,2982.33984375,3870830
2025-05-23,2988.688720703125,1828093
2025-05-26,3055.650634765625,2164190
2025-05-27,3015.57275390625,2599143
2025-05-28,2973.907470703125,1491995
2025-05-29,2985.01806640625,2093429
2025-05-30,2953.074951171875,3700191
2025-06-02,3001.783447265625,2967741
2025-06-03,3022.21923828125,3204094
2025-06-04,3029.064208984375,1584653
2025-06-05,3017.3583984375,3504632
2025-06-06,3081.740966796875,2028071
2025-06-09,3062.793212890625,1364639
2025-06-10,3043.052001953125,1787253
2025-06-11,3056.146728515625,1749787
2025-06-12,2995.13671875,2278398
2025-06-13,2982.0419921875,2003184
2025-06-16,2999.501953125,1673726
2025-06-17,2983.232421875,1455355
2025-06-18,3016.8623046875,2161043
2025-06-19,3070.13427734375,2482920
2025-06-20,3159.02001953125,8315834
2025-06-23,3110.013916015625,1731432
2025-06-24,3124.99365234375,2834887
2025-06-25,3189.872314453125,2078771
2025-06-26,3190.169921875,2907261
2025-06-27,3177.76953125,5098406
2025-06-30,3157.829833984375,2083572
2025-07-01,3150.786376953125,1407074
2025-07-02,3139.97314453125,1559309
2025-07-03,3149.099853515625,2102806
2025-07-04,3162.5,968006
2025-07-07,3160.199951171875,853459
2025-07-08,3157.89990234375,1513129
2025-07-09,3176.300048828125,1245661
2025-07-10,3162.39990234375,1701384
2025-07-11,3073.199951171875,3041614
2025-07-14,3092.10009765625,2958843
2025-07-15,3128.60009765625,2826720
2025-07-16,3196.5,2892812
2025-07-17,3195.0,3267180
2025-07-18,3192.39990234375,2040381
2025-07-21,3246.699951171875,2436535
2025-07-22,3257.199951171875,1854072
2025-07-23,3268.800048828125,2159800
2025-07-24,3260.89990234375,1469406
2025-07-25,3246.39990234375,1475856
2025-07-28,3209.800048828125,1939520
2025-07-29,3199.39990234375,1824673
2025-07-30,3208.89990234375,2199654
2025-07-31,3203.10009765625,4465859
2025-08-01,3159.300048828125,3781457
2025-08-04,3200.199951171875,2684012
2025-08-05,3212.199951171875,1805644
2025-08-06,3227.5,1866321
2025-08-07,3211.10009765625,2374621
2025-08-08,3144.199951171875,1721037
2025-08-11,3186.199951171875,2046761
2025-08-12,3236.5,3315978
2025-08-13,3282.199951171875,2436029
2025-08-14,3265.39990234375,1508721
2025-08-18,3383.10009765625,5787481
2025-08-19,3354.0,2596242
2025-08-20,3395.60009765625,2957816
2025-08-21,3375.10009765625,1964795
2025-08-22,3403.0,2509867
2025-08-25,3398.89990234375,1859862
2025-08-26,3330.800048828125,3122442
2025-08-28,3295.300048828125,2936428
2025-08-29,3199.5,3017625
2025-09-01,3315.39990234375,3525726
2025-09-02,3234.5,3073407
2025-09-03,3286.0,2672659
2025-09-04,3481.5,7600320
2025-09-05,3561.300048828125,3700943
2025-09-08,3561.300048828125,0
2025-09-09,3696.300048828125,2879258
2025-09-10,3604.39990234375,2298202
2025-09-11,3595.699951171875,1949934
2025-09-12,3589.89990234375,2839264
2025-09-15,3530.300048828125,2550444
2025-09-16,3608.0,2465043
2025-09-17,3633.199951171875,2237804
2025-09-18,3642.199951171875,2480472
2025-09-19,3592.10009765625,4018342
2025-09-22,3584.800048828125,1664133
2025-09-23,3614.60009765625,2523224
2025-09-24,3574.89990234375,1320014
2025-09-25,3530.0,2106344
2025-09-26,3396.5,3046760
2025-09-29,3418.10009765625,3175716
2025-09-30,3427.0,2611078
2025-10-01,3463.39990234375,2364844
2025-10-03,3462.0,2357702
2025-10-06,3472.0,1156082
2025-10-07,3492.800048828125,1508939
2025-10-08,3426.5,1444911
2025-10-09,3442.89990234375,1997853
2025-10-10,3454.89990234375,1416272
2025-10-13,3459.699951171875,1090517
2025-10-14,3459.800048828125,1518505
2025-10-15,3497.199951171875,1319445
2025-10-16,3560.800048828125,2125552
2025-10-17,3647.199951171875,3339579
2025-10-20,3599.10009765625,2827250
2025-10-21,3621.199951171875,286950
2025-10-23,3623.60009765625,3724956
2025-10-24,3625.0,1654500
2025-10-27,3611.60009765625,1440893
2025-10-28,3579.10009765625,2851093
2025-10-29,3534.699951171875,2526473
2025-10-30,3502.10009765625,2103351
2025-10-31,3487.199951171875,1915577
2025-11-03,3548.89990234375,1776510
2025-11-04,3581.199951171875,3494428
2025-11-06,3618.5,4535984
2025-11-07,3690.199951171875,2595934
2025-11-10,3663.89990234375,1620889
2025-11-11,3749.10009765625,3044040
2025-11-12,3754.300048828125,1984901
2025-11-13,3699.5,1599079
2025-11-14,3698.60009765625,1847028
2025-11-17,3734.89990234375,2094008
2025-11-18,3694.800048828125,2613743
2025-11-19,3722.5,1626043
2025-11-20,3716.699951171875,1815617
2025-11-21,3749.60009765625,3184145
2025-11-24,3690.800048828125,4059935
2025-11-25,3669.300048828125,1714176
2025-11-26,3686.39990234375,2116524
2025-11-27,3681.199951171875,1993274
2025-11-28,3757.300048828125,2944457
2025-12-01,3741.60009765625,1830158
2025-12-02,3716.5,2285922
2025-12-03,3649.39990234375,2002476
2025-12-04,3671.60009765625,1984001
2025-12-05,3717.10009765625,2393280
2025-12-08,3681.699951171875,1500195
2025-12-09,3635.89990234375,3901255
2025-12-10,3630.0,1593915
2025-12-11,3665.199951171875,981456
2025-12-12,3679.60009765625,1078982
2025-12-15,3608.0,1704069
2025-12-16,3621.0,1394406
2025-12-17,3612.800048828125,1209367
2025-12-18,3586.60009765625,2446168
2025-12-19,3603.60009765625,1647819
2025-12-22,3616.699951171875,1400786
2025-12-23,3625.10009765625,1413628
2025-12-24,3636.699951171875,842897
2025-12-26,3623.10009765625,829910
2025-12-29,3592.10009765625,1034692
2025-12-30,3660.300048828125,2063179
2025-12-31,3709.199951171875,1868363
2026-01-01,3761.0,1498161
2026-01-02,3802.39990234375,1478292
2026-01-05,3790.300048828125,1574098
2026-01-06,3785.60009765625,1299489
2026-01-07,3748.800048828125,1046776
2026-01-08,3724.0,1261005
2026-01-09,3677.300048828125,1235928
2026-01-12,3682.0,1665237
2026-01-13,3661.5,1700985
2026-01-14,3649.5,1573135
2026-01-15,3649.5,0
2026-01-16,3658.199951171875,2089943
2026-01-19,3657.39990234375,1715818
2026-01-20,3557.5,1753439
2026-01-21,3553.300048828125,1587467
2026-01-22,3573.699951171875,2107171
2026-01-23,3543.39990234375,1922549
2026-01-27,3393.5,7139715
2026-01-28,3449.199951171875,3964878
2026-01-29,3384.39990234375,5592638
2026-01-30,3431.800048828125,5291090
2026-02-02,3463.199951171875,2950641
2026-02-03,3527.89990234375,5492214
2026-02-04,3574.0,2395062
2026-02-05,3572.0,1251428
2026-02-06,3578.0,1462031
2026-02-09,3609.60009765625,1294690
2026-02-10,3675.800048828125,1917432
2026-02-11,3674.89990234375,4787745
2026-02-12,3593.10009765625,2554236
2026-02-13,3533.39990234375,1632115
2026-02-16,3509.699951171875,1562001
2026-02-17,3489.199951171875,1991583
2026-02-18,3530.5,1682427
2026-02-19,3431.800048828125,2479531
2026-02-20,3412.800048828125,2260853
2026-02-23,3447.10009765625,1789276
