date,adj_close,volume
2015-01-01,276.7253112792969,60500
2015-01-02,277.31884765625,136860
2015-01-05,277.46771240234375,213800
2015-01-06,273.6090087890625,263180
2015-01-07,274.7543029785156,713460
2015-01-08,275.9588623046875,150480
2015-01-09,279.7213134765625,409840
2015-01-12,283.067626953125,951140
2015-01-13,294.1007995605469,1102160
2015-01-14,297.0440979003906,748060
2015-01-15,298.23760986328125,1195060
2015-01-16,305.9508056640625,997040
2015-01-19,309.8380432128906,708280
2015-01-20,309.86212158203125,568620
2015-01-21,310.10296630859375,622080
2015-01-22,310.8498229980469,1082980
2015-01-23,317.9146728515625,917320
2015-01-27,321.93121337890625,907000
2015-01-28,319.91644287109375,475240
2015-01-29,315.9918518066406,440800
2015-01-30,311.5505676269531,607740
2015-02-02,309.21173095703125,494320
2015-02-03,310.0372314453125,378180
2015-02-04,305.62451171875,131760
2015-02-05,302.1817321777344,340860
2015-02-06,301.5423278808594,177620
2015-02-09,299.38958740234375,311020
2015-02-10,297.5827941894531,318040
2015-02-11,301.3891296386719,274160
2015-02-12,298.91650390625,257740
2015-02-13,308.07293701171875,573700
2015-02-16,313.052978515625,477900
2015-02-18,314.0143127441406,643780
2015-02-19,308.42547607421875,230180
2015-02-20,314.3385009765625,2695220
2015-02-23,306.574951171875,584180
2015-02-24,307.0261535644531,1165940
2015-02-25,308.8985290527344,858920
2015-02-26,307.4487609863281,514040
2015-02-27,307.5144348144531,1312840
2015-03-02,306.1632995605469,521600
2015-03-03,310.81475830078125,524860
2015-03-04,319.72802734375,905620
2015-03-05,319.56158447265625,607680
2015-03-09,323.43133544921875,431520
2015-03-10,323.994140625,365160
2015-03-11,318.8936462402344,386900
2015-03-12,321.0047607421875,274020
2015-03-13,319.6952209472656,430300
2015-03-16,318.7228698730469,254460
2015-03-17,323.648193359375,541880
2015-03-18,324.4868469238281,992220
2015-03-19,322.68890380859375,540260
2015-03-20,318.1665344238281,548920
2015-03-23,312.4638671875,472500
2015-03-24,307.5472412109375,535500
2015-03-25,308.4299011230469,542640
2015-03-26,299.8188171386719,847220
2015-03-27,298.4982604980469,524860
2015-03-30,304.1462707519531,903860
2015-03-31,304.29296875,1284000
2015-04-01,303.23309326171875,274980
2015-04-06,311.9141540527344,498260
2015-04-07,313.49530029296875,354360
2015-04-08,308.6225891113281,253900
2015-04-09,311.0228271484375,609340
2015-04-10,310.91326904296875,899140
2015-04-13,310.9154968261719,590040
2015-04-15,309.5950012207031,468540
2015-04-16,307.7729187011719,528120
2015-04-17,306.63629150390625,286920
2015-04-20,304.5491943359375,305160
2015-04-21,301.6868896484375,222660
2015-04-22,300.99493408203125,347480
2015-04-23,302.60003662109375,716540
2015-04-24,300.0180969238281,212780
2015-04-27,299.9457702636719,684780
2015-04-28,299.4531555175781,506520
2015-04-29,287.5658264160156,833100
2015-04-30,287.8789367675781,858380
2015-05-04,297.9024963378906,338820
2015-05-05,298.1631164550781,291640
2015-05-06,297.95947265625,348660
2015-05-07,296.417724609375,570180
2015-05-08,297.6769714355469,449040
2015-05-11,298.114990234375,787160
2015-05-12,293.6540222167969,761380
2015-05-13,293.5247497558594,690220
2015-05-14,300.2261962890625,404840
2015-05-15,307.96990966796875,462760
2015-05-18,309.9869079589844,753320
2015-05-19,309.01312255859375,522280
2015-05-20,306.063232421875,605100
2015-05-21,305.5047302246094,618140
2015-05-22,307.57110595703125,847920
2015-05-25,304.9639587402344,258300
2015-05-26,299.193603515625,1256800
2015-05-27,310.4992370605469,1234000
2015-05-28,310.28582763671875,684300
2015-05-29,296.82830810546875,2166760
2015-06-01,293.2519226074219,1366460
2015-06-02,299.1014099121094,1503080
2015-06-03,272.00604248046875,7808880
2015-06-04,263.9825439453125,8609540
2015-06-05,264.296875,15123780
2015-06-08,244.83815002441406,6897380
2015-06-09,262.2195129394531,11377620
2015-06-10,266.44012451171875,4943000
2015-06-11,271.02783203125,6056040
2015-06-12,267.6205749511719,2093980
2015-06-15,261.81060791015625,1461340
2015-06-16,254.31915283203125,1749640
2015-06-17,256.7043151855469,2810340
2015-06-18,267.37652587890625,2379380
2015-06-19,276.1408996582031,2916820
2015-06-22,276.82672119140625,1578880
2015-06-23,269.40771484375,1087660
2015-06-24,263.9671630859375,1100560
2015-06-25,256.5965270996094,2730260
2015-06-26,261.9468994140625,1517260
2015-06-29,266.91058349609375,1641920
2015-06-30,279.2711486816406,5053860
2015-07-01,270.1375427246094,3379980
2015-07-02,274.4086608886719,2226580
2015-07-03,271.0498352050781,1795300
2015-07-06,269.0758361816406,772420
2015-07-07,267.5172119140625,1270540
2015-07-08,263.6067199707031,2180020
2015-07-09,265.1036071777344,1416380
2015-07-10,262.1778259277344,1841440
2015-07-13,261.83050537109375,1314900
2015-07-14,261.72491455078125,814760
2015-07-15,262.37554931640625,2028020
2015-07-16,264.9079895019531,710740
2015-07-17,267.2425231933594,1057040
2015-07-20,266.91058349609375,399060
2015-07-21,266.79840087890625,452920
2015-07-22,263.3735656738281,524660
2015-07-23,266.4423828125,626740
2015-07-24,265.2772216796875,610640
2015-07-27,275.2791748046875,2264780
2015-07-28,272.2478942871094,1077740
2015-07-29,270.4980773925781,1462520
2015-07-30,278.3478698730469,3539580
2015-07-31,279.499755859375,2239100
2015-08-03,278.1303405761719,2175840
2015-08-04,279.2030029296875,2115420
2015-08-05,300.6444396972656,7291100
2015-08-06,285.157958984375,3465900
2015-08-07,287.9057922363281,1386780
2015-08-10,280.8627624511719,1240620
2015-08-11,277.7389831542969,1024740
2015-08-12,274.087646484375,2288740
2015-08-13,277.734619140625,10121700
2015-08-14,275.60455322265625,1277080
2015-08-17,269.73968505859375,908340
2015-08-18,271.02783203125,1267800
2015-08-19,268.12615966796875,1183320
2015-08-20,270.4211120605469,1310820
2015-08-21,267.7767639160156,738980
2015-08-24,265.3695983886719,1571680
2015-08-25,270.9706726074219,1011360
2015-08-26,266.609375,1139660
2015-08-27,266.2928771972656,719600
2015-08-28,268.3877258300781,863400
2015-08-31,262.2657165527344,1388160
2015-09-01,263.9451904296875,697040
2015-09-02,260.70941162109375,811500
2015-09-03,265.3453674316406,1035980
2015-09-04,263.5934143066406,390760
2015-09-07,263.8462219238281,620080
2015-09-08,259.4871520996094,745780
2015-09-09,263.1977233886719,524680
2015-09-10,264.0111389160156,458920
2015-09-11,263.8418273925781,283840
2015-09-14,266.2708740234375,369140
2015-09-15,264.75408935546875,427300
2015-09-16,268.0229187011719,1040500
2015-09-18,274.19317626953125,1297880
2015-09-21,271.5597839355469,198280
2015-09-22,270.3133544921875,506640
2015-09-23,273.4502258300781,628980
2015-09-24,273.10955810546875,536920
2015-09-28,273.4282531738281,556260
2015-09-29,271.68292236328125,483740
2015-09-30,279.9504089355469,1097420
2015-10-01,282.36181640625,606180
2015-10-05,284.8282470703125,588660
2015-10-06,285.5603332519531,464720
2015-10-07,278.6270751953125,738680
2015-10-08,279.94158935546875,179440
2015-10-09,282.1003112792969,297500
2015-10-12,275.0461730957031,481200
2015-10-13,270.4673156738281,925300
2015-10-14,273.04791259765625,312380
2015-10-15,272.86553955078125,482180
2015-10-16,288.1871337890625,6347460
2015-10-19,285.46142578125,1438240
2015-10-20,287.373779296875,1463060
2015-10-21,284.1556701660156,1199100
2015-10-23,278.2357177734375,781340
2015-10-26,277.69281005859375,668320
2015-10-27,279.37225341796875,666520
2015-10-28,278.6204833984375,596880
2015-10-29,276.5585632324219,955500
2015-10-30,271.4322509765625,1020400
2015-11-02,275.9232177734375,593800
2015-11-03,273.360107421875,570000
2015-11-04,274.82855224609375,3147420
2015-11-05,271.069580078125,766180
2015-11-06,271.21466064453125,321000
2015-11-09,268.68450927734375,1033660
2015-11-10,266.9654235839844,656560
2015-11-13,265.2904052734375,2315820
2015-11-16,263.1911926269531,2203940
2015-11-17,267.50634765625,1351420
2015-11-18,267.4051208496094,556000
2015-11-19,276.103515625,1222960
2015-11-20,272.4148254394531,398680
2015-11-23,270.01226806640625,564060
2015-11-24,266.26422119140625,660460
2015-11-26,264.8222351074219,1443780
2015-11-27,261.54473876953125,2274160
2015-11-30,257.634033203125,2847620
2015-12-01,258.4737854003906,1000000
2015-12-02,257.98797607421875,1196540
2015-12-03,256.5723571777344,1324400
2015-12-04,257.5021057128906,824360
2015-12-07,259.1089172363281,351900
2015-12-08,256.10845947265625,1008160
2015-12-09,253.2222137451172,2401160
2015-12-10,253.70359802246094,571580
2015-12-11,260.475341796875,1069040
2015-12-14,259.2188720703125,554860
2015-12-15,257.40472412109375,690380
2015-12-16,256.9549865722656,628300
2015-12-17,259.3775939941406,558220
2015-12-18,250.10391235351562,1229140
2015-12-21,250.16351318359375,560320
2015-12-22,252.61688232421875,382600
2015-12-23,254.73306274414062,245060
2015-12-24,254.64044189453125,280860
2015-12-28,255.90798950195312,445720
2015-12-29,257.4311828613281,283200
2015-12-30,257.4598083496094,385100
2015-12-31,256.9373474121094,384200
2016-01-01,255.04830932617188,241700
2016-01-04,249.96282958984375,708520
2016-01-05,249.63658142089844,542240
2016-01-06,252.1539306640625,1107440
2016-01-07,248.60279846191406,444400
2016-01-08,248.32066345214844,889300
2016-01-11,241.12124633789062,1001200
2016-01-12,239.8251495361328,1129300
2016-01-13,242.5276336669922,1237480
2016-01-14,247.59764099121094,696600
2016-01-15,246.78421020507812,540340
2016-01-18,239.65533447265625,428280
2016-01-19,239.3380126953125,426940
2016-01-20,241.8420867919922,293700
2016-01-21,239.38426208496094,1582880
2016-01-22,240.16680908203125,497680
2016-01-25,240.77297973632812,528340
2016-01-27,241.9346160888672,1190880
2016-01-28,241.10800170898438,805740
2016-01-29,241.94786071777344,1002360
2016-02-01,240.22630310058594,386360
2016-02-02,240.59664916992188,833640
2016-02-03,238.43641662597656,638780
2016-02-04,241.82887268066406,388780
2016-02-05,239.01609802246094,617660
2016-02-08,238.64141845703125,429480
2016-02-09,238.9169464111328,499880
2016-02-10,233.55381774902344,936840
2016-02-11,230.0026092529297,1166260
2016-02-12,222.9046630859375,748780
2016-02-15,222.9795684814453,1325440
2016-02-16,222.62911987304688,996220
2016-02-17,223.63865661621094,1445600
2016-02-18,228.4948272705078,532660
2016-02-19,229.67852783203125,258780
2016-02-22,232.7491912841797,1705860
2016-02-23,228.90924072265625,427740
2016-02-24,229.2244873046875,236860
2016-02-25,226.7335205078125,627760
2016-02-26,225.33604431152344,720220
2016-02-29,220.78623962402344,1058840
2016-03-01,222.7371063232422,830600
2016-03-02,223.88116455078125,582760
2016-03-03,230.03346252441406,662200
2016-03-04,233.00933837890625,525820
2016-03-08,234.57659912109375,1070940
2016-03-09,229.6829833984375,942460
2016-03-10,228.27223205566406,1274220
2016-03-11,227.62637329101562,706240
2016-03-14,224.9789276123047,1224260
2016-03-15,222.8032684326172,1988260
2016-03-16,220.95156860351562,1837000
2016-03-17,224.7034149169922,699580
2016-03-18,228.64471435546875,1033920
2016-03-21,230.64187622070312,1056680
2016-03-22,231.9115753173828,923840
2016-03-23,231.59414672851562,2155840
2016-03-28,236.01820373535156,1393220
2016-03-29,235.2422637939453,312800
2016-03-30,241.5863494873047,956320
2016-03-31,253.82266235351562,1443420
2016-04-01,248.5697479248047,747860
2016-04-04,250.56906127929688,433880
2016-04-05,253.01145935058594,624620
2016-04-06,252.35894775390625,613920
2016-04-07,259.6067810058594,789320
2016-04-08,263.44677734375,442660
2016-04-11,258.8221435546875,503600
2016-04-12,271.03631591796875,1256020
2016-04-13,269.65643310546875,657960
2016-04-18,270.4543762207031,948980
2016-04-20,266.107421875,873300
2016-04-21,263.058837890625,1516880
2016-04-22,263.186767578125,311320
2016-04-25,259.3026123046875,1201780
2016-04-26,257.0542907714844,1414640
2016-04-27,259.4877624511719,366180
2016-04-28,260.46649169921875,797020
2016-04-29,252.41627502441406,689380
2016-05-02,253.68594360351562,406100
2016-05-03,246.51522827148438,685260
2016-05-04,244.3396453857422,476940
2016-05-05,244.27789306640625,496380
2016-05-06,247.36619567871094,1037020
2016-05-09,242.89804077148438,713080
2016-05-10,243.37628173828125,1198900
2016-05-11,246.9583282470703,356060
2016-05-12,251.7483673095703,517820
2016-05-13,269.8834228515625,3927540
2016-05-16,277.060791015625,1592200
2016-05-17,274.20172119140625,1489960
2016-05-18,274.6913757324219,396760
2016-05-19,269.8997802734375,341020
2016-05-20,266.07635498046875,810560
2016-05-23,264.34185791015625,351080
2016-05-24,265.99664306640625,1181020
2016-05-25,272.2856140136719,579180
2016-05-26,272.1150207519531,665060
2016-05-27,273.53057861328125,644220
2016-05-30,279.46728515625,685160
2016-05-31,270.1368103027344,1517200
2016-06-01,283.1379699707031,1275820
2016-06-02,279.20587158203125,1455480
2016-06-03,279.3454284667969,706740
2016-06-06,287.063232421875,1519780
2016-06-07,285.771728515625,1283140
2016-06-08,287.1296691894531,528240
2016-06-09,284.9210510253906,324480
2016-06-10,289.93182373046875,548620
2016-06-13,289.65936279296875,570600
2016-06-14,291.921142578125,356920
2016-06-15,287.6258544921875,626900
2016-06-16,287.5660400390625,661660
2016-06-17,286.3897399902344,443940
2016-06-20,290.10894775390625,588400
2016-06-21,289.6328430175781,364320
2016-06-22,287.51287841796875,400040
2016-06-23,284.95208740234375,523420
2016-06-24,287.8207092285156,422180
2016-06-27,285.66314697265625,342340
2016-06-28,287.701171875,836400
2016-06-29,285.51922607421875,248480
2016-06-30,287.636962890625,2508280
2016-07-01,288.4056091308594,442380
2016-07-04,289.21630859375,300540
2016-07-05,289.4334716796875,407180
2016-07-07,288.4764709472656,239980
2016-07-08,284.0837707519531,757500
2016-07-11,287.40875244140625,876800
2016-07-12,284.75274658203125,657280
2016-07-13,291.5733642578125,1661720
2016-07-14,290.9442443847656,475280
2016-07-15,293.86602783203125,897500
2016-07-18,293.2325439453125,788340
2016-07-19,294.29803466796875,912220
2016-07-20,295.69805908203125,742300
2016-07-21,304.26641845703125,675900
2016-07-22,313.59906005859375,1426900
2016-07-25,315.7323303222656,619000
2016-07-26,317.40032958984375,493980
2016-07-27,313.51043701171875,542400
2016-07-28,320.6412048339844,1175420
2016-07-29,318.4725646972656,1161800
2016-08-01,307.9990234375,1521700
2016-08-02,302.75115966796875,671880
2016-08-03,300.2325134277344,412200
2016-08-04,301.49737548828125,330980
2016-08-05,303.4879150390625,433780
2016-08-08,304.2358093261719,544220
2016-08-09,305.8956298828125,357120
2016-08-10,303.7830505371094,375040
2016-08-11,303.97613525390625,338520
2016-08-12,306.00665283203125,517600
2016-08-16,299.54681396484375,544800
2016-08-17,297.1146240234375,573340
2016-08-18,297.2278137207031,276060
2016-08-19,298.5748596191406,142900
2016-08-22,301.1489562988281,629140
2016-08-23,302.2829895019531,575460
2016-08-24,302.60693359375,645800
2016-08-25,303.1240539550781,528900
2016-08-26,303.1861572265625,399400
2016-08-29,299.6423034667969,842140
2016-08-30,296.8084716796875,408820
2016-08-31,289.6185302734375,1245320
2016-09-01,287.9807434082031,521160
2016-09-02,285.80609130859375,287580
2016-09-06,291.37603759765625,615900
2016-09-07,286.7891540527344,1067060
2016-09-08,285.4576721191406,314400
2016-09-09,288.83514404296875,516400
2016-09-12,285.43109130859375,342700
2016-09-14,281.5809326171875,1052840
2016-09-15,279.67022705078125,1672020
2016-09-16,284.3569641113281,877440
2016-09-19,281.27020263671875,1058260
2016-09-20,281.3811340332031,430520
2016-09-21,280.187255859375,628940
2016-09-22,286.27880859375,684260
2016-09-23,288.244873046875,1068960
2016-09-26,288.67315673828125,491040
2016-09-27,287.9630432128906,472420
2016-09-28,286.3785705566406,380440
2016-09-29,281.96923828125,691660
2016-09-30,285.5042419433594,1297960
2016-10-03,293.8946838378906,615360
2016-10-04,296.5155334472656,484380
2016-10-05,300.7139892578125,342160
2016-10-06,298.4061584472656,263820
2016-10-07,298.59698486328125,128280
2016-10-10,294.36962890625,153640
2016-10-13,290.3885498046875,481120
2016-10-14,305.22772216796875,815860
2016-10-17,299.9396057128906,263280
2016-10-18,305.0791015625,504360
2016-10-19,301.4685363769531,480260
2016-10-20,303.69879150390625,956020
2016-10-21,304.8659973144531,234060
2016-10-24,304.1669616699219,184700
2016-10-25,301.53070068359375,1555040
2016-10-26,302.9264831542969,833560
2016-10-27,307.8773498535156,338800
2016-10-28,310.0431823730469,491900
2016-11-01,301.5484924316406,664260
2016-11-02,299.9861755371094,361340
2016-11-03,298.1488037109375,337320
2016-11-04,295.32159423828125,354340
2016-11-07,286.6226806640625,471160
2016-11-08,286.3409118652344,257060
2016-11-09,283.50927734375,807420
2016-11-10,284.9383850097656,393880
2016-11-11,277.6219787597656,885140
2016-11-15,264.41387939453125,2123260
2016-11-16,264.76666259765625,3487720
2016-11-17,264.4294128417969,1224200
2016-11-18,261.0429992675781,1223680
2016-11-21,260.437255859375,577560
2016-11-22,261.58673095703125,1229640
2016-11-23,262.55865478515625,2687520
2016-11-24,271.77239990234375,541740
2016-11-25,273.3612060546875,1269500
2016-11-28,279.1154479980469,290800
2016-11-29,279.119873046875,1588580
2016-11-30,279.15093994140625,877460
2016-12-01,278.9002380371094,786900
2016-12-02,276.5434875488281,1260320
2016-12-05,276.4569396972656,422960
2016-12-06,278.09466552734375,472500
2016-12-07,278.8070068359375,321820
2016-12-08,280.9706726074219,385040
2016-12-09,282.64581298828125,312380
2016-12-12,280.9261169433594,162240
2016-12-13,281.63140869140625,583800
2016-12-14,277.4310302734375,401840
2016-12-15,274.8325500488281,473060
2016-12-16,272.093994140625,995180
2016-12-19,268.3363952636719,564960
2016-12-20,263.3173828125,394320
2016-12-21,260.13604736328125,1062800
2016-12-22,256.6387939453125,937820
2016-12-23,258.2293701171875,1066260
2016-12-26,259.7599792480469,164060
2016-12-27,261.519775390625,503100
2016-12-28,262.41412353515625,730220
2016-12-29,265.8246154785156,726740
2016-12-30,268.2295227050781,333160
2017-01-02,265.8290710449219,327520
2017-01-03,268.1872863769531,279920
2017-01-04,262.0804443359375,883680
2017-01-05,263.4887390136719,999660
2017-01-06,263.8468322753906,218580
2017-01-09,263.0014953613281,104620
2017-01-10,262.7745056152344,268440
2017-01-11,263.1771545410156,522720
2017-01-12,260.5164489746094,1000620
2017-01-13,262.48748779296875,412580
2017-01-16,261.7822570800781,100180
2017-01-17,262.33184814453125,206080
2017-01-18,263.3306884765625,883100
2017-01-19,263.02813720703125,630120
2017-01-20,262.5097961425781,4585220
2017-01-23,263.5888366699219,397240
2017-01-24,265.0882263183594,370280
2017-01-25,265.4530944824219,1521500
2017-01-27,263.1505432128906,718140
2017-01-30,262.4964599609375,839700
2017-01-31,260.3763427734375,4553860
2017-02-01,263.0727233886719,370180
2017-02-02,266.7144775390625,572820
2017-02-03,270.9059753417969,513780
2017-02-06,280.5612487792969,602260
2017-02-07,272.6746826171875,705680
2017-02-08,275.5599670410156,687160
2017-02-09,275.7202453613281,1090260
2017-02-10,274.8970642089844,713560
2017-02-13,275.8738098144531,1312000
2017-02-14,275.5599670410156,327860
2017-02-15,274.5032958984375,404360
2017-02-16,276.214111328125,1329920
2017-02-17,277.6690979003906,629700
2017-02-20,279.6091003417969,778240
2017-02-21,283.7204895019531,918260
2017-02-22,284.6680908203125,307640
2017-02-23,283.9584045410156,300680
2017-02-27,282.0830383300781,285640
2017-02-28,278.2809753417969,651900
2017-03-01,278.10968017578125,190440
2017-03-02,275.7603759765625,510000
2017-03-03,275.4021301269531,631160
2017-03-06,279.1019592285156,199600
2017-03-07,281.1642150878906,1713360
2017-03-08,282.3811340332031,251720
2017-03-09,276.34765625,494640
2017-03-10,272.8302917480469,399760
2017-03-14,272.28082275390625,570700
2017-03-15,271.6378479003906,933540
2017-03-16,273.66021728515625,886500
2017-03-17,276.8504638671875,1026000
2017-03-20,280.1741943359375,652220
2017-03-21,281.8828125,671260
2017-03-22,282.1675720214844,615420
2017-03-23,282.0163269042969,1014060
2017-03-24,282.65472412109375,455440
2017-03-27,287.5847473144531,379140
2017-03-28,289.2822570800781,396420
2017-03-29,288.9128723144531,1284320
2017-03-30,293.8963928222656,1274600
2017-03-31,297.25341796875,836860
2017-04-03,292.71051025390625,230200
2017-04-05,294.9130554199219,456900
2017-04-06,294.4124755859375,497420
2017-04-07,294.5414733886719,489800
2017-04-10,294.9330749511719,485360
2017-04-11,291.8517150878906,319300
2017-04-12,290.047607421875,543320
2017-04-13,286.468017578125,458460
2017-04-17,280.8526916503906,368420
2017-04-18,281.9984436035156,734660
2017-04-19,280.2519836425781,285160
2017-04-20,282.08526611328125,294180
2017-04-21,282.7059631347656,239840
2017-04-24,279.7737121582031,455840
2017-04-25,281.3443908691406,877520
2017-04-26,285.8472900390625,390920
2017-04-27,298.2100830078125,1318120
2017-04-28,298.0143127441406,1058700
2017-05-02,298.7840576171875,756060
2017-05-03,298.8063659667969,478000
2017-05-04,299.6940002441406,360580
2017-05-05,299.2913513183594,468520
2017-05-08,298.5215759277344,346440
2017-05-09,298.3280334472656,215020
2017-05-10,307.9188537597656,2007800
2017-05-11,305.080078125,470660
2017-05-12,303.5160827636719,1739640
2017-05-15,294.10107421875,1518800
2017-05-16,288.2900390625,980300
2017-05-17,291.7783203125,525160
2017-05-18,290.5257873535156,1166020
2017-05-19,292.4324035644531,580900
2017-05-22,295.1983642578125,468120
2017-05-23,294.6904296875,969800
2017-05-24,292.11920166015625,1119340
2017-05-25,290.83917236328125,999600
2017-05-26,297.556884765625,1824800
2017-05-29,296.16058349609375,1155900
2017-05-30,295.4197998046875,211280
2017-05-31,297.4024658203125,1622280
2017-06-01,295.6458435058594,406300
2017-06-02,297.55914306640625,599820
2017-06-05,300.4950866699219,694820
2017-06-06,298.839111328125,369200
2017-06-07,298.50799560546875,653820
2017-06-08,297.70458984375,647580
2017-06-09,298.40496826171875,491160
2017-06-12,298.0761413574219,622420
2017-06-13,299.4164733886719,296360
2017-06-14,299.1591491699219,827260
2017-06-15,299.2933349609375,807420
2017-06-16,302.53363037109375,714600
2017-06-19,301.5759582519531,617280
2017-06-20,299.8125915527344,401620
2017-06-21,302.520263671875,691980
2017-06-22,303.4198303222656,605760
2017-06-23,297.1585998535156,613400
2017-06-27,295.3817443847656,656440
2017-06-28,297.55914306640625,336620
2017-06-29,302.0390930175781,657380
2017-06-30,301.5065002441406,1169680
2017-07-03,301.578125,1480960
2017-07-04,306.4251708984375,1031500
2017-07-05,309.1843566894531,953220
2017-07-06,309.6162109375,496240
2017-07-07,307.47021484375,449400
2017-07-10,304.5812072753906,174660
2017-07-11,303.37066650390625,694300
2017-07-12,305.32415771484375,588240
2017-07-13,303.69952392578125,1203740
2017-07-14,304.8251037597656,1007600
2017-07-17,307.8348693847656,351040
2017-07-18,306.68475341796875,823980
2017-07-19,310.5157165527344,594860
2017-07-20,307.4410400390625,148760
2017-07-21,304.65057373046875,714960
2017-07-24,305.9395446777344,598420
2017-07-25,305.21002197265625,710200
2017-07-26,303.69281005859375,726480
2017-07-27,304.3194580078125,1306980
2017-07-28,303.4712829589844,532940
2017-07-31,302.8648376464844,822740
2017-08-01,299.99383544921875,1226240
2017-08-02,301.0523681640625,549260
2017-08-03,301.93603515625,1417180
2017-08-04,300.63299560546875,361360
2017-08-07,302.330810546875,443080
2017-08-08,299.7044677734375,551000
2017-08-09,301.87548828125,740460
2017-08-10,297.957275390625,1809520
2017-08-11,293.548095703125,558640
2017-08-14,298.3991394042969,450460
2017-08-16,299.6485290527344,372720
2017-08-17,298.4149169921875,376060
2017-08-18,298.44189453125,1237680
2017-08-21,296.90997314453125,736100
2017-08-22,296.24163818359375,929440
2017-08-23,296.31787109375,400640
2017-08-24,296.1630859375,565000
2017-08-28,316.1687316894531,4220020
2017-08-29,312.0240478515625,1576560
2017-08-30,315.4891662597656,1705480
2017-08-31,319.427490234375,1868940
2017-09-01,314.675048828125,641800
2017-09-04,307.9242858886719,1040700
2017-09-05,315.2335205078125,1907140
2017-09-06,312.80230712890625,1046380
2017-09-07,319.9342956542969,1639880
2017-09-08,323.0226135253906,1313060
2017-09-11,327.2300720214844,1021840
2017-09-12,331.4263000488281,1271300
2017-09-13,324.72265625,1057140
2017-09-14,324.4894714355469,1102820
2017-09-15,329.6455383300781,1083900
2017-09-18,326.9295349121094,282640
2017-09-19,325.4179382324219,334240
2017-09-20,323.1101379394531,647580
2017-09-21,320.546630859375,2272880
2017-09-22,321.5940246582031,341320
2017-09-25,320.5555725097656,629600
2017-09-26,316.4422302246094,449400
2017-09-27,318.56622314453125,982240
2017-09-28,320.160888671875,1105860
2017-09-29,323.6999816894531,977220
2017-10-03,327.87384033203125,997120
2017-10-04,328.81793212890625,478140
2017-10-05,325.6893615722656,168800
2017-10-06,329.8138732910156,632400
2017-10-09,327.2278747558594,248000
2017-10-10,326.9183654785156,337580
2017-10-11,326.9429931640625,691400
2017-10-12,331.0741271972656,1478900
2017-10-13,329.4818420410156,3612660
2017-10-16,326.6761474609375,406180
2017-10-17,330.7624816894531,356180
2017-10-18,325.0119323730469,313560
2017-10-19,323.6865234375,76200
2017-10-23,323.6865234375,1214120
2017-10-24,324.68896484375,152320
2017-10-25,320.8695983886719,518680
2017-10-26,320.4882507324219,3204520
2017-10-27,321.643310546875,351720
2017-10-30,323.8412780761719,404080
2017-10-31,324.7091979980469,579700
2017-11-01,328.23931884765625,977780
2017-11-02,326.90045166015625,396220
2017-11-03,332.5343322753906,1903060
2017-11-06,340.6530456542969,2166040
2017-11-07,345.1857604980469,1666780
2017-11-08,351.16278076171875,1794720
2017-11-09,349.84173583984375,2728840
2017-11-10,349.2115478515625,1277720
2017-11-13,346.2779235839844,1114240
2017-11-14,342.7254943847656,494060
2017-11-15,346.3340148925781,2060140
2017-11-16,342.83758544921875,605560
2017-11-17,344.9547424316406,303580
2017-11-20,346.4977111816406,751640
2017-11-21,347.376953125,408460
2017-11-22,341.1890869140625,1112200
2017-11-23,341.1151428222656,562600
2017-11-24,336.51739501953125,1101900
2017-11-27,336.1585388183594,508360
2017-11-28,336.31781005859375,939980
2017-11-29,336.88525390625,1378440
2017-11-30,343.7503967285156,1947080
2017-12-01,345.22845458984375,820120
2017-12-04,345.62762451171875,674760
2017-12-05,344.9883728027344,699400
2017-12-06,345.775634765625,1534960
2017-12-07,350.6357116699219,1396860
2017-12-08,355.302978515625,1628380
2017-12-11,354.60931396484375,812720
2017-12-12,357.31640625,806720
2017-12-13,357.4537353515625,511740
2017-12-14,354.7984619140625,608260
2017-12-15,353.530517578125,1238320
2017-12-18,357.1474304199219,398020
2017-12-19,355.71734619140625,557980
2017-12-20,357.87945556640625,818160
2017-12-21,355.81646728515625,401980
2017-12-22,355.08905029296875,448740
2017-12-26,352.6206359863281,319280
2017-12-27,348.6590270996094,283800
2017-12-28,348.3190612792969,366340
2017-12-29,354.53045654296875,610540
2018-01-01,354.1836242675781,132120
2018-01-02,354.1993408203125,1312260
2018-01-03,354.0439758300781,558960
2018-01-04,354.4561767578125,558040
2018-01-05,353.89312744140625,199400
2018-01-08,357.6947021484375,718380
2018-01-09,350.4022216796875,1168880
2018-01-10,353.43817138671875,440920
2018-01-11,354.6836242675781,941200
2018-01-12,350.8526306152344,646820
2018-01-15,349.4427795410156,528080
2018-01-16,350.1928405761719,559140
2018-01-17,349.6206970214844,1404800
2018-01-18,348.46307373046875,600020
2018-01-19,345.9609375,380740
2018-01-22,345.3462219238281,621240
2018-01-23,342.314697265625,734760
2018-01-24,342.00848388671875,317260
2018-01-25,337.4071960449219,748760
2018-01-29,339.2134704589844,931460
2018-01-30,335.83758544921875,577440
2018-01-31,336.4343566894531,496780
2018-02-01,329.3039855957031,2127900
2018-02-02,321.40338134765625,1288260
2018-02-05,321.36956787109375,1111500
2018-02-06,316.0364990234375,1364380
2018-02-07,315.61773681640625,801720
2018-02-08,314.6717529296875,1365780
2018-02-09,313.935302734375,1490640
2018-02-12,321.6940002441406,2097700
2018-02-14,327.2364807128906,2348980
2018-02-15,341.571533203125,7088720
2018-02-16,342.00616455078125,1539820
2018-02-19,338.125732421875,1014920
2018-02-20,341.09637451171875,997300
2018-02-21,342.2178955078125,1467340
2018-02-22,339.7742614746094,1888420
2018-02-23,341.55352783203125,1329280
2018-02-26,343.46551513671875,1317880
2018-02-27,349.532958984375,1397660
2018-02-28,349.6094665527344,1511520
2018-03-01,353.5620422363281,1221720
2018-03-05,347.46319580078125,1272860
2018-03-06,346.3303527832031,1246120
2018-03-07,347.0329895019531,1227760
2018-03-08,347.2852783203125,999880
2018-03-09,344.9114990234375,2086200
2018-03-12,343.18408203125,578860
2018-03-13,346.84381103515625,1317180
2018-03-14,344.47906494140625,1292400
2018-03-15,347.72662353515625,1309780
2018-03-16,346.62310791015625,3532020
2018-03-19,345.179443359375,1338360
2018-03-20,353.20391845703125,2709740
2018-03-21,353.7354431152344,1518520
2018-03-22,353.1723937988281,1202000
2018-03-23,351.0576477050781,1945480
2018-03-26,352.6453552246094,1249220
2018-03-27,365.421875,2500000
2018-03-28,369.5140686035156,2481520
2018-04-02,374.2616271972656,1220480
2018-04-03,375.8381042480469,1212240
2018-04-04,376.15789794921875,1338300
2018-04-05,377.6533203125,732960
2018-04-06,375.97320556640625,770880
2018-04-09,377.56317138671875,1080820
2018-04-10,382.8265380859375,1194120
2018-04-11,381.8018798828125,734220
2018-04-12,389.0357666015625,1676300
2018-04-13,391.3127136230469,1013600
2018-04-16,394.1009216308594,1753140
2018-04-17,406.0012512207031,2355160
2018-04-18,404.27392578125,949880
2018-04-19,411.9447326660156,1345360
2018-04-20,412.6856994628906,863900
2018-04-23,401.1253662109375,1351560
2018-04-24,397.373291015625,1020440
2018-04-25,393.43194580078125,1685200
2018-04-26,407.3233337402344,2649960
2018-04-27,408.1678771972656,778620
2018-04-30,423.2506103515625,1337520
2018-05-02,414.45367431640625,1258620
2018-05-03,409.8321228027344,924020
2018-05-04,410.4064636230469,675900
2018-05-07,409.564208984375,1141000
2018-05-08,410.6902770996094,1834060
2018-05-09,410.8277282714844,491980
2018-05-10,404.5577087402344,885480
2018-05-11,428.94622802734375,4173860
2018-05-14,431.12640380859375,991520
2018-05-15,430.8471374511719,1762740
2018-05-16,435.6342468261719,1014180
2018-05-17,439.1566467285156,1659140
2018-05-18,438.1454162597656,1713180
2018-05-21,429.22503662109375,829940
2018-05-22,435.9169616699219,1078220
2018-05-23,436.23602294921875,739240
2018-05-24,437.3241882324219,588020
2018-05-25,440.46649169921875,614460
2018-05-28,437.0390625,737420
2018-05-29,430.3992004394531,878280
2018-05-30,431.2022705078125,1181980
2018-05-31,436.8106384277344,2992480
2018-06-01,447.87567138671875,2973480
2018-06-04,444.1858215332031,740920
2018-06-05,431.4556884765625,1241480
2018-06-06,441.6225891113281,770440
2018-06-07,442.8487548828125,904960
2018-06-08,447.43682861328125,1164220
2018-06-11,448.69915771484375,868620
2018-06-12,444.96630859375,542380
2018-06-13,445.0929870605469,590620
2018-06-14,441.45977783203125,585080
2018-06-15,440.81494140625,1533620
2018-06-18,435.2066345214844,935440
2018-06-19,435.197509765625,1347840
2018-06-20,440.0254211425781,1185720
2018-06-21,445.69708251953125,875440
2018-06-22,446.6313171386719,720080
2018-06-25,447.7104797363281,1040160
2018-06-26,456.28936767578125,2726400
2018-06-27,452.4365234375,1648480
2018-06-28,442.17236328125,1458600
2018-06-29,443.87359619140625,1267380
2018-07-02,441.8397521972656,718100
2018-07-03,442.72216796875,1114720
2018-07-04,446.25360107421875,507700
2018-07-05,450.5225830078125,338200
2018-07-06,449.8891296386719,730860
2018-07-09,447.91644287109375,293960
2018-07-10,452.7035217285156,786280
2018-07-11,461.09222412109375,1107740
2018-07-12,453.7803649902344,711380
2018-07-13,458.8909606933594,741820
2018-07-16,461.54693603515625,538660
2018-07-17,475.62091064453125,1718380
2018-07-18,470.2727355957031,1480640
2018-07-19,465.55584716796875,844520
2018-07-20,468.2207946777344,865560
2018-07-23,470.26593017578125,394420
2018-07-24,465.6123962402344,641580
2018-07-25,463.0354919433594,460200
2018-07-26,467.1213073730469,576680
2018-07-27,465.32275390625,666400
2018-07-30,458.00408935546875,702300
2018-07-31,476.4646911621094,1402280
2018-08-01,490.33062744140625,1396120
2018-08-02,486.83074951171875,690300
2018-08-03,467.1529846191406,3313400
2018-08-06,476.656982421875,1176040
2018-08-07,476.7995910644531,745720
2018-08-08,487.140625,1392760
2018-08-09,492.3938293457031,1632920
2018-08-10,484.3975524902344,1147660
2018-08-13,491.8861389160156,1059980
2018-08-14,492.14453125,747120
2018-08-16,492.1579284667969,983420
2018-08-17,492.8721008300781,1178060
2018-08-20,491.4237365722656,826420
2018-08-21,493.4794921875,1249700
2018-08-23,523.290771484375,3880800
2018-08-24,515.0701293945312,989180
2018-08-27,513.739501953125,959940
2018-08-28,513.4109497070312,561940
2018-08-29,512.1961669921875,1247000
2018-08-30,511.6116027832031,1664260
2018-08-31,525.0222778320312,3719360
2018-09-03,511.2261962890625,1189240
2018-09-04,491.4305725097656,1631380
2018-09-05,470.79864501953125,2596040
2018-09-06,468.5095520019531,1810980
2018-09-07,473.54107666015625,2253780
2018-09-10,468.2715759277344,745480
2018-09-11,455.4612731933594,1205240
2018-09-12,469.3458251953125,2019240
2018-09-14,468.50494384765625,1868000
2018-09-17,461.2340087890625,611640
2018-09-18,464.33917236328125,753980
2018-09-19,459.87188720703125,760120
2018-09-21,441.948486328125,3053400
2018-09-24,438.0002136230469,637900
2018-09-25,439.57989501953125,1759900
2018-09-26,441.0304870605469,1157740
2018-09-27,434.1993103027344,1671200
2018-09-28,439.6842346191406,2319080
2018-10-01,435.6044921875,1066560
2018-10-03,423.5535583496094,1730680
2018-10-04,423.7416076660156,1656020
2018-10-05,426.9578552246094,2064640
2018-10-08,425.2285461425781,1513740
2018-10-09,430.26922607421875,1623460
2018-10-10,431.0987548828125,1083420
2018-10-11,425.39398193359375,1827420
2018-10-12,439.6932067871094,2136900
2018-10-15,437.70098876953125,700740
2018-10-16,441.39996337890625,987500
2018-10-17,440.8492126464844,911620
2018-10-19,435.5773010253906,1381800
2018-10-22,437.02557373046875,2291160
2018-10-23,423.9456787109375,1848380
2018-10-24,432.18438720703125,1985760
2018-10-25,432.3679504394531,2476440
2018-10-26,433.7822265625,1433260
2018-10-29,438.9362487792969,4789260
2018-10-30,440.536376953125,1254120
2018-10-31,460.00103759765625,3249680
2018-11-01,451.91656494140625,1548260
2018-11-02,463.70904541015625,1830920
2018-11-05,468.3780212402344,1203260
2018-11-06,460.56317138671875,796580
2018-11-07,463.28973388671875,69300
2018-11-09,463.5436096191406,1112000
2018-11-12,458.9449157714844,729500
2018-11-13,459.8310546875,415960
2018-11-14,471.1748352050781,1789840
2018-11-15,474.32305908203125,1868080
2018-11-16,484.4520263671875,2289800
2018-11-19,468.8312683105469,2867820
2018-11-20,464.84222412109375,1043460
2018-11-21,464.1011962890625,831240
2018-11-22,467.04522705078125,1019280
2018-11-26,473.8448181152344,920280
2018-11-27,476.7980651855469,764320
2018-11-28,484.97100830078125,1779360
2018-11-29,480.7893981933594,3562520
2018-11-30,487.9695739746094,1423500
2018-12-03,487.0992126464844,1311220
2018-12-04,479.9983215332031,1032640
2018-12-05,475.4403991699219,1715960
2018-12-06,467.3218688964844,871240
2018-12-07,471.6394958496094,1156040
2018-12-10,471.3811340332031,1895560
2018-12-11,482.0631103515625,1095320
2018-12-12,493.9137268066406,1813140
2018-12-13,500.8272705078125,1522740
2018-12-14,500.3421325683594,1254560
2018-12-17,508.75445556640625,1971000
2018-12-18,505.2656555175781,1340380
2018-12-19,508.9228210449219,2726120
2018-12-20,511.5757141113281,1158500
2018-12-21,501.45806884765625,1325820
2018-12-24,497.4934997558594,683820
2018-12-26,490.51153564453125,743440
2018-12-27,498.3816223144531,1046220
2018-12-28,512.7621459960938,1132720
2018-12-31,504.84881591796875,928600
2019-01-01,501.6698303222656,634180
2019-01-02,502.5967102050781,563340
2019-01-03,510.4189453125,3385820
2019-01-04,494.2075500488281,4123260
2019-01-07,491.2426452636719,1719180
2019-01-08,501.2303771972656,2686820
2019-01-09,512.472900390625,1969660
2019-01-10,519.9580688476562,1538300
2019-01-11,513.4179077148438,1145060
2019-01-14,511.3979797363281,1036220
2019-01-15,513.8573608398438,989400
2019-01-16,503.5303039550781,2733580
2019-01-17,508.5310363769531,1454740
2019-01-18,512.2976684570312,1535240
2019-01-21,512.6095581054688,382160
2019-01-22,511.7577209472656,799160
2019-01-23,515.3716430664062,1024200
2019-01-24,520.7232666015625,2092360
2019-01-25,517.6353149414062,1198560
2019-01-28,517.4075927734375,2079260
2019-01-29,519.1610107421875,1412640
2019-01-30,519.0494384765625,785800
2019-01-31,523.6585693359375,1907460
2019-02-01,526.3318481445312,1238120
2019-02-04,525.2935791015625,688680
2019-02-05,528.6502075195312,734540
2019-02-06,529.103271484375,557700
2019-02-07,533.5802612304688,723360
2019-02-08,512.0379638671875,2293940
2019-02-11,493.8568115234375,2456820
2019-02-12,491.1377258300781,1951520
2019-02-14,484.0785217285156,2491260
2019-02-15,479.8269958496094,8296260
2019-02-18,471.3556823730469,1744700
2019-02-19,478.91375732421875,1772020
2019-02-20,479.2052917480469,1247580
2019-02-21,483.7664794921875,1405600
2019-02-22,486.6585693359375,1105660
2019-02-25,493.31707763671875,841720
2019-02-26,492.0758972167969,1449340
2019-02-27,487.9451904296875,1714260
2019-02-28,484.5771179199219,2237500
2019-03-01,476.0172424316406,2195640
2019-03-05,478.48333740234375,1633160
2019-03-06,470.048583984375,2908680
2019-03-07,464.7017517089844,1561040
2019-03-08,459.7739562988281,1969960
2019-03-11,468.77569580078125,2282720
2019-03-12,474.9742736816406,1660860
2019-03-13,488.3822937011719,2675200
2019-03-14,489.111083984375,1116080
2019-03-15,468.6435546875,3669040
2019-03-18,476.2358093261719,1225240
2019-03-19,487.6399841308594,1656420
2019-03-20,479.5855712890625,1192600
2019-03-22,482.79632568359375,1713120
2019-03-25,479.5012512207031,2195700
2019-03-26,486.95220947265625,3013700
2019-03-27,496.0656433105469,2792100
2019-03-28,504.313720703125,1836560
2019-04-01,497.1200866699219,1628620
2019-04-02,491.2744445800781,1192180
2019-04-03,501.1551818847656,1493840
2019-04-04,499.2469177246094,803540
2019-04-05,500.10760498046875,520260
2019-04-08,494.18017578125,740980
2019-04-09,491.42242431640625,1514600
2019-04-10,492.4198303222656,961780
2019-04-11,490.24053955078125,1878040
2019-04-12,499.79107666015625,994740
2019-04-15,499.6226501464844,1694700
2019-04-16,508.0801086425781,1787100
2019-04-18,498.90985107421875,1127980
2019-04-22,495.5146179199219,637660
2019-04-23,496.8945617675781,502380
2019-04-24,493.39678955078125,1527160
2019-04-25,493.99114990234375,1804980
2019-04-26,499.6750183105469,1028240
2019-04-30,497.80572509765625,1484760
2019-05-02,483.39923095703125,884980
2019-05-03,478.6517639160156,2308960
2019-05-06,474.13641357421875,1802720
2019-05-07,479.3105773925781,1452620
2019-05-08,471.1330261230469,927820
2019-05-09,474.05413818359375,931040
2019-05-10,468.05877685546875,1225460
2019-05-13,471.2109069824219,960840
2019-05-14,466.57196044921875,1085500
2019-05-15,469.7697448730469,2543800
2019-05-16,470.3187255859375,786440
2019-05-17,478.7867736816406,1314080
2019-05-20,492.62567138671875,991100
2019-05-21,485.3539123535156,943640
2019-05-22,489.5330810546875,629940
2019-05-23,493.94769287109375,1125140
2019-05-24,487.6802978515625,989300
2019-05-27,504.8907470703125,1688000
2019-05-28,508.0451354980469,2668900
2019-05-29,512.656494140625,2573080
2019-05-30,517.894775390625,1868420
2019-05-31,526.0196533203125,1403440
2019-06-03,534.6365356445312,1286040
2019-06-04,528.50146484375,1922880
2019-06-06,530.8323364257812,1653160
2019-06-07,526.2828369140625,874520
2019-06-10,535.18310546875,966820
2019-06-11,531.7315063476562,1445720
2019-06-12,535.0504760742188,867480
2019-06-13,531.3104858398438,1383120
2019-06-14,525.603515625,811280
2019-06-17,525.2305297851562,915720
2019-06-18,524.1669311523438,1110580
2019-06-19,531.2166137695312,1390200
2019-06-20,536.0820922851562,1307920
2019-06-21,530.7225952148438,2239600
2019-06-24,535.8052978515625,484440
2019-06-25,535.5239868164062,754960
2019-06-26,539.945556640625,2864260
2019-06-27,539.9616088867188,1878540
2019-06-28,544.9824829101562,1141380
2019-07-01,542.9763793945312,818020
2019-07-02,547.3727416992188,1332940
2019-07-03,540.7071533203125,1263040
2019-07-04,543.6944580078125,474280
2019-07-05,547.0090942382812,707520
2019-07-08,539.8974609375,910140
2019-07-09,534.6638793945312,1236860
2019-07-10,528.4146118164062,884740
2019-07-11,526.417724609375,929840
2019-07-12,533.9821166992188,552100
2019-07-15,525.395263671875,388640
2019-07-16,535.6520385742188,848980
2019-07-17,535.0458984375,498440
2019-07-18,530.5327758789062,947880
2019-07-19,528.259033203125,1733540
2019-07-22,517.1719360351562,949280
2019-07-23,524.7684936523438,1231260
2019-07-24,525.1871337890625,994800
2019-07-25,525.8778686523438,1077700
2019-07-26,531.7450561523438,610880
2019-07-29,531.6077880859375,921040
2019-07-30,527.7786865234375,689180
2019-07-31,534.1536865234375,939420
2019-08-01,528.2567138671875,692460
2019-08-02,522.0579833984375,1130960
2019-08-05,535.8419189453125,2459600
2019-08-06,541.5490112304688,1719840
2019-08-07,538.7994995117188,939920
2019-08-08,541.672607421875,732280
2019-08-09,558.2453002929688,2330960
2019-08-13,553.5977172851562,1548260
2019-08-14,560.2583618164062,1167520
2019-08-16,558.761962890625,1137700
2019-08-19,561.6572875976562,897660
2019-08-20,557.1514892578125,1359040
2019-08-21,586.21044921875,5460120
2019-08-22,580.4341430664062,2017160
2019-08-23,578.9749145507812,1171420
2019-08-26,576.773193359375,1558120
2019-08-27,580.54345703125,1853980
2019-08-28,582.6402587890625,2072940
2019-08-29,591.9240112304688,4878540
2019-08-30,599.294677734375,2480100
2019-09-03,590.718505859375,1585360
2019-09-04,580.9343872070312,1828700
2019-09-05,587.0506591796875,1058820
2019-09-06,587.134521484375,1156360
2019-09-09,597.486328125,1366820
2019-09-11,593.8836669921875,2113300
2019-09-12,584.4790649414062,1470060
2019-09-13,590.6416625976562,1130140
2019-09-16,597.7003784179688,970100
2019-09-17,594.1304321289062,1409440
2019-09-18,599.0060424804688,890360
2019-09-19,590.90234375,1554380
2019-09-20,628.3488159179688,5681400
2019-09-23,638.3005981445312,2772100
2019-09-24,625.151123046875,2326640
2019-09-25,626.4452514648438,1664920
2019-09-26,648.6060180664062,17945060
2019-09-27,639.58984375,2202380
2019-09-30,646.5137329101562,1929980
2019-10-01,636.8273315429688,1670900
2019-10-03,638.1445922851562,817880
2019-10-04,625.6306762695312,1838180
2019-10-07,633.1874389648438,855260
2019-10-09,645.0545654296875,1871540
2019-10-10,643.2647094726562,558100
2019-10-11,653.1581420898438,1221500
2019-10-14,659.5164184570312,1413440
2019-10-15,655.6902465820312,1956160
2019-10-16,668.01123046875,1345580
2019-10-17,675.7077026367188,2289860
2019-10-18,690.537353515625,2431300
2019-10-22,699.12744140625,2760220
2019-10-23,697.4053344726562,1179720
2019-10-24,682.6499633789062,2296260
2019-10-25,689.0430908203125,2629580
2019-10-27,689.510986328125,225560
2019-10-29,684.2210693359375,1980760
2019-10-30,696.69775390625,1161220
2019-10-31,695.7296752929688,1605220
2019-11-01,696.325439453125,987840
2019-11-04,689.508544921875,791620
2019-11-05,681.9146118164062,1665300
2019-11-06,681.888916015625,1573180
2019-11-07,684.7562255859375,948760
2019-11-08,673.5874633789062,1640580
2019-11-11,656.6981201171875,2906820
2019-11-13,662.5070190429688,1333020
2019-11-14,662.4186401367188,1209520
2019-11-15,665.406982421875,1516740
2019-11-18,655.6322021484375,1299560
2019-11-19,657.1007080078125,895740
2019-11-20,662.29296875,1588360
2019-11-21,660.0028076171875,809680
2019-11-22,659.6326904296875,862640
2019-11-25,674.3090209960938,1491540
2019-11-26,676.0591430664062,3984960
2019-11-27,677.8417358398438,1438380
2019-11-28,682.3497924804688,913560
2019-11-29,672.77978515625,937460
2019-12-02,677.606689453125,1499080
2019-12-03,668.1043701171875,1097440
2019-12-04,665.9049072265625,1117760
2019-12-05,665.13232421875,1586700
2019-12-06,659.3908081054688,1169740
2019-12-09,662.47216796875,1954240
2019-12-10,658.4630126953125,1236000
2019-12-11,657.2620849609375,966120
2019-12-12,661.4185180664062,1336820
2019-12-13,668.27099609375,3121000
2019-12-16,661.2642822265625,1341440
2019-12-17,661.1475219726562,1628500
2019-12-18,663.1076049804688,1874320
2019-12-19,667.5140380859375,1373840
2019-12-20,694.281494140625,8460660
2019-12-23,679.0602416992188,2500620
2019-12-24,681.5601196289062,793720
2019-12-26,682.1792602539062,918480
2019-12-27,685.2117919921875,587700
2019-12-30,693.9849243164062,1754400
2019-12-31,690.8751220703125,1255300
2020-01-01,690.580810546875,477180
2020-01-02,688.2584228515625,922320
2020-01-03,681.9152221679688,800000
2020-01-06,673.6468505859375,1302720
2020-01-07,667.763916015625,1444740
2020-01-08,672.4600219726562,789760
2020-01-09,684.2445678710938,1114160
2020-01-10,686.225830078125,785480
2020-01-13,684.9361572265625,539800
2020-01-14,694.7652587890625,1007560
2020-01-15,694.3728637695312,829360
2020-01-16,717.488525390625,4064160
2020-01-17,721.4392700195312,1927980
2020-01-20,720.4020385742188,1375400
2020-01-21,714.0236206054688,1265160
2020-01-22,726.5442504882812,1112540
2020-01-23,726.55126953125,857220
2020-01-24,736.2073974609375,1012640
2020-01-27,732.0276489257812,627240
2020-01-28,720.3738403320312,1062140
2020-01-29,741.4058227539062,1285020
2020-01-30,725.240478515625,945040
2020-01-31,717.7010498046875,1192980
2020-02-03,761.6969604492188,4075040
2020-02-04,768.9209594726562,2328320
2020-02-05,765.614990234375,1150220
2020-02-06,760.9468994140625,1481680
2020-02-07,762.9492797851562,828140
2020-02-10,755.678466796875,1225400
2020-02-11,747.4989624023438,1467000
2020-02-12,761.542724609375,2580220
2020-02-13,766.8931274414062,3024560
2020-02-14,764.287841796875,3314160
2020-02-17,775.1285400390625,2795760
2020-02-18,766.5028076171875,1800260
2020-02-19,784.315185546875,1900000
2020-02-20,772.8411865234375,1314640
2020-02-24,763.3907470703125,1330320
2020-02-25,765.411865234375,1818320
2020-02-26,758.8536987304688,2336780
2020-02-27,759.9564208984375,1803980
2020-02-28,737.2984619140625,2813460
2020-03-02,752.769775390625,2344640
2020-03-03,764.4259033203125,1867440
2020-03-04,772.934814453125,2234220
2020-03-05,774.5609741210938,1701800
2020-03-06,767.6920166015625,1724240
2020-03-09,749.0970458984375,2473680
2020-03-11,749.9007568359375,2474640
2020-03-12,727.3316040039062,4457320
2020-03-13,700.5220336914062,5232400
2020-03-16,672.738037109375,4424560
2020-03-17,679.4573364257812,3539600
2020-03-18,632.5341186523438,4258440
2020-03-19,613.0723876953125,4294200
2020-03-20,660.9769897460938,4098500
2020-03-23,604.8648681640625,3918540
2020-03-24,629.802978515625,5173340
2020-03-25,674.929443359375,3974440
2020-03-26,697.150634765625,4106880
2020-03-27,705.9796752929688,3504880
2020-03-30,731.6817626953125,4029400
2020-03-31,761.67822265625,3678380
2020-04-01,731.490234375,2550240
2020-04-03,705.7950439453125,3815520
2020-04-07,796.1650390625,4938020
2020-04-08,788.3432006835938,4968900
2020-04-09,786.8688354492188,4150160
2020-04-13,775.666015625,1658140
2020-04-15,809.5874633789062,3111580
2020-04-16,836.1914672851562,4514800
2020-04-17,809.5126953125,3745420
2020-04-20,793.25634765625,2703940
2020-04-21,795.0762939453125,2675080
2020-04-22,824.3601684570312,4044820
2020-04-23,814.7344360351562,3742000
2020-04-24,813.3326416015625,2902320
2020-04-27,838.787109375,2439720
2020-04-28,820.9771728515625,2150860
2020-04-29,817.2413330078125,2104840
2020-04-30,837.565185546875,3167400
2020-05-04,815.6876831054688,2379480
2020-05-05,814.0545043945312,2613580
2020-05-06,808.8118286132812,2710180
2020-05-07,801.015380859375,4181520
2020-05-08,831.8784790039062,3584000
2020-05-11,820.6243896484375,3680620
2020-05-12,815.9446411132812,4778500
2020-05-13,771.5726928710938,11240660
2020-05-14,758.96337890625,8204760
2020-05-15,768.3695678710938,5431840
2020-05-18,758.8629760742188,3359200
2020-05-19,754.6551513671875,2362880
2020-05-20,761.80908203125,3590780
2020-05-21,761.4376831054688,2421600
2020-05-22,757.6854858398438,2366000
2020-05-26,778.2453002929688,3973840
2020-05-27,781.112060546875,3350660
2020-05-28,793.8521728515625,3525760
2020-05-29,819.629150390625,4889320
2020-06-01,802.9312133789062,3503720
2020-06-02,795.0343017578125,2644020
2020-06-03,813.4026489257812,2922020
2020-06-04,803.5457763671875,1952620
2020-06-05,798.8847045898438,3241920
2020-06-08,786.7052001953125,2941400
2020-06-09,773.4511108398438,3493700
2020-06-10,772.6170043945312,2468800
2020-06-11,778.9273681640625,3302620
2020-06-12,773.677001953125,2813560
2020-06-15,769.1746215820312,2793080
2020-06-16,766.445068359375,3864740
2020-06-17,759.6937255859375,2539180
2020-06-18,758.7933349609375,3168900
2020-06-19,754.8489990234375,3377860
2020-06-22,757.0040893554688,2718300
2020-06-23,776.122802734375,4894700
2020-06-24,783.6033325195312,4021380
2020-06-25,787.3107299804688,3393300
2020-06-26,782.1753540039062,2206820
2020-06-29,784.3960571289062,3392920
2020-06-30,805.4822387695312,4020660
2020-07-01,787.8666381835938,4338000
2020-07-02,787.4210815429688,2939400
2020-07-03,783.0241088867188,3633160
2020-07-06,788.014404296875,1966740
2020-07-07,793.192138671875,2827120
2020-07-08,788.0166625976562,4374420
2020-07-09,786.00244140625,1837880
2020-07-10,789.4729614257812,2672220
2020-07-13,795.2767944335938,2280580
2020-07-14,792.41357421875,1517060
2020-07-15,793.0208740234375,2530380
2020-07-16,820.5465698242188,5930740
2020-07-17,808.0852661132812,2502760
2020-07-20,808.8848876953125,3931480
2020-07-21,810.2261352539062,4223720
2020-07-22,804.4223022460938,3129560
2020-07-23,809.3257446289062,2138820
2020-07-24,809.1123657226562,4145600
2020-07-27,813.7273559570312,2076560
2020-07-28,801.77490234375,3179340
2020-07-29,778.4398193359375,9010100
2020-07-30,774.9761352539062,2569680
2020-07-31,774.8917236328125,2958800
2020-08-03,775.0136108398438,2316860
2020-08-04,777.6025390625,2200960
2020-08-05,774.0076904296875,1955300
2020-08-06,782.1588134765625,2117760
2020-08-07,787.3858032226562,1769000
2020-08-10,781.6241455078125,1282880
2020-08-11,779.6099243164062,757460
2020-08-12,775.7664184570312,1643260
2020-08-13,772.6405639648438,1326060
2020-08-14,767.0359497070312,1188680
2020-08-17,770.234619140625,1251680
2020-08-18,776.4113159179688,2088000
2020-08-19,766.6162109375,2500100
2020-08-20,760.3410034179688,1961700
2020-08-21,776.7560424804688,2882860
2020-08-24,772.8563232421875,1481440
2020-08-25,763.9170532226562,2177340
2020-08-26,759.31396484375,2330160
2020-08-27,755.7330932617188,2552900
2020-08-28,755.1491088867188,2969780
2020-08-31,748.0343627929688,4425860
2020-09-01,759.6349487304688,3538940
2020-09-02,750.0510864257812,2123840
2020-09-03,768.867431640625,2677740
2020-09-04,761.3095703125,1978640
2020-09-07,769.3246459960938,2096160
2020-09-08,756.3333129882812,2108280
2020-09-09,765.0567626953125,2716000
2020-09-10,770.1314086914062,1544160
2020-09-11,765.6594848632812,1624560
2020-09-14,754.3073120117188,2058520
2020-09-15,752.321044921875,1899680
2020-09-16,759.6773681640625,2485240
2020-09-17,756.0919189453125,2013620
2020-09-18,754.483154296875,3947020
2020-09-21,723.7025756835938,5543300
2020-09-22,712.8453979492188,2142400
2020-09-23,720.6682739257812,2628600
2020-09-24,715.6404418945312,2225500
2020-09-25,738.0565185546875,3565380
2020-09-28,737.2590942382812,1088220
2020-09-29,732.618408203125,963580
2020-09-30,746.5851440429688,2070000
2020-10-01,750.4240112304688,1252760
2020-10-05,751.9552612304688,1421620
2020-10-06,744.6248168945312,1505560
2020-10-07,755.765869140625,1992940
2020-10-08,764.6862182617188,1571520
2020-10-09,751.9998168945312,1484920
2020-10-12,745.8137817382812,1163320
2020-10-13,735.064208984375,1524700
2020-10-14,735.066650390625,1331900
2020-10-15,731.7694702148438,1004880
2020-10-16,723.6791381835938,2647220
2020-10-19,754.7691650390625,3655880
2020-10-20,762.2449951171875,4066880
2020-10-21,751.8473510742188,3001820
2020-10-22,746.1536865234375,2271600
2020-10-23,744.0901489257812,1471900
2020-10-26,762.56396484375,6920120
2020-10-27,808.0805053710938,9871340
2020-10-28,802.8887939453125,3265240
2020-10-29,797.5208740234375,2731220
2020-10-30,811.2772827148438,4786320
2020-11-02,809.0719604492188,1695280
2020-11-03,798.55615234375,2094860
2020-11-04,803.5009155273438,1958180
2020-11-05,814.0994262695312,2034940
2020-11-06,803.9523315429688,2380060
2020-11-09,819.3325805664062,2228640
2020-11-10,784.953369140625,5793320
2020-11-11,789.3427734375,4966220
2020-11-12,790.33544921875,2956620
2020-11-13,795.39599609375,1485460
2020-11-14,795.9868774414062,208940
2020-11-17,802.8273315429688,2390080
2020-11-18,797.6155395507812,2892660
2020-11-19,800.5250854492188,3604440
2020-11-20,825.4024658203125,5080200
2020-11-23,840.8133544921875,4052900
2020-11-24,835.6701049804688,4289940
2020-11-25,828.229248046875,2130160
2020-11-26,838.7119140625,2907520
2020-11-27,845.6611328125,22134920
2020-12-01,823.4050903320312,4701720
2020-12-02,816.23388671875,3239040
2020-12-03,826.9032592773438,2545500
2020-12-04,842.8128662109375,2494000
2020-12-07,830.231201171875,2520600
2020-12-08,828.1937866210938,2373980
2020-12-09,830.5433349609375,1790060
2020-12-10,867.583984375,6089220
2020-12-11,869.8719482421875,3258820
2020-12-14,878.8870239257812,2614260
2020-12-15,859.8880004882812,2715100
2020-12-16,866.2012329101562,4432140
2020-12-17,865.3455200195312,1962080
2020-12-18,868.0591430664062,4995800
2020-12-21,860.015625,2844440
2020-12-22,877.0786743164062,2655480
2020-12-23,885.547607421875,2056900
2020-12-24,877.6837768554688,2508740
2020-12-28,879.1492309570312,1307140
2020-12-29,863.3269653320312,3974280
2020-12-30,868.8390502929688,1873080
2020-12-31,869.3590698242188,1708840
2021-01-01,872.2166137695312,1005720
2021-01-04,868.7775268554688,1240700
2021-01-05,877.3009643554688,1673460
2021-01-06,875.2681884765625,1154120
2021-01-07,856.9285888671875,2412100
2021-01-08,865.3880615234375,3032700
2021-01-11,869.415771484375,2291100
2021-01-12,850.8682861328125,2831320
2021-01-13,851.8231811523438,2187740
2021-01-14,857.1791381835938,1169760
2021-01-15,843.0636596679688,1928020
2021-01-18,833.4529418945312,2413480
2021-01-19,839.3147583007812,1256980
2021-01-20,835.8450317382812,1476620
2021-01-21,837.4995727539062,1419540
2021-01-22,831.5100708007812,1965000
2021-01-25,823.26806640625,2328720
2021-01-27,829.0756225585938,1328040
2021-01-28,821.96337890625,1781100
2021-01-29,806.474365234375,2257760
2021-02-01,807.7838745117188,1688120
2021-02-02,812.6340942382812,2605960
2021-02-03,811.5042724609375,2246500
2021-02-04,807.1361694335938,1842000
2021-02-05,809.1098022460938,1961940
2021-02-08,813.952880859375,2432140
2021-02-09,818.7156372070312,2420240
2021-02-10,812.0216674804688,2331520
2021-02-11,823.1263427734375,1307320
2021-02-12,817.5504150390625,1090560
2021-02-15,826.3218383789062,2202380
2021-02-16,813.9080200195312,4595480
2021-02-17,791.4038696289062,11986860
2021-02-18,773.6055908203125,5021320
2021-02-19,774.1586303710938,2605500
2021-02-22,760.9176025390625,4298300
2021-02-23,764.3992309570312,2859960
2021-02-24,772.7286987304688,1686840
2021-02-25,761.7495727539062,3714260
2021-02-26,761.1680908203125,4537460
2021-03-01,770.1901245117188,1814360
2021-03-02,783.6013793945312,2461940
2021-03-03,789.4207153320312,1857460
2021-03-04,787.650390625,2599620
2021-03-05,793.3751220703125,2054820
2021-03-08,796.6629028320312,1836840
2021-03-09,799.421142578125,1854340
2021-03-10,800.3974609375,1275760
2021-03-12,790.517333984375,1698280
2021-03-15,795.7459106445312,1379660
2021-03-16,791.4392700195312,1689400
2021-03-17,777.9097900390625,3143460
2021-03-18,765.8788452148438,1927300
2021-03-19,777.6781005859375,3988320
2021-03-22,784.1639404296875,2175720
2021-03-23,788.5745239257812,2007160
2021-03-24,777.5481567382812,1511100
2021-03-25,764.4063110351562,2174080
2021-03-26,783.3934936523438,2531560
2021-03-30,811.4380493164062,2978040
2021-03-31,811.447509765625,2206620
2021-04-01,807.5686645507812,1663520
2021-04-05,797.9913330078125,1631140
2021-04-06,807.5001831054688,1283860
2021-04-07,823.0127563476562,3569300
2021-04-08,836.2515258789062,2360120
2021-04-09,831.6423950195312,1478880
2021-04-12,827.354736328125,1150640
2021-04-13,811.6199951171875,2210540
2021-04-15,797.7595825195312,2366280
2021-04-16,815.5553588867188,1883800
2021-04-19,807.8901977539062,1018760
2021-04-20,808.1595458984375,2073740
2021-04-22,793.7320556640625,4088620
2021-04-23,785.9437866210938,1372000
2021-04-26,797.5208740234375,3047240
2021-04-27,793.1906127929688,893020
2021-04-28,786.3267211914062,1737520
2021-04-29,784.3660278320312,1604140
2021-04-30,775.1785888671875,1955660
2021-05-03,784.5657958984375,1280960
2021-05-04,786.459716796875,2115920
2021-05-05,786.5858764648438,706440
2021-05-06,794.58740234375,1406380
2021-05-07,796.666748046875,753320
2021-05-10,797.9002075195312,953160
2021-05-11,801.8358154296875,1201260
2021-05-12,794.6016235351562,1211520
2021-05-14,818.6637573242188,1931640
2021-05-17,809.8136596679688,1214060
2021-05-18,816.59375,1108780
2021-05-19,829.3675537109375,1768740
2021-05-20,821.5725708007812,985060
2021-05-21,831.6370849609375,1345200
2021-05-24,825.1349487304688,1144120
2021-05-25,832.5400390625,1439040
2021-05-26,833.73779296875,916060
2021-05-27,843.5005493164062,2393260
2021-05-28,832.2216186523438,1063240
2021-05-31,841.0694580078125,1140460
2021-06-01,844.0614013671875,1155020
2021-06-02,839.0706787109375,1485240
2021-06-03,846.0051879882812,1007980
2021-06-04,828.295654296875,4036440
2021-06-07,833.3219604492188,988720
2021-06-08,830.9478759765625,948940
2021-06-09,834.4911499023438,837560
2021-06-10,834.4413452148438,841060
2021-06-11,833.5050048828125,979940
2021-06-14,835.45849609375,730460
2021-06-15,840.5584716796875,943920
2021-06-16,853.8858032226562,2339240
2021-06-17,858.346435546875,1515740
2021-06-18,839.8859252929688,2953400
2021-06-21,838.864013671875,803600
2021-06-22,828.7591552734375,1410640
2021-06-23,827.725341796875,741680
2021-06-24,837.466552734375,1300900
2021-06-25,832.0933837890625,780000
2021-06-28,832.067138671875,809000
2021-06-29,836.4921875,1421920
2021-06-30,838.0963745117188,1031340
2021-07-01,838.7236328125,534000
2021-07-02,836.6228637695312,614460
2021-07-05,838.4932250976562,686440
2021-07-06,830.3536987304688,1251020
2021-07-07,842.0864868164062,1090380
2021-07-08,837.42626953125,597360
2021-07-09,838.2388916015625,538820
2021-07-12,838.49560546875,666020
2021-07-13,840.895751953125,500080
2021-07-14,833.6618041992188,1017220
2021-07-15,837.56640625,556780
2021-07-16,839.1040649414062,733700
2021-07-19,843.7738037109375,1028040
2021-07-20,848.7003173828125,891880
2021-07-22,855.292724609375,2266340
2021-07-23,862.3818969726562,1504620
2021-07-26,860.3571166992188,1069900
2021-07-27,866.2864379882812,2783140
2021-07-28,856.6116333007812,1752740
2021-07-29,851.4879760742188,2710720
2021-07-30,841.4067993164062,1667400
2021-08-02,841.9771728515625,639480
2021-08-03,869.0430297851562,1262560
2021-08-04,858.2656860351562,816440
2021-08-05,865.4617309570312,759280
2021-08-06,856.521240234375,767480
2021-08-09,865.1552124023438,612720
2021-08-10,868.52978515625,1229340
2021-08-11,863.515380859375,699700
2021-08-12,861.9017333984375,489880
2021-08-13,868.3515625,822460
2021-08-16,869.5731811523438,899420
2021-08-17,890.3580322265625,1504020
2021-08-18,898.8397827148438,799760
2021-08-20,930.2213745117188,2862140
2021-08-23,951.6002807617188,2974840
2021-08-24,940.1361083984375,1661680
2021-08-25,946.31494140625,2003180
2021-08-26,953.104736328125,1264080
2021-08-27,948.5726318359375,702080
2021-08-30,938.3490600585938,2679160
2021-08-31,925.302001953125,4547400
2021-09-01,942.3701171875,2096860
2021-09-02,962.0357055664062,1571540
2021-09-03,963.273681640625,939560
2021-09-06,961.2085571289062,681380
2021-09-07,968.1123046875,683060
2021-09-08,942.9760131835938,3447460
2021-09-09,972.3305053710938,2207220
2021-09-13,972.09521484375,750060
2021-09-14,961.5531616210938,1183700
2021-09-15,956.2654418945312,752120
2021-09-16,951.923583984375,1025300
2021-09-17,958.9508666992188,1902580
2021-09-20,965.9330444335938,1830260
2021-09-21,959.609130859375,2168220
2021-09-22,947.044677734375,2150460
2021-09-23,942.9476318359375,1074480
2021-09-24,944.147705078125,837880
2021-09-27,933.5935668945312,919480
2021-09-28,928.9617919921875,1153720
2021-09-29,927.1556396484375,925900
2021-09-30,924.2469482421875,887460
2021-10-01,929.2089233398438,797380
2021-10-04,926.4996948242188,655920
2021-10-05,921.8703002929688,546560
2021-10-06,910.5392456054688,1452160
2021-10-07,905.2395629882812,953900
2021-10-08,902.4258422851562,1744920
2021-10-11,907.0931396484375,776040
2021-10-12,922.8279418945312,1444980
2021-10-13,918.3102416992188,1078500
2021-10-14,918.5361328125,843800
2021-10-18,923.9093017578125,1126060
2021-10-19,920.5822143554688,1186040
2021-10-20,916.2666015625,4355380
2021-10-21,914.1515502929688,1519240
2021-10-22,903.3883666992188,910300
2021-10-25,888.6326904296875,1082920
2021-10-26,918.818359375,2133160
2021-10-27,908.634521484375,1057640
2021-10-28,908.00341796875,629000
2021-10-29,908.4217529296875,985500
2021-11-01,905.5266723632812,851420
2021-11-02,897.606689453125,698980
2021-11-03,895.847412109375,889580
2021-11-04,903.1195068359375,138100
2021-11-08,910.7693481445312,866240
2021-11-09,905.5817260742188,872960
2021-11-10,906.1626586914062,761180
2021-11-11,901.4340209960938,839120
2021-11-12,915.2252197265625,1330240
2021-11-15,931.201416015625,1016660
2021-11-16,930.5081176757812,922400
2021-11-17,931.222900390625,1085520
2021-11-18,927.802001953125,832140
2021-11-22,908.1921997070312,882760
2021-11-23,917.0946655273438,739200
2021-11-24,912.5692749023438,687100
2021-11-25,916.92724609375,594900
2021-11-26,919.0405883789062,1128820
2021-11-29,908.4336547851562,962140
2021-11-30,915.7081298828125,3395600
2021-12-01,927.4338989257812,1096240
2021-12-02,932.4732055664062,972000
2021-12-03,923.7786865234375,1508960
2021-12-06,909.2033081054688,698540
2021-12-07,924.8735961914062,1408580
2021-12-08,931.3209838867188,671560
2021-12-09,922.0286865234375,810440
2021-12-10,921.3355102539062,788980
2021-12-13,907.5538330078125,1089800
2021-12-14,919.8318481445312,1381340
2021-12-15,918.125,1298180
2021-12-16,920.709228515625,808340
2021-12-17,912.22265625,1085560
2021-12-20,902.7369384765625,1426200
2021-12-21,918.9569702148438,693560
2021-12-22,917.5274658203125,732240
2021-12-23,918.3855590820312,951380
2021-12-24,919.1339111328125,684400
2021-12-27,922.8702392578125,531760
2021-12-28,925.3875122070312,420980
2021-12-29,927.5222778320312,585380
2021-12-30,927.852294921875,797360
2021-12-31,942.1549682617188,797740
2022-01-03,940.8281860351562,517380
2022-01-04,950.921142578125,700680
2022-01-05,953.1539916992188,648640
2022-01-06,939.3748168945312,614180
2022-01-07,951.5809936523438,979660
2022-01-10,942.2649536132812,412340
2022-01-11,944.8442993164062,635760
2022-01-12,942.2218017578125,474220
2022-01-13,942.5708618164062,707660
2022-01-14,927.5462036132812,743800
2022-01-17,924.34521484375,728060
2022-01-18,926.5636596679688,724160
2022-01-19,905.4024047851562,1647660
2022-01-20,895.701416015625,1581120
2022-01-21,907.1834106445312,1104820
2022-01-24,894.9198608398438,1068740
2022-01-25,898.4098510742188,1157600
2022-01-27,879.0321655273438,1085180
2022-01-28,878.98193359375,748460
2022-01-31,885.5391845703125,595220
2022-02-01,892.718017578125,535820
2022-02-02,884.5398559570312,1208320
2022-02-03,875.2621459960938,687080
2022-02-04,876.4598388671875,898480
2022-02-07,864.0814208984375,969380
2022-02-08,864.7698974609375,787700
2022-02-09,867.0602416992188,964860
2022-02-10,867.2896118164062,1008440
2022-02-11,851.7677612304688,1919600
2022-02-14,844.8375244140625,858340
2022-02-15,869.5487670898438,1003400
2022-02-16,871.303466796875,808200
2022-02-17,866.6275024414062,2276800
2022-02-18,861.0479125976562,1926560
2022-02-21,865.6759643554688,740720
2022-02-22,865.9102783203125,1261740
2022-02-23,857.0963134765625,1184960
2022-02-24,848.3994140625,2242100
2022-02-25,846.9818115234375,1619780
2022-02-28,843.3505249023438,3157460
2022-03-02,853.1732788085938,1732620
2022-03-03,833.6615600585938,1339280
2022-03-04,831.5267944335938,1034100
2022-03-07,829.1456909179688,1330840
2022-03-08,825.380615234375,1954480
2022-03-09,819.7533569335938,1422440
2022-03-10,843.8263549804688,1329780
2022-03-11,828.44775390625,1465580
2022-03-14,830.3482666015625,773300
2022-03-15,834.8616943359375,1244220
2022-03-16,852.1597290039062,967800
2022-03-17,874.1912231445312,2017800
2022-03-21,854.6961669921875,806700
2022-03-22,833.31494140625,2804480
2022-03-23,829.2485961914062,1185580
2022-03-24,832.3037109375,863620
2022-03-25,820.4992065429688,1064340
2022-03-28,806.1007690429688,1602220
2022-03-29,809.0578002929688,1675180
2022-03-30,827.0397338867188,1499400
2022-03-31,830.986572265625,1245620
2022-04-01,839.4324340820312,623180
2022-04-04,852.00439453125,795680
2022-04-05,861.7124633789062,795640
2022-04-06,870.9663696289062,941160
2022-04-07,869.6109008789062,749740
2022-04-08,882.2522583007812,685620
2022-04-11,880.9876098632812,753380
2022-04-12,880.5787353515625,1098000
2022-04-13,878.8863525390625,546600
2022-04-18,887.44921875,1075460
2022-04-19,858.145751953125,1318840
2022-04-20,875.1951904296875,1763540
2022-04-21,874.6067504882812,3706820
2022-04-22,873.876220703125,2174140
2022-04-25,873.2492065429688,1690140
2022-04-26,884.8311767578125,1411860
2022-04-27,875.5700073242188,1348600
2022-04-28,885.4052734375,1579160
2022-04-29,880.7255249023438,1267960
2022-05-02,886.0227661132812,831940
2022-05-04,869.071533203125,1217140
2022-05-05,845.8165283203125,1266260
2022-05-06,816.58935546875,1799940
2022-05-09,792.9931640625,2302940
2022-05-10,793.7738647460938,1343540
2022-05-11,793.3798828125,1235740
2022-05-12,779.330810546875,1435520
2022-05-13,788.12109375,1108780
2022-05-16,779.2755737304688,1049660
2022-05-17,784.2989501953125,1726100
2022-05-18,785.2694702148438,1920180
2022-05-19,773.288818359375,1410040
2022-05-20,810.1771850585938,3049540
2022-05-23,816.5339965820312,2063460
2022-05-24,825.7975463867188,1848200
2022-05-25,830.4412841796875,1630020
2022-05-26,848.158935546875,2111620
2022-05-27,847.6087646484375,850540
2022-05-30,850.7725830078125,1041160
2022-05-31,850.0327758789062,7190740
2022-06-01,828.4137573242188,1164940
2022-06-02,835.72900390625,1377980
2022-06-03,825.0239868164062,1053720
2022-06-06,816.658935546875,720020
2022-06-07,804.6470336914062,1015240
2022-06-08,803.5347290039062,1632720
2022-06-09,805.6680297851562,574960
2022-06-10,805.9923706054688,896200
2022-06-13,809.8145141601562,2369280
2022-06-14,810.63134765625,1321620
2022-06-15,807.3088989257812,1295060
2022-06-16,810.75390625,1615080
2022-06-17,799.6260375976562,2912380
2022-06-20,815.22705078125,978040
2022-06-21,815.4529418945312,1112620
2022-06-22,806.0044555664062,1047280
2022-06-23,815.6691284179688,633500
2022-06-24,827.9381713867188,607600
2022-06-27,834.0208740234375,1276840
2022-06-28,836.2142333984375,1044480
2022-06-29,840.7861328125,1939440
2022-06-30,839.39013671875,2056840
2022-07-01,855.008056640625,770940
2022-07-04,864.5935668945312,974580
2022-07-05,864.1346435546875,828760
2022-07-06,883.529052734375,1567820
2022-07-07,874.70263671875,1037580
2022-07-08,884.9945068359375,1176500
2022-07-11,888.3698120117188,787640
2022-07-12,870.8684692382812,523780
2022-07-13,876.8504638671875,455020
2022-07-14,882.3109130859375,1045880
2022-07-15,901.9241333007812,990020
2022-07-18,894.904296875,879540
2022-07-19,883.0028686523438,874560
2022-07-20,894.5054931640625,1093260
2022-07-21,905.2128295898438,1013120
2022-07-22,912.3720092773438,1264000
2022-07-25,901.2537841796875,719180
2022-07-26,889.3355102539062,2789420
2022-07-27,890.8922729492188,899460
2022-07-28,918.3034057617188,2609140
2022-07-29,930.15673828125,2276500
2022-08-01,925.1646118164062,1171340
2022-08-02,934.9470825195312,1124380
2022-08-03,930.4835205078125,1026500
2022-08-04,953.7432861328125,1765600
2022-08-05,957.1787109375,1251200
2022-08-08,944.2756958007812,1149180
2022-08-10,949.87548828125,1444140
2022-08-11,945.5559692382812,1009220
2022-08-12,939.0047607421875,978060
2022-08-16,945.717041015625,1321660
2022-08-17,948.2323608398438,792000
2022-08-18,939.6966552734375,978420
2022-08-19,934.0870361328125,733960
2022-08-22,934.6299438476562,795880
2022-08-23,942.9638671875,857620
2022-08-24,945.145263671875,675360
2022-08-25,938.2072143554688,518180
2022-08-26,938.2769165039062,559780
2022-08-29,943.9584350585938,969240
2022-08-30,957.3876342773438,2195020
2022-09-01,948.1194458007812,1581240
2022-09-02,939.89599609375,624820
2022-09-05,925.3807983398438,994480
2022-09-06,914.9160766601562,1187400
2022-09-07,921.5177001953125,1114720
2022-09-08,918.8488159179688,1092940
2022-09-09,915.3653564453125,968680
2022-09-12,911.3749389648438,871200
2022-09-13,915.9611206054688,1022920
2022-09-14,918.128173828125,1232020
2022-09-15,913.3353881835938,669100
2022-09-16,884.2763061523438,2323260
2022-09-19,901.623779296875,1072620
2022-09-20,894.4840087890625,1676000
2022-09-21,896.0814819335938,925980
2022-09-22,895.5241088867188,1558620
2022-09-23,888.6820678710938,716840
2022-09-26,886.6353759765625,2261700
2022-09-27,897.1744995117188,1386280
2022-09-28,905.2608642578125,2110340
2022-09-29,911.9012451171875,1743900
2022-09-30,919.8602294921875,1619460
2022-10-03,912.54736328125,1040920
2022-10-04,925.0037231445312,745780
2022-10-06,927.3243408203125,1340720
2022-10-07,928.3261108398438,792260
2022-10-10,918.6229858398438,692380
2022-10-11,886.474365234375,1098520
2022-10-12,899.7090454101562,774960
2022-10-13,901.5469970703125,605540
2022-10-14,909.443603515625,441300
2022-10-17,909.0662231445312,348500
2022-10-18,931.5382080078125,1070220
2022-10-19,948.414794921875,2609600
2022-10-20,963.8861083984375,2257080
2022-10-21,975.1220703125,1143860
2022-10-24,1002.9944458007812,903960
2022-10-25,974.51904296875,1427060
2022-10-27,967.3527221679688,2029480
2022-10-28,974.5214233398438,1298600
2022-10-31,984.2339477539062,1591100
2022-11-01,995.1841430664062,794120
2022-11-02,985.3916015625,866340
2022-11-03,987.136474609375,706560
2022-11-04,987.2258911132812,377460
2022-11-07,989.8817138671875,1354440
2022-11-09,982.1315307617188,1044900
2022-11-10,975.1424560546875,779820
2022-11-11,982.2572021484375,716740
2022-11-14,969.8209838867188,969520
2022-11-15,969.3546142578125,786820
2022-11-16,971.4015502929688,895520
2022-11-17,966.2346801757812,555640
2022-11-18,963.0494384765625,733720
2022-11-21,955.1517944335938,996880
2022-11-22,947.9887084960938,948440
2022-11-23,945.6494750976562,1034440
2022-11-24,953.883056640625,1193920
2022-11-25,943.9215087890625,1157160
2022-11-28,957.7496948242188,1060000
2022-11-29,972.5276489257812,1474460
2022-11-30,975.5558471679688,6267780
2022-12-01,969.0621337890625,1058520
2022-12-02,954.644287109375,1392340
2022-12-05,954.692626953125,1699980
2022-12-06,962.3728637695312,1362180
2022-12-07,962.3607177734375,1139120
2022-12-08,957.2615356445312,812480
2022-12-09,978.3543090820312,1535100
2022-12-12,990.2250366210938,1621200
2022-12-13,985.4375610351562,982680
2022-12-14,969.7388305664062,1633600
2022-12-15,953.9990844726562,791080
2022-12-16,954.0401611328125,1386420
2022-12-19,970.6161499023438,1308960
2022-12-20,973.2213745117188,933520
2022-12-21,981.8561401367188,1407560
2022-12-22,981.4887084960938,753760
2022-12-23,973.0859375,1488080
2022-12-26,961.7153930664062,667640
2022-12-27,955.8429565429688,805820
2022-12-28,959.1102905273438,706920
2022-12-29,957.3895874023438,797020
2022-12-30,947.6262817382812,852880
2023-01-02,945.4778442382812,503280
2023-01-03,953.4891357421875,628300
2023-01-04,943.4647216796875,639680
2023-01-05,955.8429565429688,1027860
2023-01-06,961.1233520507812,787720
2023-01-09,970.8118286132812,722880
2023-01-10,967.8271484375,633360
2023-01-11,954.9874267578125,650200
2023-01-12,960.5433349609375,661240
2023-01-13,956.2464599609375,695420
2023-01-16,953.8903198242188,485300
2023-01-17,964.0475463867188,803740
2023-01-18,958.1315307617188,727980
2023-01-19,951.256103515625,619980
2023-01-20,928.0052490234375,1440440
2023-01-23,936.0792846679688,758000
2023-01-24,932.3865966796875,754240
2023-01-25,929.71875,823200
2023-01-27,928.7931518554688,895540
2023-01-30,926.3546752929688,996600
2023-01-31,919.194091796875,2350000
2023-02-01,922.6788940429688,1376100
2023-02-02,916.1417846679688,1418440
2023-02-03,918.5440673828125,1111560
2023-02-06,919.3754272460938,1382680
2023-02-07,917.27294921875,797460
2023-02-08,918.0897216796875,465340
2023-02-09,918.3507080078125,694680
2023-02-10,919.4888305664062,527660
2023-02-13,919.6315307617188,649780
2023-02-14,922.343017578125,771780
2023-02-15,930.9488525390625,639960
2023-02-16,948.7306518554688,3480140
2023-02-17,919.36572265625,3768700
2023-02-20,909.7836303710938,1306220
2023-02-21,911.0232543945312,899080
2023-02-22,902.5867309570312,841600
2023-02-23,901.3228759765625,985360
2023-02-24,902.9129638671875,777500
2023-02-27,900.1024169921875,1032500
2023-02-28,902.3860473632812,2183640
2023-03-01,907.6471557617188,1278520
2023-03-02,893.287353515625,781400
2023-03-03,891.7479248046875,920360
2023-03-06,894.8871459960938,1058980
2023-03-08,895.0514526367188,914920
2023-03-09,895.8948364257812,1132300
2023-03-10,893.4806518554688,472680
2023-03-13,885.3461303710938,729520
2023-03-14,882.7940673828125,877580
2023-03-15,869.68115234375,1559160
2023-03-16,891.7841796875,1660860
2023-03-17,911.4800415039062,2668600
2023-03-20,915.332275390625,1512900
2023-03-21,914.8270874023438,1955240
2023-03-22,909.6217041015625,564960
2023-03-23,920.4845581054688,1133700
2023-03-24,916.0693359375,525980
2023-03-27,913.06787109375,717080
2023-03-28,915.7261962890625,709620
2023-03-29,920.8954467773438,972120
2023-03-31,952.3870849609375,2968880
2023-04-03,952.4329833984375,1274800
2023-04-05,958.068603515625,943020
2023-04-06,952.5682983398438,819560
2023-04-10,943.962646484375,448280
2023-04-11,950.9419555664062,882520
2023-04-12,939.6174926757812,1137640
2023-04-13,940.8283081054688,923020
2023-04-17,978.4822387695312,3887020
2023-04-18,998.630126953125,2797200
2023-04-19,996.5736694335938,1797480
2023-04-20,989.5361938476562,1044260
2023-04-21,995.6445922851562,886100
2023-04-24,1004.9929809570312,1157360
2023-04-25,1003.8223266601562,3369280
2023-04-26,1021.3604125976562,2497880
2023-04-27,1027.2406005859375,2044640
2023-04-28,1057.0706787109375,3330320
2023-05-02,1056.3154296875,1783400
2023-05-03,1062.6231689453125,1140260
2023-05-04,1053.78466796875,1270680
2023-05-05,1069.6251220703125,1101520
2023-05-08,1067.84716796875,1513120
2023-05-09,1067.2691650390625,865740
2023-05-10,1071.0897216796875,1208820
2023-05-11,1069.62255859375,1378740
2023-05-12,1058.66162109375,1339220
2023-05-15,1058.294921875,1451400
2023-05-16,1057.9937744140625,1545140
2023-05-17,1055.6669921875,1335760
2023-05-18,1053.0972900390625,1023500
2023-05-19,1053.6097412109375,1464400
2023-05-22,1044.12060546875,1021900
2023-05-23,1039.6954345703125,1109180
2023-05-24,1038.5733642578125,887280
2023-05-25,1043.15380859375,1630040
2023-05-26,1048.3441162109375,1263180
2023-05-29,1055.518798828125,1068740
2023-05-30,1047.9896240234375,939620
2023-05-31,1052.7816162109375,8495880
2023-06-01,1062.554931640625,1197320
2023-06-02,1070.917236328125,1164960
2023-06-05,1060.6046142578125,1630180
2023-06-06,1054.350341796875,1570460
2023-06-07,1086.5242919921875,3136240
2023-06-08,1075.8935546875,1458580
2023-06-09,1072.228759765625,1418300
2023-06-12,1082.7161865234375,1247040
2023-06-13,1092.589111328125,1666940
2023-06-14,1104.0601806640625,1447540
2023-06-15,1115.594482421875,1475140
2023-06-16,1115.708740234375,1470820
2023-06-19,1107.2711181640625,866620
2023-06-20,1115.0771484375,1377540
2023-06-21,1111.970703125,1292840
2023-06-22,1094.546875,998060
2023-06-23,1094.7386474609375,870300
2023-06-26,1099.3023681640625,700300
2023-06-27,1099.6156005859375,882660
2023-06-28,1104.805908203125,1112480
2023-06-30,1112.101806640625,737240
2023-07-03,1099.3870849609375,1105380
2023-07-04,1098.9744873046875,602980
2023-07-05,1112.3741455078125,777760
2023-07-06,1122.067138671875,1807340
2023-07-07,1112.6800537109375,1129280
2023-07-10,1096.846923828125,727760
2023-07-11,1110.061767578125,1370520
2023-07-12,1120.1531982421875,961800
2023-07-13,1108.5291748046875,864320
2023-07-14,1123.9420166015625,909140
2023-07-17,1120.6729736328125,835900
2023-07-18,1116.1265869140625,651680
2023-07-19,1114.3680419921875,557620
2023-07-20,1117.6224365234375,755840
2023-07-21,1116.388671875,736860
2023-07-24,1108.4976806640625,841620
2023-07-25,1106.2049560546875,1251520
2023-07-26,1107.516357421875,689240
2023-07-27,1084.46240234375,3587480
2023-07-28,1092.02099609375,1344220
2023-07-31,1095.537841796875,972180
2023-08-01,1097.5001220703125,1300380
2023-08-02,1111.51904296875,2093220
2023-08-03,1091.773193359375,899420
2023-08-04,1090.73828125,820200
2023-08-07,1090.9715576171875,824920
2023-08-08,1079.796875,1160640
2023-08-09,1079.2698974609375,745700
2023-08-10,1068.1630859375,1411580
2023-08-11,1061.00537109375,767260
2023-08-14,1063.779052734375,815760
2023-08-16,1066.130126953125,578600
2023-08-17,1052.50732421875,1399840
2023-08-18,1060.403076171875,1313340
2023-08-21,1070.32958984375,741920
2023-08-22,1069.9212646484375,810440
2023-08-23,1077.557373046875,1227560
2023-08-24,1080.55712890625,920400
2023-08-25,1077.8173828125,839280
2023-08-28,1070.3343505859375,830140
2023-08-29,1071.7210693359375,1048560
2023-08-30,1078.3031005859375,1296640
2023-08-31,1068.0001220703125,4661300
2023-09-01,1064.5587158203125,716980
2023-09-04,1055.9437255859375,1481820
2023-09-05,1066.4483642578125,1246260
2023-09-06,1068.8599853515625,1125840
2023-09-07,1063.62353515625,823180
2023-09-08,1062.9896240234375,609540
2023-09-11,1074.8323974609375,939540
2023-09-12,1084.0955810546875,987580
2023-09-13,1077.3946533203125,1016500
2023-09-14,1091.8653564453125,1621120
2023-09-15,1098.8895263671875,2322820
2023-09-18,1108.4637451171875,1150640
2023-09-20,1101.704345703125,1149000
2023-09-21,1094.575927734375,923660
2023-09-22,1094.52734375,766020
2023-09-25,1099.6885986328125,688540
2023-09-26,1117.505859375,1320020
2023-09-27,1111.0672607421875,833060
2023-09-28,1094.8165283203125,1039620
2023-09-29,1093.28369140625,904580
2023-10-03,1083.9742431640625,1000260
2023-10-04,1116.566162109375,4269760
2023-10-05,1113.2872314453125,1360000
2023-10-06,1112.973876953125,776240
2023-10-09,1111.4971923828125,475100
2023-10-10,1115.684326171875,793260
2023-10-11,1127.051025390625,1346760
2023-10-12,1120.8868408203125,1084440
2023-10-13,1144.164306640625,1815820
2023-10-16,1122.50927734375,1732160
2023-10-17,1133.0379638671875,763320
2023-10-18,1130.0091552734375,713420
2023-10-19,1172.240966796875,5848240
2023-10-20,1179.3984375,4158680
2023-10-23,1175.4176025390625,1584600
2023-10-25,1178.57275390625,2227000
2023-10-26,1143.7391357421875,2538800
2023-10-27,1168.5782470703125,2608740
2023-10-30,1174.1522216796875,1452280
2023-10-31,1177.2174072265625,1032780
2023-11-01,1166.365966796875,1273800
2023-11-02,1178.0479736328125,2141360
2023-11-03,1172.5391845703125,954280
2023-11-06,1186.732421875,1485520
2023-11-07,1190.6385498046875,1059300
2023-11-08,1186.341552734375,726100
2023-11-09,1183.6641845703125,844460
2023-11-10,1179.2889404296875,566340
2023-11-13,1176.7802734375,570560
2023-11-15,1181.0894775390625,1533940
2023-11-16,1176.635986328125,1388360
2023-11-17,1190.81201171875,1401020
2023-11-20,1187.3675537109375,1082300
2023-11-21,1190.8316650390625,906580
2023-11-22,1189.7275390625,736420
2023-11-23,1191.8013916015625,736280
2023-11-24,1179.37451171875,808240
2023-11-28,1183.2659912109375,1753940
2023-11-29,1175.883544921875,1254300
2023-11-30,1184.12353515625,2944060
2023-12-01,1189.1290283203125,1273000
2023-12-04,1192.265625,1987840
2023-12-05,1202.3349609375,1343740
2023-12-06,1219.904541015625,1592160
2023-12-07,1220.234130859375,1201700
2023-12-08,1211.1636962890625,1401520
2023-12-11,1223.5662841796875,1078740
2023-12-12,1218.861328125,1282460
2023-12-13,1223.6124267578125,891440
2023-12-14,1211.3446044921875,2094520
2023-12-15,1190.4871826171875,3190820
2023-12-18,1189.8936767578125,1326480
2023-12-19,1245.3690185546875,7057320
2023-12-20,1226.21923828125,2889760
2023-12-21,1227.103515625,2212760
2023-12-22,1239.445068359375,1776560
2023-12-26,1248.9039306640625,1235700
2023-12-27,1256.642822265625,1428320
2023-12-28,1282.5108642578125,3155440
2023-12-29,1298.6531982421875,2068160
2024-01-01,1337.3533935546875,2632200
2024-01-02,1330.0614013671875,2831540
2024-01-03,1301.33544921875,2026920
2024-01-04,1324.8458251953125,2647800
2024-01-05,1302.7425537109375,5154128
2024-01-08,1279.7308349609375,2064756
2024-01-09,1266.6856689453125,1626054
2024-01-10,1259.6014404296875,2052936
2024-01-11,1249.3900146484375,1551334
2024-01-12,1245.6767578125,2214110
2024-01-15,1244.6754150390625,1787668
2024-01-16,1241.9881591796875,1386740
2024-01-17,1242.5010986328125,1603238
2024-01-18,1222.4205322265625,1269820
2024-01-19,1228.3568115234375,1882782
2024-01-23,1203.3172607421875,1381076
2024-01-24,1228.259033203125,1318076
2024-01-25,1212.7222900390625,1571546
2024-01-29,1220.7349853515625,1265438
2024-01-30,1217.5592041015625,1336068
2024-01-31,1224.3748779296875,1432188
2024-02-01,1205.7113037109375,1641132
2024-02-02,1212.3558349609375,1508122
2024-02-05,1203.2196044921875,1065954
2024-02-06,1200.263671875,1540366
2024-02-07,1221.248046875,3094808
2024-02-08,1183.847412109375,3308894
2024-02-09,1197.0633544921875,1677638
2024-02-12,1201.436279296875,890538
2024-02-13,1200.6055908203125,621970
2024-02-14,1215.0919189453125,1018616
2024-02-15,1202.132568359375,1680952
2024-02-16,1218.840087890625,1493232
2024-02-19,1231.3829345703125,955040
2024-02-20,1244.1953125,1262888
2024-02-21,1246.2532958984375,1786364
2024-02-22,1255.831787109375,1504742
2024-02-23,1263.5975341796875,1211238
2024-02-26,1265.99853515625,1323894
2024-02-27,1273.249755859375,1261744
2024-02-28,1259.62890625,985574
2024-02-29,1272.0247802734375,2774576
2024-03-01,1274.5970458984375,1511456
2024-03-04,1268.5462646484375,1268620
2024-03-05,1243.8277587890625,678604
2024-03-06,1241.0841064453125,1983280
2024-03-07,1254.75390625,1297304
2024-03-11,1279.521240234375,2990598
2024-03-12,1269.060546875,1726470
2024-03-13,1265.5330810546875,3627604
2024-03-14,1280.1336669921875,2245994
2024-03-15,1275.6749267578125,2533984
2024-03-18,1264.259033203125,1285192
2024-03-19,1222.955810546875,3497728
2024-03-20,1249.5113525390625,1399290
2024-03-21,1251.1771240234375,1807754
2024-03-22,1260.8538818359375,2027126
2024-03-26,1267.076416015625,1941704
2024-03-27,1257.4486083984375,1801192
2024-03-28,1284.83740234375,4365832
2024-04-01,1266.83154296875,1486064
2024-04-02,1285.3028564453125,1445766
2024-04-03,1251.3243408203125,3850278
2024-04-04,1249.19287109375,2782752
2024-04-05,1243.337890625,1532454
2024-04-08,1223.935546875,2436980
2024-04-09,1226.262939453125,867882
2024-04-10,1238.4140625,989760
2024-04-12,1242.62744140625,2479930
2024-04-15,1251.1771240234375,2293646
2024-04-16,1247.47802734375,1537722
2024-04-18,1206.5421142578125,6077666
2024-04-19,1194.3668212890625,3702024
2024-04-22,1204.65576171875,2504706
2024-04-23,1225.5035400390625,2248818
2024-04-24,1224.9644775390625,1447036
2024-04-25,1255.5867919921875,6481728
2024-04-26,1216.4393310546875,2643128
2024-04-29,1229.692626953125,1243124
2024-04-30,1228.5167236328125,1625278
2024-05-02,1230.9176025390625,2223826
2024-05-03,1203.3819580078125,2257460
2024-05-06,1204.018798828125,1431992
2024-05-07,1229.129150390625,2146918
2024-05-08,1243.999267578125,1398140
2024-05-09,1231.48095703125,1404310
2024-05-10,1241.1575927734375,1394832
2024-05-13,1232.852783203125,680762
2024-05-14,1218.6932373046875,1113494
2024-05-15,1207.7425537109375,868812
2024-05-16,1209.384033203125,1944988
2024-05-17,1198.1884765625,1442356
2024-05-21,1205.684814453125,2574902
2024-05-22,1209.7757568359375,1574654
2024-05-23,1212.2255859375,1563326
2024-05-24,1209.090087890625,907544
2024-05-27,1205.24365234375,1071662
2024-05-28,1201.2261962890625,1043344
2024-05-29,1213.22998046875,1739200
2024-05-30,1178.2471923828125,2548428
2024-05-31,1153.7982177734375,5065946
2024-06-03,1153.8719482421875,2145030
2024-06-04,1189.4918212890625,3117062
2024-06-05,1229.71728515625,4057558
2024-06-06,1210.8782958984375,1944280
2024-06-07,1226.0914306640625,2022404
2024-06-10,1248.5069580078125,1590348
2024-06-11,1245.444580078125,1138822
2024-06-12,1243.1663818359375,960816
2024-06-13,1250.2462158203125,2162544
2024-06-14,1245.714111328125,858944
2024-06-18,1249.5604248046875,519108
2024-06-19,1237.654541015625,1568614
2024-06-20,1244.366943359375,1314826
2024-06-21,1224.10693359375,2543088
2024-06-24,1239.6141357421875,1448402
2024-06-25,1232.4609375,625460
2024-06-26,1241.6719970703125,958712
2024-06-27,1241.4271240234375,1732622
2024-06-28,1250.197265625,2364066
2024-07-01,1258.257080078125,1849028
2024-07-02,1246.669677734375,1162200
2024-07-03,1250.123779296875,631912
2024-07-04,1247.012451171875,627352
2024-07-05,1261.22119140625,1583026
2024-07-08,1275.552490234375,1448552
2024-07-09,1290.104248046875,1665146
2024-07-10,1281.9464111328125,1069980
2024-07-11,1270.554931640625,2107598
2024-07-12,1278.29638671875,1451786
2024-07-15,1276.385498046875,695922
2024-07-16,1283.004150390625,1514138
2024-07-18,1292.72265625,1733594
2024-07-19,1278.3538818359375,1077872
2024-07-22,1273.1624755859375,1490342
2024-07-23,1270.3328857421875,1936998
2024-07-24,1250.5758056640625,2622088
2024-07-25,1220.6817626953125,6938362
2024-07-26,1218.8365478515625,3239386
2024-07-29,1215.5888671875,1605802
2024-07-30,1209.3638916015625,3429516
2024-07-31,1208.724365234375,1644722
2024-08-01,1222.3304443359375,2653524
2024-08-02,1227.79248046875,2310948
2024-08-05,1235.5673828125,2651820
2024-08-06,1234.3863525390625,1898862
2024-08-07,1241.423095703125,1299940
2024-08-08,1224.840087890625,2850012
2024-08-09,1232.516357421875,540012
2024-08-12,1216.9666748046875,950040
2024-08-13,1222.6748046875,623692
2024-08-14,1217.704833984375,1123752
2024-08-16,1242.72705078125,1719668
2024-08-19,1231.753662109375,955402
2024-08-20,1239.3072509765625,969464
2024-08-21,1255.6688232421875,1249546
2024-08-22,1255.2998046875,1269810
2024-08-23,1244.5723876953125,1023074
2024-08-26,1239.8238525390625,1266798
2024-08-27,1240.7587890625,782130
2024-08-28,1226.51318359375,1130322
2024-08-29,1232.442626953125,1799588
2024-08-30,1230.57275390625,3808974
2024-09-02,1235.0753173828125,1751182
2024-09-03,1245.3350830078125,1975054
2024-09-04,1247.3033447265625,1005886
2024-09-05,1232.61474609375,2238592
2024-09-06,1231.7781982421875,1673400
2024-09-09,1238.446044921875,1167196
2024-09-10,1247.672607421875,3044078
2024-09-11,1243.416015625,1959876
2024-09-12,1243.9080810546875,3109758
2024-09-13,1245.6549072265625,1465434
2024-09-16,1254.6109619140625,788794
2024-09-17,1253.2576904296875,1390374
2024-09-18,1278.0093994140625,2354058
2024-09-19,1296.240966796875,5068578
2024-09-20,1328.3984375,4645516
2024-09-23,1340.9957275390625,2144494
2024-09-24,1326.8485107421875,3080066
2024-09-25,1327.3160400390625,1437914
2024-09-26,1355.9305419921875,2317212
2024-09-27,1351.1080322265625,2194334
2024-09-30,1323.674560546875,1766384
2024-10-01,1332.089111328125,1105518
2024-10-03,1316.244140625,1624730
2024-10-04,1278.50146484375,2066068
2024-10-07,1266.5439453125,2205716
2024-10-08,1270.431396484375,2404340
2024-10-09,1238.076904296875,4733190
2024-10-10,1236.3299560546875,2060004
2024-10-11,1236.0101318359375,1256928
2024-10-14,1231.2125244140625,1340768
2024-10-15,1222.453369140625,1590308
2024-10-16,1211.6275634765625,2473286
2024-10-17,1170.51416015625,5255508
2024-10-18,1156.5145263671875,3278370
2024-10-21,1158.6795654296875,1497408
2024-10-22,1156.5145263671875,1934262
2024-10-23,1145.1473388671875,1414522
2024-10-24,1111.4398193359375,5910994
2024-10-25,1112.448486328125,2683018
2024-10-28,1118.03369140625,1751130
2024-10-29,1115.7454833984375,1859662
2024-10-30,1120.125,1787546
2024-10-31,1113.5556640625,1319530
2024-11-01,1123.0775146484375,243228
2024-11-04,1105.3133544921875,1926320
2024-11-05,1113.3096923828125,1451860
2024-11-06,1119.7806396484375,1613946
2024-11-07,1113.506591796875,1783914
2024-11-08,1129.6468505859375,1669990
2024-11-11,1121.478271484375,1547190
2024-11-12,1110.234130859375,2210678
2024-11-13,1099.925048828125,1526776
2024-11-14,1074.115478515625,2318476
2024-11-18,1089.0745849609375,1383330
2024-11-19,1089.5419921875,1612040
2024-11-21,1088.0904541015625,1655768
2024-11-22,1105.8546142578125,1543916
2024-11-25,1110.603271484375,4059604
2024-11-26,1114.6875,634244
2024-11-27,1118.9686279296875,874722
2024-11-28,1100.417236328125,2492756
2024-11-29,1099.6297607421875,2698320
2024-12-02,1108.0936279296875,936544
2024-12-03,1112.9405517578125,1532464
2024-12-04,1111.021484375,1937738
2024-12-05,1114.810546875,2375568
2024-12-06,1115.9423828125,1291202
2024-12-09,1096.7757568359375,1939702
2024-12-10,1089.6898193359375,1830596
2024-12-11,1102.7791748046875,1469722
2024-12-12,1094.4139404296875,1931220
2024-12-13,1108.905517578125,1109322
2024-12-16,1101.6473388671875,1331372
2024-12-17,1084.0308837890625,2997812
2024-12-18,1076.6988525390625,1932332
2024-12-19,1063.0927734375,3107980
2024-12-20,1064.6181640625,3303524
2024-12-23,1058.762451171875,877434
2024-12-24,1066.1929931640625,645132
2024-12-26,1057.9259033203125,1047852
2024-12-27,1065.651611328125,925334
2024-12-30,1062.8468017578125,2470980
2024-12-31,1067.8414306640625,1271114
2025-01-01,1067.4476318359375,908580
2025-01-02,1082.6776123046875,1258328
2025-01-03,1098.6702880859375,2022900
2025-01-06,1075.197998046875,2276932
2025-01-07,1088.803955078125,1191638
2025-01-08,1092.37158203125,899000
2025-01-09,1110.160400390625,2294636
2025-01-10,1106.14990234375,1619708
2025-01-13,1100.95849609375,1609062
2025-01-14,1091.953369140625,1405098
2025-01-15,1082.4068603515625,1447250
2025-01-16,1067.4722900390625,2651618
2025-01-17,1091.04296875,911802
2025-01-20,1089.4683837890625,802216
2025-01-21,1080.832275390625,1528828
2025-01-22,1086.41748046875,896072
2025-01-23,1082.0625,992014
2025-01-24,1086.466552734375,1327200
2025-01-27,1070.1541748046875,1099972
2025-01-28,1061.0753173828125,1442066
2025-01-29,1073.08203125,794290
2025-01-30,1091.1168212890625,1149120
2025-01-31,1138.282958984375,6279774
2025-02-01,1145.1719970703125,2493130
2025-02-03,1140.2020263671875,2281742
2025-02-04,1131.5167236328125,2487034
2025-02-05,1106.66650390625,2950590
2025-02-06,1101.991943359375,1973914
2025-02-07,1101.9422607421875,1585116
2025-02-10,1099.9366455078125,1520362
2025-02-11,1087.283447265625,953674
2025-02-12,1086.416748046875,1006516
2025-02-13,1078.3939208984375,1022294
2025-02-14,1087.456787109375,1921722
2025-02-17,1097.683349609375,1603030
2025-02-18,1100.6051025390625,906118
2025-02-19,1091.96337890625,852958
2025-02-20,1092.854736328125,1316934
2025-02-21,1096.9156494140625,1188490
2025-02-24,1099.6146240234375,968084
2025-02-25,1114.4716796875,1285668
2025-02-27,1128.2391357421875,1502006
2025-02-28,1084.38623046875,3687132
2025-03-03,1082.3558349609375,1043550
2025-03-04,1063.0169677734375,2085044
2025-03-05,1088.0263671875,1693328
2025-03-06,1090.106201171875,2514922
2025-03-07,1108.5537109375,1051212
2025-03-10,1113.481201171875,1013160
2025-03-11,1114.9669189453125,957110
2025-03-12,1087.283447265625,717178
2025-03-13,1085.525390625,584340
2025-03-17,1076.809326171875,820010
2025-03-18,1076.809326171875,0
2025-03-19,1081.5882568359375,845086
2025-03-20,1100.184326171875,953748
2025-03-21,1123.6087646484375,1585274
2025-03-24,1120.9840087890625,861902
2025-03-25,1116.675537109375,1484284
2025-03-26,1111.02978515625,1066938
2025-03-27,1110.3365478515625,1731172
2025-03-28,1114.64501953125,1432302
2025-04-01,1106.349853515625,2040110
2025-04-02,1094.8109130859375,2601704
2025-04-03,1112.1192626953125,635716
2025-04-04,1120.2906494140625,1183470
2025-04-07,1113.7784423828125,1474570
2025-04-08,1126.8524169921875,1747016
2025-04-09,1161.2464599609375,3706748
2025-04-11,1169.4423828125,2236634
2025-04-15,1172.661376953125,1561748
2025-04-16,1180.2882080078125,1354424
2025-04-17,1196.7794189453125,1815842
2025-04-21,1188.2613525390625,953130
2025-04-22,1192.1737060546875,975908
2025-04-23,1205.0992431640625,1165112
2025-04-24,1205.000244140625,4674476
2025-04-25,1195.244140625,2256568
2025-04-28,1191.5299072265625,1961052
2025-04-29,1182.3680419921875,1952120
2025-04-30,1182.7147216796875,2040862
2025-05-02,1154.78369140625,1265148
2025-05-05,1153.0008544921875,1827594
2025-05-06,1167.015869140625,1742026
2025-05-07,1158.0521240234375,1353304
2025-05-08,1159.191162109375,2693092
2025-05-09,1151.614013671875,1816458
2025-05-12,1180.5357666015625,801500
2025-05-13,1173.800537109375,2333552
2025-05-14,1173.8995361328125,1203066
2025-05-15,1187.6175537109375,1928224
2025-05-16,1192.9166259765625,1369102
2025-05-19,1192.42138671875,845862
2025-05-20,1168.00634765625,1555350
2025-05-21,1184.893798828125,1350296
2025-05-22,1169.591064453125,2161612
2025-05-23,1195.6898193359375,1154460
2025-05-26,1215.3011474609375,1248708
2025-05-27,1218.7181396484375,1584098
2025-05-28,1197.9678955078125,1447242
2025-05-29,1205.8917236328125,1862596
2025-05-30,1186.6766357421875,2134920
2025-06-02,1191.678466796875,2052718
2025-06-03,1184.299560546875,1468888
2025-06-04,1187.3203125,1174082
2025-06-05,1189.202392578125,1467916
2025-06-06,1197.076416015625,1004606
2025-06-09,1196.1356201171875,678874
2025-06-10,1204.1087646484375,1351562
2025-06-11,1198.06689453125,1751374
2025-06-12,1181.4271240234375,2717158
2025-06-13,1177.0692138671875,829756
2025-06-16,1183.5072021484375,532308
2025-06-17,1169.7396240234375,1531068
2025-06-18,1159.2408447265625,1308554
2025-06-19,1148.39501953125,1474774
2025-06-20,1168.9471435546875,22941194
2025-06-23,1168.3035888671875,1297744
2025-06-24,1171.62158203125,1100860
2025-06-25,1190.737548828125,2300288
2025-06-26,1204.1087646484375,3115098
2025-06-27,1217.628662109375,2375672
2025-06-30,1220.897216796875,1658010
2025-07-01,1193.5604248046875,1077220
2025-07-02,1182.61572265625,1475052
2025-07-03,1182.8138427734375,1263638
2025-07-04,1189.9752197265625,790114
2025-07-07,1204.5465087890625,868414
2025-07-08,1202.457763671875,711576
2025-07-09,1207.3812255859375,790360
2025-07-10,1194.2520751953125,569850
2025-07-11,1195.29638671875,741064
2025-07-14,1190.02490234375,942914
2025-07-15,1201.662109375,1064608
2025-07-16,1223.394775390625,2810630
2025-07-17,1217.9739990234375,546708
2025-07-18,1229.4619140625,899652
2025-07-21,1229.660888671875,957974
2025-07-22,1215.1890869140625,774548
2025-07-23,1219.6649169921875,720228
2025-07-24,1154.8150634765625,5372012
2025-07-25,1131.192626953125,3178714
2025-07-28,1108.6641845703125,1879938
2025-07-29,1105.879150390625,1801922
2025-07-30,1109.75830078125,929698
2025-07-31,1117.814697265625,1346218
2025-08-01,1132.137451171875,1410024
2025-08-04,1132.5849609375,812794
2025-08-05,1127.5621337890625,1135934
2025-08-06,1110.6534423828125,1127544
2025-08-07,1111.300048828125,1014230
2025-08-08,1090.6116943359375,1242852
2025-08-11,1099.0660400390625,1038967
2025-08-12,1085.2406005859375,758197
2025-08-13,1091.009521484375,813725
2025-08-14,1083.5498046875,941698
2025-08-18,1137.9560546875,3478231
2025-08-19,1155.1630859375,1851158
2025-08-20,1183.907958984375,1652532
2025-08-21,1173.0665283203125,991563
2025-08-22,1156.655029296875,921658
2025-08-25,1146.8082275390625,931358
2025-08-26,1155.958740234375,3619892
2025-08-28,1156.15771484375,1065888
2025-08-29,1149.990966796875,1593255
2025-09-01,1168.0933837890625,643866
2025-09-02,1194.4510498046875,1773623
2025-09-03,1188.3837890625,827824
2025-09-04,1206.088134765625,3346196
2025-09-05,1202.0101318359375,1434458
2025-09-08,1181.32177734375,1112974
2025-09-09,1195.7440185546875,1295618
2025-09-10,1210.9619140625,1015673
2025-09-11,1214.244140625,783400
2025-09-12,1211.061279296875,632659
2025-09-15,1205.9886474609375,523120
2025-09-16,1197.7332763671875,1137133
2025-09-17,1197.832763671875,1005661
2025-09-18,1202.60693359375,1345158
2025-09-19,1188.0853271484375,2395784
2025-09-22,1181.918701171875,1107323
2025-09-23,1162.1256103515625,2114020
2025-09-24,1172.270751953125,1395188
2025-09-25,1167.1981201171875,1273981
2025-09-26,1156.356689453125,1011036
2025-09-29,1146.3109130859375,2130382
2025-09-30,1146.708740234375,1409305
2025-10-01,1160.1363525390625,727804
2025-10-03,1163.6175537109375,1159975
2025-10-06,1175.35400390625,639965
2025-10-07,1170.48046875,922441
2025-10-08,1174.1605224609375,893579
2025-10-09,1181.42138671875,922191
2025-10-10,1193.0584716796875,1110822
2025-10-13,1181.7197265625,1062394
2025-10-14,1169.1873779296875,1293553
2025-10-15,1214.8409423828125,2283392
2025-10-16,1269.7445068359375,6927367
2025-10-17,1282.5751953125,3171952
2025-10-20,1278.4971923828125,1246633
2025-10-21,1280.3870849609375,245138
2025-10-23,1265.9649658203125,1751448
2025-10-24,1275.115478515625,1433533
2025-10-27,1276.110107421875,1107997
2025-10-28,1264.174560546875,1343829
2025-10-29,1266.163818359375,836932
2025-10-30,1273.0267333984375,728703
2025-10-31,1264.7713623046875,943037
2025-11-03,1259.8975830078125,847050
2025-11-04,1258.206787109375,770668
2025-11-06,1259.30078125,1171263
2025-11-07,1255.9190673828125,596683
2025-11-10,1256.1180419921875,737986
2025-11-11,1261.2901611328125,729912
2025-11-12,1271.3358154296875,824792
2025-11-13,1268.3519287109375,691337
2025-11-14,1264.7713623046875,675047
2025-11-17,1263.4783935546875,774802
2025-11-18,1258.30615234375,810387
2025-11-19,1272.131591796875,726287
2025-11-20,1272.3304443359375,796864
2025-11-21,1273.8223876953125,673231
2025-11-24,1262.3841552734375,2636542
2025-11-25,1256.4163818359375,1065974
2025-11-26,1269.9434814453125,810809
2025-11-27,1259.5992431640625,708607
2025-11-28,1254.32763671875,626947
2025-12-01,1253.830322265625,644563
2025-12-02,1252.1395263671875,911551
2025-12-03,1235.2308349609375,642993
2025-12-04,1235.7281494140625,664641
2025-12-05,1240.2039794921875,911699
2025-12-08,1208.2763671875,1534927
2025-12-09,1209.27099609375,810028
2025-12-10,1202.805908203125,514862
2025-12-11,1208.4752197265625,339626
2025-12-12,1231.650146484375,841766
2025-12-15,1236.822265625,857798
2025-12-16,1233.937744140625,1086329
2025-12-17,1227.969970703125,526222
2025-12-18,1226.8759765625,707432
2025-12-19,1237.7174072265625,754446
2025-12-22,1250.4486083984375,880387
2025-12-23,1249.75244140625,663261
2025-12-24,1252.9351806640625,598956
2025-12-26,1265.7659912109375,1433973
2025-12-29,1273.126220703125,888206
2025-12-30,1267.2579345703125,2043408
2025-12-31,1281.083251953125,738631
2026-01-01,1288.045654296875,932297
2026-01-02,1272.8277587890625,736473
2026-01-05,1307.5404052734375,2397082
2026-01-06,1312.81201171875,866154
2026-01-07,1307.7393798828125,676669
2026-01-08,1299.8818359375,555817
2026-01-09,1292.1236572265625,1194489
2026-01-12,1305.352294921875,1032516
2026-01-13,1311.618408203125,1316337
2026-01-14,1300.0806884765625,904110
2026-01-15,1300.0806884765625,0
2026-01-16,1308.83349609375,1491989
2026-01-19,1308.5350341796875,867546
2026-01-20,1288.7418212890625,1173676
2026-01-21,1276.3089599609375,1046054
2026-01-22,1298.986572265625,994359
2026-01-23,1286.8521728515625,744221
2026-01-27,1296.3011474609375,1159495
2026-01-28,1285.4595947265625,940426
2026-01-29,1280.9837646484375,1151521
2026-01-30,1325.244873046875,5292100
2026-02-02,1301.2742919921875,1254558
2026-02-03,1300.975830078125,1232271
2026-02-04,1296.2015380859375,875783
2026-02-05,1296.5,854891
2026-02-06,1303.300048828125,835646
2026-02-09,1295.5999755859375,746303
2026-02-10,1308.5999755859375,936331
2026-02-11,1305.300048828125,911500
2026-02-12,1305.5,534672
2026-02-13,1282.5999755859375,522586
2026-02-16,1289.800048828125,456222
2026-02-17,1285.300048828125,396198
2026-02-18,1300.9000244140625,446022
2026-02-19,1278.5,659360
2026-02-20,1293.800048828125,754146
2026-02-23,1315.0999755859375,933582
