date,adj_close,volume
2015-01-01,79.63380432128906,1478980
2015-01-02,80.72392272949219,2383093
2015-01-05,80.50030517578125,2197057
2015-01-06,77.81695556640625,5923512
2015-01-07,79.6897201538086,5848555
2015-01-08,81.0313720703125,7564225
2015-01-09,78.4039306640625,3778993
2015-01-12,78.26417541503906,3190536
2015-01-13,77.67719268798828,4515434
2015-01-14,77.00638580322266,2736211
2015-01-15,77.81695556640625,7016253
2015-01-16,78.48780059814453,6225934
2015-01-19,79.24249267578125,5186906
2015-01-20,79.857421875,6449028
2015-01-21,80.22078704833984,6947634
2015-01-22,78.3759994506836,6729064
2015-01-23,79.32632446289062,9045246
2015-01-27,80.02511596679688,17981989
2015-01-28,79.857421875,6764469
2015-01-29,79.29839324951172,17553748
2015-01-30,80.30464172363281,22309884
2015-02-02,79.41020202636719,10364854
2015-02-03,80.50030517578125,7781553
2015-02-04,80.2474136352539,4036543
2015-02-05,78.75822448730469,6143088
2015-02-06,78.6739273071289,5976495
2015-02-09,77.99959564208984,3114468
2015-02-10,77.07235717773438,4506774
2015-02-11,78.75822448730469,3522442
2015-02-12,79.85404205322266,5162803
2015-02-13,80.50031280517578,3614205
2015-02-16,80.92176818847656,1945558
2015-02-18,82.07378387451172,4976054
2015-02-19,82.41094970703125,3709054
2015-02-20,81.8489990234375,3178180
2015-02-23,82.07378387451172,6031716
2015-02-24,82.38285827636719,5885637
2015-02-25,82.07378387451172,7538304
2015-02-26,86.17607116699219,25489447
2015-02-27,89.04204559326172,12085627
2015-03-02,89.6321029663086,7853508
2015-03-03,89.18254089355469,5796930
2015-03-04,88.50817108154297,4580594
2015-03-05,88.87345886230469,4307704
2015-03-09,85.3050308227539,3058852
2015-03-10,84.26541137695312,3849673
2015-03-11,86.4008560180664,4759294
2015-03-12,89.74447631835938,23732349
2015-03-13,89.60397338867188,16271358
2015-03-16,87.5809555053711,12014666
2015-03-17,88.70487213134766,6403596
2015-03-18,85.78269958496094,19386136
2015-03-19,86.96279907226562,24922042
2015-03-20,81.76470947265625,20606029
2015-03-23,84.37779998779297,8907972
2015-03-24,85.81079864501953,7701613
2015-03-25,82.80431365966797,19117210
2015-03-26,80.92176818847656,26353953
2015-03-27,81.8208999633789,5357637
2015-03-30,82.94481658935547,4959049
2015-03-31,82.5233383178711,8397256
2015-04-01,83.02909851074219,3645848
2015-04-06,85.47362518310547,4071922
2015-04-07,87.83384704589844,5508952
2015-04-08,87.721435546875,3068680
2015-04-09,88.42388916015625,3480921
2015-04-10,87.46855926513672,3200816
2015-04-13,88.39579772949219,3189088
2015-04-15,86.73802185058594,4110085
2015-04-16,87.721435546875,3141138
2015-04-17,88.78916931152344,3831186
2015-04-20,86.76612091064453,2855564
2015-04-21,85.05215454101562,3864529
2015-04-22,85.81079864501953,3322204
2015-04-23,84.01251983642578,2880820
2015-04-24,84.18112182617188,4004778
2015-04-27,83.31006622314453,4911789
2015-04-28,85.02403259277344,3926425
2015-04-29,85.19263458251953,4480990
2015-04-30,84.46207427978516,6908986
2015-05-04,85.61409759521484,2244895
2015-05-05,84.5744857788086,2478207
2015-05-06,81.25894165039062,5876370
2015-05-07,80.07881164550781,3870685
2015-05-08,79.79786682128906,2922648
2015-05-11,81.45561981201172,2935518
2015-05-12,79.60115814208984,5078632
2015-05-13,77.77481079101562,12966652
2015-05-14,78.14007568359375,11796906
2015-05-15,76.48231506347656,3487633
2015-05-18,76.51041412353516,3840517
2015-05-19,76.48231506347656,3091772
2015-05-20,76.51041412353516,4418476
2015-05-21,75.83605194091797,4420716
2015-05-22,76.06084442138672,5611028
2015-05-25,75.44270324707031,1798695
2015-05-26,74.45925903320312,8415657
2015-05-27,75.44270324707031,8322991
2015-05-28,75.66748046875,9531386
2015-05-29,76.7352066040039,55394842
2015-06-01,77.8591079711914,5682194
2015-06-02,77.52193450927734,4976767
2015-06-03,77.80290985107422,8343859
2015-06-04,76.93186950683594,6126315
2015-06-05,78.7020492553711,6811179
2015-06-08,77.80290985107422,5851057
2015-06-09,78.11199188232422,5823418
2015-06-10,78.6739273071289,4557562
2015-06-11,76.7352066040039,5646832
2015-06-12,76.70708465576172,4680678
2015-06-15,76.34182739257812,2415729
2015-06-16,77.35335540771484,2201316
2015-06-17,76.98806762695312,4718553
2015-06-18,76.76329040527344,3119080
2015-06-19,76.45420837402344,3558112
2015-06-22,76.98806762695312,2489085
2015-06-23,78.25247955322266,4895708
2015-06-24,76.87567901611328,1151251
2015-06-25,76.20133972167969,13284873
2015-06-26,77.3814468383789,3012900
2015-06-29,77.9153060913086,2735258
2015-06-30,77.35335540771484,5584984
2015-07-01,77.71861267089844,2692186
2015-07-02,77.35335540771484,2130937
2015-07-03,78.0276870727539,1848141
2015-07-06,77.5500259399414,1829578
2015-07-07,75.5550765991211,11870942
2015-07-08,74.74024963378906,6979066
2015-07-09,73.67253112792969,3690094
2015-07-10,72.9700698852539,6700296
2015-07-13,74.79644012451172,3433429
2015-07-14,74.79644012451172,2489889
2015-07-15,74.82454681396484,2469536
2015-07-16,75.69554901123047,1189351
2015-07-17,76.17323303222656,1445403
2015-07-20,76.25753784179688,886364
2015-07-21,76.20133972167969,1367409
2015-07-22,77.29714965820312,1659378
2015-07-23,77.7467269897461,2745640
2015-07-24,77.5500259399414,3777370
2015-07-27,75.41458129882812,3031380
2015-07-28,77.01617431640625,3351928
2015-07-29,76.14512634277344,3799195
2015-07-30,76.34182739257812,8104052
2015-07-31,75.89225769042969,5377446
2015-08-03,75.89225769042969,2878239
2015-08-04,75.94844818115234,4383127
2015-08-05,76.84757232666016,2769999
2015-08-06,76.36991882324219,12025086
2015-08-07,75.2178955078125,4762880
2015-08-10,73.81301879882812,4761007
2015-08-11,73.50394439697266,6722565
2015-08-12,71.95855712890625,5033044
2015-08-13,71.84617614746094,6023696
2015-08-14,72.8576889038086,2001253
2015-08-17,71.95855712890625,1299099
2015-08-18,71.50900268554688,2115512
2015-08-19,70.80653381347656,2073483
2015-08-20,70.77845001220703,3895869
2015-08-21,69.34547424316406,8286668
2015-08-24,64.79360961914062,21259096
2015-08-25,66.95714569091797,12442059
2015-08-26,67.37859344482422,10884993
2015-08-27,66.95714569091797,12451533
2015-08-28,68.33394622802734,4771845
2015-08-31,68.24964904785156,4827870
2015-09-01,67.57530212402344,3799548
2015-09-02,65.46795654296875,6875404
2015-09-03,67.09396362304688,5062188
2015-09-04,65.3253173828125,10292604
2015-09-07,64.2413101196289,8050246
2015-09-08,65.29681396484375,5787757
2015-09-09,68.97669219970703,12015592
2015-09-10,68.03534698486328,2798323
2015-09-11,68.26354217529297,2404740
2015-09-14,71.82933044433594,5742222
2015-09-15,72.37132263183594,5089286
2015-09-16,72.94186401367188,3290786
2015-09-18,72.34278869628906,7200021
2015-09-21,72.31427764892578,2233722
2015-09-22,68.97669219970703,6530800
2015-09-23,69.20488739013672,3839610
2015-09-24,69.63280487060547,3772704
2015-09-28,69.00523376464844,2310477
2015-09-29,69.23343658447266,3975267
2015-09-30,70.60270690917969,3470785
2015-10-01,70.46007537841797,3822145
2015-10-05,72.85626983642578,4026033
2015-10-06,71.7437515258789,8623933
2015-10-07,72.88481140136719,3385142
2015-10-08,71.88638305664062,3521266
2015-10-09,71.88638305664062,3262202
2015-10-12,72.59954833984375,2117947
2015-10-13,72.71366119384766,2506449
2015-10-14,71.8008041381836,2665834
2015-10-15,71.31585693359375,2725071
2015-10-16,72.34278869628906,19650850
2015-10-19,72.6280746459961,4176244
2015-10-20,72.9989013671875,5440894
2015-10-21,74.13996887207031,4227984
2015-10-23,75.6803970336914,3888451
2015-10-26,75.79450225830078,2554590
2015-10-27,75.6803970336914,8433085
2015-10-28,73.85469818115234,4449216
2015-10-29,72.9989013671875,9820096
2015-10-30,75.76596069335938,10949250
2015-11-02,75.70890808105469,11462052
2015-11-03,77.42049407958984,11192800
2015-11-04,77.04965209960938,4315034
2015-11-05,77.59163665771484,7694065
2015-11-06,77.33492279052734,7245621
2015-11-09,76.19384002685547,3002449
2015-11-10,74.9386978149414,2695531
2015-11-13,74.62491607666016,2186415
2015-11-16,74.85311889648438,3069470
2015-11-17,75.36661529541016,2031129
2015-11-18,75.82304382324219,8835048
2015-11-19,76.42207336425781,1697204
2015-11-20,76.53617095947266,4503478
2015-11-23,75.9371109008789,1590408
2015-11-24,74.82459259033203,2367228
2015-11-26,75.82304382324219,5874213
2015-11-27,75.70890808105469,4532130
2015-11-30,74.68195343017578,8954815
2015-12-01,75.6803970336914,1776526
2015-12-02,75.9371109008789,1556103
2015-12-03,76.16534423828125,2710232
2015-12-04,74.39669036865234,2029555
2015-12-07,74.2826156616211,3599509
2015-12-08,74.197021484375,2817922
2015-12-09,74.25408935546875,4174069
2015-12-10,75.99417877197266,4689330
2015-12-11,75.73744201660156,7819576
2015-12-14,75.79450225830078,3892008
2015-12-15,75.19542694091797,2294697
2015-12-16,76.19384002685547,2827382
2015-12-17,77.33492279052734,5617645
2015-12-18,77.50608825683594,7227156
2015-12-21,77.81986999511719,2724703
2015-12-22,78.16218566894531,5186119
2015-12-23,79.30323028564453,2906598
2015-12-24,79.47439575195312,2214117
2015-12-28,82.1273422241211,6195141
2015-12-29,82.6123046875,11830292
2015-12-30,82.75491333007812,7060556
2015-12-31,83.43954467773438,6167425
2016-01-01,82.44112396240234,1087959
2016-01-04,81.75650024414062,1660154
2016-01-05,81.15744018554688,2183413
2016-01-06,80.70104217529297,2555581
2016-01-07,78.64712524414062,4397205
2016-01-08,79.61702728271484,5000222
2016-01-11,80.78660583496094,9595707
2016-01-12,82.84049987792969,5331380
2016-01-13,82.29850769042969,6335397
2016-01-14,81.6994400024414,2617408
2016-01-15,77.84840393066406,5813482
2016-01-18,76.79293060302734,7094769
2016-01-19,77.10669708251953,3276105
2016-01-20,75.42366027832031,4893918
2016-01-21,75.88008880615234,3672420
2016-01-22,78.81827545166016,4081641
2016-01-25,78.70418548583984,3248101
2016-01-27,82.01323699951172,6462206
2016-01-28,82.29850769042969,10947943
2016-01-29,81.27155303955078,9604422
2016-02-01,80.0163803100586,4772776
2016-02-02,76.4791259765625,5540090
2016-02-03,73.39827728271484,5409084
2016-02-04,71.82933044433594,8947989
2016-02-05,72.11827087402344,2917293
2016-02-08,71.22257232666016,2578603
2016-02-09,72.72502899169922,2829949
2016-02-10,72.0893783569336,3106880
2016-02-11,69.89347076416016,2946543
2016-02-12,71.62708282470703,4086475
2016-02-15,72.11827087402344,4458290
2016-02-16,73.82298278808594,6067938
2016-02-17,73.96744537353516,4187010
2016-02-18,73.67853546142578,2623275
2016-02-19,75.00761413574219,1806504
2016-02-22,73.38959503173828,2703391
2016-02-23,71.54039001464844,11574602
2016-02-24,68.56436920166016,21683338
2016-02-25,68.4776840209961,40502397
2016-02-26,70.24018096923828,8436524
2016-02-29,69.05554962158203,6291750
2016-03-01,70.99141693115234,4792212
2016-03-02,73.27400207519531,7180521
2016-03-03,73.04285430908203,4161891
2016-03-04,72.8405990600586,7395987
2016-03-08,73.70741271972656,4202145
2016-03-09,73.12954711914062,4332384
2016-03-10,73.27400207519531,4072078
2016-03-11,73.04285430908203,2484648
2016-03-14,73.6207275390625,2195317
2016-03-15,73.56293487548828,2454310
2016-03-16,73.70741271972656,6045006
2016-03-17,73.30288696289062,5303053
2016-03-18,73.64962005615234,6395342
2016-03-21,73.47624206542969,3162202
2016-03-22,74.11193084716797,4386978
2016-03-23,73.59183502197266,2682230
2016-03-28,74.63200378417969,6322756
2016-03-29,73.56293487548828,5982391
2016-03-30,75.06539916992188,4581528
2016-03-31,74.45864868164062,12576144
2016-04-01,75.09429168701172,6204711
2016-04-04,75.75885009765625,2727397
2016-04-05,73.30288696289062,4594977
2016-04-06,72.92728424072266,4536128
2016-04-07,73.12954711914062,9263898
2016-04-08,76.01889038085938,9962676
2016-04-11,77.78140258789062,4473735
2016-04-12,78.30148315429688,4394954
2016-04-13,79.25495910644531,4541049
2016-04-18,80.61297607421875,5881213
2016-04-20,81.65312957763672,3941576
2016-04-21,81.56645202636719,5878872
2016-04-22,83.01113891601562,5904096
2016-04-25,81.1041488647461,3757774
2016-04-26,81.01748657226562,6118725
2016-04-27,81.3064193725586,2213048
2016-04-28,79.25495910644531,7582244
2016-04-29,80.49739074707031,4812152
2016-05-02,80.06400299072266,2710262
2016-05-03,78.90825653076172,5122599
2016-05-04,80.20845794677734,7557462
2016-05-05,80.7285385131836,4772552
2016-05-06,80.90189361572266,3943374
2016-05-09,82.75108337402344,8002119
2016-05-10,81.27751922607422,5002198
2016-05-11,81.76872253417969,5366452
2016-05-12,81.73983001708984,2931638
2016-05-13,81.47977447509766,3152124
2016-05-16,80.95968627929688,6137539
2016-05-17,79.16828918457031,8913270
2016-05-18,78.64822387695312,6099468
2016-05-19,78.21481323242188,5504425
2016-05-20,79.11050415039062,5662137
2016-05-23,78.41705322265625,2955597
2016-05-24,80.03509521484375,5846558
2016-05-25,81.97095489501953,2999689
2016-05-26,81.59534454345703,9645368
2016-05-27,80.95968627929688,3192600
2016-05-30,82.98223114013672,11452723
2016-05-31,82.72218322753906,49654994
2016-06-01,83.56011199951172,5578209
2016-06-02,83.76234436035156,3890110
2016-06-03,85.29371643066406,5230866
2016-06-06,85.00479125976562,3080890
2016-06-07,85.784912109375,4160961
2016-06-08,85.6115493774414,3645885
2016-06-09,87.28738403320312,7092262
2016-06-10,87.54743194580078,2818471
2016-06-13,85.95828247070312,1383117
2016-06-14,85.66932678222656,2696526
2016-06-15,89.07877349853516,4583678
2016-06-16,87.72077941894531,3753651
2016-06-17,88.00971984863281,3636291
2016-06-20,89.25212860107422,2779868
2016-06-21,87.72077941894531,3185960
2016-06-22,88.18305969238281,2958055
2016-06-23,86.16053009033203,7649942
2016-06-24,86.21831512451172,3570870
2016-06-27,86.21831512451172,2847684
2016-06-28,85.52487182617188,3265359
2016-06-29,87.89413452148438,3666712
2016-06-30,90.3211898803711,9291400
2016-07-01,90.58122253417969,3022617
2016-07-04,90.11893463134766,3504501
2016-07-05,88.18305969238281,3307670
2016-07-07,88.35643005371094,6193146
2016-07-08,88.87651062011719,1792663
2016-07-11,91.10132598876953,3684830
2016-07-12,91.47693634033203,2558658
2016-07-13,91.10132598876953,3752023
2016-07-14,91.70808410644531,3467246
2016-07-15,90.29229736328125,24967578
2016-07-18,89.91668701171875,3678940
2016-07-19,90.26341247558594,3266539
2016-07-20,90.92796325683594,3747645
2016-07-21,89.5121841430664,3602185
2016-07-22,90.49456024169922,4439348
2016-07-25,91.0146255493164,2762284
2016-07-26,91.3613510131836,2391322
2016-07-27,91.91034698486328,3822085
2016-07-28,91.65029907226562,9605690
2016-07-29,91.5058364868164,3023502
2016-08-01,92.11259460449219,4640031
2016-08-02,92.08370971679688,2760872
2016-08-03,91.0146255493164,3387386
2016-08-04,91.91034698486328,3007062
2016-08-05,93.2972412109375,3142065
2016-08-08,92.37263488769531,2541385
2016-08-09,92.37263488769531,3574959
2016-08-10,91.24578857421875,3919809
2016-08-11,92.19926452636719,2147083
2016-08-12,92.77715301513672,2793805
2016-08-16,93.23943328857422,5136718
2016-08-17,93.35502624511719,1653793
2016-08-18,96.38884735107422,8815767
2016-08-19,96.35994720458984,5195581
2016-08-22,94.56853485107422,8943697
2016-08-23,91.88143920898438,7852124
2016-08-24,93.21053314208984,6789516
2016-08-25,91.6791763305664,8434987
2016-08-26,91.24578857421875,3957362
2016-08-29,92.19926452636719,1646781
2016-08-30,93.47058868408203,2913315
2016-08-31,92.02591705322266,11099280
2016-09-01,91.73696899414062,3383041
2016-09-02,92.4593276977539,4700020
2016-09-06,94.51075744628906,5273948
2016-09-07,93.18165588378906,3051766
2016-09-08,93.32769775390625,2926024
2016-09-09,92.7727279663086,2551233
2016-09-12,89.29664611816406,3768448
2016-09-14,90.9616470336914,3852837
2016-09-15,89.61796569824219,3226718
2016-09-16,89.41350555419922,7863216
2016-09-19,90.64035034179688,2220804
2016-09-20,89.61796569824219,3677742
2016-09-21,89.96847534179688,3328227
2016-09-22,91.72112274169922,2877253
2016-09-23,91.6626968383789,4637128
2016-09-26,88.88770294189453,5557129
2016-09-27,88.91691589355469,2940974
2016-09-28,89.20902252197266,2364836
2016-09-29,87.31034851074219,9046064
2016-09-30,86.46321868896484,3917944
2016-10-03,87.98218536376953,2458561
2016-10-04,88.94611358642578,3592586
2016-10-05,89.06297302246094,3460152
2016-10-06,87.01822662353516,5083105
2016-10-07,86.63849639892578,2824920
2016-10-10,85.67454528808594,5757795
2016-10-13,84.56453704833984,7622096
2016-10-14,84.71060180664062,3912372
2016-10-17,86.17113494873047,9453096
2016-10-18,86.46321868896484,10349815
2016-10-19,87.07665252685547,8062418
2016-10-20,87.04743194580078,3200011
2016-10-21,87.33953857421875,1824866
2016-10-24,88.42032623291016,1329955
2016-10-25,88.80006408691406,2033961
2016-10-26,88.71244812011719,1938522
2016-10-27,88.62479400634766,3302029
2016-10-28,88.94611358642578,7337786
2016-11-01,90.55269622802734,4078814
2016-11-02,91.42902374267578,8157837
2016-11-03,89.41350555419922,4332021
2016-11-04,89.67637634277344,2394276
2016-11-07,90.61112976074219,4567302
2016-11-08,90.05612182617188,4490103
2016-11-09,90.02692413330078,8218180
2016-11-10,90.43585968017578,4426790
2016-11-11,88.62479400634766,3641463
2016-11-15,87.71928405761719,4077310
2016-11-16,87.71928405761719,3384367
2016-11-17,88.68321990966797,6488716
2016-11-18,92.91875457763672,13243760
2016-11-21,90.4942626953125,9888339
2016-11-22,90.02692413330078,10578529
2016-11-23,93.38612365722656,10153308
2016-11-24,91.72112274169922,5111353
2016-11-25,94.35006713867188,5798672
2016-11-28,96.01507568359375,4603195
2016-11-29,95.22639465332031,6154771
2016-11-30,95.31401062011719,9674742
2016-12-01,94.58374786376953,3768108
2016-12-02,94.43770599365234,3513333
2016-12-05,94.90507507324219,3422251
2016-12-06,95.28480529785156,5353840
2016-12-07,95.31401062011719,3689476
2016-12-08,95.255615234375,4154828
2016-12-09,95.8398208618164,2481586
2016-12-12,96.65769958496094,3724072
2016-12-13,96.27796936035156,3550705
2016-12-14,95.5477066040039,3354277
2016-12-15,93.5905990600586,3354172
2016-12-16,93.47376251220703,4329195
2016-12-19,93.41534423828125,3143113
2016-12-20,94.55455017089844,2882146
2016-12-21,95.60612487792969,3838824
2016-12-22,93.76587677001953,2898685
2016-12-23,94.08717346191406,3019249
2016-12-26,93.4445571899414,2883518
2016-12-27,93.70745086669922,3137931
2016-12-28,93.91192626953125,2598544
2016-12-29,95.5477066040039,5976016
2016-12-30,96.24876403808594,4244060
2017-01-02,96.27796936035156,3152186
2017-01-03,96.65769958496094,2448501
2017-01-04,96.30719757080078,3729337
2017-01-05,96.39480590820312,6652960
2017-01-06,95.81060791015625,4947444
2017-01-09,95.255615234375,4569656
2017-01-10,94.81744384765625,2423820
2017-01-11,96.10269927978516,2763603
2017-01-12,101.4774398803711,12138549
2017-01-13,99.90007781982422,6432948
2017-01-16,99.69560241699219,5560533
2017-01-17,102.6458740234375,7873125
2017-01-18,100.92243957519531,6211531
2017-01-19,101.74034118652344,7877224
2017-01-20,99.5787582397461,4372642
2017-01-23,99.08219909667969,4522695
2017-01-24,100.68877410888672,7209640
2017-01-25,100.10456085205078,13115185
2017-01-27,103.69745635986328,6091371
2017-01-30,102.6458740234375,5516523
2017-01-31,100.68877410888672,7441196
2017-02-01,99.84166717529297,10397133
2017-02-02,100.8056411743164,7142464
2017-02-03,100.45508575439453,4129434
2017-02-06,101.41903686523438,6082885
2017-02-07,101.06848907470703,6618921
2017-02-08,100.42585754394531,10220055
2017-02-09,98.26429748535156,7504140
2017-02-10,99.52033996582031,4783242
2017-02-13,100.7763900756836,7380872
2017-02-14,99.81246185302734,5174097
2017-02-15,100.29300689697266,4591172
2017-02-16,101.03459930419922,4049570
2017-02-17,100.7082748413086,3268471
2017-02-20,101.92451477050781,7358422
2017-02-21,102.33979034423828,2167004
2017-02-22,98.8988037109375,8138626
2017-02-23,98.1868896484375,8046589
2017-02-27,98.1275405883789,8850588
2017-02-28,96.67402648925781,16850186
2017-03-01,94.89420318603516,11781903
2017-03-02,92.52111053466797,16388160
2017-03-03,92.61009979248047,9776836
2017-03-06,93.9746322631836,5028422
2017-03-07,93.3813705444336,4820226
2017-03-08,93.20338439941406,3653134
2017-03-09,93.91529846191406,5600349
2017-03-10,93.20338439941406,2902393
2017-03-14,94.68656921386719,5506806
2017-03-15,94.12294006347656,3038296
2017-03-16,95.66545104980469,3935551
2017-03-17,94.89420318603516,7716466
2017-03-20,95.75444030761719,2691794
2017-03-21,96.19940185546875,3637201
2017-03-22,95.36883544921875,2992011
2017-03-23,97.53425598144531,6384273
2017-03-24,97.65293884277344,4581844
2017-03-27,96.91133117675781,3264932
2017-03-28,97.83092498779297,1686946
2017-03-29,97.26730346679688,4597850
2017-03-30,96.76300811767578,9615726
2017-03-31,98.4834976196289,3814359
2017-04-03,97.68258666992188,3542816
2017-04-05,98.78015899658203,6131202
2017-04-06,99.49207305908203,5319375
2017-04-07,99.81837463378906,7405474
2017-04-10,98.92845916748047,2686148
2017-04-11,99.07677459716797,17414233
2017-04-12,97.86056518554688,8425531
2017-04-13,97.68258666992188,4090750
2017-04-17,94.50858306884766,9580728
2017-04-18,95.93243408203125,5073410
2017-04-19,97.83092498779297,5434806
2017-04-20,97.1189956665039,2381107
2017-04-21,99.19542694091797,9538297
2017-04-24,98.809814453125,2517796
2017-04-25,98.15721130371094,3704083
2017-04-26,98.2461929321289,4119194
2017-04-27,97.3563003540039,4868335
2017-04-28,97.59359741210938,3063996
2017-05-02,96.16973876953125,4025983
2017-05-03,96.16973876953125,3870368
2017-05-04,96.4960708618164,3344888
2017-05-05,94.74588012695312,2507920
2017-05-08,95.27982330322266,3692730
2017-05-09,95.66545104980469,3186598
2017-05-10,96.22907257080078,2730601
2017-05-11,95.07218170166016,4567666
2017-05-12,94.24160766601562,2748128
2017-05-15,94.77554321289062,2060881
2017-05-16,94.89420318603516,5617327
2017-05-17,94.27127075195312,8423958
2017-05-18,93.61865997314453,6185143
2017-05-19,94.38992309570312,2852978
2017-05-22,93.85598754882812,3324104
2017-05-23,93.1144027709961,2820800
2017-05-24,92.81773376464844,2830014
2017-05-25,92.75843811035156,5992188
2017-05-26,92.55076599121094,3186957
2017-05-29,92.847412109375,8203143
2017-05-30,95.66545104980469,5871019
2017-05-31,95.04252624511719,6385513
2017-06-01,95.30949401855469,2350266
2017-06-02,96.46636962890625,5955807
2017-06-05,96.46636962890625,2986412
2017-06-06,93.79664611816406,5236093
2017-06-07,93.6483383178711,10697568
2017-06-08,93.6483383178711,1812870
2017-06-09,93.61865997314453,2940114
2017-06-12,93.7076644897461,3738913
2017-06-13,94.92386627197266,4090297
2017-06-14,94.89420318603516,2630623
2017-06-15,94.3602523803711,6250599
2017-06-16,95.27982330322266,5082594
2017-06-19,95.48748016357422,3415876
2017-06-20,94.30091094970703,2603080
2017-06-21,94.80523681640625,4094097
2017-06-22,94.30091094970703,5139614
2017-06-23,93.6483383178711,4643132
2017-06-27,93.67798614501953,3746638
2017-06-28,94.71621704101562,5058873
2017-06-29,94.12294006347656,10103880
2017-06-30,94.30091094970703,6122950
2017-07-03,92.99573516845703,8945122
2017-07-04,93.7669677734375,5282948
2017-07-05,94.33060455322266,5059808
2017-07-06,93.7669677734375,5379126
2017-07-07,94.3602523803711,4768952
2017-07-10,94.95353698730469,1170691
2017-07-11,96.88166809082031,5956020
2017-07-12,97.32662963867188,4097499
2017-07-13,97.23763275146484,3014683
2017-07-14,99.25476837158203,4127641
2017-07-17,99.99635314941406,4854055
2017-07-18,99.40308380126953,4280904
2017-07-19,99.5514144897461,4443198
2017-07-20,98.15721130371094,3079837
2017-07-21,97.77159118652344,4679146
2017-07-24,97.32662963867188,4095321
2017-07-25,97.23763275146484,5238774
2017-07-26,98.69114685058594,4710169
2017-07-27,98.1275405883789,13313542
2017-07-28,97.23763275146484,5825488
2017-07-31,97.41561889648438,11319219
2017-08-01,98.00889587402344,7131372
2017-08-02,101.95414733886719,22272063
2017-08-03,102.36949157714844,7242470
2017-08-04,105.2171859741211,9251462
2017-08-07,103.4966812133789,4356682
2017-08-08,101.53887939453125,4508409
2017-08-09,103.02205657958984,3248853
2017-08-10,102.42877960205078,2957564
2017-08-11,100.1743392944336,6021926
2017-08-14,101.89483642578125,4955436
2017-08-16,100.91593170166016,6909514
2017-08-17,104.89087677001953,6198212
2017-08-18,102.87374114990234,9086977
2017-08-21,102.04315185546875,4958263
2017-08-22,99.49207305908203,5514501
2017-08-23,101.00492858886719,5016500
2017-08-24,100.2633285522461,5959692
2017-08-28,102.81442260742188,6243884
2017-08-29,99.90737915039062,26027901
2017-08-30,99.6404037475586,24858153
2017-08-31,100.11502075195312,100020078
2017-09-01,99.81837463378906,6407655
2017-09-04,99.81837463378906,5787289
2017-09-05,100.55997467041016,3431329
2017-09-06,100.82695770263672,2789814
2017-09-07,102.22115325927734,5341582
2017-09-08,100.80890655517578,3959727
2017-09-11,102.49158477783203,13794789
2017-09-12,102.3713607788086,4997685
2017-09-13,101.53006744384766,5065327
2017-09-14,101.34976959228516,7281802
2017-09-15,100.56852722167969,6626685
2017-09-18,100.95917510986328,3664866
2017-09-19,101.56008911132812,2329150
2017-09-20,100.83897399902344,4668108
2017-09-21,101.07933807373047,3728936
2017-09-22,99.75724792480469,6742154
2017-09-25,99.90750122070312,5028435
2017-09-26,100.32817077636719,4261666
2017-09-27,99.15629577636719,3760716
2017-09-28,99.78730773925781,6199570
2017-09-29,100.62864685058594,4245489
2017-10-03,101.19951629638672,5038693
2017-10-04,100.98921203613281,6354854
2017-10-05,102.82208251953125,13895436
2017-10-06,105.79676818847656,18944218
2017-10-09,105.10567474365234,6961627
2017-10-10,105.46626281738281,5929921
2017-10-11,105.07563781738281,5036053
2017-10-12,106.18739318847656,19542392
2017-10-13,105.67658233642578,6797923
2017-10-16,105.43620300292969,2658920
2017-10-17,105.7066421508789,23635226
2017-10-18,106.99867248535156,8205376
2017-10-19,105.19585418701172,556915
2017-10-23,106.3376235961914,6443756
2017-10-24,109.16209411621094,14176243
2017-10-25,110.1836929321289,10983906
2017-10-26,110.96492004394531,11019600
2017-10-27,109.34239959716797,7227376
2017-10-30,109.73297882080078,5224491
2017-10-31,108.92169952392578,9992200
2017-11-01,108.6212387084961,9539526
2017-11-02,108.32073211669922,7958055
2017-11-03,109.34239959716797,10815914
2017-11-06,107.71979522705078,4282537
2017-11-07,107.20899963378906,10390363
2017-11-08,105.97705078125,7184114
2017-11-09,106.99867248535156,5041654
2017-11-10,106.09725189208984,6573186
2017-11-13,106.3376235961914,5605167
2017-11-14,106.39774322509766,11136588
2017-11-15,104.6850357055664,8244417
2017-11-16,106.03716278076172,8639272
2017-11-17,106.6982192993164,8639323
2017-11-20,108.44095611572266,5624824
2017-11-21,109.94332122802734,12956512
2017-11-22,109.28227233886719,7199913
2017-11-23,108.41089630126953,6313909
2017-11-24,108.35079956054688,4985976
2017-11-27,111.98654174804688,12239492
2017-11-28,109.85315704345703,21490923
2017-11-29,109.37242126464844,14803374
2017-11-30,108.86162567138672,21081258
2017-12-01,108.95176696777344,5247830
2017-12-04,108.29071044921875,10381372
2017-12-05,106.42777252197266,9543513
2017-12-06,105.55641174316406,10349719
2017-12-07,108.35079956054688,13097042
2017-12-08,108.41089630126953,13832593
2017-12-11,107.17896270751953,8522901
2017-12-12,105.7066421508789,9448897
2017-12-13,105.79676818847656,8234570
2017-12-14,106.5479736328125,8551278
2017-12-15,106.63811492919922,6455800
2017-12-18,106.81836700439453,6610290
2017-12-19,108.20056915283203,7419950
2017-12-20,107.23905181884766,5873828
2017-12-21,108.23062133789062,6576799
2017-12-22,108.02030181884766,3793356
2017-12-26,107.23905181884766,11741056
2017-12-27,106.66814422607422,7842159
2017-12-28,105.85684967041016,17995456
2017-12-29,106.36767578125,8900653
2018-01-01,106.09725189208984,6689762
2018-01-02,107.50948333740234,10171537
2018-01-03,106.39774322509766,12409998
2018-01-04,106.42777252197266,8712321
2018-01-05,106.66814422607422,12431070
2018-01-08,106.75829315185547,7290126
2018-01-09,106.18739318847656,7868696
2018-01-10,104.53477478027344,9836607
2018-01-11,104.26435089111328,6643371
2018-01-12,103.66338348388672,8369301
2018-01-15,103.9338607788086,5463837
2018-01-16,104.11412811279297,10138000
2018-01-17,104.71507263183594,7596332
2018-01-18,103.45307922363281,8280381
2018-01-19,103.81365966796875,3836697
2018-01-22,103.60331726074219,5422626
2018-01-23,103.78361511230469,6478592
2018-01-24,104.5648422241211,11677422
2018-01-25,103.33290100097656,13565392
2018-01-29,102.79204559326172,12918822
2018-01-30,102.34133911132812,9204885
2018-01-31,102.31128692626953,7820538
2018-02-01,101.59015655517578,11024756
2018-02-02,99.2764892578125,4803742
2018-02-05,99.90750122070312,7129994
2018-02-06,99.33659362792969,4853142
2018-02-07,101.09639739990234,11374195
2018-02-08,100.02709197998047,7486767
2018-02-09,99.75211334228516,4518222
2018-02-12,100.76030731201172,10466476
2018-02-14,99.56878662109375,4921964
2018-02-15,99.72154998779297,2581964
2018-02-16,99.47712707519531,7340724
2018-02-19,99.53823852539062,2634882
2018-02-20,100.33259582519531,6225978
2018-02-21,99.17162322998047,9316350
2018-02-22,98.22450256347656,5934736
2018-02-23,99.93540954589844,4571212
2018-02-26,99.56878662109375,3486711
2018-02-27,101.157470703125,3844933
2018-02-28,99.75211334228516,5257828
2018-03-01,99.59933471679688,2576112
2018-03-05,99.78264617919922,3945470
2018-03-06,99.81322479248047,6137704
2018-03-07,99.90486145019531,3130801
2018-03-08,101.0047378540039,5446693
2018-03-09,100.45478820800781,4485285
2018-03-12,104.5793228149414,3493401
2018-03-13,103.510009765625,3752316
2018-03-14,103.69329833984375,4448883
2018-03-15,103.81548309326172,4383296
2018-03-16,100.72977447509766,14854449
2018-03-19,102.04348754882812,6026004
2018-03-20,101.67686462402344,3780434
2018-03-21,104.09048461914062,6866022
2018-03-22,104.45709228515625,4472313
2018-03-23,103.90715789794922,10827793
2018-03-26,103.78496551513672,6600055
2018-03-27,104.51822662353516,4195293
2018-03-28,103.69329833984375,10138818
2018-04-02,104.12103271484375,3367125
2018-04-03,103.47944641113281,4460793
2018-04-04,101.76852416992188,3998232
2018-04-05,103.23504638671875,3916746
2018-04-06,103.54054260253906,3134724
2018-04-09,103.6627426147461,3930802
2018-04-10,102.89894104003906,2607237
2018-04-11,102.96007537841797,6787894
2018-04-12,103.57110595703125,6867020
2018-04-13,104.45709228515625,3483164
2018-04-16,106.38188171386719,3694548
2018-04-17,108.12334442138672,6699236
2018-04-18,109.10101318359375,4948994
2018-04-19,108.48994445800781,3141238
2018-04-20,106.53463745117188,3495886
2018-04-23,106.07637023925781,3569025
2018-04-24,105.61805725097656,2003576
2018-04-25,105.00703430175781,5424140
2018-04-26,105.09870147705078,5347538
2018-04-27,104.33488464355469,9327048
2018-04-30,105.19033813476562,2290147
2018-05-02,104.12103271484375,2610385
2018-05-03,106.50407409667969,3549040
2018-05-04,104.4265365600586,3371295
2018-05-07,104.18212127685547,5823535
2018-05-08,104.73207092285156,3453937
2018-05-09,104.12103271484375,10928712
2018-05-10,102.96007537841797,9844190
2018-05-11,102.3184814453125,15561708
2018-05-14,104.88482666015625,7046984
2018-05-15,103.93771362304688,5782708
2018-05-16,103.87661743164062,3899072
2018-05-17,102.10460662841797,6783446
2018-05-18,101.79910278320312,5496430
2018-05-21,100.45478820800781,3879174
2018-05-22,100.9130630493164,4612272
2018-05-23,101.76852416992188,3475720
2018-05-24,100.85198211669922,2379879
2018-05-25,101.0047378540039,7705690
2018-05-28,102.4712142944336,11540245
2018-05-29,101.40190124511719,7141778
2018-05-30,101.0047378540039,5414080
2018-05-31,102.37955474853516,29432894
2018-06-01,100.42424011230469,2975864
2018-06-04,99.01886749267578,5021538
2018-06-05,98.56058502197266,2369418
2018-06-06,99.29383087158203,3647491
2018-06-07,99.29383087158203,4624826
2018-06-08,98.6522445678711,2199740
2018-06-11,98.8355484008789,4838494
2018-06-12,98.56058502197266,3082809
2018-06-13,97.91897583007812,6527995
2018-06-14,96.78856658935547,6200254
2018-06-15,95.35263061523438,10800649
2018-06-18,95.93310546875,2289944
2018-06-19,95.41373443603516,5222522
2018-06-20,95.96366882324219,7262452
2018-06-21,94.8637924194336,9600354
2018-06-22,96.1164321899414,5141889
2018-06-25,94.49717712402344,8198617
2018-06-26,95.07767486572266,6173371
2018-06-27,93.977783203125,7083915
2018-06-28,95.56649017333984,15010362
2018-06-29,97.55238342285156,6659236
2018-07-02,93.82502746582031,15954402
2018-07-03,94.71102905273438,7506727
2018-07-04,93.42786407470703,11418056
2018-07-05,92.96956634521484,4155312
2018-07-06,91.74749755859375,10642270
2018-07-09,92.41962432861328,5759994
2018-07-10,94.03887939453125,3890373
2018-07-11,93.3056411743164,4037034
2018-07-12,94.13053894042969,3424965
2018-07-13,93.4583969116211,3615536
2018-07-16,95.07767486572266,4117044
2018-07-17,94.89434051513672,2670880
2018-07-18,94.8637924194336,2892637
2018-07-19,94.43608093261719,3163729
2018-07-20,95.10820770263672,3659896
2018-07-23,96.63579559326172,6286406
2018-07-24,96.20808410644531,4224482
2018-07-25,92.26687622070312,15232765
2018-07-26,93.70283508300781,17803995
2018-07-27,94.68048858642578,5766367
2018-07-30,95.26095581054688,9747265
2018-07-31,94.61937713623047,9065227
2018-08-01,94.92488861083984,4903117
2018-08-02,94.95545196533203,3895179
2018-08-03,95.59703063964844,3276529
2018-08-06,95.78034973144531,2395237
2018-08-07,97.06352996826172,4450873
2018-08-08,96.69691467285156,4151246
2018-08-09,98.19395446777344,4915016
2018-08-10,97.49124145507812,4518788
2018-08-13,96.54415893554688,2702390
2018-08-14,95.87200927734375,2030044
2018-08-16,96.88021087646484,2153881
2018-08-17,96.54415893554688,4672155
2018-08-20,96.88021087646484,3448567
2018-08-21,98.2856216430664,5279408
2018-08-23,100.42424011230469,7704134
2018-08-24,100.3936996459961,5436786
2018-08-27,101.52411651611328,2630486
2018-08-28,102.83782958984375,8727238
2018-08-29,101.46302032470703,3769664
2018-08-30,103.69329833984375,13384598
2018-08-31,104.79317474365234,8445506
2018-09-03,103.57110595703125,4592967
2018-09-04,102.71562194824219,3016566
2018-09-05,102.62399291992188,2837060
2018-09-06,104.69432067871094,7658860
2018-09-07,105.09724426269531,3585828
2018-09-10,104.88028717041016,5871138
2018-09-11,105.22119903564453,9709410
2018-09-12,105.37616729736328,7109565
2018-09-14,108.44446563720703,7340733
2018-09-17,106.77085876464844,2792490
2018-09-18,105.19023132324219,3646318
2018-09-19,104.84927368164062,5092003
2018-09-21,104.2914047241211,9597428
2018-09-24,104.074462890625,6216532
2018-09-25,105.37616729736328,6496965
2018-09-26,104.01248168945312,3591889
2018-09-27,104.10543823242188,6718629
2018-09-28,103.42361450195312,5444684
2018-10-01,105.12823486328125,4950123
2018-10-03,103.73351287841797,5780126
2018-10-04,103.3926010131836,6563494
2018-10-05,100.97515869140625,13292940
2018-10-08,101.31607818603516,4637569
2018-10-09,100.2313232421875,5756458
2018-10-10,101.87395477294922,3411681
2018-10-11,101.130126953125,3668989
2018-10-12,101.78096771240234,4147903
2018-10-15,102.05990600585938,2191491
2018-10-16,101.62601470947266,3857880
2018-10-17,100.97515869140625,5369029
2018-10-19,100.07637023925781,6202959
2018-10-22,102.18389892578125,6407974
2018-10-23,102.27687072753906,7316558
2018-10-24,101.0681381225586,12856915
2018-10-25,100.60324096679688,94631476
2018-10-26,98.74365234375,9339921
2018-10-29,98.52670288085938,6963919
2018-10-30,98.80564880371094,3257071
2018-10-31,98.96062469482422,6069514
2018-11-01,97.31798553466797,2992327
2018-11-02,97.9378433227539,11487762
2018-11-05,95.14848327636719,18263054
2018-11-06,95.55138397216797,6223800
2018-11-07,95.98528289794922,212175
2018-11-09,95.73733520507812,8098182
2018-11-12,94.7145767211914,3916333
2018-11-13,97.19402313232422,7903864
2018-11-14,97.53494262695312,3853852
2018-11-15,95.33441925048828,4538966
2018-11-16,95.4894027709961,5166086
2018-11-19,94.80754852294922,6879644
2018-11-20,92.45207977294922,4600113
2018-11-21,91.64627838134766,7625524
2018-11-22,90.4995346069336,3684871
2018-11-26,89.6937255859375,6534517
2018-11-27,90.34456634521484,4866687
2018-11-28,88.91889190673828,17823474
2018-11-29,88.17506408691406,30727317
2018-11-30,86.96633911132812,29840662
2018-12-03,89.81767272949219,12013041
2018-12-04,88.763916015625,6785000
2018-12-05,87.43122863769531,8833965
2018-12-06,86.65638732910156,5460772
2018-12-07,85.44767761230469,13240540
2018-12-10,84.42488861083984,34436070
2018-12-11,85.13773345947266,13406569
2018-12-12,87.21427154541016,12274362
2018-12-13,87.43122863769531,10636545
2018-12-14,88.94988250732422,13732576
2018-12-17,90.56150817871094,21749589
2018-12-18,91.55329895019531,13037010
2018-12-19,92.85498809814453,8182075
2018-12-20,92.5450668334961,13909968
2018-12-21,93.31990051269531,18956932
2018-12-24,90.74747467041016,8506178
2018-12-26,90.2205810546875,10358386
2018-12-27,91.92520904541016,32905857
2018-12-28,92.885986328125,11010662
2018-12-31,92.39010620117188,5010889
2019-01-01,92.17314147949219,4011082
2019-01-02,91.11939239501953,5201079
2019-01-03,88.88790130615234,7035283
2019-01-04,90.34456634521484,7988112
2019-01-07,92.11116027832031,14121843
2019-01-08,91.08840942382812,6656692
2019-01-09,90.8404541015625,4636543
2019-01-10,91.80123901367188,15340801
2019-01-11,91.73924255371094,13579929
2019-01-14,90.2205810546875,5010679
2019-01-15,90.37555694580078,14730974
2019-01-16,90.71647644042969,5679378
2019-01-17,89.81767272949219,7529166
2019-01-18,89.44576263427734,3100312
2019-01-21,88.88790130615234,13187677
2019-01-22,88.51598358154297,7074433
2019-01-23,87.24525451660156,5323552
2019-01-24,86.81136322021484,4250377
2019-01-25,85.72660827636719,5463236
2019-01-28,85.91255950927734,7303346
2019-01-29,85.85057067871094,9728281
2019-01-30,85.97455596923828,13777792
2019-01-31,86.59440612792969,44034840
2019-02-01,86.87333679199219,7099405
2019-02-04,85.07575225830078,6716304
2019-02-05,85.57162475585938,8526399
2019-02-06,87.2452621459961,12810810
2019-02-07,86.51345825195312,5193513
2019-02-08,84.03162384033203,5597162
2019-02-11,82.9498291015625,13126864
2019-02-12,84.79527282714844,14900754
2019-02-14,83.52257537841797,37913966
2019-02-15,86.7043685913086,25855830
2019-02-18,87.46800994873047,13001166
2019-02-19,85.08164978027344,9029095
2019-02-20,87.30891418457031,14955330
2019-02-21,86.8316421508789,4719134
2019-02-22,88.89981842041016,11678731
2019-02-25,89.31346130371094,27557787
2019-02-26,89.44072723388672,15501729
2019-02-27,88.2952651977539,18258775
2019-02-28,89.88618469238281,50183582
2019-03-01,90.99980163574219,6789074
2019-03-05,93.54525756835938,12988303
2019-03-06,94.78617095947266,10313295
2019-03-07,93.03616333007812,8337421
2019-03-08,96.85435485839844,34663172
2019-03-11,96.34525299072266,30007645
2019-03-12,96.24980926513672,23315044
2019-03-13,94.30889892578125,20943115
2019-03-14,97.7770767211914,14675396
2019-03-15,100.57707214355469,20356743
2019-03-18,101.02251434326172,19289406
2019-03-19,103.01434326171875,25950621
2019-03-20,98.69979095458984,28098992
2019-03-22,102.82342529296875,53779933
2019-03-25,103.35797882080078,31535535
2019-03-26,107.51978302001953,23510777
2019-03-27,104.61795806884766,20849776
2019-03-28,103.66342163085938,41232946
2019-04-01,103.16706085205078,26716877
2019-04-02,103.20524597167969,14343829
2019-04-03,102.93795776367188,12596804
2019-04-04,103.58706665039062,12939086
2019-04-05,102.93795776367188,7742848
2019-04-08,103.51070404052734,13409083
2019-04-09,103.77796936035156,7506763
2019-04-10,102.78524017333984,9502300
2019-04-11,103.816162109375,8703097
2019-04-12,103.816162109375,7212573
2019-04-15,104.42704772949219,11013801
2019-04-16,105.03797149658203,7469500
2019-04-18,103.35797882080078,6634192
2019-04-22,103.85433959960938,5541225
2019-04-23,102.05979919433594,8790522
2019-04-24,102.28887939453125,9255095
2019-04-25,101.487060546875,29354749
2019-04-26,102.40342712402344,4789673
2019-04-30,102.36524200439453,7527996
2019-05-02,101.63980865478516,6401386
2019-05-03,103.43434143066406,9226969
2019-05-06,103.09069061279297,6080575
2019-05-07,102.40342712402344,9137799
2019-05-08,99.88343811035156,8742473
2019-05-09,97.51615905761719,14395488
2019-05-10,96.98160552978516,9724014
2019-05-13,94.3470687866211,11507204
2019-05-14,95.91252899169922,6908544
2019-05-15,94.65251922607422,9384447
2019-05-16,96.02706909179688,6519422
2019-05-17,95.836181640625,10003051
2019-05-20,98.69979095458984,12330905
2019-05-21,98.20343780517578,8095621
2019-05-22,98.96707153320312,9540723
2019-05-23,99.15797424316406,11017547
2019-05-24,98.62344360351562,9371443
2019-05-27,101.71615600585938,19948676
2019-05-28,101.25797271728516,15628186
2019-05-29,99.95978546142578,5397986
2019-05-30,103.16706085205078,30257040
2019-05-31,101.75432586669922,11325445
2019-06-03,101.63980865478516,7302092
2019-06-04,103.12887573242188,10439893
2019-06-06,104.27433013916016,12191883
2019-06-07,103.20524597167969,9310029
2019-06-10,103.09069061279297,7295669
2019-06-11,103.31979370117188,4554162
2019-06-12,102.63250732421875,3660802
2019-06-13,103.01434326171875,5113806
2019-06-14,101.37251281738281,4761596
2019-06-17,100.9906997680664,3655275
2019-06-18,101.10525512695312,5172138
2019-06-19,102.82342529296875,5278372
2019-06-20,102.7470474243164,6963441
2019-06-21,102.7470474243164,9456244
2019-06-24,103.54888916015625,5918107
2019-06-25,105.72523498535156,18761799
2019-06-26,106.94705200195312,24643824
2019-06-27,107.0234146118164,38789825
2019-06-28,107.93977355957031,10648757
2019-07-01,108.85614776611328,31289422
2019-07-02,109.16161346435547,8847109
2019-07-03,109.39068603515625,6947927
2019-07-04,109.54341125488281,5792826
2019-07-05,104.23616027832031,21459265
2019-07-08,98.96707153320312,20404790
2019-07-09,98.92887878417969,19374808
2019-07-10,98.54707336425781,9141198
2019-07-11,98.47071075439453,6669919
2019-07-12,97.5925064086914,21467991
2019-07-15,97.70706939697266,5852788
2019-07-16,99.99797821044922,11313969
2019-07-17,98.58525085449219,10958942
2019-07-18,97.01981353759766,18049102
2019-07-19,99.19615936279297,33840376
2019-07-22,99.92160034179688,15870663
2019-07-23,101.60160827636719,9840729
2019-07-24,100.68526458740234,10421947
2019-07-25,99.08161163330078,29337351
2019-07-26,98.35614776611328,11411885
2019-07-29,97.21073150634766,22168687
2019-07-30,97.13433837890625,16228044
2019-07-31,96.63797760009766,14557889
2019-08-01,96.8670654296875,11138203
2019-08-02,94.00343322753906,21851409
2019-08-05,92.3998031616211,8713907
2019-08-06,94.1943359375,13232442
2019-08-07,93.96526336669922,13132981
2019-08-08,95.18707275390625,8227791
2019-08-09,94.61434936523438,10566552
2019-08-13,91.30207824707031,25954194
2019-08-14,91.65277862548828,8641527
2019-08-16,91.80863952636719,10992249
2019-08-19,92.66596984863281,9653434
2019-08-20,91.92554473876953,7758935
2019-08-21,91.8865966796875,12842739
2019-08-22,89.43160247802734,16991585
2019-08-23,92.35421752929688,9284204
2019-08-26,93.56221771240234,11965007
2019-08-27,96.0171890258789,22238086
2019-08-28,93.44529724121094,11905383
2019-08-29,95.93925476074219,38336134
2019-08-30,94.80918884277344,18833819
2019-09-03,91.69174194335938,7635093
2019-09-04,93.09457397460938,7299231
2019-09-05,96.2120361328125,19432303
2019-09-06,98.97876739501953,11891983
2019-09-09,98.47218322753906,5303272
2019-09-11,97.03036499023438,5473674
2019-09-12,95.27680206298828,8444053
2019-09-13,96.67965698242188,7509999
2019-09-16,96.0561752319336,5593727
2019-09-17,94.22465515136719,5663425
2019-09-18,95.47166442871094,8627190
2019-09-19,94.84815216064453,6031946
2019-09-20,93.40634155273438,34008081
2019-09-23,90.44476318359375,33355557
2019-09-24,89.74333953857422,20864605
2019-09-25,91.10721588134766,18851203
2019-09-26,90.83445739746094,21458595
2019-09-27,91.22412872314453,9325734
2019-09-30,91.57484436035156,12045142
2019-10-01,91.22412872314453,9718865
2019-10-03,90.99031829833984,10477900
2019-10-04,91.49691772460938,20289650
2019-10-07,90.3668212890625,14111765
2019-10-09,91.3800048828125,8413122
2019-10-10,91.3800048828125,6885340
2019-10-11,90.95134735107422,9176578
2019-10-14,91.76968383789062,12146203
2019-10-15,93.05561828613281,7630007
2019-10-16,91.49691772460938,10206387
2019-10-17,92.51006317138672,10163035
2019-10-18,94.34156799316406,16961782
2019-10-22,94.22465515136719,12091476
2019-10-23,94.34156799316406,6580501
2019-10-24,93.67912292480469,8009018
2019-10-25,92.35421752929688,8505881
2019-10-27,92.58799743652344,312098
2019-10-29,93.44529724121094,8581053
2019-10-30,94.26361846923828,12119474
2019-10-31,95.3936996459961,16511583
2019-11-01,94.6922836303711,4170369
2019-11-04,93.95189666748047,7894331
2019-11-05,93.99085998535156,6156847
2019-11-06,94.02982330322266,5317553
2019-11-07,93.17253112792969,6794239
2019-11-08,91.49691772460938,9771715
2019-11-11,92.15935516357422,22943443
2019-11-13,92.19833374023438,12220298
2019-11-14,92.39318084716797,5208393
2019-11-15,91.45793151855469,4650424
2019-11-18,91.5358657836914,4727251
2019-11-19,91.45793151855469,7577320
2019-11-20,91.22412872314453,10033434
2019-11-21,89.86024475097656,15099980
2019-11-22,91.80863952636719,13934099
2019-11-25,92.0424575805664,10863475
2019-11-26,90.91239929199219,14426269
2019-11-27,90.2109603881836,5455521
2019-11-28,90.05508422851562,10014250
2019-11-29,90.67858123779297,7014266
2019-12-02,89.86024475097656,6609154
2019-12-03,89.2757339477539,6614178
2019-12-04,89.47056579589844,4444594
2019-12-05,88.92500305175781,2537275
2019-12-06,87.79495239257812,3836996
2019-12-09,87.83391571044922,7866941
2019-12-10,85.7296371459961,18958648
2019-12-11,88.06773376464844,8746687
2019-12-12,89.19779205322266,3850652
2019-12-13,90.1330337524414,4293299
2019-12-16,89.58746337890625,3659151
2019-12-17,90.05508422851562,6241009
2019-12-18,88.96399688720703,8626400
2019-12-19,88.88604736328125,5995825
2019-12-20,89.39263916015625,5813877
2019-12-23,89.314697265625,13980109
2019-12-24,89.78231048583984,7929835
2019-12-26,90.71755981445312,12763347
2019-12-27,91.06826782226562,4474934
2019-12-30,90.83445739746094,4193724
2019-12-31,92.78285217285156,12438719
2020-01-01,94.73126220703125,9953746
2020-01-02,94.61434936523438,8731299
2020-01-03,93.01666259765625,7392962
2020-01-06,92.66596984863281,6596841
2020-01-07,93.95189666748047,8959942
2020-01-08,93.48428344726562,6372683
2020-01-09,93.01666259765625,8309627
2020-01-10,93.75704193115234,5588344
2020-01-13,94.88713073730469,3534313
2020-01-14,96.25100708007812,8631692
2020-01-15,96.5237808227539,6537916
2020-01-16,94.65331268310547,8806007
2020-01-17,94.4584732055664,6811534
2020-01-20,92.15935516357422,10655638
2020-01-21,91.30207824707031,5150830
2020-01-22,87.40525817871094,19388739
2020-01-23,88.45740509033203,22793170
2020-01-24,89.43160247802734,9898052
2020-01-27,88.18463134765625,5597365
2020-01-28,87.32733154296875,12128081
2020-01-29,88.22360229492188,18501507
2020-01-30,88.57431030273438,18545239
2020-01-31,87.9508285522461,64518347
2020-02-03,85.92447662353516,14889516
2020-02-04,87.2883529663086,9743806
2020-02-05,86.66488647460938,10671590
2020-02-06,87.2883529663086,11852617
2020-02-07,90.09403991699219,18446803
2020-02-10,88.45740509033203,31637511
2020-02-11,91.06826782226562,20937033
2020-02-12,91.02928924560547,13679292
2020-02-13,89.74333953857422,20903696
2020-02-14,87.83391571044922,23827224
2020-02-17,85.96345520019531,22137354
2020-02-18,85.41789245605469,34458578
2020-02-19,87.32733154296875,17935374
2020-02-20,86.78178405761719,19663654
2020-02-24,85.49583435058594,11370193
2020-02-25,85.80757904052734,10775289
2020-02-26,85.02820587158203,14998071
2020-02-27,84.9892578125,22610691
2020-02-28,83.04084014892578,25696761
2020-03-02,80.97554016113281,15614944
2020-03-03,84.87234497070312,17194661
2020-03-04,84.1319580078125,17095867
2020-03-05,84.05402374267578,11579256
2020-03-06,81.94973754882812,13533444
2020-03-09,80.19617462158203,47383195
2020-03-11,80.3130874633789,28434577
2020-03-12,73.53263092041016,47225243
2020-03-13,76.4162826538086,49533058
2020-03-16,70.76593017578125,34649740
2020-03-17,68.66165924072266,21241388
2020-03-18,62.777488708496094,88654467
2020-03-19,61.062889099121094,33846928
2020-03-20,63.323020935058594,58499591
2020-03-23,59.54314422607422,37653540
2020-03-24,60.43939971923828,13742927
2020-03-25,62.115013122558594,16472741
2020-03-26,62.46794509887695,39959613
2020-03-27,65.09528350830078,39345541
2020-03-30,64.11495208740234,17043895
2020-03-31,66.03641510009766,28293281
2020-04-01,63.52674102783203,14355207
2020-04-03,62.389522552490234,18310156
2020-04-07,63.958072662353516,47686619
2020-04-08,66.82070922851562,38072700
2020-04-09,68.31083679199219,9322342
2020-04-13,69.52648162841797,33266662
2020-04-15,70.5068130493164,24127975
2020-04-16,74.58507537841797,20876392
2020-04-17,74.89879608154297,16969641
2020-04-20,77.56534576416016,17639066
2020-04-21,76.31048583984375,15085097
2020-04-22,76.54578399658203,10342633
2020-04-23,74.66349792480469,14078729
2020-04-24,73.25180053710938,10148964
2020-04-27,72.42830657958984,22675928
2020-04-28,70.85974884033203,19815445
2020-04-29,70.74209594726562,21550996
2020-04-30,74.54586791992188,15151435
2020-05-04,71.72244262695312,10305663
2020-05-05,72.6243896484375,10628539
2020-05-06,74.2713623046875,10232281
2020-05-07,70.93816375732422,8449705
2020-05-08,68.23240661621094,28174665
2020-05-11,67.95791625976562,12243824
2020-05-12,71.87931823730469,18124894
2020-05-13,72.97731018066406,19037031
2020-05-14,70.07545471191406,39115884
2020-05-15,71.25188446044922,16925981
2020-05-18,69.72254943847656,11368562
2020-05-19,71.40874481201172,12262118
2020-05-20,72.85965728759766,10126022
2020-05-21,70.78131866455078,20143324
2020-05-22,71.33030700683594,9392095
2020-05-26,72.9380874633789,12350762
2020-05-27,74.2713623046875,11684730
2020-05-28,75.0556411743164,12156645
2020-05-29,76.74185180664062,19891080
2020-06-01,76.78106689453125,10106253
2020-06-02,75.87914276123047,18170659
2020-06-03,74.2713623046875,23102350
2020-06-04,74.62429809570312,12827335
2020-06-05,76.82027435302734,11744302
2020-06-08,77.29086303710938,14168383
2020-06-09,76.85948944091797,14232434
2020-06-10,76.9771499633789,12104423
2020-06-11,76.89871215820312,10258905
2020-06-12,75.99678039550781,10925477
2020-06-15,73.09496307373047,10980359
2020-06-16,72.78123474121094,8757035
2020-06-17,71.76167297363281,17081311
2020-06-18,72.70281219482422,16520026
2020-06-19,72.9380874633789,13836691
2020-06-22,74.74192810058594,18868376
2020-06-23,79.01627349853516,20331626
2020-06-24,76.11444091796875,24055051
2020-06-25,75.36936950683594,69278017
2020-06-26,76.07521057128906,15572219
2020-06-29,74.42823028564453,18130595
2020-06-30,75.13407897949219,18496305
2020-07-01,73.40865325927734,21639137
2020-07-02,73.25180053710938,14333457
2020-07-03,74.11450958251953,15274841
2020-07-06,74.66349792480469,11830916
2020-07-07,72.58515930175781,18786009
2020-07-08,71.36954498291016,26256635
2020-07-09,71.52638244628906,11910945
2020-07-10,70.89895629882812,12213053
2020-07-13,70.5068130493164,17508551
2020-07-14,68.74220275878906,14240946
2020-07-15,69.05590057373047,11582839
2020-07-16,68.03634643554688,10152592
2020-07-17,69.2519760131836,12238969
2020-07-20,68.35005187988281,12349129
2020-07-21,69.29118347167969,20118152
2020-07-22,70.85974884033203,31321718
2020-07-23,71.0166015625,11161294
2020-07-24,70.11469268798828,11352904
2020-07-27,68.74220275878906,10071266
2020-07-28,69.44802856445312,13888285
2020-07-29,69.13433837890625,10732504
2020-07-30,67.91868591308594,10668042
2020-07-31,68.23240661621094,7906179
2020-08-03,67.13440704345703,14158505
2020-08-04,67.13440704345703,19621505
2020-08-05,67.36970520019531,9478990
2020-08-06,67.56575775146484,12208873
2020-08-07,67.29126739501953,10339288
2020-08-10,69.17353820800781,12215464
2020-08-11,69.21276092529297,11180265
2020-08-12,69.565673828125,14803880
2020-08-13,70.53580474853516,13723113
2020-08-14,71.46550750732422,25402282
2020-08-17,77.043701171875,115111358
2020-08-18,76.84158325195312,52023697
2020-08-19,76.5182113647461,21840924
2020-08-20,81.73258972167969,112338263
2020-08-21,85.65351104736328,107862545
2020-08-24,85.20886993408203,49154455
2020-08-25,83.91537475585938,50940674
2020-08-26,83.1069564819336,30828711
2020-08-27,82.94525909423828,19363725
2020-08-28,82.09640502929688,21358972
2020-08-31,77.9329605102539,40298594
2020-09-01,80.68164825439453,44304572
2020-09-02,79.99446868896484,20904846
2020-09-03,78.98393249511719,19004282
2020-09-04,76.55863952636719,27339411
2020-09-07,74.69923400878906,28474893
2020-09-08,73.28448486328125,31186005
2020-09-09,73.08236694335938,28307198
2020-09-10,73.2036361694336,27263673
2020-09-11,72.83984375,18190992
2020-09-14,73.4461669921875,22533738
2020-09-15,73.64827728271484,26866105
2020-09-16,72.47605895996094,20778500
2020-09-17,71.66761779785156,21804215
2020-09-18,73.2036361694336,44757908
2020-09-21,71.38465881347656,17714694
2020-09-22,70.89959716796875,25113194
2020-09-23,68.79767608642578,24107408
2020-09-24,66.81702423095703,17724521
2020-09-25,68.55513763427734,15999517
2020-09-28,70.7379150390625,22735756
2020-09-29,68.83808135986328,21328822
2020-09-30,68.79767608642578,18475452
2020-10-01,68.6360092163086,18244405
2020-10-05,68.27220153808594,15677842
2020-10-06,68.0296630859375,13094249
2020-10-07,66.93827819824219,19056844
2020-10-08,66.77658081054688,11961568
2020-10-09,67.01912689208984,18016087
2020-10-12,66.89784240722656,11714109
2020-10-13,66.81702423095703,11503196
2020-10-14,63.94706726074219,47114322
2020-10-15,63.86623764038086,20107413
2020-10-16,64.91719055175781,16578267
2020-10-19,66.0085678100586,21839955
2020-10-20,65.20014190673828,14238188
2020-10-21,66.5340576171875,38563701
2020-10-22,68.43388366699219,34256481
2020-10-23,69.72737121582031,46258872
2020-10-26,69.4848403930664,34724632
2020-10-27,72.31433868408203,95412168
2020-10-28,71.22296142578125,44763206
2020-10-29,69.92947387695312,41912944
2020-10-30,70.8187484741211,40735912
2020-11-02,72.11225891113281,31922062
2020-11-03,69.4848403930664,118128168
2020-11-04,68.79767608642578,47519427
2020-11-05,70.1720199584961,41267817
2020-11-06,70.57624053955078,46143960
2020-11-09,72.31433868408203,42703600
2020-11-10,73.9716567993164,43483223
2020-11-11,75.10344696044922,51801855
2020-11-12,73.40575408935547,33374610
2020-11-13,73.93121337890625,24025139
2020-11-14,73.48657989501953,12521960
2020-11-17,71.70803833007812,55324429
2020-11-18,71.38465881347656,37574681
2020-11-19,72.5973129272461,55196018
2020-11-20,74.21417999267578,47670803
2020-11-23,75.70977783203125,54262598
2020-11-24,76.11399841308594,35713773
2020-11-25,75.95230865478516,32464332
2020-11-26,76.07357788085938,30825401
2020-11-27,76.55863952636719,216981706
2020-12-01,75.7906265258789,35330973
2020-12-02,76.63948059082031,27650080
2020-12-03,79.67109680175781,43841111
2020-12-04,79.67109680175781,34813873
2020-12-07,80.6412124633789,27049393
2020-12-08,79.38814544677734,30386160
2020-12-09,79.46900177001953,24061383
2020-12-10,78.53929138183594,25985382
2020-12-11,82.7835693359375,63463638
2020-12-14,84.56212615966797,45802433
2020-12-15,85.57266235351562,52215593
2020-12-16,84.8046646118164,25184934
2020-12-17,84.44085693359375,16840984
2020-12-18,83.87495422363281,33596568
2020-12-21,78.8222427368164,34210970
2020-12-22,79.95404815673828,29181188
2020-12-23,79.67109680175781,17602151
2020-12-24,80.80291748046875,23052394
2020-12-28,81.20712280273438,15454893
2020-12-29,79.7115249633789,23647197
2020-12-30,80.11573028564453,30281285
2020-12-31,80.31784057617188,50363279
2021-01-01,80.07530975341797,13493039
2021-01-04,80.07530975341797,22325584
2021-01-05,78.90309143066406,23510160
2021-01-06,79.1052017211914,21952878
2021-01-07,78.41802978515625,24999580
2021-01-08,80.964599609375,43240591
2021-01-11,80.034912109375,22036573
2021-01-12,80.964599609375,24262426
2021-01-13,82.90482330322266,49236964
2021-01-14,82.62187957763672,29301114
2021-01-15,81.20712280273438,24067229
2021-01-18,78.8626708984375,23613664
2021-01-19,80.56038665771484,22934496
2021-01-20,79.46900177001953,25599184
2021-01-21,77.69044494628906,22667011
2021-01-22,76.03314971923828,26029669
2021-01-25,75.3459701538086,18599824
2021-01-27,73.80996704101562,22812859
2021-01-28,74.05248260498047,32227832
2021-01-29,71.91014099121094,36962884
2021-02-01,74.3758544921875,29033297
2021-02-02,76.11399841308594,29279584
2021-02-03,78.37761688232422,31420256
2021-02-04,80.07530975341797,39264443
2021-02-05,80.4391098022461,54911202
2021-02-08,81.08586120605469,53737961
2021-02-09,80.80291748046875,28074809
2021-02-10,80.7220687866211,19070866
2021-02-11,81.09712219238281,18452535
2021-02-12,79.97193145751953,21660998
2021-02-15,79.34683990478516,12574055
2021-02-16,81.6805648803711,32865663
2021-02-17,82.80575561523438,28774857
2021-02-18,86.18132781982422,50705280
2021-02-19,86.84809875488281,61069583
2021-02-22,85.05614471435547,30636415
2021-02-23,86.18132781982422,31233104
2021-02-24,86.0146255493164,16153025
2021-02-25,90.01529693603516,68361756
2021-02-26,89.431884765625,67331805
2021-03-01,90.390380859375,27205189
2021-03-02,93.80763244628906,53649872
2021-03-03,93.93264770507812,31702057
2021-03-04,92.34904479980469,28057179
2021-03-05,90.59874725341797,24778407
2021-03-08,92.14067840576172,28163362
2021-03-09,91.2655258178711,20611697
2021-03-10,91.39054870605469,13207045
2021-03-12,90.93212890625,21763020
2021-03-15,92.09900665283203,20350674
2021-03-16,91.30720520019531,15360040
2021-03-17,88.8067855834961,18850429
2021-03-18,86.51472473144531,20023557
2021-03-19,90.43204498291016,72249183
2021-03-22,91.55723571777344,31980425
2021-03-23,90.55707550048828,14060206
2021-03-24,88.34835815429688,15196366
2021-03-25,85.84795379638672,22543755
2021-03-26,86.84809875488281,17402475
2021-03-30,89.7652816772461,36129962
2021-03-31,88.8067855834961,23063667
2021-04-01,89.93196868896484,13753303
2021-04-05,88.59840393066406,15666099
2021-04-06,88.3900375366211,17393454
2021-04-07,87.88996124267578,15692013
2021-04-08,87.51488494873047,11394998
2021-04-09,85.68123626708984,19751417
2021-04-12,82.55571746826172,20221362
2021-04-13,83.84760284423828,19192856
2021-04-15,84.47269439697266,13865351
2021-04-16,85.3895263671875,14654851
2021-04-19,82.55571746826172,11652043
2021-04-20,82.55571746826172,16528675
2021-04-22,82.47235870361328,18614270
2021-04-23,85.47288513183594,29484794
2021-04-26,85.34784698486328,24369413
2021-04-27,85.05614471435547,17763436
2021-04-28,86.3480224609375,15160578
2021-04-29,85.88961791992188,11588556
2021-04-30,85.3895263671875,15321193
2021-05-03,86.88977813720703,12186212
2021-05-04,86.47303771972656,12992684
2021-05-05,86.59806823730469,14956169
2021-05-06,85.88961791992188,13547274
2021-05-07,87.55655670166016,13229291
2021-05-10,89.7652816772461,23980945
2021-05-11,93.93264770507812,45613487
2021-05-12,94.43274688720703,62158914
2021-05-14,92.84912872314453,16227312
2021-05-17,92.9741439819336,12832920
2021-05-18,93.43254089355469,14892142
2021-05-19,93.30754852294922,12610425
2021-05-20,93.1408462524414,10303689
2021-05-21,94.05766296386719,12171685
2021-05-24,94.09934997558594,11341268
2021-05-25,94.43274688720703,15289982
2021-05-26,92.59909057617188,17466748
2021-05-27,91.93230438232422,34169451
2021-05-28,90.80711364746094,13383166
2021-05-31,92.09900665283203,14754293
2021-06-01,91.84895324707031,10271211
2021-06-02,92.64075469970703,6492771
2021-06-03,93.18252563476562,12140851
2021-06-04,93.1408462524414,8930671
2021-06-07,97.0165023803711,28407410
2021-06-08,96.84980010986328,43191813
2021-06-09,98.43342590332031,49807823
2021-06-10,98.76679992675781,22144392
2021-06-11,99.01685333251953,13871562
2021-06-14,98.5167465209961,14179055
2021-06-15,98.1833724975586,8148417
2021-06-16,99.85032653808594,21585917
2021-06-17,97.84999084472656,14466025
2021-06-18,94.64110565185547,43927941
2021-06-21,98.35005950927734,34597018
2021-06-22,98.60012817382812,16712010
2021-06-23,97.7249526977539,12590251
2021-06-24,98.35005950927734,14046692
2021-06-25,96.72479248046875,12768348
2021-06-28,96.80814361572266,10709748
2021-06-29,98.01667022705078,33488455
2021-06-30,97.0165023803711,16739618
2021-07-01,97.80829620361328,12479506
2021-07-02,97.9333267211914,17215972
2021-07-05,98.85015106201172,16409169
2021-07-06,98.058349609375,14979094
2021-07-07,97.89165496826172,14545289
2021-07-08,97.89165496826172,12037089
2021-07-09,98.1833724975586,9585144
2021-07-12,98.22505950927734,7651672
2021-07-13,99.93367004394531,30663035
2021-07-14,100.64213562011719,9539611
2021-07-15,100.26705169677734,11278872
2021-07-16,99.2668685913086,17198632
2021-07-19,101.18387603759766,14364285
2021-07-20,98.72511291503906,11360716
2021-07-22,99.3502426147461,9520328
2021-07-23,98.76679992675781,10442400
2021-07-26,99.47525024414062,5370055
2021-07-27,99.05853271484375,5280342
2021-07-28,97.34989166259766,11010096
2021-07-29,97.3082275390625,11897018
2021-07-30,98.5167465209961,14546264
2021-08-02,98.14170837402344,11742555
2021-08-03,98.058349609375,21122697
2021-08-04,98.22505950927734,9432176
2021-08-05,97.09986114501953,11045322
2021-08-06,98.058349609375,8434733
2021-08-09,97.26654052734375,7816050
2021-08-10,95.30786895751953,9774255
2021-08-11,97.47491455078125,8056886
2021-08-12,99.30855560302734,8640167
2021-08-13,98.55842590332031,9744939
2021-08-16,99.05853271484375,8768804
2021-08-17,97.84999084472656,8758578
2021-08-18,97.14154052734375,9357721
2021-08-20,95.14117431640625,11684504
2021-08-23,94.51608276367188,6271685
2021-08-24,94.9744873046875,11791078
2021-08-25,95.01618194580078,9491958
2021-08-26,93.97432708740234,11668986
2021-08-27,94.51608276367188,8095717
2021-08-30,95.80796813964844,9915170
2021-08-31,96.64143371582031,11386659
2021-09-01,96.18302917480469,7508413
2021-09-02,97.09986114501953,5700524
2021-09-03,97.5166015625,9364904
2021-09-06,97.05818176269531,7005043
2021-09-07,96.55809020996094,7723357
2021-09-08,97.71473693847656,10508654
2021-09-09,98.14313507080078,5757417
2021-09-13,98.52865600585938,6322443
2021-09-14,99.29977416992188,7369292
2021-09-15,106.41094970703125,48721413
2021-09-16,106.23961639404297,17684303
2021-09-17,106.02540588378906,15763396
2021-09-20,105.12580871582031,7431359
2021-09-21,106.32527923583984,8629222
2021-09-22,106.58231353759766,11698183
2021-09-23,108.12451934814453,11053966
2021-09-24,106.45380401611328,8598140
2021-09-27,108.68140411376953,8490460
2021-09-28,113.05093383789062,35900138
2021-09-29,120.50482177734375,75859390
2021-09-30,121.5329818725586,34614825
2021-10-01,119.86225891113281,22452069
2021-10-04,124.70301055908203,58612212
2021-10-05,124.57452392578125,24390676
2021-10-06,122.77530670166016,14421296
2021-10-07,122.34690856933594,10035682
2021-10-08,120.8904037475586,10686586
2021-10-11,124.06046295166016,17449923
2021-10-12,123.84622955322266,16030831
2021-10-13,125.3884506225586,19100941
2021-10-14,128.00157165527344,29263867
2021-10-18,128.130126953125,25346029
2021-10-19,128.2157745361328,20234486
2021-10-20,125.30278015136719,16129487
2021-10-21,126.71642303466797,20818539
2021-10-22,124.1461181640625,11379569
2021-10-25,123.28934478759766,14079380
2021-10-26,122.68961334228516,16224116
2021-10-27,121.0617446899414,15072448
2021-10-28,117.67750549316406,19999659
2021-10-29,113.65068817138672,29217522
2021-11-01,115.0643539428711,10043407
2021-11-02,117.0777587890625,21525811
2021-11-03,117.16343688964844,9808728
2021-11-04,117.50614929199219,1026849
2021-11-08,120.2049789428711,12765483
2021-11-09,118.66278076171875,9556650
2021-11-10,117.7203369140625,5479056
2021-11-11,117.0777587890625,11418813
2021-11-12,116.90641021728516,9306659
2021-11-15,117.50614929199219,3991733
2021-11-16,115.0643539428711,5762128
2021-11-17,116.90641021728516,15264066
2021-11-18,115.9211196899414,9942974
2021-11-22,111.50875091552734,15990636
2021-11-23,114.3789291381836,11510010
2021-11-24,115.96395874023438,7570759
2021-11-25,115.8354263305664,13919886
2021-11-26,110.39494323730469,13323593
2021-11-29,108.38153839111328,16077669
2021-11-30,109.02410888671875,22883512
2021-12-01,109.40966033935547,17010938
2021-12-02,110.26642608642578,12916313
2021-12-03,108.80992889404297,12827354
2021-12-06,106.53946685791016,8158812
2021-12-07,107.3962631225586,8701301
2021-12-08,109.02410888671875,12093435
2021-12-09,107.99598693847656,11518172
2021-12-10,108.0816650390625,8389566
2021-12-13,107.78179931640625,13223189
2021-12-14,108.25302124023438,11649242
2021-12-15,108.5528793334961,11916145
2021-12-16,109.15262603759766,10758513
2021-12-17,107.56761169433594,13041775
2021-12-20,104.31187438964844,14185935
2021-12-21,104.69741821289062,10168470
2021-12-22,104.9972915649414,7885198
2021-12-23,106.71083068847656,9836979
2021-12-24,103.88349151611328,8509575
2021-12-27,104.39754486083984,5097217
2021-12-28,106.32527923583984,6511374
2021-12-29,105.5113525390625,8960770
2021-12-30,108.72425842285156,32394253
2021-12-31,106.58231353759766,9155163
2022-01-03,107.95313262939453,9034081
2022-01-04,113.8648681640625,33986738
2022-01-05,113.0937728881836,16122852
2022-01-06,112.15133666992188,8037648
2022-01-07,112.53685760498047,8820039
2022-01-10,112.96527099609375,7324926
2022-01-11,113.35079956054688,11971883
2022-01-12,114.6788101196289,10439580
2022-01-13,115.62125396728516,15114699
2022-01-14,115.96395874023438,9344382
2022-01-17,117.03491973876953,9803141
2022-01-18,115.66409301757812,6473378
2022-01-19,115.49275207519531,21136414
2022-01-20,115.57841491699219,8466412
2022-01-21,114.89299774169922,12437749
2022-01-24,113.60784912109375,14284658
2022-01-25,115.9211196899414,10007486
2022-01-27,115.66409301757812,18760325
2022-01-28,120.07645416259766,34009553
2022-01-31,121.704345703125,27928927
2022-02-01,120.9332275390625,17413984
2022-02-02,120.9332275390625,10783943
2022-02-03,120.49235534667969,9571728
2022-02-04,118.33203887939453,7213085
2022-02-07,119.1697006225586,10562489
2022-02-08,119.03746795654297,8721631
2022-02-09,119.08153533935547,5144026
2022-02-10,120.31600189208984,6081460
2022-02-11,120.9332275390625,8426925
2022-02-14,116.83305358886719,7705072
2022-02-15,119.34606170654297,12674466
2022-02-16,117.45027160644531,12946623
2022-02-17,117.05349731445312,5811964
2022-02-18,116.70079040527344,6760078
2022-02-21,116.34806823730469,12212740
2022-02-22,116.4803695678711,13578566
2022-02-23,114.80502319335938,9263264
2022-02-24,109.6908187866211,18045779
2022-02-25,114.93726348876953,10424521
2022-02-28,117.71480560302734,13262687
2022-03-02,115.46632385253906,12587947
2022-03-03,116.4803695678711,15628119
2022-03-04,114.80502319335938,15883138
2022-03-07,114.67274475097656,14985637
2022-03-08,117.93526458740234,28572640
2022-03-09,115.95130157470703,14286413
2022-03-10,117.2298355102539,13101323
2022-03-11,116.34806823730469,8669803
2022-03-14,116.52445220947266,5670284
2022-03-15,115.55450439453125,6895190
2022-03-16,117.05349731445312,5561866
2022-03-17,117.18576049804688,13995384
2022-03-21,117.18576049804688,9172207
2022-03-22,117.14167785644531,10343712
2022-03-23,117.67072296142578,11892811
2022-03-24,119.39015197753906,11276181
2022-03-25,118.81702423095703,7266868
2022-03-28,118.8611068725586,7778682
2022-03-29,118.46431732177734,5116935
2022-03-30,119.30199432373047,24047012
2022-03-31,119.03746795654297,11615450
2022-04-01,126.0474624633789,32589741
2022-04-04,127.23780059814453,15437496
2022-04-05,131.47024536132812,23958626
2022-04-06,134.90908813476562,52737388
2022-04-07,135.35000610351562,37738903
2022-04-08,134.07144165039062,17585569
2022-04-11,134.99729919433594,15583159
2022-04-12,134.55641174316406,11306524
2022-04-13,135.7467803955078,19454061
2022-04-18,143.90304565429688,82098517
2022-04-19,141.65455627441406,38522118
2022-04-20,141.5222930908203,20047692
2022-04-21,143.46217346191406,21966151
2022-04-22,141.4781951904297,9922564
2022-04-25,137.642578125,12008027
2022-04-26,138.43617248535156,11735823
2022-04-27,137.24574279785156,17873048
2022-04-28,140.81689453125,29123808
2022-04-29,137.73074340820312,28941216
2022-05-02,138.87701416015625,13368198
2022-05-04,139.89105224609375,24511385
2022-05-05,139.6706085205078,33396072
2022-05-06,140.19964599609375,22604305
2022-05-09,140.19964599609375,22958742
2022-05-10,137.0694122314453,20322427
2022-05-11,134.51234436035156,13794764
2022-05-12,130.98529052734375,11818556
2022-05-13,127.10555267333984,22913410
2022-05-16,130.72076416015625,16286682
2022-05-17,132.70472717285156,13925542
2022-05-18,130.94117736816406,17611218
2022-05-19,130.50030517578125,11701170
2022-05-20,131.9111328125,17841739
2022-05-23,132.39608764648438,26055890
2022-05-24,129.53038024902344,16581141
2022-05-25,134.6005096435547,19926619
2022-05-26,135.9231414794922,22698086
2022-05-27,132.66062927246094,10245727
2022-05-30,133.0574188232422,12513990
2022-05-31,137.5543975830078,124665699
2022-06-01,138.2598114013672,16084988
2022-06-02,140.24375915527344,17646975
2022-06-03,136.6726531982422,14063328
2022-06-06,136.84898376464844,18485464
2022-06-07,138.65658569335938,14911957
2022-06-08,138.48025512695312,16416591
2022-06-09,136.80487060546875,13821409
2022-06-10,136.89308166503906,7908849
2022-06-13,131.2938690185547,19208167
2022-06-14,133.49827575683594,17034328
2022-06-15,130.63258361816406,15172295
2022-06-16,126.0474624633789,18494040
2022-06-17,123.84302520751953,21387729
2022-06-20,121.02141571044922,16578770
2022-06-21,123.40214538574219,51398446
2022-06-22,121.37413024902344,8317317
2022-06-23,120.360107421875,11257409
2022-06-24,120.44827270507812,21879039
2022-06-27,122.12361907958984,12872030
2022-06-28,122.21180725097656,14272044
2022-06-29,124.98933410644531,53487394
2022-06-30,126.00335693359375,19270932
2022-07-01,124.01937103271484,9592229
2022-07-04,124.68072509765625,17526429
2022-07-05,124.19577026367188,11370649
2022-07-06,122.5204086303711,15929985
2022-07-07,123.84302520751953,18144208
2022-07-08,126.70874786376953,15375888
2022-07-11,127.67869567871094,16779135
2022-07-12,129.7067413330078,19138561
2022-07-13,131.02940368652344,13644449
2022-07-14,130.7648468017578,9775869
2022-07-15,132.04339599609375,11518139
2022-07-18,132.08749389648438,8286352
2022-07-19,132.92515563964844,6798359
2022-07-20,132.74880981445312,7271345
2022-07-21,133.01333618164062,7521568
2022-07-22,131.3379669189453,6800124
2022-07-25,132.35198974609375,7996687
2022-07-26,132.26385498046875,5774871
2022-07-27,131.99932861328125,5403197
2022-07-28,132.57244873046875,6030744
2022-07-29,134.86502075195312,11771461
2022-08-01,137.99525451660156,14221965
2022-08-02,140.6846160888672,18278835
2022-08-03,140.77281188964844,10147608
2022-08-04,136.40809631347656,15754128
2022-08-05,137.20169067382812,33864055
2022-08-08,140.5523681640625,16964235
2022-08-10,139.96824645996094,14055597
2022-08-11,138.0810089111328,15810624
2022-08-12,142.4395751953125,17998843
2022-08-16,142.66424560546875,8309725
2022-08-17,145.0906524658203,19674110
2022-08-18,144.5065460205078,9585888
2022-08-19,141.7655792236328,9599472
2022-08-22,140.64222717285156,11400211
2022-08-23,142.5743865966797,14362373
2022-08-24,144.5065460205078,20602844
2022-08-25,142.7990264892578,12889454
2022-08-26,146.84307861328125,30724938
2022-08-29,144.64132690429688,10928330
2022-08-30,147.3822784423828,24663153
2022-09-01,144.41664123535156,14554158
2022-09-02,145.4052276611328,25106698
2022-09-05,147.83160400390625,15226001
2022-09-06,151.38134765625,27866331
2022-09-07,150.347900390625,19415892
2022-09-08,149.8985595703125,11595205
2022-09-09,149.71884155273438,16415150
2022-09-12,149.53912353515625,15469466
2022-09-13,150.43775939941406,15644741
2022-09-14,154.8861846923828,38751148
2022-09-15,157.35755920410156,29483891
2022-09-16,155.29061889648438,26126152
2022-09-19,153.67300415039062,13304030
2022-09-20,154.48179626464844,15395199
2022-09-21,151.5161895751953,7370283
2022-09-22,151.56109619140625,7447846
2022-09-23,147.33734130859375,12264388
2022-09-26,142.52944946289062,21951865
2022-09-27,142.88890075683594,8367800
2022-09-28,141.9453125,14261815
2022-09-29,143.3831787109375,17623352
2022-09-30,143.47305297851562,12015533
2022-10-03,144.1021270751953,10528629
2022-10-04,146.0792236328125,9013773
2022-10-06,146.3937225341797,6456408
2022-10-07,147.6519012451172,8825983
2022-10-10,147.33734130859375,10484521
2022-10-11,144.73121643066406,13805741
2022-10-12,148.2809600830078,12496248
2022-10-13,148.05625915527344,9447511
2022-10-14,148.37083435058594,9588164
2022-10-17,151.38134765625,13426449
2022-10-18,150.03338623046875,20635735
2022-10-19,147.42723083496094,6947654
2022-10-20,150.03338623046875,12020720
2022-10-21,148.32586669921875,7414335
2022-10-24,150.03338623046875,685185
2022-10-25,152.190185546875,8131380
2022-10-27,153.35842895507812,16225577
2022-10-28,156.41392517089844,16185760
2022-10-31,155.56019592285156,24233760
2022-11-01,163.37864685058594,41101936
2022-11-02,162.6147918701172,22146420
2022-11-03,160.09848022460938,16719953
2022-11-04,159.02008056640625,14881752
2022-11-07,158.0315399169922,12799401
2022-11-09,155.82980346679688,14929008
2022-11-10,154.66151428222656,10668583
2022-11-11,154.077392578125,16963169
2022-11-14,154.077392578125,10224241
2022-11-15,154.66151428222656,13899999
2022-11-16,152.7293701171875,9781274
2022-11-17,151.24656677246094,12778124
2022-11-18,149.04481506347656,11134908
2022-11-21,147.74176025390625,12788632
2022-11-22,150.12322998046875,15198091
2022-11-23,151.0219268798828,12004998
2022-11-24,152.32496643066406,10986350
2022-11-25,152.5496368408203,12358833
2022-11-28,153.1337890625,5471921
2022-11-29,152.90911865234375,7693168
2022-11-30,154.7513885498047,9133076
2022-12-01,154.7513885498047,9214914
2022-12-02,154.70645141601562,6376672
2022-12-05,157.4024658203125,9861212
2022-12-06,157.44741821289062,7008295
2022-12-07,154.43685913085938,7718718
2022-12-08,153.08883666992188,4225180
2022-12-09,152.32496643066406,6174919
2022-12-12,151.78578186035156,7153044
2022-12-13,152.0553741455078,5166993
2022-12-14,154.21217346191406,8562333
2022-12-15,154.66151428222656,10644546
2022-12-16,152.59458923339844,9433166
2022-12-19,154.3919219970703,7706855
2022-12-20,152.5496368408203,7387632
2022-12-21,150.93202209472656,8454254
2022-12-22,149.08975219726562,6979001
2022-12-23,146.4835968017578,5313321
2022-12-26,148.86508178710938,8321609
2022-12-27,148.460693359375,9244387
2022-12-28,149.04481506347656,9652984
2022-12-29,149.85362243652344,19571340
2022-12-30,149.58404541015625,8626291
2023-01-02,150.9769744873047,7322962
2023-01-03,150.61752319335938,9629995
2023-01-04,149.71884155273438,11995082
2023-01-05,152.68446350097656,18887530
2023-01-06,151.87564086914062,13216749
2023-01-09,153.1337890625,6012344
2023-01-10,150.93202209472656,7557693
2023-01-11,149.2245635986328,8463293
2023-01-12,149.13470458984375,7628932
2023-01-13,150.7972412109375,5090393
2023-01-16,149.13470458984375,10321015
2023-01-17,150.7073516845703,13015434
2023-01-18,152.280029296875,5536057
2023-01-19,151.6060333251953,6812613
2023-01-20,151.6060333251953,8545359
2023-01-23,149.9434814453125,7787735
2023-01-24,149.2245635986328,7033092
2023-01-25,149.08975219726562,9257370
2023-01-27,149.44923400878906,13756671
2023-01-30,151.7408447265625,30768122
2023-01-31,153.8077850341797,24990701
2023-02-01,152.77430725097656,13878016
2023-02-02,149.98841857910156,19898080
2023-02-03,152.66268920898438,11730514
2023-02-06,153.1237335205078,7588936
2023-02-07,152.38604736328125,8699758
2023-02-08,152.61659240722656,8839686
2023-02-09,153.07763671875,5507650
2023-02-10,152.15550231933594,9468345
2023-02-13,154.7836456298828,9829152
2023-02-14,153.1237335205078,12916373
2023-02-15,152.8931884765625,11855678
2023-02-16,154.36866760253906,7923121
2023-02-17,154.9680633544922,10182025
2023-02-20,154.8297576904297,6679716
2023-02-21,159.7632598876953,26883881
2023-02-22,157.2273406982422,12225021
2023-02-23,156.39743041992188,11184381
2023-02-24,157.68844604492188,8338893
2023-02-27,158.9794464111328,17669762
2023-02-28,157.2273406982422,19044910
2023-03-01,158.8411102294922,9318790
2023-03-02,157.50399780273438,7725981
2023-03-03,159.1638946533203,12962719
2023-03-06,163.0369110107422,12402804
2023-03-08,164.92735290527344,22099710
2023-03-09,165.4806365966797,18874546
2023-03-10,166.6793975830078,12399692
2023-03-13,165.71115112304688,13669178
2023-03-14,164.05126953125,9217542
2023-03-15,164.32791137695312,8548173
2023-03-16,165.61892700195312,9405016
2023-03-17,163.1752471923828,47276890
2023-03-20,162.2991943359375,5627841
2023-03-21,163.31353759765625,12894327
2023-03-22,160.77764892578125,7893205
2023-03-23,161.00820922851562,5759884
2023-03-24,159.25607299804688,4977283
2023-03-27,157.91897583007812,12077986
2023-03-28,158.610595703125,8750986
2023-03-29,160.4548797607422,20272070
2023-03-31,161.46923828125,8125121
2023-04-03,163.95909118652344,9098662
2023-04-05,162.2069549560547,10829323
2023-04-06,161.56146240234375,7159274
2023-04-10,163.774658203125,10968456
2023-04-11,164.2357177734375,9208605
2023-04-12,162.1147918701172,7591360
2023-04-13,159.57882690429688,9944382
2023-04-17,156.39743041992188,17401126
2023-04-18,156.85848999023438,16199789
2023-04-19,154.09201049804688,16314641
2023-04-20,156.4896240234375,15498083
2023-04-21,156.4896240234375,6672391
2023-04-24,157.642333984375,8088991
2023-04-25,157.7806396484375,9175412
2023-04-26,156.62796020507812,9032416
2023-04-27,157.642333984375,9054900
2023-04-28,158.610595703125,21552892
2023-05-02,161.9303436279297,8893428
2023-05-03,162.6219482421875,11194149
2023-05-04,162.6219482421875,4671155
2023-05-05,160.68539428710938,5958697
2023-05-08,163.2674560546875,6287186
2023-05-09,162.2991943359375,7918748
2023-05-10,163.2674560546875,6231734
2023-05-11,165.57281494140625,12125975
2023-05-12,161.33091735839844,8920297
2023-05-15,162.25306701660156,7980565
2023-05-16,163.63632202148438,7874923
2023-05-17,162.2991943359375,6639494
2023-05-18,161.46923828125,6921939
2023-05-19,159.80935668945312,6657753
2023-05-22,160.54710388183594,13339834
2023-05-23,160.59320068359375,8359389
2023-05-24,161.33091735839844,8507023
2023-05-25,160.91595458984375,7986243
2023-05-26,160.91595458984375,6926193
2023-05-29,162.57583618164062,9943211
2023-05-30,163.0369110107422,9727639
2023-05-31,160.31655883789062,41785992
2023-06-01,160.82376098632812,11602551
2023-06-02,160.9620819091797,7262018
2023-06-05,160.54710388183594,12239684
2023-06-06,161.7458953857422,4889564
2023-06-07,163.54409790039062,6270083
2023-06-08,167.8782501220703,27382635
2023-06-09,168.56983947753906,10235269
2023-06-12,171.2440948486328,17450400
2023-06-13,170.9213409423828,8332566
2023-06-14,172.6273193359375,15061573
2023-06-15,172.166259765625,9840499
2023-06-16,173.54949951171875,8562558
2023-06-19,171.38241577148438,5363723
2023-06-20,172.90394592285156,6035600
2023-06-21,172.90394592285156,5906854
2023-06-22,170.1375274658203,6683123
2023-06-23,172.166259765625,15255365
2023-06-26,170.50636291503906,7231775
2023-06-27,171.56683349609375,6787438
2023-06-28,174.37942504882812,32476741
2023-06-30,174.425537109375,9579059
2023-07-03,176.36207580566406,7352149
2023-07-04,178.94407653808594,13258826
2023-07-05,178.34466552734375,6558910
2023-07-06,181.43389892578125,16276609
2023-07-07,177.60694885253906,12652336
2023-07-10,176.6387176513672,10238356
2023-07-11,177.4225311279297,11236383
2023-07-12,175.9470672607422,9191559
2023-07-13,173.2728271484375,10612659
2023-07-14,172.8578643798828,12369394
2023-07-17,171.98182678222656,9058800
2023-07-18,172.76564025878906,7177677
2023-07-19,177.5608673095703,31761232
2023-07-20,177.88357543945312,8936996
2023-07-21,179.91233825683594,11031250
2023-07-24,180.6500701904297,9981788
2023-07-25,185.03030395507812,18028061
2023-07-26,185.9063720703125,13857423
2023-07-27,186.22909545898438,16013422
2023-07-28,193.65243530273438,39630520
2023-07-31,201.35247802734375,43494779
2023-08-01,207.62307739257812,63510580
2023-08-02,202.04405212402344,22647784
2023-08-03,202.96621704101562,29868065
2023-08-04,200.9835662841797,12879897
2023-08-07,200.9835662841797,12929354
2023-08-08,200.61473083496094,15314866
2023-08-09,201.67518615722656,12554174
2023-08-10,200.4763946533203,10970619
2023-08-11,199.16729736328125,7970536
2023-08-14,199.16729736328125,9283695
2023-08-16,203.3282928466797,9687712
2023-08-17,201.7386932373047,11865239
2023-08-18,201.17767333984375,14101163
2023-08-21,204.5906219482422,13336739
2023-08-22,207.3023223876953,16930149
2023-08-23,207.3023223876953,13507905
2023-08-24,206.5074920654297,11182959
2023-08-25,203.74908447265625,7413549
2023-08-28,204.49713134765625,4851793
2023-08-29,206.74127197265625,8799235
2023-08-30,206.0867156982422,5490930
2023-08-31,205.99322509765625,18532999
2023-09-01,215.71778869628906,29859815
2023-09-04,220.48660278320312,21895573
2023-09-05,219.36456298828125,13952922
2023-09-06,216.83990478515625,14623019
2023-09-07,218.8970184326172,30334731
2023-09-08,224.64761352539062,28856420
2023-09-11,227.3125457763672,22493483
2023-09-12,219.83209228515625,21174310
2023-09-13,221.7489471435547,9151928
2023-09-14,222.49696350097656,7568464
2023-09-15,220.86065673828125,14098284
2023-09-18,225.5359344482422,11163399
2023-09-20,226.05023193359375,18936709
2023-09-21,223.43203735351562,10134737
2023-09-22,222.49696350097656,7209300
2023-09-25,224.08660888671875,8027642
2023-09-26,224.6008758544922,10681642
2023-09-27,223.75933837890625,9679279
2023-09-28,221.65545654296875,32887087
2023-09-29,229.6034393310547,35038887
2023-10-03,225.5359344482422,14885044
2023-10-04,219.87881469726562,25424437
2023-10-05,218.66326904296875,22472389
2023-10-06,220.2528533935547,8825123
2023-10-09,219.4580841064453,10659145
2023-10-10,220.58013916015625,11665907
2023-10-11,223.19830322265625,14313043
2023-10-12,225.9099578857422,13170027
2023-10-13,226.3307342529297,11880728
2023-10-16,227.63983154296875,6936948
2023-10-17,229.97744750976562,10084205
2023-10-18,226.28396606445312,6987265
2023-10-19,223.94635009765625,11485237
2023-10-20,225.3489227294922,9040953
2023-10-23,221.18789672851562,7058625
2023-10-25,216.98016357421875,23949207
2023-10-26,216.60614013671875,17410264
2023-10-27,221.23468017578125,10519462
2023-10-30,219.36456298828125,8812268
2023-10-31,220.48660278320312,6583581
2023-11-01,217.4944305419922,6718059
2023-11-02,219.97235107421875,6057787
2023-11-03,221.24685668945312,6825146
2023-11-06,222.66299438476562,5338605
2023-11-07,225.77847290039062,7002346
2023-11-08,223.46548461914062,9777991
2023-11-09,224.64553833007812,13987058
2023-11-10,229.17718505859375,9589671
2023-11-13,231.9622344970703,18792969
2023-11-15,233.4727783203125,10965645
2023-11-16,238.24044799804688,22145147
2023-11-17,237.53237915039062,5618928
2023-11-20,237.0131072998047,6283832
2023-11-21,236.02182006835938,6851869
2023-11-22,239.46774291992188,5275418
2023-11-23,238.61807250976562,8200025
2023-11-24,239.7037353515625,7149443
2023-11-28,243.14967346191406,6151585
2023-11-29,243.95216369628906,8637363
2023-11-30,246.6900177001953,21687673
2023-12-01,253.91226196289062,29121320
2023-12-04,259.4351806640625,20464526
2023-12-05,269.4897155761719,18883076
2023-12-06,265.3829345703125,13415314
2023-12-07,267.93194580078125,25133786
2023-12-08,269.112060546875,20815064
2023-12-11,271.2362365722656,8071675
2023-12-12,267.5543212890625,8640883
2023-12-13,277.60888671875,23629670
2023-12-14,278.88336181640625,24900443
2023-12-15,288.0410461425781,28843558
2023-12-18,286.2472839355469,13307504
2023-12-19,292.33660888671875,15650536
2023-12-20,281.0075378417969,23497233
2023-12-21,285.0671691894531,17868637
2023-12-22,285.86962890625,15207726
2023-12-26,292.2894287109375,9917180
2023-12-27,288.9378967285156,12630732
2023-12-28,296.3489990234375,37591916
2023-12-29,293.7527770996094,12682889
2024-01-01,292.4310607910156,8024960
2024-01-02,288.8907165527344,13506040
2024-01-03,289.07952880859375,14259987
2024-01-04,299.3700866699219,40057506
2024-01-05,297.34027099609375,27456415
2024-01-08,298.75640869140625,10136462
2024-01-09,301.8719177246094,12229517
2024-01-10,295.8297424316406,14455000
2024-01-11,295.4049072265625,10316319
2024-01-12,295.16888427734375,12341629
2024-01-15,299.5589294433594,9706124
2024-01-16,294.08319091796875,10162832
2024-01-17,292.0061950683594,13502940
2024-01-18,282.5653076171875,32481018
2024-01-19,291.2037658691406,28651237
2024-01-23,285.6808166503906,21652362
2024-01-24,291.58135986328125,23922028
2024-01-25,297.1514892578125,32525422
2024-01-29,306.40350341796875,24694773
2024-01-30,297.81231689453125,20918448
2024-01-31,299.7476501464844,20931224
2024-02-01,303.99609375,24020951
2024-02-02,313.9090270996094,32346639
2024-02-05,317.3077392578125,19651482
2024-02-06,318.5947265625,12024661
2024-02-07,315.25811767578125,8080437
2024-02-08,315.44879150390625,17754869
2024-02-09,309.72894287109375,18304439
2024-02-12,301.3875427246094,11714289
2024-02-13,306.5353698730469,15426888
2024-02-14,312.6842041015625,14085723
2024-02-15,323.4089050292969,21973316
2024-02-16,321.9789123535156,20307449
2024-02-19,322.9322509765625,8496898
2024-02-20,329.5577392578125,19340526
2024-02-21,320.4059753417969,17751633
2024-02-22,323.6948547363281,16083122
2024-02-23,321.9789123535156,9665454
2024-02-26,321.8359680175781,7711995
2024-02-27,320.4059753417969,8882923
2024-02-28,317.7367248535156,12977628
2024-02-29,319.9293212890625,13149469
2024-03-01,327.46044921875,13027254
2024-03-04,337.3271484375,38075510
2024-03-05,341.5216979980469,15918221
2024-03-06,335.515869140625,13120921
2024-03-07,335.7542419433594,9172926
2024-03-11,331.70263671875,10664917
2024-03-12,328.6520690917969,9637912
2024-03-13,307.4410095214844,23722232
2024-03-14,306.8214111328125,20859127
2024-03-15,301.5304870605469,43285007
2024-03-18,302.3408203125,13690352
2024-03-19,298.8135986328125,13388060
2024-03-20,299.0042724609375,10026655
2024-03-21,309.82427978515625,23370426
2024-03-22,309.5859680175781,14709219
2024-03-26,313.73284912109375,11208959
2024-03-27,316.1160583496094,45209520
2024-03-28,320.1199645996094,19868037
2024-04-01,326.3641662597656,8580656
2024-04-02,328.69970703125,9745257
2024-04-03,334.8485412597656,21679943
2024-04-04,338.0898132324219,28962927
2024-04-05,337.99444580078125,11208130
2024-04-08,346.52655029296875,11447140
2024-04-09,345.9545593261719,10010148
2024-04-10,345.5732421875,12886638
2024-04-12,344.8582458496094,30924494
2024-04-15,344.2862548828125,18126999
2024-04-16,342.4750061035156,15328939
2024-04-18,334.75323486328125,22966560
2024-04-19,334.18121337890625,12867942
2024-04-22,326.888427734375,37382916
2024-04-23,330.9400329589844,14651106
2024-04-24,335.2298583984375,11132307
2024-04-25,342.4273376464844,19865014
2024-04-26,339.3767395019531,10986589
2024-04-29,346.0498962402344,13652173
2024-04-30,346.2405700683594,14566548
2024-05-02,351.8173828125,27892188
2024-05-03,347.9088134765625,26844664
2024-05-06,340.139404296875,15319437
2024-05-07,332.8465881347656,10028071
2024-05-08,338.8524169921875,9595776
2024-05-09,329.891357421875,9043486
2024-05-10,338.90008544921875,11699095
2024-05-13,334.514892578125,10691781
2024-05-14,339.1860656738281,10891985
2024-05-15,344.4769287109375,8538183
2024-05-16,344.572265625,13114162
2024-05-17,348.385498046875,8509179
2024-05-21,354.629638671875,10939593
2024-05-22,356.39324951171875,14001806
2024-05-23,354.91558837890625,15370357
2024-05-24,357.44189453125,13317821
2024-05-27,352.389404296875,21891930
2024-05-28,348.3377990722656,10200096
2024-05-29,347.5751953125,18146672
2024-05-30,342.9040222167969,14425073
2024-05-31,342.2366638183594,30515612
2024-06-03,373.5050964355469,39261174
2024-06-04,315.7824401855469,84042244
2024-06-05,325.0771789550781,46418629
2024-06-06,333.4185485839844,33171039
2024-06-07,343.761962890625,23930193
2024-06-10,347.86114501953125,16072588
2024-06-11,350.24444580078125,11235777
2024-06-12,353.9622802734375,12134524
2024-06-13,352.6753845214844,11243702
2024-06-14,351.2453918457031,10298434
2024-06-18,352.389404296875,10228382
2024-06-19,345.5732421875,8337334
2024-06-20,340.94970703125,14338604
2024-06-21,342.9992980957031,17931844
2024-06-24,345.8115234375,9335598
2024-06-25,344.0002746582031,14983828
2024-06-26,348.004150390625,15918394
2024-06-27,359.5391540527344,55378829
2024-06-28,360.6831359863281,25141039
2024-07-01,352.4847106933594,23389211
2024-07-02,353.1043395996094,13702830
2024-07-03,355.249267578125,9207317
2024-07-04,355.5352783203125,14916930
2024-07-05,362.0653991699219,15946104
2024-07-08,359.8251647949219,8898299
2024-07-09,359.44384765625,8355819
2024-07-10,363.5906677246094,17715196
2024-07-11,359.49151611328125,19873143
2024-07-12,359.5391540527344,16151583
2024-07-15,367.64227294921875,22951140
2024-07-16,362.6851501464844,11893034
2024-07-18,360.1111145019531,15709153
2024-07-19,347.622802734375,13330099
2024-07-22,356.0596008300781,18715538
2024-07-23,364.5916748046875,49882257
2024-07-24,374.2677307128906,36868466
2024-07-25,373.8387145996094,25973101
2024-07-26,377.794921875,20381410
2024-07-29,375.5070495605469,27751449
2024-07-30,387.9477233886719,34447139
2024-07-31,396.57513427734375,29727771
2024-08-01,403.67724609375,28803487
2024-08-02,400.1023254394531,24233263
2024-08-05,393.9535217285156,42489503
2024-08-06,395.6217956542969,18230579
2024-08-07,399.9935607910156,15556736
2024-08-08,391.73040771484375,16447385
2024-08-09,394.56488037109375,10954753
2024-08-12,385.1487121582031,26254763
2024-08-13,380.680908203125,11355664
2024-08-14,380.82501220703125,9424614
2024-08-16,382.4583740234375,13844122
2024-08-19,387.31060791015625,10677045
2024-08-20,390.33721923828125,10126083
2024-08-21,392.9314880371094,9726854
2024-08-22,387.55084228515625,10445288
2024-08-23,386.2056579589844,11513586
2024-08-26,398.600341796875,13772637
2024-08-27,393.60400390625,8441188
2024-08-28,393.0274963378906,15884745
2024-08-29,393.84423828125,19014705
2024-08-30,399.8974914550781,22633988
2024-09-02,393.9403381347656,11107165
2024-09-03,390.4813232421875,7538160
2024-09-04,389.2322998046875,11052003
2024-09-05,387.4547119140625,14246871
2024-09-06,379.335693359375,17956121
2024-09-09,374.5796203613281,12293356
2024-09-10,380.7769470214844,15852309
2024-09-11,374.3874206542969,11492592
2024-09-12,388.9920654296875,24028069
2024-09-13,385.67718505859375,12017217
2024-09-16,394.9972229003906,11479712
2024-09-17,399.9935607910156,14432501
2024-09-18,397.92779541015625,10303840
2024-09-19,407.34393310546875,59601773
2024-09-20,407.34393310546875,36084164
2024-09-23,411.571533203125,14139629
2024-09-24,411.33135986328125,12539885
2024-09-25,419.01800537109375,19443168
2024-09-26,417.5767517089844,20041825
2024-09-27,419.78662109375,53885913
2024-09-30,425.83990478515625,20903229
2024-10-01,422.8613586425781,15984996
2024-10-03,418.29736328125,13563784
2024-10-04,413.5893249511719,18347292
2024-10-07,399.1768798828125,23431004
2024-10-08,404.4614562988281,18706355
2024-10-09,402.059326171875,13916492
2024-10-10,406.1429138183594,15866037
2024-10-11,405.9507141113281,8639087
2024-10-14,407.87237548828125,8483177
2024-10-15,409.89013671875,9365964
2024-10-16,407.6321716308594,6219440
2024-10-17,401.3867492675781,11968387
2024-10-18,408.30474853515625,8828971
2024-10-21,408.3528137207031,9139781
2024-10-22,399.465087890625,14242323
2024-10-23,392.306884765625,22522821
2024-10-24,395.7658996582031,9400171
2024-10-25,383.2751159667969,19642277
2024-10-28,388.0792541503906,11716022
2024-10-29,396.0061340332031,20284308
2024-10-30,392.49908447265625,12264297
2024-10-31,394.57757568359375,12204072
2024-11-01,397.6711730957031,2145479
2024-11-04,387.6170349121094,13866505
2024-11-05,389.695556640625,6665326
2024-11-06,395.30267333984375,9700643
2024-11-07,390.37225341796875,7589295
2024-11-08,384.4267578125,7536509
2024-11-11,379.4963684082031,12243693
2024-11-12,367.6536865234375,10549517
2024-11-13,368.66876220703125,20602407
2024-11-14,360.1130676269531,15086601
2024-11-18,354.5059509277344,16383636
2024-11-19,354.5059509277344,17055094
2024-11-21,344.3067321777344,21276150
2024-11-22,353.29754638671875,15949254
2024-11-25,356.1494140625,18388844
2024-11-26,349.6238708496094,11222231
2024-11-27,357.01947021484375,14225274
2024-11-28,350.01055908203125,16837860
2024-11-29,351.5573425292969,14280017
2024-12-02,346.2886047363281,12510350
2024-12-03,355.2309875488281,14205760
2024-12-04,360.3547668457031,22035954
2024-12-05,356.8744812011719,18758283
2024-12-06,357.21282958984375,9736086
2024-12-09,357.5512390136719,10878679
2024-12-10,356.8744812011719,7913822
2024-12-11,353.3458557128906,9998662
2024-12-12,343.77508544921875,22538216
2024-12-13,345.2735595703125,14269143
2024-12-16,341.1648254394531,12168143
2024-12-17,337.44287109375,15646176
2024-12-18,330.3856201171875,14672392
2024-12-19,326.1802978515625,14513129
2024-12-20,322.1683044433594,20375797
2024-12-23,322.5549621582031,8884187
2024-12-24,324.15008544921875,7755462
2024-12-26,323.521728515625,9030212
2024-12-27,323.8600769042969,9090597
2024-12-30,320.3797912597656,36657549
2024-12-31,322.26495361328125,8580998
2025-01-01,322.5549621582031,7843971
2025-01-02,326.76031494140625,16543382
2025-01-03,328.5487976074219,8689629
2025-01-06,316.6094970703125,10538077
2025-01-07,317.67291259765625,13891401
2025-01-08,314.5793151855469,8993608
2025-01-09,309.697265625,12403467
2025-01-10,297.9996032714844,15941143
2025-01-13,288.2838134765625,29630336
2025-01-14,300.078125,22732888
2025-01-15,310.6639709472656,21894626
2025-01-16,314.6759948730469,14865186
2025-01-17,315.30438232421875,7129232
2025-01-20,324.8751525878906,17991880
2025-01-21,313.5158996582031,12774630
2025-01-22,311.6790771484375,11068145
2025-01-23,312.88751220703125,6477347
2025-01-24,312.88751220703125,7492600
2025-01-27,311.4857482910156,13803855
2025-01-28,307.66705322265625,22008929
2025-01-29,310.5673522949219,16056888
2025-01-30,312.2591552734375,10375720
2025-01-31,315.6691589355469,13195557
2025-02-01,309.5311584472656,10097627
2025-02-03,303.2469787597656,15881217
2025-02-04,310.8951416015625,12141064
2025-02-05,311.3822937011719,12226722
2025-02-06,304.75714111328125,13384442
2025-02-07,308.8004150390625,8937447
2025-02-10,302.5162658691406,6806132
2025-02-11,297.7422790527344,13241830
2025-02-12,298.37554931640625,7616083
2025-02-13,298.8139953613281,9086906
2025-02-14,292.62725830078125,7446248
2025-02-17,294.5758361816406,6464173
2025-02-18,303.1982727050781,15793327
2025-02-19,306.7056884765625,13079903
2025-02-20,316.7895812988281,22888146
2025-02-21,317.86126708984375,10809296
2025-02-24,311.8694152832031,6034113
2025-02-25,310.50543212890625,10686112
2025-02-27,307.58258056640625,7302366
2025-02-28,303.44183349609375,21127180
2025-03-03,306.3159484863281,9779703
2025-03-04,305.6827087402344,8734999
2025-03-05,317.8125915527344,10493615
2025-03-06,329.2117004394531,26294903
2025-03-07,321.076416015625,8992315
2025-03-10,320.9302673339844,11383132
2025-03-11,321.80712890625,10299324
2025-03-12,321.6609802246094,6984859
2025-03-13,323.3659973144531,8965150
2025-03-17,323.1224365234375,4353561
2025-03-18,323.1224365234375,0
2025-03-19,332.5243225097656,30582397
2025-03-20,332.9627380371094,15002119
2025-03-21,342.2671813964844,36406837
2025-03-24,357.51483154296875,24588471
2025-03-25,357.51483154296875,23189083
2025-03-26,345.5310363769531,18668095
2025-03-27,351.3768005371094,37930538
2025-03-28,348.40521240234375,11327077
2025-04-01,343.0953063964844,18736320
2025-04-02,342.70562744140625,13593404
2025-04-03,349.6717834472656,10317410
2025-04-04,341.39031982421875,10872963
2025-04-07,340.8057556152344,18025165
2025-04-08,343.8747863769531,17506712
2025-04-09,340.3673400878906,7462119
2025-04-11,350.8409118652344,11246077
2025-04-15,353.17919921875,17497327
2025-04-16,350.06146240234375,11541484
2025-04-17,354.640625,12288196
2025-04-21,355.1764831542969,7375594
2025-04-22,350.987060546875,12077119
2025-04-23,354.44580078125,9719205
2025-04-24,353.8612365722656,7491123
2025-04-25,347.2847595214844,9785640
2025-04-28,352.2049255371094,5315840
2025-04-29,347.77191162109375,9472828
2025-04-30,345.4336242675781,16739088
2025-05-02,339.7340393066406,8221620
2025-05-05,339.6366271972656,9492646
2025-05-06,333.0114440917969,8904223
2025-05-07,333.2550354003906,8465490
2025-05-08,331.2577209472656,14286109
2025-05-09,326.1427001953125,11322011
2025-05-12,339.587890625,7978210
2025-05-13,332.7191467285156,14738980
2025-05-14,329.8450012207031,22485535
2025-05-15,333.1575927734375,43307763
2025-05-16,334.27801513671875,6920351
2025-05-19,336.2752990722656,6218209
2025-05-20,333.7908935546875,9986143
2025-05-21,337.2496337890625,5930972
2025-05-22,332.6217346191406,8717514
2025-05-23,335.73944091796875,4045937
2025-05-26,334.6677551269531,16655082
2025-05-27,329.8450012207031,24937330
2025-05-28,331.3064270019531,10985957
2025-05-29,330.6244201660156,15884093
2025-05-30,325.3145751953125,19143010
2025-06-02,323.999267578125,29479727
2025-06-03,319.80987548828125,14081719
2025-06-04,320.7841796875,15654279
2025-06-05,320.1995849609375,16270360
2025-06-06,324.2915954589844,11402511
2025-06-09,328.43231201171875,19416373
2025-06-10,330.47833251953125,12061248
2025-06-11,329.4065856933594,10807496
2025-06-12,325.1197204589844,11881618
2025-06-13,323.41473388671875,11711773
2025-06-16,325.1197204589844,8065112
2025-06-17,326.5811767578125,6796992
2025-06-18,323.8531799316406,17835507
2025-06-19,321.5635681152344,11610604
2025-06-20,326.5811767578125,16592862
2025-06-23,324.04803466796875,8277787
2025-06-24,321.4661865234375,100814893
2025-06-25,322.343017578125,17963666
2025-06-26,328.4809875488281,13754087
2025-06-27,329.6014404296875,50845169
2025-06-30,326.28887939453125,11858890
2025-07-01,324.04803466796875,8903292
2025-07-02,325.1684265136719,11326880
2025-07-03,325.9966125488281,15786429
2025-07-04,326.87347412109375,5899185
2025-07-07,328.7733154296875,9454556
2025-07-08,334.3754577636719,12092302
2025-07-09,335.1548767089844,9079872
2025-07-10,332.67047119140625,6426072
2025-07-11,333.8883361816406,17234194
2025-07-14,333.30377197265625,11516965
2025-07-15,333.206298828125,8450777
2025-07-16,333.6447448730469,6001484
2025-07-17,333.839599609375,7562006
2025-07-18,333.30377197265625,6370338
2025-07-21,332.76788330078125,4463318
2025-07-22,332.0859069824219,4728372
2025-07-23,334.22930908203125,5058422
2025-07-24,330.18603515625,9098453
2025-07-25,324.6325988769531,7790739
2025-07-28,324.3890380859375,4605823
2025-07-29,325.9966125488281,7551356
2025-07-30,330.08856201171875,12537358
2025-07-31,325.65557861328125,8935384
2025-08-01,322.3917236328125,7107542
2025-08-04,323.46343994140625,8193399
2025-08-05,325.0223083496094,9855535
2025-08-06,323.5609130859375,13872826
2025-08-07,321.27130126953125,8731389
2025-08-08,326.1427001953125,11247218
2025-08-11,327.5067443847656,11993280
2025-08-12,331.3551940917969,7221182
2025-08-13,331.2090148925781,5417151
2025-08-14,330.6244201660156,5689423
2025-08-18,327.4093017578125,6511340
2025-08-19,326.43499755859375,10316115
2025-08-20,333.206298828125,10824544
2025-08-21,330.08856201171875,11135121
2025-08-22,328.33489990234375,8534844
2025-08-25,329.16302490234375,7142387
2025-08-26,324.6325988769531,13113388
2025-08-28,322.2942810058594,10486948
2025-08-29,319.1278381347656,11813425
2025-09-01,322.1968688964844,6897558
2025-09-02,327.6528625488281,9224639
2025-09-03,325.65557861328125,10778333
2025-09-04,324.8190612792969,7934237
2025-09-05,323.4904479980469,5678244
2025-09-08,321.52215576171875,5239184
2025-09-09,318.9633483886719,9735495
2025-09-10,320.4888000488281,6509477
2025-09-11,325.8031921386719,10309925
2025-09-12,326.44293212890625,5257048
2025-09-15,325.8524169921875,6566824
2025-09-16,329.73980712890625,8784889
2025-09-17,331.06842041015625,7936518
2025-09-18,331.6097412109375,6497322
2025-09-19,333.28277587890625,10646331
2025-09-22,333.8240661621094,6966213
2025-09-23,337.5638427734375,10738268
2025-09-24,342.0909423828125,14653575
2025-09-25,335.1034240722656,13228081
2025-09-26,332.54461669921875,6337702
2025-09-29,335.54632568359375,16922231
2025-09-30,335.05426025390625,8308029
2025-10-01,334.8573913574219,6022078
2025-10-03,336.57965087890625,8506827
2025-10-06,333.7256164550781,8436245
2025-10-07,332.64306640625,16130172
2025-10-08,328.5096435546875,13223442
2025-10-09,330.52716064453125,6824759
2025-10-10,334.3161315917969,8970962
2025-10-13,336.284423828125,6663149
2025-10-14,331.314453125,7545848
2025-10-15,333.8732604980469,8121744
2025-10-16,336.08758544921875,6788416
2025-10-17,335.59552001953125,7032129
2025-10-20,336.53045654296875,6896835
2025-10-21,336.57965087890625,346988
2025-10-23,337.2193603515625,8710859
2025-10-24,334.2177429199219,7584711
2025-10-27,336.3336181640625,6752390
2025-10-28,333.77484130859375,13186584
2025-10-29,341.99249267578125,15423201
2025-10-30,339.6797180175781,6721032
2025-10-31,331.6097412109375,18651312
2025-11-03,329.887451171875,10242245
2025-11-04,325.3603515625,11887651
2025-11-06,321.47296142578125,11587302
2025-11-07,323.6564636230469,8578167
2025-11-10,323.0113525390625,5246998
2025-11-11,324.20233154296875,6103758
2025-11-12,324.6986083984375,6850550
2025-11-13,324.5001220703125,7276001
2025-11-14,325.9888610839844,9169855
2025-11-17,327.72576904296875,6283156
2025-11-18,325.9888610839844,6776200
2025-11-19,324.1527404785156,6935056
2025-11-20,324.1527404785156,5155775
2025-11-21,324.20233154296875,6142545
2025-11-24,321.0263366699219,13719726
2025-11-25,321.27447509765625,8074651
2025-11-26,323.6564636230469,7101095
2025-11-27,324.8970947265625,6755179
2025-11-28,324.00384521484375,8930988
2025-12-01,324.64898681640625,6936186
2025-12-02,326.13775634765625,5806943
2025-12-03,320.53009033203125,8546132
2025-12-04,320.53009033203125,5965357
2025-12-05,320.87744140625,6574010
2025-12-08,317.1059265136719,7906928
2025-12-09,317.45330810546875,7152584
2025-12-10,319.190185546875,5484712
2025-12-11,320.1827087402344,6317942
2025-12-12,322.61431884765625,4261023
2025-12-15,321.5225830078125,10219819
2025-12-16,318.5946960449219,5241263
2025-12-17,318.8428039550781,5043027
2025-12-18,316.1134033203125,5554193
2025-12-19,317.5029296875,10833662
2025-12-22,318.29693603515625,8925871
2025-12-23,320.82781982421875,6024641
2025-12-24,320.133056640625,5678004
2025-12-26,321.67144775390625,4174183
2025-12-29,323.06097412109375,14043845
2025-12-30,322.4654541015625,8035909
2025-12-31,327.0805969238281,8497983
2026-01-01,333.780029296875,10357315
2026-01-02,349.4616394042969,23128940
2026-01-05,347.972900390625,18248271
2026-01-06,348.17138671875,8641743
2026-01-07,346.2359924316406,7165806
2026-01-08,341.8193359375,8805975
2026-01-09,333.4822998046875,10161744
2026-01-12,334.9214172363281,9406174
2026-01-13,335.3680419921875,5583379
2026-01-14,346.484130859375,20389924
2026-01-15,346.484130859375,0
2026-01-16,343.7547302246094,14275582
2026-01-19,340.7772216796875,9974363
2026-01-20,336.211669921875,7718407
2026-01-21,336.1620788574219,6948955
2026-01-22,339.88397216796875,5885972
2026-01-23,334.17706298828125,10084314
2026-01-27,342.1170959472656,12203590
2026-01-28,345.4419860839844,13566973
2026-01-29,355.46630859375,20624409
2026-01-30,353.3324279785156,22641103
2026-02-02,347.7247619628906,12622760
2026-02-03,355.8633117675781,11559806
2026-02-04,364.49810791015625,15515053
2026-02-05,364.25,18789794
2026-02-06,365.04998779296875,7328789
2026-02-09,361.8999938964844,7983235
2026-02-10,366.8999938964844,8319282
2026-02-11,368.45001220703125,5782448
2026-02-12,368.25,6763353
2026-02-13,363.0,7111972
2026-02-16,369.1000061035156,6292850
2026-02-17,368.3999938964844,4442793
2026-02-18,368.3999938964844,4871319
2026-02-19,363.20001220703125,5375352
2026-02-20,372.95001220703125,16736731
2026-02-23,375.45001220703125,16135451
