date,adj_close,volume
2015-01-01,129.91122436523438,1849323
2015-01-02,131.85581970214844,3736468
2015-01-05,133.34730529785156,6074619
2015-01-06,125.79544830322266,9024997
2015-01-07,127.64563751220703,8937670
2015-01-08,129.0616455078125,6578931
2015-01-09,132.5354766845703,13223764
2015-01-12,131.28941345214844,3157549
2015-01-13,128.3630828857422,7395021
2015-01-14,129.91122436523438,6704722
2015-01-15,130.8363494873047,10737987
2015-01-16,131.06289672851562,4284924
2015-01-19,131.2139434814453,3049690
2015-01-20,132.27117919921875,4842070
2015-01-21,130.6664581298828,8863149
2015-01-22,133.25291442871094,8061763
2015-01-23,131.70481872558594,6424399
2015-01-27,132.25233459472656,4689873
2015-01-28,133.6305389404297,7037476
2015-01-29,132.87538146972656,10551229
2015-01-30,132.66766357421875,6162442
2015-02-02,132.10130310058594,3717522
2015-02-03,135.72616577148438,7617916
2015-02-04,139.16232299804688,12396304
2015-02-05,134.66891479492188,3953791
2015-02-06,132.5354766845703,5834608
2015-02-09,134.5556182861328,4045851
2015-02-10,133.91371154785156,3438390
2015-02-11,130.2510528564453,3754929
2015-02-12,130.81739807128906,6518277
2015-02-13,128.21205139160156,9134797
2015-02-16,128.55186462402344,5713141
2015-02-18,125.58778381347656,7747543
2015-02-19,125.90875244140625,5393952
2015-02-20,124.870361328125,4764178
2015-02-23,122.66143035888672,4667715
2015-02-24,118.96099853515625,11394412
2015-02-25,119.75394439697266,7747527
2015-02-26,120.58467102050781,8330061
2015-02-27,122.62368774414062,10424124
2015-03-02,120.84896087646484,9150904
2015-03-03,121.01889038085938,9377275
2015-03-04,121.03773498535156,12393369
2015-03-05,120.81121826171875,5311246
2015-03-09,119.31970977783203,8394541
2015-03-10,118.71556854248047,10846846
2015-03-11,116.86532592773438,7587334
2015-03-12,117.88484954833984,5494894
2015-03-13,118.5267562866211,5558430
2015-03-16,117.80929565429688,3707103
2015-03-17,118.64004516601562,3799833
2015-03-18,116.7520751953125,4852030
2015-03-19,117.77156829833984,5367529
2015-03-20,117.5638656616211,4793802
2015-03-23,118.71556854248047,4589812
2015-03-24,119.86293029785156,3764554
2015-03-25,118.42872619628906,4139605
2015-03-26,115.34990692138672,11858041
2015-03-27,116.63114929199219,5891944
2015-03-30,120.55137634277344,6601768
2015-03-31,117.16661071777344,6853342
2015-04-01,117.20484924316406,3321565
2015-04-06,121.33541870117188,5556453
2015-04-07,122.00471496582031,3490815
2015-04-08,119.70992279052734,5976249
2015-04-09,118.61994171142578,5713269
2015-04-10,118.46697998046875,8693394
2015-04-13,119.27012634277344,2797114
2015-04-15,121.29723358154297,9083739
2015-04-16,125.3130111694336,9836785
2015-04-17,126.21178436279297,6401871
2015-04-20,123.07561492919922,4536202
2015-04-21,122.52106475830078,4822603
2015-04-22,119.44222259521484,7356646
2015-04-23,117.77855682373047,5199051
2015-04-24,121.1823959350586,7401441
2015-04-27,118.31399536132812,3309372
2015-04-28,117.62554931640625,5021299
2015-04-29,117.14746856689453,4445740
2015-04-30,116.2677993774414,9699340
2015-05-04,125.58071899414062,16873108
2015-05-05,130.85867309570312,24530452
2015-05-06,125.40861511230469,10301064
2015-05-07,122.40629577636719,5843113
2015-05-08,120.66612243652344,6429162
2015-05-11,122.00471496582031,5431555
2015-05-12,118.42872619628906,4464550
2015-05-13,118.98329162597656,5646844
2015-05-14,120.91474914550781,4257052
2015-05-15,121.96647644042969,3325147
2015-05-18,123.0565185546875,4586017
2015-05-19,121.46928405761719,4366932
2015-05-20,120.30274200439453,3059541
2015-05-21,121.73699951171875,3139372
2015-05-22,123.55366516113281,3893322
2015-05-25,126.0396499633789,5574003
2015-05-26,123.34330749511719,2979945
2015-05-27,126.97666931152344,3477921
2015-05-28,125.40861511230469,8512186
2015-05-29,126.15438079833984,13023642
2015-06-01,123.95523071289062,2889510
2015-06-02,122.50196838378906,4511451
2015-06-03,117.74026489257812,5149029
2015-06-04,115.25433349609375,7210408
2015-06-05,117.87416076660156,8311552
2015-06-08,117.18572998046875,3424894
2015-06-09,115.29253387451172,3158752
2015-06-10,116.78414154052734,4509799
2015-06-11,115.1204605102539,3997858
2015-06-12,114.89098358154297,2924445
2015-06-15,116.24870300292969,4211761
2015-06-16,116.43990325927734,3878482
2015-06-17,117.03274536132812,7374735
2015-06-18,119.65260314941406,6067755
2015-06-19,122.06206512451172,5823981
2015-06-22,121.7752456665039,4448203
2015-06-23,121.96647644042969,3509530
2015-06-24,121.5840072631836,3734515
2015-06-25,119.69086456298828,7207431
2015-06-26,119.78645324707031,1821207
2015-06-29,118.19925689697266,2261232
2015-06-30,118.40959930419922,3225894
2015-07-01,120.0541763305664,4331775
2015-07-02,118.56257629394531,3314205
2015-07-03,118.256591796875,4952577
2015-07-06,117.89329528808594,3164748
2015-07-07,116.63114929199219,3602245
2015-07-08,115.86622619628906,3476700
2015-07-09,114.24078369140625,5336425
2015-07-10,112.40496826171875,10773607
2015-07-13,111.14288330078125,7725928
2015-07-14,110.79863739013672,4437270
2015-07-15,111.37230682373047,4577782
2015-07-16,111.52531433105469,3341661
2015-07-17,111.98429870605469,2702260
2015-07-20,111.6209487915039,1863025
2015-07-21,107.5668716430664,4128988
2015-07-22,108.9437255859375,3767242
2015-07-23,108.56124114990234,5707321
2015-07-24,108.17879486083984,3961647
2015-07-27,103.837890625,10950876
2015-07-28,103.20684051513672,8345236
2015-07-29,103.1685562133789,10220164
2015-07-30,103.60839080810547,5602353
2015-07-31,104.29682159423828,3895096
2015-08-03,104.6601791381836,4666620
2015-08-04,101.86820220947266,7648746
2015-08-05,103.26419067382812,3759064
2015-08-06,103.62751007080078,3982426
2015-08-07,108.17879486083984,14143717
2015-08-10,105.19561004638672,4017831
2015-08-11,103.28331756591797,2668081
2015-08-12,103.01558685302734,6082657
2015-08-13,103.1685562133789,6835678
2015-08-14,103.41716766357422,3797374
2015-08-17,100.96941375732422,7815285
2015-08-18,99.74554443359375,4157310
2015-08-19,99.6690673828125,5711535
2015-08-20,97.83325958251953,7178769
2015-08-21,97.89059448242188,6613182
2015-08-24,87.08612823486328,19008639
2015-08-25,88.21436309814453,10863165
2015-08-26,85.99613189697266,7245826
2015-08-27,88.08052062988281,11633059
2015-08-28,93.18636322021484,10958608
2015-08-31,91.52266693115234,9689886
2015-09-01,89.53385925292969,10033095
2015-09-02,86.12997436523438,9458158
2015-09-03,87.64069366455078,3640380
2015-09-04,86.26384735107422,7345293
2015-09-07,86.64715576171875,5324035
2015-09-08,88.12289428710938,6841087
2015-09-09,88.3145523071289,11075230
2015-09-10,86.97296142578125,6478407
2015-09-11,87.52877044677734,5834527
2015-09-14,88.0270767211914,3143677
2015-09-15,87.87374114990234,3661399
2015-09-16,88.35289001464844,4234243
2015-09-18,91.68766784667969,9682537
2015-09-21,91.59186553955078,2754552
2015-09-22,89.88612365722656,5576616
2015-09-23,90.67189025878906,3247758
2015-09-24,87.20295715332031,8968651
2015-09-28,86.28300476074219,4326612
2015-09-29,86.78129577636719,7599778
2015-09-30,87.91207885742188,7694695
2015-10-01,89.06201171875,4161730
2015-10-05,92.18595123291016,5283105
2015-10-06,94.81163024902344,7663977
2015-10-07,98.79806518554688,9901197
2015-10-08,98.75973510742188,5335414
2015-10-09,101.05960845947266,8515356
2015-10-12,100.96378326416016,4243084
2015-10-13,97.32231140136719,4640856
2015-10-14,97.74398040771484,4440331
2015-10-15,99.7180404663086,3456408
2015-10-16,101.1937484741211,3212586
2015-10-19,98.8364028930664,2694019
2015-10-20,97.03482818603516,3579358
2015-10-21,97.14984130859375,2408055
2015-10-23,98.62560272216797,3416214
2015-10-26,98.29976654052734,3776110
2015-10-27,95.02245330810547,7387659
2015-10-28,96.51737976074219,8681943
2015-10-29,96.15325927734375,11317210
2015-10-30,94.65831756591797,5076523
2015-11-02,94.8307876586914,2028091
2015-11-03,96.0957260131836,2764398
2015-11-04,96.6323471069336,3672546
2015-11-05,96.07654571533203,4845283
2015-11-06,96.38321685791016,6014388
2015-11-09,95.55908966064453,4072977
2015-11-10,92.39723205566406,5841889
2015-11-13,89.35244750976562,6878205
2015-11-16,89.84040069580078,6538864
2015-11-17,90.69918060302734,9435519
2015-11-18,90.0550765991211,3862231
2015-11-19,90.9529037475586,2849844
2015-11-20,91.36278533935547,2601568
2015-11-23,90.44544219970703,2296134
2015-11-24,90.87480926513672,5179723
2015-11-26,91.675048828125,8200903
2015-11-27,91.8897705078125,2854024
2015-11-30,91.40179443359375,5898439
2015-12-01,91.96782684326172,3545680
2015-12-02,92.04588317871094,3121284
2015-12-03,89.66470336914062,7426180
2015-12-04,88.6888656616211,5123203
2015-12-07,87.40066528320312,3621073
2015-12-08,84.2192611694336,8794702
2015-12-09,84.74624633789062,6323689
2015-12-10,85.80020904541016,6848703
2015-12-11,84.06312561035156,6528895
2015-12-14,83.30194091796875,4778763
2015-12-15,85.01947784423828,4919511
2015-12-16,88.47417449951172,8363692
2015-12-17,87.75198364257812,9229494
2015-12-18,87.1469497680664,7201576
2015-12-21,89.95748901367188,4999317
2015-12-22,89.99653625488281,4596822
2015-12-23,91.94831085205078,6021352
2015-12-24,91.28469848632812,4388542
2015-12-28,93.76345825195312,5296623
2015-12-29,93.5877914428711,3552853
2015-12-30,93.6463623046875,3927882
2015-12-31,94.3685073852539,6598665
2016-01-01,94.66127014160156,2771977
2016-01-04,92.92420959472656,3125131
2016-01-05,94.40754699707031,3646312
2016-01-06,92.72901916503906,3007210
2016-01-07,88.45462799072266,7609386
2016-01-08,89.84040069580078,6898318
2016-01-11,88.02523040771484,6413395
2016-01-12,86.4052505493164,5543673
2016-01-13,87.12741088867188,5384575
2016-01-14,87.1469497680664,6523576
2016-01-15,85.66357421875,4512582
2016-01-18,83.69227600097656,5734035
2016-01-19,85.09758758544922,3797908
2016-01-20,83.26287078857422,6518908
2016-01-21,80.92074584960938,8879593
2016-01-22,84.4144287109375,7253737
2016-01-25,85.74165344238281,4864044
2016-01-27,85.25372314453125,6744064
2016-01-28,85.83924865722656,8761006
2016-01-29,88.31800079345703,12759739
2016-02-01,87.8495864868164,3822741
2016-02-02,84.53153991699219,6900480
2016-02-03,83.16532135009766,4843966
2016-02-04,85.87828826904297,6016540
2016-02-05,85.85875701904297,5710669
2016-02-08,83.5556869506836,2764110
2016-02-09,85.1561050415039,3651745
2016-02-10,83.34098052978516,4066759
2016-02-11,79.30078887939453,8787048
2016-02-12,75.43626403808594,10102654
2016-02-15,78.20777893066406,7157805
2016-02-16,78.0516586303711,10491013
2016-02-17,78.20777893066406,7290019
2016-02-18,81.62340545654297,7799662
2016-02-19,82.42363739013672,5419069
2016-02-22,83.69227600097656,3601842
2016-02-23,83.77035522460938,3593367
2016-02-24,81.7405014038086,2618155
2016-02-25,84.4144287109375,5778484
2016-02-26,84.33637237548828,4205824
2016-02-29,75.7680435180664,23809857
2016-03-01,74.75312805175781,23118147
2016-03-02,76.09984588623047,15524956
2016-03-03,76.9781494140625,16866745
2016-03-04,78.34440612792969,22523046
2016-03-08,78.79331970214844,12258796
2016-03-09,80.12053680419922,7688815
2016-03-10,80.29620361328125,13467873
2016-03-11,80.06196594238281,14262115
2016-03-14,81.29159545898438,7498647
2016-03-15,80.95977020263672,5504455
2016-03-16,80.90103912353516,5188654
2016-03-17,83.1537094116211,8394324
2016-03-18,84.07438659667969,6776230
2016-03-21,84.87752532958984,5801745
2016-03-22,84.66204833984375,6610557
2016-03-23,84.07438659667969,5978227
2016-03-28,83.8197250366211,7205974
2016-03-29,83.1537094116211,5003185
2016-03-30,85.36723327636719,5849823
2016-03-31,83.87847900390625,18261630
2016-04-01,81.8021240234375,10266195
2016-04-04,81.21443176269531,5494027
2016-04-05,80.50926208496094,4906771
2016-04-06,80.74431610107422,4317508
2016-04-07,81.3907470703125,5045077
2016-04-08,80.76390838623047,2418253
2016-04-11,81.33197021484375,5192644
2016-04-12,82.80113220214844,6343279
2016-04-13,83.58466339111328,6437622
2016-04-18,81.3124008178711,4950201
2016-04-20,82.21347045898438,4820409
2016-04-21,83.42796325683594,7037139
2016-04-22,84.66204833984375,4497202
2016-04-25,83.1733169555664,2813826
2016-04-26,83.95686340332031,4140094
2016-04-27,86.8951416015625,10536442
2016-04-28,84.95589447021484,11597841
2016-04-29,85.11258697509766,6088467
2016-05-02,85.30845642089844,4911861
2016-05-03,84.34864044189453,5806392
2016-05-04,82.5268783569336,4247746
2016-05-05,82.46810913085938,4590195
2016-05-06,81.66499328613281,3327823
2016-05-09,82.8990707397461,4008649
2016-05-10,81.44950103759766,3924151
2016-05-11,80.41131591796875,5481087
2016-05-12,80.82266998291016,7061337
2016-05-13,79.82365417480469,7262070
2016-05-16,79.37310791015625,10092505
2016-05-17,82.37019348144531,14657428
2016-05-18,83.93726348876953,8832225
2016-05-19,82.29183197021484,6740377
2016-05-20,83.48672485351562,4576983
2016-05-23,81.54743957519531,5845633
2016-05-24,80.95977783203125,4087501
2016-05-25,82.33100128173828,3108448
2016-05-26,84.6424560546875,13519851
2016-05-27,83.44756317138672,10044087
2016-05-30,83.62384796142578,4589130
2016-05-31,82.5660629272461,8791201
2016-06-01,82.5268783569336,4521807
2016-06-02,83.36917877197266,4079509
2016-06-03,82.99700164794922,4345935
2016-06-06,82.58565521240234,3665349
2016-06-07,83.42796325683594,5568472
2016-06-08,84.5249252319336,5491938
2016-06-09,86.44461822509766,10532686
2016-06-10,85.4847640991211,4451983
2016-06-13,83.54548645019531,2914852
2016-06-14,83.36917877197266,3050001
2016-06-15,83.72177124023438,2865534
2016-06-16,82.93824768066406,3296191
2016-06-17,82.5660629272461,4717605
2016-06-20,83.78054809570312,5253388
2016-06-21,85.23011016845703,4754095
2016-06-22,85.54354095458984,4300168
2016-06-23,85.60232543945312,4451146
2016-06-24,82.03717041015625,6098569
2016-06-27,82.33100128173828,3541858
2016-06-28,82.80113220214844,3242284
2016-06-29,84.13314819335938,3248850
2016-06-30,84.7403793334961,7536646
2016-07-01,88.1488265991211,8428420
2016-07-04,90.91082000732422,16861305
2016-07-05,90.40149688720703,6551590
2016-07-07,88.77566528320312,5971878
2016-07-08,87.4828109741211,3248257
2016-07-11,88.1488265991211,6210183
2016-07-12,89.28494262695312,4319643
2016-07-13,91.73352813720703,17397438
2016-07-14,90.32316589355469,9416404
2016-07-15,90.20562744140625,8673333
2016-07-18,85.64147186279297,11088225
2016-07-19,86.58174133300781,10601104
2016-07-20,87.7178726196289,9715894
2016-07-21,87.20855712890625,4614313
2016-07-22,87.14981842041016,4734196
2016-07-25,88.85401153564453,5161390
2016-07-26,87.89417266845703,6075612
2016-07-27,87.46324157714844,3982969
2016-07-28,86.7188491821289,12199317
2016-07-29,86.22915649414062,4943548
2016-08-01,85.7198486328125,4868154
2016-08-02,86.62091827392578,5714404
2016-08-03,85.70024108886719,6926821
2016-08-04,86.13117980957031,5368087
2016-08-05,88.52100372314453,4722490
2016-08-08,88.57978057861328,3995137
2016-08-09,89.7159194946289,11431887
2016-08-10,89.73551177978516,10287928
2016-08-11,90.65614318847656,9320215
2016-08-12,91.51806640625,5870230
2016-08-16,92.1448974609375,5039550
2016-08-17,93.16353607177734,5430909
2016-08-18,94.5543212890625,5751255
2016-08-19,94.65225982666016,5606353
2016-08-22,93.77076721191406,3785410
2016-08-23,93.3985824584961,5012451
2016-08-24,94.41718292236328,3600733
2016-08-25,93.16353607177734,4189737
2016-08-26,93.3985824584961,2902111
2016-08-29,92.96763610839844,2465332
2016-08-30,94.69142150878906,4245724
2016-08-31,93.83763885498047,9766926
2016-09-01,93.9567642211914,4602483
2016-09-02,94.81056213378906,4273123
2016-09-06,94.73115539550781,3884562
2016-09-07,97.27266693115234,17504218
2016-09-08,97.80875396728516,15232855
2016-09-09,101.24376678466797,17437126
2016-09-12,99.67517852783203,7995681
2016-09-14,98.56327056884766,8058135
2016-09-15,98.68241882324219,3706279
2016-09-16,99.39718627929688,12910044
2016-09-19,100.92607116699219,6271972
2016-09-20,102.3556900024414,12886207
2016-09-21,101.40262603759766,6438340
2016-09-22,103.05061340332031,8053006
2016-09-23,103.46760559082031,7589790
2016-09-26,99.099365234375,13915599
2016-09-27,98.30513763427734,10949967
2016-09-28,99.93329620361328,9666958
2016-09-29,99.337646484375,14336461
2016-09-30,101.91886138916016,9438718
2016-10-03,103.3484878540039,6960220
2016-10-04,108.63005065917969,17825014
2016-10-05,105.88998413085938,9426820
2016-10-06,106.88279724121094,9511054
2016-10-07,106.16797637939453,11598678
2016-10-10,106.0091323852539,7032378
2016-10-13,108.3123779296875,14122951
2016-10-14,110.01996612548828,9532546
2016-10-17,110.57588958740234,7432578
2016-10-18,109.8015365600586,7430623
2016-10-19,110.61563110351562,7137429
2016-10-20,111.7275390625,6078450
2016-10-21,111.1120376586914,3639472
2016-10-24,116.09577941894531,15753549
2016-10-25,114.66621398925781,11650041
2016-10-26,115.2022933959961,6344125
2016-10-27,115.48025512695312,24448257
2016-10-28,113.93150329589844,10070332
2016-11-01,114.82498168945312,11064357
2016-11-02,110.09937286376953,14774770
2016-11-03,108.00033569335938,10778124
2016-11-04,108.7874755859375,7203463
2016-11-07,107.85905456542969,4419261
2016-11-08,109.23149871826172,5654563
2016-11-09,108.94892120361328,7471795
2016-11-10,111.41128540039062,5849239
2016-11-11,110.38194274902344,6617526
2016-11-15,111.24981689453125,12179968
2016-11-16,109.95812225341797,8986996
2016-11-17,110.30121612548828,5879166
2016-11-18,111.04798889160156,6513859
2016-11-21,111.43148803710938,7038115
2016-11-22,112.17827606201172,8852827
2016-11-23,112.98558807373047,6432657
2016-11-24,111.9158706665039,7236183
2016-11-25,111.99657440185547,4391635
2016-11-28,114.64056396484375,6170169
2016-11-29,114.96353149414062,6467512
2016-11-30,116.61853790283203,10633435
2016-12-01,117.93046569824219,12753523
2016-12-02,117.56716918945312,7668508
2016-12-05,119.24235534667969,5358345
2016-12-06,120.59465026855469,6281910
2016-12-07,119.92859649658203,6324726
2016-12-08,122.43133544921875,7229704
2016-12-09,123.84412384033203,5012332
2016-12-12,125.7211685180664,7390621
2016-12-13,125.94319915771484,11867766
2016-12-14,123.23866271972656,14303529
2016-12-15,125.00465393066406,10011138
2016-12-16,122.1285400390625,6046045
2016-12-19,121.94691467285156,6134651
2016-12-20,121.00840759277344,4487663
2016-12-21,122.00748443603516,4699901
2016-12-22,118.01119995117188,5073928
2016-12-23,116.83048248291016,5637468
2016-12-26,114.43878173828125,4468708
2016-12-27,115.2259292602539,4972743
2016-12-28,114.98371887207031,4245082
2016-12-29,116.0130615234375,13079156
2016-12-30,115.86167907714844,3664012
2017-01-02,116.40663146972656,2690448
2017-01-03,116.55801391601562,4764310
2017-01-04,117.95067596435547,7507779
2017-01-05,120.8873062133789,6831388
2017-01-06,122.64324188232422,8399536
2017-01-09,119.88826751708984,4783989
2017-01-10,120.16069030761719,6865373
2017-01-11,119.67630767822266,3657809
2017-01-12,120.8267593383789,7180398
2017-01-13,121.8863754272461,7173268
2017-01-16,120.10018920898438,4070898
2017-01-17,117.95067596435547,4631529
2017-01-18,119.88826751708984,9444964
2017-01-19,121.61389923095703,11378619
2017-01-20,119.46436309814453,7834336
2017-01-23,121.0386734008789,5350419
2017-01-24,122.06802368164062,3600754
2017-01-25,124.06615447998047,11413512
2017-01-27,123.82393646240234,5089894
2017-01-30,122.21940612792969,4594038
2017-01-31,122.64324188232422,39669868
2017-02-01,121.22032165527344,11271144
2017-02-02,121.61389923095703,8549969
2017-02-03,121.6744384765625,4940894
2017-02-06,120.49371337890625,5926274
2017-02-07,118.380859375,10805646
2017-02-08,119.05453491210938,7106853
2017-02-09,118.13591766357422,6092204
2017-02-10,118.5952377319336,6287846
2017-02-13,117.73783111572266,4083916
2017-02-14,119.85069274902344,7785934
2017-02-15,119.39134979248047,5793110
2017-02-16,118.8708267211914,3343438
2017-02-17,119.05453491210938,3230898
2017-02-20,119.60575103759766,8954741
2017-02-21,120.18750762939453,3280290
2017-02-22,119.78948211669922,5671343
2017-02-23,120.03440856933594,20504597
2017-02-27,119.23824310302734,7881156
2017-02-28,118.53398895263672,10367585
2017-03-01,118.71769714355469,11243767
2017-03-02,118.013427734375,6978509
2017-03-03,118.227783203125,4294857
2017-03-06,118.68708801269531,3847930
2017-03-07,120.27938079833984,7768654
2017-03-08,118.1665267944336,6553289
2017-03-09,116.14555358886719,6323875
2017-03-10,117.33975982666016,7822853
2017-03-14,117.52347564697266,8850096
2017-03-15,116.78857421875,4219974
2017-03-16,117.46222686767578,6732778
2017-03-17,116.35993194580078,7462534
2017-03-20,116.88043975830078,5070076
2017-03-21,118.84021759033203,6715278
2017-03-22,117.89093780517578,4960436
2017-03-23,118.56460571289062,4208188
2017-03-24,117.52347564697266,9289757
2017-03-27,115.68621826171875,4780041
2017-03-28,114.46137237548828,9790503
2017-03-29,114.49200439453125,9676087
2017-03-30,112.6241455078125,14882692
2017-03-31,113.29779815673828,8217678
2017-04-03,113.7877426147461,4802523
2017-04-05,114.06327819824219,6772865
2017-04-06,114.85944366455078,7216198
2017-04-07,114.15519714355469,8049423
2017-04-10,114.18579864501953,3953031
2017-04-11,115.04320526123047,7982429
2017-04-12,114.33892059326172,4050669
2017-04-13,113.17532348632812,3338347
2017-04-17,112.13419342041016,3070001
2017-04-18,110.81752014160156,3358340
2017-04-19,110.14382934570312,4198156
2017-04-20,109.6845474243164,9102962
2017-04-21,110.3887939453125,4117134
2017-04-24,111.12367248535156,4311732
2017-04-25,111.154296875,5784684
2017-04-26,110.29695129394531,4850265
2017-04-27,109.6845474243164,7471812
2017-04-28,114.24706268310547,10789077
2017-05-02,117.8296890258789,17143827
2017-05-03,117.0335693359375,6245067
2017-05-04,115.68621826171875,4432281
2017-05-05,112.56288146972656,8117137
2017-05-08,113.87958526611328,5592129
2017-05-09,113.97145080566406,4713977
2017-05-10,115.10446166992188,4038348
2017-05-11,112.4404067993164,10796830
2017-05-12,113.20591735839844,6242350
2017-05-15,114.36954498291016,5766195
2017-05-16,113.3896484375,6960470
2017-05-17,112.99154663085938,6074714
2017-05-18,110.786865234375,4628258
2017-05-19,110.26628875732422,5853904
2017-05-22,108.49028778076172,5558525
2017-05-23,106.95924377441406,5162996
2017-05-24,106.37744140625,6540417
2017-05-25,106.65302276611328,8230189
2017-05-26,107.63289642333984,6460263
2017-05-29,107.63289642333984,6629243
2017-05-30,109.40889739990234,6532975
2017-05-31,108.39840698242188,10715866
2017-06-01,106.56112670898438,8676208
2017-06-02,106.56112670898438,4039371
2017-06-05,107.63289642333984,5836542
2017-06-06,104.99949645996094,6437174
2017-06-07,105.36695098876953,7404338
2017-06-08,104.44830322265625,5798852
2017-06-09,103.62153625488281,6859186
2017-06-12,103.19284057617188,4382264
2017-06-13,103.560302734375,5988071
2017-06-14,103.8052749633789,5698882
2017-06-15,102.36610412597656,8396153
2017-06-16,102.36610412597656,9457498
2017-06-19,101.69242095947266,5175569
2017-06-20,103.560302734375,6212122
2017-06-21,100.9269027709961,8411843
2017-06-22,98.26287078857422,8856235
2017-06-23,96.82368469238281,4803636
2017-06-27,97.95665740966797,7105195
2017-06-28,96.82368469238281,7419236
2017-06-29,96.6705551147461,8800016
2017-06-30,96.33375549316406,5746101
2017-07-03,97.43609619140625,6622621
2017-07-04,97.926025390625,5371351
2017-07-05,99.70206451416016,5605189
2017-07-06,99.02840423583984,7115526
2017-07-07,97.7423095703125,5247930
2017-07-10,99.45708465576172,1376868
2017-07-11,98.14036560058594,7988251
2017-07-12,99.7326889038086,12966188
2017-07-13,97.31360626220703,9072801
2017-07-14,96.97679138183594,7114944
2017-07-17,98.01790618896484,6649645
2017-07-18,99.02840423583984,5319994
2017-07-19,99.8245620727539,9814913
2017-07-20,101.56993865966797,16154989
2017-07-21,100.65130615234375,7090770
2017-07-24,99.97764587402344,10394896
2017-07-25,100.00825500488281,6521103
2017-07-26,100.43695068359375,9143178
2017-07-27,99.7633056640625,12361923
2017-07-28,100.89627075195312,10303502
2017-07-31,103.74401092529297,13899095
2017-08-01,102.51921844482422,6705176
2017-08-02,101.29434204101562,7743355
2017-08-03,101.47808074951172,6902925
2017-08-04,101.90675354003906,6316753
2017-08-07,101.60054016113281,3289743
2017-08-08,100.43695068359375,5981069
2017-08-09,101.47808074951172,5908883
2017-08-10,100.25324249267578,8412268
2017-08-11,97.77294921875,5471462
2017-08-14,99.02840423583984,3892174
2017-08-16,98.56907653808594,6213088
2017-08-17,98.35472869873047,5184915
2017-08-18,98.53845977783203,5559512
2017-08-21,96.24187469482422,11137965
2017-08-22,97.65042877197266,5611720
2017-08-23,97.80355834960938,2344934
2017-08-24,97.65042877197266,3724532
2017-08-28,98.35472869873047,3680139
2017-08-29,96.30311584472656,7756416
2017-08-30,97.0074234008789,5219322
2017-08-31,96.11940002441406,16715886
2017-09-01,97.95665740966797,6511029
2017-09-04,99.08963012695312,4859269
2017-09-05,99.70206451416016,5823055
2017-09-06,99.39584350585938,3791076
2017-09-07,99.39584350585938,9101357
2017-09-08,99.12028503417969,10505052
2017-09-11,99.85517120361328,9449161
2017-09-12,99.39584350585938,10536298
2017-09-13,98.63031768798828,7006941
2017-09-14,97.58922576904297,15371676
2017-09-15,102.12108612060547,25453536
2017-09-18,101.1718521118164,8383548
2017-09-19,101.60054016113281,7052113
2017-09-20,102.70289611816406,12062311
2017-09-21,102.0875473022461,7198883
2017-09-22,101.1953125,10308999
2017-09-25,101.41067504882812,8935570
2017-09-26,105.47201538085938,19866213
2017-09-27,104.73359680175781,7437060
2017-09-28,105.56430053710938,14120709
2017-09-29,105.19508361816406,6418518
2017-10-03,105.010498046875,5604933
2017-10-04,105.90276336669922,5087199
2017-10-05,105.34891510009766,3767993
2017-10-06,106.97966766357422,6144349
2017-10-09,105.04126739501953,2981922
2017-10-10,104.82588958740234,3112910
2017-10-11,104.08744812011719,4202871
2017-10-12,104.4259033203125,4877955
2017-10-13,104.39514923095703,5190805
2017-10-16,105.87200927734375,5054731
2017-10-17,105.34891510009766,6819547
2017-10-18,107.34883880615234,7869107
2017-10-19,105.87200927734375,1215089
2017-10-23,105.6566162109375,4126469
2017-10-24,108.3026351928711,10817861
2017-10-25,108.82569122314453,6103342
2017-10-26,109.13338470458984,15326252
2017-10-27,113.22551727294922,9866477
2017-10-30,114.82542419433594,16606395
2017-10-31,117.59452819824219,10698129
2017-11-01,117.53298950195312,5341109
2017-11-02,115.6869125366211,4024181
2017-11-03,119.97047424316406,7942915
2017-11-06,124.59795379638672,16363370
2017-11-07,121.18989562988281,20559837
2017-11-08,120.40818786621094,6275377
2017-11-09,118.5634536743164,7527346
2017-11-10,119.5014877319336,6035746
2017-11-13,115.18667602539062,6894203
2017-11-14,113.8109130859375,4663077
2017-11-15,111.02818298339844,7701984
2017-11-16,112.02872467041016,7245718
2017-11-17,111.05946350097656,6851616
2017-11-20,112.56024932861328,4004561
2017-11-21,113.1230697631836,5170506
2017-11-22,113.3731918334961,3217008
2017-11-23,113.6233139038086,3511238
2017-11-24,113.18558502197266,2358579
2017-11-27,115.09284973144531,6930971
2017-11-28,113.34192657470703,10710188
2017-11-29,114.0923080444336,5407391
2017-11-30,112.96671295166016,9645385
2017-12-01,112.34136962890625,3451636
2017-12-04,113.56080627441406,6347567
2017-12-05,111.55973052978516,4550575
2017-12-06,109.965087890625,4194219
2017-12-07,110.71552276611328,4373514
2017-12-08,112.71658325195312,4832733
2017-12-11,111.87239074707031,2310668
2017-12-12,114.62386322021484,6983526
2017-12-13,114.99906158447266,11488267
2017-12-14,115.28047180175781,5885128
2017-12-15,114.43627166748047,7297568
2017-12-18,114.46749877929688,4785160
2017-12-19,115.8119888305664,4240135
2017-12-20,117.56290435791016,8877376
2017-12-21,117.56290435791016,3893100
2017-12-22,120.93972778320312,8914713
2017-12-26,121.1273422241211,11345494
2017-12-27,120.4394760131836,7260402
2017-12-28,120.68958282470703,12772109
2017-12-29,122.06535339355469,5899591
2018-01-01,120.28311920166016,5899565
2018-01-02,123.09716796875,12878378
2018-01-03,120.97100067138672,8032715
2018-01-04,124.75428771972656,12740860
2018-01-05,124.0976791381836,6812787
2018-01-08,123.4410629272461,4858711
2018-01-09,123.19095611572266,4598757
2018-01-10,123.75372314453125,7673209
2018-01-11,123.75372314453125,5701402
2018-01-12,125.53592681884766,9291346
2018-01-15,122.9407958984375,4500523
2018-01-16,123.31600952148438,5778244
2018-01-17,122.37799835205078,6306388
2018-01-18,121.37747192382812,6247782
2018-01-19,121.1273422241211,5046015
2018-01-22,125.50464630126953,23165754
2018-01-23,129.66317749023438,15755015
2018-01-24,131.85182189941406,16132441
2018-01-25,130.38229370117188,10247173
2018-01-29,128.2874298095703,7620080
2018-01-30,128.06857299804688,7323876
2018-01-31,127.22435760498047,11990243
2018-02-01,121.87773895263672,10015459
2018-02-02,120.50198364257812,12239774
2018-02-05,118.03193664550781,7607002
2018-02-06,115.96832275390625,5935676
2018-02-07,118.8136215209961,8644010
2018-02-08,118.00065612792969,4540513
2018-02-09,117.15646362304688,7314145
2018-02-12,119.43893432617188,14960914
2018-02-14,116.15591430664062,4960527
2018-02-15,117.75054168701172,5046557
2018-02-16,116.87508392333984,4167034
2018-02-19,115.8745346069336,4265576
2018-02-20,116.93759155273438,5328584
2018-02-21,118.90740966796875,4651807
2018-02-22,116.37478637695312,8629189
2018-02-23,118.68852996826172,4880302
2018-02-26,119.03246307373047,2721955
2018-02-27,117.8755874633789,6611097
2018-02-28,117.75054168701172,6147245
2018-03-01,118.62599182128906,3450224
2018-03-05,116.03087615966797,5082390
2018-03-06,115.93704223632812,2906142
2018-03-07,113.49825286865234,4482279
2018-03-08,112.65406036376953,3288627
2018-03-09,112.49771118164062,2053847
2018-03-12,114.96780395507812,4161129
2018-03-13,116.23396301269531,2457755
2018-03-14,114.33470916748047,4846612
2018-03-15,114.14482116699219,5145739
2018-03-16,112.15058135986328,8194541
2018-03-19,111.96064758300781,5782668
2018-03-20,110.21966552734375,3020586
2018-03-21,111.1376724243164,4055822
2018-03-22,113.25846099853516,8348549
2018-03-23,112.3088607788086,6884971
2018-03-26,113.25846099853516,4169998
2018-03-27,113.70162963867188,3823981
2018-03-28,112.56208038330078,6229049
2018-04-02,113.92322540283203,2235832
2018-04-03,112.37214660644531,3552271
2018-04-04,111.04267120361328,3353172
2018-04-05,112.34049224853516,5375271
2018-04-06,112.0239486694336,3633964
2018-04-09,112.9419174194336,4046065
2018-04-10,114.08148956298828,5180326
2018-04-11,115.31599426269531,11607043
2018-04-12,115.06273651123047,4277125
2018-04-13,115.5375747680664,3050131
2018-04-16,114.90448760986328,2308502
2018-04-17,114.46133422851562,2721706
2018-04-18,115.28433227539062,3279393
2018-04-19,116.4555435180664,5004280
2018-04-20,115.4426040649414,1618027
2018-04-23,114.61961364746094,3930421
2018-04-24,115.63253784179688,4080212
2018-04-25,113.60667419433594,3629856
2018-04-26,114.46133422851562,6742459
2018-04-27,114.39802551269531,4687951
2018-04-30,114.30306243896484,3335191
2018-05-02,113.98650360107422,4157973
2018-05-03,114.65122985839844,2796713
2018-05-04,114.11312103271484,5325720
2018-05-07,116.42388916015625,4799480
2018-05-08,115.91741943359375,5730645
2018-05-09,115.75914001464844,3075560
2018-05-10,119.17781829833984,10328901
2018-05-11,118.70299530029297,4926216
2018-05-14,118.54471588134766,3255344
2018-05-15,119.65260314941406,5877427
2018-05-16,117.87998962402344,8348946
2018-05-17,119.39937591552734,4519306
2018-05-18,117.15193176269531,4488003
2018-05-21,117.5950927734375,3380355
2018-05-22,117.24686431884766,3796268
2018-05-23,111.04267120361328,5590802
2018-05-24,106.16793060302734,34819270
2018-05-25,111.07432556152344,12361678
2018-05-28,111.16929626464844,8087040
2018-05-29,111.1376724243164,11015160
2018-05-30,110.1563491821289,12554659
2018-05-31,112.62535858154297,23822373
2018-06-01,109.64988708496094,9847581
2018-06-04,108.32044219970703,5294603
2018-06-05,108.38374328613281,5918946
2018-06-06,107.81394958496094,3331408
2018-06-07,109.30168151855469,5086661
2018-06-08,109.96646118164062,4323567
2018-06-11,109.7132339477539,3192749
2018-06-12,108.5103530883789,4564556
2018-06-13,107.62403106689453,5321172
2018-06-14,106.67440032958984,4188442
2018-06-15,104.74351501464844,7589493
2018-06-18,104.20540618896484,4390244
2018-06-19,104.3320083618164,4413184
2018-06-20,103.03416442871094,5768211
2018-06-21,101.10326385498047,12638114
2018-06-22,101.00831604003906,5371207
2018-06-25,99.17239379882812,5899032
2018-06-26,100.21697998046875,5960446
2018-06-27,98.9191665649414,7034207
2018-06-28,97.17818450927734,17670403
2018-06-29,100.28028869628906,7079407
2018-07-02,98.4443588256836,9196529
2018-07-03,99.83712768554688,12087830
2018-07-04,98.76089477539062,5194030
2018-07-05,99.01410675048828,6807718
2018-07-06,98.41268157958984,3633191
2018-07-09,99.647216796875,4379183
2018-07-10,99.9953842163086,5276248
2018-07-11,100.09038543701172,6653936
2018-07-12,100.62849426269531,8165181
2018-07-13,97.55802917480469,3523600
2018-07-16,97.36811828613281,3680440
2018-07-17,98.85584259033203,3952416
2018-07-18,101.48313903808594,16571981
2018-07-19,102.40110778808594,8472466
2018-07-20,99.9953842163086,5475594
2018-07-23,99.10909271240234,4553137
2018-07-24,99.52056121826172,3943002
2018-07-25,100.69178771972656,4063454
2018-07-26,102.9075927734375,8778489
2018-07-27,102.1162109375,3542015
2018-07-30,103.88885498046875,9599714
2018-07-31,104.90178680419922,6815180
2018-08-01,105.8514175415039,4618179
2018-08-02,105.34492492675781,7825776
2018-08-03,105.59817504882812,12172870
2018-08-06,107.14924621582031,5159560
2018-08-07,106.072998046875,4300164
2018-08-08,109.20672607421875,7991348
2018-08-09,106.9276351928711,4437178
2018-08-10,107.14924621582031,4341382
2018-08-13,105.12338256835938,3731211
2018-08-14,105.24996948242188,3791016
2018-08-16,104.11043548583984,4184404
2018-08-17,103.22411346435547,4754545
2018-08-20,106.801025390625,9674107
2018-08-21,107.75064086914062,5181397
2018-08-23,108.826904296875,6635245
2018-08-24,110.63121032714844,9867693
2018-08-27,111.45417785644531,3612496
2018-08-28,110.53622436523438,5439278
2018-08-29,112.05563354492188,6288920
2018-08-30,112.34049224853516,11296260
2018-08-31,113.98650360107422,8916222
2018-09-03,112.24552917480469,3168480
2018-09-04,110.37794494628906,2874936
2018-09-05,109.96646118164062,3735722
2018-09-06,110.47290802001953,6809374
2018-09-07,108.826904296875,5309239
2018-09-10,106.76937103271484,5569685
2018-09-11,106.23126983642578,8750333
2018-09-12,106.67440032958984,5610743
2018-09-14,109.23839569091797,4720460
2018-09-17,108.70027160644531,4012086
2018-09-18,110.09304809570312,6426239
2018-09-19,112.93232727050781,10038603
2018-09-21,115.10165405273438,9298030
2018-09-24,115.22926330566406,13799885
2018-09-25,116.31391143798828,8363857
2018-09-26,115.22926330566406,6680285
2018-09-27,112.16665649414062,7853039
2018-09-28,113.05992126464844,8598293
2018-10-01,114.20838928222656,4582462
2018-10-03,115.77156829833984,8893914
2018-10-04,109.99735260009766,7866152
2018-10-05,93.8231430053711,35255036
2018-10-08,95.57772827148438,11709162
2018-10-09,93.56791687011719,6818577
2018-10-10,94.81210327148438,10873198
2018-10-11,97.58757019042969,15633772
2018-10-12,100.42682647705078,6089606
2018-10-15,102.18142700195312,4679911
2018-10-16,105.65869903564453,8912396
2018-10-17,103.42559051513672,5347724
2018-10-19,102.37281799316406,7258192
2018-10-22,99.50167083740234,5476435
2018-10-23,99.15074157714844,8239765
2018-10-24,100.65013885498047,8342857
2018-10-25,99.11883544921875,32100452
2018-10-26,96.85380554199219,9427229
2018-10-29,98.83174133300781,5954637
2018-10-30,97.58757019042969,4156028
2018-10-31,97.7789535522461,7562821
2018-11-01,98.41699981689453,5220182
2018-11-02,100.39490509033203,7789972
2018-11-05,98.8636474609375,15261029
2018-11-06,99.56546020507812,7749980
2018-11-07,100.17161560058594,491522
2018-11-09,99.78877258300781,6478458
2018-11-12,99.56546020507812,4686739
2018-11-13,99.85259246826172,5499454
2018-11-14,102.72374725341797,15008061
2018-11-15,101.35196685791016,3468318
2018-11-16,99.75687408447266,7515249
2018-11-19,98.6084213256836,4614296
2018-11-20,97.68326568603516,5480470
2018-11-21,96.82193756103516,4573137
2018-11-22,97.14091491699219,4477092
2018-11-26,93.53602600097656,8093330
2018-11-27,93.217041015625,9231112
2018-11-28,91.11149597167969,14201939
2018-11-29,89.70782470703125,28991042
2018-11-30,89.51641082763672,23675557
2018-12-03,90.92009735107422,8371191
2018-12-04,93.24890899658203,9753442
2018-12-05,91.68571472167969,9774733
2018-12-06,89.42069244384766,5771659
2018-12-07,88.94216918945312,10571838
2018-12-10,87.47470092773438,33096556
2018-12-11,88.11273956298828,14884397
2018-12-12,90.40965270996094,14020937
2018-12-13,91.43051147460938,11251819
2018-12-14,93.69554138183594,23355616
2018-12-17,94.58880615234375,12767531
2018-12-18,94.174072265625,10474177
2018-12-19,94.58880615234375,7008346
2018-12-20,94.81210327148438,21204077
2018-12-21,94.7483139038086,17767999
2018-12-24,94.365478515625,8200455
2018-12-26,93.53602600097656,9247671
2018-12-27,95.51394653320312,44356763
2018-12-28,96.02436828613281,10732729
2018-12-31,95.64154052734375,5778308
2019-01-01,94.7483139038086,4496586
2019-01-02,93.8231430053711,17436694
2019-01-03,90.85625457763672,26599483
2019-01-04,92.9618148803711,7395898
2019-01-07,94.33358001708984,12700566
2019-01-08,94.07835388183594,6163846
2019-01-09,92.70659637451172,4951441
2019-01-10,91.39861297607422,7131028
2019-01-11,92.2918472290039,7665486
2019-01-14,91.52622985839844,6028078
2019-01-15,92.61087799072266,3680774
2019-01-16,93.37654113769531,3667241
2019-01-17,92.51516723632812,5142302
2019-01-18,93.6317367553711,4904282
2019-01-21,92.32376098632812,4087312
2019-01-22,92.10044860839844,4113351
2019-01-23,91.43051147460938,4946218
2019-01-24,90.40965270996094,3820645
2019-01-25,90.60108947753906,3871762
2019-01-28,90.37776184082031,2910523
2019-01-29,89.99494934082031,7282910
2019-01-30,89.13358306884766,8511453
2019-01-31,90.12254333496094,28107358
2019-02-01,90.47347259521484,5260578
2019-02-04,93.31271362304688,9532350
2019-02-05,91.20719146728516,5413425
2019-02-06,93.5998306274414,5075180
2019-02-07,94.365478515625,6080631
2019-02-08,91.97284698486328,4510762
2019-02-11,88.17652893066406,6424512
2019-02-12,87.697998046875,6816203
2019-02-14,84.31640625,25346334
2019-02-15,86.13481903076172,37975666
2019-02-18,87.47470092773438,10614715
2019-02-19,88.78266906738281,9077045
2019-02-20,91.9090347290039,14236359
2019-02-21,93.75933837890625,13876243
2019-02-22,94.81210327148438,18273813
2019-02-25,94.26976013183594,20216077
2019-02-26,94.11027526855469,12458860
2019-02-27,94.42927551269531,11868751
2019-02-28,98.3321304321289,48854712
2019-03-01,98.62983703613281,9764801
2019-03-05,102.53266906738281,11194669
2019-03-06,102.40038299560547,15648948
2019-03-07,100.58125305175781,30210637
2019-03-08,99.48978424072266,17986042
2019-03-11,101.20965576171875,15880368
2019-03-12,100.44892883300781,10818012
2019-03-13,99.05978393554688,21001041
2019-03-14,99.91975402832031,6328309
2019-03-15,103.1941909790039,15483879
2019-03-18,102.30113220214844,7575127
2019-03-19,103.8556900024414,18289779
2019-03-20,100.44892883300781,28675956
2019-03-22,100.77970123291016,26751005
2019-03-25,104.94712829589844,22638399
2019-03-26,106.54485321044922,16694599
2019-03-27,106.57811737060547,10063152
2019-03-28,103.78217315673828,25492224
2019-04-01,104.6808853149414,20605152
2019-04-02,104.84728240966797,10435568
2019-04-03,103.48262023925781,8283863
2019-04-04,103.34949493408203,10752094
2019-04-05,104.21490478515625,6797106
2019-04-08,105.24674224853516,13120469
2019-04-09,104.88058471679688,8487177
2019-04-10,105.18013763427734,9363447
2019-04-11,105.5795669555664,5279154
2019-04-12,104.91386413574219,5631030
2019-04-15,104.1483154296875,3902646
2019-04-16,106.81108856201172,8394765
2019-04-18,106.91096496582031,9606055
2019-04-22,105.11357116699219,5543020
2019-04-23,109.0079116821289,10137024
2019-04-24,112.26984405517578,33596281
2019-04-25,112.4029769897461,134264338
2019-04-26,112.10337829589844,8708111
2019-04-30,112.63595581054688,9844317
2019-05-02,112.43623352050781,22056708
2019-05-03,113.3349609375,12720120
2019-05-06,113.26835632324219,18962836
2019-05-07,114.30017852783203,9042790
2019-05-08,112.43623352050781,8603091
2019-05-09,112.76910400390625,6869953
2019-05-10,110.7054443359375,6195094
2019-05-13,109.24088287353516,7792358
2019-05-14,109.27417755126953,7268915
2019-05-15,108.34219360351562,5412275
2019-05-16,110.47240447998047,5197438
2019-05-17,111.40441131591797,5532072
2019-05-20,117.16267395019531,7103649
2019-05-21,116.3305892944336,7135887
2019-05-22,117.82840728759766,10347293
2019-05-23,115.93115997314453,9247879
2019-05-24,116.09757995605469,9263195
2019-05-27,115.59831237792969,7461458
2019-05-28,116.69670867919922,16628505
2019-05-29,114.20033264160156,7205487
2019-05-30,112.80236053466797,21945960
2019-05-31,114.46661376953125,17113729
2019-06-03,114.59977722167969,17756361
2019-06-04,113.56791687011719,8578302
2019-06-06,112.76910400390625,14152285
2019-06-07,111.50428771972656,5052519
2019-06-10,109.60704040527344,10866149
2019-06-11,112.66921997070312,11282418
2019-06-12,113.7343521118164,9478876
2019-06-13,112.46952819824219,6678516
2019-06-14,112.70252990722656,7153585
2019-06-17,109.44061279296875,4603627
2019-06-18,110.60559844970703,5808715
2019-06-19,111.40441131591797,4625698
2019-06-20,114.49989318847656,5793816
2019-06-21,113.80091857910156,11402911
2019-06-24,109.97315979003906,6585159
2019-06-25,110.63887023925781,6697367
2019-06-26,111.53756713867188,5978575
2019-06-27,113.56791687011719,36738164
2019-06-28,111.67069244384766,5325984
2019-07-01,107.17723083496094,15160240
2019-07-02,110.2727279663086,10975678
2019-07-03,110.7054443359375,8253849
2019-07-04,111.23797607421875,8827834
2019-07-05,107.51010131835938,14509056
2019-07-08,101.45223999023438,10273814
2019-07-09,102.117919921875,15033604
2019-07-10,100.95295715332031,5310646
2019-07-11,101.9182357788086,6576542
2019-07-12,99.65487670898438,13015538
2019-07-15,100.320556640625,8465078
2019-07-16,101.3523941040039,12865346
2019-07-17,99.78800201416016,8046201
2019-07-18,95.46095275878906,15971004
2019-07-19,95.79381561279297,25660025
2019-07-22,97.62447357177734,12077069
2019-07-23,96.25979614257812,5519598
2019-07-24,95.59412384033203,9202665
2019-07-25,95.76052856445312,28004780
2019-07-26,94.46241760253906,10055490
2019-07-29,93.43058013916016,19155260
2019-07-30,92.365478515625,11943745
2019-07-31,92.43206787109375,9857785
2019-08-01,91.1339340209961,9105690
2019-08-02,89.43640899658203,9912972
2019-08-05,87.40605163574219,9551686
2019-08-06,87.50587463378906,11765339
2019-08-07,86.87347412109375,13083927
2019-08-08,87.10648345947266,10164125
2019-08-09,87.17302703857422,8847432
2019-08-13,85.04280853271484,12944927
2019-08-14,84.44367218017578,14449993
2019-08-16,85.14264678955078,12017531
2019-08-19,84.07755279541016,5695238
2019-08-20,83.24541473388672,6214250
2019-08-21,80.68248748779297,9765538
2019-08-22,78.33805084228516,8867462
2019-08-23,81.88819122314453,10008179
2019-08-26,82.89297485351562,11056410
2019-08-27,84.13217163085938,18829260
2019-08-28,81.18486785888672,11763326
2019-08-29,82.55805206298828,30777971
2019-08-30,81.18486785888672,9910931
2019-09-03,78.47201538085938,8243808
2019-09-04,79.71121978759766,8873226
2019-09-05,83.83074951171875,32226347
2019-09-06,85.70631408691406,15759526
2019-09-09,86.67757415771484,9454697
2019-09-11,84.23265075683594,11398745
2019-09-12,84.33312225341797,8659474
2019-09-13,86.30917358398438,13251256
2019-09-16,87.5483627319336,18224041
2019-09-17,86.87853240966797,11879210
2019-09-18,85.06995391845703,12238136
2019-09-19,83.26138305664062,8680319
2019-09-20,89.49092864990234,30270009
2019-09-23,91.29948425292969,17685955
2019-09-24,89.42394256591797,16012272
2019-09-25,88.05074310302734,5824582
2019-09-26,91.80187225341797,19764328
2019-09-27,88.08425903320312,11359611
2019-09-30,88.28519439697266,11625597
2019-10-01,85.87377166748047,10259184
2019-10-03,85.80677032470703,7082143
2019-10-04,86.7780532836914,20137433
2019-10-07,84.7685317993164,9194007
2019-10-09,84.29964447021484,15309757
2019-10-10,84.06519317626953,6169256
2019-10-11,86.40963745117188,11840486
2019-10-14,90.59615325927734,19460416
2019-10-15,92.87360382080078,17145941
2019-10-16,94.88314056396484,15149481
2019-10-17,94.71566772460938,9372042
2019-10-18,96.12235260009766,17597233
2019-10-22,96.6247329711914,11582273
2019-10-23,95.05059051513672,7500868
2019-10-24,94.24678802490234,6919238
2019-10-25,93.47647857666016,6636201
2019-10-27,93.67742919921875,698557
2019-10-29,95.21806335449219,8236221
2019-10-30,94.14631652832031,7064774
2019-10-31,94.9166259765625,22281969
2019-11-01,96.55775451660156,8049866
2019-11-04,98.73471069335938,11733406
2019-11-05,98.03141021728516,7883507
2019-11-06,96.89265441894531,6207456
2019-11-07,95.15109252929688,7332352
2019-11-08,92.63919067382812,8252930
2019-11-11,93.17505645751953,7032172
2019-11-13,92.57217407226562,7969923
2019-11-14,91.23249816894531,8178628
2019-11-15,90.79712677001953,8390855
2019-11-18,89.69186401367188,6851414
2019-11-19,89.25647735595703,5821375
2019-11-20,89.55790710449219,7657346
2019-11-21,87.84979248046875,7946555
2019-11-22,89.65836334228516,6323556
2019-11-25,87.7158203125,11930938
2019-11-26,87.24695587158203,16115025
2019-11-27,88.85454559326172,5343104
2019-11-28,89.1894760131836,6663638
2019-11-29,88.251708984375,9434148
2019-12-02,85.80677032470703,15010167
2019-12-03,85.50535583496094,7809967
2019-12-04,87.11296844482422,5821599
2019-12-05,86.34266662597656,4185400
2019-12-06,84.7685317993164,5097809
2019-12-09,84.60105895996094,3841176
2019-12-10,83.86421966552734,6125011
2019-12-11,85.73979949951172,6878932
2019-12-12,84.33312225341797,9804404
2019-12-13,84.73503112792969,6663052
2019-12-16,84.13217163085938,6241723
2019-12-17,83.93123626708984,8062616
2019-12-18,83.79725646972656,6687482
2019-12-19,84.19915771484375,6223102
2019-12-20,83.83074951171875,8515990
2019-12-23,83.49583435058594,10466423
2019-12-24,84.40011596679688,9979742
2019-12-26,85.73979949951172,23164167
2019-12-27,86.00772857666016,8435235
2019-12-30,85.70631408691406,4023932
2019-12-31,86.27567291259766,5102473
2020-01-01,85.37138366699219,2574894
2020-01-02,85.77330780029297,4759843
2020-01-03,86.04122924804688,31381588
2020-01-06,84.56757354736328,14611204
2020-01-07,84.23265075683594,7193304
2020-01-08,82.6920166015625,6236192
2020-01-09,82.8594741821289,10135017
2020-01-10,83.1609115600586,6550218
2020-01-13,84.03170013427734,5737187
2020-01-14,83.76375579833984,12432511
2020-01-15,83.49583435058594,5714614
2020-01-16,83.39534759521484,7322878
2020-01-17,83.99821472167969,8561603
2020-01-20,82.3236083984375,16106541
2020-01-21,82.2231216430664,6497799
2020-01-22,77.96963500976562,23639592
2020-01-23,78.90742492675781,21105999
2020-01-24,79.27583312988281,11172364
2020-01-27,78.53899383544922,12078165
2020-01-28,78.10360717773438,11611352
2020-01-29,78.80693054199219,15562740
2020-01-30,77.43376159667969,21142714
2020-01-31,72.97930908203125,83360147
2020-02-03,69.295166015625,18445537
2020-02-04,71.10374450683594,16896688
2020-02-05,71.53913879394531,11348275
2020-02-06,71.84056091308594,10750236
2020-02-07,73.18025970458984,21415595
2020-02-10,71.1372299194336,32081049
2020-02-11,71.53913879394531,20946852
2020-02-12,71.47216033935547,13053367
2020-02-13,70.56788635253906,17702073
2020-02-14,69.1947021484375,26644685
2020-02-17,66.95071411132812,36666416
2020-02-18,66.51531982421875,35575369
2020-02-19,68.1229476928711,21806183
2020-02-20,68.85977935791016,28378025
2020-02-24,65.67802429199219,20167769
2020-02-25,65.34309387207031,18255196
2020-02-26,64.1708755493164,16192058
2020-02-27,62.52976608276367,29616674
2020-02-28,61.59199523925781,30416954
2020-03-02,59.68292999267578,24442896
2020-03-03,62.52976608276367,24098468
2020-03-04,62.16135787963867,22998427
2020-03-05,62.027381896972656,16357817
2020-03-06,59.281036376953125,17823038
2020-03-09,49.93673324584961,86655504
2020-03-11,48.027679443359375,63562895
2020-03-12,41.865142822265625,76137223
2020-03-13,44.14259719848633,73051747
2020-03-16,40.291011810302734,49829392
2020-03-17,40.19053268432617,46722476
2020-03-18,45.649742126464844,178094829
2020-03-19,40.893863677978516,61258526
2020-03-20,48.46308135986328,128780492
2020-03-23,43.46206283569336,36058875
2020-03-24,44.973167419433594,38808651
2020-03-25,44.289573669433594,28639475
2020-03-26,46.592193603515625,46474588
2020-03-27,46.3763313293457,33298637
2020-03-30,45.58479690551758,32929981
2020-03-31,49.14666748046875,45891607
2020-04-01,47.311771392822266,21883386
2020-04-03,50.262001037597656,39757833
2020-04-07,52.45669937133789,30982061
2020-04-08,53.5720329284668,30555738
2020-04-09,55.6228141784668,19209747
2020-04-13,54.00377655029297,22311833
2020-04-15,53.50006866455078,22311032
2020-04-16,54.291595458984375,24473640
2020-04-17,54.90324020385742,14561017
2020-04-20,53.24822235107422,15698459
2020-04-21,49.9022216796875,27607022
2020-04-22,47.0239372253418,73840707
2020-04-23,48.463077545166016,38207377
2020-04-24,48.642967224121094,31588097
2020-04-27,49.254608154296875,16723889
2020-04-28,49.794281005859375,20422626
2020-04-29,50.729732513427734,18023637
2020-04-30,57.49370193481445,54290691
2020-05-04,55.08313751220703,28640967
2020-05-05,56.450313568115234,61865481
2020-05-06,57.02597427368164,38948167
2020-05-07,54.3995361328125,20794229
2020-05-08,54.68735885620117,18523649
2020-05-11,55.44291305541992,15701754
2020-05-12,54.90324020385742,14186736
2020-05-13,56.270423889160156,20493531
2020-05-14,54.79530334472656,13344652
2020-05-15,54.79530334472656,16835999
2020-05-18,52.45669937133789,13014456
2020-05-19,55.51487350463867,42315983
2020-05-20,56.12651443481445,12969847
2020-05-21,55.40693283081055,17999828
2020-05-22,54.79530334472656,12443419
2020-05-26,55.40693283081055,11837966
2020-05-27,56.09052658081055,11655865
2020-05-28,56.73814392089844,18645811
2020-05-29,59.86826705932617,40559441
2020-06-01,60.407955169677734,25047349
2020-06-02,60.65979766845703,15367928
2020-06-03,62.09895706176758,23936651
2020-06-04,61.091552734375,15120972
2020-06-05,62.5666618347168,18202925
2020-06-08,65.4449462890625,32511374
2020-06-09,64.7613525390625,16702413
2020-06-10,63.50211715698242,17382514
2020-06-11,62.53068542480469,14275999
2020-06-12,60.371978759765625,20601082
2020-06-15,60.515892028808594,17274210
2020-06-16,60.371978759765625,13467530
2020-06-17,60.587833404541016,15440371
2020-06-18,60.15609359741211,18460298
2020-06-19,61.70317840576172,21920473
2020-06-22,61.05556106567383,19227535
2020-06-23,61.6312255859375,23440997
2020-06-24,59.796321868896484,33080229
2020-06-25,58.716957092285156,121277435
2020-06-26,60.551883697509766,23684852
2020-06-29,59.29262924194336,14299071
2020-06-30,58.537071228027344,25762293
2020-07-01,57.889461517333984,35344784
2020-07-02,58.8968620300293,35154027
2020-07-03,59.29262924194336,16786174
2020-07-06,60.2640495300293,17510294
2020-07-07,58.96881103515625,20123433
2020-07-08,58.5010986328125,18626174
2020-07-09,57.70956039428711,17348038
2020-07-10,56.52226638793945,17773167
2020-07-13,56.77412414550781,9360631
2020-07-14,55.658790588378906,9303879
2020-07-15,54.86726379394531,14377090
2020-07-16,54.79530334472656,10604062
2020-07-17,57.81749725341797,24934060
2020-07-20,57.78152084350586,15570346
2020-07-21,59.32859802246094,20976092
2020-07-22,59.4365234375,17882873
2020-07-23,59.47251510620117,14673501
2020-07-24,58.28522491455078,10000280
2020-07-27,58.141300201416016,8510736
2020-07-28,57.49370193481445,10616766
2020-07-29,57.20586013793945,9905015
2020-07-30,55.9106330871582,9668266
2020-07-31,56.34238052368164,10963756
2020-08-03,54.61541748046875,11874183
2020-08-04,54.75931930541992,13360346
2020-08-05,55.370967864990234,9077292
2020-08-06,56.16248321533203,26386380
2020-08-07,56.594234466552734,11786462
2020-08-10,56.8820686340332,7067852
2020-08-11,56.450313568115234,10835360
2020-08-12,56.198463439941406,10481019
2020-08-13,56.55824661254883,7316635
2020-08-14,55.47889709472656,11635634
2020-08-17,57.06194305419922,13610411
2020-08-18,58.03337478637695,28329507
2020-08-19,57.24184036254883,12081197
2020-08-20,59.11272430419922,37457277
2020-08-21,58.32120132446289,17027574
2020-08-24,58.465110778808594,9797861
2020-08-25,57.92543411254883,22479622
2020-08-26,58.57304763793945,15967425
2020-08-27,57.67357635498047,16308382
2020-08-28,57.81749725341797,14666431
2020-08-31,58.96881103515625,93192019
2020-09-01,57.097930908203125,38005204
2020-09-02,57.78152084350586,31151170
2020-09-03,56.8820686340332,19975929
2020-09-04,56.05454635620117,12855650
2020-09-07,55.011173248291016,16573385
2020-09-08,53.5720329284668,17905003
2020-09-09,52.312782287597656,28166106
2020-09-10,52.99637985229492,18646363
2020-09-11,52.7445182800293,11510019
2020-09-14,52.99637985229492,11989916
2020-09-15,53.10431671142578,8883202
2020-09-16,52.56464385986328,10284798
2020-09-17,52.63658905029297,16070680
2020-09-18,53.4640998840332,25690567
2020-09-21,51.19744873046875,13686080
2020-09-22,50.010162353515625,18042069
2020-09-23,48.678955078125,17014238
2020-09-24,47.95937728881836,32950752
2020-09-25,49.57841491699219,20235576
2020-09-28,51.70115661621094,28336496
2020-09-29,49.75831604003906,20797874
2020-09-30,49.830265045166016,20069170
2020-10-01,49.75831604003906,20869186
2020-10-05,49.794281005859375,12608039
2020-10-06,49.9022216796875,10028285
2020-10-07,50.729732513427734,50074263
2020-10-08,49.254608154296875,21348017
2020-10-09,50.58580780029297,25747313
2020-10-12,49.75831604003906,10564850
2020-10-13,49.72232437133789,9070661
2020-10-14,48.21123504638672,24825690
2020-10-15,47.52763748168945,17333956
2020-10-16,48.39112854003906,18590744
2020-10-19,49.86623764038086,25987617
2020-10-20,48.499061584472656,18530340
2020-10-21,48.786888122558594,19589424
2020-10-22,49.54243087768555,26354156
2020-10-23,49.6503791809082,13177360
2020-10-26,49.0747184753418,14224945
2020-10-27,48.10329818725586,17088331
2020-10-28,47.743507385253906,15025477
2020-10-29,46.34034729003906,29901005
2020-10-30,46.70013427734375,25849220
2020-11-02,47.27578353881836,12847852
2020-11-03,47.707542419433594,10809489
2020-11-04,47.81547164916992,12479581
2020-11-05,48.642967224121094,17947631
2020-11-06,48.93080139160156,10496588
2020-11-09,49.254608154296875,8473527
2020-11-10,50.909629821777344,33795453
2020-11-11,52.060935974121094,23531793
2020-11-12,51.48527526855469,16446681
2020-11-13,51.917022705078125,16264536
2020-11-14,52.27680969238281,5387569
2020-11-17,51.305389404296875,18852045
2020-11-18,51.77309799194336,14032869
2020-11-19,51.917022705078125,27903903
2020-11-20,51.55723190307617,14790440
2020-11-23,55.04714584350586,44111534
2020-11-24,54.75931930541992,31379070
2020-11-25,58.141300201416016,87040163
2020-11-26,57.70956039428711,30469713
2020-11-27,56.48630142211914,44245938
2020-12-01,58.68098831176758,42923229
2020-12-02,61.05556106567383,52652362
2020-12-03,63.825923919677734,53618786
2020-12-04,64.65341186523438,44126894
2020-12-07,65.87669372558594,46638129
2020-12-08,65.30103302001953,34326971
2020-12-09,65.62483215332031,25763702
2020-12-10,65.94863891601562,25329334
2020-12-11,69.65442657470703,146821189
2020-12-14,73.03642272949219,75021883
2020-12-15,72.28087615966797,33553433
2020-12-16,74.0438003540039,34618175
2020-12-17,73.03642272949219,41881430
2020-12-18,71.23749542236328,36480527
2020-12-21,64.65341186523438,58724337
2020-12-22,65.15711975097656,58602960
2020-12-23,65.33702087402344,29216106
2020-12-24,67.02799987792969,46351620
2020-12-28,67.4957275390625,17759262
2020-12-29,67.02799987792969,17678810
2020-12-30,67.09996795654297,15960705
2020-12-31,66.95604705810547,43701316
2021-01-01,67.06398010253906,15130377
2021-01-04,69.76236724853516,39545073
2021-01-05,68.3232192993164,26998014
2021-01-06,69.76236724853516,50306161
2021-01-07,70.44596099853516,25285200
2021-01-08,72.4247817993164,36022114
2021-01-11,73.7919692993164,36301647
2021-01-12,74.4395751953125,28353142
2021-01-13,75.73480224609375,42401579
2021-01-14,75.59088897705078,24455634
2021-01-15,72.96446228027344,28185982
2021-01-18,69.54649353027344,33623461
2021-01-19,70.58987426757812,26085121
2021-01-20,71.12956237792969,18486566
2021-01-21,68.1433334350586,26939349
2021-01-22,66.74018096923828,27311961
2021-01-25,65.73278045654297,28522112
2021-01-27,64.54548645019531,34022621
2021-01-28,65.22908782958984,26810222
2021-01-29,63.538082122802734,33858273
2021-02-01,65.37298583984375,24228098
2021-02-02,66.81212615966797,22141489
2021-02-03,67.17191314697266,25912911
2021-02-04,70.26607513427734,49670027
2021-02-05,70.26607513427734,30514219
2021-02-08,71.70521545410156,29096831
2021-02-09,72.6766357421875,39638657
2021-02-10,71.95706176757812,21467230
2021-02-11,71.56129455566406,11287104
2021-02-12,69.79835510253906,18187705
2021-02-15,70.84173583984375,26118576
2021-02-16,74.65544128417969,76236798
2021-02-17,74.83843231201172,21014091
2021-02-18,81.02313232421875,110000964
2021-02-19,76.92439270019531,48225988
2021-02-22,77.80268859863281,36592043
2021-02-23,82.12100219726562,90860972
2021-02-24,83.14566802978516,26071364
2021-02-25,87.13461303710938,62038881
2021-02-26,81.2426986694336,55154985
2021-03-01,85.67078399658203,41672980
2021-03-02,83.07247924804688,36303917
2021-03-03,83.43843841552734,19434630
2021-03-04,82.48694610595703,38272786
2021-03-05,84.1337661743164,57756103
2021-03-08,86.5490951538086,63866178
2021-03-09,85.45122528076172,26817643
2021-03-10,83.73121643066406,23841269
2021-03-12,84.20696258544922,20691698
2021-03-15,83.69461822509766,19679802
2021-03-16,84.24354553222656,20680669
2021-03-17,80.03504180908203,31017863
2021-03-18,80.65715789794922,26710696
2021-03-19,80.87673950195312,50386785
2021-03-22,80.21800231933594,15825065
2021-03-23,78.4248275756836,15815643
2021-03-24,76.704833984375,31083656
2021-03-25,74.65544128417969,37295495
2021-03-26,74.9482192993164,26637085
2021-03-30,75.75332641601562,31843017
2021-03-31,74.76524353027344,19587582
2021-04-01,76.37545013427734,22299747
2021-04-05,75.71672058105469,24878516
2021-04-06,76.08268737792969,15156974
2021-04-07,76.59501647949219,10330347
2021-04-08,75.8265151977539,26105970
2021-04-09,75.972900390625,17645822
2021-04-12,71.76437377929688,27005598
2021-04-13,74.69204711914062,25505623
2021-04-15,76.92439270019531,28659714
2021-04-16,78.53461456298828,21627285
2021-04-19,75.42396545410156,19166492
2021-04-20,75.2775650024414,23082015
2021-04-22,75.46056365966797,14844968
2021-04-23,74.9482192993164,12790334
2021-04-26,75.24099731445312,11797791
2021-04-27,75.53375244140625,8886250
2021-04-28,76.04608917236328,6887787
2021-04-29,76.15587615966797,14990087
2021-04-30,79.15673065185547,81358264
2021-05-03,78.82737731933594,33975507
2021-05-04,80.2546157836914,30811922
2021-05-05,81.3158950805664,47588366
2021-05-06,80.69376373291016,26083818
2021-05-07,81.57205963134766,28016564
2021-05-10,83.3652572631836,33477142
2021-05-11,86.43930053710938,48355326
2021-05-12,84.24354553222656,49718697
2021-05-14,82.66993713378906,23626454
2021-05-17,83.62142181396484,19960145
2021-05-18,84.97547149658203,29395737
2021-05-19,84.09716033935547,25295575
2021-05-20,81.8282470703125,21131045
2021-05-21,82.52354431152344,20562816
2021-05-24,82.74312591552734,24785960
2021-05-25,83.87759399414062,25820379
2021-05-26,82.96269989013672,12045621
2021-05-27,81.86483001708984,22821449
2021-05-28,82.23078155517578,19331994
2021-05-31,83.1822738647461,16430926
2021-06-01,86.07334899902344,51620011
2021-06-02,86.18313598632812,27162991
2021-06-03,89.65973663330078,64241347
2021-06-04,91.81887817382812,72354379
2021-06-07,91.59931182861328,28709907
2021-06-08,91.3431396484375,15261479
2021-06-09,90.7942123413086,29718157
2021-06-10,90.72100830078125,12245640
2021-06-11,90.42825317382812,18360366
2021-06-14,91.3431396484375,19547491
2021-06-15,91.74569702148438,32779493
2021-06-16,92.7337875366211,31654780
2021-06-17,91.56270599365234,18124616
2021-06-18,88.01292419433594,87912730
2021-06-21,88.52526092529297,15669821
2021-06-22,89.33036804199219,23629008
2021-06-23,90.28186798095703,21978870
2021-06-24,89.29376983642578,24358397
2021-06-25,88.48867797851562,34557609
2021-06-28,89.5499267578125,23728169
2021-06-29,87.39079284667969,20857415
2021-06-30,86.14653015136719,19094044
2021-07-01,86.98823547363281,16012542
2021-07-02,86.69547271728516,20014124
2021-07-05,88.52526092529297,12050022
2021-07-06,88.92782592773438,30193164
2021-07-07,87.75674438476562,18479814
2021-07-08,85.67078399658203,17151883
2021-07-09,86.29290771484375,11240925
2021-07-12,86.76866912841797,8420962
2021-07-13,88.1227035522461,8580799
2021-07-14,88.41547393798828,12709481
2021-07-15,85.56099700927734,28589465
2021-07-16,85.4878158569336,19691248
2021-07-19,83.87759399414062,14395883
2021-07-20,82.41378021240234,18634406
2021-07-22,84.53632354736328,11710140
2021-07-23,84.38992309570312,7841690
2021-07-26,83.84101104736328,8149770
2021-07-27,83.91417694091797,9704729
2021-07-28,83.69461822509766,11020097
2021-07-29,83.98739624023438,14142749
2021-07-30,84.38992309570312,12236156
2021-08-02,85.70738983154297,10895726
2021-08-03,86.29290771484375,15163353
2021-08-04,85.89036560058594,14304543
2021-08-05,85.52440643310547,11033147
2021-08-06,85.37802124023438,6606584
2021-08-09,84.17036437988281,8294214
2021-08-10,84.0605697631836,14300982
2021-08-11,85.63420104980469,11308648
2021-08-12,85.08525848388672,13519139
2021-08-13,84.97547149658203,10342014
2021-08-16,84.53632354736328,14771886
2021-08-17,83.32865905761719,16025745
2021-08-18,82.85291290283203,10074307
2021-08-20,80.65715789794922,23878081
2021-08-23,81.79163360595703,16886027
2021-08-24,82.85291290283203,17368602
2021-08-25,84.64610290527344,18637317
2021-08-26,84.57290649414062,8779246
2021-08-27,85.37802124023438,9706825
2021-08-30,87.93972778320312,15933414
2021-08-31,88.23249053955078,13376290
2021-09-01,87.61036682128906,10964080
2021-09-02,86.84185791015625,13031666
2021-09-03,90.09886932373047,21326802
2021-09-06,89.03761291503906,12505630
2021-09-07,87.79335021972656,8530847
2021-09-08,88.42522430419922,7801721
2021-09-09,90.80404663085938,27242637
2021-09-13,91.47310638427734,9921031
2021-09-14,92.14214324951172,16593684
2021-09-15,95.48734283447266,42437332
2021-09-16,95.6731948852539,22431820
2021-09-17,94.96698760986328,25968166
2021-09-20,95.52450561523438,29857432
2021-09-21,100.50518035888672,51537119
2021-09-22,99.3529281616211,16424387
2021-09-23,102.40081024169922,18688982
2021-09-24,101.17420959472656,33667173
2021-09-27,104.07339477539062,34196564
2021-09-28,105.7088394165039,46109879
2021-09-29,107.60444641113281,68003697
2021-09-30,107.41860961914062,26714630
2021-10-01,108.71954345703125,42893182
2021-10-04,109.72311401367188,16099471
2021-10-05,121.65438079833984,131238378
2021-10-06,124.9624252319336,101221817
2021-10-07,119.23839569091797,59769140
2021-10-08,119.6472396850586,30561341
2021-10-11,122.65792846679688,18143592
2021-10-12,121.5800552368164,11619888
2021-10-13,118.94102478027344,16690451
2021-10-14,118.23482513427734,14821875
2021-10-18,120.50214385986328,22899876
2021-10-19,117.90029907226562,10331930
2021-10-20,115.1497802734375,17118996
2021-10-21,115.22413635253906,31555789
2021-10-22,116.7480697631836,27317028
2021-10-25,119.98175811767578,34568006
2021-10-26,121.24549102783203,33022684
2021-10-27,117.37993621826172,21652522
2021-10-28,111.65589141845703,24815027
2021-10-29,110.80101013183594,18736450
2021-11-01,113.84889221191406,11444653
2021-11-02,113.70018005371094,20609479
2021-11-03,112.99398803710938,11591857
2021-11-04,113.0311508178711,1114216
2021-11-08,115.1497802734375,16568525
2021-11-09,116.4507064819336,13601954
2021-11-10,117.23126220703125,13900618
2021-11-11,114.10905456542969,14158749
2021-11-12,114.96393585205078,10552485
2021-11-15,117.30561065673828,45750584
2021-11-16,116.82240295410156,12956283
2021-11-17,117.00823974609375,11420415
2021-11-18,114.70377349853516,18351511
2021-11-22,112.96932983398438,21558590
2021-11-23,113.08494567871094,21216047
2021-11-24,118.28826904296875,36294271
2021-11-25,119.56016540527344,11554142
2021-11-26,113.393310546875,23135841
2021-11-29,111.08072662353516,18736522
2021-11-30,109.53901672363281,22980651
2021-12-01,109.65463256835938,14278744
2021-12-02,111.00363159179688,8561767
2021-12-03,112.46825408935547,10690334
2021-12-06,110.50257873535156,7749262
2021-12-07,112.46825408935547,10253663
2021-12-08,114.3954086303711,12266948
2021-12-09,113.58600616455078,7989291
2021-12-10,113.74017333984375,10324085
2021-12-13,112.50677490234375,13595587
2021-12-14,113.23912811279297,12331999
2021-12-15,110.96507263183594,10361033
2021-12-16,112.04429626464844,12156709
2021-12-17,107.45768737792969,17667617
2021-12-20,103.2950439453125,17238729
2021-12-21,104.87531280517578,8615570
2021-12-22,105.45345306396484,4968143
2021-12-23,108.30561828613281,6324169
2021-12-24,106.76392364501953,5657495
2021-12-27,105.87743377685547,4404298
2021-12-28,107.53478240966797,8738089
2021-12-29,107.07223510742188,6571286
2021-12-30,108.30561828613281,11556524
2021-12-31,109.77025604248047,6393760
2022-01-03,110.27131652832031,3765911
2022-01-04,113.93290710449219,16351836
2022-01-05,115.8985824584961,12977680
2022-01-06,116.24547576904297,9012777
2022-01-07,121.06336212158203,30889365
2022-01-10,122.06546020507812,16418985
2022-01-11,124.06968688964844,14457548
2022-01-12,127.15312957763672,21220614
2022-01-13,126.38227844238281,7445346
2022-01-14,124.14678192138672,11646259
2022-01-17,127.84686279296875,32577835
2022-01-18,126.30519104003906,11175409
2022-01-19,131.23866271972656,36648534
2022-01-20,128.61776733398438,14474454
2022-01-21,126.1510009765625,8625926
2022-01-24,127.73125457763672,28783449
2022-01-25,127.30728912353516,14249846
2022-01-27,127.73125457763672,25936832
2022-01-28,130.1209259033203,32790065
2022-01-31,133.0501708984375,24031034
2022-02-01,131.77825927734375,14220953
2022-02-02,132.04808044433594,12478192
2022-02-03,129.11880493164062,12529302
2022-02-04,130.73760986328125,17434362
2022-02-07,132.66477966308594,11723574
2022-02-08,128.69482421875,13231599
2022-02-09,126.38227844238281,17938632
2022-02-10,130.35218811035156,26763203
2022-02-11,129.61984252929688,12884995
2022-02-14,128.11668395996094,44604164
2022-02-15,126.53641510009766,31146458
2022-02-16,129.9281768798828,15960268
2022-02-17,132.3949432373047,24640791
2022-02-18,129.4271240234375,11829998
2022-02-21,127.28497314453125,14222260
2022-02-22,128.4923858642578,29399172
2022-02-23,125.22068786621094,21301826
2022-02-24,122.02688598632812,28766189
2022-02-25,124.24696350097656,20225258
2022-02-28,125.14277648925781,20210070
2022-03-02,126.93441009521484,41103406
2022-03-03,132.65992736816406,42345653
2022-03-04,128.72605895996094,32658756
2022-03-07,145.6298828125,132538155
2022-03-08,139.514892578125,73127816
2022-03-09,136.63272094726562,51977091
2022-03-10,135.81478881835938,62112814
2022-03-11,136.8663787841797,26187452
2022-03-14,133.828369140625,20214021
2022-03-15,127.55758666992188,42333127
2022-03-16,130.322998046875,25545119
2022-03-17,132.65992736816406,66314748
2022-03-21,134.41261291503906,20614652
2022-03-22,136.67166137695312,39742745
2022-03-23,136.7884979248047,10994784
2022-03-24,138.22958374023438,20332589
2022-03-25,136.94427490234375,13608989
2022-03-28,137.3727264404297,15253027
2022-03-29,133.20518493652344,14210783
2022-03-30,126.19438934326172,95239532
2022-03-31,127.6744384765625,33523683
2022-04-01,130.8292999267578,28335224
2022-04-04,130.90719604492188,17745513
2022-04-05,133.86734008789062,20054934
2022-04-06,134.6073455810547,12969222
2022-04-07,131.53041076660156,24550313
2022-04-08,133.12728881835938,9529874
2022-04-11,133.36097717285156,9724979
2022-04-12,131.5693359375,13184429
2022-04-13,135.73687744140625,23458303
2022-04-18,136.94427490234375,23916912
2022-04-19,137.9958953857422,17880666
2022-04-20,136.71060180664062,10076403
2022-04-21,135.65896606445312,12246720
2022-04-22,135.54214477539062,10267952
2022-04-25,132.15357971191406,12583497
2022-04-26,130.05032348632812,20086229
2022-04-27,128.41448974609375,13981957
2022-04-28,128.37554931640625,13030499
2022-04-29,124.98696899414062,15964743
2022-05-02,121.79316711425781,23405519
2022-05-04,126.38912963867188,23661920
2022-05-05,128.41448974609375,26878516
2022-05-06,130.05032348632812,16768573
2022-05-09,128.3365936279297,9952775
2022-05-10,120.31311798095703,22602956
2022-05-11,123.54588317871094,15084514
2022-05-12,121.91002655029297,21459069
2022-05-13,119.61203002929688,12934346
2022-05-16,119.5730972290039,13205775
2022-05-17,127.09021759033203,17843200
2022-05-18,127.129150390625,12616832
2022-05-19,124.63644409179688,8932407
2022-05-20,126.11650085449219,7235654
2022-05-23,120.8194580078125,18029557
2022-05-24,117.35298156738281,19141394
2022-05-25,118.87202453613281,19366472
2022-05-26,118.32672119140625,12824105
2022-05-27,112.01699829101562,52469252
2022-05-30,112.21175384521484,40261336
2022-05-31,117.82039642333984,57675204
2022-06-01,116.65193176269531,22780094
2022-06-02,118.7551498413086,25429955
2022-06-03,118.09303283691406,16747177
2022-06-06,119.92361450195312,30327268
2022-06-07,126.07756042480469,61411715
2022-06-08,127.28497314453125,45994327
2022-06-09,128.95977783203125,31122996
2022-06-10,128.25865173339844,17812698
2022-06-13,124.28591918945312,12237777
2022-06-14,121.48158264160156,12844437
2022-06-15,117.93721008300781,16223385
2022-06-16,111.82225799560547,25130676
2022-06-17,110.18640899658203,22922034
2022-06-20,104.6946029663086,28656582
2022-06-21,108.35580444335938,20581784
2022-06-22,105.04515838623047,31824106
2022-06-23,105.00619506835938,26829020
2022-06-24,106.99260711669922,25461812
2022-06-27,110.225341796875,24188349
2022-06-28,116.34034729003906,54387675
2022-06-29,120.07942962646484,165860322
2022-06-30,118.05406951904297,38725546
2022-07-01,102.08504486083984,125788305
2022-07-04,98.15119171142578,85993413
2022-07-05,99.24177551269531,44595740
2022-07-06,94.21736145019531,59092334
2022-07-07,96.2037582397461,36229792
2022-07-08,94.64579010009766,42778692
2022-07-11,97.76171112060547,31521678
2022-07-12,96.67115020751953,25216226
2022-07-13,96.94377899169922,27166975
2022-07-14,99.04702758789062,38464081
2022-07-15,98.57963562011719,18088858
2022-07-18,101.18921661376953,21010247
2022-07-19,99.63125610351562,33778758
2022-07-20,103.2535171508789,60317150
2022-07-21,103.68193817138672,20853780
2022-07-22,103.17559051513672,11630255
2022-07-25,101.111328125,21705935
2022-07-26,99.86495208740234,22172845
2022-07-27,100.17654418945312,20187969
2022-07-28,101.46184539794922,25736737
2022-07-29,104.49986267089844,19738642
2022-08-01,107.81053161621094,20592826
2022-08-02,106.48625946044922,15037928
2022-08-03,105.6683349609375,15853543
2022-08-04,106.13572692871094,14311959
2022-08-05,106.33045959472656,66480753
2022-08-08,106.33045959472656,12451233
2022-08-10,104.22722625732422,15829467
2022-08-11,103.44824981689453,19479706
2022-08-12,108.43370819091797,40876891
2022-08-16,109.01793670654297,31230003
2022-08-17,108.78423309326172,15694770
2022-08-18,108.10635375976562,42597708
2022-08-19,107.34868621826172,35382493
2022-08-22,105.19532775878906,31231393
2022-08-23,106.67076110839844,24268146
2022-08-24,108.4652328491211,22730039
2022-08-25,108.90386962890625,14620592
2022-08-26,108.98362731933594,12105053
2022-08-29,108.3854751586914,9198908
2022-08-30,110.5388412475586,21720398
2022-09-01,107.42841339111328,20349294
2022-09-02,105.87323760986328,17495310
2022-09-05,106.3916244506836,14865879
2022-09-06,105.3548355102539,10870488
2022-09-07,105.6738510131836,12042788
2022-09-08,105.15543365478516,14629497
2022-09-09,106.8701400756836,12327341
2022-09-12,106.8701400756836,13500202
2022-09-13,106.79039764404297,10846178
2022-09-14,106.23210906982422,8597956
2022-09-15,105.75359344482422,10810473
2022-09-16,104.67692565917969,20909579
2022-09-19,104.11865997314453,19411428
2022-09-20,106.23210906982422,13080582
2022-09-21,104.39777374267578,11156865
2022-09-22,102.60331726074219,11366882
2022-09-23,102.5634536743164,10407849
2022-09-26,98.45611572265625,12848954
2022-09-27,99.25365447998047,14465123
2022-09-28,97.73832702636719,15267018
2022-09-29,101.00823974609375,20597761
2022-09-30,101.12786102294922,33530494
2022-10-03,105.59407043457031,50966493
2022-10-04,106.79039764404297,14137567
2022-10-06,105.79344940185547,14570735
2022-10-07,106.9100341796875,13532236
2022-10-10,106.2719955444336,10183057
2022-10-11,104.55728912353516,13176461
2022-10-12,104.75666809082031,9401804
2022-10-13,103.56036376953125,13320136
2022-10-14,101.76591491699219,13205955
2022-10-17,101.9254150390625,9320940
2022-10-18,102.64319610595703,6490293
2022-10-19,101.9254150390625,7381712
2022-10-20,103.36100006103516,18748363
2022-10-21,104.91619110107422,11945173
2022-10-24,105.91310119628906,2154912
2022-10-25,104.27814483642578,10232002
2022-10-27,105.11557006835938,13865026
2022-10-28,106.63090515136719,22918037
2022-10-31,106.9100341796875,8753855
2022-11-01,107.78731536865234,11630848
2022-11-02,108.8241195678711,21117499
2022-11-03,108.78423309326172,7561534
2022-11-04,109.940673828125,7498344
2022-11-07,110.49895477294922,9987481
2022-11-09,110.57869720458984,12033732
2022-11-10,111.5357437133789,15908521
2022-11-11,112.01427459716797,18492513
2022-11-14,111.0572280883789,12743505
2022-11-15,113.52958679199219,24636519
2022-11-16,113.96825408935547,11460200
2022-11-17,114.2074966430664,13368536
2022-11-18,113.05107879638672,19958908
2022-11-21,113.42790222167969,16348881
2022-11-22,113.21855926513672,11198874
2022-11-23,114.30718994140625,9010911
2022-11-24,116.77755737304688,11803087
2022-11-25,117.69873046875,9789098
2022-11-28,116.9031982421875,8925344
2022-11-29,117.44750213623047,13558920
2022-11-30,118.15930938720703,17720938
2022-12-01,117.28001403808594,27727625
2022-12-02,117.9917984008789,24518337
2022-12-05,120.37844848632812,18440387
2022-12-06,119.28983306884766,10977472
2022-12-07,117.78245544433594,9731670
2022-12-08,119.45729064941406,10150945
2022-12-09,117.82434844970703,9438307
2022-12-12,119.20606994628906,8946335
2022-12-13,120.88091278076172,12593054
2022-12-14,123.6025161743164,17692988
2022-12-15,123.47689819335938,11426194
2022-12-16,123.26754760742188,20540447
2022-12-19,122.09517669677734,10635055
2022-12-20,122.13704681396484,6714207
2022-12-21,120.16910552978516,10011408
2022-12-22,119.1223373413086,9123323
2022-12-23,117.07066345214844,8007752
2022-12-26,118.3267822265625,7150680
2022-12-27,121.25775146484375,8765357
2022-12-28,120.50407409667969,9534858
2022-12-29,121.13214111328125,36752195
2022-12-30,122.89070129394531,9644998
2023-01-02,125.98914337158203,9631496
2023-01-03,125.2354736328125,14991139
2023-01-04,122.47199249267578,13535874
2023-01-05,122.68135833740234,16320559
2023-01-06,123.39315795898438,16804116
2023-01-09,124.06307983398438,18660445
2023-01-10,125.0679931640625,18490715
2023-01-11,122.93258666992188,12538238
2023-01-12,122.38824462890625,13270422
2023-01-13,123.05818176269531,8854484
2023-01-16,123.6025161743164,9696320
2023-01-17,123.81185913085938,18484595
2023-01-18,124.98423767089844,12139643
2023-01-19,127.07777404785156,18437610
2023-01-20,126.9521713256836,17512691
2023-01-23,127.58023071289062,16742252
2023-01-24,127.41275024414062,8276792
2023-01-25,127.66395568847656,9827342
2023-01-27,123.64436340332031,13052535
2023-01-30,121.34146881103516,12688399
2023-01-31,121.34146881103516,19050398
2023-02-01,120.79715728759766,11526089
2023-02-02,120.12724304199219,11886667
2023-02-03,120.83905792236328,9250428
2023-02-06,120.16910552978516,6436143
2023-02-07,121.13214111328125,8681511
2023-02-08,120.50407409667969,10325869
2023-02-09,122.43012237548828,8078404
2023-02-10,122.84883117675781,6396208
2023-02-13,124.06307983398438,6563018
2023-02-14,124.31430053710938,6991500
2023-02-15,123.51876831054688,12631259
2023-02-16,130.55303955078125,30949761
2023-02-17,131.13922119140625,19874561
2023-02-20,129.6737823486328,8348393
2023-02-21,129.04571533203125,7599927
2023-02-22,128.62701416015625,9599697
2023-02-23,129.50628662109375,18675946
2023-02-24,133.24574279785156,14648507
2023-02-27,133.4606475830078,11904749
2023-02-28,130.7097930908203,17607584
2023-03-01,133.0738525390625,7707977
2023-03-02,132.42909240722656,8219892
2023-03-03,132.60101318359375,8260104
2023-03-06,135.99664306640625,14491522
2023-03-08,136.03964233398438,7339476
2023-03-09,134.36329650878906,5314022
2023-03-10,133.93348693847656,4689681
2023-03-13,133.93348693847656,8785721
2023-03-14,131.7843475341797,7177342
2023-03-15,131.13963317871094,9832270
2023-03-16,130.83872985839844,18551936
2023-03-17,131.65541076660156,16593429
2023-03-20,130.92469787597656,8749355
2023-03-21,130.27996826171875,6148489
2023-03-22,130.27996826171875,4329409
2023-03-23,131.3545379638672,4484564
2023-03-24,128.4317169189453,8301726
2023-03-27,129.1624298095703,7437261
2023-03-28,126.5405044555664,8964539
2023-03-29,128.38873291015625,24012834
2023-03-31,129.85015869140625,7998472
2023-04-03,132.08523559570312,20016785
2023-04-05,131.4405059814453,15880397
2023-04-06,129.4633026123047,10670936
2023-04-10,135.09400939941406,17431401
2023-04-11,136.72735595703125,13305621
2023-04-12,135.52383422851562,7333339
2023-04-13,136.4694366455078,11610851
2023-04-17,137.67294311523438,9358885
2023-04-18,137.6300048828125,8008560
2023-04-19,137.6300048828125,11374283
2023-04-20,136.8133087158203,5733670
2023-04-21,137.2001495361328,3512214
2023-04-24,137.7589111328125,7028440
2023-04-25,138.10276794433594,10169778
2023-04-26,138.53260803222656,9177783
2023-04-27,137.58700561523438,6456825
2023-04-28,136.641357421875,12656744
2023-05-02,141.19752502441406,16612560
2023-05-03,138.53260803222656,8029435
2023-05-04,138.40367126464844,9929482
2023-05-05,137.8019256591797,5488707
2023-05-08,141.84226989746094,9699470
2023-05-09,142.0571746826172,7600834
2023-05-10,143.51858520507812,10901429
2023-05-11,143.60455322265625,7877677
2023-05-12,142.2720947265625,16373574
2023-05-15,142.35804748535156,8559162
2023-05-16,144.4212188720703,12249266
2023-05-17,143.7764892578125,7360259
2023-05-18,143.0027618408203,7433090
2023-05-19,141.7562713623047,5969632
2023-05-22,142.35804748535156,7331865
2023-05-23,141.84226989746094,10119254
2023-05-24,142.91680908203125,6107980
2023-05-25,142.70193481445312,8077606
2023-05-26,140.76771545410156,14873707
2023-05-29,136.68435668945312,43253971
2023-05-30,136.55540466308594,16117505
2023-05-31,133.15980529785156,83741017
2023-06-01,132.08523559570312,13982606
2023-06-02,132.98785400390625,9851058
2023-06-05,133.58961486816406,11850547
2023-06-06,132.08523559570312,8118800
2023-06-07,132.25718688964844,12180164
2023-06-08,134.19134521484375,13850599
2023-06-09,132.60101318359375,11764248
2023-06-12,133.2887420654297,11017643
2023-06-13,133.80453491210938,10073644
2023-06-14,135.69577026367188,9695952
2023-06-15,135.52383422851562,7426254
2023-06-16,134.96505737304688,11466647
2023-06-19,135.6527862548828,4718221
2023-06-20,135.17996215820312,6059738
2023-06-21,137.7159423828125,8284206
2023-06-22,136.641357421875,10629027
2023-06-23,134.8791046142578,8722650
2023-06-26,134.8791046142578,4273205
2023-06-27,135.69577026367188,9730174
2023-06-28,136.2975311279297,40243993
2023-06-30,137.8019256591797,7840112
2023-07-03,140.03701782226562,9548822
2023-07-04,138.57559204101562,5394282
2023-07-05,139.95103454589844,8795342
2023-07-06,142.1861114501953,9845699
2023-07-07,140.55276489257812,7597171
2023-07-10,139.90805053710938,5437687
2023-07-11,141.4984130859375,6343183
2023-07-12,144.12033081054688,15614026
2023-07-13,144.24929809570312,11350009
2023-07-14,145.49578857421875,9448062
2023-07-17,143.04576110839844,4968847
2023-07-18,143.4755859375,4322257
2023-07-19,143.34666442871094,5968174
2023-07-20,143.7334747314453,5217131
2023-07-21,146.6133270263672,7842863
2023-07-24,147.0001678466797,8451631
2023-07-25,148.7194366455078,10480578
2023-07-26,148.67649841308594,9103949
2023-07-27,147.0001678466797,7731146
2023-07-28,147.6878662109375,9004252
2023-07-31,152.20103454589844,9277749
2023-08-01,151.90016174316406,5584773
2023-08-02,151.2554168701172,8975495
2023-08-03,147.94580078125,6152393
2023-08-04,149.02035522460938,4605271
2023-08-07,148.67649841308594,2240015
2023-08-08,149.02035522460938,3631238
2023-08-09,152.0720977783203,4852294
2023-08-10,153.5764923095703,10430692
2023-08-11,152.3300018310547,4112277
2023-08-14,153.01771545410156,12876956
2023-08-16,153.92034912109375,8371665
2023-08-17,152.8028106689453,5199363
2023-08-18,151.1217498779297,6734650
2023-08-21,151.76829528808594,3599820
2023-08-22,151.85450744628906,5348036
2023-08-23,151.29415893554688,6379611
2023-08-24,149.22518920898438,7976333
2023-08-25,150.60450744628906,4757915
2023-08-28,151.0355224609375,4354221
2023-08-29,151.46658325195312,4596468
2023-08-30,151.5096893310547,5937955
2023-08-31,150.13035583496094,15823452
2023-09-01,156.68211364746094,22460960
2023-09-04,157.71661376953125,10998180
2023-09-05,157.84596252441406,13506519
2023-09-06,157.80282592773438,11954407
2023-09-07,156.68211364746094,11137801
2023-09-08,159.00973510742188,9737214
2023-09-11,158.10455322265625,10845871
2023-09-12,155.94937133789062,15524470
2023-09-13,158.53558349609375,10578786
2023-09-14,161.98390197753906,17746404
2023-09-15,160.9062957763672,19924829
2023-09-18,160.99252319335938,5022956
2023-09-20,162.24252319335938,12687099
2023-09-21,160.9494171142578,7814108
2023-09-22,159.57008361816406,7814821
2023-09-25,159.9149169921875,5540062
2023-09-26,161.85458374023438,12446655
2023-09-27,161.4235382080078,5630907
2023-09-28,161.59597778320312,14890642
2023-09-29,165.38909912109375,10085766
2023-10-03,159.13906860351562,22118500
2023-10-04,157.54420471191406,9360058
2023-10-05,157.07008361816406,11128340
2023-10-06,156.42352294921875,5759904
2023-10-09,156.63905334472656,14622727
2023-10-10,158.19076538085938,11819690
2023-10-11,157.97523498535156,8499601
2023-10-12,159.00973510742188,8677885
2023-10-13,159.39767456054688,7435899
2023-10-16,160.82008361816406,12376549
2023-10-17,160.56149291992188,4381065
2023-10-18,161.1649169921875,10181113
2023-10-19,160.60455322265625,9148124
2023-10-20,160.5183563232422,7912216
2023-10-23,159.35458374023438,4723090
2023-10-25,158.9235382080078,6812004
2023-10-26,155.94937133789062,8474867
2023-10-27,159.26837158203125,6422123
2023-10-30,162.759765625,7352638
2023-10-31,160.47525024414062,9404675
2023-11-01,160.9494171142578,9167869
2023-11-02,160.5183563232422,11471209
2023-11-03,163.7942352294922,7464912
2023-11-06,166.6391143798828,8962124
2023-11-07,166.55288696289062,13921916
2023-11-08,168.40635681152344,10186886
2023-11-09,166.12185668945312,5303833
2023-11-10,168.8804931640625,6025889
2023-11-13,168.79429626464844,11181086
2023-11-15,171.9839630126953,19769385
2023-11-16,173.9667510986328,18629240
2023-11-17,169.26841735839844,13199928
2023-11-20,170.56153869628906,6423265
2023-11-21,169.762451171875,10720353
2023-11-22,169.58486938476562,7538825
2023-11-23,169.2740936279297,6541617
2023-11-24,167.6759490966797,5751331
2023-11-28,172.20411682128906,9277764
2023-11-29,170.4727325439453,8791333
2023-11-30,173.0919952392578,14965403
2023-12-01,172.73684692382812,9935740
2023-12-04,179.39593505859375,28615290
2023-12-05,179.39593505859375,14557746
2023-12-06,179.30714416503906,12662213
2023-12-07,176.59912109375,16425880
2023-12-08,173.9798583984375,10414387
2023-12-11,175.62245178222656,10108266
2023-12-12,173.4915313720703,10719911
2023-12-13,171.49380493164062,10892122
2023-12-14,173.9798583984375,15257294
2023-12-15,178.508056640625,22863981
2023-12-18,176.68789672851562,8061011
2023-12-19,177.8421630859375,16739742
2023-12-20,180.41697692871094,57762576
2023-12-21,179.9286651611328,22823936
2023-12-22,181.0828857421875,9910694
2023-12-26,184.1016845703125,17052969
2023-12-27,182.50350952148438,20361303
2023-12-28,184.94517517089844,22010872
2023-12-29,182.05958557128906,12171663
2024-01-01,182.32594299316406,4820168
2024-01-02,183.8353271484375,21141219
2024-01-03,184.90078735351562,11650902
2024-01-04,190.58319091796875,31054419
2024-01-05,192.18141174316406,20743811
2024-01-08,193.51319885253906,19310595
2024-01-09,192.35897827148438,11951525
2024-01-10,188.31910705566406,16500666
2024-01-11,188.09715270996094,12586419
2024-01-12,198.35215759277344,39228118
2024-01-15,207.31973266601562,57884916
2024-01-16,208.74034118652344,34505065
2024-01-17,206.03228759765625,26010955
2024-01-18,207.36412048339844,19232183
2024-01-19,214.91110229492188,26391844
2024-01-23,204.1233673095703,20282617
2024-01-24,208.07443237304688,14458601
2024-01-25,207.80807495117188,18291957
2024-01-29,224.18942260742188,54127939
2024-01-30,221.25941467285156,51491099
2024-01-31,223.9674530029297,33293192
2024-02-01,219.88320922851562,29758133
2024-02-02,228.4068603515625,30482663
2024-02-05,233.46775817871094,34001868
2024-02-06,241.76942443847656,36708949
2024-02-07,241.41427612304688,23756939
2024-02-08,242.52410888671875,25252940
2024-02-09,237.5519561767578,26743792
2024-02-12,228.9839630126953,30906374
2024-02-13,230.40460205078125,20711842
2024-02-14,238.7062530517578,36168962
2024-02-15,246.2087860107422,32831246
2024-02-16,247.47003173828125,27044984
2024-02-19,247.42498779296875,15322964
2024-02-20,249.1817169189453,18968785
2024-02-21,245.89352416992188,16340579
2024-02-22,247.47003173828125,16791453
2024-02-23,245.21783447265625,9464646
2024-02-26,243.10079956054688,8661999
2024-02-27,242.65037536621094,19582774
2024-02-28,239.4072265625,9118196
2024-02-29,238.37120056152344,17179832
2024-03-01,243.73141479492188,12930057
2024-03-04,251.5240020751953,22280353
2024-03-05,255.62298583984375,18544484
2024-03-06,252.4698486328125,16807149
2024-03-07,250.5330352783203,11386963
2024-03-11,246.8394317626953,10684598
2024-03-12,243.5962677001953,13780189
2024-03-13,230.03814697265625,20079496
2024-03-14,237.155029296875,21404057
2024-03-15,233.10108947753906,34961065
2024-03-18,235.66860961914062,9246173
2024-03-19,233.55154418945312,8758348
2024-03-20,237.69557189941406,10484778
2024-03-21,236.88478088378906,12163200
2024-03-22,237.155029296875,13025089
2024-03-26,239.18202209472656,10830926
2024-03-27,235.80372619628906,28563001
2024-03-28,241.4792022705078,18888942
2024-04-01,243.14581298828125,6440401
2024-04-02,245.4881134033203,14439120
2024-04-03,248.05564880371094,22600929
2024-04-04,242.3350830078125,24624383
2024-04-05,241.38914489746094,13029904
2024-04-08,243.5962677001953,13011300
2024-04-09,242.29002380371094,13173933
2024-04-10,245.0376739501953,11137195
2024-04-12,239.3621826171875,21894584
2024-04-15,252.10955810546875,75063828
2024-04-16,255.08241271972656,79082544
2024-04-18,246.97454833984375,34136482
2024-04-19,247.96551513671875,32658724
2024-04-22,249.36187744140625,14184019
2024-04-23,249.36187744140625,8799147
2024-04-24,251.6591033935547,9253985
2024-04-25,254.0014190673828,17050557
2024-04-26,254.85719299316406,11070290
2024-04-29,255.12747192382812,8952420
2024-04-30,254.81216430664062,10658906
2024-05-02,254.76715087890625,15677336
2024-05-03,257.7400207519531,28913016
2024-05-06,254.18150329589844,15491865
2024-05-07,246.4790802001953,13179001
2024-05-08,249.40692138671875,12797721
2024-05-09,238.95680236816406,14869187
2024-05-10,243.46116638183594,9530738
2024-05-13,240.44322204589844,7163239
2024-05-14,245.84844970703125,9123849
2024-05-15,246.34396362304688,6368662
2024-05-16,250.1276092529297,23757779
2024-05-17,249.9474334716797,11529157
2024-05-21,252.3347625732422,17559555
2024-05-22,250.44290161132812,17935064
2024-05-23,255.3527069091797,17719819
2024-05-24,255.1725311279297,11041667
2024-05-27,250.1276092529297,13719808
2024-05-28,247.1096954345703,6927361
2024-05-29,244.90255737304688,8327205
2024-05-30,240.26304626464844,15390964
2024-05-31,238.14599609375,24167379
2024-06-03,255.93826293945312,30195397
2024-06-04,212.87648010253906,72779900
2024-06-05,222.9662628173828,37078551
2024-06-06,227.29046630859375,30881233
2024-06-07,234.58755493164062,22010688
2024-06-10,233.46145629882812,14138524
2024-06-11,246.4340362548828,47270206
2024-06-12,248.19076538085938,20560662
2024-06-13,249.13662719726562,16013386
2024-06-14,248.10064697265625,10642648
2024-06-18,248.46096801757812,17044769
2024-06-19,244.6322784423828,13361607
2024-06-20,244.90255737304688,12826509
2024-06-21,242.92063903808594,17406416
2024-06-24,243.14581298828125,7282347
2024-06-25,240.5333251953125,14425434
2024-06-26,241.208984375,10650910
2024-06-27,240.98373413085938,22830930
2024-06-28,247.01962280273438,19532912
2024-07-01,245.89352416992188,11750972
2024-07-02,247.60516357421875,24470518
2024-07-03,247.47003173828125,9125400
2024-07-04,249.58706665039062,13444669
2024-07-05,259.6318359375,39781962
2024-07-08,269.4963684082031,53136198
2024-07-09,267.96490478515625,18686252
2024-07-10,268.59552001953125,19278800
2024-07-11,274.5412902832031,36020507
2024-07-12,276.65838623046875,31788101
2024-07-15,290.5318298339844,51435537
2024-07-16,290.66693115234375,37468292
2024-07-18,298.81982421875,48189915
2024-07-19,287.9643249511719,26579496
2024-07-22,289.0002746582031,22234557
2024-07-23,283.0094909667969,37871058
2024-07-24,287.8742370605469,28259305
2024-07-25,302.513427734375,42054664
2024-07-26,298.72979736328125,25703985
2024-07-29,299.9009094238281,26721790
2024-07-30,299.0000305175781,19792253
2024-07-31,301.072021484375,21393361
2024-08-01,307.8735656738281,36044960
2024-08-02,297.37847900390625,22939377
2024-08-05,279.49609375,37986023
2024-08-06,275.7574768066406,28386636
2024-08-07,296.47760009765625,66110716
2024-08-08,290.7119445800781,23478224
2024-08-09,299.5856018066406,29814474
2024-08-12,307.4682312011719,34754596
2024-08-13,302.6034851074219,28943385
2024-08-14,295.6217346191406,17812763
2024-08-16,296.9280090332031,16584396
2024-08-19,302.06298828125,19636518
2024-08-20,297.37847900390625,14972714
2024-08-21,295.2163391113281,11835143
2024-08-22,292.19842529296875,13387819
2024-08-23,289.52020263671875,13229612
2024-08-26,297.6456604003906,21346682
2024-08-27,298.5535583496094,20165503
2024-08-28,297.6002502441406,12446738
2024-08-29,299.23443603515625,13799961
2024-08-30,300.27850341796875,19666466
2024-09-02,296.147705078125,8975511
2024-09-03,292.5162048339844,10321111
2024-09-04,285.43475341796875,25397204
2024-09-05,282.711181640625,15571640
2024-09-06,280.3507080078125,27946491
2024-09-09,271.3627624511719,30369085
2024-09-10,268.36676025390625,15618589
2024-09-11,259.0157165527344,44826300
2024-09-12,266.9595642089844,21964895
2024-09-13,264.59918212890625,13672371
2024-09-16,265.5523681640625,10971110
2024-09-17,267.5043029785156,11873436
2024-09-18,263.6459045410156,13421760
2024-09-19,258.9703063964844,17067311
2024-09-20,259.87823486328125,16585530
2024-09-23,268.2305908203125,14621229
2024-09-24,271.8620910644531,16986759
2024-09-25,271.18121337890625,10609614
2024-09-26,268.003662109375,27812412
2024-09-27,269.81939697265625,35706130
2024-09-30,270.18255615234375,16294341
2024-10-01,265.0530700683594,10919818
2024-10-03,265.14385986328125,28124665
2024-10-04,268.049072265625,23104209
2024-10-07,262.7834167480469,20917962
2024-10-08,266.41485595703125,10572360
2024-10-09,261.9209289550781,13147475
2024-10-10,262.14788818359375,7237212
2024-10-11,265.5977783203125,7011704
2024-10-14,260.1051940917969,12690951
2024-10-15,257.5631408691406,15087155
2024-10-16,259.10650634765625,18188885
2024-10-17,255.65658569335938,13343303
2024-10-18,257.1999816894531,14028398
2024-10-21,251.11724853515625,10299773
2024-10-22,245.85157775878906,10028511
2024-10-23,245.89698791503906,18823321
2024-10-24,244.30819702148438,7488521
2024-10-25,239.7234344482422,12961181
2024-10-28,239.0879669189453,13835091
2024-10-29,240.5859375,9122757
2024-10-30,237.54454040527344,11166643
2024-10-31,241.6299591064453,16173656
2024-11-01,246.71405029296875,2955757
2024-11-04,240.8582763671875,14355959
2024-11-05,242.7648162841797,11676017
2024-11-06,244.2627716064453,19244545
2024-11-07,240.76751708984375,6766663
2024-11-08,238.3616485595703,7836093
2024-11-11,233.23216247558594,8450657
2024-11-12,232.55125427246094,22445400
2024-11-13,229.28294372558594,17483332
2024-11-14,227.69415283203125,12454540
2024-11-18,227.5579833984375,14636541
2024-11-19,230.67393493652344,17397559
2024-11-21,225.23263549804688,16189440
2024-11-22,228.4416046142578,9637581
2024-11-25,239.88229370117188,31973671
2024-11-26,236.48727416992188,9242451
2024-11-27,236.5338134765625,11689970
2024-11-28,234.58050537109375,14202863
2024-11-29,238.76614379882812,11476347
2024-12-02,239.55673217773438,13677959
2024-12-03,244.0214080810547,15345326
2024-12-04,242.48667907714844,10713838
2024-12-05,243.0447540283203,12896743
2024-12-06,241.88209533691406,8783386
2024-12-09,240.81240844726562,6800856
2024-12-10,238.9521484375,11318782
2024-12-11,238.673095703125,5353032
2024-12-12,236.30126953125,7123877
2024-12-13,236.48727416992188,11143128
2024-12-16,234.20846557617188,7283872
2024-12-17,230.11585998535156,10066884
2024-12-18,227.09291076660156,8430930
2024-12-19,224.95359802246094,9518542
2024-12-20,220.53546142578125,15556528
2024-12-23,224.02346801757812,7722901
2024-12-24,222.25619506835938,3577400
2024-12-26,223.4653778076172,6330006
2024-12-27,220.3494110107422,6487888
2024-12-30,216.39633178710938,19401112
2024-12-31,222.5352325439453,12004845
2025-01-01,220.39593505859375,9418453
2025-01-02,228.8787841796875,19745810
2025-01-03,240.80316162109375,49760410
2025-01-06,236.58961486816406,19265884
2025-01-07,245.0817413330078,52956766
2025-01-08,252.37399291992188,42237794
2025-01-09,244.7934112548828,14706472
2025-01-10,244.64456176757812,13053552
2025-01-13,237.86387634277344,20416370
2025-01-14,242.1797332763672,8470150
2025-01-15,240.14273071289062,9344731
2025-01-16,244.7934112548828,14195450
2025-01-17,247.9465789794922,12148143
2025-01-20,250.5416259765625,9676264
2025-01-21,247.2303924560547,8989218
2025-01-22,245.60260009765625,7919682
2025-01-23,244.67247009277344,5026675
2025-01-24,238.58941650390625,6306281
2025-01-27,233.2597198486328,6944911
2025-01-28,231.30641174316406,8029472
2025-01-29,233.83639526367188,5651586
2025-01-30,238.7847137451172,12588155
2025-01-31,244.2632293701172,8850307
2025-02-01,239.55673217773438,10921673
2025-02-03,231.60406494140625,25719512
2025-02-04,236.34776306152344,8402532
2025-02-05,243.3702850341797,11590755
2025-02-06,238.25454711914062,12327998
2025-02-07,236.12008666992188,10098454
2025-02-10,230.00125122070312,7582536
2025-02-11,226.6809539794922,6711630
2025-02-12,225.21054077148438,5985956
2025-02-13,222.8863525390625,10079210
2025-02-14,218.6648406982422,8065352
2025-02-17,221.653076171875,6692422
2025-02-18,224.45162963867188,6170974
2025-02-19,226.0643310546875,6168581
2025-02-20,229.4794921875,8929816
2025-02-21,227.58218383789062,5697387
2025-02-24,222.31715393066406,6883143
2025-02-25,221.03646850585938,5519036
2025-02-27,219.13916015625,9664032
2025-02-28,213.6844024658203,17237276
2025-03-03,213.57057189941406,11928529
2025-03-04,215.1168670654297,12428265
2025-03-05,217.1849365234375,7466729
2025-03-06,220.65701293945312,10439208
2025-03-07,220.93212890625,9079049
2025-03-10,211.7301788330078,16489167
2025-03-11,215.07891845703125,10941588
2025-03-12,212.87803649902344,6994310
2025-03-13,213.85516357421875,16105085
2025-03-17,217.94384765625,8788971
2025-03-18,217.94384765625,0
2025-03-19,220.62855529785156,8626593
2025-03-20,223.4934844970703,18955995
2025-03-21,229.97279357910156,29285333
2025-03-24,231.31040954589844,10566066
2025-03-25,229.8115234375,8915800
2025-03-26,227.4114227294922,7543985
2025-03-27,229.7356414794922,9935664
2025-03-28,233.72947692871094,32905564
2025-04-01,235.33270263671875,11258957
2025-04-02,237.77073669433594,15337906
2025-04-03,230.81710815429688,11141370
2025-04-04,214.40536499023438,38336194
2025-04-07,208.5521697998047,27024128
2025-04-08,215.02198791503906,11309092
2025-04-09,210.5443572998047,16889575
2025-04-11,218.54150390625,13886447
2025-04-15,220.74240112304688,12102239
2025-04-16,228.83441162109375,18748952
2025-04-17,230.98785400390625,12891813
2025-04-21,236.95489501953125,11698653
2025-04-22,235.0575714111328,9896443
2025-04-23,239.22218322753906,16555874
2025-04-24,236.56594848632812,6538518
2025-04-25,233.68203735351562,15616265
2025-04-28,237.73280334472656,7669983
2025-04-29,233.06539916992188,8030552
2025-04-30,231.8985595703125,9822483
2025-05-02,230.27638244628906,10203190
2025-05-05,226.9181365966797,20086323
2025-05-06,224.83108520507812,11350559
2025-05-07,226.4153289794922,16689539
2025-05-08,221.2451629638672,15026122
2025-05-09,222.89584350585938,11184507
2025-05-12,231.4906463623047,11374237
2025-05-13,228.77749633789062,9336026
2025-05-14,233.3784637451172,8234859
2025-05-15,234.8963165283203,16812750
2025-05-16,234.5737762451172,8030229
2025-05-19,233.91920471191406,8043270
2025-05-20,236.46157836914062,13183059
2025-05-21,235.91136169433594,7158307
2025-05-22,229.2613067626953,18502235
2025-05-23,231.6993408203125,8725218
2025-05-26,233.3120574951172,7159571
2025-05-27,231.9839324951172,9712093
2025-05-28,230.2099609375,7385958
2025-05-29,230.5609588623047,12938112
2025-05-30,227.10784912109375,10108840
2025-06-02,226.07383728027344,6278145
2025-06-03,225.0872344970703,9515918
2025-06-04,225.82717895507812,6733580
2025-06-05,225.56155395507812,8941808
2025-06-06,227.73397827148438,5985346
2025-06-09,230.33328247070312,7719525
2025-06-10,232.1167449951172,7659657
2025-06-11,234.62120056152344,20842417
2025-06-12,235.15245056152344,35613271
2025-06-13,238.59605407714844,39320377
2025-06-16,243.60498046875,41444122
2025-06-17,239.35498046875,18781097
2025-06-18,237.505126953125,12691905
2025-06-19,238.64349365234375,10790997
2025-06-20,238.95655822753906,15907673
2025-06-23,238.4727325439453,16776881
2025-06-24,231.39576721191406,22215004
2025-06-25,229.48899841308594,13056178
2025-06-26,232.1641845703125,15769123
2025-06-27,230.3617401123047,21691960
2025-06-30,231.6708984375,8783448
2025-07-01,230.87400817871094,8470489
2025-07-02,228.69212341308594,10419419
2025-07-03,231.51910400390625,13891239
2025-07-04,232.64801025390625,7717259
2025-07-07,229.11900329589844,9222263
2025-07-08,230.75070190429688,7537067
2025-07-09,230.85504150390625,9590680
2025-07-10,230.6083984375,8012201
2025-07-11,229.3466796875,5608382
2025-07-14,231.6803741455078,7568906
2025-07-15,231.1586151123047,7843083
2025-07-16,230.38072204589844,5656962
2025-07-17,231.34832763671875,7006298
2025-07-18,233.66305541992188,10293817
2025-07-21,232.45826721191406,5424455
2025-07-22,233.7579345703125,5869862
2025-07-23,232.9420928955078,7357753
2025-07-24,232.25904846191406,4590999
2025-07-25,227.95216369628906,7427827
2025-07-28,227.69602966308594,6865890
2025-07-29,229.04312133789062,6157824
2025-07-30,229.39410400390625,8767763
2025-07-31,228.62570190429688,10254214
2025-08-01,224.63185119628906,12629251
2025-08-04,222.77252197265625,16174972
2025-08-05,222.4404754638672,9562689
2025-08-06,221.76693725585938,7568954
2025-08-07,221.91873168945312,5560413
2025-08-08,221.45388793945312,5249568
2025-08-11,221.78590393066406,4699743
2025-08-12,223.4270782470703,7036778
2025-08-13,226.4153289794922,8501906
2025-08-14,224.774169921875,7258450
2025-08-18,225.93153381347656,8501972
2025-08-19,225.72283935546875,5538059
2025-08-20,225.7133331298828,7438061
2025-08-21,226.0548553466797,8111371
2025-08-22,224.15753173828125,5423818
2025-08-25,224.6033935546875,8854258
2025-08-26,222.16537475585938,14671897
2025-08-28,221.4064483642578,13870643
2025-08-29,221.7100067138672,9928988
2025-09-01,226.46278381347656,4366396
2025-09-02,227.1932373046875,5921193
2025-09-03,226.79481506347656,4364007
2025-09-04,224.7921600341797,8778730
2025-09-05,223.27587890625,7210683
2025-09-08,221.7500457763672,8418326
2025-09-09,220.6056671142578,11665314
2025-09-10,220.9966583251953,11775053
2025-09-11,222.9230194091797,11047708
2025-09-12,222.43666076660156,6073522
2025-09-15,221.4925537109375,6153784
2025-09-16,224.1913604736328,7319921
2025-09-17,225.89837646484375,7628371
2025-09-18,224.6681671142578,6497852
2025-09-19,225.71719360351562,16484017
2025-09-22,226.46102905273438,9962796
2025-09-23,225.68858337402344,7014239
2025-09-24,227.4623565673828,8299331
2025-09-25,228.5590362548828,10150654
2025-09-26,226.98553466796875,6349466
2025-09-29,228.8546600341797,10631271
2025-09-30,228.39691162109375,7167687
2025-10-01,231.77279663085938,10375310
2025-10-03,232.3640594482422,10702610
2025-10-06,234.4620819091797,9465503
2025-10-07,233.94711303710938,12498420
2025-10-08,230.59982299804688,5073558
2025-10-09,232.10658264160156,9292031
2025-10-10,234.91981506347656,9050771
2025-10-13,232.7741241455078,12607116
2025-10-14,233.3463134765625,13865005
2025-10-15,236.23583984375,8520238
2025-10-16,236.83665466308594,6083826
2025-10-17,236.2072296142578,14250215
2025-10-20,237.20855712890625,10920554
2025-10-21,236.61729431152344,569979
2025-10-23,240.61305236816406,13879042
2025-10-24,243.14019775390625,17882209
2025-10-27,241.52854919433594,7889080
2025-10-28,238.92510986328125,8529692
2025-10-29,243.78866577148438,8806213
2025-10-30,242.73013305664062,5266883
2025-10-31,243.53118896484375,7199008
2025-11-03,245.610107421875,5450040
2025-11-04,240.6511993408203,6006851
2025-11-06,239.84060668945312,6987258
2025-11-07,240.50814819335938,4449104
2025-11-10,239.7452392578125,7418162
2025-11-11,237.88563537597656,16183880
2025-11-12,242.0816650390625,11917811
2025-11-13,239.2207489013672,13057927
2025-11-14,241.9075164794922,9185042
2025-11-17,242.34716796875,6281588
2025-11-18,241.2724609375,7708871
2025-11-19,243.27532958984375,7075882
2025-11-20,242.34716796875,6918642
2025-11-21,241.2724609375,7589240
2025-11-24,240.1000518798828,15875282
2025-11-25,239.70925903320312,8983620
2025-11-26,242.00521850585938,7232643
2025-11-27,238.39028930664062,5600832
2025-11-28,237.65753173828125,3804191
2025-12-01,239.20120239257812,6307936
2025-12-02,237.94085693359375,5413988
2025-12-03,234.5017852783203,11829802
2025-12-04,236.6609649658203,10825420
2025-12-05,235.6839599609375,7645591
2025-12-08,233.03627014160156,5285903
2025-12-09,234.325927734375,9026401
2025-12-10,233.78855895996094,3492031
2025-12-11,232.92880249023438,8868641
2025-12-12,232.5477752685547,4252781
2025-12-15,229.9391632080078,12334408
2025-12-16,226.87135314941406,7238404
2025-12-17,227.5552520751953,5848233
2025-12-18,226.66616821289062,3964839
2025-12-19,227.53570556640625,5070902
2025-12-22,228.79605102539062,4614185
2025-12-23,230.07594299316406,5810236
2025-12-24,228.39547729492188,4114036
2025-12-26,229.13800048828125,3710774
2025-12-29,229.4213409423828,12621499
2025-12-30,229.2845458984375,6236729
2025-12-31,234.853515625,11514802
2026-01-01,232.4696044921875,5840586
2026-01-02,235.90869140625,5925943
2026-01-05,232.61614990234375,21201434
2026-01-06,236.32879638671875,10840459
2026-01-07,233.56385803222656,8253161
2026-01-08,226.09950256347656,9218488
2026-01-09,228.70811462402344,12706408
2026-01-12,230.29087829589844,9807980
2026-01-13,238.1753387451172,22527192
2026-01-14,242.5230255126953,33094088
2026-01-15,242.5230255126953,0
2026-01-16,241.48739624023438,12287680
2026-01-19,237.520751953125,6459249
2026-01-20,234.86328125,6496057
2026-01-21,236.79776000976562,9610477
2026-01-22,238.40005493164062,10746306
2026-01-23,239.8264923095703,8080247
2026-01-27,242.2494659423828,15915509
2026-01-28,262.4051513671875,73427983
2026-01-29,269.0586242675781,48267023
2026-01-30,262.77642822265625,24420043
2026-02-02,248.1115264892578,17015974
2026-02-03,251.09140014648438,19213406
2026-02-04,260.8126525878906,26628393
2026-02-05,263.01092529296875,15268335
2026-02-06,262.7666931152344,10013728
2026-02-09,260.470703125,10824044
2026-02-10,265.8930969238281,13459684
2026-02-11,268.2867736816406,18388416
2026-02-12,269.9965515136719,22753270
2026-02-13,261.2522888183594,20748628
2026-02-16,265.306884765625,13247757
2026-02-17,265.6000061035156,21292868
2026-02-18,264.6000061035156,11621040
2026-02-19,274.6499938964844,37728943
2026-02-20,278.6499938964844,31971956
2026-02-23,275.6499938964844,13113050
