date,adj_close,volume
2015-01-01,47.7459602355957,778837
2015-01-02,48.32058334350586,3612848
2015-01-05,48.372825622558594,7291352
2015-01-06,47.2932243347168,8288963
2015-01-07,47.97233963012695,3256180
2015-01-08,48.181278228759766,2436600
2015-01-09,48.21609878540039,2079643
2015-01-12,47.53700637817383,3660975
2015-01-13,47.31064224243164,2850708
2015-01-14,47.38029098510742,3939014
2015-01-15,49.783260345458984,6425406
2015-01-16,51.315582275390625,8222495
2015-01-19,51.48972702026367,5082702
2015-01-20,51.33298873901367,6145107
2015-01-21,51.15886306762695,2865190
2015-01-22,51.663841247558594,7016755
2015-01-23,52.081756591796875,4549463
2015-01-27,52.22106170654297,6048058
2015-01-28,52.04692459106445,5448999
2015-01-29,51.820560455322266,6923717
2015-01-30,51.54194641113281,3094145
2015-02-02,51.48972702026367,2427202
2015-02-03,51.26333999633789,1320013
2015-02-04,50.93250274658203,1740828
2015-02-05,50.027034759521484,2453418
2015-02-06,49.95738220214844,2422833
2015-02-09,49.260860443115234,2511094
2015-02-10,50.53200912475586,3982617
2015-02-11,50.75837326049805,5670681
2015-02-12,52.32554244995117,7776840
2015-02-13,52.7608642578125,8270115
2015-02-16,53.1961784362793,3789682
2015-02-18,53.89268112182617,4034642
2015-02-19,53.73596954345703,2708022
2015-02-20,53.37030029296875,4586215
2015-02-23,54.293174743652344,5857600
2015-02-24,54.58917999267578,3786009
2015-02-25,53.82304000854492,3842514
2015-02-26,53.1961784362793,7368101
2015-02-27,54.711090087890625,4870174
2015-03-02,54.57177734375,3288237
2015-03-03,54.171302795410156,3773373
2015-03-04,53.78821563720703,4927543
2015-03-05,54.031982421875,2511965
2015-03-09,52.55928421020508,2904210
2015-03-10,51.94711685180664,4007085
2015-03-11,51.73721694946289,3350372
2015-03-12,52.34939193725586,4034334
2015-03-13,51.2824592590332,3743353
2015-03-16,51.33491897583008,1546607
2015-03-17,51.6497688293457,4288235
2015-03-18,51.299957275390625,3493449
2015-03-19,51.1075439453125,2641643
2015-03-20,51.8421516418457,3763675
2015-03-23,52.19197463989258,4249360
2015-03-24,51.754703521728516,5170910
2015-03-25,51.24748229980469,6008163
2015-03-26,50.75773620605469,11848617
2015-03-27,50.635311126708984,3479176
2015-03-30,50.72277069091797,4359504
2015-03-31,50.81022262573242,4797950
2015-04-01,51.229984283447266,2808077
2015-04-06,51.754703521728516,5315447
2015-04-07,51.754703521728516,2457023
2015-04-08,51.5273323059082,4009038
2015-04-09,52.82164764404297,2422269
2015-04-10,53.41630935668945,2200148
2015-04-13,53.99351119995117,2208671
2015-04-15,53.01403045654297,2330815
2015-04-16,52.7166862487793,2492100
2015-04-17,52.50680160522461,3666806
2015-04-20,52.40187072753906,2278982
2015-04-21,52.06953811645508,2312891
2015-04-22,51.43988800048828,4849646
2015-04-23,51.299957275390625,3515131
2015-04-24,51.020103454589844,2613457
2015-04-27,50.70526885986328,2052351
2015-04-28,50.530364990234375,3429520
2015-04-29,50.04062271118164,2061972
2015-04-30,49.743289947509766,4099911
2015-05-04,50.425418853759766,3652050
2015-05-05,50.07560729980469,7999174
2015-05-06,49.183589935302734,6031578
2015-05-07,49.078643798828125,5448071
2015-05-08,48.973697662353516,2987105
2015-05-11,50.02314758300781,3927933
2015-05-12,48.72883605957031,4551824
2015-05-13,49.27104949951172,4097879
2015-05-14,48.76381301879883,3467677
2015-05-15,48.99119186401367,6305129
2015-05-18,48.99119186401367,14967798
2015-05-19,48.53643798828125,6595326
2015-05-20,49.25354766845703,5168468
2015-05-21,48.79878234863281,2628801
2015-05-22,49.30601501464844,5380668
2015-05-25,50.05811309814453,5557091
2015-05-26,50.04062271118164,2220470
2015-05-27,50.09311294555664,1137269
2015-05-28,50.09311294555664,3848527
2015-05-29,50.26801300048828,3473570
2015-06-01,50.05811309814453,15815832
2015-06-02,49.84824752807617,4635659
2015-06-03,50.09311294555664,6029264
2015-06-04,50.49538040161133,8566490
2015-06-05,50.68777847290039,8696044
2015-06-08,51.12504577636719,4215142
2015-06-09,51.54481506347656,2699663
2015-06-10,51.4748649597168,2875048
2015-06-11,51.07258987426758,2113307
2015-06-12,50.8626823425293,2614529
2015-06-15,49.39347839355469,3574132
2015-06-16,50.407920837402344,2705206
2015-06-17,49.60335922241211,3030212
2015-06-18,49.655845642089844,4549773
2015-06-19,48.973697662353516,9119658
2015-06-22,49.428462982177734,1849073
2015-06-23,48.76381301879883,4200054
2015-06-24,48.92121887207031,3101425
2015-06-25,49.428462982177734,11124905
2015-06-26,48.658870697021484,4184617
2015-06-29,48.79878234863281,3452315
2015-06-30,48.658870697021484,2588831
2015-07-01,49.79575729370117,1988394
2015-07-02,49.498416900634766,2965570
2015-07-03,49.498416900634766,3051297
2015-07-06,48.973697662353516,2083899
2015-07-07,48.48395919799805,3234495
2015-07-08,48.27406311035156,2440394
2015-07-09,47.92426300048828,2478234
2015-07-10,48.5014533996582,2901055
2015-07-13,48.973697662353516,1612390
2015-07-14,49.043663024902344,2264950
2015-07-15,48.88624572753906,1504877
2015-07-16,48.83378601074219,1827243
2015-07-17,49.39347839355469,1696436
2015-07-20,49.043663024902344,1668294
2015-07-21,48.973697662353516,1315889
2015-07-22,49.95318603515625,1890132
2015-07-23,49.76077651977539,1225377
2015-07-24,49.69081497192383,1692284
2015-07-27,49.11362838745117,1296310
2015-07-28,49.445953369140625,1547151
2015-07-29,48.973697662353516,1900932
2015-07-30,49.8132438659668,2942993
2015-07-31,49.67332458496094,1956499
2015-08-03,49.183589935302734,1508372
2015-08-04,49.32351303100586,1001510
2015-08-05,49.23606872558594,1107859
2015-08-06,49.34100341796875,1295185
2015-08-07,48.83378601074219,2213871
2015-08-10,48.29157257080078,2570753
2015-08-11,48.25658416748047,3873211
2015-08-12,47.57444763183594,1472522
2015-08-13,48.2041130065918,2470225
2015-08-14,48.396507263183594,1304682
2015-08-17,48.30906677246094,813782
2015-08-18,48.06419372558594,1461999
2015-08-19,47.731868743896484,2417706
2015-08-20,47.609439849853516,2256015
2015-08-21,46.66495132446289,4024183
2015-08-24,45.86037063598633,7651174
2015-08-25,44.985843658447266,12357515
2015-08-26,45.80791091918945,2616303
2015-08-27,47.17216873168945,5402025
2015-08-28,47.27711486816406,2205183
2015-08-31,45.70296859741211,2305711
2015-09-01,45.16074752807617,3973158
2015-09-02,43.796470642089844,4507483
2015-09-03,44.49610900878906,3114461
2015-09-04,43.23678207397461,3868544
2015-09-07,43.24032211303711,3112256
2015-09-08,44.566162109375,2951677
2015-09-09,44.54848861694336,3201416
2015-09-10,43.61155700683594,3984541
2015-09-11,43.947444915771484,1783681
2015-09-14,45.09650421142578,2400945
2015-09-15,45.37935256958008,3189547
2015-09-16,46.35164260864258,2668351
2015-09-18,47.200172424316406,2710372
2015-09-21,48.27854537963867,3040868
2015-09-22,46.3162841796875,2618545
2015-09-23,45.184898376464844,5775906
2015-09-24,44.33634567260742,9733917
2015-09-28,44.83134078979492,2407051
2015-09-29,45.37935256958008,2414852
2015-09-30,46.79359817504883,3047665
2015-10-01,46.15719223022461,2020545
2015-10-05,46.846622467041016,1811432
2015-10-06,46.758235931396484,1868486
2015-10-07,46.864315032958984,1403044
2015-10-08,46.82895278930664,1318938
2015-10-09,46.864315032958984,1421375
2015-10-12,47.12946701049805,1574616
2015-10-13,47.04108810424805,715400
2015-10-14,47.02339553833008,1722301
2015-10-15,47.74820327758789,2959602
2015-10-16,47.73052215576172,3651488
2015-10-19,47.30625915527344,1640198
2015-10-20,48.048728942871094,3296804
2015-10-21,48.048728942871094,3504240
2015-10-23,48.20782470703125,2367650
2015-10-26,47.995689392089844,1788557
2015-10-27,47.34160232543945,1680870
2015-10-28,46.33396530151367,4725765
2015-10-29,45.30864334106445,6657486
2015-10-30,45.52078628540039,3034065
2015-11-02,45.59149169921875,1507300
2015-11-03,46.546104431152344,2879807
2015-11-04,46.38699722290039,10212719
2015-11-05,46.29861831665039,9402139
2015-11-06,46.42235565185547,4219805
2015-11-09,45.98040008544922,5260832
2015-11-10,45.36167526245117,1531108
2015-11-13,46.03342819213867,1386876
2015-11-16,45.609169006347656,1462412
2015-11-17,46.2278938293457,1602664
2015-11-18,46.28093338012695,1327429
2015-11-19,46.61681365966797,2523368
2015-11-20,46.28093338012695,2168468
2015-11-23,46.457706451416016,2177227
2015-11-24,46.61681365966797,1241516
2015-11-26,47.30625915527344,4171542
2015-11-27,47.200172424316406,1605635
2015-11-30,48.15479278564453,2006989
2015-12-01,48.084075927734375,2520479
2015-12-02,47.871944427490234,1390936
2015-12-03,47.30625915527344,1173194
2015-12-04,46.2278938293457,1376556
2015-12-07,46.36931610107422,1525844
2015-12-08,46.03342819213867,1469647
2015-12-09,46.01576614379883,2198948
2015-12-10,46.2278938293457,1086874
2015-12-11,45.255611419677734,1514970
2015-12-14,45.30864334106445,1552518
2015-12-15,45.785945892333984,1842404
2015-12-16,47.147151947021484,2623492
2015-12-17,47.57141876220703,1092627
2015-12-18,47.871944427490234,28017527
2015-12-21,49.303863525390625,6238035
2015-12-22,48.96797561645508,9652753
2015-12-23,49.51599884033203,3720080
2015-12-24,49.53367233276367,2224191
2015-12-28,50.25848388671875,5761043
2015-12-29,49.83419418334961,8576492
2015-12-30,49.85188293457031,8189382
2015-12-31,49.904911041259766,7159928
2016-01-01,49.85188293457031,3229824
2016-01-04,49.83419418334961,6809859
2016-01-05,49.19779586791992,4259054
2016-01-06,49.321529388427734,5320149
2016-01-07,48.82656478881836,6787347
2016-01-08,50.081687927246094,10345830
2016-01-11,50.64738845825195,8283638
2016-01-12,50.47060775756836,6611338
2016-01-13,50.52363586425781,7462021
2016-01-14,50.5059700012207,10278564
2016-01-15,49.18012237548828,7430643
2016-01-18,48.844234466552734,7411237
2016-01-19,48.066402435302734,7282040
2016-01-20,47.606773376464844,15997901
2016-01-21,46.74055480957031,10416175
2016-01-22,47.05876159667969,8099084
2016-01-25,47.02339553833008,8893503
2016-01-27,48.879581451416016,14527719
2016-01-28,50.80649185180664,22594616
2016-01-29,52.27376937866211,11216960
2016-02-01,51.88483428955078,12278379
2016-02-02,51.70805740356445,18267134
2016-02-03,50.92596435546875,12098041
2016-02-04,52.187992095947266,8726120
2016-02-05,51.63697052001953,6170693
2016-02-08,50.64155578613281,3820374
2016-02-09,50.46381378173828,7297377
2016-02-10,50.961517333984375,8119293
2016-02-11,48.597412109375,7247688
2016-02-12,49.183982849121094,16065640
2016-02-15,49.308414459228516,8464543
2016-02-16,49.5217170715332,6766384
2016-02-17,49.628379821777344,7804863
2016-02-18,49.71723556518555,8779283
2016-02-19,50.12607192993164,6323086
2016-02-22,49.646141052246094,2293985
2016-02-23,48.7396125793457,3873885
2016-02-24,49.66392517089844,11387961
2016-02-25,46.83766174316406,19051305
2016-02-26,47.51312255859375,12511003
2016-02-29,46.23330307006836,11485783
2016-03-01,47.54867172241211,14281573
2016-03-02,48.13524627685547,13550709
2016-03-03,48.22412872314453,7057560
2016-03-04,49.29064178466797,29228314
2016-03-08,48.952911376953125,20131612
2016-03-09,49.68169021606445,7284193
2016-03-10,49.646141052246094,3713460
2016-03-11,49.13065719604492,4685588
2016-03-14,49.272857666015625,4423191
2016-03-15,49.39728546142578,11655129
2016-03-16,49.32619094848633,6170234
2016-03-17,49.05955123901367,7509036
2016-03-18,48.650733947753906,9195901
2016-03-21,49.05955123901367,4674151
2016-03-22,49.13065719604492,6628643
2016-03-23,48.864036560058594,11545428
2016-03-28,49.45062255859375,8691695
2016-03-29,49.112892150878906,11478000
2016-03-30,49.68169021606445,5797932
2016-03-31,49.45062255859375,15715729
2016-04-01,49.16620635986328,3935188
2016-04-04,49.272857666015625,5649881
2016-04-05,49.4328498840332,7744995
2016-04-06,49.66392517089844,10418272
2016-04-07,49.841670989990234,12408704
2016-04-08,50.09052276611328,4133630
2016-04-11,50.57045364379883,12360599
2016-04-12,50.89039611816406,8901453
2016-04-13,51.548099517822266,10239725
2016-04-18,51.885807037353516,7347390
2016-04-20,52.61459732055664,7716065
2016-04-21,51.9569206237793,6315086
2016-04-22,51.92136764526367,4320738
2016-04-25,51.12149429321289,3605005
2016-04-26,51.60141372680664,8964411
2016-04-27,51.3170051574707,3177289
2016-04-28,50.42824935913086,9408511
2016-04-29,50.979278564453125,4383214
2016-05-02,50.78376007080078,3383764
2016-05-03,51.61919021606445,4572397
2016-05-04,50.748207092285156,4435593
2016-05-05,50.92596435546875,2770226
2016-05-06,50.64155578613281,3714029
2016-05-09,51.01483917236328,5027038
2016-05-10,50.42824935913086,7758595
2016-05-11,50.286033630371094,4574270
2016-05-12,51.15703201293945,4877581
2016-05-13,51.4592170715332,6719824
2016-05-16,51.352561950683594,4500368
2016-05-17,51.51253890991211,4754541
2016-05-18,50.854854583740234,2573082
2016-05-19,51.33478927612305,6035130
2016-05-20,51.476993560791016,3055890
2016-05-23,52.667930603027344,10093334
2016-05-24,52.1524543762207,3545037
2016-05-25,53.218955993652344,7201959
2016-05-26,53.5389289855957,11348343
2016-05-27,53.6278076171875,7635493
2016-05-30,53.947750091552734,6049447
2016-05-31,53.32562255859375,4297008
2016-06-01,52.93456268310547,5018958
2016-06-02,53.3967170715332,3951078
2016-06-03,53.467796325683594,3453446
2016-06-06,53.05897903442383,2395810
2016-06-07,53.290061950683594,3771426
2016-06-08,54.232147216796875,3804592
2016-06-09,54.321041107177734,4520638
2016-06-10,54.889827728271484,8988984
2016-06-13,53.965518951416016,7199310
2016-06-14,53.521141052246094,2914984
2016-06-15,54.889827728271484,5287666
2016-06-16,54.96094512939453,5385026
2016-06-17,55.8319206237793,8985642
2016-06-20,55.68971633911133,5237563
2016-06-21,55.458641052246094,5276594
2016-06-22,55.316429138183594,4797461
2016-06-23,55.68971633911133,5027803
2016-06-24,55.38753128051758,6010853
2016-06-27,54.74763107299805,5121198
2016-06-28,55.26312255859375,5842035
2016-06-29,56.61402893066406,9838712
2016-06-30,57.98271942138672,18696297
2016-07-01,58.71150207519531,9960809
2016-07-04,58.80038070678711,5753019
2016-07-05,57.32503890991211,5510329
2016-07-07,58.071590423583984,5911690
2016-07-08,58.46266174316406,7803900
2016-07-11,59.226985931396484,11133401
2016-07-12,59.226985931396484,9182267
2016-07-13,57.5383415222168,11106820
2016-07-14,58.67594909667969,7428442
2016-07-15,58.39155578613281,6629943
2016-07-18,58.01825714111328,3891623
2016-07-19,59.1558723449707,5987973
2016-07-20,59.8491096496582,7071425
2016-07-21,57.7694091796875,4189305
2016-07-22,59.13810729980469,7206087
2016-07-25,60.06240463256836,3967394
2016-07-26,60.93341064453125,8278821
2016-07-27,61.30666732788086,8851677
2016-07-28,62.639808654785156,31420184
2016-07-29,62.56871032714844,12377513
2016-08-01,62.99531555175781,11965659
2016-08-02,63.59967041015625,6487056
2016-08-03,62.53316879272461,10713465
2016-08-04,63.350830078125,9047354
2016-08-05,62.7464714050293,8816394
2016-08-08,63.45748519897461,9540514
2016-08-09,62.60426330566406,6314021
2016-08-10,61.999916076660156,3789657
2016-08-11,61.875492095947266,5017074
2016-08-12,63.297489166259766,4369997
2016-08-16,63.101966857910156,22372774
2016-08-17,62.08878707885742,11599079
2016-08-18,64.70173645019531,20664320
2016-08-19,64.32846069335938,16563739
2016-08-22,64.6839599609375,11335483
2016-08-23,64.75508117675781,7423678
2016-08-24,64.80838775634766,5319170
2016-08-25,64.7906265258789,12995397
2016-08-26,64.27513122558594,7097916
2016-08-29,64.07959747314453,2956326
2016-08-30,65.16390228271484,5212793
2016-08-31,65.30610656738281,6435761
2016-09-01,65.51940155029297,6116318
2016-09-02,65.34165954589844,3858397
2016-09-06,66.33705139160156,9001076
2016-09-07,65.67937469482422,5024999
2016-09-08,66.81201934814453,5980354
2016-09-09,65.8801040649414,5051740
2016-09-12,64.60765075683594,4144478
2016-09-14,64.21337890625,6680869
2016-09-15,62.654212951660156,8920122
2016-09-16,63.10224151611328,21690721
2016-09-19,63.586124420166016,4266806
2016-09-20,63.837039947509766,4769662
2016-09-21,62.83342742919922,4957941
2016-09-22,63.998321533203125,4676363
2016-09-23,63.06640625,7599534
2016-09-26,62.97679138183594,6333433
2016-09-27,63.156002044677734,6069513
2016-09-28,63.962459564208984,4515648
2016-09-29,62.15240478515625,13380901
2016-09-30,63.28147506713867,11831869
2016-10-03,64.94817352294922,9403402
2016-10-04,64.87649536132812,7967290
2016-10-05,65.01985931396484,5347763
2016-10-06,63.76534652709961,5654229
2016-10-07,63.42483901977539,3980080
2016-10-10,63.81909942626953,4458994
2016-10-13,62.725887298583984,14897308
2016-10-14,63.69366455078125,4958871
2016-10-17,63.10224151611328,4534814
2016-10-18,63.227691650390625,7289895
2016-10-19,63.998321533203125,9020687
2016-10-20,64.0341567993164,4037879
2016-10-21,63.42483901977539,10350237
2016-10-24,63.12015914916992,2945373
2016-10-25,63.9266242980957,3002870
2016-10-26,62.90510177612305,3927291
2016-10-27,62.90510177612305,7017500
2016-10-28,63.04847717285156,4282450
2016-11-01,63.40690231323242,5277438
2016-11-02,62.761722564697266,4859666
2016-11-03,62.70796203613281,4078615
2016-11-04,62.20616149902344,4179894
2016-11-07,62.367454528808594,7660803
2016-11-08,63.4427490234375,3265787
2016-11-09,64.5897445678711,13247214
2016-11-10,67.54681396484375,18046820
2016-11-11,65.62918853759766,8770575
2016-11-15,66.29229736328125,11489252
2016-11-16,67.56475067138672,10203154
2016-11-17,69.141845703125,9392264
2016-11-18,68.80134582519531,12168642
2016-11-21,66.32815551757812,12187225
2016-11-22,65.8621826171875,11976002
2016-11-23,65.10946655273438,13625626
2016-11-24,66.32815551757812,18404432
2016-11-25,67.61849212646484,14716858
2016-11-28,68.28160858154297,10318399
2016-11-29,67.9052505493164,12406804
2016-11-30,68.7834243774414,7446808
2016-12-01,66.05931091308594,11056167
2016-12-02,65.8801040649414,9676372
2016-12-05,66.34606170654297,12282830
2016-12-06,65.55751037597656,4550359
2016-12-07,65.3962173461914,4265108
2016-12-08,66.543212890625,5413273
2016-12-09,66.11309051513672,3451184
2016-12-12,66.2206039428711,3689403
2016-12-13,66.39983367919922,4417447
2016-12-14,65.21700286865234,7312670
2016-12-15,65.71881103515625,5253972
2016-12-16,65.8801040649414,26025533
2016-12-19,65.98762512207031,3627943
2016-12-20,65.21700286865234,5757036
2016-12-21,65.6829605102539,5279390
2016-12-22,65.14530181884766,2653684
2016-12-23,65.34244537353516,4805945
2016-12-26,64.08792114257812,5932940
2016-12-27,64.89441680908203,4555998
2016-12-28,64.5180435180664,3739977
2016-12-29,64.53598022460938,14737238
2016-12-30,65.77256774902344,4872601
2017-01-02,65.82632446289062,1811713
2017-01-03,67.40343475341797,7819727
2017-01-04,66.93746185302734,7829503
2017-01-05,68.40706634521484,6362320
2017-01-06,67.67227172851562,6298387
2017-01-09,66.86578369140625,2956484
2017-01-10,66.86578369140625,4626997
2017-01-11,68.03069305419922,21835704
2017-01-12,70.9698715209961,26857806
2017-01-13,70.66519927978516,23933005
2017-01-16,71.4716796875,8473484
2017-01-17,70.88026428222656,10193606
2017-01-18,71.13116455078125,21229809
2017-01-19,72.3319091796875,8756982
2017-01-20,71.4716796875,12987134
2017-01-23,71.7583999633789,7334154
2017-01-24,72.88746643066406,7122776
2017-01-25,72.79788208007812,10336365
2017-01-27,73.3176040649414,11095330
2017-01-30,73.72979736328125,5832917
2017-01-31,74.2674560546875,7593736
2017-02-01,73.7656478881836,7325455
2017-02-02,73.1025390625,7773806
2017-02-03,72.29605102539062,4479429
2017-02-06,72.08100128173828,6337200
2017-02-07,71.65087890625,6562928
2017-02-08,72.08100128173828,9024346
2017-02-09,72.45736694335938,12790725
2017-02-10,71.65087890625,16817238
2017-02-13,72.77995300292969,9508762
2017-02-14,71.99139404296875,9403263
2017-02-15,72.20645141601562,7302351
2017-02-16,72.45861053466797,6272531
2017-02-17,72.96292114257812,4966775
2017-02-20,74.36779022216797,9917513
2017-02-21,74.25971984863281,7428835
2017-02-22,72.6207046508789,26345564
2017-02-23,71.7381820678711,13404307
2017-02-27,69.43275451660156,14798634
2017-02-28,69.21663665771484,10051421
2017-03-01,69.39673614501953,10348326
2017-03-02,68.35208129882812,10629352
2017-03-03,68.74832916259766,8454072
2017-03-06,69.82899475097656,14858083
2017-03-07,70.08114624023438,11746802
2017-03-08,70.4593734741211,7938282
2017-03-09,70.04513549804688,9777769
2017-03-10,69.36071014404297,16388459
2017-03-14,69.75695037841797,11886293
2017-03-15,69.50479125976562,7772586
2017-03-16,70.27926635742188,5161993
2017-03-17,69.88302612304688,9522200
2017-03-20,69.73892974853516,9378518
2017-03-21,69.61285400390625,8126819
2017-03-22,69.19859313964844,8203222
2017-03-23,69.54080963134766,5875356
2017-03-24,69.79297637939453,6164329
2017-03-27,70.18919372558594,7104197
2017-03-28,70.8556137084961,6020578
2017-03-29,70.90965270996094,6451066
2017-03-30,70.40534973144531,13016042
2017-03-31,71.0717544555664,8522874
2017-04-03,70.6755142211914,9945512
2017-04-05,70.2432632446289,7061975
2017-04-06,71.03573608398438,7466431
2017-04-07,70.2432632446289,9205565
2017-04-10,70.35133361816406,5763232
2017-04-11,71.7381820678711,10668096
2017-04-12,71.17984008789062,6620702
2017-04-13,72.04437255859375,5910355
2017-04-17,72.87286376953125,11138596
2017-04-18,72.89087677001953,7675098
2017-04-19,76.07884979248047,29099215
2017-04-20,75.25032043457031,11822555
2017-04-21,74.06159210205078,7938078
2017-04-24,73.79141235351562,7520828
2017-04-25,75.14225769042969,6293621
2017-04-26,74.09761047363281,5977354
2017-04-27,74.83606719970703,13646716
2017-04-28,74.92613220214844,5477289
2017-05-02,74.20567321777344,5123042
2017-05-03,76.0248031616211,10859280
2017-05-04,75.8807144165039,12952295
2017-05-05,75.28633117675781,4993008
2017-05-08,75.6465835571289,6855459
2017-05-09,75.05220794677734,4729357
2017-05-10,75.8266830444336,4623710
2017-05-11,74.99818420410156,4946190
2017-05-12,74.29574584960938,5386419
2017-05-15,74.45783996582031,5353854
2017-05-16,74.70999908447266,4077710
2017-05-17,75.21430969238281,3694898
2017-05-18,75.01618957519531,5797418
2017-05-19,74.11563110351562,17793954
2017-05-22,72.9449234008789,7423973
2017-05-23,72.54866790771484,6465473
2017-05-24,72.00833892822266,6650433
2017-05-25,71.66612243652344,9992276
2017-05-26,72.83683776855469,6466364
2017-05-29,75.32238006591797,14504778
2017-05-30,73.52127075195312,10884114
2017-05-31,74.90811157226562,7781359
2017-06-01,74.80006408691406,6369921
2017-06-02,74.24170684814453,6713770
2017-06-05,73.95352172851562,5093948
2017-06-06,73.2871322631836,5324457
2017-06-07,73.86347961425781,7605903
2017-06-08,74.69200134277344,7487370
2017-06-09,74.63795471191406,6432439
2017-06-12,74.27772521972656,3684911
2017-06-13,75.73662567138672,15775215
2017-06-14,75.8266830444336,13639132
2017-06-15,75.77264404296875,5595511
2017-06-16,75.6285629272461,6127735
2017-06-19,76.51109313964844,6393073
2017-06-20,75.03418731689453,12876594
2017-06-21,74.09761047363281,13855413
2017-06-22,72.87286376953125,33713902
2017-06-23,74.20567321777344,9034020
2017-06-27,74.11563110351562,6947747
2017-06-28,74.78205871582031,7103873
2017-06-29,74.92613220214844,7577681
2017-06-30,75.84468841552734,7751039
2017-07-03,76.16889190673828,8768284
2017-07-04,75.89871978759766,4530105
2017-07-05,75.66458129882812,6062229
2017-07-06,75.59254455566406,5577232
2017-07-07,75.44845581054688,7641379
2017-07-10,76.13288879394531,2844699
2017-07-11,76.34900665283203,13833624
2017-07-12,77.08746337890625,9211263
2017-07-13,77.48371124267578,9596900
2017-07-14,77.51972198486328,4889330
2017-07-17,78.06005859375,6302565
2017-07-18,77.5917739868164,7549621
2017-07-19,78.76248168945312,8521832
2017-07-20,78.780517578125,10233967
2017-07-21,77.55574798583984,4948380
2017-07-24,78.07807159423828,6137724
2017-07-25,78.16812896728516,6113154
2017-07-26,78.27618408203125,5258903
2017-07-27,78.04205322265625,21380991
2017-07-28,77.32160949707031,8260545
2017-07-31,80.43750762939453,17403810
2017-08-01,80.83378601074219,15263765
2017-08-02,79.8971939086914,12014487
2017-08-03,80.31144714355469,5285543
2017-08-04,80.90581512451172,7975937
2017-08-07,81.39212036132812,4619568
2017-08-08,80.29344177246094,3229672
2017-08-09,79.9332046508789,4573769
2017-08-10,78.31221771240234,6813656
2017-08-11,78.85255432128906,8860877
2017-08-14,80.2394027709961,4990789
2017-08-16,79.50093841552734,5221989
2017-08-17,79.05067443847656,2837686
2017-08-18,80.31144714355469,7721084
2017-08-21,79.35685729980469,5203218
2017-08-22,79.06867980957031,6646897
2017-08-23,79.15873718261719,5312780
2017-08-24,79.59098815917969,5492256
2017-08-28,78.20413970947266,9753985
2017-08-29,77.55574798583984,12235532
2017-08-30,77.66383361816406,9313551
2017-08-31,78.97862243652344,8143692
2017-09-01,77.9880142211914,8803556
2017-09-04,78.38423919677734,6239751
2017-09-05,77.87993621826172,3937595
2017-09-06,77.19551849365234,4800221
2017-09-07,77.77188873291016,5008597
2017-09-08,76.76326751708984,8588797
2017-09-11,78.90423583984375,6205180
2017-09-12,78.79441833496094,4307268
2017-09-13,78.22715759277344,3679773
2017-09-14,78.30035400390625,6793237
2017-09-15,77.76968383789062,9054445
2017-09-18,78.81272888183594,10470233
2017-09-19,78.99571990966797,5530915
2017-09-20,77.91606903076172,5687495
2017-09-21,77.4220199584961,5113744
2017-09-22,76.69005584716797,5195124
2017-09-25,76.90963745117188,13057600
2017-09-26,77.1292495727539,6570371
2017-09-27,76.1777114868164,7885119
2017-09-28,76.48876953125,11633088
2017-09-29,77.22073364257812,13782560
2017-10-03,75.44574737548828,12296210
2017-10-04,76.50706481933594,12075908
2017-10-05,75.00659942626953,17352392
2017-10-06,74.93338012695312,13466622
2017-10-09,73.54269409179688,21446056
2017-10-10,74.93338012695312,14560236
2017-10-11,74.23802947998047,11830976
2017-10-12,74.0367431640625,5518551
2017-10-13,75.26275634765625,11394674
2017-10-16,75.29936981201172,11521216
2017-10-17,74.98828125,4936452
2017-10-18,78.15396118164062,18484486
2017-10-19,77.09264373779297,559370
2017-10-23,78.15396118164062,14162373
2017-10-24,78.70293426513672,7050716
2017-10-25,79.08719635009766,16306452
2017-10-26,77.58671569824219,23524154
2017-10-27,77.4952163696289,9985329
2017-10-30,77.73308563232422,4118717
2017-10-31,77.53181457519531,16442260
2017-11-01,76.98284149169922,12417385
2017-11-02,78.75782012939453,16259892
2017-11-03,76.873046875,26293141
2017-11-06,77.11092376708984,7985183
2017-11-07,75.99472045898438,9702210
2017-11-08,76.1777114868164,12777065
2017-11-09,76.12279510498047,9492091
2017-11-10,77.34882354736328,8999608
2017-11-13,77.22073364257812,7885278
2017-11-14,75.73853302001953,4927717
2017-11-15,75.75682830810547,8653007
2017-11-16,76.23259735107422,18027175
2017-11-17,76.34237670898438,9193722
2017-11-20,76.41557312011719,8277194
2017-11-21,75.6104507446289,15596732
2017-11-22,75.77513122558594,8665005
2017-11-23,76.50706481933594,6824919
2017-11-24,77.2939224243164,7734712
2017-11-27,76.90963745117188,14811199
2017-11-28,76.25089263916016,21546865
2017-11-29,76.39730072021484,7324543
2017-11-30,75.40914916992188,19256592
2017-12-01,74.2746353149414,8172074
2017-12-04,74.20144653320312,7124561
2017-12-05,73.30479431152344,17485101
2017-12-06,73.2864990234375,5557173
2017-12-07,74.0367431640625,11119755
2017-12-08,74.32952880859375,14615599
2017-12-11,74.76869201660156,8231500
2017-12-12,74.25633239746094,8310332
2017-12-13,73.37799072265625,12105970
2017-12-14,73.23162078857422,12838407
2017-12-15,72.77413940429688,22654959
2017-12-18,73.15841674804688,16832008
2017-12-19,74.14654541015625,20133065
2017-12-20,74.2746353149414,14097971
2017-12-21,74.32952880859375,7881749
2017-12-22,74.31124114990234,7399925
2017-12-26,74.09164428710938,7946762
2017-12-27,73.6341781616211,7831439
2017-12-28,72.88392639160156,15796200
2017-12-29,73.3230972290039,8561565
2018-01-01,73.26820373535156,6388017
2018-01-02,73.46949005126953,4383705
2018-01-03,73.79885864257812,8187397
2018-01-04,73.3230972290039,4204055
2018-01-05,73.6524658203125,4923559
2018-01-08,73.39629364013672,11797863
2018-01-09,73.56098937988281,7380366
2018-01-10,73.14009857177734,8710385
2018-01-11,72.40813446044922,12305664
2018-01-12,71.85920715332031,9411915
2018-01-15,72.93882751464844,9962401
2018-01-16,71.80431365966797,13205546
2018-01-17,72.24346160888672,13012437
2018-01-18,72.09708404541016,24603506
2018-01-19,71.76771545410156,8082214
2018-01-22,71.47492980957031,9833311
2018-01-23,71.67621612548828,16134097
2018-01-24,71.71281433105469,11061376
2018-01-25,71.10894775390625,13143678
2018-01-29,71.05406188964844,11002896
2018-01-30,71.34683227539062,22826262
2018-01-31,70.92597198486328,14372442
2018-02-01,71.31022644042969,17028230
2018-02-02,70.59657287597656,22083930
2018-02-05,71.9140853881836,21997294
2018-02-06,71.34683227539062,13495253
2018-02-07,71.5481185913086,14316750
2018-02-08,71.60371398925781,33536651
2018-02-09,71.60371398925781,15183068
2018-02-12,73.56800079345703,11747845
2018-02-14,72.43761444091797,13853923
2018-02-15,73.34562683105469,8833619
2018-02-16,72.47468566894531,6252218
2018-02-19,71.95577239990234,4332550
2018-02-20,72.27080535888672,8479558
2018-02-21,71.88166809082031,9258406
2018-02-22,70.51036071777344,25535938
2018-02-23,71.62223815917969,11567495
2018-02-26,72.6970443725586,8362326
2018-02-27,73.29002380371094,17333449
2018-02-28,73.27149200439453,5795018
2018-03-01,73.16029357910156,8106682
2018-03-05,72.9935302734375,6992551
2018-03-06,71.58517456054688,9525018
2018-03-07,71.65929412841797,9481007
2018-03-08,72.41905212402344,10429826
2018-03-09,71.4925308227539,9887071
2018-03-12,72.27080535888672,14242997
2018-03-13,72.28936004638672,10581316
2018-03-14,72.0299301147461,8577503
2018-03-15,72.19671630859375,6132848
2018-03-16,71.25162506103516,10373796
2018-03-19,71.97431945800781,13496140
2018-03-20,72.23377227783203,9661410
2018-03-21,71.97431945800781,9675146
2018-03-22,71.41839599609375,11371840
2018-03-23,71.99285888671875,9062739
2018-03-26,72.23377227783203,15451169
2018-03-27,72.62291717529297,7563470
2018-03-28,71.62223815917969,14095921
2018-04-02,72.23377227783203,6821616
2018-04-03,73.5865249633789,6269850
2018-04-04,72.65998077392578,9689298
2018-04-05,72.7341079711914,8673501
2018-04-06,72.62291717529297,7948746
2018-04-09,72.58584594726562,4610445
2018-04-10,72.9935302734375,7562115
2018-04-11,73.0120620727539,5790314
2018-04-12,72.77115631103516,3537785
2018-04-13,73.19738006591797,3438013
2018-04-16,73.8274154663086,9628436
2018-04-17,75.9399642944336,23457958
2018-04-18,75.97702026367188,8814122
2018-04-19,77.12594604492188,10627620
2018-04-20,76.79238891601562,5446620
2018-04-23,76.64412689208984,4139986
2018-04-24,76.51441192626953,3594644
2018-04-25,76.84797668457031,5924775
2018-04-26,76.71824645996094,7950190
2018-04-27,77.05181121826172,7371596
2018-04-30,77.03327941894531,5644871
2018-05-02,76.03260803222656,7210903
2018-05-03,76.51441192626953,3782713
2018-05-04,76.86650085449219,22466426
2018-05-07,77.57067108154297,6003886
2018-05-08,78.84931945800781,19748071
2018-05-09,78.5157699584961,13934330
2018-05-10,77.08888244628906,13973187
2018-05-11,76.66267395019531,10688957
2018-05-14,77.4780044555664,13962128
2018-05-15,79.25700378417969,56040833
2018-05-16,79.1087646484375,18183776
2018-05-17,79.1087646484375,17900935
2018-05-18,78.92344665527344,18414996
2018-05-21,78.81226348876953,16669979
2018-05-22,78.10807800292969,9411261
2018-05-23,78.3119125366211,18219990
2018-05-24,78.47868347167969,17260447
2018-05-25,78.58987426757812,30090956
2018-05-28,76.69972229003906,17488299
2018-05-29,76.71824645996094,15749359
2018-05-30,77.64481353759766,36016623
2018-05-31,77.62627410888672,274352477
2018-06-01,76.3291015625,17096388
2018-06-04,74.75397491455078,14456405
2018-06-05,73.69770812988281,13788817
2018-06-06,74.53158569335938,8130515
2018-06-07,75.14311981201172,7683528
2018-06-08,73.34562683105469,12429285
2018-06-11,72.53025817871094,19668041
2018-06-12,72.28936004638672,13416832
2018-06-13,73.43827056884766,10866676
2018-06-14,73.69770812988281,7205187
2018-06-15,73.32708740234375,9527937
2018-06-18,73.62358093261719,4303444
2018-06-19,73.64212799072266,8099053
2018-06-20,73.80889892578125,8160216
2018-06-21,72.43761444091797,10942576
2018-06-22,73.27149200439453,7677797
2018-06-25,71.97431945800781,8701812
2018-06-26,70.6956787109375,9869227
2018-06-27,69.37997436523438,13094540
2018-06-28,68.49049377441406,22542641
2018-06-29,69.25027465820312,8435793
2018-07-02,68.5831527709961,13100144
2018-07-03,68.3978271484375,9990760
2018-07-04,67.82340240478516,10626271
2018-07-05,67.32305145263672,7739370
2018-07-06,67.3786392211914,7229617
2018-07-09,68.37930297851562,10238815
2018-07-10,68.2125473022461,7258266
2018-07-11,67.78630828857422,3825437
2018-07-12,67.67513275146484,11523981
2018-07-13,67.36009979248047,4793733
2018-07-16,67.21186065673828,12191173
2018-07-17,67.2489242553711,4698206
2018-07-18,66.15559387207031,5845129
2018-07-19,65.7664566040039,5980121
2018-07-20,65.15492248535156,5273662
2018-07-23,65.61819458007812,6336970
2018-07-24,65.87763214111328,6260188
2018-07-25,65.0993423461914,7757736
2018-07-26,67.39717102050781,33869484
2018-07-27,66.6744613647461,19690254
2018-07-30,67.89751434326172,10288607
2018-07-31,67.56394958496094,11713824
2018-08-01,68.45343017578125,10299992
2018-08-02,69.93592834472656,12305598
2018-08-03,70.49185180664062,7491196
2018-08-06,70.2138900756836,4944677
2018-08-07,70.08415985107422,3270258
2018-08-08,70.23241424560547,6225545
2018-08-09,71.38133239746094,6328977
2018-08-10,70.62157440185547,4909902
2018-08-13,69.67647552490234,2537940
2018-08-14,69.6394271850586,2304692
2018-08-16,69.5652847290039,3661689
2018-08-17,69.34292602539062,4022502
2018-08-20,69.54676818847656,2487784
2018-08-21,69.50971221923828,3655095
2018-08-23,70.49185180664062,9442607
2018-08-24,70.76982116699219,8393334
2018-08-27,73.30854797363281,14042229
2018-08-28,73.06764221191406,8224129
2018-08-29,71.54811096191406,6955827
2018-08-30,72.9935302734375,22347117
2018-08-31,74.67984771728516,11854651
2018-09-03,72.08551788330078,8999761
2018-09-04,72.06698608398438,5387824
2018-09-05,72.51172637939453,7334087
2018-09-06,73.8644790649414,16457730
2018-09-07,72.53025817871094,4580610
2018-09-10,72.54906463623047,6293799
2018-09-11,70.27426147460938,9560546
2018-09-12,72.86866760253906,13582243
2018-09-14,75.2562484741211,22816500
2018-09-17,75.91423797607422,15162744
2018-09-18,74.78626251220703,4937349
2018-09-19,74.56065368652344,6025625
2018-09-21,75.35025787353516,11174973
2018-09-24,74.29745483398438,3992299
2018-09-25,72.4174575805664,10770907
2018-09-26,72.5114517211914,7286693
2018-09-27,73.15067291259766,8101331
2018-09-28,70.8382568359375,10284429
2018-10-01,72.3422622680664,4684738
2018-10-03,71.04505920410156,10349581
2018-10-04,71.15785217285156,11239097
2018-10-05,70.42466735839844,7035573
2018-10-08,70.18024444580078,4680183
2018-10-09,70.14266204833984,5552286
2018-10-10,70.3682632446289,3526073
2018-10-11,69.82305908203125,10016561
2018-10-12,70.8570556640625,6856067
2018-10-15,70.7254638671875,6926558
2018-10-16,70.38705444335938,6530627
2018-10-17,71.10144805908203,4151254
2018-10-19,71.12025451660156,9497796
2018-10-22,71.12025451660156,4377225
2018-10-23,71.79706573486328,4599675
2018-10-24,71.59025573730469,4510189
2018-10-25,71.92865753173828,7455415
2018-10-26,70.8382568359375,6390862
2018-10-29,71.2706527709961,8374975
2018-10-30,69.99225616455078,5105532
2018-10-31,69.91707611083984,9622136
2018-11-01,70.8570556640625,5603131
2018-11-02,71.3834457397461,6034462
2018-11-05,69.95467376708984,4872816
2018-11-06,70.7254638671875,7337064
2018-11-07,71.08264923095703,223308
2018-11-09,72.07905578613281,9231137
2018-11-12,69.91707611083984,3906667
2018-11-13,69.20266723632812,7750412
2018-11-14,69.91707611083984,9918943
2018-11-15,70.3494644165039,8814911
2018-11-16,70.7254638671875,5537047
2018-11-19,71.32706451416016,5155461
2018-11-20,70.8382568359375,2673334
2018-11-21,68.46946716308594,6426666
2018-11-22,67.60466003417969,6231287
2018-11-26,68.60107421875,5022526
2018-11-27,68.638671875,6727512
2018-11-28,69.2966537475586,9281286
2018-11-29,67.86785125732422,16395530
2018-11-30,67.73625946044922,10573839
2018-12-03,69.10868072509766,11107638
2018-12-04,70.40584564208984,6304336
2018-12-05,68.99584197998047,5774768
2018-12-06,68.99584197998047,8600328
2018-12-07,68.67625427246094,8378029
2018-12-10,67.41667938232422,6431248
2018-12-11,67.79266357421875,6514193
2018-12-12,68.638671875,7396629
2018-12-13,68.638671875,4251108
2018-12-14,69.82305908203125,9276710
2018-12-17,72.39866638183594,23727234
2018-12-18,73.82744598388672,15507368
2018-12-19,74.82383728027344,11434466
2018-12-20,74.4290542602539,7938383
2018-12-21,74.03425598144531,8722621
2018-12-24,72.925048828125,8563441
2018-12-26,73.43266296386719,4766041
2018-12-27,73.90266418457031,46486470
2018-12-28,74.09066009521484,5142112
2018-12-31,74.6922378540039,6317785
2019-01-01,75.19985961914062,3961625
2019-01-02,73.41385650634766,7876559
2019-01-03,72.58665466308594,7942863
2019-01-04,73.65826416015625,4017540
2019-01-07,74.61705017089844,3592512
2019-01-08,74.20345306396484,3990870
2019-01-09,74.29745483398438,4087529
2019-01-10,73.56424713134766,3589725
2019-01-11,73.07546997070312,2995789
2019-01-14,72.3798599243164,5370460
2019-01-15,72.3610610961914,11498868
2019-01-16,72.19185638427734,8515441
2019-01-17,72.90623474121094,5325531
2019-01-18,72.79345703125,4366941
2019-01-21,71.90985870361328,4067143
2019-01-22,71.32706451416016,3577455
2019-01-23,70.04866790771484,6173490
2019-01-24,70.21785736083984,6157088
2019-01-25,69.87946319580078,3868441
2019-01-28,70.6126708984375,7440853
2019-01-29,69.78544616699219,17469350
2019-01-30,70.3494644165039,12711500
2019-01-31,70.91343688964844,25774313
2019-02-01,71.51506042480469,9474849
2019-02-04,69.40946197509766,3678667
2019-02-05,69.97345733642578,5500377
2019-02-06,70.2366714477539,4322649
2019-02-07,69.40946197509766,4309303
2019-02-08,68.05586242675781,7692145
2019-02-11,68.5634765625,7913450
2019-02-12,68.14985656738281,11930402
2019-02-14,65.78106689453125,36962390
2019-02-15,68.24388122558594,16005610
2019-02-18,67.96186065673828,7973918
2019-02-19,67.47306823730469,10824411
2019-02-20,68.35667419433594,9658184
2019-02-21,68.35667419433594,9197823
2019-02-22,68.39424896240234,12182132
2019-02-25,68.4130630493164,29907322
2019-02-26,68.13107299804688,13683801
2019-02-27,68.22506713867188,13566494
2019-02-28,68.75145721435547,69863939
2019-03-01,68.88306427001953,7227772
2019-03-05,68.80787658691406,15733697
2019-03-06,69.37186431884766,20336766
2019-03-07,70.3682632446289,12295538
2019-03-08,70.31185150146484,6211299
2019-03-11,73.05665588378906,17678891
2019-03-12,73.82744598388672,26457157
2019-03-13,73.22584533691406,6930222
2019-03-14,72.7142105102539,8466765
2019-03-15,74.90416717529297,14301914
2019-03-18,76.37706756591797,14247336
2019-03-19,77.13288116455078,16995997
2019-03-20,76.51270294189453,9060589
2019-03-22,76.93910217285156,8782833
2019-03-25,78.29569244384766,14506515
2019-03-26,78.62515258789062,8371544
2019-03-27,77.59801483154297,11579885
2019-03-28,76.84219360351562,17034861
2019-04-01,75.79568481445312,10617688
2019-04-02,77.44297790527344,17946031
2019-04-03,77.88871765136719,15076661
2019-04-04,77.26854705810547,10130253
2019-04-05,76.08635711669922,9883976
2019-04-08,76.88094329833984,13511642
2019-04-09,76.88094329833984,10655872
2019-04-10,76.9972152709961,8637199
2019-04-11,75.95069885253906,13713296
2019-04-12,76.37706756591797,11004111
2019-04-15,76.76465606689453,8965316
2019-04-16,76.2995376586914,4918434
2019-04-18,75.3111572265625,11593259
2019-04-22,75.50497436523438,7772049
2019-04-23,74.8072738647461,6686014
2019-04-24,74.40028381347656,7288151
2019-04-25,74.2452621459961,17599280
2019-04-26,73.95455932617188,8664580
2019-04-30,72.24909210205078,14290974
2019-05-02,73.72199249267578,8897549
2019-05-03,73.97392272949219,10782838
2019-05-06,73.81888580322266,5477945
2019-05-07,74.2452621459961,9450289
2019-05-08,73.64447021484375,10180731
2019-05-09,72.83050537109375,7921214
2019-05-10,71.91962432861328,5938686
2019-05-13,70.79557800292969,5504435
2019-05-14,70.4079818725586,11334983
2019-05-15,69.18704223632812,7616268
2019-05-16,70.48551177978516,8660893
2019-05-17,70.60179138183594,10183233
2019-05-20,72.88864135742188,6287120
2019-05-21,71.2994613647461,7748239
2019-05-22,70.58240509033203,6972640
2019-05-23,71.57079315185547,13966122
2019-05-24,71.9583969116211,7240775
2019-05-27,72.61731719970703,6424176
2019-05-28,73.72199249267578,11255911
2019-05-29,73.7026138305664,8310232
2019-05-30,74.10960388183594,34989609
2019-05-31,73.3731460571289,11849847
2019-06-03,74.82665252685547,12106965
2019-06-04,74.78790283203125,11447117
2019-06-06,75.75690460205078,26132949
2019-06-07,74.32276153564453,8783688
2019-06-10,75.3111572265625,11231885
2019-06-11,75.05919647216797,6589306
2019-06-12,74.0902099609375,7509749
2019-06-13,75.13674926757812,11041648
2019-06-14,75.42745208740234,34979466
2019-06-17,75.2142562866211,10860754
2019-06-18,76.66776275634766,17815522
2019-06-19,77.63677215576172,32722391
2019-06-20,77.88871765136719,11459458
2019-06-21,77.48173522949219,16601442
2019-06-24,77.15228271484375,9883389
2019-06-25,78.14067077636719,10375296
2019-06-26,81.2608413696289,31182825
2019-06-27,80.5050277709961,13741562
2019-06-28,80.1949462890625,12067819
2019-07-01,80.25309753417969,11211814
2019-07-02,80.36937713623047,12203723
2019-07-03,80.98954772949219,13693989
2019-07-04,81.47403717041016,12324046
2019-07-05,79.78794860839844,12525923
2019-07-08,78.00502014160156,8948141
2019-07-09,79.36161041259766,6875651
2019-07-10,79.57479858398438,12675299
2019-07-11,80.85387420654297,7808266
2019-07-12,80.11742401123047,6349095
2019-07-15,79.43913269042969,6656137
2019-07-16,80.97014617919922,6627472
2019-07-17,80.6213150024414,6388864
2019-07-18,79.59415435791016,8419638
2019-07-19,79.72982788085938,10869152
2019-07-22,79.10964965820312,9061812
2019-07-23,81.5709228515625,14046808
2019-07-24,81.31900024414062,18181391
2019-07-25,82.61746215820312,28085772
2019-07-26,81.99729919433594,10950941
2019-07-29,80.58255767822266,5948953
2019-07-30,80.71821594238281,10050004
2019-07-31,81.70659637451172,26229893
2019-08-01,82.94693756103516,27069006
2019-08-02,81.60968780517578,20863783
2019-08-05,77.96622467041016,18063375
2019-08-06,76.7840576171875,11846580
2019-08-07,77.07475280761719,9432897
2019-08-08,78.5670166015625,6595239
2019-08-09,78.29569244384766,9175926
2019-08-13,78.29569244384766,7558090
2019-08-14,79.51663970947266,8024154
2019-08-16,81.84225463867188,11894601
2019-08-19,81.21465301513672,8100095
2019-08-20,80.82242584228516,8711658
2019-08-21,80.371337890625,5649369
2019-08-22,79.52800750732422,5059207
2019-08-23,79.0376968383789,7611285
2019-08-26,79.58683776855469,7846961
2019-08-27,81.01853942871094,18828020
2019-08-28,80.70475006103516,15756988
2019-08-29,80.33210754394531,8660979
2019-08-30,78.64543914794922,15630977
2019-09-03,77.29220581054688,9494810
2019-09-04,77.23335266113281,8565768
2019-09-05,78.1943588256836,14199248
2019-09-06,79.82218170166016,13782929
2019-09-09,79.58683776855469,4769289
2019-09-11,78.99847412109375,7723322
2019-09-12,78.31204223632812,11516235
2019-09-13,79.48876953125,7223537
2019-09-16,79.29265594482422,6031015
2019-09-17,78.62582397460938,5823968
2019-09-18,79.2534408569336,7206830
2019-09-19,78.90040588378906,6306748
2019-09-20,76.95878601074219,51859153
2019-09-23,73.86003875732422,24586363
2019-09-24,74.703369140625,18234411
2019-09-25,77.9590072631836,48245282
2019-09-26,78.15514373779297,15826874
2019-09-27,77.70405578613281,10034452
2019-09-30,78.07669830322266,9111327
2019-10-01,77.07646179199219,7634447
2019-10-03,78.0963134765625,9432906
2019-10-04,77.09608459472656,19442087
2019-10-07,77.07646179199219,11655995
2019-10-09,77.54715728759766,8504262
2019-10-10,78.0963134765625,6982965
2019-10-11,78.84156799316406,10517558
2019-10-14,77.82173156738281,11162487
2019-10-15,78.93964385986328,5013200
2019-10-16,77.88057708740234,6668842
2019-10-17,77.54715728759766,7899823
2019-10-18,79.44956970214844,8795448
2019-10-22,80.43017578125,10675241
2019-10-23,80.90086364746094,5777589
2019-10-24,80.05752563476562,5428181
2019-10-25,79.60645294189453,3993616
2019-10-27,79.37110900878906,388417
2019-10-29,78.8611831665039,5943950
2019-10-30,78.4297103881836,6419057
2019-10-31,77.8021240234375,15582577
2019-11-01,77.39026641845703,8803683
2019-11-04,76.39002990722656,15175738
2019-11-05,76.64500427246094,8153818
2019-11-06,76.5273208618164,9183411
2019-11-07,76.17430877685547,15498054
2019-11-08,75.174072265625,11762251
2019-11-11,75.21328735351562,10089055
2019-11-13,74.23265838623047,9456977
2019-11-14,73.74236297607422,19380370
2019-11-15,73.60509490966797,18256039
2019-11-18,74.78181457519531,11766437
2019-11-19,76.66461181640625,22218922
2019-11-20,76.91956329345703,9597590
2019-11-21,76.99801635742188,12107895
2019-11-22,77.9590072631836,16199814
2019-11-25,77.9001693725586,6529113
2019-11-26,76.25274658203125,21594044
2019-11-27,76.5273208618164,12155700
2019-11-28,76.93917846679688,6724188
2019-11-29,75.8212890625,17547179
2019-12-02,75.07599639892578,19957065
2019-12-03,74.29150390625,7451455
2019-12-04,73.89926147460938,10311154
2019-12-05,73.46778869628906,4569931
2019-12-06,73.1932144165039,5388071
2019-12-09,73.72276306152344,5459781
2019-12-10,71.68307495117188,10563080
2019-12-11,71.29081726074219,39214905
2019-12-12,72.46754455566406,63493233
2019-12-13,72.84020233154297,12987237
2019-12-16,73.33050537109375,8479418
2019-12-17,73.76197052001953,17903634
2019-12-18,73.4285659790039,10099352
2019-12-19,73.1147689819336,5749401
2019-12-20,72.99708557128906,9690984
2019-12-23,72.8794174194336,17045076
2019-12-24,73.40895080566406,3748896
2019-12-26,72.50680541992188,3925143
2019-12-27,74.15421295166016,7122947
2019-12-30,74.64453887939453,6925363
2019-12-31,74.62490844726562,11907723
2020-01-01,76.68421173095703,13620373
2020-01-02,76.5273208618164,5673692
2020-01-03,75.70362091064453,7358268
2020-01-06,75.7428207397461,7355290
2020-01-07,75.19367980957031,14023712
2020-01-08,74.74258422851562,9451757
2020-01-09,75.6839828491211,7714854
2020-01-10,75.37020874023438,4118638
2020-01-13,76.40965270996094,27682638
2020-01-14,76.58617401123047,5994314
2020-01-15,76.19391632080078,7114590
2020-01-16,77.0568618774414,8552344
2020-01-17,77.42948150634766,4698386
2020-01-20,80.27327728271484,49337827
2020-01-21,78.6846694946289,17283910
2020-01-22,78.46894073486328,56787054
2020-01-23,79.21421813964844,226059260
2020-01-24,77.25297546386719,16151679
2020-01-27,75.70362091064453,8213919
2020-01-28,74.703369140625,9174575
2020-01-29,75.46824645996094,17600091
2020-01-30,76.25274658203125,26386034
2020-01-31,73.29129028320312,63986362
2020-02-03,73.4874038696289,16329297
2020-02-04,76.23313903808594,14207381
2020-02-05,74.27188873291016,14550344
2020-02-06,75.66437530517578,9175642
2020-02-07,74.68376159667969,18058457
2020-02-10,73.1932144165039,30471811
2020-02-11,74.33071899414062,32456571
2020-02-12,74.27188873291016,16386952
2020-02-13,74.74258422851562,18581113
2020-02-14,72.21260833740234,23830630
2020-02-17,72.0164794921875,17670292
2020-02-18,72.56562042236328,30879880
2020-02-19,73.54624938964844,22313738
2020-02-20,74.23265838623047,25907657
2020-02-24,72.99708557128906,14921452
2020-02-25,73.01670837402344,17807428
2020-02-26,72.89903259277344,17113656
2020-02-27,73.1343765258789,28472046
2020-02-28,71.1927490234375,28010970
2020-03-02,71.97724914550781,19540018
2020-03-03,75.19367980957031,16039306
2020-03-04,77.29220581054688,16939245
2020-03-05,76.86074829101562,9715265
2020-03-06,74.76220703125,14371982
2020-03-09,70.97704315185547,69609292
2020-03-11,71.15354919433594,42604599
2020-03-12,65.15217590332031,58418097
2020-03-13,65.85822296142578,44617540
2020-03-16,64.23554992675781,39669086
2020-03-17,65.88260650634766,35460792
2020-03-18,58.623313903808594,119909061
2020-03-19,59.843360900878906,44039786
2020-03-20,63.95086669921875,131485883
2020-03-23,62.22247314453125,39665620
2020-03-24,59.904380798339844,42302851
2020-03-25,61.10409164428711,23309603
2020-03-26,64.39823150634766,25329120
2020-03-27,65.06925201416016,28883749
2020-03-30,63.30018997192383,22364337
2020-03-31,64.70323944091797,24838523
2020-04-01,62.8731575012207,14182117
2020-04-03,63.52385711669922,21066826
2020-04-07,64.25587463378906,24741992
2020-04-08,64.39823150634766,21481260
2020-04-09,66.87898254394531,15607786
2020-04-13,65.04891204833984,14901247
2020-04-15,64.88624572753906,25249654
2020-04-16,66.45198059082031,31150756
2020-04-17,68.22103881835938,18536308
2020-04-20,67.3060073852539,24177042
2020-04-21,66.1469497680664,13915863
2020-04-22,65.96394348144531,19702407
2020-04-23,64.25587463378906,32128585
2020-04-24,64.72355651855469,33134279
2020-04-27,64.90657806396484,9762001
2020-04-28,63.9305305480957,26134701
2020-04-29,64.27619934082031,14509262
2020-04-30,65.90294647216797,18702868
2020-05-04,64.68289947509766,12598146
2020-05-05,66.55363464355469,18305545
2020-05-06,67.26531219482422,12853774
2020-05-07,65.78095245361328,8561359
2020-05-08,64.66255950927734,30898767
2020-05-11,64.58123016357422,9453421
2020-05-12,66.41130065917969,19986028
2020-05-13,67.77367401123047,27175817
2020-05-14,65.39458465576172,26454121
2020-05-15,64.98788452148438,20009870
2020-05-18,62.832489013671875,32898286
2020-05-19,64.27619934082031,12276533
2020-05-20,64.43888854980469,24677051
2020-05-21,64.62188720703125,17176100
2020-05-22,63.381507873535156,25080927
2020-05-26,63.99154281616211,18512685
2020-05-27,63.91018295288086,22655078
2020-05-28,63.95086669921875,25797051
2020-05-29,64.07286834716797,63844851
2020-06-01,64.6015625,45314328
2020-06-02,67.12297821044922,43626060
2020-06-03,66.91967010498047,13811685
2020-06-04,68.83106231689453,23992166
2020-06-05,69.72576904296875,22851633
2020-06-08,70.0917739868164,11723588
2020-06-09,69.3597412109375,8412588
2020-06-10,69.15641021728516,10101681
2020-06-11,69.5427474975586,22109491
2020-06-12,67.63135528564453,20331770
2020-06-15,66.39095306396484,13833335
2020-06-16,66.16727447509766,13972830
2020-06-17,64.86591339111328,28371013
2020-06-18,67.28565979003906,19720997
2020-06-19,69.70543670654297,21577413
2020-06-22,72.633544921875,33039735
2020-06-23,76.2326889038086,34298071
2020-06-24,72.59288024902344,32910525
2020-06-25,72.93855285644531,40909792
2020-06-26,72.8775405883789,11954078
2020-06-29,72.49120330810547,7547198
2020-06-30,71.10847473144531,11889584
2020-07-01,70.53913116455078,15209917
2020-07-02,71.21015167236328,15481100
2020-07-03,72.22686767578125,22720042
2020-07-06,72.38953399658203,11724475
2020-07-07,70.39678192138672,20855578
2020-07-08,69.0344009399414,16818545
2020-07-09,69.76642608642578,16110083
2020-07-10,70.19344329833984,23809286
2020-07-13,68.77006530761719,10803798
2020-07-14,66.43163299560547,16288923
2020-07-15,66.51297760009766,15061461
2020-07-16,65.96394348144531,15458966
2020-07-17,66.41130065917969,13711930
2020-07-20,66.49264526367188,8390572
2020-07-21,70.62046813964844,33717545
2020-07-22,73.06055450439453,46076322
2020-07-23,73.91458129882812,18738194
2020-07-24,74.0162582397461,14438899
2020-07-27,73.56891632080078,11938756
2020-07-28,73.97559356689453,11893746
2020-07-29,73.91458129882812,13335993
2020-07-30,71.92184448242188,23995122
2020-07-31,72.51152801513672,14354565
2020-08-03,72.61319732666016,12500988
2020-08-04,72.49120330810547,9628257
2020-08-05,71.55583953857422,10577794
2020-08-06,71.53549194335938,8564058
2020-08-07,71.55583953857422,8026904
2020-08-10,72.08452606201172,7766140
2020-08-11,71.92184448242188,21833550
2020-08-12,72.4098892211914,19435650
2020-08-13,72.69454193115234,10641012
2020-08-14,71.3321533203125,17130105
2020-08-17,72.65387725830078,17368089
2020-08-18,72.2878646850586,13890131
2020-08-19,72.12516784667969,12400644
2020-08-20,73.69091033935547,44062975
2020-08-21,76.9037094116211,49949864
2020-08-24,75.33798217773438,19724617
2020-08-25,75.1346435546875,10109220
2020-08-26,75.378662109375,18000615
2020-08-27,75.3176498413086,10363056
2020-08-28,74.13826751708984,12114955
2020-08-31,72.77588653564453,24259718
2020-09-01,73.36557006835938,16505345
2020-09-02,75.37899017333984,30959608
2020-09-03,74.25580596923828,11884498
2020-09-04,72.82061767578125,17373558
2020-09-07,73.27820587158203,13069001
2020-09-08,72.7582015991211,9597878
2020-09-09,72.90381622314453,20122483
2020-09-10,73.88141632080078,19635358
2020-09-11,72.86221313476562,31182063
2020-09-14,71.34381866455078,14143608
2020-09-15,72.09260559082031,7858789
2020-09-16,71.53102111816406,13201491
2020-09-17,70.01262664794922,10765947
2020-09-18,71.51021575927734,23788415
2020-09-21,70.92781829833984,13331596
2020-09-22,70.22061157226562,9039386
2020-09-23,68.18222045898438,8404497
2020-09-24,66.28942108154297,20770480
2020-09-25,66.871826171875,8761400
2020-09-28,69.9502182006836,16915185
2020-09-29,67.93263244628906,13468026
2020-09-30,67.57901763916016,14349950
2020-10-01,68.47341918945312,14856837
2020-10-05,67.74542236328125,10360105
2020-10-06,67.8910140991211,8989183
2020-10-07,66.39344024658203,17614061
2020-10-08,65.85263061523438,12953710
2020-10-09,65.72783660888672,11980039
2020-10-12,66.47661590576172,20670634
2020-10-13,66.74701690673828,11179799
2020-10-14,65.33263397216797,13362234
2020-10-15,64.79183959960938,15536883
2020-10-16,66.12303924560547,18673957
2020-10-19,66.45582580566406,18793008
2020-10-20,65.39502716064453,13701957
2020-10-21,68.11981201171875,36573148
2020-10-22,68.68144226074219,39056262
2020-10-23,70.78221130371094,29149043
2020-10-26,71.5726318359375,36760149
2020-10-27,72.17581939697266,23610507
2020-10-28,71.9054183959961,14060472
2020-10-29,71.38542175292969,17654072
2020-10-30,71.13581085205078,22904945
2020-11-02,71.9886245727539,13423596
2020-11-03,74.8590087890625,27441682
2020-11-04,73.67341613769531,19461431
2020-11-05,74.4845962524414,10248002
2020-11-06,74.2350082397461,8815864
2020-11-09,76.5645980834961,15228920
2020-11-10,77.3342056274414,13815795
2020-11-11,78.8941879272461,15502357
2020-11-12,78.83180236816406,26079694
2020-11-13,78.56139373779297,11968619
2020-11-14,78.2077865600586,1162700
2020-11-17,77.7085952758789,16872514
2020-11-18,77.12621307373047,16685757
2020-11-19,78.95659637451172,64832376
2020-11-20,79.80939483642578,27479934
2020-11-23,81.01580810546875,20909280
2020-11-24,80.91179656982422,15308572
2020-11-25,81.24459075927734,19854793
2020-11-26,82.2221908569336,24879552
2020-11-27,80.03819274902344,46793847
2020-12-01,80.01739501953125,18193922
2020-12-02,80.76618194580078,15836732
2020-12-03,80.47499084472656,21308517
2020-12-04,80.84939575195312,14838659
2020-12-07,80.49579620361328,22078115
2020-12-08,79.70539093017578,15896364
2020-12-09,80.16299438476562,18701467
2020-12-10,80.1838150024414,13612880
2020-12-11,80.32938385009766,14876364
2020-12-14,80.82859802246094,20316890
2020-12-15,80.20458984375,16084083
2020-12-16,81.6189956665039,35024972
2020-12-17,82.51543426513672,23058726
2020-12-18,82.77154541015625,20310375
2020-12-21,79.18577575683594,21609326
2020-12-22,81.23480224609375,23934507
2020-12-23,81.08540344238281,9836093
2020-12-24,81.10672760009766,12945145
2020-12-28,81.76839447021484,6879688
2020-12-29,80.97866821289062,8549660
2020-12-30,81.19210815429688,19132583
2020-12-31,81.04270935058594,23272111
2021-01-01,80.89329528808594,3074621
2021-01-04,80.44508361816406,7133203
2021-01-05,80.25298309326172,10478882
2021-01-06,83.7320327758789,54265234
2021-01-07,84.11622619628906,40129922
2021-01-08,86.89093780517578,29487917
2021-01-11,86.89093780517578,12726089
2021-01-12,86.9549560546875,31454127
2021-01-13,87.50990295410156,23792586
2021-01-14,87.55257415771484,12024674
2021-01-15,86.6561508178711,13530190
2021-01-18,83.56129455566406,26118654
2021-01-19,85.2260971069336,19382828
2021-01-20,83.7320327758789,21158179
2021-01-21,83.30516052246094,12509109
2021-01-22,82.8996353149414,16720401
2021-01-25,81.19210815429688,9393599
2021-01-27,82.10990905761719,18874916
2021-01-28,79.95417022705078,16072463
2021-01-29,78.73756408691406,13415015
2021-02-01,80.63716888427734,9485240
2021-02-02,82.8996353149414,10803602
2021-02-03,88.15022277832031,73411707
2021-02-04,87.65931701660156,23523019
2021-02-05,88.4063491821289,28755118
2021-02-08,90.73282623291016,28436890
2021-02-09,89.96443939208984,27738169
2021-02-10,89.83638763427734,34189378
2021-02-11,91.24507141113281,20504448
2021-02-12,90.7755126953125,25066544
2021-02-15,90.69014739990234,8599603
2021-02-16,96.2822265625,80200957
2021-02-17,98.20317077636719,39034960
2021-02-18,100.95654296875,44291912
2021-02-19,99.12096405029297,36335681
2021-02-22,96.0261001586914,25800846
2021-02-23,96.51702880859375,18293559
2021-02-24,95.08697509765625,11421326
2021-02-25,97.135986328125,30696079
2021-02-26,91.4798583984375,38070699
2021-03-01,97.00791931152344,31441940
2021-03-02,96.06878662109375,18223787
2021-03-03,97.11465454101562,19350542
2021-03-04,96.11148834228516,22865747
2021-03-05,94.019775390625,17342685
2021-03-08,95.71540069580078,15749448
2021-03-09,93.91107940673828,12585004
2021-03-10,93.5415267944336,10661165
2021-03-12,95.67192077636719,18173078
2021-03-15,97.45449829101562,30092241
2021-03-16,97.58492279052734,14767699
2021-03-17,95.84583282470703,12571132
2021-03-18,96.10669708251953,14232655
2021-03-19,100.08487701416016,70334403
2021-03-22,97.19361114501953,29180881
2021-03-23,95.21540832519531,38455903
2021-03-24,96.10669708251953,24398959
2021-03-25,94.08499908447266,20272124
2021-03-26,93.30240631103516,25184863
2021-03-30,96.23712158203125,53328751
2021-03-31,93.75890350341797,20694060
2021-04-01,95.0849838256836,11229344
2021-04-05,93.10675048828125,14484908
2021-04-06,90.95462799072266,25301732
2021-04-07,91.54156494140625,22841720
2021-04-08,90.86767578125,20468881
2021-04-09,90.56332397460938,11773021
2021-04-12,87.45470428466797,18544315
2021-04-13,90.75898742675781,19831072
2021-04-15,90.345947265625,10159348
2021-04-16,91.23723602294922,22020846
2021-04-19,87.4764404296875,18404990
2021-04-20,88.5633773803711,14467660
2021-04-22,88.4546890258789,11626459
2021-04-23,91.80244445800781,38318040
2021-04-26,93.8241195678711,19139358
2021-04-27,94.19367980957031,15270611
2021-04-28,96.04147338867188,16383579
2021-04-29,95.71540069580078,14761969
2021-04-30,95.67192077636719,16897105
2021-05-03,95.99800109863281,15528063
2021-05-04,94.80237579345703,20857434
2021-05-05,94.86759948730469,23178237
2021-05-06,93.65022277832031,18823613
2021-05-07,93.28067016601562,12509591
2021-05-10,95.58497619628906,17845577
2021-05-11,97.12841033935547,22995780
2021-05-12,98.23709869384766,55645370
2021-05-14,99.49790954589844,18820793
2021-05-17,99.30229187011719,10996347
2021-05-18,101.34571075439453,52885042
2021-05-19,101.6283187866211,28081040
2021-05-20,99.5414047241211,10707136
2021-05-21,99.10662078857422,21702883
2021-05-24,100.43269348144531,22028927
2021-05-25,101.25875854492188,9165363
2021-05-26,98.08491516113281,18322114
2021-05-27,99.25879669189453,51194207
2021-05-28,98.01969146728516,15307498
2021-05-31,98.10665130615234,13102261
2021-06-01,97.56318664550781,15733731
2021-06-02,98.88924407958984,7995532
2021-06-03,98.3892593383789,10291328
2021-06-04,98.32404327392578,6142487
2021-06-07,102.71525573730469,18058790
2021-06-08,101.75874328613281,22511761
2021-06-09,105.25869750976562,39865778
2021-06-10,105.06302642822266,32690784
2021-06-11,107.084716796875,29142097
2021-06-14,108.12818145751953,18732629
2021-06-15,107.64994049072266,15026686
2021-06-16,105.28043365478516,30706682
2021-06-17,104.28043365478516,22261167
2021-06-18,101.30223083496094,49278209
2021-06-21,102.10658264160156,11719831
2021-06-22,101.75874328613281,10961545
2021-06-23,100.97615051269531,10721151
2021-06-24,100.4979019165039,12964208
2021-06-25,100.36746978759766,7736431
2021-06-28,100.80223846435547,9989595
2021-06-29,102.60655975341797,61089570
2021-06-30,101.0413818359375,17437744
2021-07-01,100.34574127197266,15924813
2021-07-02,99.10662078857422,9549992
2021-07-05,100.12834167480469,6849185
2021-07-06,99.47618103027344,5343938
2021-07-07,100.41095733642578,7228897
2021-07-08,100.4979019165039,8740010
2021-07-09,100.10659790039062,2990856
2021-07-12,99.56314086914062,5578309
2021-07-13,99.41096496582031,8264289
2021-07-14,99.9761734008789,9228746
2021-07-15,100.17182922363281,5376823
2021-07-16,101.67180633544922,15903784
2021-07-19,101.36746215820312,13725925
2021-07-20,100.56311798095703,14178067
2021-07-22,101.41092681884766,10378326
2021-07-23,101.30223083496094,6660369
2021-07-26,101.17181396484375,12963701
2021-07-27,100.80223846435547,10832912
2021-07-28,99.17184448242188,13828088
2021-07-29,97.04144287109375,28609665
2021-07-30,99.21530151367188,34142169
2021-08-02,99.12834167480469,9575755
2021-08-03,101.12831115722656,20959435
2021-08-04,101.59205627441406,23323277
2021-08-05,101.56307983398438,6621382
2021-08-06,101.4471435546875,5340311
2021-08-09,102.2876968383789,16415005
2021-08-10,100.05586242675781,11925263
2021-08-11,102.22972106933594,31279965
2021-08-12,108.40351867675781,58107755
2021-08-13,107.09919738769531,26776843
2021-08-16,104.75140380859375,21308655
2021-08-17,106.22964477539062,15962459
2021-08-18,104.6934585571289,25227527
2021-08-20,103.5340576171875,18720467
2021-08-23,101.8239517211914,13112745
2021-08-24,102.37464904785156,11029463
2021-08-25,101.73698425292969,12001351
2021-08-26,100.34571838378906,12115246
2021-08-27,101.07032012939453,8051699
2021-08-30,101.73698425292969,14512401
2021-08-31,101.65003204345703,43248333
2021-09-01,101.8239517211914,11817591
2021-09-02,101.88190460205078,13545023
2021-09-03,101.76598358154297,12286475
2021-09-06,100.92540740966797,13950485
2021-09-07,100.28773498535156,12485031
2021-09-08,101.96903991699219,25370295
2021-09-09,102.35247802734375,5078350
2021-09-13,102.58845520019531,7522483
2021-09-14,102.7064437866211,8434427
2021-09-15,104.94817352294922,20064238
2021-09-16,105.86255645751953,16214883
2021-09-17,105.47911071777344,21219226
2021-09-20,104.41724395751953,7833069
2021-09-21,103.76831817626953,9481007
2021-09-22,104.2697525024414,9165634
2021-09-23,105.1546401977539,10295913
2021-09-24,103.9157943725586,7093411
2021-09-27,103.82730865478516,5205649
2021-09-28,108.51721954345703,38873626
2021-09-29,115.0654525756836,53686662
2021-09-30,112.02729034423828,23618199
2021-10-01,113.17765808105469,16994903
2021-10-04,113.05968475341797,10757286
2021-10-05,112.0567855834961,17200858
2021-10-06,110.67047119140625,8929507
2021-10-07,111.08343505859375,6733699
2021-10-08,110.72945404052734,8165175
2021-10-11,114.12153625488281,12982042
2021-10-12,114.06256103515625,8539966
2021-10-13,117.63164520263672,33075614
2021-10-14,120.7287368774414,19185455
2021-10-18,120.22730255126953,38546365
2021-10-19,117.1891860961914,16174177
2021-10-20,114.65250396728516,21909934
2021-10-21,114.47550201416016,16946547
2021-10-22,114.71147918701172,7705870
2021-10-25,113.64960479736328,7862419
2021-10-26,112.32227325439453,8525850
2021-10-27,112.2337875366211,9862679
2021-10-28,109.6675796508789,11095238
2021-10-29,109.16615295410156,12988035
2021-11-01,110.75896453857422,5475153
2021-11-02,109.43162536621094,10946890
2021-11-03,108.51721954345703,13957727
2021-11-04,109.16615295410156,830214
2021-11-08,111.58485412597656,11947323
2021-11-09,110.05106353759766,10381150
2021-11-10,108.78269958496094,13857851
2021-11-11,107.45537567138672,8851354
2021-11-12,107.36685943603516,9590673
2021-11-15,111.08343505859375,24821341
2021-11-16,110.67047119140625,23206330
2021-11-17,112.70574951171875,18359498
2021-11-18,113.56110382080078,10742933
2021-11-22,114.56399536132812,25095721
2021-11-23,119.07693481445312,19671538
2021-11-24,119.93236541748047,18120478
2021-11-25,120.4927749633789,18537454
2021-11-26,119.16542053222656,12814537
2021-11-29,118.13306427001953,16066147
2021-11-30,121.96762084960938,37739647
2021-12-01,122.23304748535156,20332817
2021-12-02,126.53950500488281,33758843
2021-12-03,121.58411407470703,47614182
2021-12-06,119.16542053222656,11322446
2021-12-07,121.40717315673828,8049102
2021-12-08,120.8172378540039,8788449
2021-12-09,119.87335205078125,5755422
2021-12-10,119.54888153076172,6164402
2021-12-13,120.58126831054688,21648126
2021-12-14,125.21220397949219,48042035
2021-12-15,123.79637145996094,15207306
2021-12-16,122.82295989990234,13410737
2021-12-17,123.8553695678711,15209414
2021-12-20,123.79637145996094,22539246
2021-12-21,121.87911987304688,17566511
2021-12-22,123.06980895996094,14750231
2021-12-23,127.22198486328125,15932489
2021-12-24,125.42070007324219,8975969
2021-12-27,125.84809112548828,8648187
2021-12-28,125.54278564453125,15736206
2021-12-29,124.93217468261719,17172943
2021-12-30,125.39014434814453,87481206
2021-12-31,124.81006622314453,9842223
2022-01-03,125.17644500732422,7410054
2022-01-04,128.5959014892578,14784090
2022-01-05,127.40519714355469,9565107
2022-01-06,125.75652313232422,5615931
2022-01-07,125.29857635498047,11908249
2022-01-10,124.56582641601562,11085710
2022-01-11,124.4742431640625,7208789
2022-01-12,125.1458740234375,11018139
2022-01-13,127.00830078125,20522807
2022-01-14,126.8555908203125,14183654
2022-01-17,126.00074768066406,7574539
2022-01-18,125.2680435180664,8475422
2022-01-19,124.96273803710938,13724367
2022-01-20,131.06887817382812,30170343
2022-01-21,131.34365844726562,29509593
2022-01-24,130.67196655273438,12850189
2022-01-25,133.63348388671875,27389035
2022-01-27,131.19102478027344,28512473
2022-01-28,128.35162353515625,18932049
2022-01-31,131.52684020996094,19907759
2022-02-01,130.0308380126953,8622355
2022-02-02,130.67196655273438,9921099
2022-02-03,129.02330017089844,4594389
2022-02-04,128.0463104248047,7329263
2022-02-07,130.45828247070312,7869237
2022-02-08,128.26007080078125,9074237
2022-02-09,127.83260345458984,9833985
2022-02-10,129.48129272460938,19180334
2022-02-11,126.88618469238281,20071130
2022-02-14,123.25298309326172,12109375
2022-02-15,124.22998809814453,19046061
2022-02-16,123.19447326660156,20270061
2022-02-17,123.63375854492188,16405551
2022-02-18,122.81790924072266,14600643
2022-02-21,124.35551452636719,10682638
2022-02-22,124.35551452636719,13606058
2022-02-23,124.29271697998047,6493463
2022-02-24,119.93103790283203,13145037
2022-02-25,123.8220443725586,10920938
2022-02-28,131.2589111328125,31938385
2022-03-02,132.35719299316406,20502615
2022-03-03,136.71885681152344,19805555
2022-03-04,134.96165466308594,12794317
2022-03-07,133.5496063232422,17635653
2022-03-08,133.2671661376953,28410490
2022-03-09,130.5999298095703,22830958
2022-03-10,131.0706329345703,16516553
2022-03-11,133.32992553710938,12992850
2022-03-14,133.9261016845703,12598659
2022-03-15,131.5727081298828,14528285
2022-03-16,131.38442993164062,11933774
2022-03-17,132.76510620117188,28464621
2022-03-21,128.5916748046875,17797415
2022-03-22,130.97647094726562,13285297
2022-03-23,131.85508728027344,9408783
2022-03-24,132.26304626464844,11188958
2022-03-25,131.5727081298828,9842670
2022-03-28,133.23580932617188,12823578
2022-03-29,132.60818481445312,10470515
2022-03-30,136.2482147216797,54218485
2022-03-31,136.05992126464844,10326026
2022-04-01,141.2374725341797,39663961
2022-04-04,142.71229553222656,9907530
2022-04-05,146.2581329345703,17167487
2022-04-06,148.51742553710938,17153675
2022-04-07,145.19122314453125,11913911
2022-04-08,145.97572326660156,6746769
2022-04-11,144.90882873535156,12413822
2022-04-12,146.28952026367188,14769907
2022-04-13,144.0302276611328,11015439
2022-04-18,145.03436279296875,19069923
2022-04-19,142.99468994140625,15036942
2022-04-20,142.46124267578125,9814641
2022-04-21,142.6181640625,11134333
2022-04-22,141.48851013183594,12032249
2022-04-25,139.85678100585938,11042683
2022-04-26,145.34812927246094,15389155
2022-04-27,143.90469360351562,12680209
2022-04-28,147.85845947265625,18378146
2022-04-29,142.9319610595703,9026331
2022-05-02,145.3167724609375,12634353
2022-05-04,149.11363220214844,23124643
2022-05-05,146.6974334716797,16481935
2022-05-06,149.61570739746094,17715186
2022-05-09,153.8518524169922,54118806
2022-05-10,152.91049194335938,30997494
2022-05-11,150.11776733398438,15412618
2022-05-12,148.04673767089844,26538994
2022-05-13,148.29774475097656,15074553
2022-05-16,147.60745239257812,7960529
2022-05-17,149.7725830078125,15470937
2022-05-18,143.02609252929688,19181550
2022-05-19,143.27711486816406,15085602
2022-05-20,143.74781799316406,15148281
2022-05-23,140.95504760742188,11572501
2022-05-24,142.46124267578125,16336858
2022-05-25,141.11195373535156,11062614
2022-05-26,142.58676147460938,14150454
2022-05-27,141.017822265625,8430491
2022-05-30,143.2457275390625,9305758
2022-05-31,146.16395568847656,26351545
2022-06-01,143.8419647216797,10282009
2022-06-02,141.55126953125,10071898
2022-06-03,141.8336639404297,16082518
2022-06-06,141.08058166503906,12693293
2022-06-07,141.2061004638672,9103195
2022-06-08,140.9237060546875,11240130
2022-06-09,141.11195373535156,9468041
2022-06-10,140.8609161376953,9019239
2022-06-13,139.54299926757812,10186775
2022-06-14,140.547119140625,17023962
2022-06-15,139.480224609375,5898563
2022-06-16,135.77749633789062,11883333
2022-06-17,132.63958740234375,19675226
2022-06-20,130.69406127929688,7402273
2022-06-21,132.01199340820312,9459619
2022-06-22,132.20030212402344,10257637
2022-06-23,130.88235473632812,13114525
2022-06-24,131.1333770751953,9499105
2022-06-27,132.76510620117188,17545390
2022-06-28,131.98062133789062,6770087
2022-06-29,132.48269653320312,41502918
2022-06-30,132.9847412109375,22260722
2022-07-01,129.59584045410156,11133663
2022-07-04,132.23165893554688,20178279
2022-07-05,134.39682006835938,20083997
2022-07-06,132.07472229003906,19203527
2022-07-07,133.39266967773438,14069302
2022-07-08,137.3151092529297,17142257
2022-07-11,136.21681213378906,10826079
2022-07-12,133.98890686035156,8503695
2022-07-13,134.5850830078125,10210005
2022-07-14,134.8361358642578,10898403
2022-07-15,131.35305786132812,22067479
2022-07-18,131.94920349121094,15155654
2022-07-19,131.79232788085938,14922395
2022-07-20,131.32168579101562,14181034
2022-07-21,133.23580932617188,12461554
2022-07-22,131.79232788085938,9272199
2022-07-25,130.47442626953125,6635194
2022-07-26,131.22752380371094,11451315
2022-07-27,132.20030212402344,9209354
2022-07-28,134.42820739746094,13192642
2022-07-29,134.27130126953125,15433067
2022-08-01,137.40921020507812,12136557
2022-08-02,139.69989013671875,17748747
2022-08-03,140.3274688720703,12406038
2022-08-04,138.5702667236328,9712267
2022-08-05,140.35887145996094,14099223
2022-08-08,139.26058959960938,8392041
2022-08-10,140.2647247314453,8585266
2022-08-11,139.85678100585938,5040626
2022-08-12,143.12020874023438,13279062
2022-08-16,143.62228393554688,11298246
2022-08-17,143.4026336669922,11225465
2022-08-18,145.19122314453125,11360485
2022-08-19,144.5891876220703,9829530
2022-08-22,143.19493103027344,9190493
2022-08-23,144.2089385986328,8903751
2022-08-24,145.41305541992188,13007225
2022-08-25,143.416748046875,12124365
2022-08-26,146.04676818847656,7966045
2022-08-29,143.8920440673828,7517013
2022-08-30,145.50808715820312,7214498
2022-09-01,143.29000854492188,13109081
2022-09-02,142.0858917236328,6897237
2022-09-05,141.5789031982422,18055474
2022-09-06,142.6245880126953,14103701
2022-09-07,142.21263122558594,7866745
2022-09-08,142.21263122558594,7187735
2022-09-09,141.2620391845703,9162027
2022-09-12,141.92742919921875,8778919
2022-09-13,143.733642578125,11278383
2022-09-14,147.37767028808594,25072958
2022-09-15,150.57809448242188,23606369
2022-09-16,149.34228515625,29399642
2022-09-19,147.75790405273438,13920046
2022-09-20,147.4727325439453,20162973
2022-09-21,143.8920440673828,14468837
2022-09-22,139.4875030517578,26264530
2022-09-23,128.36529541015625,87162722
2022-09-26,127.28791046142578,167547134
2022-09-27,129.82289123535156,54127095
2022-09-28,131.62905883789062,52877873
2022-09-29,131.81918334960938,36761869
2022-09-30,134.4809112548828,62897614
2022-10-03,133.5937042236328,11740863
2022-10-04,132.1043701171875,19179333
2022-10-06,130.74180603027344,20692745
2022-10-07,132.70643615722656,14282850
2022-10-10,132.42124938964844,16834226
2022-10-11,132.04098510742188,17807162
2022-10-12,136.60400390625,35288330
2022-10-13,135.58998107910156,16436903
2022-10-14,134.76612854003906,23365190
2022-10-17,134.25912475585938,9520537
2022-10-18,134.57598876953125,13256574
2022-10-19,135.55828857421875,11595367
2022-10-20,137.83975219726562,16371066
2022-10-21,137.71304321289062,11634491
2022-10-24,138.69534301757812,1132859
2022-10-25,138.47352600097656,20622687
2022-10-27,141.89573669433594,24298489
2022-10-28,143.733642578125,11669879
2022-10-31,144.5891876220703,11755682
2022-11-01,149.02542114257812,15220278
2022-11-02,147.85299682617188,12884449
2022-11-03,144.52578735351562,9358215
2022-11-04,143.3217010498047,8059667
2022-11-07,144.494140625,14862038
2022-11-09,138.6319580078125,22831150
2022-11-10,136.19204711914062,16217631
2022-11-11,135.65333557128906,12123886
2022-11-14,137.1458282470703,18460862
2022-11-15,140.16322326660156,15258103
2022-11-16,140.8770294189453,9825807
2022-11-17,141.65573120117188,9449665
2022-11-18,141.6881561279297,5828998
2022-11-21,142.14239501953125,4712051
2022-11-22,141.33126831054688,4366445
2022-11-23,139.61166381835938,13510578
2022-11-24,143.2455291748047,7622243
2022-11-25,143.14817810058594,10989671
2022-11-28,143.60243225097656,4526153
2022-11-29,142.33706665039062,6476054
2022-11-30,145.35446166992188,17317951
2022-12-01,143.99176025390625,13241961
2022-12-02,142.6290740966797,12880949
2022-12-05,143.99176025390625,16477957
2022-12-06,145.03001403808594,11299945
2022-12-07,143.44020080566406,5813973
2022-12-08,141.33126831054688,11176439
2022-12-09,140.94190979003906,6020031
2022-12-12,139.8712158203125,8194429
2022-12-13,140.35791015625,8235450
2022-12-14,142.23973083496094,10055353
2022-12-15,140.3903350830078,5385778
2022-12-16,138.34628295898438,11166617
2022-12-19,142.04505920410156,7758862
2022-12-20,141.00680541992188,6541929
2022-12-21,140.19566345214844,7005861
2022-12-22,139.51434326171875,6961415
2022-12-23,137.08094787597656,4554651
2022-12-26,137.4702911376953,6864331
2022-12-27,137.98939514160156,13115851
2022-12-28,140.00099182128906,16815549
2022-12-29,140.00099182128906,22536873
2022-12-30,138.67076110839844,4643134
2023-01-02,139.54678344726562,5959394
2023-01-03,139.90367126464844,2873110
2023-01-04,136.95115661621094,9954542
2023-01-05,135.49111938476562,21273509
2023-01-06,135.03688049316406,11510471
2023-01-09,135.685791015625,52485126
2023-01-10,137.43783569335938,17248326
2023-01-11,137.53515625,9164361
2023-01-12,138.5409698486328,21179555
2023-01-13,138.8654327392578,6560245
2023-01-16,139.93612670898438,8362194
2023-01-17,141.72061157226562,13000571
2023-01-18,142.33706665039062,11171369
2023-01-19,143.2455291748047,11586815
2023-01-20,144.86778259277344,10112645
2023-01-23,146.06826782226562,14393610
2023-01-24,143.37530517578125,6150893
2023-01-25,142.36949157714844,5790331
2023-01-27,142.27218627929688,10458603
2023-01-30,137.4702911376953,24288177
2023-01-31,140.58502197265625,20997546
2023-02-01,140.5201416015625,20246369
2023-02-02,138.0218505859375,12820663
2023-02-03,139.4169921875,10815686
2023-02-06,140.84457397460938,6948201
2023-02-07,140.71481323242188,10035526
2023-02-08,140.81443786621094,12432719
2023-02-09,141.3790283203125,7011082
2023-02-10,142.2093048095703,10892159
2023-02-13,143.47129821777344,7710133
2023-02-14,142.8070831298828,6010681
2023-02-15,142.47496032714844,8107497
2023-02-16,142.5414276123047,3963115
2023-02-17,142.01004028320312,6491149
2023-02-20,143.33847045898438,6841917
2023-02-21,144.2683563232422,6701434
2023-02-22,142.57464599609375,9128659
2023-02-23,141.6446990966797,10345874
2023-02-24,142.84033203125,9808830
2023-02-27,145.59678649902344,17763618
2023-02-28,147.6226806640625,36559278
2023-03-01,145.39756774902344,12896085
2023-03-02,146.3606719970703,79708558
2023-03-03,147.5230255126953,9951869
2023-03-06,150.8773651123047,15659957
2023-03-08,151.47515869140625,11591495
2023-03-09,149.9806671142578,13941653
2023-03-10,150.47882080078125,9605434
2023-03-13,150.17991638183594,13209653
2023-03-14,149.58213806152344,9583405
2023-03-15,151.64120483398438,12228069
2023-03-16,154.1984405517578,18437817
2023-03-17,152.5710906982422,33711025
2023-03-20,151.10983276367188,9281411
2023-03-21,148.2205047607422,11272787
2023-03-22,148.8514862060547,7589846
2023-03-23,147.55625915527344,17091298
2023-03-24,147.7223358154297,10371666
2023-03-27,146.19459533691406,19983733
2023-03-28,147.5230255126953,8689166
2023-03-29,147.75550842285156,19743258
2023-03-31,149.9142303466797,10202058
2023-04-03,149.18357849121094,7643214
2023-04-05,149.8810272216797,12019382
2023-04-06,149.61534118652344,4282875
2023-04-10,152.13937377929688,4145643
2023-04-11,153.66705322265625,5106602
2023-04-12,150.97698974609375,9118795
2023-04-13,153.5674285888672,11428621
2023-04-17,157.1874542236328,21815047
2023-04-18,152.96966552734375,13482833
2023-04-19,152.73716735839844,8264190
2023-04-20,153.3681640625,7308750
2023-04-21,153.79989624023438,5030650
2023-04-24,154.06558227539062,5725067
2023-04-25,154.6966094970703,8338703
2023-04-26,158.2833709716797,13581018
2023-04-27,156.72247314453125,9794457
2023-04-28,157.58595275878906,10585487
2023-05-02,159.47897338867188,6732907
2023-05-03,159.2133026123047,4789217
2023-05-04,158.64869689941406,9189783
2023-05-05,160.11000061035156,3896441
2023-05-08,162.56761169433594,8758321
2023-05-09,161.67092895507812,9166941
2023-05-10,164.49383544921875,9689409
2023-05-11,165.09164428710938,12616726
2023-05-12,160.57496643066406,13853807
2023-05-15,161.57127380371094,12187763
2023-05-16,159.81109619140625,11418509
2023-05-17,158.6155242919922,11560929
2023-05-18,156.5232391357422,14497723
2023-05-19,155.2279815673828,10071694
2023-05-22,155.65972900390625,12566129
2023-05-23,155.49366760253906,12458561
2023-05-24,156.6228485107422,8877971
2023-05-25,158.05091857910156,12502747
2023-05-26,157.61917114257812,6811801
2023-05-29,155.7593536376953,13638297
2023-05-30,156.15789794921875,9469926
2023-05-31,155.32763671875,48104157
2023-06-01,154.76303100585938,8804790
2023-06-02,155.82579040527344,6617781
2023-06-05,156.49000549316406,27428302
2023-06-06,156.29074096679688,6898603
2023-06-07,158.8811798095703,11153571
2023-06-08,160.50852966308594,19300834
2023-06-09,162.66722106933594,11037141
2023-06-12,160.50852966308594,8188909
2023-06-13,160.9070587158203,6443218
2023-06-14,163.72999572753906,10297426
2023-06-15,163.69676208496094,9732749
2023-06-16,163.69676208496094,9702361
2023-06-19,161.4716339111328,10431647
2023-06-20,165.22450256347656,13426365
2023-06-21,171.5013427734375,31172093
2023-06-22,168.41273498535156,7430965
2023-06-23,166.1211700439453,5593393
2023-06-26,165.05845642089844,7305362
2023-06-27,165.75587463378906,11142907
2023-06-28,166.15438842773438,17808717
2023-06-30,169.4755096435547,17659979
2023-07-03,166.38685607910156,12467239
2023-07-04,165.7890625,8637967
2023-07-05,168.21348571777344,5340907
2023-07-06,174.4903564453125,16705046
2023-07-07,169.67474365234375,13149183
2023-07-10,166.0547637939453,15319047
2023-07-11,168.37953186035156,7486045
2023-07-12,167.4164276123047,9390877
2023-07-13,161.4716339111328,30591450
2023-07-14,159.44577026367188,72085831
2023-07-17,160.0767822265625,11474161
2023-07-18,160.17642211914062,14940593
2023-07-19,161.57127380371094,22954874
2023-07-20,162.23550415039062,10249082
2023-07-21,162.13584899902344,18466409
2023-07-24,164.36099243164062,14825562
2023-07-25,166.818603515625,10500017
2023-07-26,166.71897888183594,12898171
2023-07-27,166.51971435546875,10836773
2023-07-28,171.5013427734375,17518458
2023-07-31,176.71546936035156,24269734
2023-08-01,167.25035095214844,31395702
2023-08-02,165.09164428710938,20825405
2023-08-03,165.19125366210938,10882019
2023-08-04,164.29457092285156,7406390
2023-08-07,164.69308471679688,6345966
2023-08-08,163.54188537597656,15171726
2023-08-09,162.7631072998047,18442141
2023-08-10,163.74505615234375,9962450
2023-08-11,165.43801879882812,23866073
2023-08-14,165.57347106933594,9188486
2023-08-16,167.97752380371094,9191471
2023-08-17,165.03170776367188,15301142
2023-08-18,163.2032928466797,12292241
2023-08-21,167.40187072753906,9129526
2023-08-22,167.80821228027344,11107830
2023-08-23,169.02713012695312,8487619
2023-08-24,166.79241943359375,18982087
2023-08-25,163.8804931640625,12851343
2023-08-28,168.28224182128906,11908665
2023-08-29,170.0767822265625,12363321
2023-08-30,167.33416748046875,6748007
2023-08-31,165.60733032226562,20715819
2023-09-01,170.78782653808594,13120723
2023-09-04,172.95484924316406,10240031
2023-09-05,172.20994567871094,10893186
2023-09-06,172.3453826904297,10018473
2023-09-07,174.0383758544922,13760453
2023-09-08,175.15573120117188,16781751
2023-09-11,179.1173095703125,17683806
2023-09-12,172.7291259765625,29826173
2023-09-13,174.4446563720703,10692151
2023-09-14,176.20538330078125,10941807
2023-09-15,175.25732421875,20516593
2023-09-18,180.6748504638672,25627043
2023-09-20,184.78314208984375,33369524
2023-09-21,182.02923583984375,20332556
2023-09-22,179.8170623779297,21193988
2023-09-25,179.59132385253906,11951847
2023-09-26,179.09474182128906,7440011
2023-09-27,179.99766540527344,6736870
2023-09-28,181.26174926757812,50185120
2023-09-29,180.3588409423828,16293959
2023-10-03,180.17823791503906,10830728
2023-10-04,179.681640625,14120040
2023-10-05,177.51461791992188,14575590
2023-10-06,177.9209442138672,12857229
2023-10-09,177.1986083984375,7853369
2023-10-10,178.73355102539062,7440527
2023-10-11,179.2301788330078,10031916
2023-10-12,181.26174926757812,21872719
2023-10-13,182.20982360839844,13105921
2023-10-16,183.33847045898438,18336656
2023-10-17,187.0404510498047,19378328
2023-10-18,186.4535369873047,14923328
2023-10-19,185.82151794433594,13192888
2023-10-20,183.1579132080078,22081120
2023-10-23,180.3588409423828,6988219
2023-10-25,180.1331024169922,16817158
2023-10-26,179.63648986816406,11070090
2023-10-27,181.44232177734375,9995487
2023-10-30,181.35203552246094,7679981
2023-10-31,182.5258331298828,7474770
2023-11-01,181.44232177734375,5598615
2023-11-02,183.38360595703125,12924797
2023-11-03,184.55740356445312,8684015
2023-11-06,187.98851013183594,9804415
2023-11-07,187.80795288085938,10730361
2023-11-08,186.90499877929688,7435543
2023-11-09,189.43321228027344,13777877
2023-11-10,190.6521453857422,12066023
2023-11-13,191.6905059814453,11352269
2023-11-15,189.7492218017578,19182861
2023-11-16,190.71568298339844,27533260
2023-11-17,192.83270263671875,16705395
2023-11-20,192.6486358642578,11156900
2023-11-21,192.32644653320312,9608081
2023-11-22,194.76564025878906,13079580
2023-11-23,194.12132263183594,11382709
2023-11-24,193.70712280273438,7250200
2023-11-28,193.47702026367188,15629209
2023-11-29,194.25938415527344,10062023
2023-11-30,192.32644653320312,60354322
2023-12-01,193.47702026367188,20719909
2023-12-04,195.9622039794922,27914088
2023-12-05,204.6143798828125,40709207
2023-12-06,206.54730224609375,29544730
2023-12-07,211.70176696777344,24534268
2023-12-08,210.4131622314453,22206320
2023-12-11,212.57618713378906,19106395
2023-12-12,212.94436645507812,14355329
2023-12-13,218.09886169433594,26878281
2023-12-14,213.63470458984375,29972018
2023-12-15,218.467041015625,41341690
2023-12-18,213.4045867919922,29051897
2023-12-19,214.96934509277344,12612164
2023-12-20,209.07850646972656,20400245
2023-12-21,213.86480712890625,17755207
2023-12-22,213.3125457763672,9735375
2023-12-26,214.78526306152344,6772092
2023-12-27,215.4295654296875,10231881
2023-12-28,220.07778930664062,39164340
2023-12-29,218.32894897460938,12665999
2024-01-01,219.29544067382812,5952776
2024-01-02,218.92726135253906,9128513
2024-01-03,218.19090270996094,8284439
2024-01-04,222.24082946777344,19663959
2024-01-05,222.05674743652344,16345257
2024-01-08,223.06924438476562,13585746
2024-01-09,223.023193359375,8688409
2024-01-10,220.1238250732422,16872195
2024-01-11,222.7010498046875,18812468
2024-01-12,220.44598388671875,11296498
2024-01-15,221.96469116210938,12597366
2024-01-16,220.03176879882812,7478450
2024-01-17,220.16983032226562,13620300
2024-01-18,214.87730407714844,25522629
2024-01-19,216.67214965820312,20931080
2024-01-23,219.019287109375,27492163
2024-01-24,226.61294555664062,28309825
2024-01-25,225.96864318847656,20651484
2024-01-29,233.74636840820312,26181011
2024-01-30,233.88442993164062,16031367
2024-01-31,238.67074584960938,34369455
2024-02-01,244.65357971191406,29929092
2024-02-02,255.0546112060547,33900724
2024-02-05,260.3931884765625,27440927
2024-02-06,252.43133544921875,29668277
2024-02-07,246.63255310058594,27335466
2024-02-08,254.22622680664062,69776717
2024-02-09,251.28079223632812,24496638
2024-02-12,248.79562377929688,19140023
2024-02-13,248.7495880126953,22031847
2024-02-14,251.8790740966797,13546941
2024-02-15,263.5770263671875,25475670
2024-02-16,256.9325866699219,25129188
2024-02-19,258.61712646484375,11429901
2024-02-20,269.4259338378906,43053543
2024-02-21,262.12646484375,24651085
2024-02-22,264.4660339355469,26793590
2024-02-23,263.8577575683594,14313526
2024-02-26,269.3323669433594,31012494
2024-02-27,273.7308044433594,36510093
2024-02-28,261.6117248535156,18824161
2024-02-29,264.6999816894531,35043015
2024-03-01,269.23876953125,15149735
2024-03-04,275.7428283691406,23131460
2024-03-05,276.07037353515625,13220556
2024-03-06,274.853759765625,15969436
2024-03-07,273.87115478515625,14908694
2024-03-11,267.2266845703125,19020659
2024-03-12,266.8523864746094,17906155
2024-03-13,247.34030151367188,39389523
2024-03-14,249.25875854492188,26005940
2024-03-15,248.88446044921875,43817794
2024-03-18,247.90182495117188,12423655
2024-03-19,242.38040161132812,20031514
2024-03-20,247.6678466796875,11308487
2024-03-21,256.1839294433594,23559105
2024-03-22,258.0555725097656,22097588
2024-03-26,252.7213592529297,28477120
2024-03-27,252.90850830078125,18094214
2024-03-28,259.13177490234375,26646830
2024-04-01,262.1732482910156,8945400
2024-04-02,261.6117248535156,13229425
2024-04-03,262.12646484375,14499308
2024-04-04,259.8336181640625,23722104
2024-04-05,260.5355224609375,9308711
2024-04-08,263.6705627441406,14473340
2024-04-09,263.1558837890625,5780865
2024-04-10,264.4192199707031,8809693
2024-04-12,257.5876770019531,17731780
2024-04-15,256.46466064453125,13378690
2024-04-16,256.65185546875,9662195
2024-04-18,262.12646484375,51039603
2024-04-19,263.5770263671875,18755469
2024-04-22,265.44866943359375,14965203
2024-04-23,267.03955078125,11464036
2024-04-24,271.7655334472656,19324163
2024-04-25,274.47943115234375,22022414
2024-04-26,273.49676513671875,15581578
2024-04-29,274.853759765625,9804396
2024-04-30,282.4808044433594,33288857
2024-05-02,293.4768371582031,44059506
2024-05-03,290.9032897949219,27074447
2024-05-06,287.1599426269531,16855909
2024-05-07,276.3042907714844,13857464
2024-05-08,282.62115478515625,18754452
2024-05-09,277.14654541015625,11196567
2024-05-10,284.2588806152344,11786977
2024-05-13,286.87921142578125,11710605
2024-05-14,289.4059753417969,9957875
2024-05-15,294.6465759277344,11397656
2024-05-16,292.4473876953125,19843532
2024-05-17,293.0556640625,9069551
2024-05-21,304.7535705566406,21976662
2024-05-22,304.8471984863281,10287081
2024-05-23,299.37255859375,35705284
2024-05-24,298.3431396484375,15058182
2024-05-27,297.54766845703125,12857918
2024-05-28,292.7281494140625,10935739
2024-05-29,297.313720703125,16812268
2024-05-30,287.0195617675781,22768893
2024-05-31,290.10784912109375,36929443
2024-06-03,315.98358154296875,55218939
2024-06-04,276.9593811035156,73262478
2024-06-05,279.6264343261719,45312613
2024-06-06,281.170654296875,36508044
2024-06-07,289.4995422363281,38016104
2024-06-10,295.53564453125,25478964
2024-06-11,296.2375183105469,12238518
2024-06-12,303.8177795410156,20346144
2024-06-13,300.8231201171875,11756503
2024-06-14,300.8699035644531,14159988
2024-06-18,310.5089416503906,21653702
2024-06-19,306.2976989746094,14235150
2024-06-20,303.7241516113281,11749507
2024-06-21,305.03436279296875,17209541
2024-06-24,311.5851745605469,18044357
2024-06-25,306.39129638671875,13979671
2024-06-26,305.7362060546875,12946277
2024-06-27,310.2749938964844,27061015
2024-06-28,309.7135314941406,21676594
2024-07-01,308.45013427734375,11959181
2024-07-02,309.5730895996094,12684459
2024-07-03,313.6440124511719,9369793
2024-07-04,313.50360107421875,12878827
2024-07-05,317.6212463378906,10894118
2024-07-08,317.6212463378906,7828162
2024-07-09,319.25897216796875,9214579
2024-07-10,323.84454345703125,10662609
2024-07-11,320.8031311035156,12642065
2024-07-12,321.0838623046875,11380570
2024-07-15,321.78570556640625,5277531
2024-07-16,320.4755554199219,11363095
2024-07-18,319.3525695800781,13908161
2024-07-19,310.8832702636719,12937990
2024-07-22,316.87261962890625,10678640
2024-07-23,312.8017272949219,15954324
2024-07-24,315.515625,12573882
2024-07-25,317.66802978515625,16271884
2024-07-26,322.11328125,11468068
2024-07-29,320.3819580078125,31849674
2024-07-30,327.3538818359375,25813219
2024-07-31,325.8565979003906,17976593
2024-08-01,337.9288330078125,26792459
2024-08-02,335.2616882324219,13771470
2024-08-05,320.8031311035156,13566586
2024-08-06,318.8846435546875,12273667
2024-08-07,329.45953369140625,12441847
2024-08-08,320.6627197265625,15489731
2024-08-09,323.7977600097656,8720610
2024-08-12,319.25897216796875,12521136
2024-08-13,315.3284912109375,10435954
2024-08-14,312.099853515625,12385993
2024-08-16,319.5072326660156,13013828
2024-08-19,321.1113586425781,5891370
2024-08-20,321.3000793457031,6393840
2024-08-21,317.66717529296875,10118601
2024-08-22,315.1665954589844,18370039
2024-08-23,317.2897644042969,7494822
2024-08-26,319.17694091796875,7993675
2024-08-27,316.44049072265625,9589690
2024-08-28,315.59124755859375,8790600
2024-08-29,314.5060729980469,17653536
2024-08-30,318.3748779296875,22713812
2024-09-02,316.6291809082031,9789776
2024-09-03,315.77996826171875,8434423
2024-09-04,314.1286315917969,9025610
2024-09-05,312.5716552734375,13912371
2024-09-06,311.2034606933594,23755639
2024-09-09,310.02392578125,18597200
2024-09-10,315.3081970214844,15472387
2024-09-11,314.4117431640625,10134008
2024-09-12,319.1297912597656,18410837
2024-09-13,318.23333740234375,10417461
2024-09-16,319.17694091796875,7748570
2024-09-17,317.903076171875,11451846
2024-09-18,315.4496765136719,6583254
2024-09-19,316.0158386230469,10589610
2024-09-20,321.6303405761719,31236123
2024-09-23,321.9134521484375,6542941
2024-09-24,330.31158447265625,26145769
2024-09-25,343.23907470703125,40770462
2024-09-26,344.8432312011719,18733959
2024-09-27,334.2747497558594,33148043
2024-09-30,332.95367431640625,16356171
2024-10-01,331.019287109375,9856291
2024-10-03,324.7442626953125,19350466
2024-10-04,319.7431335449219,20121706
2024-10-07,310.4013977050781,13851446
2024-10-08,308.70281982421875,21148292
2024-10-09,311.1562805175781,9228363
2024-10-10,315.49688720703125,20773976
2024-10-11,311.4393310546875,6098468
2024-10-14,312.05267333984375,5944216
2024-10-15,311.2505798339844,12415489
2024-10-16,308.75006103515625,22085298
2024-10-17,312.477294921875,17039729
2024-10-18,313.3265380859375,10569021
2024-10-21,312.477294921875,8745904
2024-10-22,304.5509948730469,11219831
2024-10-23,299.03082275390625,12541589
2024-10-24,301.1539611816406,8327779
2024-10-25,297.99285888671875,12979410
2024-10-28,300.35186767578125,9610615
2024-10-29,302.4749755859375,15856332
2024-10-30,300.49346923828125,14498110
2024-10-31,302.7109069824219,9900390
2024-11-01,303.8904113769531,847672
2024-11-04,297.6626281738281,9249409
2024-11-05,298.7477111816406,7518195
2024-11-06,300.54058837890625,11019250
2024-11-07,295.3035888671875,14504208
2024-11-08,298.4175109863281,15740539
2024-11-11,311.2034606933594,22838987
2024-11-12,304.5037841796875,12069181
2024-11-13,300.0688171386719,12918639
2024-11-14,298.728759765625,12500377
2024-11-18,298.6808776855469,9408101
2024-11-19,301.5523681640625,13157158
2024-11-21,311.9375305175781,25406386
2024-11-22,322.51416015625,31523269
2024-11-25,328.0656433105469,29419152
2024-11-26,324.2848815917969,13997179
2024-11-27,324.715576171875,12177260
2024-11-28,319.35552978515625,16920231
2024-11-29,315.28759765625,13890537
2024-12-02,313.80401611328125,16003524
2024-12-03,315.5268859863281,23174488
2024-12-04,311.1239318847656,17880011
2024-12-05,314.2826232910156,19785053
2024-12-06,314.80902099609375,8802058
2024-12-09,315.0004577636719,9376929
2024-12-10,313.85186767578125,14994365
2024-12-11,313.516845703125,5013051
2024-12-12,315.09619140625,10414162
2024-12-13,319.54693603515625,14973536
2024-12-16,320.6476745605469,12695136
2024-12-17,315.67047119140625,17360248
2024-12-18,307.77392578125,15037099
2024-12-19,307.86962890625,10234715
2024-12-20,302.2702331542969,13973399
2024-12-23,301.7916564941406,5984169
2024-12-24,296.814453125,4833589
2024-12-26,297.005859375,3775101
2024-12-27,296.1444091796875,3981693
2024-12-30,294.3736877441406,12489142
2024-12-31,295.4744567871094,8402716
2025-01-01,297.10162353515625,4239498
2025-01-02,301.6481018066406,10766571
2025-01-03,302.509521484375,7636948
2025-01-06,292.89013671875,6722495
2025-01-07,291.9808044433594,10137739
2025-01-08,293.51226806640625,6907996
2025-01-09,292.1722717285156,8244909
2025-01-10,286.8600158691406,6540783
2025-01-13,275.2784423828125,19474228
2025-01-14,277.81488037109375,15954608
2025-01-15,285.8550109863281,12198882
2025-01-16,284.8978576660156,11694289
2025-01-17,289.6357727050781,7593230
2025-01-20,293.1294250488281,9435937
2025-01-21,289.3965148925781,13911546
2025-01-22,284.8021240234375,9723333
2025-01-23,281.7392578125,12228286
2025-01-24,283.17498779296875,11142914
2025-01-27,274.7041320800781,13477947
2025-01-28,271.7847900390625,11298068
2025-01-29,275.5177307128906,4800024
2025-01-30,282.6964111328125,10969499
2025-01-31,288.7264709472656,14141459
2025-02-01,277.4320373535156,6945157
2025-02-03,271.6412048339844,14978897
2025-02-04,273.4119567871094,19836427
2025-02-05,272.98126220703125,15337191
2025-02-06,269.104736328125,21418561
2025-02-07,269.3468322753906,17193482
2025-02-10,260.1959228515625,16709670
2025-02-11,253.17538452148438,22083955
2025-02-12,248.9146270751953,17861265
2025-02-13,250.94818115234375,12257226
2025-02-14,249.20513916015625,11339563
2025-02-17,254.87002563476562,8332653
2025-02-18,258.5013122558594,10483635
2025-02-19,254.7247314453125,14602009
2025-02-20,257.33929443359375,15312926
2025-02-21,253.6111602783203,10757038
2025-02-24,250.94818115234375,14599185
2025-02-25,247.65577697753906,21287363
2025-02-27,248.1399688720703,13614799
2025-02-28,242.91087341308594,38512868
2025-03-03,244.50865173339844,9873539
2025-03-04,245.96115112304688,11947033
2025-03-05,256.0320129394531,14536637
2025-03-06,258.2108154296875,11926868
2025-03-07,254.96682739257812,10043068
2025-03-10,262.7136535644531,30233763
2025-03-11,258.8402099609375,9255499
2025-03-12,258.6465759277344,11875548
2025-03-13,259.17913818359375,9270442
2025-03-17,258.888671875,11987667
2025-03-18,258.888671875,0
2025-03-19,268.4269104003906,13089950
2025-03-20,271.4772033691406,13710249
2025-03-21,274.14019775390625,26003527
2025-03-24,282.6132507324219,19966817
2025-03-25,281.7901611328125,16983852
2025-03-26,281.6448974609375,20367015
2025-03-27,286.1477355957031,37203166
2025-03-28,281.1607360839844,10834900
2025-04-01,280.1439514160156,11603556
2025-04-02,277.6746826171875,11679536
2025-04-03,289.6338195800781,23478876
2025-04-04,284.598388671875,21020875
2025-04-07,280.24078369140625,22847548
2025-04-08,279.8050537109375,20831596
2025-04-09,284.1142272949219,21342531
2025-04-11,294.4755554199219,19831004
2025-04-15,294.91131591796875,16563441
2025-04-16,296.0733337402344,7032401
2025-04-17,299.220458984375,8528993
2025-04-21,309.872314453125,13369014
2025-04-22,302.6580810546875,10027268
2025-04-23,304.982177734375,8225575
2025-04-24,304.4495849609375,8021180
2025-04-25,296.7995910644531,11475773
2025-04-28,298.7846984863281,7314824
2025-04-29,293.3619689941406,14678005
2025-04-30,297.71954345703125,17619987
2025-05-02,293.4587707519531,5688285
2025-05-05,298.44580078125,4342960
2025-05-06,297.8647766113281,9124804
2025-05-07,301.2539978027344,14679327
2025-05-08,298.49420166015625,19253478
2025-05-09,289.82745361328125,11981497
2025-05-12,299.2689208984375,7145884
2025-05-13,289.00439453125,17988336
2025-05-14,286.58349609375,10359258
2025-05-15,290.1664123535156,22640626
2025-05-16,290.6990051269531,16763668
2025-05-19,294.4270935058594,12575289
2025-05-20,288.4717712402344,21339095
2025-05-21,286.77716064453125,11997632
2025-05-22,281.6933288574219,26158839
2025-05-23,288.66546630859375,9872024
2025-05-26,287.3097839355469,16469130
2025-05-27,285.227783203125,17074710
2025-05-28,281.9353942871094,10099453
2025-05-29,283.8236999511719,9773818
2025-05-30,280.5797119140625,21788566
2025-06-02,283.7752990722656,7255782
2025-06-03,279.127197265625,10989055
2025-06-04,279.4176940917969,8580196
2025-06-05,284.9372863769531,13110486
2025-06-06,286.438232421875,7935393
2025-06-09,290.989501953125,8666186
2025-06-10,291.5220947265625,7273892
2025-06-11,286.09930419921875,10941604
2025-06-12,279.85345458984375,14071159
2025-06-13,276.4642333984375,16028417
2025-06-16,279.5145263671875,11067299
2025-06-17,279.4176940917969,7286868
2025-06-18,278.207275390625,11904855
2025-06-19,277.3841857910156,13573824
2025-06-20,283.8236999511719,33014151
2025-06-23,281.0638732910156,6833477
2025-06-24,276.9000244140625,15007849
2025-06-25,281.257568359375,10838516
2025-06-26,284.2110595703125,10232220
2025-06-27,289.779052734375,15523628
2025-06-30,290.4084777832031,8415241
2025-07-01,288.1328430175781,12349270
2025-07-02,285.5183410644531,10826029
2025-07-03,284.4046936035156,10373094
2025-07-04,284.6952209472656,14193884
2025-07-07,286.53509521484375,6220756
2025-07-08,288.3265380859375,6254288
2025-07-09,290.1664123535156,5650646
2025-07-10,289.779052734375,9307817
2025-07-11,289.1011962890625,7073217
2025-07-14,288.7622985839844,5484223
2025-07-15,288.6170349121094,6173407
2025-07-16,287.648681640625,8144630
2025-07-17,287.21295166015625,8318287
2025-07-18,284.8404541015625,8702106
2025-07-21,287.60028076171875,5298012
2025-07-22,288.37493896484375,7775653
2025-07-23,289.779052734375,5310964
2025-07-24,289.8758850097656,6294709
2025-07-25,282.8553771972656,8202572
2025-07-28,282.6616516113281,7037396
2025-07-29,283.8236999511719,6586034
2025-07-30,279.8050537109375,10515572
2025-07-31,281.7901611328125,14283621
2025-08-01,282.0322570800781,6697683
2025-08-04,278.836669921875,10397121
2025-08-05,276.9483947753906,15561914
2025-08-06,275.786376953125,12985269
2025-08-07,276.51263427734375,8893659
2025-08-08,275.8348083496094,6172968
2025-08-11,275.8348083496094,8755499
2025-08-12,275.64111328125,13184438
2025-08-13,279.07879638671875,9928283
2025-08-14,279.5629577636719,8464495
2025-08-18,281.1607360839844,9836105
2025-08-19,280.0909118652344,7196772
2025-08-20,280.47991943359375,3106073
2025-08-21,276.2007751464844,7389271
2025-08-22,275.5686340332031,6824793
2025-08-25,276.3466491699219,7426789
2025-08-26,272.2133483886719,22905910
2025-08-28,266.9130554199219,12455072
2025-08-29,267.6910705566406,12841075
2025-09-01,272.1647644042969,10820878
2025-09-02,278.8266296386719,16983677
2025-09-03,278.1944580078125,30178885
2025-09-04,274.0611877441406,5946090
2025-09-05,277.5137023925781,9695914
2025-09-08,275.0337219238281,5186605
2025-09-09,276.0549011230469,7093190
2025-09-10,275.17962646484375,7767863
2025-09-11,278.92388916015625,7406625
2025-09-12,279.75054931640625,7618852
2025-09-15,278.38897705078125,5420800
2025-09-16,280.43133544921875,8626429
2025-09-17,279.2642822265625,19010126
2025-09-18,281.1607360839844,16842964
2025-09-19,278.3403625488281,14993879
2025-09-22,278.7779846191406,9456933
2025-09-23,280.6744689941406,13619147
2025-09-24,285.245361328125,14032389
2025-09-25,276.58978271484375,16242837
2025-09-26,274.49884033203125,8959035
2025-09-29,272.8941650390625,14600560
2025-09-30,272.55377197265625,18772881
2025-10-01,272.9427795410156,11812449
2025-10-03,281.7442626953125,19597461
2025-10-06,279.0211486816406,11702722
2025-10-07,281.0634765625,11371062
2025-10-08,277.4650573730469,9989251
2025-10-09,278.2917175292969,10714949
2025-10-10,281.2093505859375,10773268
2025-10-13,278.2917175292969,8950161
2025-10-14,279.6046447753906,7667654
2025-10-15,282.9599304199219,8125514
2025-10-16,283.835205078125,7824732
2025-10-17,281.7928771972656,14275188
2025-10-20,280.28546142578125,13536721
2025-10-21,280.6744689941406,398291
2025-10-23,281.69561767578125,21031287
2025-10-24,280.57720947265625,16350189
2025-10-27,283.0571594238281,13396182
2025-10-28,280.3340759277344,13543174
2025-10-29,287.2391052246094,14608714
2025-10-30,283.49481201171875,10329750
2025-10-31,280.23681640625,10088802
2025-11-03,280.0909118652344,8578207
2025-11-04,271.3866882324219,26098629
2025-11-06,262.77978515625,21919591
2025-11-07,264.53033447265625,11379131
2025-11-10,265.2225646972656,10717941
2025-11-11,264.67864990234375,11154806
2025-11-12,264.134765625,16444701
2025-11-13,266.854248046875,12573141
2025-11-14,268.2881164550781,10308317
2025-11-17,270.5131530761719,9884392
2025-11-18,271.15594482421875,16434280
2025-11-19,272.09539794921875,15765235
2025-11-20,274.1226501464844,15337345
2025-11-21,274.5181884765625,12941485
2025-11-24,272.7381591796875,49791096
2025-11-25,270.4142761230469,12114606
2025-11-26,271.9964904785156,8352869
2025-11-27,270.6614990234375,9865039
2025-11-28,266.953125,12580231
2025-12-01,266.65643310546875,10428760
2025-12-02,264.48089599609375,11029817
2025-12-03,265.46978759765625,9063557
2025-12-04,266.1125793457031,5103204
2025-12-05,266.8047790527344,5535798
2025-12-08,262.255859375,10203843
2025-12-09,261.6130676269531,10686557
2025-12-10,262.5525207519531,7157092
2025-12-11,261.86029052734375,8336183
2025-12-12,260.6736145019531,5522827
2025-12-15,259.2891845703125,6400400
2025-12-16,257.459716796875,9241981
2025-12-17,258.2013854980469,10944698
2025-12-18,255.0863494873047,10930748
2025-12-19,260.5252990722656,16657897
2025-12-22,262.0580749511719,10054250
2025-12-23,264.0358581542969,10526826
2025-12-24,265.0741882324219,6131188
2025-12-26,262.5030822753906,6029003
2025-12-29,257.7069396972656,7270521
2025-12-30,257.459716796875,10929200
2025-12-31,261.66253662109375,5145868
2026-01-01,263.83807373046875,4298196
2026-01-02,267.9420471191406,13348375
2026-01-05,268.6342468261719,11526602
2026-01-06,265.56866455078125,11777253
2026-01-07,261.1680603027344,14877056
2026-01-08,256.4213562011719,11762204
2026-01-09,255.1357879638672,14100782
2026-01-12,255.67967224121094,9698555
2026-01-13,255.92689514160156,9734559
2026-01-14,255.48190307617188,15435341
2026-01-15,255.48190307617188,0
2026-01-16,254.44354248046875,9648251
2026-01-19,254.7896728515625,10588722
2026-01-20,251.22964477539062,12452441
2026-01-21,252.96022033691406,14263346
2026-01-22,256.3719177246094,15520530
2026-01-23,251.32852172851562,18022018
2026-01-27,251.52630615234375,17375059
2026-01-28,256.9158020019531,16046343
2026-01-29,257.6080322265625,26914029
2026-01-30,253.65243530273438,23292764
2026-02-02,267.39813232421875,37109237
2026-02-03,280.0560302734375,52651170
2026-02-04,286.18719482421875,27775044
2026-02-05,286.13775634765625,9870342
2026-02-06,289.5,19951107
2026-02-09,289.75,13114576
2026-02-10,294.3500061035156,21823214
2026-02-11,294.45001220703125,10508852
2026-02-12,293.8999938964844,10482579
2026-02-13,287.20001220703125,10914157
2026-02-16,300.5,22196951
2026-02-17,300.75,11190989
2026-02-18,300.54998779296875,9147320
2026-02-19,294.6499938964844,7552362
2026-02-20,298.95001220703125,11762183
2026-02-23,303.3500061035156,11774742
