date,adj_close,volume
2015-01-01,189.9998016357422,2963643
2015-01-02,189.4969482421875,7331366
2015-01-05,187.4212646484375,10103941
2015-01-06,178.91525268554688,18627980
2015-01-07,182.809814453125,20720312
2015-01-08,180.1884765625,19872227
2015-01-09,184.09375,13392787
2015-01-12,181.95387268066406,10100113
2015-01-13,180.42385864257812,9948711
2015-01-14,178.66917419433594,11380041
2015-01-15,184.93899536132812,16927085
2015-01-16,186.10523986816406,19136963
2015-01-19,188.2344207763672,13339962
2015-01-20,193.24171447753906,13361320
2015-01-21,194.0334930419922,17084297
2015-01-22,189.11180114746094,23721627
2015-01-23,189.7858428955078,18080494
2015-01-27,190.2458953857422,17939876
2015-01-28,194.05487060546875,19298126
2015-01-29,198.88031005859375,36117653
2015-01-30,195.85238647460938,21746801
2015-02-02,194.31166076660156,19302710
2015-02-03,200.635009765625,17092333
2015-02-04,198.75192260742188,14072894
2015-02-05,197.66058349609375,12365643
2015-02-06,194.70755004882812,9045844
2015-02-09,191.8829345703125,8839692
2015-02-10,188.73727416992188,13651008
2015-02-11,192.73887634277344,9781008
2015-02-12,194.5470733642578,8709626
2015-02-13,196.33384704589844,7393680
2015-02-16,193.188232421875,12266698
2015-02-18,192.942138671875,9835036
2015-02-19,193.02774047851562,9550637
2015-02-20,186.832763671875,18717199
2015-02-23,182.199951171875,14104463
2015-02-24,180.06005859375,19946218
2015-02-25,180.42385864257812,15274116
2015-02-26,180.17774963378906,21459750
2015-02-27,183.07730102539062,18659378
2015-03-02,184.93899536132812,14579511
2015-03-03,192.76025390625,20636925
2015-03-04,189.9891357421875,14476047
2015-03-05,189.36856079101562,10716702
2015-03-09,186.09454345703125,14065391
2015-03-10,183.84765625,15234060
2015-03-11,183.1629180908203,11635873
2015-03-12,184.8426971435547,11782380
2015-03-13,181.91107177734375,12936157
2015-03-16,180.19915771484375,13839990
2015-03-17,183.35548400878906,19070082
2015-03-18,185.88055419921875,9269885
2015-03-19,183.20570373535156,13934612
2015-03-20,182.7670135498047,10405717
2015-03-23,180.16708374023438,13251683
2015-03-24,181.4509735107422,9238431
2015-03-25,180.79832458496094,10264941
2015-03-26,177.46009826660156,20621346
2015-03-27,173.69393920898438,23326922
2015-03-30,173.4906463623047,17330588
2015-03-31,176.75393676757812,20235395
2015-04-01,178.904541015625,14588531
2015-04-06,176.46507263183594,12334096
2015-04-07,178.21978759765625,21275454
2015-04-08,185.2920684814453,24821205
2015-04-09,191.54051208496094,27276420
2015-04-10,193.51988220214844,25323219
2015-04-13,197.40377807617188,20177342
2015-04-15,197.64990234375,22231264
2015-04-16,198.65562438964844,20177302
2015-04-17,198.33465576171875,23958678
2015-04-20,189.5183563232422,37628162
2015-04-21,187.5496368408203,17707007
2015-04-22,188.2558135986328,14761313
2015-04-23,187.6780548095703,13337818
2015-04-24,188.0738983154297,12709854
2015-04-27,187.30357360839844,11042925
2015-04-28,185.14227294921875,14687371
2015-04-29,181.88966369628906,16387960
2015-04-30,184.5324249267578,34802149
2015-05-04,190.65248107910156,15078502
2015-05-05,190.9092559814453,17846755
2015-05-06,188.36277770996094,22438208
2015-05-07,186.3299102783203,16735535
2015-05-08,192.78369140625,17104443
2015-05-11,194.13795471191406,14214007
2015-05-12,188.23330688476562,16650201
2015-05-13,191.7869415283203,16701434
2015-05-14,190.2918243408203,12329713
2015-05-15,189.3708953857422,8331715
2015-05-18,193.1845703125,9847540
2015-05-19,194.05126953125,14513036
2015-05-20,196.93316650390625,8708891
2015-05-21,194.31130981445312,10759523
2015-05-22,195.84974670410156,8349048
2015-05-25,193.82376098632812,6617337
2015-05-26,191.67860412597656,9510249
2015-05-27,191.83029174804688,8078236
2015-05-28,189.7717742919922,26538868
2015-05-29,190.03182983398438,29277517
2015-06-01,195.50306701660156,19594976
2015-06-02,194.72303771972656,20178960
2015-06-03,194.22462463378906,15546279
2015-06-04,197.76744079589844,15931395
2015-06-05,196.69482421875,13066337
2015-06-08,191.86277770996094,10846953
2015-06-09,191.48358154296875,9153355
2015-06-10,196.2722930908203,13509379
2015-06-11,190.0642852783203,14676438
2015-06-12,192.81617736816406,21543824
2015-06-15,195.3947296142578,12858570
2015-06-16,195.87144470214844,13929305
2015-06-17,201.77606201171875,26232634
2015-06-18,212.1227264404297,49366799
2015-06-19,215.95802307128906,45710935
2015-06-22,214.88546752929688,19394187
2015-06-23,215.60049438476562,16007498
2015-06-24,214.71209716796875,18603004
2015-06-25,217.66983032226562,27175118
2015-06-26,216.8356170654297,20966796
2015-06-29,214.70126342773438,20168946
2015-06-30,216.70558166503906,23184864
2015-07-01,217.90818786621094,14824266
2015-07-02,219.0349578857422,15931202
2015-07-03,218.24403381347656,13831096
2015-07-06,220.05337524414062,12237733
2015-07-07,217.3881378173828,11294999
2015-07-08,215.9471893310547,15190654
2015-07-09,213.9536895751953,16245867
2015-07-10,217.07394409179688,16110573
2015-07-13,218.20074462890625,9860248
2015-07-14,216.20724487304688,9942927
2015-07-15,219.09994506835938,13532911
2015-07-16,221.81932067871094,14854295
2015-07-17,221.38597106933594,10195142
2015-07-20,222.04685974121094,6348354
2015-07-21,218.37405395507812,7923338
2015-07-22,227.60479736328125,17309440
2015-07-23,226.49969482421875,18642915
2015-07-24,222.11184692382812,13099664
2015-07-27,217.8431854248047,20118553
2015-07-28,218.90493774414062,13382878
2015-07-29,215.81715393066406,14790821
2015-07-30,216.7164306640625,11701228
2015-07-31,217.0847930908203,16634259
2015-08-03,217.2147979736328,9887787
2015-08-04,214.0836944580078,12006872
2015-08-05,214.029541015625,14345010
2015-08-06,212.1227264404297,8708037
2015-08-07,213.29281616210938,8608888
2015-08-10,209.94505310058594,9288894
2015-08-11,209.3166961669922,8762464
2015-08-12,204.311279296875,9650325
2015-08-13,202.24195861816406,9340350
2015-08-14,209.52252197265625,12739366
2015-08-17,206.0014190673828,10857430
2015-08-18,204.57125854492188,6630334
2015-08-19,206.8464813232422,8877298
2015-08-20,198.54745483398438,19008087
2015-08-21,196.73817443847656,20050521
2015-08-24,179.75013732910156,35635706
2015-08-25,183.78045654296875,49504268
2015-08-26,184.91806030273438,18955515
2015-08-27,188.33084106445312,26997546
2015-08-28,189.03506469726562,10770215
2015-08-31,185.4597625732422,20708942
2015-09-01,181.9820098876953,21645696
2015-09-02,184.0838165283203,19652369
2015-09-03,185.01556396484375,11659978
2015-09-04,181.1260986328125,16199949
2015-09-07,180.54103088378906,10234633
2015-09-08,183.87796020507812,12900468
2015-09-09,189.392578125,17340694
2015-09-10,187.86495971679688,11074406
2015-09-11,186.55404663085938,10634833
2015-09-14,187.18243408203125,7964072
2015-09-15,187.86495971679688,11509788
2015-09-16,189.06756591796875,13424811
2015-09-18,194.01876831054688,34261453
2015-09-21,190.2701416015625,12732187
2015-09-22,183.72628784179688,15745524
2015-09-23,184.2571563720703,15221260
2015-09-24,181.44029235839844,29076982
2015-09-28,180.76856994628906,11624639
2015-09-29,182.17703247070312,15853471
2015-09-30,186.8465576171875,17292020
2015-10-01,187.3665771484375,8663393
2015-10-05,192.41531372070312,16015412
2015-10-06,194.59300231933594,12330294
2015-10-07,198.00576782226562,11515191
2015-10-08,192.65367126464844,10753149
2015-10-09,192.27447509765625,9327873
2015-10-12,193.2279052734375,6212395
2015-10-13,193.62875366210938,6162561
2015-10-14,195.6547393798828,8002587
2015-10-15,195.8172607421875,9048478
2015-10-16,198.22244262695312,15246935
2015-10-19,208.77499389648438,33505855
2015-10-20,207.301513671875,18091895
2015-10-21,206.93316650390625,14404450
2015-10-23,207.07398986816406,12153422
2015-10-26,204.3004608154297,10938775
2015-10-27,203.58538818359375,11601798
2015-10-28,203.02197265625,11958727
2015-10-29,203.8995819091797,13280382
2015-10-30,205.35137939453125,13366359
2015-11-02,207.9732208251953,7222044
2015-11-03,209.57667541503906,11373522
2015-11-04,206.1314239501953,10033187
2015-11-05,202.9461669921875,10767454
2015-11-06,206.36978149414062,8367190
2015-11-09,208.2873992919922,17031699
2015-11-10,199.94509887695312,11486238
2015-11-13,202.1769256591797,13682323
2015-11-16,202.4477996826172,15346549
2015-11-17,201.0285186767578,8588142
2015-11-18,197.61573791503906,11249222
2015-11-19,202.5452880859375,12183206
2015-11-20,205.1671600341797,11304265
2015-11-23,206.6622772216797,10499517
2015-11-24,209.6850128173828,14806176
2015-11-26,214.22454833984375,23805828
2015-11-27,212.14439392089844,10891864
2015-11-30,209.55502319335938,29919205
2015-12-01,209.2949981689453,12981379
2015-12-02,211.9060516357422,7573628
2015-12-03,211.74354553222656,11361395
2015-12-04,209.19747924804688,13443688
2015-12-07,206.29393005371094,14483909
2015-12-08,203.87789916992188,7532164
2015-12-09,198.4608154296875,9174419
2015-12-10,205.9255828857422,18592203
2015-12-11,206.4889373779297,18155513
2015-12-14,206.95481872558594,10563900
2015-12-15,211.46188354492188,15718833
2015-12-16,212.05772399902344,12097338
2015-12-17,218.7857666015625,19369032
2015-12-18,214.9287872314453,16016139
2015-12-21,214.9721221923828,12331769
2015-12-22,213.93202209472656,11579277
2015-12-23,217.50729370117188,12919467
2015-12-24,216.8031005859375,11901877
2015-12-28,218.9374542236328,12885935
2015-12-29,220.02085876464844,14913870
2015-12-30,217.65899658203125,8151610
2015-12-31,219.84750366210938,18483713
2016-01-01,220.010009765625,5416562
2016-01-04,215.66551208496094,30170947
2016-01-05,217.79981994628906,14946239
2016-01-06,223.66114807128906,26759864
2016-01-07,219.5549774169922,19739943
2016-01-08,222.26353454589844,21313199
2016-01-11,227.86480712890625,29016443
2016-01-12,226.5321807861328,23373377
2016-01-13,233.33609008789062,71802356
2016-01-14,230.04246520996094,27823189
2016-01-15,232.5668487548828,28767318
2016-01-18,220.33505249023438,27254669
2016-01-19,226.13134765625,21489315
2016-01-20,217.66983032226562,45114225
2016-01-21,213.26031494140625,31768619
2016-01-22,217.58316040039062,23682648
2016-01-25,217.5398406982422,13099564
2016-01-27,216.54307556152344,17251028
2016-01-28,220.34585571289062,23074633
2016-01-29,224.3545379638672,19177163
2016-02-01,223.24942016601562,9918809
2016-02-02,216.93312072753906,14771279
2016-02-03,212.6536102294922,15691478
2016-02-04,210.8442840576172,18203784
2016-02-05,210.37841796875,20998404
2016-02-08,208.2440948486328,12078110
2016-02-09,207.474853515625,19603494
2016-02-10,208.5907745361328,16883350
2016-02-11,200.33511352539062,17114833
2016-02-12,196.43478393554688,29319458
2016-02-15,205.1455078125,19283523
2016-02-16,201.63522338867188,13024856
2016-02-17,206.41310119628906,15442221
2016-02-18,203.70455932617188,14433087
2016-02-19,204.62545776367188,10235503
2016-02-22,208.5149688720703,12770834
2016-02-23,205.77389526367188,18989787
2016-02-24,206.42391967773438,15186204
2016-02-25,204.57125854492188,24826958
2016-02-26,205.9255828857422,8349402
2016-02-29,209.45750427246094,31032353
2016-03-01,212.6319122314453,16453192
2016-03-02,217.0089569091797,20105967
2016-03-03,219.4683380126953,15880459
2016-03-04,218.0707244873047,8987660
2016-03-08,222.53440856933594,13222993
2016-03-09,225.7196502685547,11854901
2016-03-10,219.22996520996094,20706353
2016-03-11,219.8258056640625,15319044
2016-03-14,220.96343994140625,11880095
2016-03-15,221.12594604492188,10487788
2016-03-16,221.39675903320312,11064129
2016-03-17,222.62954711914062,16832997
2016-03-18,225.08375549316406,14030979
2016-03-21,227.29689025878906,12708074
2016-03-22,229.60867309570312,15333442
2016-03-23,225.5220184326172,16806372
2016-03-28,223.59373474121094,18070240
2016-03-29,227.0668182373047,15871250
2016-03-30,229.433349609375,14453294
2016-03-31,229.0279541015625,30833349
2016-04-01,226.6724090576172,12381116
2016-04-04,226.80386352539062,8632568
2016-04-05,225.0290069580078,10259495
2016-04-06,226.51901245117188,6990781
2016-04-07,227.2859344482422,8789163
2016-04-08,227.08872985839844,13411752
2016-04-11,227.9542694091797,10308361
2016-04-12,229.51007080078125,11164859
2016-04-13,233.59669494628906,16038542
2016-04-18,233.31185913085938,19065716
2016-04-20,227.29689025878906,21687934
2016-04-21,228.14053344726562,11380697
2016-04-22,227.658447265625,11705087
2016-04-25,222.82679748535156,61157544
2016-04-26,222.83775329589844,26429236
2016-04-27,223.3745880126953,14502641
2016-04-28,218.40049743652344,61949033
2016-04-29,215.332763671875,23479680
2016-05-02,216.26405334472656,10620873
2016-05-03,213.82083129882812,17571826
2016-05-04,214.3248291015625,13546285
2016-05-05,213.70030212402344,21665684
2016-05-06,212.31979370117188,14748329
2016-05-09,215.42041015625,15347096
2016-05-10,215.2998809814453,7248302
2016-05-11,213.73316955566406,12339923
2016-05-12,217.54588317871094,12786216
2016-05-13,214.33575439453125,14648291
2016-05-16,213.85366821289062,9327335
2016-05-17,212.36363220214844,12157600
2016-05-18,212.67041015625,8228838
2016-05-19,208.4303436279297,9134784
2016-05-20,204.70526123046875,18544619
2016-05-23,203.7849578857422,18365734
2016-05-24,206.0747833251953,12283217
2016-05-25,208.4303436279297,9240115
2016-05-26,207.47718811035156,14190024
2016-05-27,213.57972717285156,13401594
2016-05-30,212.26502990722656,9633652
2016-05-31,209.8875274658203,23332727
2016-06-01,208.95623779296875,9042808
2016-06-02,209.53692626953125,10253825
2016-06-03,210.28196716308594,8643295
2016-06-06,209.2191925048828,8672842
2016-06-07,209.27401733398438,18954268
2016-06-08,209.0658416748047,12135516
2016-06-09,212.80189514160156,15643495
2016-06-10,214.01800537109375,16316760
2016-06-13,214.98216247558594,10214469
2016-06-14,213.9193878173828,10923848
2016-06-15,215.74908447265625,11129082
2016-06-16,213.9303741455078,9372207
2016-06-17,213.6235809326172,10534878
2016-06-20,216.97616577148438,10758608
2016-06-21,216.29690551757812,13933068
2016-06-22,214.8507080078125,12788710
2016-06-23,214.8397216796875,9837526
2016-06-24,208.4851531982422,24985097
2016-06-27,209.40545654296875,9163399
2016-06-28,209.87657165527344,7604977
2016-06-29,211.87062072753906,7523987
2016-06-30,212.36363220214844,12758283
2016-07-01,213.30589294433594,6610193
2016-07-04,216.20925903320312,7803505
2016-07-05,217.6116485595703,11359882
2016-07-07,216.4722137451172,12029091
2016-07-08,214.3905487060547,7140617
2016-07-11,217.4801788330078,8266601
2016-07-12,219.86862182617188,9767494
2016-07-13,221.04092407226562,14915296
2016-07-14,220.19729614257812,10758372
2016-07-15,221.79690551757812,13992989
2016-07-18,220.49313354492188,32106850
2016-07-19,223.02398681640625,16649300
2016-07-20,224.1634521484375,12265316
2016-07-21,220.51502990722656,6711097
2016-07-22,222.37759399414062,6899519
2016-07-25,224.10865783691406,8241568
2016-07-26,224.39353942871094,10516399
2016-07-27,221.99411010742188,11030767
2016-07-28,224.89749145507812,15610838
2016-07-29,222.38853454589844,9629597
2016-08-01,221.2052764892578,7978251
2016-08-02,221.92840576171875,7710138
2016-08-03,217.7978973388672,11872282
2016-08-04,217.58973693847656,10187608
2016-08-05,222.6843719482422,12109001
2016-08-08,225.532958984375,13556347
2016-08-09,225.85067749023438,13290768
2016-08-10,219.9234161376953,13471958
2016-08-11,222.21324157714844,14169454
2016-08-12,226.96820068359375,16365425
2016-08-16,224.57977294921875,13367575
2016-08-17,222.03793334960938,15486572
2016-08-18,223.0788116455078,7749690
2016-08-19,222.38853454589844,8177802
2016-08-22,221.72021484375,6684236
2016-08-23,221.4134521484375,7320433
2016-08-24,223.61563110351562,8719596
2016-08-25,221.90647888183594,14960746
2016-08-26,225.23715209960938,9639663
2016-08-29,231.71226501464844,16193208
2016-08-30,233.67343139648438,18170724
2016-08-31,232.27101135253906,23295502
2016-09-01,225.5220184326172,42621045
2016-09-02,222.0489044189453,28124615
2016-09-06,223.48414611816406,11510431
2016-09-07,222.99111938476562,12927438
2016-09-08,226.44232177734375,12206479
2016-09-09,228.8855438232422,15269894
2016-09-12,229.3128204345703,33684893
2016-09-14,228.92935180664062,18604842
2016-09-15,233.36663818359375,31371009
2016-09-16,235.6783905029297,39324529
2016-09-19,237.17938232421875,16678060
2016-09-20,235.382568359375,11531268
2016-09-21,234.95530700683594,10943394
2016-09-22,238.61463928222656,18761415
2016-09-23,241.6494903564453,31085948
2016-09-26,242.61363220214844,38213411
2016-09-27,243.33677673339844,19374535
2016-09-28,238.98716735839844,24820234
2016-09-29,234.9990997314453,21260295
2016-09-30,237.4642333984375,11199883
2016-10-03,238.9981231689453,18125170
2016-10-04,240.23614501953125,13113580
2016-10-05,238.71324157714844,10789932
2016-10-06,243.40248107910156,21111045
2016-10-07,243.008056640625,15280380
2016-10-10,240.23614501953125,11553662
2016-10-13,231.64649963378906,21938040
2016-10-14,236.13853454589844,15265659
2016-10-17,232.4134521484375,9826781
2016-10-18,236.89450073242188,11073137
2016-10-19,238.2640380859375,17073242
2016-10-20,238.307861328125,10125508
2016-10-21,233.1913299560547,43608816
2016-10-24,232.99412536621094,10513017
2016-10-25,232.45726013183594,7658966
2016-10-26,230.9672393798828,10945927
2016-10-27,229.794921875,12842476
2016-10-28,231.16444396972656,8127969
2016-11-01,230.2989044189453,10223897
2016-11-02,224.3277587890625,7039997
2016-11-03,224.37161254882812,7311872
2016-11-04,220.33975219726562,11535892
2016-11-07,219.37557983398438,9506040
2016-11-08,219.89051818847656,13432073
2016-11-09,220.13157653808594,21640144
2016-11-10,221.40249633789062,9764091
2016-11-11,219.50706481933594,14775330
2016-11-15,215.9243927001953,14487470
2016-11-16,216.1763916015625,16550762
2016-11-17,214.24810791015625,12628378
2016-11-18,216.38453674316406,18163751
2016-11-21,217.26104736328125,13232434
2016-11-22,219.44134521484375,17646355
2016-11-23,221.09571838378906,13107911
2016-11-24,216.35169982910156,18913793
2016-11-25,217.74310302734375,10454964
2016-11-28,216.19830322265625,8312777
2016-11-29,218.61959838867188,9885281
2016-11-30,216.9433135986328,27596098
2016-12-01,218.6305694580078,12627845
2016-12-02,217.97320556640625,12481430
2016-12-05,217.77603149414062,3987213
2016-12-06,220.2630157470703,6726369
2016-12-07,218.93736267089844,4930865
2016-12-08,223.5170135498047,8750556
2016-12-09,225.46722412109375,8239158
2016-12-12,225.08375549316406,9023848
2016-12-13,227.84469604492188,10365823
2016-12-14,232.1614532470703,24139260
2016-12-15,230.72618103027344,19331986
2016-12-16,231.64649963378906,14942206
2016-12-19,232.82977294921875,15009634
2016-12-20,231.8108673095703,11688169
2016-12-21,232.98316955566406,20367894
2016-12-22,230.8138427734375,28892834
2016-12-23,231.67938232421875,10265033
2016-12-26,229.52099609375,15321770
2016-12-27,233.3009033203125,17442849
2016-12-28,230.0140380859375,9637310
2016-12-29,233.4652099609375,8772325
2016-12-30,237.17938232421875,15711974
2017-01-02,237.77102661132812,7097888
2017-01-03,238.71324157714844,6434204
2017-01-04,233.8377227783203,10392483
2017-01-05,236.08375549316406,8734164
2017-01-06,235.54693603515625,7845839
2017-01-09,236.1494903564453,5228980
2017-01-10,238.81185913085938,11349916
2017-01-11,237.9791717529297,11475958
2017-01-12,237.3765869140625,4371992
2017-01-13,238.932373046875,7234429
2017-01-16,235.83177185058594,12013154
2017-01-17,228.16244506835938,39234251
2017-01-18,226.25607299804688,15867619
2017-01-19,226.50807189941406,15284274
2017-01-20,224.77699279785156,8784907
2017-01-23,222.60765075683594,13708502
2017-01-24,225.1056671142578,9419288
2017-01-25,222.91441345214844,23856654
2017-01-27,224.6235809326172,21861796
2017-01-30,228.94032287597656,15678126
2017-01-31,229.0279541015625,15125194
2017-02-01,230.0030975341797,11312284
2017-02-02,228.6554718017578,9099129
2017-02-03,226.49710083007812,13219481
2017-02-06,228.25009155273438,9991907
2017-02-07,225.89451599121094,9905562
2017-02-08,224.63458251953125,16230826
2017-02-09,226.29989624023438,9861688
2017-02-10,225.7301788330078,12518554
2017-02-13,225.66445922851562,8565757
2017-02-14,230.0359344482422,18244623
2017-02-15,230.36463928222656,15236663
2017-02-16,233.9144287109375,19655195
2017-02-17,235.6674346923828,14847356
2017-02-20,235.6455078125,11650581
2017-02-21,238.45030212402344,14186476
2017-02-22,264.5917663574219,127323130
2017-02-23,259.16845703125,62249698
2017-02-27,271.4721984863281,83422197
2017-02-28,271.28594970703125,36111716
2017-03-01,270.50811767578125,24385665
2017-03-02,271.00103759765625,18063590
2017-03-03,275.7779846191406,84305639
2017-03-06,286.03302001953125,66724743
2017-03-07,285.9453430175781,42071555
2017-03-08,282.93243408203125,43336972
2017-03-09,281.957275390625,31094457
2017-03-10,280.83978271484375,24785585
2017-03-14,282.5599060058594,27765035
2017-03-15,285.9453430175781,24107889
2017-03-16,284.34576416015625,15924023
2017-03-17,285.0140686035156,22727289
2017-03-20,280.6535339355469,12869337
2017-03-21,276.9283752441406,22596181
2017-03-22,276.0299987792969,20291685
2017-03-23,279.01007080078125,11807911
2017-03-24,281.957275390625,16282523
2017-03-27,274.1455383300781,32452615
2017-03-28,272.9732360839844,21707345
2017-03-29,275.3616943359375,18924345
2017-03-30,278.42938232421875,27862325
2017-03-31,289.4403991699219,45390562
2017-04-03,301.2182312011719,44886623
2017-04-05,310.05987548828125,40323877
2017-04-06,315.2093200683594,50620850
2017-04-07,308.21923828125,31875272
2017-04-10,302.6864013671875,30768410
2017-04-11,300.71429443359375,32249647
2017-04-12,296.693359375,27448279
2017-04-13,299.0599060058594,12713918
2017-04-17,304.9872131347656,11837502
2017-04-18,300.2431640625,16016414
2017-04-19,299.9363708496094,11572557
2017-04-20,300.10076904296875,8393496
2017-04-21,307.3208923339844,30230907
2017-04-24,310.5858154296875,25512511
2017-04-25,313.9602966308594,36764315
2017-04-26,310.3775939941406,16763153
2017-04-27,308.8547058105469,12571594
2017-04-28,305.7212219238281,11848658
2017-05-02,300.3197937011719,18591411
2017-05-03,300.2212219238281,9500038
2017-05-04,297.5589294433594,14365934
2017-05-05,291.0509338378906,15598448
2017-05-08,289.54986572265625,16066733
2017-05-09,291.51104736328125,21106150
2017-05-10,297.81085205078125,22906024
2017-05-11,297.9095153808594,13783848
2017-05-12,295.91546630859375,7523427
2017-05-15,294.5240478515625,6738085
2017-05-16,297.1972961425781,12655992
2017-05-17,296.4961242675781,9844573
2017-05-18,290.85369873046875,9790379
2017-05-19,288.99114990234375,12813204
2017-05-22,290.1524963378906,8801430
2017-05-23,286.0767822265625,9223001
2017-05-24,284.3567199707031,14326531
2017-05-25,285.39752197265625,25922008
2017-05-26,293.03399658203125,21430443
2017-05-29,297.32879638671875,24022633
2017-05-30,297.8656311035156,9658309
2017-05-31,293.779052734375,16423338
2017-06-01,291.0509338378906,9534069
2017-06-02,290.28399658203125,11495005
2017-06-05,291.29193115234375,10835031
2017-06-06,287.6654052734375,9591064
2017-06-07,293.406494140625,11199223
2017-06-08,291.8068542480469,7903123
2017-06-09,292.68341064453125,13836547
2017-06-12,289.12261962890625,8432435
2017-06-13,288.0050354003906,6025338
2017-06-14,297.4602966308594,52939271
2017-06-15,303.2561340332031,28290813
2017-06-16,304.3188781738281,32710880
2017-06-19,308.7998962402344,15236956
2017-06-20,309.47918701171875,10142474
2017-06-21,311.59375,19992472
2017-06-22,313.92742919921875,22118609
2017-06-23,314.6286315917969,31143289
2017-06-27,314.9134826660156,32591540
2017-06-28,306.4443664550781,15567803
2017-06-29,305.1734313964844,12898245
2017-06-30,302.39056396484375,7814271
2017-07-03,302.62060546875,9195278
2017-07-04,311.582763671875,18816782
2017-07-05,316.1186828613281,27209010
2017-07-06,316.0968017578125,13590313
2017-07-07,326.74615478515625,35845310
2017-07-10,327.1186828613281,3504540
2017-07-11,327.4473571777344,20995547
2017-07-12,331.1176452636719,17104482
2017-07-13,336.1793518066406,23010262
2017-07-14,338.7524719238281,20530867
2017-07-17,342.7280578613281,18749450
2017-07-18,335.6935119628906,19640167
2017-07-19,338.5757751464844,11790198
2017-07-20,337.68133544921875,13626050
2017-07-21,350.07183837890625,97142371
2017-07-24,356.7530517578125,43429394
2017-07-25,353.8596496582031,20063064
2017-07-26,358.40948486328125,21954323
2017-07-27,352.2362976074219,18409364
2017-07-28,352.15899658203125,14331863
2017-07-31,356.74200439453125,16567422
2017-08-01,354.17999267578125,12311920
2017-08-02,359.8340759277344,20786240
2017-08-03,364.4501953125,19707381
2017-08-04,358.2770080566406,18579866
2017-08-07,356.9960021972656,9537088
2017-08-08,353.94805908203125,10961296
2017-08-09,353.1197814941406,10436651
2017-08-10,349.92828369140625,10188164
2017-08-11,341.5133056640625,16996281
2017-08-14,347.4324951171875,13440617
2017-08-16,345.8974914550781,13576650
2017-08-17,346.1183776855469,15828719
2017-08-18,347.9515686035156,7935890
2017-08-21,345.5220031738281,7573558
2017-08-22,344.5612487792969,9533641
2017-08-23,349.4202880859375,8320052
2017-08-24,346.3281555175781,12654347
2017-08-28,345.9968566894531,12316426
2017-08-29,338.39910888671875,15164812
2017-08-30,345.4557800292969,10334911
2017-08-31,352.1700439453125,25104625
2017-09-01,355.6156005859375,15431918
2017-09-04,356.3333435058594,21560532
2017-09-05,360.58502197265625,25216776
2017-09-06,363.4120788574219,48745984
2017-09-07,361.3801574707031,16205339
2017-09-08,360.85009765625,13248413
2017-09-11,361.2917785644531,12690592
2017-09-12,363.8759460449219,6500191
2017-09-13,375.02960205078125,29377106
2017-09-14,372.75469970703125,11867640
2017-09-15,371.84918212890625,28595395
2017-09-18,373.5057067871094,5061995
2017-09-19,370.4356689453125,7718697
2017-09-20,374.2124328613281,24942703
2017-09-21,371.6504211425781,12950541
2017-09-22,361.0709533691406,12294087
2017-09-25,362.90411376953125,14229631
2017-09-26,362.26361083984375,10564143
2017-09-27,353.0093688964844,18448855
2017-09-28,347.39935302734375,29547622
2017-09-29,344.94775390625,16666208
2017-10-03,352.656005859375,18345748
2017-10-04,361.7114562988281,18907611
2017-10-05,364.0526123046875,10631751
2017-10-06,369.7509765625,12997688
2017-10-09,366.92388916015625,8850408
2017-10-10,372.46759033203125,14732024
2017-10-11,371.12030029296875,15420644
2017-10-12,385.5207214355469,18642942
2017-10-13,387.1551513671875,21509701
2017-10-16,387.3097839355469,32009221
2017-10-17,386.22747802734375,13898844
2017-10-18,403.9630432128906,36671941
2017-10-19,401.9310607910156,8014767
2017-10-23,415.11669921875,27455320
2017-10-24,412.6872253417969,13857773
2017-10-25,415.1830139160156,10011782
2017-10-26,418.4960021972656,16840049
2017-10-27,410.74359130859375,11498547
2017-10-30,416.33148193359375,7823263
2017-10-31,415.6026611328125,9504986
2017-11-01,420.7708740234375,17571371
2017-11-02,418.142578125,10277678
2017-11-03,417.568359375,4798537
2017-11-06,411.9141845703125,9757496
2017-11-07,400.5174865722656,20447574
2017-11-08,392.16876220703125,17752793
2017-11-09,397.7787780761719,15007224
2017-11-10,390.4239501953125,13923102
2017-11-13,386.6250915527344,9088619
2017-11-14,391.6828918457031,12481463
2017-11-15,390.357666015625,15272059
2017-11-16,399.2585754394531,15160866
2017-11-17,402.8145446777344,12219276
2017-11-20,406.76800537109375,9231195
2017-11-21,411.9363098144531,13082246
2017-11-22,411.14117431640625,11058315
2017-11-23,418.3192138671875,16031638
2017-11-24,420.1303405761719,13987125
2017-11-27,420.24078369140625,10237135
2017-11-28,416.7069396972656,10153618
2017-11-29,417.8775634765625,8038351
2017-11-30,407.07720947265625,20637767
2017-12-01,402.0193786621094,11114967
2017-12-04,398.26470947265625,10103208
2017-12-05,403.60968017578125,18306627
2017-12-06,409.330078125,24078081
2017-12-07,411.4945068359375,12095301
2017-12-08,406.8342590332031,12224184
2017-12-11,404.69189453125,10792248
2017-12-12,404.44891357421875,15782031
2017-12-13,404.029296875,9147866
2017-12-14,407.0551452636719,10983157
2017-12-15,406.2821044921875,24408414
2017-12-18,406.8342590332031,18581421
2017-12-19,409.0208740234375,8891691
2017-12-20,405.5753479003906,10443493
2017-12-21,403.2783508300781,9071450
2017-12-22,406.5692138671875,10658428
2017-12-26,410.72149658203125,11596338
2017-12-27,408.04901123046875,9520350
2017-12-28,408.2478332519531,15511891
2017-12-29,406.8563537597656,11089700
2018-01-01,401.8648376464844,9453202
2018-01-02,402.48321533203125,9499419
2018-01-03,404.0954895019531,13507800
2018-01-04,406.5250244140625,9008932
2018-01-05,407.82818603515625,7441284
2018-01-08,410.16937255859375,8827020
2018-01-09,415.6468505859375,14294571
2018-01-10,416.2652587890625,11727682
2018-01-11,414.2332458496094,7849171
2018-01-12,419.2027587890625,15071161
2018-01-15,419.26898193359375,11120925
2018-01-16,407.69561767578125,10825151
2018-01-17,408.38031005859375,13204016
2018-01-18,406.2600402832031,9381821
2018-01-19,411.38409423828125,9973533
2018-01-22,429.1417236328125,45700733
2018-01-23,434.33203125,22526810
2018-01-24,426.8667907714844,14289485
2018-01-25,426.6679992675781,13669901
2018-01-29,426.04962158203125,9897064
2018-01-30,419.8211364746094,9182956
2018-01-31,424.6360778808594,12551686
2018-02-01,416.9278259277344,16524809
2018-02-02,399.4794616699219,28965593
2018-02-05,398.50762939453125,19191099
2018-02-06,394.0682678222656,24062503
2018-02-07,395.08416748046875,15532284
2018-02-08,399.56781005859375,13825894
2018-02-09,396.60821533203125,11580639
2018-02-12,404.4047546386719,11877059
2018-02-14,412.422119140625,22247829
2018-02-15,413.3056335449219,13363743
2018-02-16,406.966796875,9628162
2018-02-19,409.4846496582031,8941900
2018-02-20,406.87847900390625,8458450
2018-02-21,410.522705078125,11917390
2018-02-22,408.3140563964844,11196908
2018-02-23,412.6872253417969,10610664
2018-02-26,414.65289306640625,8435611
2018-02-27,419.8653259277344,14021366
2018-02-28,421.654296875,56650480
2018-03-01,418.9377136230469,8956590
2018-03-05,408.20361328125,12325694
2018-03-06,402.3506774902344,16019726
2018-03-07,393.0301818847656,15853546
2018-03-08,402.61572265625,13283967
2018-03-09,403.3446350097656,10638527
2018-03-12,410.9423522949219,8315150
2018-03-13,411.6270446777344,11148731
2018-03-14,410.39019775390625,14724464
2018-03-15,402.77032470703125,12711836
2018-03-16,397.58001708984375,30814962
2018-03-19,395.5701599121094,12630833
2018-03-20,393.0522766113281,15192983
2018-03-21,396.1885070800781,14715126
2018-03-22,401.15802001953125,22129723
2018-03-23,394.8634033203125,23469999
2018-03-26,398.0437927246094,13227705
2018-03-27,397.46954345703125,15179544
2018-03-28,389.9159851074219,19160609
2018-04-02,394.4437255859375,12494499
2018-04-03,397.3591613769531,13922126
2018-04-04,395.3050842285156,14214534
2018-04-05,401.1800842285156,8527915
2018-04-06,402.4169616699219,9664888
2018-04-09,404.6255798339844,7813897
2018-04-10,405.08941650390625,8455132
2018-04-11,411.1853332519531,13140816
2018-04-12,410.235595703125,10822592
2018-04-13,414.7191467285156,12616816
2018-04-16,413.924072265625,8934275
2018-04-17,417.1044616699219,9599816
2018-04-18,414.3437194824219,7360987
2018-04-19,416.2431640625,9802587
2018-04-20,409.8822326660156,7326696
2018-04-23,413.46026611328125,7674482
2018-04-24,428.50115966796875,19921115
2018-04-25,428.6999816894531,14079382
2018-04-26,430.8424072265625,34096999
2018-04-27,440.0966491699219,25518647
2018-04-30,425.5195007324219,19406069
2018-05-02,429.6717224121094,13381914
2018-05-03,424.7685546875,8634812
2018-05-04,421.3893127441406,8302649
2018-05-07,428.9208068847656,7683268
2018-05-08,427.1980895996094,10792648
2018-05-09,431.4386291503906,9831044
2018-05-10,433.4044189453125,8781584
2018-05-11,436.9824523925781,8774740
2018-05-14,435.8117980957031,5642499
2018-05-15,432.4325866699219,10501479
2018-05-16,422.361083984375,18840763
2018-05-17,417.59039306640625,10353948
2018-05-18,412.51055908203125,11440117
2018-05-21,411.4062194824219,14491208
2018-05-22,409.374267578125,11310073
2018-05-23,402.96917724609375,9991028
2018-05-24,404.5593566894531,11632489
2018-05-25,406.74591064453125,17782410
2018-05-28,406.5692138671875,11369679
2018-05-29,405.26611328125,17878384
2018-05-30,404.66973876953125,13105124
2018-05-31,406.9888610839844,37080158
2018-06-01,411.0528259277344,19174278
2018-06-04,415.6026611328125,12250151
2018-06-05,418.6064147949219,17436812
2018-06-06,421.5880432128906,9164022
2018-06-07,429.075439453125,14999572
2018-06-08,434.81793212890625,14289325
2018-06-11,434.0670471191406,15018718
2018-06-12,440.47210693359375,16285583
2018-06-13,442.8353576660156,12962502
2018-06-14,445.2427978515625,11997529
2018-06-15,448.00360107421875,24705890
2018-06-18,448.5999755859375,12363932
2018-06-19,439.9861755371094,13881382
2018-06-20,450.2343444824219,15735681
2018-06-21,455.8443603515625,22988909
2018-06-22,447.252685546875,35370008
2018-06-25,443.69671630859375,11369371
2018-06-26,432.4325866699219,17649122
2018-06-27,429.4978942871094,19595831
2018-06-28,420.2041015625,18770484
2018-06-29,432.4327697753906,17425606
2018-07-02,427.1632995605469,14570004
2018-07-03,431.92144775390625,11084063
2018-07-04,440.2815246582031,10938521
2018-07-05,428.89764404296875,40946479
2018-07-06,434.70074462890625,20039239
2018-07-09,443.3942565917969,11309207
2018-07-10,456.1122741699219,22846197
2018-07-11,461.9376220703125,18953870
2018-07-12,481.3035888671875,52736376
2018-07-13,489.0633544921875,39301408
2018-07-16,478.5687561035156,14427529
2018-07-17,485.75042724609375,14150770
2018-07-18,485.83935546875,10241565
2018-07-19,491.3089599609375,11885426
2018-07-20,501.8924560546875,17538801
2018-07-23,498.1793212890625,12779803
2018-07-24,494.02154541015625,9775749
2018-07-25,495.8892517089844,13014255
2018-07-26,493.8881530761719,14053674
2018-07-27,502.42608642578125,14610585
2018-07-30,512.009033203125,30344461
2018-07-31,527.39501953125,30350826
2018-08-01,530.21875,21227054
2018-08-02,519.5464477539062,13668930
2018-08-03,523.3707275390625,14536058
2018-08-06,530.3298950195312,8785462
2018-08-07,526.5946655273438,8879612
2018-08-08,541.4915771484375,17307566
2018-08-09,541.6027221679688,14976885
2018-08-10,535.48828125,7833494
2018-08-13,528.151123046875,10211072
2018-08-14,538.3343505859375,11592139
2018-08-16,533.9763793945312,13086024
2018-08-17,535.2882690429688,8379864
2018-08-20,549.14013671875,16639535
2018-08-21,554.6097412109375,15923396
2018-08-23,564.5039672851562,17429373
2018-08-24,568.0836181640625,14550512
2018-08-27,574.3092041015625,12188510
2018-08-28,586.5380859375,19018790
2018-08-29,575.5098266601562,24230135
2018-08-30,566.7273559570312,21545859
2018-08-31,552.1417236328125,33479841
2018-09-03,546.5831909179688,26686176
2018-09-04,552.2750244140625,19333815
2018-09-05,545.6270751953125,22584608
2018-09-06,560.9241943359375,24487897
2018-09-07,568.57275390625,23389269
2018-09-10,558.4562377929688,15440786
2018-09-11,550.3851318359375,23787332
2018-09-12,556.966552734375,17642490
2018-09-14,557.2555541992188,17233514
2018-09-17,545.137939453125,14773803
2018-09-18,541.2468872070312,16660044
2018-09-19,538.4010009765625,24642640
2018-09-21,541.402587890625,41713856
2018-09-24,547.8727416992188,22098277
2018-09-25,547.22802734375,21250513
2018-09-26,556.4774780273438,13992341
2018-09-27,557.5223388671875,23642923
2018-09-28,559.3899536132812,24220992
2018-10-01,547.717041015625,16039441
2018-10-03,535.8884887695312,16135428
2018-10-04,499.0464172363281,50774608
2018-10-05,466.40667724609375,47998260
2018-10-08,493.3323059082031,53983473
2018-10-09,484.7276306152344,24042005
2018-10-10,490.0860900878906,20784941
2018-10-11,483.72711181640625,28926389
2018-10-12,500.9586181640625,19814528
2018-10-15,506.8284606933594,19406012
2018-10-16,517.5230712890625,16358598
2018-10-17,511.9645080566406,27967162
2018-10-19,489.7303161621094,55606079
2018-10-22,472.5433044433594,28798142
2018-10-23,469.0080871582031,23128845
2018-10-24,465.0281677246094,29869514
2018-10-25,458.380126953125,30833933
2018-10-26,464.650146484375,20085933
2018-10-29,483.72711181640625,16781215
2018-10-30,470.03082275390625,19263668
2018-10-31,471.9207458496094,35999348
2018-11-01,469.6973571777344,20552752
2018-11-02,477.99066162109375,36739798
2018-11-05,484.8387756347656,16585905
2018-11-06,490.9754333496094,18886485
2018-11-07,493.9103088378906,2808599
2018-11-09,486.23956298828125,23712291
2018-11-12,480.258544921875,12690610
2018-11-13,488.9076843261719,14899604
2018-11-14,488.24066162109375,17034346
2018-11-15,487.75152587890625,14943663
2018-11-16,501.33660888671875,24131016
2018-11-19,511.3865661621094,15987574
2018-11-20,505.7834777832031,12511640
2018-11-21,494.888671875,16422494
2018-11-22,490.4195861816406,12670591
2018-11-26,493.4878845214844,13969873
2018-11-27,501.69232177734375,14896607
2018-11-28,512.56494140625,17507771
2018-11-29,519.613037109375,27640198
2018-11-30,519.1906127929688,23443212
2018-12-03,514.2546997070312,12182825
2018-12-04,512.4091186523438,11358720
2018-12-05,513.6765747070312,12729759
2018-12-06,499.6690673828125,12831451
2018-12-07,504.1826171875,15779984
2018-12-10,484.8166198730469,20521072
2018-12-11,488.062744140625,29518062
2018-12-12,493.8214416503906,27572962
2018-12-13,492.28729248046875,20337275
2018-12-14,494.5774230957031,15795834
2018-12-17,502.4482727050781,11077711
2018-12-18,505.3387451171875,12841994
2018-12-19,505.51666259765625,16118419
2018-12-20,501.8035888671875,12609700
2018-12-21,489.2411804199219,18115814
2018-12-24,484.32745361328125,9065704
2018-12-26,488.41851806640625,15771193
2018-12-27,498.1348571777344,27294221
2018-12-28,500.513916015625,16768547
2018-12-31,498.601806640625,15799099
2019-01-01,498.4905700683594,9746670
2019-01-02,491.9982604980469,15628818
2019-01-03,485.9283142089844,16288287
2019-01-04,488.55194091796875,18516544
2019-01-07,491.2645263671875,12060290
2019-01-08,491.22003173828125,12304389
2019-01-09,493.9325866699219,12614237
2019-01-10,492.48736572265625,8925160
2019-01-11,488.2851257324219,14139060
2019-01-14,487.729248046875,8994060
2019-01-15,502.3371276855469,22011407
2019-01-16,505.116455078125,13961606
2019-01-17,504.4715576171875,16379077
2019-01-18,526.6612548828125,56181172
2019-01-21,550.3851318359375,48206814
2019-01-22,549.251220703125,36207430
2019-01-23,545.3157958984375,19313542
2019-01-24,554.7208862304688,28775487
2019-01-25,554.0760498046875,18703992
2019-01-28,546.760986328125,18744303
2019-01-29,538.3564453125,20405845
2019-01-30,531.7085571289062,17164298
2019-01-31,545.6937255859375,22279301
2019-02-01,555.83251953125,20187323
2019-02-04,574.0423583984375,25528059
2019-02-05,574.3314819335938,20479210
2019-02-06,582.64697265625,20586783
2019-02-07,573.8200073242188,20150710
2019-02-08,568.1726684570312,14230054
2019-02-11,557.2999877929688,16457901
2019-02-12,558.7007446289062,13998153
2019-02-14,544.3818969726562,14496604
2019-02-15,553.3868408203125,20994460
2019-02-18,542.558837890625,21106139
2019-02-19,540.7800903320312,13658461
2019-02-20,548.8955688476562,13776558
2019-02-21,554.4763793945312,23142949
2019-02-22,548.0061645507812,19152470
2019-02-25,547.9839477539062,17176522
2019-02-26,542.6254272460938,22160532
2019-02-27,544.0707397460938,24308835
2019-02-28,547.4280395507812,24688859
2019-03-01,545.2047119140625,17329606
2019-03-05,550.363037109375,15577500
2019-03-06,562.4362182617188,26332276
2019-03-07,564.8597412109375,17738092
2019-03-08,563.4588623046875,13211934
2019-03-11,579.9122924804688,21258869
2019-03-12,592.0298461914062,24561597
2019-03-13,599.1226196289062,24577591
2019-03-14,596.565673828125,22753310
2019-03-15,587.7164306640625,34764353
2019-03-18,600.345458984375,22104063
2019-03-19,612.1295776367188,21448030
2019-03-20,611.6404418945312,21639437
2019-03-22,596.6546630859375,25078643
2019-03-25,588.9615478515625,17394088
2019-03-26,607.9940795898438,20734876
2019-03-27,599.98974609375,22079870
2019-03-28,604.7700805664062,22930248
2019-04-01,618.9332885742188,22088854
2019-04-02,617.9772338867188,17526740
2019-04-03,611.529296875,17169813
2019-04-04,601.6795043945312,18320845
2019-04-05,602.0574951171875,14717266
2019-04-08,591.095947265625,19081843
2019-04-09,593.408447265625,20774977
2019-04-10,592.0520629882812,16651949
2019-04-11,598.9002685546875,12558520
2019-04-12,597.2548217773438,12948769
2019-04-15,595.943115234375,9285737
2019-04-16,597.5439453125,17360317
2019-04-18,616.3096923828125,39286534
2019-04-22,598.2554321289062,23607922
2019-04-23,606.482177734375,19807450
2019-04-24,617.8883056640625,16101112
2019-04-25,610.2841796875,30469914
2019-04-26,619.355712890625,15069884
2019-04-30,619.355712890625,22348580
2019-05-02,624.8031005859375,18992003
2019-05-03,626.4927978515625,14240262
2019-05-06,615.8427124023438,15832114
2019-05-07,597.4328002929688,19417647
2019-05-08,577.8443603515625,31958919
2019-05-09,558.7230834960938,42670173
2019-05-10,556.3662719726562,24557430
2019-05-13,547.8727416992188,17603659
2019-05-14,560.5018310546875,28438234
2019-05-15,558.923095703125,24419559
2019-05-16,562.6806640625,14451308
2019-05-17,563.5923461914062,17276949
2019-05-20,589.6063842773438,26979100
2019-05-21,595.7874145507812,30343560
2019-05-22,596.0542602539062,24689918
2019-05-23,593.1638793945312,38766006
2019-05-24,594.4756469726562,22269265
2019-05-27,582.8248901367188,16076686
2019-05-28,588.6502685546875,42594251
2019-05-29,583.8922119140625,15558515
2019-05-30,591.318359375,23494381
2019-05-31,591.4962768554688,25724066
2019-06-03,604.8590087890625,18556942
2019-06-04,601.0569458007812,15442761
2019-06-06,590.2510375976562,16764835
2019-06-07,584.71484375,14722419
2019-06-10,586.604736328125,11768468
2019-06-11,591.0515747070312,11492074
2019-06-12,592.3855590820312,10297599
2019-06-13,590.2066650390625,15686169
2019-06-14,585.8932495117188,14942768
2019-06-17,570.2180786132812,14908257
2019-06-18,569.6400756835938,16797371
2019-06-19,568.0169067382812,14492763
2019-06-20,576.6438598632812,10748848
2019-06-21,568.9729614257812,23236832
2019-06-24,561.368896484375,11267228
2019-06-25,576.2435913085938,14966899
2019-06-26,575.4876098632812,11593027
2019-06-27,566.5939331054688,24905533
2019-06-28,557.2334594726562,18942165
2019-07-01,564.2371826171875,13478857
2019-07-02,568.5283203125,10146746
2019-07-03,570.3292236328125,8806492
2019-07-04,570.9739990234375,9351405
2019-07-05,561.7913208007812,10926753
2019-07-08,556.7664184570312,14009219
2019-07-09,569.2398681640625,17535754
2019-07-10,568.6840209960938,12018196
2019-07-11,569.8844604492188,8608376
2019-07-12,569.417724609375,15692436
2019-07-15,567.461181640625,10659498
2019-07-16,574.9761962890625,10070773
2019-07-17,570.0179443359375,9482233
2019-07-18,561.1243896484375,11942908
2019-07-19,555.41015625,16336536
2019-07-22,569.417724609375,29092589
2019-07-23,566.3271484375,20316348
2019-07-24,559.9014282226562,15189179
2019-07-25,547.628173828125,21805071
2019-07-26,539.7572021484375,20387504
2019-07-29,538.489990234375,17626045
2019-07-30,525.1271362304688,20853117
2019-07-31,518.612548828125,21229950
2019-08-01,524.8381958007812,22628222
2019-08-02,529.8225708007812,23766807
2019-08-05,511.48114013671875,30399133
2019-08-06,504.7485046386719,29067994
2019-08-07,496.2935485839844,25349369
2019-08-08,515.5073852539062,31198568
2019-08-09,519.8689575195312,21970009
2019-08-13,570.2633056640625,104827144
2019-08-14,576.3026123046875,31688983
2019-08-16,571.71728515625,21977767
2019-08-19,578.2486572265625,16317602
2019-08-20,570.8001708984375,14969299
2019-08-21,568.5634155273438,10677848
2019-08-22,557.7374877929688,14031953
2019-08-23,570.75537109375,21307915
2019-08-26,566.7069091796875,19202504
2019-08-27,570.3081665039062,28401906
2019-08-28,565.1411743164062,11605488
2019-08-29,555.5006103515625,18890222
2019-08-30,558.5426635742188,24735240
2019-09-03,539.686767578125,18730619
2019-09-04,537.338134765625,32949395
2019-09-05,536.1974487304688,22995486
2019-09-06,546.88916015625,23186819
2019-09-09,546.7549438476562,11747929
2019-09-11,552.2127075195312,12127900
2019-09-12,541.4537963867188,11880005
2019-09-13,548.2759399414062,12947715
2019-09-16,541.6327514648438,20547730
2019-09-17,535.6829223632812,15640772
2019-09-18,539.3736572265625,14933909
2019-09-19,527.4515991210938,13766222
2019-09-20,561.1373291015625,48165560
2019-09-23,554.3599853515625,21610844
2019-09-24,572.0303344726562,34958974
2019-09-25,572.4107055664062,18192270
2019-09-26,580.12744140625,18350457
2019-09-27,585.6075439453125,19058663
2019-09-30,595.986083984375,25263770
2019-10-01,583.7510986328125,17920384
2019-10-03,586.5022583007812,13524851
2019-10-04,585.1824951171875,14992253
2019-10-07,586.0773315429688,10061584
2019-10-09,592.6309814453125,17588647
2019-10-10,609.6304321289062,35006390
2019-10-11,605.08984375,16597126
2019-10-14,607.5054321289062,13394275
2019-10-15,610.2567749023438,9672791
2019-10-16,613.925048828125,19403660
2019-10-17,624.7285766601562,16038940
2019-10-18,633.6085205078125,28121951
2019-10-22,632.6244506835938,27786502
2019-10-23,622.8944091796875,18446160
2019-10-24,642.600341796875,22642488
2019-10-25,640.251708984375,13539957
2019-10-27,641.6161499023438,3014841
2019-10-29,656.2893676757812,25768505
2019-10-30,661.6799926757812,16341366
2019-10-31,655.0814819335938,19463741
2019-11-01,651.7486572265625,13904301
2019-11-04,652.084228515625,14063434
2019-11-05,647.4542236328125,12685356
2019-11-06,641.9069213867188,14625505
2019-11-07,652.50927734375,14084039
2019-11-08,646.6488647460938,12019353
2019-11-11,638.730712890625,11357841
2019-11-13,658.6380004882812,25225749
2019-11-14,654.3658447265625,14258133
2019-11-15,657.9893188476562,15691605
2019-11-18,652.7776489257812,14076051
2019-11-19,675.3912963867188,30176255
2019-11-20,692.3460083007812,43538120
2019-11-21,687.85009765625,14897371
2019-11-22,691.83154296875,22352865
2019-11-25,698.5642700195312,15146156
2019-11-26,697.982666015625,35330983
2019-11-27,702.2772827148438,9642739
2019-11-28,706.9521484375,13747479
2019-11-29,693.9117431640625,18559594
2019-12-02,709.7256469726562,31225364
2019-12-03,706.3257446289062,12990426
2019-12-04,694.605224609375,20987607
2019-12-05,693.7775268554688,19942460
2019-12-06,695.5892944335938,13085234
2019-12-09,703.5074462890625,12642677
2019-12-10,698.7431030273438,10173333
2019-12-11,698.9445190429688,12364641
2019-12-12,701.5390625,10326606
2019-12-13,708.1151733398438,12668303
2019-12-16,700.8234252929688,11892718
2019-12-17,699.0786743164062,20324601
2019-12-18,704.9613037109375,14742077
2019-12-19,720.216064453125,20507816
2019-12-20,715.3623657226562,21271510
2019-12-23,702.970703125,25107772
2019-12-24,691.8092041015625,18048449
2019-12-26,677.9188842773438,29761019
2019-12-27,689.9750366210938,17677571
2019-12-30,690.8026733398438,17123749
2019-12-31,677.3150024414062,22203005
2020-01-01,675.32421875,14004468
2020-01-02,686.8212280273438,17710316
2020-01-03,687.6488037109375,20984698
2020-01-06,671.7007446289062,24519177
2020-01-07,682.0346069335938,16683622
2020-01-08,676.912353515625,16047902
2020-01-09,692.5026245117188,14982742
2020-01-10,692.3460083007812,12478359
2020-01-13,690.5789794921875,18282382
2020-01-14,684.181884765625,15816535
2020-01-15,681.6990356445312,15817859
2020-01-16,687.9842529296875,12847975
2020-01-17,707.2652587890625,29463471
2020-01-20,685.5015869140625,32545850
2020-01-21,686.1949462890625,18922720
2020-01-22,685.9488525390625,10322817
2020-01-23,683.0411376953125,11247739
2020-01-24,680.6701049804688,14628445
2020-01-27,673.959716796875,13387750
2020-01-28,658.391845703125,24532236
2020-01-29,662.0155029296875,24746565
2020-01-30,645.8660278320312,22402689
2020-01-31,631.5060424804688,34750310
2020-02-03,619.8077392578125,30712290
2020-02-04,638.1044311523438,25383901
2020-02-05,647.9909057617188,18472100
2020-02-06,652.1513061523438,15538577
2020-02-07,641.3477783203125,12209212
2020-02-10,642.2201538085938,15142476
2020-02-11,649.8922119140625,13999816
2020-02-12,657.7432861328125,13533565
2020-02-13,659.465576171875,13565659
2020-02-14,665.4824829101562,21227841
2020-02-17,661.2996215820312,13149130
2020-02-18,656.4458618164062,11127161
2020-02-19,672.7294921875,14084409
2020-02-20,664.744384765625,16892268
2020-02-24,646.4028930664062,21370214
2020-02-25,633.6309814453125,27745062
2020-02-26,622.7155151367188,29362748
2020-02-27,620.1432495117188,25054993
2020-02-28,594.3756103515625,39315769
2020-03-02,588.7838134765625,29500495
2020-03-03,600.7281494140625,27398798
2020-03-04,599.3189086914062,22105261
2020-03-05,586.5469970703125,30510390
2020-03-06,568.5858154296875,33734039
2020-03-09,498.41839599609375,88187018
2020-03-11,516.044189453125,59578576
2020-03-12,475.5363464355469,55970485
2020-03-13,494.4593505859375,73297403
2020-03-16,454.3765563964844,38482258
2020-03-17,450.9319152832031,45445979
2020-03-18,433.2615051269531,44730415
2020-03-19,410.5359802246094,61404010
2020-03-20,455.38311767578125,63360475
2020-03-23,395.4825134277344,40670949
2020-03-24,422.0329284667969,45734887
2020-03-25,484.1479187011719,73130298
2020-03-26,476.9678649902344,45744488
2020-03-27,476.6994323730469,41657940
2020-03-30,460.9749755859375,30229866
2020-03-31,498.2395324707031,44292810
2020-04-01,483.3426513671875,41597459
2020-04-03,482.0006103515625,41367807
2020-04-07,539.5526123046875,54373624
2020-04-08,533.3119506835938,49880330
2020-04-09,545.7484741210938,33032857
2020-04-13,531.9699096679688,23673784
2020-04-15,514.3888549804688,35321842
2020-04-16,522.5308227539062,37455706
2020-04-17,547.5601806640625,33269335
2020-04-20,556.4177856445312,36030932
2020-04-21,553.5324096679688,61371628
2020-04-22,610.0107421875,142683366
2020-04-23,613.2763671875,65464502
2020-04-24,633.8993530273438,134986308
2020-04-27,639.6031494140625,58482901
2020-04-28,638.8873901367188,78453401
2020-04-29,638.3505859375,37494672
2020-04-30,655.8196411132812,71345899
2020-05-04,642.0410766601562,53456868
2020-05-05,653.42626953125,44903763
2020-05-06,653.470947265625,40489094
2020-05-07,674.138671875,50026966
2020-05-08,698.676025390625,84262770
2020-05-11,705.3863525390625,67085063
2020-05-12,661.7471313476562,100683202
2020-05-13,675.7872314453125,66430125
2020-05-14,648.4656982421875,49266771
2020-05-15,659.0556030273438,62152260
2020-05-18,650.6334838867188,62796089
2020-05-19,636.2501831054688,42315854
2020-05-20,647.44970703125,55320985
2020-05-21,650.8593139648438,39167981
2020-05-22,646.478759765625,37828973
2020-05-26,643.091796875,33216635
2020-05-27,652.8010864257812,35667956
2020-05-28,664.858642578125,40126278
2020-05-29,661.3136596679688,40022527
2020-06-01,686.580322265625,39943702
2020-06-02,693.51220703125,22153960
2020-06-03,696.1992797851562,25381289
2020-06-04,713.4275512695312,34202350
2020-06-05,714.2855834960938,33076685
2020-06-08,708.776123046875,31414953
2020-06-09,694.1670532226562,25857161
2020-06-10,709.9727783203125,22132647
2020-06-11,694.4154052734375,20385805
2020-06-12,717.4918212890625,38548899
2020-06-15,729.120361328125,53107403
2020-06-16,730.54296875,51187003
2020-06-17,729.4817504882812,41782053
2020-06-18,747.7937622070312,40471557
2020-06-19,794.53369140625,105804173
2020-06-22,788.550048828125,60198705
2020-06-23,777.1473388671875,37962078
2020-06-24,780.2858276367188,51586221
2020-06-25,775.7926025390625,39679374
2020-06-26,786.5179443359375,30921913
2020-06-29,778.1633911132812,25621946
2020-06-30,769.5606079101562,30276420
2020-07-01,784.6890258789062,28464103
2020-07-02,798.1976928710938,28789533
2020-07-03,810.6897583007812,29434266
2020-07-06,839.6640014648438,47016185
2020-07-07,826.8092041015625,35189589
2020-07-08,815.2694091796875,26204095
2020-07-09,827.1719970703125,36418942
2020-07-10,851.566650390625,43759967
2020-07-13,877.3895263671875,69608392
2020-07-14,869.2277221679688,67331128
2020-07-15,836.127197265625,139669773
2020-07-16,835.855224609375,60961724
2020-07-17,866.8245849609375,49726765
2020-07-20,870.5426635742188,36592938
2020-07-21,893.9623413085938,42173371
2020-07-22,908.67626953125,59771457
2020-07-23,933.07080078125,58333751
2020-07-24,973.1314697265625,120597372
2020-07-27,977.6885375976562,80304827
2020-07-28,987.437255859375,55114422
2020-07-29,950.6865844726562,72663399
2020-07-30,956.218505859375,72857444
2020-07-31,937.2877807617188,74958061
2020-08-03,910.9434204101562,46715383
2020-08-04,975.1492919921875,92041055
2020-08-05,964.198974609375,74549993
2020-08-06,967.667724609375,49322975
2020-08-07,973.2675170898438,32984416
2020-08-10,961.2062377929688,26958997
2020-08-11,967.5316162109375,46828306
2020-08-12,964.7202758789062,30264617
2020-08-13,962.2037963867188,24830322
2020-08-14,958.4630126953125,33224635
2020-08-17,948.2835083007812,30979066
2020-08-18,960.6168212890625,30547672
2020-08-19,966.5114135742188,34087543
2020-08-20,950.8679809570312,22537845
2020-08-21,943.975830078125,25280895
2020-08-24,950.2785034179688,32717218
2020-08-25,944.0892333984375,19388008
2020-08-26,969.11865234375,59870421
2020-08-27,957.0120849609375,28085062
2020-08-28,959.5285034179688,27166900
2020-08-31,943.4544677734375,62076132
2020-09-01,946.4244995117188,38616258
2020-09-02,964.992431640625,26949439
2020-09-03,957.692138671875,18586429
2020-09-04,941.8900756835938,28475945
2020-09-07,944.338623046875,21926473
2020-09-08,955.425048828125,27397082
2020-09-09,980.0235595703125,55310877
2020-09-10,1049.239990234375,140304404
2020-09-11,1051.84716796875,59470807
2020-09-14,1044.0482177734375,44063445
2020-09-15,1051.4390869140625,27178393
2020-09-16,1054.0234375,33952295
2020-09-17,1042.3250732421875,25828669
2020-09-18,1045.4765625,33074915
2020-09-21,1022.8729858398438,33627381
2020-09-22,1002.6044921875,34792254
2020-09-23,1011.5143432617188,42988708
2020-09-24,989.0242309570312,29826318
2020-09-25,998.3196411132812,28374935
2020-09-28,1004.9170532226562,19666849
2020-09-29,1017.9758911132812,25842539
2020-09-30,1013.1242065429688,24465159
2020-10-01,1008.9979858398438,20783227
2020-10-05,1003.08056640625,18922799
2020-10-06,1002.2417602539062,18412175
2020-10-07,1023.62109375,53170865
2020-10-08,1015.3458862304688,21077808
2020-10-09,1012.716064453125,18545499
2020-10-12,1014.348388671875,14226473
2020-10-13,1034.1407470703125,23112012
2020-10-14,1037.2239990234375,26742011
2020-10-15,1000.49609375,20036197
2020-10-16,986.57568359375,21583600
2020-10-19,986.757080078125,31200385
2020-10-20,977.552490234375,18482288
2020-10-21,963.360107421875,34082321
2020-10-22,955.3569946289062,30802210
2020-10-23,958.1229248046875,23422125
2020-10-26,920.057373046875,37324416
2020-10-27,922.5059814453125,36478896
2020-10-28,912.0543823242188,29924017
2020-10-29,919.059814453125,30655304
2020-10-30,931.574462890625,34021563
2020-11-02,851.2945556640625,99366895
2020-11-03,839.0292358398438,88691623
2020-11-04,867.5046997070312,80180117
2020-11-05,886.4581298828125,37205373
2020-11-06,920.080078125,66674086
2020-11-09,929.8513793945312,35838510
2020-11-10,945.2001953125,36934242
2020-11-11,905.5928955078125,56724780
2020-11-12,897.7938842773438,40046527
2020-11-13,905.2301025390625,45388670
2020-11-14,907.9053955078125,5226220
2020-11-17,903.8018188476562,46542562
2020-11-18,901.05859375,30402290
2020-11-19,894.6879272460938,27796343
2020-11-20,861.292724609375,57471248
2020-11-23,884.5083618164062,45327567
2020-11-24,890.5616455078125,30936268
2020-11-25,883.193359375,32637879
2020-11-26,885.3698120117188,25838637
2020-11-27,875.0315551757812,47336811
2020-12-01,886.4127807617188,19750687
2020-12-02,887.886474609375,22188887
2020-12-03,890.5616455078125,27785372
2020-12-04,882.71728515625,18464552
2020-12-07,887.9091186523438,18242188
2020-12-08,904.028564453125,43403061
2020-12-09,919.08251953125,29175254
2020-12-10,910.03662109375,16065507
2020-12-11,909.4924926757812,26944202
2020-12-14,902.9176635742188,17312747
2020-12-15,895.2321166992188,18551265
2020-12-16,896.2294921875,18561011
2020-12-17,900.3330688476562,20252358
2020-12-18,903.031005859375,18466344
2020-12-21,879.5206298828125,44135540
2020-12-22,878.160400390625,28140001
2020-12-23,881.40234375,19501410
2020-12-24,904.2099609375,20776988
2020-12-28,908.35888671875,17221499
2020-12-29,902.3508911132812,18611939
2020-12-30,904.8220825195312,22043630
2020-12-31,900.1970825195312,18781189
2021-01-01,901.1947021484375,10015175
2021-01-04,902.7136840820312,24513534
2021-01-05,891.4911499023438,24123091
2021-01-06,867.9808349609375,46401468
2021-01-07,866.5751953125,32325918
2021-01-08,876.800048828125,27540187
2021-01-11,860.2724609375,33307825
2021-01-12,887.3876342773438,41161546
2021-01-13,879.1124877929688,26619458
2021-01-14,888.9973754882812,21553242
2021-01-15,878.5004272460938,20593268
2021-01-18,899.5848999023438,35100458
2021-01-19,914.2987670898438,32006615
2021-01-20,931.6651611328125,30924537
2021-01-21,951.9335327148438,39087742
2021-01-22,929.3527221679688,30532660
2021-01-25,880.1100463867188,54207104
2021-01-27,859.2522583007812,42370131
2021-01-28,850.886474609375,34067814
2021-01-29,835.1976318359375,43712383
2021-02-01,859.3883056640625,34180952
2021-02-02,873.2179565429688,41470034
2021-02-03,875.4171142578125,30301696
2021-02-04,872.537841796875,25626981
2021-02-05,872.2883911132812,20248046
2021-02-08,884.8484497070312,21183400
2021-02-09,886.9795532226562,19604141
2021-02-10,895.2092895507812,21234156
2021-02-11,932.1185913085938,42539278
2021-02-12,925.7252807617188,30497029
2021-02-15,921.6443481445312,15791099
2021-02-16,933.8416137695312,21421660
2021-02-17,944.6106567382812,23742994
2021-02-18,937.559814453125,18646877
2021-02-19,943.2731323242188,23403483
2021-02-22,910.5352783203125,23804335
2021-02-23,917.4955444335938,25644108
2021-02-24,934.5218505859375,10807663
2021-02-25,972.3153076171875,34855693
2021-02-26,945.7669677734375,37481215
2021-03-01,952.9764404296875,17680764
2021-03-02,954.9262084960938,17150760
2021-03-03,998.5009765625,31924461
2021-03-04,986.5984497070312,21435754
2021-03-05,987.8906860351562,25511666
2021-03-08,993.5133056640625,19506841
2021-03-09,993.4905395507812,15154484
2021-03-10,989.3642578125,11519358
2021-03-12,969.2547607421875,16864952
2021-03-15,956.2411499023438,16698099
2021-03-16,952.477783203125,13873801
2021-03-17,931.9599609375,19210236
2021-03-18,910.9887084960938,20647480
2021-03-19,944.0438232421875,41787429
2021-03-22,935.1566162109375,18572478
2021-03-23,946.5377197265625,17421165
2021-03-24,928.309814453125,16822814
2021-03-25,902.985595703125,22001648
2021-03-26,904.4366455078125,20180202
2021-03-30,920.1480712890625,20441701
2021-03-31,908.26806640625,16250796
2021-04-01,916.7699584960938,11723312
2021-04-05,903.5071411132812,14875099
2021-04-06,899.7437133789062,14009194
2021-04-07,908.1548461914062,24266353
2021-04-08,909.2883911132812,15369188
2021-04-09,898.7234497070312,14037885
2021-04-12,866.5751953125,20901482
2021-04-13,875.9385375976562,19411189
2021-04-15,881.6063842773438,19723716
2021-04-16,876.0745239257812,15656948
2021-04-19,862.2902221679688,18478808
2021-04-20,862.0408325195312,17203668
2021-04-22,864.4213256835938,14490954
2021-04-23,863.4918212890625,11828857
2021-04-26,878.6817626953125,20846778
2021-04-27,901.7161254882812,19992524
2021-04-28,905.6382446289062,17122437
2021-04-29,917.7675170898438,17412606
2021-04-30,904.3687133789062,19828769
2021-05-03,888.2944946289062,23640186
2021-05-04,869.0463256835938,21849830
2021-05-05,870.6333618164062,12393609
2021-05-06,875.5758056640625,14624666
2021-05-07,875.915771484375,12288548
2021-05-10,873.3992919921875,13941237
2021-05-11,876.5506591796875,13478264
2021-05-12,867.48193359375,13177961
2021-05-14,878.4324340820312,13291616
2021-05-17,888.884033203125,11873078
2021-05-18,901.398681640625,12064918
2021-05-19,905.52490234375,16317002
2021-05-20,900.2423706054688,11422532
2021-05-21,908.0187377929688,10785605
2021-05-24,900.3557739257812,8551760
2021-05-25,890.1536254882812,14780102
2021-05-26,893.2822265625,7480204
2021-05-27,896.0255126953125,26819294
2021-05-28,949.8478393554688,56469931
2021-05-31,979.5474853515625,59124142
2021-06-01,983.4471435546875,28013832
2021-06-02,998.1155395507812,24630162
2021-06-03,1001.9243774414062,23974257
2021-06-04,993.2411499023438,14468646
2021-06-07,1009.9727172851562,16336573
2021-06-08,1004.1688232421875,9674735
2021-06-09,986.2129516601562,11409161
2021-06-10,989.8404541015625,14155653
2021-06-11,1007.0098266601562,13762778
2021-06-14,1021.4564208984375,20332436
2021-06-15,1023.7769775390625,15174215
2021-06-16,1006.3045654296875,10797349
2021-06-17,1008.1473388671875,15745975
2021-06-18,1012.697509765625,29369026
2021-06-21,1017.9756469726562,12186448
2021-06-22,1012.7429809570312,12871913
2021-06-23,1003.4607543945312,16653951
2021-06-24,979.8683471679688,91461975
2021-06-25,957.550048828125,55355022
2021-06-28,949.1550903320312,20277042
2021-06-29,949.9740600585938,27144063
2021-06-30,960.37109375,19762858
2021-07-01,954.5924682617188,12534407
2021-07-02,968.7432861328125,14086620
2021-07-05,978.3668823242188,11702287
2021-07-06,966.8095703125,10070124
2021-07-07,960.09814453125,10454892
2021-07-08,952.1580810546875,11185460
2021-07-09,942.4209594726562,9037675
2021-07-12,948.2906494140625,8585292
2021-07-13,955.3887329101562,6717133
2021-07-14,949.1550903320312,8532544
2021-07-15,947.4943237304688,9448356
2021-07-16,961.1674194335938,8828185
2021-07-19,955.0474853515625,8354449
2021-07-20,952.7041625976562,6741464
2021-07-22,964.9439697265625,7972397
2021-07-23,958.1188354492188,9937030
2021-07-26,944.99169921875,12389668
2021-07-27,935.0496826171875,10824523
2021-07-28,927.0187377929688,12897848
2021-07-29,934.25341796875,13765738
2021-07-30,926.0859985351562,11350608
2021-08-02,943.012451171875,10925104
2021-08-03,949.9513549804688,11817299
2021-08-04,957.2316284179688,13169800
2021-08-05,971.1094360351562,21252078
2021-08-06,950.5429077148438,16620987
2021-08-09,945.128173828125,7494143
2021-08-10,950.0877685546875,11919198
2021-08-11,963.39697265625,9184963
2021-08-12,960.3029174804688,8137612
2021-08-13,976.2965087890625,12780901
2021-08-16,988.9686889648438,21935444
2021-08-17,984.7597045898438,12658169
2021-08-18,988.5818481445312,10075860
2021-08-20,977.4796142578125,9426282
2021-08-23,983.8953247070312,9854395
2021-08-24,993.6098022460938,11864472
2021-08-25,1002.20947265625,13380559
2021-08-26,1014.881591796875,18589616
2021-08-27,1013.4937133789062,10480636
2021-08-30,1032.990966796875,14027062
2021-08-31,1027.4854736328125,26485463
2021-09-01,1031.5577392578125,11145486
2021-09-02,1043.979736328125,9956770
2021-09-03,1086.7962646484375,30664428
2021-09-06,1103.6773681640625,33641710
2021-09-07,1110.638916015625,17349882
2021-09-08,1106.29345703125,14301651
2021-09-09,1103.6773681640625,8963249
2021-09-13,1079.083740234375,16311160
2021-09-14,1077.6732177734375,8908356
2021-09-15,1082.1551513671875,9071075
2021-09-16,1104.8602294921875,13448882
2021-09-17,1087.7288818359375,34882133
2021-09-20,1089.4581298828125,11779819
2021-09-21,1094.16748046875,9915736
2021-09-22,1105.90673828125,10995912
2021-09-23,1132.9344482421875,15748397
2021-09-24,1129.6583251953125,15192163
2021-09-27,1148.655029296875,15373834
2021-09-28,1159.393310546875,18035258
2021-09-29,1150.2022705078125,9719875
2021-09-30,1146.2889404296875,13590654
2021-10-01,1148.3138427734375,8958928
2021-10-04,1163.078857421875,10918552
2021-10-05,1187.2174072265625,13533634
2021-10-06,1164.762451171875,10258881
2021-10-07,1170.472900390625,6336665
2021-10-08,1215.4510498046875,15772493
2021-10-11,1206.9876708984375,14768666
2021-10-12,1213.8809814453125,6682011
2021-10-13,1226.2347412109375,9959762
2021-10-14,1228.7144775390625,8623469
2021-10-18,1231.9906005859375,13594479
2021-10-19,1243.0245361328125,8833409
2021-10-20,1228.7144775390625,12710570
2021-10-21,1193.26904296875,20831669
2021-10-22,1195.49853515625,11027475
2021-10-25,1183.850341796875,17198417
2021-10-26,1210.8096923828125,9750178
2021-10-27,1195.49853515625,9896298
2021-10-28,1182.39404296875,9886181
2021-10-29,1154.0242919921875,14233025
2021-11-01,1154.729736328125,15481114
2021-11-02,1137.89404296875,10569130
2021-11-03,1130.06787109375,11989430
2021-11-04,1137.0067138671875,1705656
2021-11-08,1138.4173583984375,20337183
2021-11-09,1147.40380859375,15682497
2021-11-10,1160.235107421875,10253470
2021-11-11,1162.35107421875,10722478
2021-11-12,1179.8916015625,8712341
2021-11-15,1172.929931640625,4803269
2021-11-16,1145.6748046875,11337581
2021-11-17,1121.149658203125,10202029
2021-11-18,1125.3812255859375,8505625
2021-11-22,1075.5347900390625,24124307
2021-11-23,1085.5904541015625,25326999
2021-11-24,1069.915283203125,16820296
2021-11-25,1134.3221435546875,42401936
2021-11-26,1097.761962890625,15763138
2021-11-29,1110.9117431640625,24325354
2021-11-30,1094.48583984375,32172299
2021-12-01,1122.5147705078125,10104610
2021-12-02,1129.7265625,12720411
2021-12-03,1095.78271484375,19222481
2021-12-06,1075.011474609375,10332254
2021-12-07,1083.7703857421875,11235122
2021-12-08,1100.264404296875,8744178
2021-12-09,1117.71435546875,13213547
2021-12-10,1118.851806640625,8364414
2021-12-13,1096.419677734375,12901733
2021-12-14,1082.9967041015625,12991523
2021-12-15,1079.8345947265625,9366969
2021-12-16,1093.80322265625,9761279
2021-12-17,1064.932861328125,21049821
2021-12-20,1036.2218017578125,14325846
2021-12-21,1051.646484375,12836561
2021-12-22,1076.6038818359375,17658543
2021-12-23,1076.2171630859375,9072401
2021-12-24,1079.652587890625,7886494
2021-12-27,1078.4921875,4017223
2021-12-28,1091.3009033203125,6374613
2021-12-29,1093.16650390625,15425312
2021-12-30,1073.4189453125,29333171
2021-12-31,1077.5367431640625,9477290
2022-01-03,1093.7806396484375,5421611
2022-01-04,1118.465087890625,10847728
2022-01-05,1123.6976318359375,11643813
2022-01-06,1099.53662109375,14447422
2022-01-07,1108.4093017578125,13112115
2022-01-10,1109.3193359375,9246731
2022-01-11,1117.3048095703125,16205164
2022-01-12,1147.1307373046875,14800442
2022-01-13,1153.592041015625,11856712
2022-01-14,1155.275634765625,19930176
2022-01-17,1161.3043212890625,8036453
2022-01-18,1147.4493408203125,6215029
2022-01-19,1147.3582763671875,9755485
2022-01-20,1127.26953125,16494486
2022-01-21,1127.4515380859375,13338594
2022-01-24,1081.97314453125,21868937
2022-01-25,1079.8572998046875,24510205
2022-01-27,1063.863525390625,20020431
2022-01-28,1062.8397216796875,14667727
2022-01-31,1085.9317626953125,12143683
2022-02-01,1082.3370361328125,13200509
2022-02-02,1084.5439453125,10017691
2022-02-03,1070.5294189453125,9572839
2022-02-04,1060.76953125,11061241
2022-02-07,1054.308349609375,10714467
2022-02-08,1072.031005859375,12060849
2022-02-09,1084.521240234375,11486225
2022-02-10,1083.406494140625,12464491
2022-02-11,1081.29052734375,15943370
2022-02-14,1064.068359375,10719633
2022-02-15,1100.1962890625,11212671
2022-02-16,1097.9212646484375,10392840
2022-02-17,1111.82177734375,12853252
2022-02-18,1103.1312255859375,6775458
2022-02-21,1091.9832763671875,11107193
2022-02-22,1087.023681640625,13494914
2022-02-23,1080.2213134765625,7310110
2022-02-24,1026.3931884765625,24846650
2022-02-25,1039.224853515625,14570089
2022-02-28,1073.62353515625,21297446
2022-03-02,1091.3692626953125,21471786
2022-03-03,1082.1551513671875,10186748
2022-03-04,1058.1531982421875,10805667
2022-03-07,1019.0223388671875,17983310
2022-03-08,1017.1792602539062,21289374
2022-03-09,1071.143798828125,20414228
2022-03-10,1088.50244140625,17980493
2022-03-11,1091.64208984375,12257423
2022-03-14,1100.605712890625,8340678
2022-03-15,1075.398193359375,15925769
2022-03-16,1093.5531005859375,11149828
2022-03-17,1129.2034912109375,21422098
2022-03-21,1122.6966552734375,11999466
2022-03-22,1151.703857421875,22557065
2022-03-23,1155.366455078125,15462187
2022-03-24,1173.3167724609375,13168266
2022-03-25,1181.1429443359375,14222488
2022-03-28,1193.0189208984375,9891424
2022-03-29,1193.2918701171875,8684065
2022-03-30,1216.2244873046875,15811550
2022-03-31,1198.8428955078125,13223718
2022-04-01,1208.4437255859375,7922880
2022-04-04,1212.0155029296875,7929162
2022-04-05,1194.88427734375,13149870
2022-04-06,1191.69921875,12257215
2022-04-07,1170.677734375,15496499
2022-04-08,1190.15234375,15152495
2022-04-11,1187.67236328125,9254209
2022-04-12,1165.30859375,13217742
2022-04-13,1161.0313720703125,10354235
2022-04-18,1157.4822998046875,9974224
2022-04-19,1201.5958251953125,26141820
2022-04-20,1236.9273681640625,25072240
2022-04-21,1265.8890380859375,21708633
2022-04-22,1255.287109375,15054154
2022-04-25,1226.2574462890625,17063215
2022-04-26,1262.9541015625,12227666
2022-04-27,1264.1826171875,19338945
2022-04-28,1283.0657958984375,25614076
2022-04-29,1269.5972900390625,18214862
2022-05-02,1265.13818359375,9467006
2022-05-04,1225.64306640625,19247660
2022-05-05,1201.6412353515625,17210669
2022-05-06,1192.42724609375,19649948
2022-05-09,1145.85693359375,18083752
2022-05-10,1125.99560546875,19511677
2022-05-11,1114.4609375,16643899
2022-05-12,1091.755859375,20490321
2022-05-13,1104.132080078125,19308778
2022-05-16,1104.4051513671875,13437911
2022-05-17,1150.7935791015625,16551828
2022-05-18,1154.979736328125,17276788
2022-05-19,1128.361572265625,14699118
2022-05-20,1194.15625,21793091
2022-05-23,1186.1710205078125,15252755
2022-05-24,1190.2431640625,13527818
2022-05-25,1188.4915771484375,12714544
2022-05-26,1177.1617431640625,17882023
2022-05-27,1171.701416015625,16521973
2022-05-30,1212.51611328125,13853398
2022-05-31,1197.88720703125,70620653
2022-06-01,1198.2742919921875,9776989
2022-06-02,1239.58935546875,22126569
2022-06-03,1264.705810546875,23939791
2022-06-06,1259.2684326171875,11093152
2022-06-07,1261.6346435546875,12358255
2022-06-08,1239.4755859375,12479250
2022-06-09,1273.4649658203125,17278305
2022-06-10,1235.0164794921875,18093057
2022-06-13,1211.6514892578125,17620803
2022-06-14,1195.8170166015625,14714312
2022-06-15,1181.3477783203125,11195535
2022-06-16,1164.8306884765625,17111475
2022-06-17,1178.4810791015625,24457187
2022-06-20,1157.1182861328125,12066797
2022-06-21,1175.7965087890625,11720049
2022-06-22,1140.078125,10617206
2022-06-23,1121.581787109375,19446323
2022-06-24,1137.552734375,14240234
2022-06-27,1134.1856689453125,15474529
2022-06-28,1150.1339111328125,13572847
2022-06-29,1173.9991455078125,19205146
2022-06-30,1181.052001953125,23112959
2022-07-01,1095.9874267578125,81997149
2022-07-04,1098.262451171875,41857728
2022-07-05,1107.157958984375,17647327
2022-07-06,1097.4207763671875,23943726
2022-07-07,1086.6142578125,23301033
2022-07-08,1088.1158447265625,19010108
2022-07-11,1102.903564453125,13847467
2022-07-12,1101.333740234375,10778989
2022-07-13,1081.813720703125,14224132
2022-07-14,1090.73193359375,16970315
2022-07-15,1092.8477783203125,9603210
2022-07-18,1102.1529541015625,15160908
2022-07-19,1108.909912109375,16439888
2022-07-20,1138.8951416015625,23924246
2022-07-21,1131.2962646484375,16523230
2022-07-22,1138.9405517578125,10969995
2022-07-25,1101.31103515625,23110452
2022-07-26,1101.8116455078125,11303288
2022-07-27,1100.76513671875,8655086
2022-07-28,1118.010009765625,12496073
2022-07-29,1141.8299560546875,15130683
2022-08-01,1171.587646484375,15700044
2022-08-02,1176.0467529296875,13917913
2022-08-03,1185.9205322265625,14250977
2022-08-04,1170.2454833984375,14467127
2022-08-05,1153.0003662109375,13942438
2022-08-08,1168.0841064453125,10165178
2022-08-10,1175.068603515625,10724688
2022-08-11,1178.981689453125,8198226
2022-08-12,1198.046630859375,12650587
2022-08-16,1206.3734130859375,6607378
2022-08-17,1212.6754150390625,6595965
2022-08-18,1214.87451171875,7410035
2022-08-19,1193.213623046875,9460724
2022-08-22,1189.904052734375,9471680
2022-08-23,1208.2552490234375,9678484
2022-08-24,1205.0369873046875,10369622
2022-08-25,1201.52197265625,7871946
2022-08-26,1195.1080322265625,10742038
2022-08-29,1185.818359375,19838975
2022-08-30,1204.2152099609375,23139054
2022-09-01,1168.81396484375,19909939
2022-09-02,1155.1646728515625,12999345
2022-09-05,1173.10498046875,11327815
2022-09-06,1185.4532470703125,10899618
2022-09-07,1178.5601806640625,7488501
2022-09-08,1180.2261962890625,7057077
2022-09-09,1172.8768310546875,8314850
2022-09-12,1186.0009765625,7435419
2022-09-13,1195.906982421875,8888657
2022-09-14,1181.572998046875,8678219
2022-09-15,1169.8638916015625,10365600
2022-09-16,1140.8763427734375,20217708
2022-09-19,1142.3599853515625,7580254
2022-09-20,1142.54248046875,8411448
2022-09-21,1145.6923828125,9207309
2022-09-22,1134.896240234375,10308170
2022-09-23,1113.62353515625,9528051
2022-09-26,1085.2523193359375,12479523
2022-09-27,1093.8800048828125,16154822
2022-09-28,1064.7554931640625,16997059
2022-09-29,1061.4915771484375,14671827
2022-09-30,1085.4349365234375,18613024
2022-10-03,1081.6688232421875,11852723
2022-10-04,1101.61767578125,8948850
2022-10-06,1105.6802978515625,13352162
2022-10-07,1110.359619140625,7714340
2022-10-10,1098.2396240234375,6329527
2022-10-11,1076.3734130859375,9215177
2022-10-12,1084.2935791015625,7417103
2022-10-13,1087.7401123046875,7328492
2022-10-14,1082.2164306640625,9106089
2022-10-17,1099.5863037109375,16729355
2022-10-18,1118.9873046875,12415820
2022-10-19,1138.4569091796875,19247142
2022-10-20,1141.5155029296875,8717053
2022-10-21,1128.2769775390625,8243452
2022-10-24,1132.043212890625,3370033
2022-10-25,1114.559326171875,12233241
2022-10-27,1118.941650390625,12513059
2022-10-28,1153.1790771484375,17609592
2022-10-31,1163.8837890625,12419943
2022-11-01,1154.867919921875,13963166
2022-11-02,1162.08056640625,8981896
2022-11-03,1166.4173583984375,6693449
2022-11-04,1183.5816650390625,12575815
2022-11-07,1189.904052734375,11789748
2022-11-09,1188.7171630859375,11254205
2022-11-10,1174.337646484375,5966242
2022-11-11,1201.4078369140625,12310132
2022-11-14,1195.5875244140625,9043112
2022-11-15,1190.2236328125,7086433
2022-11-16,1183.3990478515625,9716161
2022-11-17,1186.45751953125,6661451
2022-11-18,1185.818359375,5303197
2022-11-21,1164.477294921875,6390268
2022-11-22,1170.9366455078125,6611488
2022-11-23,1167.28466796875,6413408
2022-11-24,1177.3504638671875,9389439
2022-11-25,1194.925537109375,7349922
2022-11-28,1235.987548828125,31527484
2022-11-29,1238.110107421875,11058913
2022-11-30,1246.85205078125,26164986
2022-12-01,1243.17724609375,9485801
2022-12-02,1242.6522216796875,11589592
2022-12-05,1224.5294189453125,14828536
2022-12-06,1228.067138671875,8594245
2022-12-07,1209.9443359375,8462111
2022-12-08,1209.3736572265625,7757008
2022-12-09,1191.0452880859375,12655763
2022-12-12,1192.871337890625,9479842
2022-12-13,1198.3037109375,8333348
2022-12-14,1193.9669189453125,7268947
2022-12-15,1177.008056640625,8688551
2022-12-16,1171.187744140625,15837349
2022-12-19,1186.5716552734375,7729933
2022-12-20,1196.843017578125,7467588
2022-12-21,1179.8155517578125,8527550
2022-12-22,1176.7569580078125,7451122
2022-12-23,1142.245849609375,10257115
2022-12-26,1152.22021484375,5990242
2022-12-27,1161.64697265625,5763271
2022-12-28,1161.5328369140625,7459393
2022-12-29,1161.0078125,6930648
2022-12-30,1162.7880859375,7289476
2023-01-02,1175.8896484375,5316175
2023-01-03,1167.28466796875,7658932
2023-01-04,1149.7095947265625,9264891
2023-01-05,1147.6553955078125,13637099
2023-01-06,1158.0863037109375,6349597
2023-01-09,1185.4302978515625,10722753
2023-01-10,1167.9010009765625,8047142
2023-01-11,1153.1790771484375,11509553
2023-01-12,1128.2769775390625,17688773
2023-01-13,1126.451171875,20618583
2023-01-16,1115.723388671875,13623855
2023-01-17,1131.5638427734375,10751000
2023-01-18,1129.692138671875,13448286
2023-01-19,1128.4825439453125,11940054
2023-01-20,1115.0615234375,14930286
2023-01-23,1109.4237060546875,10954118
2023-01-24,1102.873046875,16488755
2023-01-25,1087.6259765625,12385018
2023-01-27,1066.9923095703125,25830975
2023-01-30,1077.218017578125,21772103
2023-01-31,1074.5245361328125,22691594
2023-02-01,1068.156494140625,19347800
2023-02-02,1062.2447509765625,13662663
2023-02-03,1063.1806640625,24699575
2023-02-06,1055.1690673828125,14837879
2023-02-07,1052.6356201171875,15135435
2023-02-08,1073.6572265625,21160332
2023-02-09,1075.52880859375,13172763
2023-02-10,1066.6728515625,10790445
2023-02-13,1060.6014404296875,10352493
2023-02-14,1085.5946044921875,14321920
2023-02-15,1110.1768798828125,33503591
2023-02-16,1109.3095703125,17264487
2023-02-17,1113.9429931640625,11809520
2023-02-20,1102.16552734375,8836937
2023-02-21,1111.158447265625,13311592
2023-02-22,1085.9598388671875,11024335
2023-02-23,1080.7557373046875,9851910
2023-02-24,1088.1510009765625,9434053
2023-02-27,1080.91552734375,11199715
2023-02-28,1060.2362060546875,21994038
2023-03-01,1069.982421875,11551145
2023-03-02,1061.8338623046875,9333535
2023-03-03,1088.927001953125,14643807
2023-03-06,1099.5633544921875,10171916
2023-03-08,1103.5120849609375,15782657
2023-03-09,1076.9896240234375,16235128
2023-03-10,1060.3046875,13334091
2023-03-13,1042.866455078125,12771592
2023-03-14,1038.9635009765625,16027522
2023-03-15,1021.2056884765625,21728555
2023-03-16,1016.11572265625,18363159
2023-03-17,1014.8377075195312,34014213
2023-03-20,1004.8631591796875,19524589
2023-03-21,1036.1102294921875,21400360
2023-03-22,1039.26025390625,10920094
2023-03-23,1026.1131591796875,16249370
2023-03-24,1005.7989501953125,12375945
2023-03-27,1021.4338989257812,14054323
2023-03-28,1026.2044677734375,12576424
2023-03-29,1020.1329345703125,18804065
2023-03-31,1064.116455078125,28171201
2023-04-03,1064.299072265625,10293043
2023-04-05,1061.74267578125,16262928
2023-04-06,1068.8638916015625,18435046
2023-04-10,1061.2861328125,12961408
2023-04-11,1066.5357666015625,10542367
2023-04-12,1071.23779296875,18179087
2023-04-13,1075.27783203125,12378208
2023-04-17,1080.73291015625,17929479
2023-04-18,1068.36181640625,10405576
2023-04-19,1073.6800537109375,12273475
2023-04-20,1070.9638671875,7007330
2023-04-21,1072.310546875,7647317
2023-04-24,1076.4190673828125,12936186
2023-04-25,1084.65869140625,9236126
2023-04-26,1078.2906494140625,8617834
2023-04-27,1085.115234375,9167125
2023-04-28,1104.9500732421875,15565210
2023-05-02,1114.3310546875,12981805
2023-05-03,1104.7674560546875,7061872
2023-05-04,1117.503662109375,8635233
2023-05-05,1114.650634765625,8746585
2023-05-08,1128.4140625,9153782
2023-05-09,1131.9061279296875,6464721
2023-05-10,1139.6895751953125,10872255
2023-05-11,1132.2486572265625,10557860
2023-05-12,1134.097412109375,6955341
2023-05-15,1136.334228515625,6833343
2023-05-16,1120.1513671875,8717229
2023-05-17,1113.5321044921875,8798967
2023-05-18,1111.1356201171875,10525531
2023-05-19,1114.7418212890625,8050447
2023-05-22,1120.6990966796875,7434906
2023-05-23,1120.4937744140625,6092034
2023-05-24,1113.9658203125,8112254
2023-05-25,1113.8289794921875,11487863
2023-05-26,1144.2088623046875,12626260
2023-05-29,1150.645263671875,10010304
2023-05-30,1150.3487548828125,11342504
2023-05-31,1127.5008544921875,27107927
2023-06-01,1124.46533203125,14592692
2023-06-02,1120.79052734375,15800644
2023-06-05,1130.8563232421875,10908682
2023-06-06,1131.8148193359375,7493309
2023-06-07,1140.39697265625,10312545
2023-06-08,1141.0816650390625,12071109
2023-06-09,1133.0018310546875,5877018
2023-06-12,1134.006103515625,6391969
2023-06-13,1150.7593994140625,11248016
2023-06-14,1164.910888671875,13277380
2023-06-15,1165.23046875,11813494
2023-06-16,1176.574462890625,24171579
2023-06-19,1164.8880615234375,6798554
2023-06-20,1167.3074951171875,6921096
2023-06-21,1170.59423828125,6961603
2023-06-22,1157.4471435546875,7619166
2023-06-23,1147.9749755859375,6628570
2023-06-26,1139.2100830078125,12641159
2023-06-27,1139.62109375,9689466
2023-06-28,1154.708251953125,11354006
2023-06-30,1164.180419921875,11151555
2023-07-03,1194.0582275390625,12154387
2023-07-04,1181.755615234375,8061643
2023-07-05,1179.8155517578125,10248062
2023-07-06,1204.5804443359375,19117987
2023-07-07,1202.2294921875,13375267
2023-07-10,1248.5411376953125,33240016
2023-07-11,1262.076171875,20069348
2023-07-12,1263.468505859375,18733835
2023-07-13,1252.170166015625,14682934
2023-07-14,1251.120361328125,15124144
2023-07-17,1276.68408203125,22220040
2023-07-18,1287.52587890625,25867313
2023-07-19,1297.294921875,39122156
2023-07-20,1295.7237548828125,38717624
2023-07-21,1255.6134033203125,30249238
2023-07-24,1230.216796875,23727866
2023-07-25,1229.425537109375,12026020
2023-07-26,1249.4063720703125,12911012
2023-07-27,1237.7838134765625,17226898
2023-07-28,1250.22265625,20827852
2023-07-31,1260.8065185546875,8551174
2023-08-01,1242.9769287109375,9536632
2023-08-02,1229.6976318359375,12748214
2023-08-03,1224.5291748046875,10168350
2023-08-04,1241.171630859375,22885610
2023-08-07,1248.2442626953125,5982870
2023-08-08,1240.7265625,9844072
2023-08-09,1248.911865234375,11486586
2023-08-10,1254.4759521484375,15470598
2023-08-11,1259.767822265625,22179330
2023-08-14,1274.65478515625,9575812
2023-08-16,1273.6162109375,10203112
2023-08-17,1255.242431640625,13673744
2023-08-18,1264.5406494140625,18639978
2023-08-21,1250.74267578125,9221746
2023-08-22,1250.44482421875,7713044
2023-08-23,1251.8345947265625,9517952
2023-08-24,1230.7904052734375,14140020
2023-08-25,1225.1075439453125,22222400
2023-08-28,1212.897705078125,12580826
2023-08-29,1201.2838134765625,16876644
2023-08-30,1200.142333984375,12168946
2023-08-31,1194.6578369140625,21638600
2023-09-01,1197.4619140625,18112842
2023-09-04,1196.494140625,9347626
2023-09-05,1202.89697265625,8675876
2023-09-06,1205.4281005859375,8200370
2023-09-07,1207.06591796875,13652572
2023-09-08,1215.1064453125,23109288
2023-09-11,1228.20947265625,13271074
2023-09-12,1210.4658203125,16255666
2023-09-13,1216.52099609375,12803338
2023-09-14,1217.6376953125,9209636
2023-09-15,1219.89599609375,25468592
2023-09-18,1209.274658203125,7516300
2023-09-20,1182.3240966796875,57081884
2023-09-21,1173.7127685546875,12226182
2023-09-22,1168.823974609375,19176786
2023-09-25,1161.6273193359375,14254884
2023-09-26,1162.644775390625,10087782
2023-09-27,1175.747802734375,11722778
2023-09-28,1158.4757080078125,14518346
2023-09-29,1163.8856201171875,12342014
2023-10-03,1150.5592041015625,8859056
2023-10-04,1148.5738525390625,10286386
2023-10-05,1148.5491943359375,10953682
2023-10-06,1150.4847412109375,5431026
2023-10-09,1140.6822509765625,7576878
2023-10-10,1145.719970703125,10236032
2023-10-11,1163.910400390625,9814118
2023-10-12,1166.0693359375,12554450
2023-10-13,1166.019775390625,10150316
2023-10-16,1163.4140625,5929036
2023-10-17,1168.972900390625,7928180
2023-10-18,1153.4627685546875,8918320
2023-10-19,1144.603271484375,12032556
2023-10-20,1141.104248046875,8913312
2023-10-23,1123.2860107421875,7853962
2023-10-25,1120.680419921875,11620688
2023-10-26,1105.07080078125,15222534
2023-10-27,1124.5765380859375,11771084
2023-10-30,1147.7550048828125,16813304
2023-10-31,1135.5452880859375,12808438
2023-11-01,1140.2603759765625,10309190
2023-11-02,1151.57666015625,10562104
2023-11-03,1151.3284912109375,8850156
2023-11-06,1160.9075927734375,10647304
2023-11-07,1153.3634033203125,6960204
2023-11-08,1159.3690185546875,7884494
2023-11-09,1146.787109375,14513610
2023-11-10,1148.9461669921875,7734954
2023-11-13,1148.79736328125,3854810
2023-11-15,1169.5684814453125,12220648
2023-11-16,1171.6778564453125,13134910
2023-11-17,1169.121826171875,7758634
2023-11-20,1166.0445556640625,4490186
2023-11-21,1180.7109375,8214450
2023-11-22,1185.3267822265625,8534814
2023-11-23,1188.9500732421875,8531542
2023-11-24,1188.1558837890625,6749486
2023-11-28,1188.404052734375,13792174
2023-11-29,1191.5308837890625,12531306
2023-11-30,1179.9913330078125,28439984
2023-12-01,1188.3544921875,14342842
2023-12-04,1201.2093505859375,15590990
2023-12-05,1209.919921875,12693624
2023-12-06,1221.5091552734375,16422442
2023-12-07,1219.4989013671875,8142096
2023-12-08,1218.8536376953125,10204894
2023-12-11,1220.6405029296875,7066138
2023-12-12,1203.1201171875,9197124
2023-12-13,1208.03369140625,10031182
2023-12-14,1223.0228271484375,16972354
2023-12-15,1238.63232421875,15932152
2023-12-18,1251.239013671875,14165188
2023-12-19,1269.6527099609375,16820604
2023-12-20,1254.2913818359375,17736722
2023-12-21,1271.8614501953125,13765454
2023-12-22,1273.102294921875,16541784
2023-12-26,1279.554443359375,7465664
2023-12-27,1283.9222412109375,9204156
2023-12-28,1293.2034912109375,12302636
2023-12-29,1282.97900390625,10864584
2024-01-01,1285.609619140625,4030540
2024-01-02,1296.255859375,7448800
2024-01-03,1282.16015625,9037536
2024-01-04,1288.7860107421875,9612778
2024-01-05,1294.2705078125,8086406
2024-01-08,1284.1702880859375,7734652
2024-01-09,1280.7705078125,5403074
2024-01-10,1315.3148193359375,11102740
2024-01-11,1349.9088134765625,23725852
2024-01-12,1360.6541748046875,15012164
2024-01-15,1383.88232421875,8610594
2024-01-16,1364.5255126953125,9069024
2024-01-17,1351.5712890625,12197382
2024-01-18,1357.8995361328125,10279438
2024-01-19,1357.4031982421875,10422704
2024-01-23,1318.8138427734375,20055420
2024-01-24,1334.00146484375,21919128
2024-01-25,1343.1337890625,11808872
2024-01-29,1437.4111328125,23893438
2024-01-30,1397.2830810546875,14093978
2024-01-31,1416.1435546875,15130226
2024-02-01,1416.1683349609375,13349362
2024-02-02,1446.9901123046875,19652588
2024-02-05,1428.452392578125,8814432
2024-02-06,1417.309814453125,9047984
2024-02-07,1431.554443359375,9296568
2024-02-08,1439.4708251953125,14694634
2024-02-09,1450.0177001953125,12556798
2024-02-12,1441.679443359375,6674430
2024-02-13,1454.3358154296875,7715594
2024-02-14,1470.4912109375,7117888
2024-02-15,1459.7952880859375,10006782
2024-02-16,1449.843994140625,9767498
2024-02-19,1463.17041015625,6729828
2024-02-20,1460.2174072265625,7117496
2024-02-21,1456.916748046875,12720292
2024-02-22,1470.8634033203125,18493728
2024-02-23,1482.6512451171875,14438584
2024-02-26,1476.3974609375,7513106
2024-02-27,1474.73486328125,10826044
2024-02-28,1444.930419921875,8647950
2024-02-29,1450.0675048828125,23628976
2024-03-01,1481.1622314453125,12132926
2024-03-04,1496.3250732421875,10024420
2024-03-05,1489.1778564453125,7107668
2024-03-06,1491.9573974609375,7805676
2024-03-07,1468.059326171875,8315726
2024-03-11,1455.82470703125,11277130
2024-03-12,1464.5850830078125,9432678
2024-03-13,1421.6527099609375,13522134
2024-03-14,1420.9578857421875,18571102
2024-03-15,1407.80517578125,19223818
2024-03-18,1428.8990478515625,9169392
2024-03-19,1414.778564453125,8275764
2024-03-20,1433.142578125,8488806
2024-03-21,1440.3145751953125,13006936
2024-03-22,1444.3348388671875,19527608
2024-03-26,1430.983642578125,11415906
2024-03-27,1481.8819580078125,16326644
2024-03-28,1474.933349609375,21854364
2024-04-01,1473.8663330078125,5013880
2024-04-02,1476.025146484375,8910166
2024-04-03,1460.7880859375,7008292
2024-04-04,1452.1768798828125,14490272
2024-04-05,1449.3724365234375,7442298
2024-04-08,1475.057373046875,8357118
2024-04-09,1452.896484375,7071414
2024-04-10,1468.7044677734375,9138330
2024-04-12,1456.3707275390625,15551012
2024-04-15,1454.062744140625,12902062
2024-04-16,1454.9810791015625,9366184
2024-04-18,1453.56640625,19005692
2024-04-19,1459.323974609375,15741778
2024-04-22,1468.9774169921875,10350362
2024-04-23,1448.603271484375,14605554
2024-04-24,1439.5205078125,10462776
2024-04-25,1449.2484130859375,15943926
2024-04-26,1441.878173828125,9413848
2024-04-29,1454.2613525390625,7247974
2024-04-30,1456.2218017578125,11474262
2024-05-02,1455.7752685546875,14512646
2024-05-03,1423.46435546875,17226958
2024-05-06,1409.095703125,7394208
2024-05-07,1391.17822265625,14517472
2024-05-08,1408.1279296875,9439002
2024-05-09,1383.88232421875,11009612
2024-05-10,1397.0845947265625,10505096
2024-05-13,1392.394287109375,8456620
2024-05-14,1409.6414794921875,7188300
2024-05-15,1405.86962890625,5046534
2024-05-16,1414.8778076171875,14711774
2024-05-17,1425.15185546875,10916476
2024-05-21,1425.57373046875,11176128
2024-05-22,1449.9185791015625,10281604
2024-05-23,1475.1319580078125,14608260
2024-05-24,1469.37451171875,7094776
2024-05-27,1455.4774169921875,6629010
2024-05-28,1445.5010986328125,7820162
2024-05-29,1430.1895751953125,7383556
2024-05-30,1414.3814697265625,13206858
2024-05-31,1419.8907470703125,31069832
2024-06-03,1499.228515625,21527942
2024-06-04,1387.0091552734375,36709098
2024-06-05,1410.3116455078125,17464890
2024-06-06,1421.0819091796875,17855722
2024-06-07,1459.1500244140625,18558696
2024-06-10,1460.5894775390625,9251760
2024-06-11,1445.9727783203125,11774902
2024-06-12,1452.5738525390625,10081742
2024-06-13,1454.4847412109375,9181160
2024-06-14,1466.6944580078125,8157998
2024-06-18,1470.1439208984375,7196766
2024-06-19,1447.9332275390625,8725874
2024-06-20,1462.8726806640625,16113776
2024-06-21,1443.515869140625,31170360
2024-06-24,1430.88427734375,8878386
2024-06-25,1443.46630859375,7045386
2024-06-26,1502.9013671875,22014882
2024-06-27,1519.304931640625,28383030
2024-06-28,1553.89892578125,28957336
2024-07-01,1548.6875,7724306
2024-07-02,1553.6756591796875,7749246
2024-07-03,1541.019287109375,9049620
2024-07-04,1542.6075439453125,6837176
2024-07-05,1576.9532470703125,12269710
2024-07-08,1589.13818359375,9500806
2024-07-09,1578.5911865234375,6960002
2024-07-10,1572.5855712890625,7134578
2024-07-11,1569.036865234375,11940946
2024-07-12,1584.9937744140625,12924784
2024-07-15,1585.4901123046875,5329688
2024-07-16,1564.669189453125,9386838
2024-07-18,1575.0177001953125,12298374
2024-07-19,1543.7242431640625,13140390
2024-07-22,1489.6495361328125,19674376
2024-07-23,1476.96826171875,18052044
2024-07-24,1484.7109375,11913362
2024-07-25,1481.4351806640625,12519876
2024-07-26,1497.9381103515625,9859940
2024-07-29,1508.9317626953125,7538550
2024-07-30,1502.03271484375,8228208
2024-07-31,1494.364501953125,10057346
2024-08-01,1504.1671142578125,10764222
2024-08-02,1488.3092041015625,10268248
2024-08-05,1436.6912841796875,17046704
2024-08-06,1445.3524169921875,10236186
2024-08-07,1454.062744140625,8174568
2024-08-08,1438.478271484375,12387192
2024-08-09,1463.46826171875,6249776
2024-08-12,1449.8936767578125,8184584
2024-08-13,1452.8717041015625,6265064
2024-08-14,1451.1097412109375,6267466
2024-08-16,1467.339599609375,9416902
2024-08-19,1482.4791259765625,13797742
2024-08-20,1489.9990234375,8411808
2024-08-21,1492.7132568359375,7769996
2024-08-22,1492.1654052734375,10445782
2024-08-23,1494.008056640625,9249654
2024-08-26,1506.5828857421875,8816114
2024-08-27,1494.481201171875,6251156
2024-08-28,1492.33984375,9610286
2024-08-29,1514.874755859375,38335358
2024-08-30,1503.6197509765625,41620730
2024-09-02,1510.2183837890625,11240852
2024-09-03,1503.1217041015625,10923800
2024-09-04,1508.525146484375,11983304
2024-09-05,1487.035888671875,16264168
2024-09-06,1458.997802734375,19394228
2024-09-09,1456.63232421875,9010298
2024-09-10,1455.7110595703125,10768260
2024-09-11,1445.7259521484375,9760202
2024-09-12,1473.913330078125,22349376
2024-09-13,1466.766845703125,8711328
2024-09-16,1465.4969482421875,5481774
2024-09-17,1466.4432373046875,5935328
2024-09-18,1457.6282958984375,8574714
2024-09-19,1463.82861328125,16955902
2024-09-20,1480.0140380859375,30897320
2024-09-23,1487.434326171875,8832314
2024-09-24,1483.4501953125,17137444
2024-09-25,1488.0069580078125,7069002
2024-09-26,1491.9910888671875,18818998
2024-09-27,1520.1038818359375,20597478
2024-09-30,1470.701171875,27008814
2024-10-01,1458.997802734375,16431642
2024-10-03,1401.3780517578125,37757294
2024-10-04,1381.0093994140625,37072876
2024-10-07,1365.272216796875,22181340
2024-10-08,1391.791259765625,17020808
2024-10-09,1369.1318359375,14310610
2024-10-10,1365.595947265625,22358646
2024-10-11,1366.6417236328125,7980122
2024-10-14,1367.0650634765625,12221432
2024-10-15,1338.678466796875,33762794
2024-10-16,1348.6884765625,20034438
2024-10-17,1351.0291748046875,15543660
2024-10-18,1353.8927001953125,12082452
2024-10-21,1363.7532958984375,14067408
2024-10-22,1338.006103515625,15831960
2024-10-23,1333.2003173828125,17214742
2024-10-24,1334.4703369140625,22155934
2024-10-25,1322.5677490234375,18597496
2024-10-28,1329.0418701171875,10824350
2024-10-29,1334.66943359375,12008361
2024-10-30,1338.553955078125,11984423
2024-10-31,1326.7510986328125,9331650
2024-11-01,1333.3248291015625,2127335
2024-11-04,1296.9700927734375,19796890
2024-11-05,1300.1075439453125,16267479
2024-11-06,1320.0777587890625,21625209
2024-11-07,1300.4561767578125,9611974
2024-11-08,1278.6431884765625,19814406
2024-11-11,1267.6370849609375,9056552
2024-11-12,1269.1810302734375,10671091
2024-11-13,1247.0693359375,14633633
2024-11-14,1262.5574951171875,12612633
2024-11-18,1255.7347412109375,13620611
2024-11-19,1236.710693359375,14183746
2024-11-21,1218.1348876953125,19433843
2024-11-22,1260.3662109375,20471957
2024-11-25,1281.8802490234375,28923341
2024-11-26,1290.545654296875,9247557
2024-11-27,1288.0555419921875,9572746
2024-11-28,1265.7447509765625,15027412
2024-11-29,1287.0595703125,13202307
2024-12-02,1303.9422607421875,11024152
2024-12-03,1318.035888671875,16869482
2024-12-04,1303.742919921875,19608540
2024-12-05,1316.7908935546875,16858723
2024-12-06,1306.3326416015625,9037514
2024-12-09,1289.9979248046875,14650002
2024-12-10,1279.73876953125,16043729
2024-12-11,1273.115234375,11724373
2024-12-12,1257.876220703125,20906813
2024-12-13,1267.78662109375,28630222
2024-12-16,1263.2547607421875,9486781
2024-12-17,1240.34619140625,17462791
2024-12-18,1248.2645263671875,12670179
2024-12-19,1225.55517578125,14244653
2024-12-20,1200.50537109375,20312896
2024-12-23,1217.437744140625,10052824
2024-12-24,1217.8858642578125,6734917
2024-12-26,1211.7105712890625,10016178
2024-12-27,1216.1927490234375,7000397
2024-12-30,1205.8837890625,8818766
2024-12-31,1210.6148681640625,6405475
2025-01-01,1216.391845703125,5892590
2025-01-02,1236.860107421875,15486276
2025-01-03,1246.1729736328125,15521102
2025-01-06,1213.15478515625,14816766
2025-01-07,1235.913818359375,10070505
2025-01-08,1260.4658203125,19346579
2025-01-09,1249.758544921875,12794704
2025-01-10,1236.959716796875,8120332
2025-01-13,1234.9178466796875,13764861
2025-01-14,1233.822265625,13095266
2025-01-15,1247.2186279296875,9578856
2025-01-16,1261.4119873046875,14117603
2025-01-17,1297.169189453125,29366277
2025-01-20,1300.2568359375,14040244
2025-01-21,1268.6331787109375,14562976
2025-01-22,1272.0196533203125,10273590
2025-01-23,1258.6231689453125,8720682
2025-01-24,1241.34228515625,14235970
2025-01-27,1224.4595947265625,9536019
2025-01-28,1229.4896240234375,10568025
2025-01-29,1230.585205078125,5928156
2025-01-30,1248.0654296875,9269259
2025-01-31,1260.0673828125,6584612
2025-02-01,1259.5693359375,7118453
2025-02-03,1240.94384765625,9252345
2025-02-04,1280.08740234375,16691069
2025-02-05,1273.115234375,10112028
2025-02-06,1276.4520263671875,9956001
2025-02-07,1261.6610107421875,8764283
2025-02-10,1248.6629638671875,6970972
2025-02-11,1229.937744140625,8859714
2025-02-12,1211.7105712890625,21131654
2025-02-13,1211.2623291015625,8511216
2025-02-14,1212.40771484375,10298145
2025-02-17,1220.02734375,8166683
2025-02-18,1220.525390625,6673250
2025-02-19,1222.567138671875,6217338
2025-02-20,1228.0950927734375,7795582
2025-02-21,1223.264404296875,6904025
2025-02-24,1209.718505859375,7172498
2025-02-25,1199.21044921875,11552182
2025-02-27,1202.298095703125,11509215
2025-02-28,1195.325927734375,23007298
2025-03-03,1166.5906982421875,17944938
2025-03-04,1157.2779541015625,11377373
2025-03-05,1170.9234619140625,8664095
2025-03-06,1204.7882080078125,14468014
2025-03-07,1244.828369140625,16474965
2025-03-10,1233.4736328125,11931051
2025-03-11,1242.3382568359375,10089838
2025-03-12,1252.0494384765625,11977555
2025-03-13,1242.9359130859375,9505270
2025-03-17,1233.9217529296875,16640917
2025-03-18,1233.9217529296875,0
2025-03-19,1242.1888427734375,16162399
2025-03-20,1264.101318359375,15971477
2025-03-21,1271.2725830078125,21780769
2025-03-24,1296.920166015625,20299319
2025-03-25,1280.33642578125,13713899
2025-03-26,1267.98583984375,12074747
2025-03-27,1273.115234375,15028056
2025-03-28,1270.027587890625,18147129
2025-04-01,1247.6170654296875,12099648
2025-04-02,1246.1729736328125,10142590
2025-04-03,1243.732666015625,7434366
2025-04-04,1199.9075927734375,17908652
2025-04-07,1161.062744140625,22156106
2025-04-08,1177.4971923828125,19555040
2025-04-09,1180.6346435546875,10223104
2025-04-11,1214.1009521484375,11224242
2025-04-15,1235.1668701171875,13378535
2025-04-16,1234.3701171875,8248464
2025-04-17,1269.4300537109375,15398401
2025-04-21,1290.346435546875,10429964
2025-04-22,1286.0635986328125,13051707
2025-04-23,1294.82861328125,10480888
2025-04-24,1296.4222412109375,10468940
2025-04-25,1295.22705078125,14431012
2025-04-28,1363.35498046875,31104496
2025-04-29,1394.1319580078125,32538970
2025-04-30,1399.410888671875,25480745
2025-05-02,1414.152099609375,13007841
2025-05-05,1425.6063232421875,12685649
2025-05-06,1415.2476806640625,14084117
2025-05-07,1400.4068603515625,13440169
2025-05-08,1401.4029541015625,16106175
2025-05-09,1371.721435546875,13668904
2025-05-12,1430.7855224609375,10674081
2025-05-13,1410.0682373046875,11407896
2025-05-14,1418.7337646484375,5570160
2025-05-15,1448.4151611328125,20177211
2025-05-16,1450.6064453125,9036695
2025-05-19,1435.0684814453125,6195791
2025-05-20,1418.932861328125,11270560
2025-05-21,1423.5145263671875,6136364
2025-05-22,1403.79345703125,12134466
2025-05-23,1421.124267578125,6474883
2025-05-26,1429.0924072265625,4842944
2025-05-27,1416.44287109375,12640414
2025-05-28,1407.279541015625,5944611
2025-05-29,1412.1600341796875,13771917
2025-05-30,1415.2476806640625,13788484
2025-06-02,1408.0762939453125,8098668
2025-06-03,1399.908935546875,11252626
2025-06-04,1417.8372802734375,8126827
2025-06-05,1436.662109375,13716817
2025-06-06,1437.7576904296875,8182161
2025-06-09,1443.0367431640625,7885125
2025-06-10,1432.777587890625,7913181
2025-06-11,1443.13623046875,8195700
2025-06-12,1435.865234375,8828114
2025-06-13,1422.2198486328125,9757276
2025-06-16,1432.0804443359375,8458093
2025-06-17,1425.506591796875,10366599
2025-06-18,1424.4110107421875,6681735
2025-06-19,1427.598388671875,10007230
2025-06-20,1460.367431640625,29010635
2025-06-23,1451.0048828125,5989078
2025-06-24,1445.0286865234375,16402744
2025-06-25,1461.463134765625,7525851
2025-06-26,1489.3516845703125,14657893
2025-06-27,1509.3717041015625,11117052
2025-06-30,1494.630615234375,8409527
2025-07-01,1522.320068359375,10368523
2025-07-02,1512.75830078125,6361002
2025-07-03,1511.76220703125,11283291
2025-07-04,1521.2244873046875,6603501
2025-07-07,1535.367919921875,7251074
2025-07-08,1531.4833984375,7171261
2025-07-09,1512.9573974609375,8870660
2025-07-10,1511.16455078125,10047129
2025-07-11,1489.2520751953125,7234991
2025-07-14,1477.7977294921875,10311846
2025-07-15,1479.4910888671875,8132454
2025-07-16,1479.690185546875,10409983
2025-07-17,1470.52685546875,11854613
2025-07-18,1470.12841796875,10296318
2025-07-21,1422.9169921875,22442744
2025-07-22,1407.179931640625,20396320
2025-07-23,1418.932861328125,8354596
2025-07-24,1397.3192138671875,14740507
2025-07-25,1386.1636962890625,11854722
2025-07-28,1382.080078125,7748361
2025-07-29,1411.4627685546875,10750072
2025-07-30,1404.4906005859375,7209849
2025-07-31,1384.669677734375,17065827
2025-08-01,1388.15576171875,10321171
2025-08-04,1405.885009765625,6312820
2025-08-05,1386.1636962890625,9315972
2025-08-06,1387.259521484375,5834312
2025-08-07,1383.8729248046875,9976705
2025-08-08,1362.35888671875,8793606
2025-08-11,1380.6856689453125,9997486
2025-08-12,1374.9088134765625,12244664
2025-08-13,1377.0999755859375,7457021
2025-08-14,1373.800048828125,7126128
2025-08-18,1381.699951171875,11785109
2025-08-19,1420.0999755859375,14384719
2025-08-20,1413.0,8725641
2025-08-21,1424.800048828125,11021323
2025-08-22,1409.199951171875,5818868
2025-08-25,1412.5999755859375,5979407
2025-08-26,1384.9000244140625,12145259
2025-08-28,1385.9000244140625,13161813
2025-08-29,1357.199951171875,18758842
2025-09-01,1353.9000244140625,11232238
2025-09-02,1366.5,11517006
2025-09-03,1372.5999755859375,7847563
2025-09-04,1359.300048828125,13223177
2025-09-05,1375.0,5777575
2025-09-08,1378.5,6986720
2025-09-09,1376.199951171875,9754452
2025-09-10,1377.0,7790815
2025-09-11,1383.300048828125,9766072
2025-09-12,1395.0,7403368
2025-09-15,1399.300048828125,5396697
2025-09-16,1405.300048828125,8686961
2025-09-17,1413.800048828125,7519417
2025-09-18,1415.0,9332642
2025-09-19,1407.4000244140625,13461373
2025-09-22,1390.5999755859375,7757970
2025-09-23,1389.800048828125,14014702
2025-09-24,1383.0,5922759
2025-09-25,1372.4000244140625,11411143
2025-09-26,1377.5999755859375,9879109
2025-09-29,1372.800048828125,14231999
2025-09-30,1364.0,14604684
2025-10-01,1368.699951171875,12045916
2025-10-03,1363.4000244140625,12842347
2025-10-06,1375.0,12396580
2025-10-07,1384.800048828125,11244040
2025-10-08,1367.4000244140625,8525081
2025-10-09,1377.800048828125,8826633
2025-10-10,1381.699951171875,6373084
2025-10-13,1375.0,7600682
2025-10-14,1375.9000244140625,9768174
2025-10-15,1374.300048828125,10882743
2025-10-16,1398.300048828125,12315932
2025-10-17,1416.800048828125,19335561
2025-10-20,1466.800048828125,24721978
2025-10-21,1465.199951171875,2066169
2025-10-23,1448.4000244140625,18707090
2025-10-24,1451.5999755859375,9700837
2025-10-27,1484.0999755859375,14113867
2025-10-28,1486.9000244140625,17631577
2025-10-29,1504.199951171875,11884745
2025-10-30,1488.5,9318663
2025-10-31,1486.4000244140625,8758053
2025-11-03,1484.699951171875,8452085
2025-11-04,1473.0999755859375,10007806
2025-11-06,1496.0999755859375,16772678
2025-11-07,1478.0,7821765
2025-11-10,1489.300048828125,7068438
2025-11-11,1493.4000244140625,7127506
2025-11-12,1511.5,12384459
2025-11-13,1510.9000244140625,7196443
2025-11-14,1518.9000244140625,7682823
2025-11-17,1518.300048828125,5871416
2025-11-18,1519.4000244140625,11045042
2025-11-19,1518.9000244140625,5692366
2025-11-20,1549.0999755859375,18171724
2025-11-21,1546.5999755859375,9615271
2025-11-24,1535.9000244140625,18433951
2025-11-25,1539.699951171875,15033482
2025-11-26,1569.9000244140625,14054299
2025-11-27,1563.4000244140625,9794643
2025-11-28,1567.5,8959508
2025-12-01,1566.0999755859375,8920233
2025-12-02,1546.300048828125,11389150
2025-12-03,1538.800048828125,6090883
2025-12-04,1535.5999755859375,11867930
2025-12-05,1540.5999755859375,10183266
2025-12-08,1543.0,11301491
2025-12-09,1529.4000244140625,11503971
2025-12-10,1536.9000244140625,7991629
2025-12-11,1545.0,4706197
2025-12-12,1556.5,5106655
2025-12-15,1556.199951171875,5774543
2025-12-16,1542.300048828125,11731856
2025-12-17,1544.4000244140625,7116649
2025-12-18,1544.4000244140625,6580829
2025-12-19,1565.0999755859375,13937275
2025-12-22,1575.4000244140625,10184852
2025-12-23,1570.699951171875,7506564
2025-12-24,1558.199951171875,8815745
2025-12-26,1559.199951171875,2311495
2025-12-29,1545.5999755859375,5972105
2025-12-30,1539.800048828125,8815884
2025-12-31,1570.4000244140625,5771830
2026-01-01,1575.5999755859375,6408128
2026-01-02,1592.300048828125,6602230
2026-01-05,1578.0999755859375,8704973
2026-01-06,1507.5999755859375,27417125
2026-01-07,1504.199951171875,11199340
2026-01-08,1470.5999755859375,16518684
2026-01-09,1475.300048828125,8335311
2026-01-12,1483.199951171875,8883745
2026-01-13,1452.800048828125,13499760
2026-01-14,1458.800048828125,8321764
2026-01-15,1458.800048828125,0
2026-01-16,1457.9000244140625,17167161
2026-01-19,1413.5999755859375,20392765
2026-01-20,1394.0,13189498
2026-01-21,1404.5999755859375,17352720
2026-01-22,1402.5,15721693
2026-01-23,1386.0999755859375,9837802
2026-01-27,1380.5,26302396
2026-01-28,1396.699951171875,11121657
2026-01-29,1391.0,20846683
2026-01-30,1395.4000244140625,11239835
2026-02-02,1390.4000244140625,15711165
2026-02-03,1437.0999755859375,25456171
2026-02-04,1456.800048828125,8333387
2026-02-05,1443.4000244140625,11763658
2026-02-06,1450.800048828125,8277304
2026-02-09,1461.5999755859375,5775864
2026-02-10,1458.5,10259630
2026-02-11,1468.699951171875,7106877
2026-02-12,1448.9000244140625,11135399
2026-02-13,1419.5999755859375,10755693
2026-02-16,1437.0999755859375,5896514
2026-02-17,1423.0,10731630
2026-02-18,1441.300048828125,5521096
2026-02-19,1409.5,11884664
2026-02-20,1419.4000244140625,8177670
2026-02-23,1428.0,7758856
