date,adj_close,volume
2015-01-01,279.8805236816406,6138488
2015-01-02,280.9947814941406,9935094
2015-01-05,278.7663879394531,9136716
2015-01-06,267.31268310546875,15329257
2015-01-07,267.5354919433594,15046745
2015-01-08,271.72479248046875,8939749
2015-01-09,270.25408935546875,11953948
2015-01-12,273.7303161621094,8536142
2015-01-13,271.9476318359375,9484804
2015-01-14,271.591064453125,8855660
2015-01-15,285.4960021972656,30729523
2015-01-16,281.1730041503906,21598514
2015-01-19,279.12286376953125,9975658
2015-01-20,283.57958984375,13104643
2015-01-21,290.7548828125,22617660
2015-01-22,289.3733215332031,12232626
2015-01-23,291.86907958984375,17127278
2015-01-27,294.1865234375,13734088
2015-01-28,298.24212646484375,19428852
2015-01-29,291.4679260253906,14911660
2015-01-30,275.3793029785156,30252827
2015-02-02,274.08685302734375,17639807
2015-02-03,267.6691589355469,23743882
2015-02-04,261.2070007324219,21477507
2015-02-05,259.201416015625,15722348
2015-02-06,258.7557678222656,15985714
2015-02-09,249.12933349609375,17088719
2015-02-10,256.0817565917969,22589681
2015-02-11,254.87850952148438,17366588
2015-02-12,253.40777587890625,20957180
2015-02-13,273.5965881347656,70540056
2015-02-16,273.373779296875,21372131
2015-02-18,272.48248291015625,13472484
2015-02-19,269.4964599609375,17762135
2015-02-20,269.4518737792969,15792502
2015-02-23,264.32666015625,12440505
2015-02-24,264.0592041015625,15046698
2015-02-25,263.4353332519531,12845169
2015-02-26,257.9535827636719,18707345
2015-02-27,267.31268310546875,18316053
2015-03-02,269.1844787597656,15085595
2015-03-03,269.71929931640625,14387971
2015-03-04,261.9200439453125,38674148
2015-03-05,261.8754577636719,16803823
2015-03-09,259.0677795410156,13199803
2015-03-10,256.3492126464844,14064427
2015-03-11,254.16543579101562,16329314
2015-03-12,255.68069458007812,9969794
2015-03-13,250.24351501464844,13414248
2015-03-16,251.0457000732422,15132928
2015-03-17,252.33816528320312,11350496
2015-03-18,256.0817565917969,12394230
2015-03-19,251.0011749267578,11046649
2015-03-20,248.01513671875,11482652
2015-03-23,244.89549255371094,13058026
2015-03-24,241.15182495117188,17585259
2015-03-25,236.56143188476562,15824629
2015-03-26,228.76220703125,22253318
2015-03-27,234.95704650878906,19423101
2015-03-30,238.78976440429688,12303870
2015-03-31,238.0321502685547,19482636
2015-04-01,243.73672485351562,12383589
2015-04-06,244.80628967285156,12925445
2015-04-07,242.48886108398438,12933524
2015-04-08,244.13784790039062,9913899
2015-04-09,250.3326416015625,13471276
2015-04-10,254.70022583007812,16880558
2015-04-13,255.19044494628906,11985436
2015-04-15,258.4884338378906,17289500
2015-04-16,260.62762451171875,15043998
2015-04-17,260.0482482910156,16819018
2015-04-20,256.3937072753906,13788536
2015-04-21,257.7752990722656,15487948
2015-04-22,253.00668334960938,17741741
2015-04-23,247.48036193847656,13874710
2015-04-24,245.60855102539062,10049508
2015-04-27,238.0321502685547,12394191
2015-04-28,242.88998413085938,12693457
2015-04-29,242.35513305664062,8217676
2015-04-30,240.43878173828125,21635216
2015-05-04,247.03468322753906,8012690
2015-05-05,242.48886108398438,7102772
2015-05-06,236.56143188476562,16335660
2015-05-07,232.59500122070312,15962706
2015-05-08,233.48634338378906,14044596
2015-05-11,246.05416870117188,17198308
2015-05-12,238.34413146972656,12792368
2015-05-13,244.4943389892578,9245732
2015-05-14,250.42181396484375,13101418
2015-05-15,256.21551513671875,18247889
2015-05-18,258.2655944824219,13266119
2015-05-19,257.10687255859375,14541041
2015-05-20,260.8058776855469,11807544
2015-05-21,258.71124267578125,12118415
2015-05-22,251.75881958007812,69490117
2015-05-25,247.48036193847656,20356833
2015-05-26,247.03468322753906,9675703
2015-05-27,250.24351501464844,12176680
2015-05-28,250.5594482421875,13024987
2015-05-29,251.05584716796875,14809918
2015-06-01,251.1009979248047,11567692
2015-06-02,240.3150177001953,21653784
2015-06-03,232.32708740234375,25967877
2015-06-04,232.50759887695312,20210546
2015-06-05,232.6881103515625,13539638
2015-06-08,230.11570739746094,17384700
2015-06-09,232.50759887695312,15275972
2015-06-10,235.2153778076172,10910978
2015-06-11,229.25823974609375,20857622
2015-06-12,229.213134765625,11440479
2015-06-15,225.87351989746094,13545280
2015-06-16,229.7998046875,9896598
2015-06-17,230.25112915039062,11241061
2015-06-18,232.95889282226562,11598549
2015-06-19,234.80918884277344,12216399
2015-06-22,240.08935546875,11051382
2015-06-23,241.66888427734375,16180083
2015-06-24,236.794921875,8361760
2015-06-25,239.0062255859375,16506503
2015-06-26,239.3673095703125,14588452
2015-06-29,234.35787963867188,15040805
2015-06-30,237.1559295654297,14181965
2015-07-01,241.66888427734375,12072024
2015-07-02,241.75917053222656,8741783
2015-07-03,243.1581573486328,7238541
2015-07-06,244.4217987060547,9458200
2015-07-07,246.31723022460938,12523410
2015-07-08,241.30784606933594,12669850
2015-07-09,241.66888427734375,6469504
2015-07-10,244.1961212158203,8788162
2015-07-13,247.039306640625,8423083
2015-07-14,242.07505798339844,10337307
2015-07-15,241.93966674804688,7483918
2015-07-16,245.6854705810547,8354120
2015-07-17,244.6925811767578,5571891
2015-07-20,241.3981170654297,6418930
2015-07-21,238.554931640625,5638653
2015-07-22,242.39096069335938,11322177
2015-07-23,243.74484252929688,6376216
2015-07-24,237.6072235107422,7796401
2015-07-27,233.27479553222656,6788558
2015-07-28,233.95175170898438,10788886
2015-07-29,228.89723205566406,9997136
2015-07-30,231.78550720214844,10536937
2015-07-31,243.74484252929688,20534806
2015-08-03,253.67333984375,21901780
2015-08-04,260.48797607421875,28858887
2015-08-05,257.59967041015625,10169558
2015-08-06,260.8940734863281,15372143
2015-08-07,253.89901733398438,13845614
2015-08-10,255.20777893066406,14694901
2015-08-11,242.61659240722656,39233644
2015-08-12,231.3793487548828,29724325
2015-08-13,234.04197692871094,16360033
2015-08-14,242.34584045410156,14852873
2015-08-17,252.5,27500063
2015-08-18,257.05810546875,27728824
2015-08-19,250.92047119140625,15452575
2015-08-20,244.1961212158203,14577599
2015-08-21,241.44326782226562,19030056
2015-08-24,221.49595642089844,29561705
2015-08-25,228.6715850830078,23492839
2015-08-26,221.76673889160156,16325529
2015-08-27,225.15145874023438,21076926
2015-08-28,224.7001953125,16644381
2015-08-31,223.25604248046875,21645114
2015-09-01,215.80967712402344,19689080
2015-09-02,208.09249877929688,23655457
2015-09-03,209.62689208984375,14680299
2015-09-04,203.21847534179688,20466346
2015-09-07,199.56301879882812,15424783
2015-09-08,206.10679626464844,16189253
2015-09-09,209.0853271484375,18237115
2015-09-10,205.29446411132812,14195882
2015-09-11,207.6863250732422,13650937
2015-09-14,212.3346710205078,10671222
2015-09-15,210.21359252929688,13193410
2015-09-16,213.7336883544922,11272509
2015-09-18,218.42718505859375,16049395
2015-09-21,221.36058044433594,9602436
2015-09-22,214.77166748046875,13667322
2015-09-23,216.48658752441406,13614082
2015-09-24,215.7645263671875,9299508
2015-09-28,216.12554931640625,8588230
2015-09-29,218.33689880371094,24488685
2015-09-30,214.04957580566406,17011911
2015-10-01,212.24440002441406,11590498
2015-10-05,216.62197875976562,18307463
2015-10-06,216.71224975585938,10087077
2015-10-07,219.82618713378906,10608795
2015-10-08,219.6005096435547,9230511
2015-10-09,219.7359161376953,12171416
2015-10-12,220.72877502441406,7566962
2015-10-13,220.05181884765625,10200698
2015-10-14,220.45799255371094,7895820
2015-10-15,224.7001953125,11582401
2015-10-16,231.78550720214844,11738832
2015-10-19,229.70956420898438,8969153
2015-10-20,230.02548217773438,8811740
2015-10-21,225.4673614501953,8606466
2015-10-23,228.71669006347656,7544810
2015-10-26,226.77613830566406,13085058
2015-10-27,224.5647735595703,6565348
2015-10-28,218.47227478027344,12310403
2015-10-29,213.8690643310547,16114932
2015-10-30,213.9593505859375,8669606
2015-11-02,213.82394409179688,7611610
2015-11-03,212.9664764404297,8323201
2015-11-04,215.71937561035156,8418352
2015-11-05,211.1161651611328,8906564
2015-11-06,219.3297576904297,30821077
2015-11-09,222.12779235839844,22806485
2015-11-10,217.70509338378906,11767845
2015-11-13,216.84762573242188,9082062
2015-11-16,224.11349487304688,14051479
2015-11-17,223.7073211669922,11273394
2015-11-18,217.52456665039062,10397889
2015-11-19,220.14207458496094,7325199
2015-11-20,219.28460693359375,13718619
2015-11-23,219.05897521972656,10552151
2015-11-24,217.88558959960938,6651669
2015-11-26,218.87844848632812,13629888
2015-11-27,225.3771209716797,15149912
2015-11-30,224.4293975830078,12865469
2015-12-01,225.8284149169922,9501537
2015-12-02,220.77389526367188,10881754
2015-12-03,217.61483764648438,7155630
2015-12-04,217.61483764648438,11115170
2015-12-07,215.40347290039062,7531729
2015-12-08,212.9664764404297,8254434
2015-12-09,211.56747436523438,7408777
2015-12-10,209.35609436035156,11713559
2015-12-11,205.1590576171875,12872949
2015-12-14,203.9405517578125,12464883
2015-12-15,204.3467254638672,10404430
2015-12-16,205.1590576171875,13030720
2015-12-17,208.4084014892578,14539096
2015-12-18,204.43698120117188,18871084
2015-12-21,208.00221252441406,9557098
2015-12-22,206.10679626464844,9155574
2015-12-23,207.28013610839844,7914311
2015-12-24,206.06166076660156,7257958
2015-12-28,206.6031951904297,8756879
2015-12-29,205.9713897705078,7263286
2015-12-30,203.80517578125,11702877
2015-12-31,202.586669921875,11558305
2016-01-01,205.61038208007812,6449426
2016-01-04,199.2019500732422,14092071
2016-01-05,196.539306640625,15074848
2016-01-06,195.7269744873047,11921123
2016-01-07,189.1380615234375,14342279
2016-01-08,188.5965118408203,11745840
2016-01-11,184.3994598388672,19287860
2016-01-12,179.9767608642578,20318816
2016-01-13,181.3306427001953,23788247
2016-01-14,176.9530792236328,20256636
2016-01-15,166.34762573242188,29090426
2016-01-18,163.3690643310547,35653244
2016-01-19,165.12911987304688,24501774
2016-01-20,156.7350311279297,28655794
2016-01-21,158.49508666992188,28697205
2016-01-22,166.61839294433594,21432409
2016-01-25,165.12911987304688,17534650
2016-01-27,166.4378662109375,16569813
2016-01-28,167.20510864257812,20241030
2016-01-29,162.37623596191406,24259147
2016-02-01,155.92269897460938,22915269
2016-02-02,152.89901733398438,35957332
2016-02-03,149.87533569335938,24132003
2016-02-04,146.98703002929688,23811109
2016-02-05,151.81590270996094,22732245
2016-02-08,155.381103515625,22289005
2016-02-09,150.77793884277344,19008384
2016-02-10,143.51205444335938,32294785
2016-02-11,139.22476196289062,72749830
2016-02-12,139.72117614746094,41187889
2016-02-15,151.5,35956266
2016-02-16,141.16531372070312,33816243
2016-02-17,143.46694946289062,32447698
2016-02-18,144.23414611816406,21024178
2016-02-19,148.65682983398438,24592575
2016-02-22,148.88246154785156,15815058
2016-02-23,143.0607452392578,20200068
2016-02-24,141.07505798339844,19440950
2016-02-25,137.01341247558594,22713124
2016-02-26,140.71401977539062,30051402
2016-02-29,143.2864227294922,66981910
2016-03-01,146.26495361328125,23588231
2016-03-02,163.50445556640625,53333757
2016-03-03,164.94862365722656,33507048
2016-03-04,170.04824829101562,38860711
2016-03-08,165.49017333984375,27928279
2016-03-09,165.53526306152344,29453018
2016-03-10,162.9177703857422,20472928
2016-03-11,162.55674743652344,21869157
2016-03-14,164.0460205078125,14369755
2016-03-15,167.25021362304688,22369600
2016-03-16,167.15994262695312,19237834
2016-03-17,168.19793701171875,21560986
2016-03-18,172.62062072753906,21144216
2016-03-21,177.63002014160156,20678069
2016-03-22,178.2618408203125,16728809
2016-03-23,177.4495086669922,13362780
2016-03-28,169.95799255371094,19760603
2016-03-29,171.0410919189453,16804848
2016-03-30,178.3069610595703,20709407
2016-03-31,175.3284149169922,30132473
2016-04-01,176.59202575683594,21752206
2016-04-04,175.73458862304688,15732565
2016-04-05,166.39276123046875,36635637
2016-04-06,165.94146728515625,16350631
2016-04-07,164.22654724121094,19430601
2016-04-08,165.26451110839844,15805231
2016-04-11,169.91287231445312,18990364
2016-04-12,169.50668334960938,14563344
2016-04-13,173.20730590820312,17573045
2016-04-18,168.55899047851562,13985439
2016-04-20,169.05540466308594,20163005
2016-04-21,175.41868591308594,31008152
2016-04-22,180.65370178222656,34049763
2016-04-25,177.85565185546875,23835613
2016-04-26,181.3757781982422,21809451
2016-04-27,177.0433349609375,22801603
2016-04-28,173.34271240234375,24555479
2016-04-29,170.58981323242188,21021661
2016-05-02,167.8820343017578,14469844
2016-05-03,166.12197875976562,16247931
2016-05-04,162.4213409423828,17826594
2016-05-05,162.78240966796875,17742028
2016-05-06,166.39276123046875,18336962
2016-05-09,170.3190155029297,13863696
2016-05-10,171.0410919189453,13845979
2016-05-11,166.97943115234375,18128414
2016-05-12,170.1385040283203,17398341
2016-05-13,166.8440704345703,15546644
2016-05-16,159.57818603515625,30937008
2016-05-17,159.62330627441406,22183140
2016-05-18,162.4213409423828,25345278
2016-05-19,155.87754821777344,25480517
2016-05-20,154.6590576171875,16720624
2016-05-23,151.99642944335938,16193112
2016-05-24,152.98927307128906,14816798
2016-05-25,158.04379272460938,18900887
2016-05-26,166.21224975585938,30700988
2016-05-27,176.81768798828125,85585820
2016-05-30,179.48033142089844,46075949
2016-05-31,184.9861297607422,39457647
2016-06-01,178.9387664794922,41868032
2016-06-02,181.0147247314453,23499884
2016-06-03,179.78025817871094,24568749
2016-06-06,181.8834686279297,23623536
2016-06-07,192.17098999023438,66063192
2016-06-08,192.67393493652344,35163093
2016-06-09,191.98809814453125,27858182
2016-06-10,188.33030700683594,25598224
2016-06-13,184.53536987304688,21192525
2016-06-14,189.9306182861328,23918910
2016-06-15,197.56622314453125,48362742
2016-06-16,197.52052307128906,48122379
2016-06-17,195.1886749267578,26486677
2016-06-20,197.42906188964844,32633757
2016-06-21,195.6916046142578,18960306
2016-06-22,194.68572998046875,16395548
2016-06-23,198.93789672851562,20666649
2016-06-24,193.17689514160156,47224652
2016-06-27,198.57211303710938,29021651
2016-06-28,197.42906188964844,21784062
2016-06-29,198.6178436279297,18019568
2016-06-30,200.08096313476562,30600995
2016-07-01,200.81253051757812,15346865
2016-07-04,203.92164611816406,16534518
2016-07-05,204.3788604736328,15357018
2016-07-07,201.22402954101562,12917872
2016-07-08,199.6237335205078,16017389
2016-07-11,205.4761962890625,15831791
2016-07-12,207.30506896972656,19374179
2016-07-13,208.2195281982422,18377333
2016-07-14,212.1516571044922,21208021
2016-07-15,211.69444274902344,15068302
2016-07-18,209.17970275878906,11816985
2016-07-19,209.9569854736328,19767339
2016-07-20,211.37437438964844,18051608
2016-07-21,206.34490966796875,13306837
2016-07-22,204.3788604736328,12341622
2016-07-25,210.23130798339844,18427070
2016-07-26,207.30506896972656,14162638
2016-07-27,209.6369171142578,17626617
2016-07-28,211.23721313476562,26838284
2016-07-29,209.7740936279297,15577230
2016-08-01,207.853759765625,16071228
2016-08-02,208.5395965576172,16145066
2016-08-03,207.25936889648438,14838944
2016-08-04,206.34490966796875,17810908
2016-08-05,212.83750915527344,21264296
2016-08-08,213.2947235107422,16972827
2016-08-09,215.0321502685547,19854185
2016-08-10,211.69444274902344,16279843
2016-08-11,207.71658325195312,16673286
2016-08-12,222.48489379882812,86616475
2016-08-16,225.63975524902344,27709873
2016-08-17,225.18252563476562,18294050
2016-08-18,227.14859008789062,14314950
2016-08-19,236.38450622558594,39822529
2016-08-22,233.0010528564453,19769886
2016-08-23,232.95533752441406,17583721
2016-08-24,232.63525390625,11560293
2016-08-25,228.74887084960938,21230706
2016-08-26,225.50259399414062,16531983
2016-08-29,227.7429656982422,11786129
2016-08-30,230.66921997070312,15323228
2016-08-31,230.8978271484375,15601566
2016-09-01,230.4405975341797,12175873
2016-09-02,232.8181610107422,11380257
2016-09-06,237.84762573242188,16620963
2016-09-07,243.97438049316406,30862337
2016-09-08,245.3917999267578,14339143
2016-09-09,241.50540161132812,11455826
2016-09-12,231.12643432617188,18989750
2016-09-14,235.51577758789062,12754966
2016-09-15,234.098388671875,7783662
2016-09-16,232.5438232421875,18013477
2016-09-19,233.7783203125,11433295
2016-09-20,232.68099975585938,9914599
2016-09-21,229.66331481933594,12817180
2016-09-22,235.83583068847656,20797370
2016-09-23,232.77243041992188,12730223
2016-09-26,230.1205291748047,8800173
2016-09-27,227.697265625,11345387
2016-09-28,232.04087829589844,17277539
2016-09-29,226.09698486328125,27870695
2016-09-30,229.75477600097656,14826293
2016-10-03,233.45828247070312,9314647
2016-10-04,237.52755737304688,21532806
2016-10-05,238.533447265625,20868556
2016-10-06,234.82992553710938,11081154
2016-10-07,236.5673828125,11934100
2016-10-10,234.6470489501953,9399844
2016-10-13,228.29164123535156,18050638
2016-10-14,230.53204345703125,12133951
2016-10-17,231.5379180908203,16865537
2016-10-18,234.92137145996094,20218355
2016-10-19,233.54971313476562,9546481
2016-10-20,237.93905639648438,14179531
2016-10-21,236.38450622558594,8833390
2016-10-24,240.45379638671875,14483254
2016-10-25,239.08213806152344,9079178
2016-10-26,236.6131134033203,15020687
2016-10-27,233.54971313476562,10938008
2016-10-28,235.92727661132812,11430184
2016-11-01,236.79600524902344,10000632
2016-11-02,229.5718536376953,13716294
2016-11-03,224.6338348388672,12902390
2016-11-04,222.0734405517578,12657669
2016-11-07,231.08070373535156,11224419
2016-11-08,231.03497314453125,9367228
2016-11-09,237.7561798095703,31761606
2016-11-10,257.23388671875,50227559
2016-11-11,249.64398193359375,57937113
2016-11-15,254.39910888671875,48658808
2016-11-16,253.4846954345703,27532708
2016-11-17,253.7132568359375,19500760
2016-11-18,252.20443725585938,13389671
2016-11-21,235.3328857421875,26002028
2016-11-22,235.3328857421875,25631435
2016-11-23,236.5216522216797,16190033
2016-11-24,239.3564453125,28927720
2016-11-25,238.62489318847656,19303589
2016-11-28,231.85800170898438,22315183
2016-11-29,231.08070373535156,12656706
2016-11-30,236.24732971191406,16501691
2016-12-01,233.7783203125,12986151
2016-12-02,232.36093139648438,21139754
2016-12-05,234.92137145996094,8406973
2016-12-06,236.9331817626953,10048459
2016-12-07,233.73260498046875,22193202
2016-12-08,237.66473388671875,9047721
2016-12-09,243.83724975585938,16004173
2016-12-12,241.09390258789062,14296268
2016-12-13,243.3800048828125,9084137
2016-12-14,240.40805053710938,8672531
2016-12-15,242.6941680908203,12274497
2016-12-16,242.0997772216797,11017555
2016-12-19,238.9906768798828,8371299
2016-12-20,232.77243041992188,12765309
2016-12-21,233.50401306152344,8778450
2016-12-22,228.42880249023438,12981595
2016-12-23,227.83441162109375,10557157
2016-12-26,223.3079071044922,8592983
2016-12-27,227.46864318847656,8756536
2016-12-28,226.55419921875,11747088
2016-12-29,226.46275329589844,10658616
2016-12-30,228.79458618164062,10538497
2017-01-02,222.7592315673828,25988990
2017-01-03,223.94802856445312,15963085
2017-01-04,222.11912536621094,11225978
2017-01-05,224.3595428466797,11970913
2017-01-06,224.8624725341797,12354302
2017-01-09,225.91407775878906,8329253
2017-01-10,227.05714416503906,9352013
2017-01-11,230.5777587890625,13415303
2017-01-12,229.75477600097656,11282323
2017-01-13,229.43470764160156,9333736
2017-01-16,233.8697509765625,13234727
2017-01-17,234.098388671875,9480201
2017-01-18,236.24732971191406,8048897
2017-01-19,236.2930450439453,13029151
2017-01-20,229.5718536376953,15341756
2017-01-23,232.4066619873047,9339939
2017-01-24,233.0924835205078,13540202
2017-01-25,237.0246124267578,16343545
2017-01-27,243.6543731689453,18039379
2017-01-30,241.36822509765625,11884795
2017-01-31,238.07620239257812,8899165
2017-02-01,247.54075622558594,27253142
2017-02-02,249.9182891845703,20139955
2017-02-03,253.80471801757812,15366890
2017-02-06,253.34744262695312,14725291
2017-02-07,254.12477111816406,10981984
2017-02-08,253.4846954345703,13622088
2017-02-09,252.2501678466797,16080181
2017-02-10,252.70736694335938,37580487
2017-02-13,248.4094696044922,19853043
2017-02-14,247.08355712890625,13306738
2017-02-15,245.9404754638672,12201568
2017-02-16,247.35787963867188,21794688
2017-02-17,246.30625915527344,17830528
2017-02-20,246.58059692382812,9229363
2017-02-21,247.54075622558594,7754157
2017-02-22,249.0038299560547,12617613
2017-02-23,247.3121795654297,13146194
2017-02-27,245.30038452148438,9645350
2017-02-28,246.1691131591797,7941592
2017-03-01,248.5009307861328,7656892
2017-03-02,244.43162536621094,14220808
2017-03-03,242.37411499023438,10120034
2017-03-06,246.76348876953125,9515073
2017-03-07,244.88885498046875,11599142
2017-03-08,246.80918884277344,9122987
2017-03-09,249.87257385253906,15594429
2017-03-10,248.77525329589844,9557026
2017-03-14,251.15277099609375,15734886
2017-03-15,253.621826171875,20055974
2017-03-16,255.40496826171875,18005184
2017-03-17,250.69558715820312,14265642
2017-03-20,250.46697998046875,9678185
2017-03-21,249.0496063232422,11898233
2017-03-22,244.61451721191406,9887203
2017-03-23,245.52894592285156,7998170
2017-03-24,252.8445281982422,20133467
2017-03-27,255.54212951660156,15966114
2017-03-28,257.9654541015625,18673371
2017-03-29,263.7721862792969,31008407
2017-03-30,266.1496887207031,19683170
2017-03-31,268.2986755371094,20185269
2017-04-03,268.0700988769531,10509610
2017-04-05,271.9107971191406,21936647
2017-04-06,267.7957458496094,18413111
2017-04-07,264.6866149902344,10765502
2017-04-10,264.5951843261719,10307875
2017-04-11,269.3045654296875,11682024
2017-04-12,265.32672119140625,13251421
2017-04-13,266.6069641113281,9944020
2017-04-17,265.0981140136719,8146800
2017-04-18,265.4638977050781,13457050
2017-04-19,259.74859619140625,18149995
2017-04-20,260.4344482421875,14514929
2017-04-21,258.0569152832031,12042308
2017-04-24,261.5774841308594,10077853
2017-04-25,261.5774841308594,11531902
2017-04-26,261.9432678222656,13836891
2017-04-27,257.91973876953125,22622372
2017-04-28,264.9609680175781,14152004
2017-05-02,263.635009765625,9754789
2017-05-03,265.00665283203125,13950914
2017-05-04,273.4653015136719,24534923
2017-05-05,270.67620849609375,34756331
2017-05-08,273.78533935546875,11560550
2017-05-09,271.13348388671875,7843574
2017-05-10,269.2588806152344,8699405
2017-05-11,272.5965881347656,11934889
2017-05-12,272.4136962890625,13376269
2017-05-15,275.6142272949219,10383539
2017-05-16,281.1923828125,17533439
2017-05-17,281.32952880859375,14120513
2017-05-18,277.03167724609375,15471393
2017-05-19,281.649658203125,55250969
2017-05-22,269.1216735839844,35771221
2017-05-23,264.137939453125,19846852
2017-05-24,258.9256591796875,16435958
2017-05-25,265.281005859375,15018467
2017-05-26,266.1576232910156,12304394
2017-05-29,262.051513671875,10619968
2017-05-30,266.52667236328125,9643418
2017-05-31,266.0191955566406,10697171
2017-06-01,265.2348937988281,12186700
2017-06-02,264.86578369140625,12004368
2017-06-05,265.05035400390625,7917410
2017-06-06,265.096435546875,12346121
2017-06-07,268.0953063964844,10864355
2017-06-08,266.2960205078125,8370299
2017-06-09,266.2498779296875,10804887
2017-06-12,262.9281005859375,10326846
2017-06-13,261.9131164550781,9171049
2017-06-14,262.2360534667969,11566255
2017-06-15,262.051513671875,11925641
2017-06-16,263.850830078125,19246907
2017-06-19,266.52667236328125,14848661
2017-06-20,267.6800842285156,14927701
2017-06-21,268.4182434082031,10537576
2017-06-22,271.7400207519531,26110402
2017-06-23,266.6189880371094,20648597
2017-06-27,258.0376892089844,25523129
2017-06-28,255.03887939453125,17241351
2017-06-29,251.39413452148438,30457363
2017-06-30,252.50137329101562,12235472
2017-07-03,253.60867309570312,8951033
2017-07-04,251.90164184570312,7856082
2017-07-05,253.65478515625,10048734
2017-07-06,259.28338623046875,16115817
2017-07-07,258.4529113769531,5914038
2017-07-10,263.48175048828125,2095795
2017-07-11,261.6362609863281,12400820
2017-07-12,265.4194030761719,7524835
2017-07-13,266.4344177246094,8434324
2017-07-14,269.0641784667969,13750192
2017-07-17,270.3559875488281,10549310
2017-07-18,268.5105285644531,11913832
2017-07-19,270.6327819824219,9006728
2017-07-20,268.4644470214844,6256500
2017-07-21,268.1875915527344,7266604
2017-07-24,271.7861633300781,11195781
2017-07-25,273.2164001464844,10846999
2017-07-26,272.9395751953125,12527914
2017-07-27,275.2925109863281,22286060
2017-07-28,275.98455810546875,15766196
2017-07-31,288.34893798828125,41547584
2017-08-01,285.1194152832031,14888804
2017-08-02,283.919921875,17005571
2017-08-03,277.3224792480469,14459919
2017-08-04,281.65924072265625,9615344
2017-08-07,287.1494140625,11420767
2017-08-08,280.18292236328125,13578680
2017-08-09,278.937255859375,15852734
2017-08-10,273.77001953125,14519518
2017-08-11,258.4990539550781,67652562
2017-08-14,256.69976806640625,23773509
2017-08-16,261.2210693359375,21074533
2017-08-17,259.14495849609375,12134114
2017-08-18,257.1611328125,12653217
2017-08-21,253.424072265625,9247153
2017-08-22,252.73208618164062,11814388
2017-08-23,257.4379577636719,11317821
2017-08-24,258.637451171875,14138226
2017-08-28,257.7608947753906,10505317
2017-08-29,255.59251403808594,10335964
2017-08-30,255.22344970703125,7648702
2017-08-31,256.2845153808594,14222467
2017-09-01,256.3768005371094,8255209
2017-09-04,256.2845153808594,7168751
2017-09-05,255.17727661132812,9565430
2017-09-06,253.05503845214844,7306781
2017-09-07,253.00894165039062,16102724
2017-09-08,250.79437255859375,7077895
2017-09-11,250.01007080078125,14489224
2017-09-12,252.31686401367188,8375133
2017-09-13,252.2707061767578,10150073
2017-09-14,253.00894165039062,8015217
2017-09-15,250.51754760742188,18404860
2017-09-18,249.5025634765625,17538678
2017-09-19,247.103515625,14331316
2017-09-20,249.17962646484375,12355806
2017-09-21,247.7493896484375,8509419
2017-09-22,241.6133575439453,12860892
2017-09-25,238.7529296875,13937050
2017-09-26,238.29156494140625,11728345
2017-09-27,231.04823303222656,17080769
2017-09-28,233.03208923339844,17776419
2017-09-29,234.2316131591797,10073641
2017-10-03,231.87869262695312,10547836
2017-10-04,233.6318359375,14063896
2017-10-05,232.15548706054688,13476692
2017-10-06,236.907470703125,11932139
2017-10-09,236.99977111816406,8009211
2017-10-10,237.092041015625,9742878
2017-10-11,232.29391479492188,14192548
2017-10-12,231.78640747070312,13404759
2017-10-13,232.6168670654297,15697555
2017-10-16,232.5707244873047,12171830
2017-10-17,231.7402801513672,13505216
2017-10-18,224.91217041015625,20677891
2017-10-19,223.98944091796875,3458869
2017-10-23,226.94215393066406,8901335
2017-10-24,234.78524780273438,17197805
2017-10-25,299.7906188964844,262677081
2017-10-26,295.7306213378906,112804243
2017-10-27,287.010986328125,27580765
2017-10-30,287.8875732421875,28530254
2017-10-31,282.1667175292969,16455750
2017-11-01,295.13092041015625,34907283
2017-11-02,290.0559387207031,23110527
2017-11-03,299.88287353515625,26898400
2017-11-06,303.57379150390625,17143407
2017-11-07,292.6856994628906,21883541
2017-11-08,285.62689208984375,20242447
2017-11-09,289.4562072753906,21846178
2017-11-10,307.7720947265625,82984969
2017-11-13,305.46533203125,38777555
2017-11-14,303.666015625,25647162
2017-11-15,299.8367614746094,17389606
2017-11-16,307.63372802734375,22506014
2017-11-17,311.4168701171875,26518142
2017-11-20,307.2646484375,13507662
2017-11-21,305.09625244140625,14189920
2017-11-22,309.3868713378906,22861716
2017-11-23,309.0639343261719,13338423
2017-11-24,306.71099853515625,11716981
2017-11-27,309.7098388671875,13114683
2017-11-28,306.3419189453125,16054996
2017-11-29,303.4814758300781,11264624
2017-11-30,295.5922546386719,27276288
2017-12-01,288.5796203613281,16425620
2017-12-04,289.3639221191406,13887727
2017-12-05,294.4388732910156,15130931
2017-12-06,288.25665283203125,18658202
2017-12-07,291.947509765625,12278558
2017-12-08,288.902587890625,16418832
2017-12-11,293.79296875,14014369
2017-12-12,293.8390808105469,17658856
2017-12-13,289.08709716796875,17540585
2017-12-14,289.7330017089844,13894451
2017-12-15,288.1182556152344,16050711
2017-12-18,294.25433349609375,32119915
2017-12-19,295.0847473144531,14741481
2017-12-20,292.9625244140625,9895770
2017-12-21,292.27044677734375,9916409
2017-12-22,295.13092041015625,13821639
2017-12-26,292.6395263671875,9329690
2017-12-27,290.5173034667969,14276027
2017-12-28,284.5657958984375,20353152
2017-12-29,285.9498596191406,11939569
2018-01-01,283.3663024902344,12182400
2018-01-02,279.8138122558594,14797364
2018-01-03,279.4447326660156,13857373
2018-01-04,284.6580810546875,24517099
2018-01-05,282.6742248535156,14580575
2018-01-08,282.1667175292969,13557197
2018-01-09,280.78265380859375,15574755
2018-01-10,277.8299865722656,13064599
2018-01-11,278.844970703125,12298455
2018-01-12,278.89111328125,17594228
2018-01-15,279.21405029296875,18189668
2018-01-16,273.2625732421875,18040940
2018-01-17,283.3663024902344,26277307
2018-01-18,279.8138122558594,40000111
2018-01-19,285.3501281738281,18461642
2018-01-22,282.8126220703125,12622645
2018-01-23,293.5161437988281,35252217
2018-01-24,304.4041748046875,38070520
2018-01-25,288.94866943359375,42466150
2018-01-29,287.9798889160156,23600898
2018-01-30,289.3177795410156,25810404
2018-01-31,289.0409851074219,16409938
2018-02-01,282.3974304199219,19515991
2018-02-02,274.36981201171875,23274673
2018-02-05,275.0156555175781,18940578
2018-02-06,269.20257568359375,30577218
2018-02-07,270.17138671875,21463818
2018-02-08,278.10675048828125,18932796
2018-02-09,273.4931945800781,15750824
2018-02-12,266.4344177246094,50839665
2018-02-14,254.8543243408203,45641149
2018-02-15,257.1611328125,26058237
2018-02-16,250.6559600830078,30338112
2018-02-19,247.7493896484375,43847791
2018-02-20,248.810546875,33458021
2018-02-21,252.1784210205078,23714454
2018-02-22,251.53253173828125,25584062
2018-02-23,254.7158660888672,15482147
2018-02-26,253.23956298828125,15306032
2018-02-27,246.91897583007812,20824909
2018-02-28,247.28805541992188,26810799
2018-03-01,241.89013671875,22859175
2018-03-05,243.13583374023438,18484565
2018-03-06,236.7229461669922,20778164
2018-03-07,227.58804321289062,31262500
2018-03-08,236.95361328125,33133336
2018-03-09,233.67799377441406,21536191
2018-03-12,233.30889892578125,25332474
2018-03-13,235.0159149169922,37647221
2018-03-14,237.18429565429688,25471485
2018-03-15,234.0931854248047,18339890
2018-03-16,232.8013916015625,25728297
2018-03-19,228.78758239746094,18167594
2018-03-20,229.8487091064453,20556571
2018-03-21,228.83370971679688,19533972
2018-03-22,222.88218688964844,26828240
2018-03-23,216.65386962890625,27150262
2018-03-26,227.4496307373047,30373940
2018-03-27,234.69297790527344,31205051
2018-03-28,230.5868682861328,36673566
2018-04-02,227.12667846679688,14993188
2018-04-03,231.1405029296875,19883309
2018-04-04,228.1878204345703,18824449
2018-04-05,239.26040649414062,22880821
2018-04-06,239.6295166015625,24868860
2018-04-09,240.50607299804688,20208874
2018-04-10,242.9512481689453,21201141
2018-04-11,237.18429565429688,14885838
2018-04-12,234.18548583984375,18660913
2018-04-13,231.55572509765625,25654020
2018-04-16,229.75643920898438,16408377
2018-04-17,228.9721221923828,15922452
2018-04-18,227.4035186767578,16142387
2018-04-19,227.12667846679688,13166927
2018-04-20,222.55923461914062,15546939
2018-04-23,223.712646484375,12111837
2018-04-24,222.005615234375,9486349
2018-04-25,218.86839294433594,13124853
2018-04-26,215.17750549316406,24495144
2018-04-27,223.85104370117188,31401889
2018-04-30,227.3573760986328,17263193
2018-05-02,222.3746795654297,12887066
2018-05-03,223.20513916015625,12939642
2018-05-04,223.25128173828125,12777310
2018-05-07,227.4496307373047,15122614
2018-05-08,230.72531127929688,23293920
2018-05-09,228.83370971679688,11429823
2018-05-10,228.78758239746094,13160967
2018-05-11,231.00210571289062,11958589
2018-05-14,234.00094604492188,18673849
2018-05-15,228.83370971679688,18026861
2018-05-16,224.31240844726562,17222004
2018-05-17,223.9433135986328,11721064
2018-05-18,220.390869140625,11873041
2018-05-21,225.5580596923828,18780730
2018-05-22,234.27774047851562,68713602
2018-05-23,242.85903930664062,71202072
2018-05-24,247.7493896484375,34679642
2018-05-25,246.31919860839844,22317308
2018-05-28,251.02505493164062,18959368
2018-05-29,243.8739776611328,16107543
2018-05-30,246.50375366210938,19320209
2018-05-31,248.71826171875,31935892
2018-06-01,246.08853149414062,16574717
2018-06-04,242.67446899414062,12933824
2018-06-05,243.18194580078125,14102731
2018-06-06,249.2718963623047,18315171
2018-06-07,248.810546875,18773700
2018-06-08,251.90164184570312,14096549
2018-06-11,252.82432556152344,18219428
2018-06-12,260.9903564453125,31358021
2018-06-13,265.465576171875,26748300
2018-06-14,260.75970458984375,18513730
2018-06-15,256.0077209472656,16949917
2018-06-18,255.4541015625,13542420
2018-06-19,251.53253173828125,20726975
2018-06-20,252.1784210205078,14002946
2018-06-21,247.8878173828125,12954943
2018-06-22,251.94773864746094,20784133
2018-06-25,247.70330810546875,10934401
2018-06-26,246.73440551757812,16867009
2018-06-27,241.47494506835938,16277655
2018-06-28,237.13816833496094,21349738
2018-06-29,239.30654907226562,16244724
2018-07-02,238.84519958496094,21896701
2018-07-03,237.59951782226562,16099030
2018-07-04,237.55337524414062,14206935
2018-07-05,236.63067626953125,11215032
2018-07-06,237.32272338867188,16174019
2018-07-09,241.3365020751953,13220744
2018-07-10,243.3665008544922,11487165
2018-07-11,239.0758819580078,12857179
2018-07-12,242.4437713623047,10642215
2018-07-13,237.8302001953125,11976239
2018-07-16,232.15548706054688,8965623
2018-07-17,239.02972412109375,16067598
2018-07-18,239.49107360839844,17641125
2018-07-19,240.0908660888672,9958284
2018-07-20,241.29039001464844,6120163
2018-07-23,245.7655487060547,17013119
2018-07-24,246.22694396972656,9320281
2018-07-25,250.8405303955078,13099277
2018-07-26,265.465576171875,53496546
2018-07-27,264.5890197753906,32175436
2018-07-30,274.4159240722656,40949610
2018-07-31,270.81732177734375,36510328
2018-08-01,272.293701171875,33885474
2018-08-02,271.1864013671875,15665209
2018-08-03,276.1229248046875,18254462
2018-08-06,284.6580810546875,31576923
2018-08-07,280.55194091796875,23928622
2018-08-08,284.8426208496094,20498279
2018-08-09,292.8702697753906,46464355
2018-08-10,280.92108154296875,111510771
2018-08-13,271.4170837402344,58127432
2018-08-14,272.1091003417969,25294933
2018-08-16,270.0791931152344,31083900
2018-08-17,278.7527160644531,21931134
2018-08-20,283.8737487792969,20240462
2018-08-21,283.27398681640625,14139592
2018-08-23,279.0756530761719,22721004
2018-08-24,277.2301940917969,18869585
2018-08-27,284.1967468261719,28111768
2018-08-28,281.75152587890625,16890236
2018-08-29,285.7653503417969,24320824
2018-08-30,284.7503356933594,19935935
2018-08-31,285.6730651855469,18100140
2018-09-03,282.6742248535156,14708076
2018-09-04,273.4931945800781,42859084
2018-09-05,273.631591796875,22922686
2018-09-06,273.53936767578125,18001336
2018-09-07,269.11029052734375,23716678
2018-09-10,262.8358459472656,23354395
2018-09-11,260.75970458984375,28361400
2018-09-12,263.25103759765625,22717796
2018-09-14,268.1875915527344,15149585
2018-09-17,263.25103759765625,16089996
2018-09-18,252.63980102539062,33901000
2018-09-19,250.51754760742188,40759431
2018-09-21,249.6871337890625,39308482
2018-09-24,243.92013549804688,24633374
2018-09-25,249.9639129638672,28948831
2018-09-26,243.4587860107422,23951904
2018-09-27,244.8428497314453,24829383
2018-09-28,244.9812469482422,33803139
2018-10-01,252.68592834472656,17711738
2018-10-03,250.70211791992188,19714943
2018-10-04,250.379150390625,17754204
2018-10-05,238.3838348388672,36628643
2018-10-08,245.21194458007812,21100804
2018-10-09,242.6283416748047,16010883
2018-10-10,257.114990234375,31772330
2018-10-11,241.89013671875,46291120
2018-10-12,243.3665008544922,42967696
2018-10-15,242.85903930664062,21965859
2018-10-16,249.4102783203125,33597068
2018-10-17,240.9674530029297,21631573
2018-10-19,240.92132568359375,28474307
2018-10-22,240.229248046875,19933462
2018-10-23,235.8925018310547,20206307
2018-10-24,235.93862915039062,25636533
2018-10-25,230.26393127441406,33066232
2018-10-26,228.92599487304688,20543437
2018-10-29,247.19573974609375,37768359
2018-10-30,252.0400390625,33401683
2018-10-31,259.6524658203125,28137370
2018-11-01,263.8046875,29144808
2018-11-02,263.29718017578125,27760214
2018-11-05,272.1553039550781,44619891
2018-11-06,264.3121643066406,40688243
2018-11-07,264.4044494628906,3312160
2018-11-09,261.3594665527344,19201007
2018-11-12,256.4691162109375,24044907
2018-11-13,256.5613098144531,25633628
2018-11-14,261.6824645996094,52674807
2018-11-15,263.34332275390625,18445463
2018-11-16,268.4182434082031,24805910
2018-11-19,265.88079833984375,13799970
2018-11-20,261.5440368652344,12900924
2018-11-21,264.86578369140625,16167419
2018-11-22,260.85198974609375,12066797
2018-11-26,264.26605224609375,16846820
2018-11-27,267.0341796875,21242956
2018-11-28,262.55902099609375,19837609
2018-11-29,264.26605224609375,27919104
2018-11-30,262.6512451171875,17583510
2018-12-03,264.6351318359375,15772176
2018-12-04,260.71356201171875,11897307
2018-12-05,258.4990539550781,14893748
2018-12-06,254.3468017578125,11083451
2018-12-07,254.11614990234375,10165275
2018-12-10,253.00894165039062,11947887
2018-12-11,259.5140380859375,30927239
2018-12-12,263.2048645019531,21765939
2018-12-13,266.6650390625,24097152
2018-12-14,266.8496398925781,12156361
2018-12-17,267.12646484375,12728014
2018-12-18,270.1252746582031,13606582
2018-12-19,277.46087646484375,26124125
2018-12-20,271.3247985839844,19222232
2018-12-21,269.3409729003906,15777301
2018-12-24,270.402099609375,12048877
2018-12-26,271.4170837402344,12684324
2018-12-27,269.5716247558594,15304564
2018-12-28,272.0168151855469,12876558
2018-12-31,273.0318298339844,9526067
2019-01-01,276.44586181640625,11837127
2019-01-02,271.1864013671875,25559853
2019-01-03,268.6028137207031,17548347
2019-01-04,274.6465759277344,19514041
2019-01-07,273.40093994140625,14579399
2019-01-08,281.7053527832031,22949961
2019-01-09,281.7053527832031,21109911
2019-01-10,281.93603515625,16295468
2019-01-11,279.3524475097656,12702551
2019-01-14,277.1840515136719,10372933
2019-01-15,278.3374328613281,9444374
2019-01-16,279.7215576171875,12111480
2019-01-17,274.4159240722656,15974634
2019-01-18,272.1553039550781,9082501
2019-01-21,269.84844970703125,10188647
2019-01-22,267.8185119628906,11297989
2019-01-23,264.4966735839844,10304608
2019-01-24,265.78851318359375,11532528
2019-01-25,263.34332275390625,11121223
2019-01-28,259.8370056152344,18905470
2019-01-29,258.9142761230469,17435611
2019-01-30,265.2348937988281,18908654
2019-01-31,270.9557189941406,25546487
2019-02-01,262.4206237792969,60015958
2019-02-04,262.0054016113281,20642919
2019-02-05,262.6512451171875,13291133
2019-02-06,266.7112121582031,12149759
2019-02-07,265.1887512207031,19733315
2019-02-08,263.89697265625,19781908
2019-02-11,258.8219909667969,15420017
2019-02-12,254.11614990234375,15326106
2019-02-14,246.4575958251953,26372671
2019-02-15,242.6283416748047,23366091
2019-02-18,239.86019897460938,14781744
2019-02-19,242.58218383789062,19064306
2019-02-20,247.01123046875,15514595
2019-02-21,247.28805541992188,13760702
2019-02-22,250.01007080078125,12536918
2019-02-25,249.2718963623047,20793897
2019-02-26,245.7655487060547,15274303
2019-02-27,246.96511840820312,20571652
2019-02-28,248.2569122314453,31636468
2019-03-01,251.8555145263672,20024726
2019-03-05,255.08502197265625,21533972
2019-03-06,256.60748291015625,22161376
2019-03-07,259.97540283203125,14899105
2019-03-08,259.4679260253906,19943319
2019-03-11,265.14263916015625,22931245
2019-03-12,264.7274169921875,20828136
2019-03-13,270.494384765625,23725641
2019-03-14,269.3409729003906,16164017
2019-03-15,275.3385925292969,37928480
2019-03-18,275.8461608886719,23782967
2019-03-19,279.6292419433594,27218691
2019-03-20,280.3212890625,18820555
2019-03-22,275.0156555175781,17865957
2019-03-25,271.2786865234375,16895511
2019-03-26,280.04449462890625,18303791
2019-03-27,284.93487548828125,35956450
2019-03-28,294.34661865234375,63244736
2019-04-01,297.8067932128906,22372357
2019-04-02,303.57379150390625,27897583
2019-04-03,295.7306213378906,30552104
2019-04-04,296.9302062988281,27832294
2019-04-05,292.5472717285156,23117232
2019-04-08,288.625732421875,17394139
2019-04-09,290.425048828125,25556039
2019-04-10,286.8725891113281,19237974
2019-04-11,290.5634765625,14897935
2019-04-12,290.8864440917969,14751964
2019-04-15,291.2093811035156,13864791
2019-04-16,291.3477478027344,14940726
2019-04-18,286.7803039550781,15691168
2019-04-22,286.0882873535156,15665440
2019-04-23,281.65924072265625,17324274
2019-04-24,286.7341613769531,15228591
2019-04-25,282.53582763671875,30842477
2019-04-26,288.34893798828125,14987906
2019-04-30,285.9960021972656,18178758
2019-05-02,284.3351135253906,16640100
2019-05-03,286.0421142578125,12452689
2019-05-06,284.88873291015625,10639216
2019-05-07,281.8437805175781,15219845
2019-05-08,275.2001953125,22103678
2019-05-09,276.1690673828125,12654440
2019-05-10,284.24285888671875,60739833
2019-05-13,283.1817321777344,40101505
2019-05-14,290.332763671875,30521436
2019-05-15,287.9798889160156,27932459
2019-05-16,291.3477478027344,18147559
2019-05-17,294.5772705078125,25838962
2019-05-20,318.0604248046875,53207071
2019-05-21,311.4629821777344,33457162
2019-05-22,314.7386474609375,32002499
2019-05-23,315.753662109375,74413322
2019-05-24,327.88739013671875,35703403
2019-05-27,333.7466125488281,31374994
2019-05-28,332.22412109375,23501608
2019-05-29,321.7051086425781,28370210
2019-05-30,326.2264709472656,25712604
2019-05-31,325.2575988769531,32588069
2019-06-03,327.9796142578125,18380919
2019-06-04,325.165283203125,18130636
2019-06-06,310.8631896972656,41941144
2019-06-07,315.6152038574219,29739710
2019-06-10,317.6912841796875,20500542
2019-06-11,320.2749328613281,16281297
2019-06-12,317.4145202636719,11564970
2019-06-13,319.72125244140625,15509948
2019-06-14,317.2299499511719,10347594
2019-06-17,311.73980712890625,13779496
2019-06-18,313.7697448730469,21957480
2019-06-19,312.66253662109375,16416903
2019-06-20,318.4756164550781,20626861
2019-06-21,322.3971862792969,24749090
2019-06-24,325.90350341796875,17919504
2019-06-25,328.99462890625,15922634
2019-06-26,330.470947265625,15835579
2019-06-27,334.1618347167969,29658120
2019-06-28,333.3313903808594,22708464
2019-07-01,333.6081848144531,12348793
2019-07-02,336.3302001953125,14482172
2019-07-03,337.8526916503906,12626285
2019-07-04,339.00604248046875,19252646
2019-07-05,342.0049133300781,30019347
2019-07-08,327.8412170410156,27247892
2019-07-09,331.71661376953125,16579914
2019-07-10,326.82623291015625,18681819
2019-07-11,335.13067626953125,20048321
2019-07-12,335.499755859375,14661748
2019-07-15,332.22412109375,15665939
2019-07-16,336.1917724609375,16251836
2019-07-17,343.6196594238281,17545177
2019-07-18,335.5458679199219,21691056
2019-07-19,328.4870910644531,22213173
2019-07-22,323.735107421875,19682038
2019-07-23,315.753662109375,27956145
2019-07-24,313.35455322265625,20823143
2019-07-25,314.92315673828125,19857643
2019-07-26,316.12274169921875,16139052
2019-07-29,317.2299499511719,17060483
2019-07-30,302.2358093261719,24437235
2019-07-31,306.5264587402344,22741445
2019-08-01,292.6395263671875,40853304
2019-08-02,284.6119384765625,64472348
2019-08-05,277.0456848144531,48815899
2019-08-06,278.10675048828125,30442970
2019-08-07,267.49554443359375,30820114
2019-08-08,271.6016540527344,32929233
2019-08-09,268.83349609375,23377581
2019-08-13,261.4517822265625,24231272
2019-08-14,267.3571472167969,18523649
2019-08-16,268.4182434082031,20047399
2019-08-19,264.6812744140625,19831459
2019-08-20,261.77471923828125,23204417
2019-08-21,255.96156311035156,28226325
2019-08-22,247.7955322265625,27728925
2019-08-23,250.1484832763672,35212444
2019-08-26,258.54522705078125,64066440
2019-08-27,263.6201477050781,45164811
2019-08-28,262.8819274902344,18979998
2019-08-29,253.2857208251953,27083514
2019-08-30,252.68592834472656,45702652
2019-09-03,247.6571502685547,21241863
2019-09-04,253.8393096923828,27309675
2019-09-05,252.1784210205078,25085139
2019-09-06,252.77821350097656,16675146
2019-09-09,256.5152282714844,18616889
2019-09-11,263.2048645019531,20999669
2019-09-12,264.86578369140625,21964832
2019-09-13,269.1564636230469,27303181
2019-09-16,262.69744873046875,18267680
2019-09-17,252.77821350097656,21533362
2019-09-18,258.729736328125,25478758
2019-09-19,252.87046813964844,23387797
2019-09-20,278.38360595703125,84481749
2019-09-23,289.5023193359375,54178171
2019-09-24,279.21405029296875,40096711
2019-09-25,258.59130859375,73063465
2019-09-26,260.067626953125,79005946
2019-09-27,259.4679260253906,37851718
2019-09-30,249.8716583251953,41094131
2019-10-01,236.16932678222656,79350077
2019-10-03,234.50843811035156,56207921
2019-10-04,230.6330108642578,60029186
2019-10-07,229.8487091064453,39160623
2019-10-09,240.78289794921875,60328507
2019-10-10,234.50843811035156,37577511
2019-10-11,234.87750244140625,43272106
2019-10-14,235.7079620361328,28265136
2019-10-15,238.47610473632812,23444973
2019-10-16,236.26156616210938,30892295
2019-10-17,244.93515014648438,37061013
2019-10-18,248.810546875,33203721
2019-10-22,249.59486389160156,27574295
2019-10-23,254.16229248046875,31789622
2019-10-24,242.21310424804688,63943183
2019-10-25,259.7908630371094,105518180
2019-10-27,260.0215148925781,12183625
2019-10-29,258.96038818359375,51033578
2019-10-30,267.49554443359375,51469048
2019-10-31,288.25665283203125,128449327
2019-11-01,289.3177795410156,44894016
2019-11-04,290.0098571777344,31535656
2019-11-05,294.5311279296875,50080853
2019-11-06,293.0086669921875,32157080
2019-11-07,293.562255859375,33926772
2019-11-08,291.5784606933594,25423362
2019-11-11,293.6545715332031,20491942
2019-11-13,283.0894470214844,32675829
2019-11-14,282.3512878417969,43617772
2019-11-15,297.0224304199219,95199897
2019-11-18,299.97515869140625,39009263
2019-11-19,304.8655700683594,41372145
2019-11-20,303.3891906738281,29972583
2019-11-21,305.7421569824219,34116162
2019-11-22,303.8505859375,28974967
2019-11-25,310.1250305175781,27561300
2019-11-26,309.5714111328125,36464072
2019-11-27,316.9992980957031,33971305
2019-11-28,322.3049011230469,42538227
2019-11-29,315.4306640625,23081823
2019-12-02,312.3395690917969,20648850
2019-12-03,310.2634582519531,26482178
2019-12-04,315.4306640625,26789483
2019-12-05,310.21734619140625,30429507
2019-12-06,295.2693176269531,47027528
2019-12-09,292.224365234375,52435239
2019-12-10,289.1793518066406,52155809
2019-12-11,288.625732421875,52557951
2019-12-12,296.976318359375,37804216
2019-12-13,306.849365234375,40955226
2019-12-16,306.2035217285156,35027613
2019-12-17,307.17236328125,26734601
2019-12-18,301.6822509765625,26449075
2019-12-19,302.7894592285156,27516289
2019-12-20,311.73980712890625,51839714
2019-12-23,306.71099853515625,30150335
2019-12-24,305.8344421386719,21747782
2019-12-26,304.35809326171875,24616942
2019-12-27,311.1861267089844,33477173
2019-12-30,308.5564270019531,22775554
2019-12-31,307.9566650390625,23801635
2020-01-01,308.60260009765625,17379320
2020-01-02,313.07769775390625,20324236
2020-01-03,307.9105224609375,21853208
2020-01-06,294.34661865234375,35645325
2020-01-07,293.79296875,50966826
2020-01-08,295.0847473144531,44527485
2020-01-09,304.6809997558594,40348407
2020-01-10,306.57257080078125,42377838
2020-01-13,305.1885070800781,23615129
2020-01-14,302.6510314941406,26296117
2020-01-15,299.1908264160156,32625740
2020-01-16,298.3142395019531,26653623
2020-01-17,293.4238586425781,58396326
2020-01-20,289.7330017089844,30682902
2020-01-21,289.4562072753906,30591772
2020-01-22,291.71685791015625,24994911
2020-01-23,298.2220458984375,33293610
2020-01-24,299.0063171386719,22706879
2020-01-27,291.7630310058594,23309355
2020-01-28,290.7480163574219,26488426
2020-01-29,291.9936828613281,23914114
2020-01-30,286.6880798339844,35802330
2020-01-31,293.8390808105469,92656638
2020-02-03,275.06182861328125,56060158
2020-02-04,282.5819396972656,51141567
2020-02-05,286.9648742675781,35014841
2020-02-06,297.068603515625,57757656
2020-02-07,295.77679443359375,37126803
2020-02-10,293.8852844238281,24816396
2020-02-11,299.28314208984375,30188757
2020-02-12,295.453857421875,38930849
2020-02-13,302.1435852050781,62516057
2020-02-14,294.7156677246094,48205947
2020-02-17,289.9175720214844,36950692
2020-02-18,293.0086669921875,38588583
2020-02-19,295.5922546386719,39846727
2020-02-20,302.3280944824219,40150409
2020-02-24,297.9913024902344,45273936
2020-02-25,301.5437927246094,39050709
2020-02-26,302.83563232421875,43915281
2020-02-27,297.068603515625,47010040
2020-02-28,279.5831298828125,59705346
2020-03-02,265.1887512207031,66711413
2020-03-03,267.44940185546875,61949382
2020-03-04,263.25103759765625,73675736
2020-03-05,266.2037353515625,149245973
2020-03-06,249.59486389160156,106043172
2020-03-09,233.86253356933594,101286241
2020-03-11,226.15782165527344,90845604
2020-03-12,196.16954040527344,99767083
2020-03-13,223.29742431640625,155701316
2020-03-16,206.08877563476562,75583409
2020-03-17,198.52247619628906,65403057
2020-03-18,198.568603515625,101356399
2020-03-19,187.91123962402344,93533467
2020-03-20,193.63206481933594,77391650
2020-03-23,167.56533813476562,61750037
2020-03-24,169.0416717529297,67491360
2020-03-25,175.223876953125,71567553
2020-03-26,177.85360717773438,107260359
2020-03-27,180.80630493164062,114740377
2020-03-30,172.4557342529297,60081554
2020-03-31,181.63674926757812,59543412
2020-04-01,172.13279724121094,52954239
2020-04-03,161.936767578125,64448494
2020-04-07,171.99436950683594,72130500
2020-04-08,168.8571319580078,80435759
2020-04-09,173.24005126953125,62416005
2020-04-13,169.31849670410156,51847146
2020-04-15,168.25738525390625,72190004
2020-04-16,173.93206787109375,61165773
2020-04-17,178.3149871826172,89851063
2020-04-20,177.62294006347656,81958510
2020-04-21,170.47189331054688,53042420
2020-04-22,174.1166229248047,61503413
2020-04-23,172.27117919921875,50955312
2020-04-24,165.85830688476562,65137305
2020-04-27,166.91941833496094,42996571
2020-04-28,170.05667114257812,49590230
2020-04-29,175.40843200683594,57470466
2020-04-30,175.77752685546875,63063889
2020-05-04,165.0278778076172,58118177
2020-05-05,157.23089599609375,91050439
2020-05-06,157.8768310546875,73156432
2020-05-07,157.55386352539062,42942399
2020-05-08,153.7707061767578,55932236
2020-05-11,152.6634521484375,54591827
2020-05-12,154.00140380859375,70752542
2020-05-13,160.64495849609375,81720683
2020-05-14,154.97024536132812,48136531
2020-05-15,153.5400390625,35495540
2020-05-18,143.29788208007812,77349435
2020-05-19,140.99110412597656,71522334
2020-05-20,141.5447235107422,66168767
2020-05-21,140.206787109375,61147471
2020-05-22,139.19180297851562,87064198
2020-05-26,139.69927978515625,48275988
2020-05-27,146.3428497314453,88195120
2020-05-28,145.9737548828125,76968678
2020-05-29,148.83419799804688,58363280
2020-06-01,156.907958984375,92740893
2020-06-02,157.09249877929688,70419104
2020-06-03,161.38314819335938,113168889
2020-06-04,160.59884643554688,83494674
2020-06-05,173.28616333007812,201321234
2020-06-08,172.36346435546875,151741826
2020-06-09,170.19508361816406,96654191
2020-06-10,173.19390869140625,67333317
2020-06-11,163.45924377441406,91726802
2020-06-12,165.30467224121094,92758901
2020-06-15,160.27587890625,63613412
2020-06-16,159.53770446777344,63925976
2020-06-17,159.58383178710938,73866905
2020-06-18,165.76602172851562,58261857
2020-06-19,170.2412109375,76895151
2020-06-22,173.19390869140625,80023958
2020-06-23,177.57679748535156,65487085
2020-06-24,170.33348083496094,74668987
2020-06-25,170.93325805664062,73620385
2020-06-26,170.33348083496094,49176958
2020-06-29,165.39695739746094,50966428
2020-06-30,164.6587677001953,43613239
2020-07-01,170.51803588867188,54012853
2020-07-02,171.11778259277344,52127276
2020-07-03,170.42575073242188,38048810
2020-07-06,173.51686096191406,43773740
2020-07-07,174.0243682861328,55124494
2020-07-08,177.06930541992188,143063102
2020-07-09,183.71287536621094,89539723
2020-07-10,180.48336791992188,111406477
2020-07-13,177.80747985839844,61949761
2020-07-14,171.6714324951172,62239932
2020-07-15,169.59530639648438,58527305
2020-07-16,171.85597229003906,46546803
2020-07-17,173.65525817871094,47035238
2020-07-20,176.00819396972656,45672856
2020-07-21,179.37611389160156,59281860
2020-07-22,177.16159057617188,62276152
2020-07-23,182.92855834960938,70801412
2020-07-24,177.11544799804688,65265493
2020-07-27,172.68641662597656,50697767
2020-07-28,174.8086700439453,51488617
2020-07-29,176.42343139648438,73763368
2020-07-30,172.13279724121094,48472816
2020-07-31,176.6540985107422,145892485
2020-08-03,177.3922576904297,72454278
2020-08-04,176.79249572753906,43866676
2020-08-05,176.6540985107422,68888892
2020-08-06,176.19273376464844,59740172
2020-08-07,175.91592407226562,44822338
2020-08-10,178.82247924804688,48784530
2020-08-11,179.97586059570312,43890305
2020-08-12,187.58828735351562,157818228
2020-08-13,186.29649353027344,70443118
2020-08-14,181.31382751464844,56169088
2020-08-17,178.17657470703125,54787889
2020-08-18,180.0220184326172,46294169
2020-08-19,181.82130432128906,59296062
2020-08-20,179.6990509033203,37504602
2020-08-21,183.0669708251953,68041871
2020-08-24,185.88125610351562,53850253
2020-08-25,191.87892150878906,105394375
2020-08-26,193.63206481933594,66749637
2020-08-27,198.98382568359375,80997993
2020-08-28,207.47283935546875,95974037
2020-08-31,195.6159210205078,119986476
2020-09-01,201.24449157714844,75048313
2020-09-02,199.53746032714844,47608088
2020-09-03,196.67703247070312,38594129
2020-09-04,190.63327026367188,54435758
2020-09-07,191.83277893066406,35687359
2020-09-08,188.2803192138672,34146789
2020-09-09,179.79132080078125,72715826
2020-09-10,182.8363037109375,67789617
2020-09-11,187.03465270996094,48487971
2020-09-14,183.15924072265625,63605531
2020-09-15,184.6817169189453,51761038
2020-09-16,182.88243103027344,52404964
2020-09-17,180.34495544433594,41223296
2020-09-18,177.71522521972656,55286316
2020-09-21,171.4407501220703,57611375
2020-09-22,171.80982971191406,51210889
2020-09-23,169.59530639648438,44320497
2020-09-24,162.72108459472656,46114798
2020-09-25,168.1189727783203,46550127
2020-09-28,172.7786865234375,41921548
2020-09-29,170.7487030029297,35688726
2020-09-30,171.0716552734375,37641083
2020-10-01,175.5929718017578,43588724
2020-10-05,174.1627655029297,41694686
2020-10-06,176.79249572753906,31098726
2020-10-07,175.9620361328125,34578053
2020-10-08,176.7002410888672,43351606
2020-10-09,182.97471618652344,64907230
2020-10-12,183.34381103515625,69122798
2020-10-13,180.57562255859375,34948525
2020-10-14,184.58946228027344,40548275
2020-10-15,177.94590759277344,49184123
2020-10-16,180.80630493164062,36893126
2020-10-19,188.2342071533203,60220779
2020-10-20,187.35760498046875,39316753
2020-10-21,188.0034942626953,54515523
2020-10-22,187.58828735351562,33721637
2020-10-23,187.126953125,32707020
2020-10-26,181.49835205078125,45470123
2020-10-27,179.60678100585938,37794381
2020-10-28,175.73138427734375,46458319
2020-10-29,174.1166229248047,44822673
2020-10-30,174.62411499023438,41519686
2020-11-02,180.89859008789062,52600119
2020-11-03,188.9262237548828,69890201
2020-11-04,191.00234985351562,117577856
2020-11-05,201.75198364257812,138023646
2020-11-06,202.2594757080078,73147085
2020-11-09,202.53628540039062,60359458
2020-11-10,213.79344177246094,135294550
2020-11-11,216.10023498535156,107094861
2020-11-12,209.27212524414062,58859905
2020-11-13,211.71731567382812,70676525
2020-11-14,211.90185546875,7753219
2020-11-17,221.6365203857422,80501583
2020-11-18,232.5245819091797,104514060
2020-11-19,221.22129821777344,82284278
2020-11-20,223.98944091796875,84411129
2020-11-23,220.25245666503906,57538324
2020-11-24,225.0044403076172,47636611
2020-11-25,224.2201385498047,74767232
2020-11-26,226.4807891845703,64248318
2020-11-27,225.37353515625,54355703
2020-12-01,228.87985229492188,37003272
2020-12-02,227.86488342285156,56723083
2020-12-03,236.49224853515625,79266442
2020-12-04,243.13583374023438,79252024
2020-12-07,248.764404296875,76053084
2020-12-08,250.88662719726562,65617502
2020-12-09,249.45643615722656,48495641
2020-12-10,248.71826171875,38676657
2020-12-11,251.39413452148438,50255223
2020-12-14,253.00894165039062,31946501
2020-12-15,249.73326110839844,34890948
2020-12-16,248.57984924316406,24844177
2020-12-17,247.01123046875,25904699
2020-12-18,250.47145080566406,29816205
2020-12-21,235.0159149169922,55160758
2020-12-22,237.55337524414062,51189571
2020-12-23,242.67446899414062,29056404
2020-12-24,246.22694396972656,28585509
2020-12-28,253.93162536621094,36870242
2020-12-29,256.4229431152344,45032526
2020-12-30,255.50021362304688,30971894
2020-12-31,253.70094299316406,29467966
2021-01-01,257.8070068359375,24531791
2021-01-04,259.3294982910156,31450608
2021-01-05,259.97540283203125,27393072
2021-01-06,263.0203552246094,40765708
2021-01-07,265.465576171875,30546600
2021-01-08,263.89697265625,32543357
2021-01-11,260.6674499511719,29703173
2021-01-12,269.89459228515625,44307145
2021-01-13,283.0894470214844,78042133
2021-01-14,283.5046691894531,40123498
2021-01-15,280.367431640625,35307601
2021-01-18,271.6939392089844,54969750
2021-01-19,275.5231628417969,35803901
2021-01-20,279.1679382324219,33759304
2021-01-21,272.06298828125,29995203
2021-01-22,261.77471923828125,44440810
2021-01-25,259.2372741699219,34034630
2021-01-27,254.3468017578125,39211107
2021-01-28,260.529052734375,48717297
2021-01-29,260.2983703613281,42300984
2021-02-01,286.6880798339844,103414068
2021-02-02,307.3569030761719,121434166
2021-02-03,309.98663330078125,66420168
2021-02-04,327.65667724609375,145203439
2021-02-05,362.7198791503906,214955688
2021-02-08,366.3646240234375,79389205
2021-02-09,364.2884826660156,63869990
2021-02-10,361.93560791015625,54163507
2021-02-11,359.99786376953125,36392708
2021-02-12,362.7660217285156,53589755
2021-02-15,375.49957275390625,56608937
2021-02-16,371.2550354003906,80365431
2021-02-17,379.9285888671875,74161370
2021-02-18,383.1119689941406,67154539
2021-02-19,368.67138671875,66155518
2021-02-22,359.3981018066406,52535049
2021-02-23,365.0267028808594,45462768
2021-02-24,374.8536071777344,39632090
2021-02-25,375.7763366699219,46988836
2021-02-26,359.99786376953125,64450414
2021-03-01,364.4269104003906,29677890
2021-03-02,363.7348937988281,30534337
2021-03-03,373.746337890625,46268223
2021-03-04,365.07281494140625,43603653
2021-03-05,354.000244140625,72179228
2021-03-08,359.4903869628906,39147858
2021-03-09,357.64495849609375,28054083
2021-03-10,357.7372131347656,22677399
2021-03-12,351.6473083496094,35336355
2021-03-15,354.23089599609375,42722585
2021-03-16,349.29437255859375,38196452
2021-03-17,339.6981506347656,33143064
2021-03-18,338.7292785644531,39405038
2021-03-19,342.4662170410156,60309145
2021-03-22,338.6369934082031,28461974
2021-03-23,343.8965148925781,41032380
2021-03-24,332.0395812988281,42318999
2021-03-25,327.7489318847656,57495003
2021-03-26,329.5943603515625,40718848
2021-03-30,332.9161376953125,39405124
2021-03-31,336.1456298828125,38651025
2021-04-01,342.0049133300781,31883453
2021-04-05,326.2264709472656,51743981
2021-04-06,323.45831298828125,44147709
2021-04-07,330.84002685546875,48023602
2021-04-08,328.1180419921875,33370259
2021-04-09,325.71893310546875,46473100
2021-04-12,303.43536376953125,75501713
2021-04-13,314.6463623046875,49773360
2021-04-15,316.2149963378906,52992349
2021-04-16,313.6313781738281,37766793
2021-04-19,305.55755615234375,53304377
2021-04-20,304.0351257324219,41296147
2021-04-22,310.6325378417969,49105833
2021-04-23,310.447998046875,44223940
2021-04-26,317.6912841796875,49234985
2021-04-27,325.76507568359375,46003023
2021-04-28,335.315185546875,56696255
2021-04-29,331.62432861328125,63692926
2021-04-30,326.1802978515625,53832840
2021-05-03,323.50445556640625,43691860
2021-05-04,324.33489990234375,57749307
2021-05-05,327.9334411621094,40872501
2021-05-06,328.0718688964844,36294427
2021-05-07,330.563232421875,38357618
2021-05-10,333.7466125488281,41739324
2021-05-11,336.4685974121094,41892770
2021-05-12,339.28289794921875,53436590
2021-05-14,332.5932312011719,51722170
2021-05-17,353.4927062988281,106555796
2021-05-18,352.70843505859375,70917710
2021-05-19,354.6922912597656,48189573
2021-05-20,354.8306579589844,42898608
2021-05-21,370.1939392089844,192810772
2021-05-24,380.2053527832031,142964052
2021-05-25,380.4822082519531,56048127
2021-05-26,381.58941650390625,52357719
2021-05-27,392.3390808105469,73392997
2021-05-28,389.4325256347656,65137568
2021-05-31,391.5548095703125,38291043
2021-06-01,399.12103271484375,59299647
2021-06-02,403.45782470703125,38657806
2021-06-03,409.4177551269531,38909199
2021-06-04,403.78375244140625,36898769
2021-06-07,402.5265808105469,20201197
2021-06-08,397.8238525390625,31113823
2021-06-09,392.46923828125,27784834
2021-06-10,402.5265808105469,27397712
2021-06-11,400.0588073730469,26831924
2021-06-14,400.75726318359375,30106015
2021-06-15,399.9656982421875,16413658
2021-06-16,396.6598205566406,19701175
2021-06-17,391.3517761230469,23048331
2021-06-18,384.5071716308594,45748727
2021-06-21,390.8861389160156,33128978
2021-06-22,389.8617858886719,28442965
2021-06-23,390.04803466796875,27564829
2021-06-24,388.5115051269531,19214547
2021-06-25,399.3138122558594,29886797
2021-06-28,397.4048156738281,29370660
2021-06-29,392.51580810546875,22275961
2021-06-30,390.37396240234375,18337773
2021-07-01,391.4914245605469,16161469
2021-07-02,395.21636962890625,16423811
2021-07-05,402.89910888671875,16483761
2021-07-06,400.1985168457031,20195278
2021-07-07,403.0853271484375,14473774
2021-07-08,395.2629699707031,21433043
2021-07-09,394.6111145019531,16844494
2021-07-12,398.05670166015625,12886781
2021-07-13,399.59320068359375,12831125
2021-07-14,401.4090881347656,12767351
2021-07-15,402.0144348144531,11030732
2021-07-16,400.4313049316406,8713863
2021-07-19,398.4757080078125,14426686
2021-07-20,391.9570617675781,14623321
2021-07-22,393.0279846191406,11799761
2021-07-23,399.406982421875,17704661
2021-07-26,394.1920166015625,14037519
2021-07-27,400.3847961425781,24119619
2021-07-28,396.2407531738281,17636515
2021-07-29,411.18707275390625,35263606
2021-07-30,402.1075134277344,35196813
2021-08-02,404.9943542480469,16926025
2021-08-03,415.79669189453125,40922962
2021-08-04,425.52813720703125,129761158
2021-08-05,411.46649169921875,58595639
2021-08-06,405.6927795410156,38236066
2021-08-09,403.5975036621094,22196404
2021-08-10,397.12542724609375,27794251
2021-08-11,398.6153869628906,23827946
2021-08-12,397.7773132324219,16847144
2021-08-13,401.548828125,20908992
2021-08-16,395.63543701171875,17608693
2021-08-17,392.51580810546875,22957877
2021-08-18,390.8395690917969,17668574
2021-08-20,378.7335205078125,25541790
2021-08-23,381.3409729003906,26559937
2021-08-24,388.8840026855469,19012313
2021-08-25,387.6268310546875,16410980
2021-08-26,382.5050354003906,15897679
2021-08-27,384.088134765625,15090541
2021-08-30,393.63330078125,20308691
2021-08-31,396.7529296875,26262421
2021-09-01,400.33819580078125,18776721
2021-09-02,400.1985168457031,14372717
2021-09-03,401.7350158691406,14233624
2021-09-06,401.4090881347656,10694099
2021-09-07,399.59320068359375,14928735
2021-09-08,401.6884765625,22817464
2021-09-09,402.57318115234375,9662128
2021-09-13,403.0853271484375,9567921
2021-09-14,403.2250061035156,9981562
2021-09-15,413.32891845703125,22181568
2021-09-16,431.81396484375,42637448
2021-09-17,422.87408447265625,41529478
2021-09-20,407.3690185546875,18376916
2021-09-21,408.62615966796875,17279588
2021-09-22,408.6727600097656,14321143
2021-09-23,418.8697814941406,20516770
2021-09-24,410.4421081542969,10731274
2021-09-27,415.88983154296875,11746892
2021-09-28,414.3067321777344,19241170
2021-09-29,428.368408203125,38635938
2021-09-30,421.8497314453125,26530369
2021-10-01,420.5925598144531,14777309
2021-10-04,431.3017883300781,16246765
2021-10-05,432.7452087402344,16487568
2021-10-06,425.7609558105469,19056690
2021-10-07,426.41278076171875,9984651
2021-10-08,426.50592041015625,16521128
2021-10-11,436.9823303222656,20686981
2021-10-12,449.7867736816406,33763609
2021-10-13,448.5762023925781,17638983
2021-10-14,456.8641662597656,23431826
2021-10-18,463.7087707519531,20084248
2021-10-19,454.62921142578125,20645100
2021-10-20,465.524658203125,34080545
2021-10-21,468.3649597167969,20808243
2021-10-22,468.3649597167969,24080485
2021-10-25,471.6708679199219,35619415
2021-10-26,477.3047790527344,21107457
2021-10-27,483.45098876953125,29463032
2021-10-28,466.8749694824219,28140401
2021-10-29,467.6199645996094,31355893
2021-11-01,480.2381896972656,20679604
2021-11-02,485.82562255859375,26797820
2021-11-03,491.36651611328125,80775924
2021-11-04,493.9739685058594,9796046
2021-11-08,487.2690734863281,36802110
2021-11-09,492.7633361816406,25451967
2021-11-10,488.3399963378906,15805538
2021-11-11,474.55767822265625,23086898
2021-11-12,476.1873474121094,19836221
2021-11-15,471.7173767089844,13328183
2021-11-16,461.0547790527344,19553216
2021-11-17,463.8949890136719,20488483
2021-11-18,469.156494140625,22471070
2021-11-22,452.9530029296875,28800269
2021-11-23,459.1457214355469,20000371
2021-11-24,459.23883056640625,13963769
2021-11-25,456.817626953125,12894211
2021-11-26,438.1463623046875,26305817
2021-11-29,433.11767578125,22407465
2021-11-30,428.88055419921875,23026652
2021-12-01,442.61627197265625,17156956
2021-12-02,444.19940185546875,12962679
2021-12-03,440.6141357421875,16653993
2021-12-06,433.30389404296875,14353300
2021-12-07,443.9200134277344,13644942
2021-12-08,457.7488708496094,20397660
2021-12-09,455.04827880859375,12560970
2021-12-10,460.6822509765625,13261408
2021-12-13,454.2567138671875,14047645
2021-12-14,454.95513916015625,11642447
2021-12-15,451.4629821777344,8639835
2021-12-16,448.06402587890625,11107781
2021-12-17,435.63201904296875,12648603
2021-12-20,418.3110656738281,22336114
2021-12-21,415.3310852050781,16617447
2021-12-22,424.5037841796875,13102553
2021-12-23,430.0445861816406,14471377
2021-12-24,425.52813720703125,13221159
2021-12-27,426.5524597167969,8856482
2021-12-28,429.4858703613281,8832210
2021-12-29,423.1534729003906,11757303
2021-12-30,420.63909912109375,28879190
2021-12-31,428.7874450683594,10005842
2022-01-03,438.42572021484375,13124509
2022-01-04,450.25244140625,23296671
2022-01-05,458.5403747558594,24694169
2022-01-06,457.8885498046875,18190843
2022-01-07,457.469482421875,22746330
2022-01-10,469.01678466796875,15832274
2022-01-11,471.15863037109375,16107950
2022-01-12,475.1629943847656,14489616
2022-01-13,476.1873474121094,10450974
2022-01-14,473.3935852050781,8724574
2022-01-17,478.65509033203125,17422211
2022-01-18,471.9501647949219,12592506
2022-01-19,480.3313293457031,16079457
2022-01-20,476.23388671875,17724642
2022-01-21,468.13214111328125,16947941
2022-01-24,460.17010498046875,20233933
2022-01-25,479.26043701171875,21791739
2022-01-27,492.5770568847656,35409230
2022-01-28,487.45526123046875,24715250
2022-01-31,501.2840881347656,28674232
2022-02-01,495.6966857910156,32245356
2022-02-02,502.68096923828125,21661864
2022-02-03,502.9603576660156,22717677
2022-02-04,493.834228515625,25332894
2022-02-07,496.5814208984375,52289545
2022-02-08,494.81201171875,26567546
2022-02-09,498.4438781738281,14856155
2022-02-10,503.3793640136719,18659370
2022-02-11,493.1823425292969,14607095
2022-02-14,466.9215393066406,26153332
2022-02-15,488.71240234375,23842951
2022-02-16,481.16943359375,19773807
2022-02-17,477.67730712890625,16408356
2022-02-18,479.8656921386719,15111223
2022-02-21,476.6529541015625,16866932
2022-02-22,464.1278381347656,27108772
2022-02-23,464.4072265625,13899433
2022-02-24,440.14849853515625,32356037
2022-02-25,449.7402648925781,21792287
2022-02-28,449.9730529785156,18069367
2022-03-02,441.63848876953125,22003848
2022-03-03,435.259521484375,20358590
2022-03-04,430.1842956542969,20684268
2022-03-07,410.0230407714844,33720472
2022-03-08,410.0230407714844,42510207
2022-03-09,420.63909912109375,32331325
2022-03-10,436.4701232910156,34553299
2022-03-11,438.0066833496094,22091309
2022-03-14,451.7889404296875,27750689
2022-03-15,452.4408264160156,27204899
2022-03-16,458.8663635253906,16211288
2022-03-17,467.38714599609375,22947673
2022-03-21,456.8641662597656,19064060
2022-03-22,459.75103759765625,26157969
2022-03-23,456.9107360839844,15800195
2022-03-24,453.6048889160156,18174877
2022-03-25,456.95733642578125,11541196
2022-03-28,463.2897033691406,16738684
2022-03-29,460.96160888671875,14301429
2022-03-30,460.30975341796875,16461225
2022-03-31,459.6113586425781,10240982
2022-04-01,473.2539367675781,18527226
2022-04-04,477.1651611328125,16257176
2022-04-05,474.37139892578125,13602384
2022-04-06,478.6085510253906,13738275
2022-04-07,479.539794921875,19620958
2022-04-08,480.61065673828125,13572638
2022-04-11,479.4931945800781,12370288
2022-04-12,477.5841369628906,14460680
2022-04-13,482.1006774902344,15440525
2022-04-18,474.4645690917969,14492183
2022-04-19,476.6063537597656,20362934
2022-04-20,474.2782897949219,11881305
2022-04-21,480.7969055175781,10035638
2022-04-22,466.1765441894531,16760456
2022-04-25,460.72882080078125,14057444
2022-04-26,470.7396240234375,12137213
2022-04-27,463.056884765625,12367342
2022-04-28,472.6020812988281,12154792
2022-04-29,462.1722106933594,12894773
2022-05-02,457.2366943359375,18590895
2022-05-04,446.6671447753906,14645323
2022-05-05,446.9930725097656,14130385
2022-05-06,450.6714782714844,16710020
2022-05-09,443.1750183105469,13544947
2022-05-10,442.523193359375,10884328
2022-05-11,443.7803039550781,14771351
2022-05-12,430.8361511230469,18947096
2022-05-13,414.07391357421875,61403008
2022-05-16,423.71221923828125,27940958
2022-05-17,435.1663513183594,16880698
2022-05-18,426.50592041015625,15644497
2022-05-19,416.7279357910156,14201420
2022-05-20,430.6033630371094,13596860
2022-05-23,429.2064514160156,13499415
2022-05-24,430.2774353027344,17175179
2022-05-25,429.4735107421875,12728644
2022-05-26,443.47088623046875,17055257
2022-05-27,443.5181884765625,10977001
2022-05-30,448.8617858886719,9365470
2022-05-31,442.71429443359375,15441579
2022-06-01,442.9034118652344,9424008
2022-06-02,444.3693542480469,9370989
2022-06-03,439.30950927734375,11306291
2022-06-06,438.5528869628906,10661432
2022-06-07,438.2691650390625,7672515
2022-06-08,445.74072265625,17168871
2022-06-09,441.62664794921875,12635601
2022-06-10,436.8032531738281,8621104
2022-06-13,421.6709289550781,13426836
2022-06-14,423.79888916015625,11351101
2022-06-15,426.8726501464844,9920926
2022-06-16,417.6513977050781,10780703
2022-06-17,417.0839538574219,14326050
2022-06-20,411.1256103515625,12368534
2022-06-21,426.3052062988281,13801891
2022-06-22,423.3733215332031,11066447
2022-06-23,426.9199523925781,12229833
2022-06-24,429.6153869628906,10833364
2022-06-27,436.1885070800781,9509175
2022-06-28,439.07305908203125,13261290
2022-06-29,434.2023620605469,11800876
2022-06-30,440.6335754394531,16926328
2022-07-01,441.53204345703125,9405495
2022-07-04,447.7741394042969,9186358
2022-07-05,446.5446472167969,12003244
2022-07-06,453.921630859375,12059857
2022-07-07,460.3528747558594,11497832
2022-07-08,462.05523681640625,9057231
2022-07-11,461.7242431640625,7704792
2022-07-12,458.6505126953125,7364457
2022-07-13,460.1164245605469,8208853
2022-07-14,453.35418701171875,9385630
2022-07-15,453.11773681640625,6945602
2022-07-18,463.7103271484375,9934786
2022-07-19,470.9454650878906,11724183
2022-07-20,481.0179138183594,19280117
2022-07-21,484.28082275390625,13814893
2022-07-22,485.84130859375,14699129
2022-07-25,489.7189636230469,10229778
2022-07-26,486.314208984375,8862656
2022-07-27,499.554931640625,15101546
2022-07-28,503.57452392578125,12160734
2022-07-29,499.6968078613281,11921058
2022-08-01,504.803955078125,8295631
2022-08-02,512.701171875,16845027
2022-08-03,511.5189208984375,24262125
2022-08-04,504.33111572265625,18072293
2022-08-05,502.2503662109375,21110734
2022-08-08,492.1780090332031,32566317
2022-08-10,486.7870788574219,16904151
2022-08-11,496.29205322265625,13862195
2022-08-12,501.9194030761719,12154012
2022-08-16,497.427001953125,10721167
2022-08-17,499.5076599121094,12054183
2022-08-18,503.4798889160156,9013662
2022-08-19,492.1306457519531,11087222
2022-08-22,483.57147216796875,9676954
2022-08-23,493.5966491699219,8597965
2022-08-24,491.1376037597656,11930650
2022-08-25,492.1780090332031,15473450
2022-08-26,495.3935546875,12855886
2022-08-29,486.9289245605469,9421339
2022-08-30,502.4395751953125,14835308
2022-09-01,504.37841796875,16670228
2022-09-02,507.5940246582031,10017930
2022-09-05,509.6747131347656,7819994
2022-09-06,508.6343078613281,8657868
2022-09-07,503.95281982421875,8445359
2022-09-08,515.1129150390625,12240707
2022-09-09,523.3410034179688,18587927
2022-09-12,524.8070068359375,9677415
2022-09-13,527.7388916015625,16707275
2022-09-14,540.7432250976562,21632641
2022-09-15,541.1215209960938,12749947
2022-09-16,531.332763671875,14739280
2022-09-19,541.2161254882812,11194003
2022-09-20,542.91845703125,8484017
2022-09-21,538.8043212890625,9392526
2022-09-22,536.5344848632812,11869435
2022-09-23,520.7401123046875,12563239
2022-09-26,513.8360595703125,16158750
2022-09-27,507.4048767089844,11066799
2022-09-28,496.3866271972656,12233485
2022-09-29,493.4547424316406,17310168
2022-09-30,501.82476806640625,17466950
2022-10-03,491.563232421875,9351162
2022-10-04,503.8109130859375,8745887
2022-10-06,508.1614685058594,9507322
2022-10-07,501.4465026855469,11065307
2022-10-10,501.9666748046875,9649292
2022-10-11,498.79833984375,10825440
2022-10-12,504.85125732421875,8522604
2022-10-13,493.1710510253906,12972765
2022-10-14,498.6092224121094,8545479
2022-10-17,514.1671142578125,13485349
2022-10-18,531.947509765625,20440781
2022-10-19,523.3883666992188,9540583
2022-10-20,525.2799072265625,11225588
2022-10-21,530.434326171875,11767639
2022-10-24,539.5609130859375,3692065
2022-10-25,547.1744384765625,19899324
2022-10-27,548.2147827148438,13613533
2022-10-28,539.7974243164062,10043644
2022-10-31,542.6820068359375,9894639
2022-11-01,545.6138916015625,12069579
2022-11-02,542.7293090820312,10241440
2022-11-03,553.1800537109375,17557998
2022-11-04,561.7392578125,25759031
2022-11-07,580.8438110351562,44265903
2022-11-09,582.1678466796875,18939854
2022-11-10,572.8993530273438,11618405
2022-11-11,568.690673828125,15525267
2022-11-14,560.4151611328125,12957268
2022-11-15,568.2650146484375,10286417
2022-11-16,567.2247314453125,11555749
2022-11-17,566.5626831054688,8167131
2022-11-18,570.0147705078125,12933675
2022-11-21,565.6641235351562,7412419
2022-11-22,566.6099853515625,8048595
2022-11-23,574.6962890625,12435924
2022-11-24,576.3040771484375,8960032
2022-11-25,574.4598999023438,9994513
2022-11-28,575.5947265625,7934274
2022-11-29,575.5474853515625,6942919
2022-11-30,569.7782592773438,15606230
2022-12-01,575.1218872070312,14209313
2022-12-02,574.6016845703125,7533838
2022-12-05,583.8229370117188,11585602
2022-12-06,575.92578125,12996244
2022-12-07,574.1288452148438,7613892
2022-12-08,578.4793701171875,10020015
2022-12-09,583.0663452148438,11202267
2022-12-12,579.803466796875,9285187
2022-12-13,583.302734375,7455415
2022-12-14,591.5781860351562,14010673
2022-12-15,582.546142578125,10622271
2022-12-16,570.6294555664062,9435071
2022-12-19,571.6697998046875,8322012
2022-12-20,571.6697998046875,6753785
2022-12-21,561.2191162109375,9217253
2022-12-22,561.2191162109375,8740149
2022-12-23,542.8712158203125,13047046
2022-12-26,564.7183837890625,13201587
2022-12-27,569.2581787109375,9638618
2022-12-28,568.4542236328125,7988631
2022-12-29,578.6212158203125,20130392
2022-12-30,580.418212890625,13052895
2023-01-02,578.99951171875,6726084
2023-01-03,579.1886596679688,6818062
2023-01-04,572.3790893554688,7011191
2023-01-05,572.2845458984375,8241475
2023-01-06,568.075927734375,7972036
2023-01-09,574.7435913085938,8878905
2023-01-10,562.8741455078125,10622660
2023-01-11,564.3401489257812,7419630
2023-01-12,562.6377563476562,8183715
2023-01-13,567.5557250976562,7877610
2023-01-16,570.2984619140625,5483191
2023-01-17,560.7935180664062,13461999
2023-01-18,559.3748168945312,11538075
2023-01-19,557.861572265625,7475688
2023-01-20,560.084228515625,6750607
2023-01-23,567.8867797851562,6604469
2023-01-24,562.1174926757812,7609623
2023-01-25,537.858642578125,25686294
2023-01-27,510.66778564453125,40163464
2023-01-30,509.0126647949219,40797825
2023-01-31,523.48291015625,21911943
2023-02-01,498.7510681152344,38218810
2023-02-02,499.46038818359375,39287056
2023-02-03,514.6873168945312,32317232
2023-02-06,515.8222045898438,25338586
2023-02-07,517.4299926757812,16195947
2023-02-08,519.9362182617188,15502847
2023-02-09,520.9293212890625,15061047
2023-02-10,523.0573120117188,13824475
2023-02-13,508.3506164550781,18488732
2023-02-14,511.5189208984375,18559909
2023-02-15,512.843017578125,12796579
2023-02-16,510.80963134765625,12767016
2023-02-17,502.2030944824219,14192008
2023-02-20,496.6703796386719,12570032
2023-02-21,495.06256103515625,10223218
2023-02-22,488.34759521484375,14763050
2023-02-23,492.74542236328125,15535085
2023-02-24,492.792724609375,12253035
2023-02-27,499.0821228027344,11048799
2023-02-28,494.44781494140625,15768010
2023-03-01,507.5940246582031,13510198
2023-03-02,504.803955078125,10376913
2023-03-03,530.765380859375,27656538
2023-03-06,531.2382202148438,16162268
2023-03-08,534.170166015625,12637578
2023-03-09,528.590087890625,8993423
2023-03-10,517.6663818359375,11522371
2023-03-13,501.2573547363281,14373729
2023-03-14,496.9068298339844,14750800
2023-03-15,489.4825134277344,11282329
2023-03-16,496.0556335449219,20040008
2023-03-17,501.06817626953125,18787379
2023-03-20,491.0430603027344,14275315
2023-03-21,493.54931640625,29485180
2023-03-22,493.26556396484375,11619538
2023-03-23,484.9428405761719,22097792
2023-03-24,477.94415283203125,14416984
2023-03-27,482.48382568359375,15674218
2023-03-28,480.5450134277344,15833599
2023-03-29,488.4894714355469,24203789
2023-03-31,495.3463134765625,17356345
2023-04-03,498.18359375,14210949
2023-04-05,494.636962890625,13574801
2023-04-06,499.0348205566406,25125879
2023-04-10,497.75799560546875,17335453
2023-04-11,503.2434387207031,26414406
2023-04-12,499.554931640625,21292441
2023-04-13,504.04736328125,28597560
2023-04-17,514.4981079101562,32476990
2023-04-18,516.2477416992188,22283456
2023-04-19,510.998779296875,21156372
2023-04-20,515.2547607421875,25588577
2023-04-21,513.6942138671875,22599418
2023-04-24,524.523193359375,23335611
2023-04-25,531.332763671875,38142390
2023-04-26,535.6360473632812,23143882
2023-04-27,534.1228637695312,17845169
2023-04-28,546.9379272460938,16183423
2023-05-02,544.1006469726562,13667511
2023-05-03,539.5609130859375,9699527
2023-05-04,548.5457763671875,12533761
2023-05-05,545.2355346679688,18163461
2023-05-08,551.9505004882812,12990869
2023-05-09,542.3983154296875,18959065
2023-05-10,541.1688232421875,18561315
2023-05-11,542.3510131835938,16016715
2023-05-12,546.7960815429688,11319335
2023-05-15,550.3427734375,11410243
2023-05-16,554.504150390625,22178229
2023-05-17,554.504150390625,23739774
2023-05-18,543.0603637695312,45656620
2023-05-19,543.9588623046875,42293962
2023-05-22,545.850341796875,21484049
2023-05-23,550.0589599609375,16120548
2023-05-24,551.099365234375,17616658
2023-05-25,549.7279663085938,16479436
2023-05-26,554.2203979492188,9788076
2023-05-29,562.7322998046875,18432231
2023-05-30,560.651611328125,15031640
2023-05-31,559.060791015625,28797643
2023-06-01,561.8568115234375,17820226
2023-06-02,566.1472778320312,11323908
2023-06-05,566.1472778320312,12920507
2023-06-06,564.3635864257812,11199940
2023-06-07,568.0755615234375,11113781
2023-06-08,567.400634765625,15971917
2023-06-09,557.9520263671875,18870272
2023-06-12,557.9038696289062,8786066
2023-06-13,555.7344970703125,12612098
2023-06-14,555.8790893554688,8948696
2023-06-15,546.1893920898438,17934877
2023-06-16,550.7691040039062,12660226
2023-06-19,548.4551391601562,17903691
2023-06-20,547.0571899414062,14549152
2023-06-21,546.0447998046875,14946871
2023-06-22,542.7667236328125,14979063
2023-06-23,534.716064453125,12215712
2023-06-26,537.0782470703125,8360264
2023-06-27,545.8037109375,10694768
2023-06-28,549.37109375,18028934
2023-06-30,552.3117065429688,8718232
2023-07-03,564.4600219726562,15421985
2023-07-04,568.123779296875,24799250
2023-07-05,569.4253540039062,13598114
2023-07-06,571.2572631835938,11323509
2023-07-07,572.3177490234375,11707209
2023-07-10,571.3536376953125,11417363
2023-07-11,567.4488525390625,13221177
2023-07-12,568.123779296875,16029716
2023-07-13,564.65283203125,20024503
2023-07-14,563.4476318359375,12190152
2023-07-17,579.5489501953125,19378986
2023-07-18,571.1126098632812,25757209
2023-07-19,579.8864135742188,17556585
2023-07-20,588.1780395507812,34038351
2023-07-21,593.0469360351562,21040281
2023-07-24,595.5055541992188,11756364
2023-07-25,587.744140625,18503305
2023-07-26,593.09521484375,9999125
2023-07-27,594.4450073242188,17444742
2023-07-28,593.962890625,11930586
2023-07-31,597.9641723632812,8605483
2023-08-01,589.9135131835938,13493453
2023-08-02,576.993896484375,14977497
2023-08-03,569.3289184570312,27774877
2023-08-04,552.74560546875,52725616
2023-08-07,547.5392456054688,32736325
2023-08-08,552.5527954101562,25038671
2023-08-09,553.1795043945312,15769111
2023-08-10,553.0830688476562,27325801
2023-08-11,553.565185546875,18221179
2023-08-14,540.6937866210938,28084093
2023-08-16,545.0806274414062,15725767
2023-08-17,551.6368408203125,27910162
2023-08-18,552.408203125,18253227
2023-08-21,551.2030029296875,9380810
2023-08-22,548.11767578125,14073413
2023-08-23,556.216552734375,18579297
2023-08-24,556.2647705078125,24131644
2023-08-25,549.5157470703125,12271885
2023-08-28,552.3117065429688,9711932
2023-08-29,554.239990234375,13144855
2023-08-30,547.0571899414062,15281416
2023-08-31,541.2239990234375,27898476
2023-09-01,549.1300659179688,18121168
2023-09-04,554.9149780273438,12108655
2023-09-05,552.4563598632812,14444729
2023-09-06,550.0460205078125,20609936
2023-09-07,558.2894897460938,12390597
2023-09-08,562.53173828125,14032068
2023-09-11,570.4859619140625,10946134
2023-09-12,567.2560424804688,16093060
2023-09-13,575.0656127929688,19377172
2023-09-14,575.8851318359375,13178911
2023-09-15,577.3313598632812,11756389
2023-09-18,582.2967529296875,19305055
2023-09-20,579.5489501953125,21314600
2023-09-21,567.063232421875,23453425
2023-09-22,576.7047119140625,18784139
2023-09-25,572.7516479492188,9712784
2023-09-26,573.089111328125,8327427
2023-09-27,568.6058349609375,9865347
2023-09-28,568.7987060546875,21960816
2023-09-29,577.09033203125,12189735
2023-10-03,581.3325805664062,15322196
2023-10-04,565.2313232421875,24914612
2023-10-05,570.9197998046875,13248028
2023-10-06,572.9445190429688,8216780
2023-10-09,564.12255859375,9189597
2023-10-10,570.437744140625,10373508
2023-10-11,567.2560424804688,14220119
2023-10-12,565.0384521484375,11983797
2023-10-13,555.4934692382812,19064577
2023-10-16,555.0113525390625,11290293
2023-10-17,555.7826538085938,10765224
2023-10-18,552.1189575195312,11777454
2023-10-19,550.720947265625,11441499
2023-10-20,542.9113159179688,11110988
2023-10-23,533.125244140625,11875035
2023-10-25,536.2587280273438,12134624
2023-10-26,527.3885498046875,19424825
2023-10-27,541.03125,10415296
2023-10-30,544.9360961914062,8593704
2023-10-31,545.2734985351562,13039696
2023-11-01,546.0930786132812,13575575
2023-11-02,551.588623046875,11148516
2023-11-03,557.4217529296875,11371371
2023-11-06,553.7579956054688,16499138
2023-11-07,558.96435546875,17923281
2023-11-08,559.49462890625,15434808
2023-11-09,557.6145629882812,12434363
2023-11-10,558.7233276367188,6773038
2023-11-13,560.5069580078125,11282362
2023-11-15,563.7369384765625,11397676
2023-11-16,563.688720703125,8622660
2023-11-17,542.8630981445312,37173221
2023-11-20,543.5380249023438,12714585
2023-11-21,541.3687133789062,14280013
2023-11-22,538.9100952148438,14909071
2023-11-23,539.874267578125,6376210
2023-11-24,540.2598876953125,6529851
2023-11-28,544.212890625,8153314
2023-11-29,548.214111328125,10299034
2023-11-30,544.502197265625,19758998
2023-12-01,551.2511596679688,10614230
2023-12-04,573.37841796875,26077882
2023-12-05,586.4425659179688,36430152
2023-12-06,586.6353759765625,21439069
2023-12-07,589.7689208984375,10725706
2023-12-08,592.131103515625,17722136
2023-12-11,592.2274780273438,11706255
2023-12-12,590.4437866210938,14494836
2023-12-13,597.626708984375,13977914
2023-12-14,601.2904663085938,15813797
2023-12-15,625.0084228515625,29813572
2023-12-18,625.24951171875,16221796
2023-12-19,631.902099609375,19964008
2023-12-20,613.6315307617188,22542056
2023-12-21,620.6697998046875,19915516
2023-12-22,613.9207763671875,14998068
2023-12-26,615.1741333007812,10153089
2023-12-27,625.2977294921875,14417646
2023-12-28,628.0455322265625,16982092
2023-12-29,619.03076171875,13221898
2024-01-01,618.3558349609375,8295548
2024-01-02,616.52392578125,15164482
2024-01-03,620.3805541992188,14571772
2024-01-04,619.7056274414062,13883388
2024-01-05,618.934326171875,15984585
2024-01-08,604.5203247070312,14739531
2024-01-09,602.9777221679688,13400235
2024-01-10,599.4585571289062,12742464
2024-01-11,597.9641723632812,15533860
2024-01-12,610.8836669921875,16620797
2024-01-15,617.150634765625,16844018
2024-01-16,614.0654296875,15025543
2024-01-17,603.55615234375,30016308
2024-01-18,605.773681640625,14695436
2024-01-19,605.2434692382812,11675202
2024-01-23,583.405517578125,30954343
2024-01-24,596.1322021484375,19221835
2024-01-25,590.7811889648438,22684904
2024-01-29,600.6155395507812,19572140
2024-01-30,604.279296875,16966577
2024-01-31,617.5363159179688,23270745
2024-02-01,624.4299926757812,26587707
2024-02-02,626.3582763671875,27471811
2024-02-05,619.8984985351562,28339525
2024-02-06,626.9367065429688,14079390
2024-02-07,651.0404663085938,41696232
2024-02-08,674.46923828125,74222434
2024-02-09,699.247802734375,43235061
2024-02-12,682.5198974609375,22873137
2024-02-13,687.8709106445312,23351472
2024-02-14,716.7471313476562,36782182
2024-02-15,734.3909912109375,33941282
2024-02-16,727.6419067382812,27365121
2024-02-19,732.02880859375,13979584
2024-02-20,732.8483276367188,12528399
2024-02-21,743.839599609375,21465311
2024-02-22,738.4403686523438,18799244
2024-02-23,731.8359375,14143636
2024-02-26,731.69140625,11355186
2024-02-27,722.9658203125,13969393
2024-02-28,715.8793334960938,11263318
2024-02-29,721.278564453125,19217113
2024-03-01,741.5738525390625,17348526
2024-03-04,744.369873046875,9789141
2024-03-05,755.84326171875,18088847
2024-03-06,755.7950439453125,26710525
2024-03-07,759.7962646484375,15497868
2024-03-11,745.9607543945312,16778340
2024-03-12,732.4627075195312,21529705
2024-03-13,720.4590454101562,27950252
2024-03-14,714.4813232421875,19730882
2024-03-15,705.659423828125,29792241
2024-03-18,704.7434692382812,18145126
2024-03-19,697.8497924804688,15205043
2024-03-20,709.8534545898438,25405455
2024-03-21,717.61474609375,15161161
2024-03-22,719.9287719726562,15535921
2024-03-26,713.5171508789062,14678342
2024-03-27,707.0091552734375,30088789
2024-03-28,725.3761596679688,21705116
2024-04-01,731.1128540039062,9949971
2024-04-02,738.9224853515625,15713063
2024-04-03,743.4057006835938,19136981
2024-04-04,732.0770263671875,15889530
2024-04-05,737.3316040039062,9939620
2024-04-08,740.7543334960938,9797174
2024-04-09,736.8013916015625,7465892
2024-04-10,751.118896484375,14530669
2024-04-12,738.8259887695312,14408722
2024-04-15,730.341552734375,11356572
2024-04-16,724.74951171875,13338991
2024-04-18,718.0968627929688,14589648
2024-04-19,723.5443115234375,10886554
2024-04-22,738.6331787109375,17452186
2024-04-23,745.2858276367188,12292429
2024-04-24,745.3822021484375,7842615
2024-04-25,783.5625,36732974
2024-04-26,772.5711669921875,14964358
2024-04-29,796.86767578125,27302732
2024-04-30,796.6266479492188,27449073
2024-05-02,800.2904052734375,19943724
2024-05-03,801.6402587890625,22667634
2024-05-06,778.838134765625,35283557
2024-05-07,773.1497192382812,16725013
2024-05-08,781.7305908203125,27908322
2024-05-09,790.4078979492188,49290254
2024-05-10,788.0457153320312,20543142
2024-05-13,779.8023071289062,15398505
2024-05-14,788.8652954101562,10912462
2024-05-15,790.8900146484375,9755062
2024-05-16,782.8394165039062,20536990
2024-05-17,788.52783203125,12492509
2024-05-21,800.8689575195312,14037801
2024-05-22,802.6334838867188,19239277
2024-05-23,815.7206420898438,17497488
2024-05-24,812.28955078125,12252075
2024-05-27,817.2891845703125,12295193
2024-05-28,814.7894287109375,13818893
2024-05-29,806.4567260742188,14518232
2024-05-30,809.5936889648438,17818705
2024-05-31,814.005126953125,22267336
2024-06-03,887.8229370117188,64269020
2024-06-04,759.9407348632812,122381193
2024-06-05,774.2042846679688,74256082
2024-06-06,800.868896484375,40555649
2024-06-07,813.613037109375,25061284
2024-06-10,815.4265747070312,16725508
2024-06-11,819.102783203125,14754408
2024-06-12,822.5828857421875,15071442
2024-06-13,827.2884521484375,12523972
2024-06-14,822.680908203125,12903496
2024-06-18,828.2687377929688,14929083
2024-06-19,835.817138671875,32925140
2024-06-20,827.141357421875,13985352
2024-06-21,819.8380126953125,18990090
2024-06-24,816.3088989257812,12715254
2024-06-25,825.6708984375,20917530
2024-06-26,828.7098388671875,16281760
2024-06-27,827.3864135742188,20378887
2024-06-28,832.239013671875,23636388
2024-07-01,825.3768310546875,10967797
2024-07-02,809.8878173828125,21142840
2024-07-03,823.4161987304688,23598009
2024-07-04,822.7789306640625,13372587
2024-07-05,842.826416015625,24873722
2024-07-08,839.3953247070312,10359800
2024-07-09,844.3458862304688,13585081
2024-07-10,832.2880249023438,17343236
2024-07-11,839.8364868164062,8501366
2024-07-12,842.7774047851562,11446064
2024-07-15,864.001220703125,25392820
2024-07-16,863.364013671875,11893692
2024-07-18,875.9610595703125,19435183
2024-07-19,871.84375,14562742
2024-07-22,859.540771484375,14614111
2024-07-23,846.8947143554688,18279212
2024-07-24,835.2289428710938,19624845
2024-07-25,831.7978515625,9522375
2024-07-26,845.4732666015625,12081506
2024-07-29,854.443115234375,26582781
2024-07-30,855.6195068359375,13528447
2024-07-31,855.2274169921875,11636874
2024-08-01,845.6693725585938,11787203
2024-08-02,831.16064453125,12609331
2024-08-05,795.6732788085938,27676951
2024-08-06,781.9978637695312,17900930
2024-08-07,792.7322998046875,17692355
2024-08-08,792.1441040039062,14769069
2024-08-09,808.07421875,15320885
2024-08-12,796.6044921875,16120449
2024-08-13,781.8507690429688,17585172
2024-08-14,787.1934814453125,11788665
2024-08-16,796.1143188476562,11427335
2024-08-19,797.682861328125,10151482
2024-08-20,804.1529541015625,10347493
2024-08-21,799.4964599609375,14607257
2024-08-22,804.1529541015625,7832917
2024-08-23,799.3003540039062,5537747
2024-08-26,799.0062866210938,8523795
2024-08-27,799.839599609375,12833290
2024-08-28,793.467529296875,10371300
2024-08-29,798.4671020507812,18247268
2024-08-30,799.5454711914062,8911426
2024-09-02,805.966552734375,11813750
2024-09-03,808.5643920898438,10548350
2024-09-04,800.427734375,10789570
2024-09-05,802.6334838867188,8395074
2024-09-06,767.0970458984375,40220096
2024-09-09,768.8125610351562,21322103
2024-09-10,767.2440795898438,12824701
2024-09-11,753.4706420898438,20060665
2024-09-12,772.24365234375,17578964
2024-09-13,775.2826538085938,12950936
2024-09-16,770.0869750976562,9553736
2024-09-17,767.4891967773438,10665630
2024-09-18,777.145263671875,18324412
2024-09-19,774.400390625,10645478
2024-09-20,766.3128051757812,21372244
2024-09-23,786.0661010742188,17309545
2024-09-24,782.5369873046875,15180653
2024-09-25,777.4883422851562,18465571
2024-09-26,786.0661010742188,23198842
2024-09-27,786.8504028320312,15193681
2024-09-30,772.3907470703125,15484573
2024-10-01,781.2625732421875,13280535
2024-10-03,778.4686889648438,15944135
2024-10-04,780.968505859375,20097454
2024-10-07,755.4802856445312,24267990
2024-10-08,766.0676879882812,8560960
2024-10-09,781.7037353515625,18758697
2024-10-10,781.4096069335938,10241015
2024-10-11,784.0074462890625,14322720
2024-10-14,789.3012084960938,8967564
2024-10-15,788.81103515625,6252104
2024-10-16,789.5952758789062,6494240
2024-10-17,795.0850219726562,18580553
2024-10-18,804.2510375976562,11704698
2024-10-21,797.927978515625,10359618
2024-10-22,774.841552734375,16645356
2024-10-23,770.5281372070312,13866198
2024-10-24,778.9097900390625,5607500
2024-10-25,765.5775756835938,9717125
2024-10-28,776.4590454101562,13757251
2024-10-29,816.3088989257812,28274791
2024-10-30,806.2606201171875,15977682
2024-10-31,804.054931640625,13402324
2024-11-01,805.0352783203125,1637141
2024-11-04,813.5149536132812,14498161
2024-11-05,832.4840698242188,26254561
2024-11-06,837.9738159179688,15002433
2024-11-07,842.6793212890625,15283847
2024-11-08,826.55322265625,26139105
2024-11-11,830.964599609375,12621337
2024-11-12,810.427001953125,11350729
2024-11-13,792.7322998046875,13756706
2024-11-14,788.4188842773438,9461484
2024-11-18,798.2710571289062,9322451
2024-11-19,787.1934814453125,13677029
2024-11-21,765.3814697265625,29486577
2024-11-22,799.9866333007812,20665405
2024-11-25,827.8275756835938,23434605
2024-11-26,822.8770141601562,8893744
2024-11-27,817.6812744140625,8375108
2024-11-28,822.3377685546875,13505677
2024-11-29,822.4358520507812,10822949
2024-12-02,819.93603515625,6651119
2024-12-03,837.1405639648438,12186182
2024-12-04,842.7774047851562,10749716
2024-12-05,848.4142456054688,14716036
2024-12-06,846.649658203125,14520568
2024-12-09,841.1598510742188,9630346
2024-12-10,850.423828125,7379849
2024-12-11,844.6399536132812,7006973
2024-12-12,836.8955078125,8845103
2024-12-13,844.5909423828125,9379370
2024-12-16,844.0028076171875,6432713
2024-12-17,833.8074951171875,8791216
2024-12-18,821.651611328125,8295338
2024-12-19,816.4068603515625,9453398
2024-12-20,796.016357421875,10244198
2024-12-23,804.9862670898438,4933200
2024-12-24,796.0653686523438,10602771
2024-12-26,796.45751953125,8318714
2024-12-27,783.9094848632812,10649800
2024-12-30,772.7828369140625,21515438
2024-12-31,779.3019409179688,9086044
2025-01-01,777.58642578125,7273098
2025-01-02,785.428955078125,11398319
2025-01-03,777.782470703125,13336514
2025-01-06,761.1171264648438,11419367
2025-01-07,763.4208374023438,9669152
2025-01-08,755.970458984375,15641490
2025-01-09,745.4810791015625,15351029
2025-01-10,728.61962890625,11779296
2025-01-13,715.1403198242188,10414733
2025-01-14,733.4232177734375,11960975
2025-01-15,738.8639526367188,7792299
2025-01-16,751.2158813476562,11816079
2025-01-17,749.0592041015625,5766573
2025-01-20,763.9110107421875,9198929
2025-01-21,744.1085815429688,13751780
2025-01-22,738.6188354492188,9908339
2025-01-23,731.2174682617188,10986405
2025-01-24,729.501953125,10579213
2025-01-27,734.4525146484375,11433353
2025-01-28,737.5895385742188,14140860
2025-01-29,743.5204467773438,9251973
2025-01-30,747.5887451171875,11085824
2025-01-31,757.68603515625,10083763
2025-02-01,750.9218139648438,9363077
2025-02-03,745.9712524414062,7862190
2025-02-04,763.8619995117188,12020807
2025-02-05,750.9708251953125,13419162
2025-02-06,737.4424438476562,32745391
2025-02-07,722.688720703125,37240692
2025-02-10,722.2965698242188,12667049
2025-02-11,716.7088012695312,13017060
2025-02-12,718.7184448242188,12697743
2025-02-13,713.3267211914062,12370571
2025-02-14,707.9349975585938,10417539
2025-02-17,713.375732421875,9093600
2025-02-18,711.5131225585938,8562003
2025-02-19,712.9835815429688,6766606
2025-02-20,715.3363647460938,7423268
2025-02-21,707.7879028320312,6571602
2025-02-24,702.2981567382812,6912148
2025-02-25,696.9064331054688,8599635
2025-02-27,690.0442504882812,12033139
2025-02-28,675.241455078125,15780609
2025-03-03,681.6134643554688,10598479
2025-03-04,701.9550170898438,14386214
2025-03-05,715.9735107421875,10409805
2025-03-06,717.6400756835938,10928847
2025-03-07,718.3262939453125,7246729
2025-03-10,714.5521240234375,7400109
2025-03-11,715.4833984375,5538789
2025-03-12,708.8172607421875,5547762
2025-03-13,713.5227661132812,5908337
2025-03-17,708.915283203125,5149563
2025-03-18,708.915283203125,0
2025-03-19,730.4331665039062,7604850
2025-03-20,734.7955932617188,6963197
2025-03-21,738.373779296875,9577327
2025-03-24,765.4304809570312,12095064
2025-03-25,757.636962890625,15190143
2025-03-26,748.961181640625,7711852
2025-03-27,757.0977783203125,15648616
2025-03-28,756.3135375976562,7628185
2025-04-01,756.5096435546875,7011125
2025-04-02,760.6759643554688,5458436
2025-04-03,763.8619995117188,7956680
2025-04-04,752.34326171875,8231194
2025-04-07,732.1978149414062,14923235
2025-04-08,753.4706420898438,12911288
2025-04-09,727.59033203125,11319387
2025-04-11,739.0109252929688,9360327
2025-04-15,748.4710083007812,7859090
2025-04-16,756.5586547851562,12536694
2025-04-17,781.7527465820312,27034818
2025-04-21,800.6238403320312,16398507
2025-04-22,806.211669921875,25117557
2025-04-23,797.4378051757812,12104382
2025-04-24,797.3887939453125,12713521
2025-04-25,782.9291381835938,13131038
2025-04-28,801.260986328125,11317611
2025-04-29,796.5554809570312,11283059
2025-04-30,773.1259765625,25635764
2025-05-02,781.0175170898438,14720184
2025-05-05,774.4494018554688,23986447
2025-05-06,758.8623657226562,18869468
2025-05-07,760.822998046875,15586266
2025-05-08,753.8627319335938,14491673
2025-05-09,763.9110107421875,13578216
2025-05-12,785.8701171875,15096824
2025-05-13,785.9680786132812,13909596
2025-05-14,784.9387817382812,9281719
2025-05-15,791.8499755859375,17058854
2025-05-16,792.0999755859375,14733924
2025-05-19,795.0,10666184
2025-05-20,785.6500244140625,11324667
2025-05-21,787.0999755859375,8206040
2025-05-22,785.25,7355826
2025-05-23,790.5,5534158
2025-05-26,794.4000244140625,4965466
2025-05-27,793.7000122070312,11995043
2025-05-28,796.5499877929688,6873519
2025-05-29,797.3499755859375,14034127
2025-05-30,812.2999877929688,22037314
2025-06-02,813.6500244140625,26891575
2025-06-03,809.7999877929688,14247597
2025-06-04,806.5,9607927
2025-06-05,806.0,13595507
2025-06-06,813.0499877929688,17163935
2025-06-09,820.0499877929688,12793040
2025-06-10,817.0499877929688,6560513
2025-06-11,815.0499877929688,7197825
2025-06-12,805.9500122070312,13448521
2025-06-13,792.3499755859375,11377117
2025-06-16,792.5,8085001
2025-06-17,792.2999877929688,7753156
2025-06-18,791.9000244140625,5710169
2025-06-19,785.0999755859375,11824333
2025-06-20,796.1500244140625,11367669
2025-06-23,790.2000122070312,5549253
2025-06-24,795.4000244140625,11402190
2025-06-25,800.0499877929688,6528324
2025-06-26,797.0499877929688,24704402
2025-06-27,805.4000244140625,19375990
2025-06-30,820.3499755859375,19652607
2025-07-01,820.2999877929688,11456405
2025-07-02,812.9000244140625,6661200
2025-07-03,807.0999755859375,7020403
2025-07-04,811.8499755859375,4319538
2025-07-07,806.8499755859375,4461783
2025-07-08,812.6500244140625,5935770
2025-07-09,810.9500122070312,4099112
2025-07-10,808.0,12178137
2025-07-11,808.6500244140625,6202372
2025-07-14,808.8499755859375,6938635
2025-07-15,816.4500122070312,9297645
2025-07-16,831.7000122070312,16458920
2025-07-17,829.0,23073718
2025-07-18,823.3499755859375,15387801
2025-07-21,824.2000122070312,8852594
2025-07-22,815.0,7851163
2025-07-23,820.6500244140625,15470390
2025-07-24,815.7000122070312,10118309
2025-07-25,806.5499877929688,6734439
2025-07-28,797.1500244140625,7734158
2025-07-29,799.2000122070312,7833759
2025-07-30,801.6500244140625,8743723
2025-07-31,796.5499877929688,11359112
2025-08-01,794.0,15468391
2025-08-04,795.7000122070312,8820724
2025-08-05,800.5999755859375,7381537
2025-08-06,805.1500244140625,7409396
2025-08-07,805.1500244140625,7091392
2025-08-08,804.2999877929688,15708181
2025-08-11,823.4500122070312,15236297
2025-08-12,820.5999755859375,7986728
2025-08-13,821.8499755859375,4447508
2025-08-14,826.5499877929688,7087573
2025-08-18,827.6500244140625,6138124
2025-08-19,830.4000244140625,5076681
2025-08-20,828.9500122070312,4493888
2025-08-21,825.7000122070312,4402511
2025-08-22,816.25,5097647
2025-08-25,816.4500122070312,5672898
2025-08-26,807.8499755859375,6997817
2025-08-28,801.9500122070312,7898436
2025-08-29,802.5,6861440
2025-09-01,806.0499877929688,5619805
2025-09-02,803.9000244140625,5075460
2025-09-03,812.1500244140625,4261589
2025-09-04,809.4000244140625,4471950
2025-09-05,806.5999755859375,5194842
2025-09-08,808.7999877929688,4614227
2025-09-09,808.8499755859375,4567272
2025-09-10,818.2000122070312,7285853
2025-09-11,823.6500244140625,7425055
2025-09-12,823.5499877929688,5078018
2025-09-15,824.75,3852494
2025-09-16,831.5499877929688,9467531
2025-09-17,857.1500244140625,17243938
2025-09-18,854.3499755859375,10400847
2025-09-19,862.3499755859375,15206426
2025-09-22,855.25,6594034
2025-09-23,870.5999755859375,14357863
2025-09-24,866.2000122070312,12840160
2025-09-25,861.1500244140625,8678821
2025-09-26,856.9500122070312,6959545
2025-09-29,870.75,22641712
2025-09-30,872.4500122070312,12831593
2025-10-01,864.0999755859375,10832384
2025-10-03,867.2999877929688,8019442
2025-10-06,874.0499877929688,7820352
2025-10-07,864.7000122070312,9242580
2025-10-08,858.25,7156112
2025-10-09,862.0999755859375,7020501
2025-10-10,880.6500244140625,13713015
2025-10-13,882.9500122070312,11923143
2025-10-14,876.9500122070312,7681973
2025-10-15,886.0999755859375,8269225
2025-10-16,886.9500122070312,8493686
2025-10-17,889.1500244140625,8511854
2025-10-20,907.5,13546463
2025-10-21,907.8499755859375,1783576
2025-10-23,911.5499877929688,13382769
2025-10-24,904.5,5313227
2025-10-27,922.75,9150761
2025-10-28,930.25,22066289
2025-10-29,939.75,12314222
2025-10-30,934.3499755859375,13044473
2025-10-31,937.0,12078252
2025-11-03,949.7000122070312,11744735
2025-11-04,957.5999755859375,19154518
2025-11-06,960.75,23088096
2025-11-07,955.8499755859375,13371323
2025-11-10,951.1500244140625,7343249
2025-11-11,953.2999877929688,8648917
2025-11-12,957.1500244140625,7043323
2025-11-13,954.0,8894441
2025-11-14,967.8499755859375,11032927
2025-11-17,973.3499755859375,7415026
2025-11-18,972.4500122070312,6594686
2025-11-19,982.75,8291226
2025-11-20,981.5499877929688,6440857
2025-11-21,972.5999755859375,5377241
2025-11-24,970.5999755859375,9901946
2025-11-25,983.5999755859375,9140201
2025-11-26,983.9000244140625,13943490
2025-11-27,972.8499755859375,11909168
2025-11-28,979.0,8117842
2025-12-01,973.0999755859375,8808306
2025-12-02,967.2999877929688,13444314
2025-12-03,951.0499877929688,14051968
2025-12-04,948.0999755859375,13622724
2025-12-05,971.5,17347847
2025-12-08,956.4000244140625,15386438
2025-12-09,959.3499755859375,9580294
2025-12-10,959.75,6989178
2025-12-11,963.25,5979035
2025-12-12,963.1500244140625,5681930
2025-12-15,967.25,4416952
2025-12-16,961.1500244140625,4764786
2025-12-17,975.8499755859375,8013382
2025-12-18,977.5499877929688,4926879
2025-12-19,980.2999877929688,5376584
2025-12-22,974.2999877929688,5959037
2025-12-23,971.9000244140625,5123287
2025-12-24,968.9500122070312,4105643
2025-12-26,966.2999877929688,3286321
2025-12-29,965.0499877929688,5267233
2025-12-30,973.4500122070312,15030644
2025-12-31,982.2000122070312,5807630
2026-01-01,984.75,4328348
2026-01-02,998.9500122070312,7357435
2026-01-05,1005.5499877929688,11259060
2026-01-06,1018.9000244140625,9575742
2026-01-07,1007.1500244140625,7896720
2026-01-08,998.0,6854268
2026-01-09,1000.5,7809460
2026-01-12,1015.1500244140625,7617922
2026-01-13,1028.449951171875,11016895
2026-01-14,1028.3499755859375,7370514
2026-01-15,1028.3499755859375,0
2026-01-16,1042.300048828125,11051580
2026-01-19,1038.4000244140625,5460164
2026-01-20,1036.4000244140625,8905718
2026-01-21,1028.6500244140625,7408949
2026-01-22,1048.3499755859375,12001641
2026-01-23,1029.5,10917698
2026-01-27,1053.1500244140625,14420630
2026-01-28,1063.5,12171257
2026-01-29,1066.199951171875,14800724
2026-01-30,1077.1500244140625,9480769
2026-02-02,1028.699951171875,14434549
2026-02-03,1064.199951171875,16129381
2026-02-04,1068.199951171875,7312276
2026-02-05,1073.5,9551567
2026-02-06,1066.4000244140625,7041557
2026-02-09,1146.0,40852966
2026-02-10,1144.0999755859375,17280036
2026-02-11,1182.9000244140625,29491859
2026-02-12,1192.4000244140625,33214985
2026-02-13,1198.5999755859375,18141390
2026-02-16,1208.0999755859375,14972739
2026-02-17,1213.4000244140625,20107196
2026-02-18,1218.9000244140625,10417264
2026-02-19,1205.699951171875,9630899
2026-02-20,1216.0999755859375,9958162
2026-02-23,1227.800048828125,9733835
