date,adj_close,volume
2015-01-01,752.939453125,587479
2015-01-02,756.6483764648438,710310
2015-01-05,757.106201171875,792287
2015-01-06,740.4393920898438,1709888
2015-01-07,741.583984375,1730518
2015-01-08,749.8258056640625,943536
2015-01-09,760.1280517578125,1766875
2015-01-12,764.9359741210938,1188646
2015-01-13,762.9213256835938,838422
2015-01-14,751.52001953125,996066
2015-01-15,756.3277587890625,2224116
2015-01-16,778.168701171875,2005202
2015-01-19,790.302490234375,1382755
2015-01-20,798.819091796875,2053198
2015-01-21,811.3192749023438,2358508
2015-01-22,842.5467529296875,4797782
2015-01-23,848.728271484375,2835629
2015-01-27,837.0062866210938,2261868
2015-01-28,833.1143798828125,1939863
2015-01-29,842.3178100585938,2668139
2015-01-30,840.4404296875,1873464
2015-02-02,850.8344116210938,1750030
2015-02-03,861.9608764648438,2275229
2015-02-04,878.1698608398438,2769365
2015-02-05,878.7193603515625,1850360
2015-02-06,848.77392578125,3120503
2015-02-09,862.1441040039062,1350099
2015-02-10,842.0888671875,1515424
2015-02-11,847.8582153320312,1046438
2015-02-12,845.797607421875,778562
2015-02-13,861.31982421875,2046667
2015-02-16,837.6931762695312,2869370
2015-02-18,840.4863891601562,1309654
2015-02-19,839.4788818359375,1190354
2015-02-20,836.2738037109375,1146633
2015-02-23,832.107177734375,2440626
2015-02-24,833.7553100585938,1469026
2015-02-25,815.71484375,1407691
2015-02-26,792.7750244140625,2614022
2015-02-27,804.8632202148438,2160310
2015-03-02,847.2628784179688,2019863
2015-03-03,863.6092529296875,2114707
2015-03-04,921.5313720703125,7567230
2015-03-05,951.24755859375,3792463
2015-03-09,953.3082275390625,3154190
2015-03-10,938.3353881835938,2094814
2015-03-11,924.781982421875,1845619
2015-03-12,948.86669921875,1990646
2015-03-13,926.384765625,1499576
2015-03-16,943.0975341796875,1445672
2015-03-17,954.1324462890625,1818956
2015-03-18,956.5132446289062,1489193
2015-03-19,959.4894409179688,2661474
2015-03-20,940.1669921875,2371025
2015-03-23,937.9691162109375,1972135
2015-03-24,949.7825317382812,2573597
2015-03-25,963.4273071289062,4242685
2015-03-26,941.1283569335938,2974909
2015-03-27,926.0183715820312,1999967
2015-03-30,925.6519775390625,1613058
2015-03-31,937.6486206054688,1939047
2015-04-01,990.0758666992188,4104961
2015-04-06,1070.8001708984375,4805720
2015-04-07,1055.0035400390625,3978093
2015-04-08,1053.5382080078125,2732857
2015-04-09,1019.6549682617188,3143647
2015-04-10,1025.42431640625,2880186
2015-04-13,1053.9959716796875,2036205
2015-04-15,1023.180908203125,3103257
2015-04-16,996.3031005859375,2725037
2015-04-17,950.3319091796875,3749872
2015-04-20,955.8724975585938,2941375
2015-04-21,871.9884643554688,265709391
2015-04-22,886.2744140625,10905987
2015-04-23,862.6475830078125,9450660
2015-04-24,867.5928955078125,10416821
2015-04-27,848.3618774414062,7641311
2015-04-28,846.9424438476562,5553353
2015-04-29,861.2741088867188,7229944
2015-04-30,859.7630004882812,16367861
2015-05-04,867.9133911132812,7780934
2015-05-05,877.7120971679688,4329997
2015-05-06,858.206298828125,5151640
2015-05-07,849.7354125976562,3690081
2015-05-08,861.0451049804688,4998817
2015-05-11,883.1608276367188,5241168
2015-05-12,869.6533203125,4197503
2015-05-13,873.6827392578125,2584318
2015-05-14,864.8455810546875,2701006
2015-05-15,866.6312255859375,2563043
2015-05-18,876.3384399414062,2137699
2015-05-19,876.429931640625,2047194
2015-05-20,884.03076171875,2163245
2015-05-21,898.5914306640625,4649220
2015-05-22,919.1961059570312,4813876
2015-05-25,917.7307739257812,2000807
2015-05-26,911.0455932617188,2570872
2015-05-27,893.371337890625,2738544
2015-05-28,874.3695678710938,7781595
2015-05-29,884.7175903320312,7065774
2015-06-01,803.7184448242188,14265602
2015-06-02,788.2420654296875,7192196
2015-06-03,771.437744140625,6496553
2015-06-04,761.5017700195312,6628714
2015-06-05,776.4744262695312,4696506
2015-06-08,759.6702270507812,2678221
2015-06-09,742.3626098632812,3709907
2015-06-10,753.763671875,4205596
2015-06-11,750.5126342773438,4107146
2015-06-12,745.01806640625,2398615
2015-06-15,767.1337280273438,3946889
2015-06-16,769.33154296875,2221962
2015-06-17,772.8115234375,3705966
2015-06-18,783.9380493164062,3919775
2015-06-19,774.6889038085938,2333016
2015-06-22,784.7164306640625,2429207
2015-06-23,785.4490966796875,1899146
2015-06-24,797.7202758789062,5168452
2015-06-25,793.1414794921875,6719110
2015-06-26,794.1487426757812,2614534
2015-06-29,777.9854125976562,1794757
2015-06-30,800.9252319335938,4010634
2015-07-01,799.5516967773438,2251368
2015-07-02,797.7202758789062,1914607
2015-07-03,797.6286010742188,1407939
2015-07-06,804.8632202148438,1381867
2015-07-07,810.7698364257812,2556817
2015-07-08,797.9033813476562,2485149
2015-07-09,798.9107055664062,2059496
2015-07-10,825.6050415039062,3549894
2015-07-13,838.3799438476562,3265149
2015-07-14,841.9514770507812,1706366
2015-07-15,851.4295654296875,2417317
2015-07-16,862.052490234375,1756860
2015-07-17,867.8218383789062,2256640
2015-07-20,868.1422729492188,1378923
2015-07-21,737.4172973632812,32687596
2015-07-22,764.2491455078125,10872729
2015-07-23,759.0292358398438,3645770
2015-07-24,765.7601318359375,3052640
2015-07-27,754.3131103515625,3606126
2015-07-28,751.0620727539062,2689656
2015-07-29,759.8533325195312,2301293
2015-07-30,745.6591186523438,4324642
2015-07-31,753.1226806640625,3307416
2015-08-03,760.9522705078125,2029186
2015-08-04,760.1738891601562,3069438
2015-08-05,770.97998046875,2246991
2015-08-06,774.1851806640625,3573927
2015-08-07,780.183349609375,2261385
2015-08-10,769.8810424804688,2206976
2015-08-11,770.842529296875,2135240
2015-08-12,793.1871948242188,5281162
2015-08-13,805.0004272460938,2580690
2015-08-14,822.0794677734375,4606523
2015-08-17,829.863525390625,2930882
2015-08-18,814.7991333007812,1790875
2015-08-19,849.59814453125,5294282
2015-08-20,857.7484130859375,7479776
2015-08-21,858.8930053710938,4481821
2015-08-24,816.035400390625,6095598
2015-08-25,815.5775146484375,5366573
2015-08-26,799.3684692382812,3455259
2015-08-27,826.0172119140625,5115937
2015-08-28,811.777099609375,4988409
2015-08-31,823.22412109375,13512125
2015-09-01,825.9713745117188,4315484
2015-09-02,815.16552734375,4877084
2015-09-03,810.4036254882812,2306749
2015-09-04,785.4490966796875,3075607
2015-09-07,766.0347290039062,2479603
2015-09-08,773.4525146484375,3192919
2015-09-09,768.3699340820312,2164371
2015-09-10,768.9651489257812,2478514
2015-09-11,774.7802734375,2710761
2015-09-14,784.8536987304688,2590701
2015-09-15,793.690673828125,3818309
2015-09-16,812.4639892578125,5674983
2015-09-18,828.94775390625,5214357
2015-09-21,824.1399536132812,3137037
2015-09-22,824.735107421875,3447182
2015-09-23,821.2095336914062,1895163
2015-09-24,816.7679443359375,4615659
2015-09-28,788.4710083007812,3862676
2015-09-29,776.7950439453125,2137288
2015-09-30,795.2476806640625,2861245
2015-10-01,815.9437866210938,2278061
2015-10-05,822.3084716796875,3142118
2015-10-06,833.2975463867188,2368600
2015-10-07,848.1785278320312,2899026
2015-10-08,838.5172119140625,2018360
2015-10-09,829.863525390625,1963120
2015-10-12,816.8594970703125,2057784
2015-10-13,807.335693359375,1526300
2015-10-14,809.2587890625,1468468
2015-10-15,813.196533203125,2180779
2015-10-16,815.4859619140625,1209569
2015-10-19,829.6345825195312,2000070
2015-10-20,826.5209350585938,1880891
2015-10-21,816.8272705078125,1272841
2015-10-23,812.78466796875,1916780
2015-10-26,816.6436767578125,1770689
2015-10-27,834.8822021484375,2896574
2015-10-28,828.3584594726562,1939812
2015-10-29,807.5474243164062,3272915
2015-10-30,817.3327026367188,2387217
2015-11-02,795.0973510742188,1982404
2015-11-03,798.0376586914062,1547053
2015-11-04,783.2906494140625,2275409
2015-11-05,749.7078857421875,4038115
2015-11-06,738.1767578125,3763950
2015-11-09,695.497802734375,7903526
2015-11-10,672.52734375,7024856
2015-11-13,680.47509765625,4665553
2015-11-16,678.6832885742188,3357919
2015-11-17,692.18994140625,3853257
2015-11-18,692.5574951171875,2521801
2015-11-19,682.220947265625,4059404
2015-11-20,666.9225463867188,5345428
2015-11-23,658.8829956054688,5781403
2015-11-24,648.8677368164062,9846509
2015-11-26,676.1566772460938,8438968
2015-11-27,679.7860107421875,4475863
2015-11-30,670.2762451171875,8738130
2015-12-01,670.0465698242188,3183165
2015-12-02,672.3894653320312,5136352
2015-12-03,667.8873901367188,3079014
2015-12-04,694.0735473632812,24605807
2015-12-07,714.2415771484375,7139702
2015-12-08,708.3152465820312,3655120
2015-12-09,697.5192260742188,4935349
2015-12-10,695.3598022460938,4496091
2015-12-11,696.27880859375,2852880
2015-12-14,706.201904296875,2629235
2015-12-15,710.9339599609375,3549320
2015-12-16,720.4436645507812,2864795
2015-12-17,737.1200561523438,3491346
2015-12-18,726.0025024414062,4125199
2015-12-21,692.9708862304688,12310649
2015-12-22,701.6998291015625,3734881
2015-12-23,726.2321166992188,6651886
2015-12-24,726.6455688476562,2053955
2015-12-28,745.7109985351562,4287383
2015-12-29,745.4812622070312,2702847
2015-12-30,744.3787841796875,1919186
2015-12-31,753.56689453125,2590518
2016-01-01,749.3402709960938,986728
2016-01-04,734.225830078125,2388588
2016-01-05,735.5122680664062,1632394
2016-01-06,727.6561889648438,2168214
2016-01-07,720.1680297851562,2082334
2016-01-08,729.6776733398438,2315237
2016-01-11,718.7437744140625,3424538
2016-01-12,724.1648559570312,1787888
2016-01-13,731.9287109375,3447651
2016-01-14,727.5645141601562,3233849
2016-01-15,723.2000122070312,2370237
2016-01-18,721.2246704101562,4202772
2016-01-19,729.447998046875,2169752
2016-01-20,728.2535400390625,4222563
2016-01-21,710.3826904296875,3264178
2016-01-22,725.129638671875,1970106
2016-01-25,741.7139892578125,2905098
2016-01-27,754.4857788085938,3609838
2016-01-28,766.430419921875,4368190
2016-01-29,802.0803833007812,4709689
2016-02-01,801.4832153320312,3252050
2016-02-02,767.3492431640625,2676955
2016-02-03,767.1195068359375,2630864
2016-02-04,767.7626342773438,2287218
2016-02-05,787.9306640625,2250196
2016-02-08,767.8087158203125,1198192
2016-02-09,784.7147827148438,2340243
2016-02-10,786.2767333984375,3530848
2016-02-11,762.9847412109375,2067334
2016-02-12,778.5586547851562,5260215
2016-02-15,781.1773071289062,3592947
2016-02-16,760.5958862304688,1957372
2016-02-17,786.3226928710938,1975343
2016-02-18,799.7833251953125,2342525
2016-02-19,794.040771484375,1561649
2016-02-22,810.8091430664062,2302969
2016-02-23,800.3806762695312,2470030
2016-02-24,785.1741333007812,1716644
2016-02-25,804.28564453125,3898475
2016-02-26,801.1156616210938,2409042
2016-02-29,784.5770874023438,3546392
2016-03-01,797.8997802734375,2354037
2016-03-02,782.6932983398438,3184958
2016-03-03,800.1968994140625,2447143
2016-03-04,787.2415161132812,1525260
2016-03-08,788.8955078125,2297582
2016-03-09,791.0086669921875,3139226
2016-03-10,794.8216552734375,2042250
2016-03-11,797.7159423828125,2329088
2016-03-14,792.2032470703125,2139517
2016-03-15,774.6996459960938,2357014
2016-03-16,767.9005126953125,2521867
2016-03-17,760.090576171875,2605930
2016-03-18,749.7538452148438,5270631
2016-03-21,768.5435791015625,3177198
2016-03-22,776.031982421875,2105722
2016-03-23,777.5022583007812,2331768
2016-03-28,743.5518798828125,4596334
2016-03-29,729.861572265625,7468509
2016-03-30,745.8029174804688,3020735
2016-03-31,753.4290161132812,5230705
2016-04-01,748.9268188476562,1654746
2016-04-04,748.8809814453125,1239310
2016-04-05,735.7877807617188,2570634
2016-04-06,743.8275146484375,1809628
2016-04-07,745.8029174804688,2221164
2016-04-08,745.848876953125,1088142
2016-04-11,750.9481811523438,2757166
2016-04-12,756.7367553710938,1942717
2016-04-13,765.4196166992188,2310970
2016-04-18,769.783935546875,2257502
2016-04-20,761.2849731445312,2134965
2016-04-21,765.2820434570312,1381380
2016-04-22,753.6129760742188,2527855
2016-04-25,743.184326171875,3644370
2016-04-26,748.283935546875,4083983
2016-04-27,747.8702392578125,1364080
2016-04-28,736.8444213867188,4828596
2016-04-29,745.4353637695312,2339763
2016-05-02,745.8947143554688,1083227
2016-05-03,733.4448852539062,5809209
2016-05-04,738.9117431640625,2523074
2016-05-05,744.6543579101562,3065087
2016-05-06,739.0955810546875,1464262
2016-05-09,739.9224853515625,2556690
2016-05-10,737.0282592773438,2156929
2016-05-11,731.6530151367188,2268518
2016-05-12,738.3145141601562,1962391
2016-05-13,730.5045776367188,2454738
2016-05-16,733.0772094726562,2035038
2016-05-17,734.9608764648438,2505291
2016-05-18,730.7343139648438,2244494
2016-05-19,728.1616821289062,3114189
2016-05-20,727.10498046875,2460489
2016-05-23,720.8569946289062,2403975
2016-05-24,709.6016235351562,2249441
2016-05-25,721.6840209960938,1556315
2016-05-26,716.0791625976562,1900809
2016-05-27,757.9771728515625,3675225
2016-05-30,746.17041015625,4888391
2016-05-31,700.8268432617188,15706495
2016-06-01,693.2925415039062,4921709
2016-06-02,686.1258544921875,4900285
2016-06-03,677.489013671875,5944789
2016-06-06,665.59033203125,6330743
2016-06-07,678.8212890625,7369626
2016-06-08,678.086181640625,3384926
2016-06-09,682.4046020507812,3948805
2016-06-10,681.210205078125,2785032
2016-06-13,685.85009765625,2918950
2016-06-14,692.5115356445312,2789220
2016-06-15,690.5822143554688,1417625
2016-06-16,693.3385620117188,2717995
2016-06-17,682.8640747070312,3317924
2016-06-20,679.7860107421875,3323011
2016-06-21,676.5242309570312,3703466
2016-06-22,679.9696655273438,3715759
2016-06-23,691.5008544921875,3909660
2016-06-24,693.4762573242188,7640809
2016-06-27,710.9339599609375,4493497
2016-06-28,702.9861450195312,2788888
2016-06-29,707.7638549804688,2460436
2016-06-30,701.1484985351562,4538392
2016-07-01,701.3782958984375,2656477
2016-07-04,708.2233276367188,1575107
2016-07-05,711.6231079101562,2746347
2016-07-07,715.0225219726562,2515212
2016-07-08,714.37939453125,2174896
2016-07-11,724.9457397460938,4771555
2016-07-12,719.478759765625,3402732
2016-07-13,715.3440551757812,3546248
2016-07-14,706.156005859375,4148326
2016-07-15,707.8558349609375,5462554
2016-07-18,713.6443481445312,3096502
2016-07-19,718.881591796875,3030866
2016-07-20,732.5261840820312,4592908
2016-07-21,729.7235717773438,3452258
2016-07-22,722.7406005859375,2552125
2016-07-25,738.72802734375,3836740
2016-07-26,733.5827026367188,2827707
2016-07-27,742.3115234375,2447955
2016-07-28,758.4365844726562,3981433
2016-07-29,762.5712280273438,3056996
2016-08-01,767.8087158203125,2052236
2016-08-02,761.606689453125,2135409
2016-08-03,771.4378051757812,2105776
2016-08-04,779.6613159179688,2609726
2016-08-05,773.5512084960938,1908271
2016-08-08,765.18994140625,3382787
2016-08-09,762.0200805664062,1896252
2016-08-10,751.269775390625,1315780
2016-08-11,742.633056640625,6662203
2016-08-12,735.55810546875,8732728
2016-08-16,719.1573486328125,5115466
2016-08-17,721.2705078125,3550406
2016-08-18,724.761962890625,1585900
2016-08-19,720.1680297851562,3217425
2016-08-22,707.580078125,5501620
2016-08-23,700.4592895507812,3756220
2016-08-24,707.212646484375,3806381
2016-08-25,702.8482055664062,2285008
2016-08-26,693.935791015625,1978922
2016-08-29,697.6569213867188,2362413
2016-08-30,711.9444580078125,1726397
2016-08-31,712.6796264648438,3405144
2016-09-01,707.5341796875,1183855
2016-09-02,718.8355712890625,1867621
2016-09-06,719.1112060546875,1556462
2016-09-07,715.9873657226562,1353192
2016-09-08,743.4033203125,3663747
2016-09-09,733.6513061523438,4003165
2016-09-12,724.083251953125,2621800
2016-09-14,717.4594116210938,3858523
2016-09-15,723.439208984375,1479337
2016-09-16,721.0933837890625,2303954
2016-09-19,719.8973388671875,1283403
2016-09-20,716.4474487304688,2078649
2016-09-21,716.539306640625,1572757
2016-09-22,723.8072509765625,1730313
2016-09-23,717.6432495117188,1768021
2016-09-26,704.85546875,2308824
2016-09-27,708.535400390625,1556490
2016-09-28,703.61328125,2342694
2016-09-29,676.9794921875,5321213
2016-09-30,683.281494140625,2051308
2016-10-03,696.4835205078125,1856097
2016-10-04,703.1533813476562,2557812
2016-10-05,698.6914672851562,1847125
2016-10-06,692.6654052734375,1755184
2016-10-07,691.101318359375,1554398
2016-10-10,695.011474609375,1365905
2016-10-13,680.5216064453125,2996697
2016-10-14,685.857421875,1849542
2016-10-17,675.2315063476562,1510291
2016-10-18,684.0174560546875,1901132
2016-10-19,690.2274169921875,2267328
2016-10-20,685.857421875,1360596
2016-10-21,687.9274291992188,1807639
2016-10-24,687.37548828125,1014731
2016-10-25,687.6054077148438,1924646
2016-10-26,679.6015014648438,1206610
2016-10-27,687.1455078125,2686399
2016-10-28,683.9254150390625,1900094
2016-11-01,675.047607421875,2566651
2016-11-02,656.9235229492188,3286334
2016-11-03,647.3555908203125,4374269
2016-11-04,599.3778686523438,17908933
2016-11-07,602.505859375,6663505
2016-11-08,584.5658569335938,9896681
2016-11-09,607.8878784179688,14963330
2016-11-10,612.9017944335938,9357587
2016-11-11,632.9576416015625,13184334
2016-11-15,627.8516235351562,5816519
2016-11-16,614.0057373046875,4722902
2016-11-17,615.707763671875,3756250
2016-11-18,633.739501953125,6150792
2016-11-21,635.1195678710938,5090705
2016-11-22,634.7056274414062,3359143
2016-11-23,645.193603515625,4496512
2016-11-24,627.8977661132812,3783616
2016-11-25,657.0155639648438,4410579
2016-11-28,657.9356079101562,2607872
2016-11-29,649.9776000976562,3674024
2016-11-30,653.0134887695312,4359468
2016-12-01,663.777587890625,2796906
2016-12-02,662.7195434570312,3163480
2016-12-05,656.049560546875,2946490
2016-12-06,649.6556396484375,2939600
2016-12-07,610.877685546875,12922300
2016-12-08,621.6416625976562,6865033
2016-12-09,619.15771484375,3298719
2016-12-12,622.2858276367188,2155130
2016-12-13,629.5995483398438,4508196
2016-12-14,624.125732421875,3202343
2016-12-15,597.9518432617188,9539189
2016-12-16,595.5597534179688,10780836
2016-12-19,581.6679077148438,4214766
2016-12-20,577.666015625,3984283
2016-12-21,565.2920532226562,7404147
2016-12-22,560.4158325195312,5479188
2016-12-23,573.6178588867188,6105681
2016-12-26,562.3479614257812,3005547
2016-12-27,571.4098510742188,2289086
2016-12-28,571.6398315429688,2516753
2016-12-29,565.52197265625,4788982
2016-12-30,579.597900390625,3523510
2017-01-02,583.3239135742188,2266225
2017-01-03,585.2098388671875,2821892
2017-01-04,586.3597412109375,2500456
2017-01-05,591.971923828125,2589560
2017-01-06,589.48779296875,1864378
2017-01-09,581.4837036132812,1827405
2017-01-10,587.4638061523438,2559697
2017-01-11,596.3419189453125,2784843
2017-01-12,593.1679077148438,6269913
2017-01-13,600.7576904296875,3524996
2017-01-16,592.017822265625,1349694
2017-01-17,597.7218017578125,3016496
2017-01-18,597.9518432617188,4013631
2017-01-19,591.971923828125,2089653
2017-01-20,590.2238159179688,3671360
2017-01-23,582.9559326171875,2955807
2017-01-24,590.0859375,2187797
2017-01-25,584.9799194335938,3068071
2017-01-27,589.2577514648438,2362371
2017-01-30,593.1679077148438,2406083
2017-01-31,580.9779052734375,1926978
2017-02-01,575.5037841796875,3507275
2017-02-02,590.0859375,3819377
2017-02-03,595.4677734375,2048060
2017-02-06,621.1356201171875,5835962
2017-02-07,616.02978515625,4274151
2017-02-08,609.2218017578125,2959209
2017-02-09,603.0578002929688,3295494
2017-02-10,602.6436767578125,2814314
2017-02-13,602.32177734375,1885766
2017-02-14,597.3539428710938,3393607
2017-02-15,573.2040405273438,10352763
2017-02-16,597.3539428710938,6158072
2017-02-17,621.4576416015625,6165104
2017-02-20,625.2758178710938,4597889
2017-02-21,619.3417358398438,2972142
2017-02-22,616.7196655273438,2662258
2017-02-23,620.583740234375,4522397
2017-02-27,620.4918212890625,3477074
2017-02-28,624.6775512695312,2711558
2017-03-01,639.0757446289062,4972108
2017-03-02,622.0556640625,4783045
2017-03-03,631.5316162109375,2495214
2017-03-06,628.3578491210938,2858145
2017-03-07,625.2758178710938,2152337
2017-03-08,625.9657592773438,3480865
2017-03-09,630.3356323242188,2408830
2017-03-10,628.3115234375,1987748
2017-03-14,651.5416259765625,9857280
2017-03-15,649.379638671875,3046871
2017-03-16,653.9335327148438,3087300
2017-03-17,650.897705078125,3067000
2017-03-20,650.0236206054688,1418664
2017-03-21,642.2035522460938,3691911
2017-03-22,645.331787109375,2414239
2017-03-23,646.8955078125,1294418
2017-03-24,647.5855102539062,1357525
2017-03-27,635.9016723632812,1859318
2017-03-28,642.709716796875,1626424
2017-03-29,632.6357421875,5152744
2017-03-30,632.0836181640625,2558208
2017-03-31,633.0956420898438,2898457
2017-04-03,637.0057373046875,1347390
2017-04-05,635.4415283203125,1977427
2017-04-06,631.9457397460938,2015425
2017-04-07,612.6717529296875,6076717
2017-04-10,614.3277587890625,2138613
2017-04-11,616.7656860351562,1344759
2017-04-12,628.5877075195312,2653626
2017-04-13,637.3276977539062,2918733
2017-04-17,622.8837280273438,2411262
2017-04-18,611.935791015625,1734258
2017-04-19,610.2796630859375,2241129
2017-04-20,603.4718017578125,2071407
2017-04-21,588.4297485351562,6091210
2017-04-24,591.4197387695312,4428981
2017-04-25,591.143798828125,1825996
2017-04-26,591.3739013671875,1915462
2017-04-27,586.037841796875,2432744
2017-04-28,590.5918579101562,1903299
2017-05-02,582.173828125,2415773
2017-05-03,578.5398559570312,3807210
2017-05-04,580.9779052734375,3150744
2017-05-05,579.7818603515625,2538263
2017-05-08,586.1758422851562,1544639
2017-05-09,589.07373046875,1589995
2017-05-10,591.3739013671875,1381364
2017-05-11,596.57177734375,1674209
2017-05-12,602.6897583007812,1992719
2017-05-15,602.0917358398438,1224004
2017-05-16,600.15966796875,2325051
2017-05-17,598.8257446289062,1920624
2017-05-18,601.6316528320312,2149513
2017-05-19,600.8958129882812,2223401
2017-05-22,588.9359741210938,3156574
2017-05-23,564.9698486328125,11623535
2017-05-24,555.218017578125,3751856
2017-05-25,544.2239379882812,7237706
2017-05-26,522.2360229492188,10814562
2017-05-29,462.39031982421875,42138319
2017-05-30,467.3582763671875,10937265
2017-05-31,461.4702453613281,14794419
2017-06-01,466.8522644042969,14169918
2017-06-02,473.6601867675781,7715676
2017-06-05,471.77423095703125,5257958
2017-06-06,463.95428466796875,4813209
2017-06-07,470.62420654296875,4217463
2017-06-08,486.5401916503906,10616075
2017-06-09,482.72222900390625,4635649
2017-06-12,489.9441833496094,7634053
2017-06-13,494.2220153808594,9578458
2017-06-14,496.38409423828125,3182248
2017-06-15,500.47808837890625,4179924
2017-06-16,486.81622314453125,4986232
2017-06-19,482.8602294921875,4118410
2017-06-20,481.8941955566406,4464038
2017-06-21,485.7582092285156,4257922
2017-06-22,495.6021728515625,5201690
2017-06-23,500.29425048828125,3920128
2017-06-27,500.52423095703125,4675855
2017-06-28,501.81219482421875,5278948
2017-06-29,493.9461669921875,6060935
2017-06-30,511.2421875,6561625
2017-07-03,507.838134765625,1580045
2017-07-04,508.2520751953125,1980453
2017-07-05,506.5960388183594,3121863
2017-07-06,501.9500732421875,4155333
2017-07-07,505.0780944824219,4482328
2017-07-10,518.6021118164062,1025468
2017-07-11,518.6941528320312,2824262
2017-07-12,517.4061279296875,1383094
2017-07-13,523.7540283203125,4364882
2017-07-14,526.7442016601562,3111057
2017-07-17,525.7320556640625,1878995
2017-07-18,531.9879150390625,1868904
2017-07-19,542.0159912109375,1772229
2017-07-20,535.48388671875,1054118
2017-07-21,529.8720703125,2584036
2017-07-24,525.134033203125,1496356
2017-07-25,520.6261596679688,2272849
2017-07-26,533.1380004882812,1896905
2017-07-27,526.330078125,5119717
2017-07-28,506.7339782714844,4094196
2017-07-31,489.1162414550781,5404990
2017-08-01,491.09417724609375,3699349
2017-08-02,481.6642150878906,3483902
2017-08-03,474.5802001953125,4531774
2017-08-04,465.88623046875,7344699
2017-08-07,465.1042175292969,2279879
2017-08-08,460.3202819824219,3042569
2017-08-09,436.40032958984375,11025555
2017-08-10,423.9344482421875,10149400
2017-08-11,413.99847412109375,7851424
2017-08-14,434.05438232421875,20846332
2017-08-16,446.8424377441406,7588306
2017-08-17,449.1883239746094,4484873
2017-08-18,432.5364074707031,4513543
2017-08-21,423.7044372558594,4215469
2017-08-22,432.8124084472656,3797497
2017-08-23,431.6624450683594,3682870
2017-08-24,444.35833740234375,5680084
2017-08-28,453.7424011230469,6388051
2017-08-29,443.25433349609375,2605383
2017-08-30,445.50836181640625,2523480
2017-08-31,442.6563415527344,4398132
2017-09-01,447.3023681640625,3998817
2017-09-04,460.6423034667969,4489406
2017-09-05,452.50030517578125,5266455
2017-09-06,436.3083190917969,7344173
2017-09-07,442.0123596191406,2916205
2017-09-08,433.64044189453125,3557040
2017-09-11,430.05242919921875,3437220
2017-09-12,444.7263488769531,5892218
2017-09-13,463.0802917480469,11440036
2017-09-14,482.67626953125,10997664
2017-09-15,482.354248046875,7483452
2017-09-18,482.58575439453125,3689242
2017-09-19,477.7232971191406,4355599
2017-09-20,468.1836853027344,5024973
2017-09-21,481.2891540527344,10217874
2017-09-22,475.91717529296875,7990848
2017-09-25,468.6004943847656,4345197
2017-09-26,470.1286315917969,3615167
2017-09-27,458.1809387207031,7594880
2017-09-28,462.3487854003906,5557091
2017-09-29,466.0997314453125,3478824
2017-10-03,465.5439758300781,2880625
2017-10-04,479.6683044433594,6203591
2017-10-05,475.8709411621094,3576059
2017-10-06,491.06024169921875,6323391
2017-10-09,492.17169189453125,5049020
2017-10-10,488.28179931640625,2244596
2017-10-11,487.2166442871094,4031497
2017-10-12,499.7200012207031,8970339
2017-10-13,495.2281494140625,3819414
2017-10-16,507.5,5322443
2017-10-17,506.805419921875,4477156
2017-10-18,500.3220520019531,3499930
2017-10-19,496.20068359375,434929
2017-10-23,500.50738525390625,2878772
2017-10-24,495.0891418457031,1940555
2017-10-25,484.6233215332031,2055745
2017-10-26,491.013916015625,3566575
2017-10-27,509.30596923828125,8848376
2017-10-30,512.2697143554688,5360570
2017-10-31,512.0846557617188,2907328
2017-11-01,508.194580078125,3304676
2017-11-02,521.855712890625,8413439
2017-11-03,510.55633544921875,3595527
2017-11-06,501.24822998046875,3987042
2017-11-07,488.65216064453125,8930638
2017-11-08,498.0992431640625,4530173
2017-11-09,494.48724365234375,4591954
2017-11-10,488.8837585449219,3187021
2017-11-13,493.23681640625,5498679
2017-11-14,487.2166442871094,5853721
2017-11-15,467.3963928222656,8629268
2017-11-16,471.00848388671875,5351102
2017-11-17,478.92724609375,3515919
2017-11-20,478.9737243652344,1977341
2017-11-21,498.330810546875,7852414
2017-11-22,495.7374267578125,4294740
2017-11-23,504.5361328125,3972361
2017-11-24,508.9353942871094,4099139
2017-11-27,510.8341979980469,3833249
2017-11-28,503.05426025390625,2493500
2017-11-29,506.7127685546875,2174433
2017-11-30,500.0905456542969,5950729
2017-12-01,487.12396240234375,3164938
2017-12-04,482.3078918457031,3306680
2017-12-05,484.5306396484375,3479216
2017-12-06,473.601806640625,3859141
2017-12-07,472.6756896972656,4470510
2017-12-08,483.32666015625,3394236
2017-12-11,490.50457763671875,2581923
2017-12-12,482.4005126953125,2669035
2017-12-13,478.6957702636719,2072867
2017-12-14,476.42669677734375,2301593
2017-12-15,480.0850524902344,3053990
2017-12-18,490.6898498535156,4063126
2017-12-19,488.5595397949219,3216333
2017-12-20,488.3279724121094,2558514
2017-12-21,489.2080078125,5492286
2017-12-22,491.7550048828125,2982469
2017-12-26,501.3408203125,4858794
2017-12-27,533.757080078125,23356359
2017-12-28,526.4402465820312,11062915
2017-12-29,528.9873657226562,5197225
2018-01-01,531.6732177734375,5314142
2018-01-02,529.9135131835938,3839130
2018-01-03,527.042236328125,2182632
2018-01-04,538.2954711914062,6246746
2018-01-05,536.0263061523438,4600683
2018-01-08,547.927734375,10475190
2018-01-09,543.2042236328125,4025566
2018-01-10,541.9074096679688,2929462
2018-01-11,544.5470581054688,5930449
2018-01-12,540.37939453125,2842683
2018-01-15,533.8960571289062,4456611
2018-01-16,535.0537719726562,4868363
2018-01-17,540.6571655273438,4812606
2018-01-18,534.127685546875,3679687
2018-01-19,529.8671875,4693971
2018-01-22,533.6182250976562,3072409
2018-01-23,536.58203125,4790590
2018-01-24,543.2504272460938,7168397
2018-01-25,537.0450439453125,4213982
2018-01-29,544.5470581054688,6006564
2018-01-30,548.2518310546875,3542190
2018-01-31,537.0914916992188,4781423
2018-02-01,513.3811645507812,8789899
2018-02-02,510.5101318359375,10873325
2018-02-05,516.298828125,4734366
2018-02-06,511.0657653808594,6325143
2018-02-07,508.9353942871094,5110233
2018-02-08,540.9813232421875,13707589
2018-02-09,539.6847534179688,3796079
2018-02-12,545.6585693359375,10261511
2018-02-14,532.3677978515625,6630066
2018-02-15,533.2477416992188,10715444
2018-02-16,532.7847900390625,6640151
2018-02-19,519.9571533203125,3518880
2018-02-20,518.1972045898438,2481944
2018-02-21,486.9388427734375,21898950
2018-02-22,501.4798889160156,12473655
2018-02-23,527.5980834960938,30844893
2018-02-26,514.9094848632812,8083731
2018-02-27,504.58258056640625,6920945
2018-02-28,495.830078125,8366660
2018-03-01,495.8764343261719,4264631
2018-03-05,508.0556335449219,7343286
2018-03-06,492.4958801269531,9825945
2018-03-07,486.1052551269531,6282066
2018-03-08,476.61187744140625,9316674
2018-03-09,469.38763427734375,4996423
2018-03-12,474.8058166503906,4632925
2018-03-13,484.66961669921875,4795084
2018-03-14,481.70587158203125,2469628
2018-03-15,478.3253479003906,3013808
2018-03-16,465.91448974609375,8924919
2018-03-19,460.9131774902344,5580228
2018-03-20,471.1937561035156,4615574
2018-03-21,467.25738525390625,3986735
2018-03-22,470.8695373535156,8691889
2018-03-23,465.3125,5098042
2018-03-26,466.0534362792969,4203954
2018-03-27,467.813232421875,4458072
2018-03-28,458.55145263671875,6856832
2018-04-02,470.3601989746094,2924481
2018-04-03,472.3514709472656,2709038
2018-04-04,465.173583984375,3120925
2018-04-05,470.0823669433594,2409577
2018-04-06,474.75946044921875,2772128
2018-04-09,473.1387023925781,2395291
2018-04-10,470.73065185546875,2645876
2018-04-11,482.9562072753906,5693850
2018-04-12,477.8158874511719,3619891
2018-04-13,475.1299743652344,2130074
2018-04-16,481.0575256347656,2687330
2018-04-17,474.3428039550781,3104869
2018-04-18,474.2038269042969,2412444
2018-04-19,471.61053466796875,1936774
2018-04-20,467.9983825683594,4431085
2018-04-23,476.28778076171875,2424057
2018-04-24,479.57568359375,3432552
2018-04-25,476.10247802734375,2112975
2018-04-26,474.75946044921875,3304748
2018-04-27,485.4568786621094,3998704
2018-04-30,489.39324951171875,1689385
2018-05-02,477.1675720214844,5805988
2018-05-03,496.4322204589844,7457111
2018-05-04,479.7145690917969,5429919
2018-05-07,475.7783203125,3837196
2018-05-08,473.6944885253906,2519096
2018-05-09,468.7856750488281,2477607
2018-05-10,460.4963684082031,4218689
2018-05-11,437.20294189453125,9906203
2018-05-14,438.82373046875,6746471
2018-05-15,434.053955078125,5493167
2018-05-16,436.8787841796875,4675165
2018-05-17,444.42718505859375,5939278
2018-05-18,430.58074951171875,8722402
2018-05-21,410.9920959472656,5809871
2018-05-22,419.55926513671875,4466739
2018-05-23,418.86456298828125,4549341
2018-05-24,428.6820983886719,6237036
2018-05-25,432.0163269042969,4971624
2018-05-28,462.81182861328125,16007675
2018-05-29,462.6265563964844,8258927
2018-05-30,458.0419921875,3851368
2018-05-31,444.8902587890625,18790216
2018-06-01,448.59503173828125,3793797
2018-06-04,443.26947021484375,2995860
2018-06-05,438.5459289550781,3076737
2018-06-06,453.68896484375,4126448
2018-06-07,452.67010498046875,2197858
2018-06-08,489.2542419433594,29224236
2018-06-11,496.1542663574219,16452353
2018-06-12,500.55352783203125,8140874
2018-06-13,505.97174072265625,20167822
2018-06-14,517.9657592773438,12154425
2018-06-15,529.1262817382812,15166730
2018-06-18,528.0147705078125,6090932
2018-06-19,518.6141967773438,6719183
2018-06-20,522.4577026367188,4435880
2018-06-21,513.56640625,3243433
2018-06-22,534.6370239257812,9935404
2018-06-25,529.5892944335938,14303449
2018-06-26,530.654541015625,4726890
2018-06-27,534.3128662109375,8539318
2018-06-28,525.42138671875,5516028
2018-06-29,522.3651733398438,4416940
2018-07-02,521.5779418945312,4132132
2018-07-03,531.25634765625,5950013
2018-07-04,536.5357055664062,9406196
2018-07-05,525.0973510742188,3833300
2018-07-06,516.9005126953125,5609846
2018-07-09,526.8108520507812,4117856
2018-07-10,522.3189086914062,4594276
2018-07-11,519.3550415039062,3519985
2018-07-12,522.7819213867188,3736611
2018-07-13,518.4287719726562,2012823
2018-07-16,494.5334167480469,4267330
2018-07-17,508.1482238769531,3699579
2018-07-18,509.30596923828125,5720388
2018-07-19,504.72137451171875,2767826
2018-07-20,518.7529296875,2702091
2018-07-23,520.28125,2459719
2018-07-24,521.1611328125,2480730
2018-07-25,516.9469604492188,2161490
2018-07-26,514.4000244140625,3113443
2018-07-27,515.9281616210938,2638153
2018-07-30,521.1611328125,3441224
2018-07-31,526.5328369140625,5998010
2018-08-01,532.22900390625,3672172
2018-08-02,537.5545043945312,5898107
2018-08-03,542.6021728515625,3298774
2018-08-06,533.6182250976562,3867267
2018-08-07,527.6443481445312,3076068
2018-08-08,531.626953125,2970652
2018-08-09,529.2651977539062,4595269
2018-08-10,513.1033325195312,6086714
2018-08-13,522.2726440429688,3254839
2018-08-14,557.3746337890625,25001972
2018-08-16,573.953369140625,25169096
2018-08-17,577.4727783203125,14161255
2018-08-20,580.1123657226562,9494515
2018-08-21,588.494384765625,7752348
2018-08-23,592.4306640625,8942755
2018-08-24,583.3077392578125,7909136
2018-08-27,575.8982543945312,8253456
2018-08-28,575.3427124023438,4181613
2018-08-29,575.3889770507812,4435825
2018-08-30,592.7085571289062,9022572
2018-08-31,604.6561889648438,12972927
2018-09-03,607.7588500976562,12185947
2018-09-04,606.9716186523438,7989190
2018-09-05,614.7515258789062,9140409
2018-09-06,627.393798828125,7815292
2018-09-07,615.214599609375,22074525
2018-09-10,590.90234375,9930755
2018-09-11,583.8634643554688,8273963
2018-09-12,601.9240112304688,11215125
2018-09-14,616.1407470703125,7444874
2018-09-17,600.3018188476562,6264996
2018-09-18,596.8645629882812,5780144
2018-09-19,602.7636108398438,7659788
2018-09-21,589.8043823242188,9635852
2018-09-24,579.6785888671875,5305739
2018-09-25,595.5640869140625,7213759
2018-09-26,594.4027709960938,4850782
2018-09-27,586.4136962890625,4070395
2018-09-28,578.98193359375,6693066
2018-10-01,589.61865234375,5527208
2018-10-03,576.7523193359375,4723773
2018-10-04,556.500732421875,4851894
2018-10-05,555.4789428710938,6804502
2018-10-08,561.3314819335938,4400199
2018-10-09,566.4407348632812,4516779
2018-10-10,560.1238403320312,5566798
2018-10-11,545.0278930664062,4591533
2018-10-12,548.6509399414062,5795641
2018-10-15,557.3369140625,3422475
2018-10-16,559.8914794921875,3557343
2018-10-17,551.2986450195312,2629035
2018-10-19,566.626708984375,4841857
2018-10-22,563.793212890625,4362446
2018-10-23,534.9486083984375,4538253
2018-10-24,530.1644287109375,5820242
2018-10-25,519.0631713867188,6105402
2018-10-26,514.6969604492188,4002009
2018-10-29,532.8584594726562,3640433
2018-10-30,522.1287841796875,2783468
2018-10-31,539.0361328125,5896444
2018-11-01,531.2328491210938,2779373
2018-11-02,531.2328491210938,2688591
2018-11-05,531.00048828125,2962317
2018-11-06,538.2000732421875,3500726
2018-11-07,540.9404907226562,298414
2018-11-09,555.014404296875,6848765
2018-11-12,547.6290893554688,4284490
2018-11-13,521.85009765625,9176639
2018-11-14,483.15850830078125,25499010
2018-11-15,478.51348876953125,11390206
2018-11-16,482.833251953125,5732203
2018-11-19,493.7951354980469,5239761
2018-11-20,488.1285705566406,3084743
2018-11-21,495.0027770996094,4029454
2018-11-22,488.5929260253906,2263069
2018-11-26,474.4725341796875,5189359
2018-11-27,458.77294921875,39588964
2018-11-28,451.4804382324219,11393583
2018-11-29,449.9941101074219,7391256
2018-11-30,457.6117248535156,6544665
2018-12-03,423.05389404296875,61492013
2018-12-04,411.4417419433594,36233775
2018-12-05,383.6191101074219,48891969
2018-12-06,390.3076477050781,56087131
2018-12-07,382.0398254394531,23905860
2018-12-10,370.6599426269531,24690744
2018-12-11,392.30499267578125,24688467
2018-12-12,400.8050842285156,16244450
2018-12-13,392.11920166015625,16853821
2018-12-14,390.77215576171875,8144364
2018-12-17,391.0508728027344,6151952
2018-12-18,402.6629943847656,14402058
2018-12-19,393.69842529296875,7882841
2018-12-20,398.57550048828125,6156074
2018-12-21,395.0919189453125,7315242
2018-12-24,394.2093811035156,7052582
2018-12-26,384.26934814453125,8406699
2018-12-27,381.9468688964844,12839897
2018-12-28,394.99896240234375,12805576
2018-12-31,399.92254638671875,6368707
2019-01-01,402.755859375,8487116
2019-01-02,408.7942199707031,9656878
2019-01-03,405.124755859375,9479511
2019-01-04,402.9881591796875,6228693
2019-01-07,400.201171875,4118235
2019-01-08,416.2259521484375,12368631
2019-01-09,416.87628173828125,9034282
2019-01-10,413.0210266113281,3672333
2019-01-11,412.8352355957031,3778103
2019-01-14,418.82708740234375,5784064
2019-01-15,420.3134460449219,4291873
2019-01-16,421.567626953125,5879148
2019-01-17,396.2530212402344,8343750
2019-01-18,362.9958801269531,82906214
2019-01-21,370.0096130371094,48936782
2019-01-22,389.1929016113281,38255365
2019-01-23,400.3869323730469,26921274
2019-01-24,392.9552307128906,18446490
2019-01-25,392.3978271484375,8720973
2019-01-28,382.5043029785156,5809082
2019-01-29,392.3978271484375,7472930
2019-01-30,388.263916015625,4351530
2019-01-31,393.3732604980469,16672076
2019-02-01,393.1874084472656,3950126
2019-02-04,385.3376770019531,3679517
2019-02-05,380.7857360839844,3523707
2019-02-06,387.0098571777344,5638849
2019-02-07,404.010009765625,18187249
2019-02-08,400.4334411621094,6133747
2019-02-11,398.11102294921875,4945054
2019-02-12,405.5892639160156,8559968
2019-02-14,409.5838623046875,9040227
2019-02-15,392.8623352050781,10206627
2019-02-18,385.1982727050781,6210412
2019-02-19,384.26934814453125,4742270
2019-02-20,392.3514404296875,4385350
2019-02-21,399.17938232421875,4736317
2019-02-22,399.92254638671875,4373261
2019-02-25,405.124755859375,4849697
2019-02-26,404.7995910644531,5255113
2019-02-27,411.2560119628906,12232682
2019-02-28,413.5320129394531,10862473
2019-03-01,415.5757141113281,5608805
2019-03-05,423.5184631347656,5251255
2019-03-06,427.8381042480469,13004184
2019-03-07,418.8735046386719,10701581
2019-03-08,422.63592529296875,5040326
2019-03-11,426.8163146972656,4628360
2019-03-12,436.89556884765625,8660320
2019-03-13,424.0758056640625,7156428
2019-03-14,433.04034423828125,8039525
2019-03-15,431.36822509765625,5877969
2019-03-18,431.8791198730469,3785329
2019-03-19,435.6415100097656,6725926
2019-03-20,441.0295715332031,4235163
2019-03-22,439.63604736328125,6125288
2019-03-25,431.64691162109375,4043446
2019-03-26,436.4310607910156,3843580
2019-03-27,431.832763671875,6016947
2019-03-28,441.6798400878906,10590187
2019-04-01,444.83831787109375,3583589
2019-04-02,436.3382568359375,4034802
2019-04-03,429.1851501464844,4715586
2019-04-04,432.5295104980469,4151406
2019-04-05,430.2535095214844,2205935
2019-04-08,429.6031799316406,2274003
2019-04-09,437.4994201660156,4345243
2019-04-10,438.42840576171875,3887388
2019-04-11,432.4830017089844,4429596
2019-04-12,432.0184631347656,3332732
2019-04-15,426.0731506347656,3770497
2019-04-16,429.69610595703125,2825105
2019-04-18,430.29998779296875,3567327
2019-04-22,422.2178955078125,1828896
2019-04-23,435.2699279785156,5292341
2019-04-24,436.0130615234375,2821522
2019-04-25,428.2561950683594,5244937
2019-04-26,431.1360168457031,2903286
2019-04-30,425.1441345214844,6586352
2019-05-02,420.08123779296875,3732218
2019-05-03,421.0566101074219,2585548
2019-05-06,420.9637451171875,3104707
2019-05-07,416.3653564453125,4189396
2019-05-08,407.9580993652344,4885249
2019-05-09,408.1439514160156,3550114
2019-05-10,406.6576232910156,3482485
2019-05-13,369.82379150390625,24079258
2019-05-14,389.6573791503906,18797497
2019-05-15,380.64630126953125,7581005
2019-05-16,383.1081237792969,25156049
2019-05-17,380.0425720214844,7747301
2019-05-20,384.1300048828125,3809738
2019-05-21,379.8102722167969,6228488
2019-05-22,391.28314208984375,7277731
2019-05-23,383.6191101074219,5906044
2019-05-24,386.22021484375,3010407
2019-05-27,385.38409423828125,3886561
2019-05-28,383.433349609375,7987111
2019-05-29,393.69842529296875,28086149
2019-05-30,383.433349609375,9082367
2019-05-31,380.7392272949219,5643400
2019-06-03,387.19561767578125,4611475
2019-06-04,381.9468688964844,3279047
2019-06-06,375.4440612792969,3483633
2019-06-07,370.89208984375,4668474
2019-06-10,373.4932861328125,4966075
2019-06-11,362.2526550292969,13833555
2019-06-12,363.59979248046875,7739283
2019-06-13,362.0669860839844,4090663
2019-06-14,364.6679992675781,9786375
2019-06-17,355.7034606933594,6558933
2019-06-18,351.569580078125,3761637
2019-06-19,348.5504150390625,7197444
2019-06-20,362.763671875,8109029
2019-06-21,355.61053466796875,5389874
2019-06-24,356.2144470214844,3702836
2019-06-25,358.35107421875,4480306
2019-06-26,371.077880859375,9571797
2019-06-27,374.19000244140625,7651785
2019-06-28,372.4714050292969,7283442
2019-07-01,376.5588684082031,2254468
2019-07-02,367.45489501953125,5539613
2019-07-03,367.59429931640625,2683086
2019-07-04,364.25006103515625,3308295
2019-07-05,348.5968322753906,5446432
2019-07-08,340.7470397949219,7355520
2019-07-09,358.9548034667969,15428006
2019-07-10,364.3428649902344,10202064
2019-07-11,369.8702697753906,7759443
2019-07-12,378.7420349121094,13549864
2019-07-15,392.9088134765625,18269604
2019-07-16,402.5236511230469,8630766
2019-07-17,399.5044250488281,6500759
2019-07-18,395.927978515625,4711395
2019-07-19,391.4224853515625,5104476
2019-07-22,399.6902770996094,10420113
2019-07-23,399.6902770996094,6698368
2019-07-24,395.3240661621094,5319256
2019-07-25,406.1001892089844,11412685
2019-07-26,408.7013244628906,5094438
2019-07-29,400.4334411621094,4448863
2019-07-30,381.2037048339844,9461831
2019-07-31,396.4389343261719,7746831
2019-08-01,394.90606689453125,3635110
2019-08-02,390.77215576171875,3490912
2019-08-05,387.520751953125,4784904
2019-08-06,388.4962158203125,3204070
2019-08-07,391.14373779296875,5431353
2019-08-08,396.16015625,3157083
2019-08-09,392.0262756347656,3434604
2019-08-13,408.05108642578125,13211835
2019-08-14,387.520751953125,16173302
2019-08-16,385.2447509765625,6536156
2019-08-19,395.7421569824219,11584821
2019-08-20,393.5448913574219,5151625
2019-08-21,389.8983459472656,5120294
2019-08-22,387.6075744628906,5299316
2019-08-23,399.9964599609375,5479802
2019-08-26,392.09564208984375,6258106
2019-08-27,389.66461181640625,6738413
2019-08-28,386.2518005371094,3441725
2019-08-29,406.4012756347656,19967263
2019-08-30,421.12762451171875,12308149
2019-09-03,410.7958068847656,9396440
2019-09-04,398.7341613769531,33952423
2019-09-05,403.7364501953125,8793166
2019-09-06,397.471923828125,12513040
2019-09-09,400.9314270019531,5488753
2019-09-11,394.760498046875,7742635
2019-09-12,399.9964599609375,9896642
2019-09-13,395.3681640625,6847742
2019-09-16,399.06146240234375,5239616
2019-09-17,393.3111572265625,3367950
2019-09-18,389.71136474609375,3728621
2019-09-19,384.42852783203125,4238714
2019-09-20,386.8127746582031,11785529
2019-09-23,382.8390808105469,7342291
2019-09-24,383.02606201171875,5860106
2019-09-25,380.3145751953125,5031063
2019-09-26,385.1766052246094,5309789
2019-09-27,375.59271240234375,3835936
2019-09-30,364.138916015625,6674624
2019-10-01,361.4273681640625,4308157
2019-10-03,362.92340087890625,5216456
2019-10-04,360.9598388671875,4024033
2019-10-07,355.20953369140625,5151963
2019-10-09,358.9963684082031,4991946
2019-10-10,361.8948669433594,4581317
2019-10-11,361.1936340332031,4273739
2019-10-14,369.00091552734375,4372357
2019-10-15,371.01116943359375,2892153
2019-10-16,373.7227783203125,5503380
2019-10-17,375.40576171875,2934902
2019-10-18,375.5460205078125,4647037
2019-10-22,379.09906005859375,2944611
2019-10-23,378.86529541015625,3374975
2019-10-24,379.56658935546875,3017220
2019-10-25,390.36590576171875,4845146
2019-10-27,390.5996398925781,359071
2019-10-29,394.52667236328125,3863059
2019-10-30,401.7261657714844,3511610
2019-10-31,405.2324523925781,6710116
2019-11-01,409.1127624511719,3545584
2019-11-04,409.4868469238281,4646694
2019-11-05,401.9599609375,6719996
2019-11-06,400.08990478515625,15917528
2019-11-07,411.964599609375,14294406
2019-11-08,394.66693115234375,11902470
2019-11-11,394.05914306640625,10249882
2019-11-13,385.2233581542969,6033467
2019-11-14,383.5403137207031,4750176
2019-11-15,388.0750427246094,5416931
2019-11-18,396.95770263671875,7710740
2019-11-19,398.219970703125,4163853
2019-11-20,420.753662109375,23107507
2019-11-21,418.0888671875,7480460
2019-11-22,422.7171936035156,12114721
2019-11-25,429.1219787597656,8251208
2019-11-26,421.4549255371094,11278843
2019-11-27,428.9349670410156,6481012
2019-11-28,427.62591552734375,4005893
2019-11-29,420.6134033203125,3198828
2019-12-02,411.4035339355469,4933088
2019-12-03,405.4195251464844,3602073
2019-12-04,414.86309814453125,4318531
2019-12-05,408.3179931640625,4096921
2019-12-06,400.7444763183594,5805588
2019-12-09,399.2485046386719,4959765
2019-12-10,399.856201171875,5578960
2019-12-11,401.8664855957031,3322986
2019-12-12,405.9337463378906,2794856
2019-12-13,410.70233154296875,5386394
2019-12-16,406.8688049316406,8290756
2019-12-17,401.1651916503906,6407264
2019-12-18,411.1698303222656,5341984
2019-12-19,405.4195251464844,6465219
2019-12-20,402.33392333984375,7157364
2019-12-23,400.5574645996094,4534617
2019-12-24,401.8664855957031,4210004
2019-12-26,394.71368408203125,5296867
2019-12-27,398.3134460449219,3413181
2019-12-30,402.1937255859375,4758825
2019-12-31,404.4377746582031,2957369
2020-01-01,406.073974609375,2321850
2020-01-02,406.6817626953125,4555670
2020-01-03,415.70458984375,9457180
2020-01-06,411.3568115234375,4794923
2020-01-07,417.3875427246094,4504083
2020-01-08,411.4970397949219,3881918
2020-01-09,411.2633056640625,3934566
2020-01-10,414.76959228515625,4334013
2020-01-13,415.70458984375,4823348
2020-01-14,417.01361083984375,2708589
2020-01-15,419.86541748046875,3054107
2020-01-16,419.86541748046875,4416809
2020-01-17,425.05462646484375,3216737
2020-01-20,420.2393493652344,2824739
2020-01-21,418.3226013183594,2573651
2020-01-22,417.29412841796875,3412716
2020-01-23,420.6134033203125,1875787
2020-01-24,418.69659423828125,2153164
2020-01-27,419.25762939453125,3530914
2020-01-28,423.4651794433594,9487290
2020-01-29,420.8471374511719,3103817
2020-01-30,413.3670654296875,3486193
2020-01-31,406.073974609375,3757229
2020-02-03,390.41253662109375,4032780
2020-02-04,397.9862060546875,4848610
2020-02-05,398.54718017578125,3826307
2020-02-06,402.6612548828125,7745520
2020-02-07,402.8014221191406,7402556
2020-02-10,392.98382568359375,3638523
2020-02-11,391.3476257324219,4683072
2020-02-12,387.6543273925781,4439987
2020-02-13,391.72161865234375,3924569
2020-02-14,391.3476257324219,2862205
2020-02-17,384.6140441894531,2625157
2020-02-18,384.8495178222656,4187206
2020-02-19,380.0465393066406,5910512
2020-02-20,381.364990234375,4000525
2020-02-24,374.6785583496094,12668574
2020-02-25,366.249755859375,10050971
2020-02-26,352.8768310546875,12146582
2020-02-27,365.87310791015625,15164166
2020-02-28,351.1816101074219,8439591
2020-03-02,347.9796447753906,6915567
2020-03-03,370.62890625,14474553
2020-03-04,381.83587646484375,26369149
2020-03-05,381.31787109375,9874059
2020-03-06,377.55084228515625,6500912
2020-03-09,370.4405517578125,13151861
2020-03-11,363.4715881347656,9127352
2020-03-12,334.1357727050781,11662910
2020-03-13,361.8235168457031,15802632
2020-03-16,347.0849609375,14480298
2020-03-17,348.59185791015625,12903597
2020-03-18,341.6228332519531,12342300
2020-03-19,339.4096374511719,8728092
2020-03-20,343.9772033691406,10630619
2020-03-23,305.60052490234375,8018903
2020-03-24,315.6302185058594,6408582
2020-03-25,327.4022521972656,6174391
2020-03-26,318.59674072265625,11670467
2020-03-27,318.5497131347656,7745135
2020-03-30,313.32293701171875,11648241
2020-03-31,331.78143310546875,9954142
2020-04-01,323.5409851074219,6702159
2020-04-03,354.05401611328125,28550430
2020-04-07,393.0428466796875,29675052
2020-04-08,411.2657775878906,27810872
2020-04-09,427.98199462890625,31862948
2020-04-13,435.42193603515625,30510226
2020-04-15,423.0378112792969,32508955
2020-04-16,436.6932678222656,16932965
2020-04-17,430.47772216796875,19774082
2020-04-20,445.8282775878906,17893064
2020-04-21,445.5928955078125,30021752
2020-04-22,446.7229919433594,13336137
2020-04-23,449.6424560546875,13748820
2020-04-24,457.270751953125,23394027
2020-04-27,461.3673400878906,19310626
2020-04-28,446.3463134765625,12847910
2020-04-29,449.8307800292969,10166496
2020-04-30,437.39959716796875,18471206
2020-05-04,438.3414001464844,16097066
2020-05-05,429.7242431640625,7850482
2020-05-06,427.9349060058594,10829910
2020-05-07,425.8630676269531,11216033
2020-05-08,441.6846008300781,13693803
2020-05-11,436.83453369140625,10294818
2020-05-12,436.8816223144531,9507971
2020-05-13,426.00433349609375,10010310
2020-05-14,429.3946533203125,11764703
2020-05-15,422.4727783203125,7863358
2020-05-18,415.0328674316406,9067298
2020-05-19,415.9745788574219,10126393
2020-05-20,429.2063293457031,7967084
2020-05-21,439.2831115722656,8987658
2020-05-22,442.0613098144531,10194204
2020-05-26,432.4082946777344,9801056
2020-05-27,424.6387634277344,13253937
2020-05-28,432.36114501953125,12632972
2020-05-29,446.6287841796875,12662824
2020-06-01,438.2942810058594,18563612
2020-06-02,445.54583740234375,10978049
2020-06-03,448.4181823730469,7767457
2020-06-04,466.02899169921875,19100026
2020-06-05,465.4639587402344,22798341
2020-06-08,460.5198059082031,9176155
2020-06-09,471.5854797363281,25883378
2020-06-10,470.07861328125,10636465
2020-06-11,446.0638122558594,18547382
2020-06-12,452.1380920410156,11498488
2020-06-15,457.5060729980469,10727187
2020-06-16,455.245849609375,11247556
2020-06-17,457.3648376464844,8222223
2020-06-18,456.04638671875,4077225
2020-06-19,459.67218017578125,8114839
2020-06-22,464.47515869140625,9203804
2020-06-23,471.30291748046875,10732649
2020-06-24,456.18768310546875,8567595
2020-06-25,459.2484130859375,6954147
2020-06-26,451.9968566894531,7489306
2020-06-29,453.927490234375,5727377
2020-06-30,445.4045715332031,8339357
2020-07-01,440.8841247558594,5983810
2020-07-02,445.4516296386719,3731827
2020-07-03,449.0774230957031,4666364
2020-07-06,452.2322998046875,5995257
2020-07-07,451.3376159667969,6793452
2020-07-08,454.3983459472656,6279449
2020-07-09,453.88037109375,3184268
2020-07-10,465.1343994140625,14898919
2020-07-13,470.5965881347656,7504299
2020-07-14,463.439208984375,6996801
2020-07-15,466.2644958496094,4710170
2020-07-16,470.5965881347656,11263548
2020-07-17,474.26947021484375,9592466
2020-07-20,455.62261962890625,16111398
2020-07-21,449.4540710449219,8470749
2020-07-22,446.6758728027344,9848007
2020-07-23,448.2768859863281,5416291
2020-07-24,457.3177795410156,19812185
2020-07-27,447.8060302734375,6112617
2020-07-28,454.49249267578125,5917155
2020-07-29,464.28680419921875,8531803
2020-07-30,480.2496032714844,17534819
2020-07-31,500.7328796386719,41253676
2020-08-03,489.1492614746094,25348229
2020-08-04,498.1429748535156,11950138
2020-08-05,498.0487976074219,10928555
2020-08-06,501.2507629394531,10919796
2020-08-07,495.31781005859375,7275403
2020-08-10,512.1751098632812,16271180
2020-08-11,509.5382080078125,7774058
2020-08-12,501.15667724609375,7405695
2020-08-13,490.4676513671875,8729438
2020-08-14,500.4031982421875,11787355
2020-08-17,497.5779724121094,6657699
2020-08-18,495.3647155761719,5555588
2020-08-19,495.74224853515625,5414452
2020-08-20,492.81719970703125,4886692
2020-08-21,502.2998962402344,9833484
2020-08-24,503.33795166015625,5675533
2020-08-25,495.4591064453125,4414315
2020-08-26,495.5063781738281,5205745
2020-08-27,502.20550537109375,8564601
2020-08-28,524.3790893554688,29017731
2020-08-31,490.8829345703125,20056792
2020-09-01,492.01513671875,13860865
2020-09-02,485.45758056640625,9636136
2020-09-03,493.9023742675781,10052098
2020-09-04,483.5232238769531,12380025
2020-09-07,484.278076171875,6320017
2020-09-08,473.56878662109375,8519561
2020-09-09,480.551025390625,10532163
2020-09-10,479.27728271484375,8572739
2020-09-11,477.0127258300781,5189670
2020-09-14,467.8131103515625,8041379
2020-09-15,477.81475830078125,11686574
2020-09-16,489.2317199707031,10080107
2020-09-17,483.0986328125,9959257
2020-09-18,493.8079528808594,25685130
2020-09-21,475.2200012207031,9977984
2020-09-22,480.12646484375,9862141
2020-09-23,474.5122985839844,10846053
2020-09-24,458.3775329589844,8768744
2020-09-25,462.0102233886719,9665092
2020-09-28,481.3059387207031,12221177
2020-09-29,477.578857421875,8592449
2020-09-30,472.20068359375,12981899
2020-10-01,478.2864685058594,6733075
2020-10-05,493.5719909667969,8831627
2020-10-06,491.6378173828125,8537178
2020-10-07,482.86273193359375,8346531
2020-10-08,494.51556396484375,9392711
2020-10-09,483.9479064941406,11468529
2020-10-12,484.89141845703125,7092628
2020-10-13,474.7481994628906,8851580
2020-10-14,473.8518371582031,7640368
2020-10-15,462.62353515625,6605127
2020-10-16,459.4154968261719,9085611
2020-10-19,456.3489074707031,5158764
2020-10-20,458.8965148925781,5550859
2020-10-21,462.52923583984375,7269981
2020-10-22,458.1417236328125,6428694
2020-10-23,457.1510009765625,6578265
2020-10-26,447.7154541015625,6499259
2020-10-27,443.8940734863281,7693069
2020-10-28,437.24200439453125,7723679
2020-10-29,430.5899963378906,8297097
2020-10-30,439.4593200683594,8680701
2020-11-02,442.9033203125,7737909
2020-11-03,458.1888732910156,16853462
2020-11-04,476.16351318359375,48182254
2020-11-05,483.5704345703125,14095319
2020-11-06,480.4095458984375,9251548
2020-11-09,481.3531188964844,9718357
2020-11-10,463.1897277832031,12767338
2020-11-11,477.48455810546875,11754997
2020-11-12,480.5038757324219,10911897
2020-11-13,479.7490234375,9501329
2020-11-14,484.98577880859375,1766237
2020-11-17,489.1374206542969,12411197
2020-11-18,484.0421447753906,6483702
2020-11-19,478.7111511230469,6843207
2020-11-20,474.842529296875,7594535
2020-11-23,483.9006652832031,8931512
2020-11-24,490.7886047363281,9096230
2020-11-25,477.62603759765625,10673809
2020-11-26,482.8155822753906,7494355
2020-11-27,482.76837158203125,12954065
2020-12-01,508.9047546386719,25388623
2020-12-02,513.9056396484375,14234038
2020-12-03,517.3024291992188,9345458
2020-12-04,536.9282836914062,16177536
2020-12-07,549.4302978515625,21232768
2020-12-08,536.5980834960938,10673103
2020-12-09,537.3999633789062,11144200
2020-12-10,533.2955322265625,6755693
2020-12-11,536.0317993164062,6968494
2020-12-14,543.7218017578125,8582193
2020-12-15,539.3814086914062,5896090
2020-12-16,544.0520629882812,5135499
2020-12-17,539.098388671875,9025916
2020-12-18,542.5424194335938,4940687
2020-12-21,521.359619140625,12715463
2020-12-22,536.2205810546875,8012096
2020-12-23,542.1649780273438,4958783
2020-12-24,557.1203002929688,7486583
2020-12-28,553.81787109375,12299793
2020-12-29,557.2618408203125,7430043
2020-12-30,551.034423828125,5589703
2020-12-31,558.9130859375,8835267
2021-01-01,562.5928344726562,8229768
2021-01-04,570.2828369140625,11329298
2021-01-05,569.386474609375,7790158
2021-01-06,571.1320190429688,6422080
2021-01-07,567.9238891601562,4555702
2021-01-08,585.7571411132812,11451416
2021-01-11,585.94580078125,7516087
2021-01-12,575.236572265625,6747035
2021-01-13,568.3014526367188,6186661
2021-01-14,572.783203125,6730284
2021-01-15,570.1884155273438,8389544
2021-01-18,548.6282348632812,7414570
2021-01-19,562.8759155273438,5500391
2021-01-20,561.1304321289062,5182972
2021-01-21,549.9965209960938,4546393
2021-01-22,542.7310791015625,5591688
2021-01-25,553.2989501953125,8149590
2021-01-27,537.6359252929688,8534047
2021-01-28,532.4934692382812,9863454
2021-01-29,553.1101684570312,22539938
2021-02-01,556.8372192382812,12621971
2021-02-02,575.0478515625,15788247
2021-02-03,593.6829833984375,23788455
2021-02-04,595.8530883789062,7926593
2021-02-05,598.919677734375,10981738
2021-02-08,598.8253784179688,6479801
2021-02-09,593.542724609375,5794015
2021-02-10,596.8740844726562,6902162
2021-02-11,612.6264038085938,11433578
2021-02-12,596.921630859375,15471776
2021-02-15,597.2548217773438,7310676
2021-02-16,600.7289428710938,6137454
2021-02-17,591.30615234375,4700733
2021-02-18,586.3565673828125,5633766
2021-02-19,578.0284423828125,7301975
2021-02-22,566.6067504882812,5330343
2021-02-23,574.93505859375,7564187
2021-02-24,572.4605102539062,3296243
2021-02-25,580.1701049804688,6261754
2021-02-26,565.9404907226562,15404415
2021-03-01,575.31591796875,5274758
2021-03-02,584.5958862304688,4776776
2021-03-03,594.2566528320312,6626297
2021-03-04,589.116943359375,11530735
2021-03-05,581.7405395507812,6127488
2021-03-08,585.1669921875,4554461
2021-03-09,583.072998046875,4035628
2021-03-10,595.8271484375,5825924
2021-03-12,584.0247802734375,4264170
2021-03-15,576.3152465820312,4030762
2021-03-16,573.2694091796875,4189930
2021-03-17,556.5653686523438,7667561
2021-03-18,546.85693359375,5537584
2021-03-19,550.42626953125,6186643
2021-03-22,562.5142211914062,7033955
2021-03-23,559.5159301757812,5341729
2021-03-24,557.0889282226562,7299582
2021-03-25,547.9991455078125,4710869
2021-03-26,558.8972778320312,5761818
2021-03-30,568.89111328125,4637718
2021-03-31,568.9863891601562,5269919
2021-04-01,581.3121337890625,6033653
2021-04-05,579.4560546875,5353987
2021-04-06,590.544677734375,7444994
2021-04-07,591.11572265625,4757224
2021-04-08,584.6433715820312,3222479
2021-04-09,606.0590209960938,16755446
2021-04-12,589.4976806640625,15229597
2021-04-13,597.112060546875,7399207
2021-04-15,602.7276000976562,8588761
2021-04-16,614.9107055664062,9804095
2021-04-19,609.7710571289062,11340358
2021-04-20,614.0540771484375,13831258
2021-04-22,609.104736328125,11295290
2021-04-23,607.2011108398438,7668180
2021-04-26,604.1077880859375,6527947
2021-04-27,608.4384765625,5112384
2021-04-28,612.388427734375,6069155
2021-04-29,613.4354858398438,5676290
2021-04-30,622.9058227539062,10874266
2021-05-03,627.427001953125,6567597
2021-05-04,614.0540771484375,5604638
2021-05-05,650.46044921875,25296369
2021-05-06,646.6533203125,11153908
2021-05-07,646.7008666992188,6466334
2021-05-10,664.547119140625,10924222
2021-05-11,673.969970703125,14760511
2021-05-12,668.9729614257812,7250661
2021-05-14,658.12255859375,6851035
2021-05-17,654.0296020507812,6318234
2021-05-18,657.5037841796875,4080423
2021-05-19,669.4966430664062,7745431
2021-05-20,653.7442016601562,6226376
2021-05-21,657.1231689453125,3434231
2021-05-24,657.646484375,3722957
2021-05-25,662.5484008789062,2800233
2021-05-26,669.8772583007812,6235460
2021-05-27,665.7843017578125,9875654
2021-05-28,637.4683837890625,28316552
2021-05-31,636.08837890625,13947126
2021-06-01,638.7057495117188,6443084
2021-06-02,644.7973022460938,4978457
2021-06-03,642.9412231445312,3604574
2021-06-04,641.466064453125,3747803
2021-06-07,642.7984008789062,2793705
2021-06-08,646.0345458984375,5695920
2021-06-09,640.4190063476562,4492551
2021-06-10,643.4647827148438,3099864
2021-06-11,648.4618530273438,3822099
2021-06-14,644.4641723632812,3640962
2021-06-15,640.7520751953125,3862284
2021-06-16,636.3262939453125,4842448
2021-06-17,632.9949340820312,2776147
2021-06-18,636.2786865234375,4158743
2021-06-21,638.9912109375,2932177
2021-06-22,634.6605834960938,4577152
2021-06-23,633.185302734375,2631031
2021-06-24,632.7570190429688,3460776
2021-06-25,639.847900390625,3010243
2021-06-28,643.7026977539062,3342385
2021-06-29,644.9400634765625,2937766
2021-06-30,642.8937377929688,3768943
2021-07-01,651.1743774414062,4102748
2021-07-02,648.4141845703125,5071894
2021-07-05,647.414794921875,1600769
2021-07-06,640.7996215820312,2682423
2021-07-07,647.3194580078125,2576763
2021-07-08,634.755859375,2548016
2021-07-09,635.70751953125,1994075
2021-07-12,636.3262939453125,1555035
2021-07-13,650.0797729492188,7744032
2021-07-14,652.8876342773438,2663467
2021-07-15,650.0797729492188,1905193
2021-07-16,655.409912109375,3479357
2021-07-19,656.0283813476562,1940882
2021-07-20,643.845458984375,2724983
2021-07-22,654.1725463867188,2047831
2021-07-23,660.549560546875,3956261
2021-07-26,669.4966430664062,4715053
2021-07-27,655.1243286132812,5327355
2021-07-28,654.6484375,3332667
2021-07-29,669.11572265625,4397443
2021-07-30,736.64599609375,35893710
2021-08-02,737.6454467773438,18661462
2021-08-03,756.4910278320312,14678219
2021-08-04,747.8773193359375,5796169
2021-08-05,748.2579956054688,5026619
2021-08-06,747.353759765625,4064324
2021-08-09,750.7802124023438,2873586
2021-08-10,755.1109008789062,5656020
2021-08-11,741.9759521484375,4275776
2021-08-12,741.1194458007812,2821380
2021-08-13,740.786376953125,4319920
2021-08-16,743.1658325195312,2310304
2021-08-17,746.3544921875,5686055
2021-08-18,745.1646118164062,4036305
2021-08-20,724.4630126953125,6238261
2021-08-23,724.6537475585938,2375417
2021-08-24,736.1055908203125,2732537
2021-08-25,733.9105834960938,2254852
2021-08-26,725.7989501953125,1735864
2021-08-27,736.5350341796875,2432862
2021-08-30,751.2313232421875,3617125
2021-08-31,757.7684326171875,7435465
2021-09-01,752.471923828125,2811619
2021-09-02,753.8556518554688,2679549
2021-09-03,753.330810546875,2860730
2021-09-06,748.4161376953125,4613445
2021-09-07,734.7218627929688,3851664
2021-09-08,741.9267578125,2548562
2021-09-09,740.8294677734375,2008287
2021-09-13,744.6466674804688,1935832
2021-09-14,745.6963500976562,1996844
2021-09-15,744.9806518554688,1393824
2021-09-16,745.3623046875,1353677
2021-09-17,734.7218627929688,4052622
2021-09-20,721.93408203125,2206369
2021-09-21,729.568603515625,2123997
2021-09-22,734.9127197265625,1817865
2021-09-23,734.674072265625,2109768
2021-09-24,735.2466430664062,1777859
2021-09-27,728.184814453125,2862731
2021-09-28,739.6842041015625,4938824
2021-09-29,774.2301635742188,18565413
2021-09-30,780.8626708984375,10478553
2021-10-01,788.8310546875,5730355
2021-10-04,793.984375,4007435
2021-10-05,783.009765625,2987134
2021-10-06,764.0189819335938,2910453
2021-10-07,785.6342163085938,4089061
2021-10-08,783.86865234375,2753935
2021-10-11,794.5090942382812,2988841
2021-10-12,791.7894897460938,2407031
2021-10-13,804.0523071289062,4113083
2021-10-14,802.859375,2300231
2021-10-18,797.7061157226562,2632795
2021-10-19,789.546630859375,2029762
2021-10-20,777.6657104492188,2089252
2021-10-21,781.0057983398438,3155655
2021-10-22,775.4229736328125,1709523
2021-10-25,776.0433349609375,2129988
2021-10-26,776.3297119140625,1628608
2021-10-27,787.399658203125,3569869
2021-10-28,770.6992797851562,1647229
2021-10-29,758.6749877929688,4321416
2021-11-01,774.7073364257812,1935341
2021-11-02,778.142822265625,17608860
2021-11-03,751.947021484375,9452138
2021-11-04,759.1043701171875,485870
2021-11-08,763.4463500976562,4280584
2021-11-09,764.7347412109375,3232291
2021-11-10,774.0392456054688,2900645
2021-11-11,758.5318603515625,2107377
2021-11-12,769.6495971679688,2076523
2021-11-15,773.6576538085938,2109222
2021-11-16,761.96728515625,1512946
2021-11-17,755.1917114257812,1662900
2021-11-18,754.5237426757812,3177648
2021-11-22,735.5330200195312,2894426
2021-11-23,749.3226928710938,2739763
2021-11-24,743.3582763671875,2404041
2021-11-25,747.1277465820312,1861259
2021-11-26,732.2406005859375,5432649
2021-11-29,716.733154296875,4664270
2021-11-30,719.1664428710938,5505266
2021-12-01,711.2935180664062,3687799
2021-12-02,731.2385864257812,4896650
2021-12-03,717.4487915039062,3135454
2021-12-06,703.4683227539062,2577704
2021-12-07,709.7189331054688,2583462
2021-12-08,722.9359741210938,2530785
2021-12-09,725.0355834960938,2604449
2021-12-10,726.5624389648438,2950388
2021-12-13,727.75537109375,2491218
2021-12-14,721.504638671875,3224172
2021-12-15,739.6842041015625,6231786
2021-12-16,729.5208740234375,6186549
2021-12-17,733.8152465820312,7171030
2021-12-20,729.0436401367188,7474026
2021-12-21,742.9765014648438,5599344
2021-12-22,761.0607299804688,5871235
2021-12-23,756.2413940429688,4277384
2021-12-24,749.5136108398438,3076272
2021-12-27,757.8161010742188,3598487
2021-12-28,777.8565063476562,5477769
2021-12-29,800.4736328125,8748856
2021-12-30,796.3223876953125,5179861
2021-12-31,807.058349609375,3346523
2022-01-03,810.1598510742188,3726756
2022-01-04,799.4238891601562,3027262
2022-01-05,796.942626953125,2436343
2022-01-06,791.6939697265625,2423850
2022-01-07,791.0736694335938,1475374
2022-01-10,788.9265747070312,4837873
2022-01-11,794.3660888671875,4950526
2022-01-12,797.992431640625,3953446
2022-01-13,825.9536743164062,7395140
2022-01-14,820.4664306640625,2351963
2022-01-17,814.2156982421875,1750754
2022-01-18,808.0126342773438,3354708
2022-01-19,800.1873168945312,1677779
2022-01-20,782.5326538085938,2886894
2022-01-21,771.7966918945312,3218477
2022-01-24,764.2576293945312,5300160
2022-01-25,771.1287231445312,3779497
2022-01-27,774.9935302734375,3593525
2022-01-28,789.546630859375,5073701
2022-01-31,796.3701171875,8041517
2022-02-01,851.0042114257812,12337459
2022-02-02,849.9545288085938,4404741
2022-02-03,843.1788330078125,2292825
2022-02-04,853.1036376953125,4222492
2022-02-07,846.5189819335938,3494623
2022-02-08,853.2467651367188,4766558
2022-02-09,852.6217041015625,2874380
2022-02-10,860.1720581054688,3159839
2022-02-11,846.5139770507812,2682532
2022-02-14,831.845947265625,5163415
2022-02-15,843.3399047851562,3219287
2022-02-16,835.6932983398438,2136415
2022-02-17,829.6336669921875,2275289
2022-02-18,829.9703979492188,1797851
2022-02-21,811.6472778320312,2305713
2022-02-22,813.52294921875,3171552
2022-02-23,808.1847534179688,1979574
2022-02-24,787.0243530273438,3679222
2022-02-25,799.8167114257812,2098988
2022-02-28,811.6954345703125,4123139
2022-03-02,789.5731811523438,3807036
2022-03-03,789.5731811523438,2657776
2022-03-04,797.9892578125,4082674
2022-03-07,791.2564697265625,3065234
2022-03-08,822.3718872070312,4864275
2022-03-09,835.1162109375,7276355
2022-03-10,836.3665771484375,2899758
2022-03-11,867.5783081054688,7194497
2022-03-14,858.2003173828125,3861194
2022-03-15,857.6232299804688,4039746
2022-03-16,855.2666625976562,3134307
2022-03-17,876.8118896484375,5484100
2022-03-21,878.927978515625,3878744
2022-03-22,879.2164306640625,2174495
2022-03-23,866.424072265625,2578669
2022-03-24,874.1668701171875,3141478
2022-03-25,867.9148559570312,1571676
2022-03-28,871.3295288085938,1545077
2022-03-29,884.2662353515625,3177777
2022-03-30,885.468505859375,2084073
2022-03-31,879.8416748046875,1901705
2022-04-01,874.0226440429688,1184766
2022-04-04,890.7105712890625,1876408
2022-04-05,893.64404296875,2911697
2022-04-06,892.6821899414062,1881754
2022-04-07,895.4234619140625,2728625
2022-04-08,889.3158569335938,1453271
2022-04-11,890.0853271484375,1102625
2022-04-12,886.1417236328125,1420380
2022-04-13,901.0021362304688,1825531
2022-04-18,892.105224609375,1287320
2022-04-19,886.8150634765625,2001066
2022-04-20,888.2577514648438,1455897
2022-04-21,908.0717163085938,2410164
2022-04-22,889.5081787109375,1745381
2022-04-25,865.6546020507812,1146270
2022-04-26,883.0156860351562,3142879
2022-04-27,871.5217895507812,1586283
2022-04-28,885.853271484375,3150038
2022-04-29,893.2113037109375,4290688
2022-05-02,888.1615600585938,2119174
2022-05-04,866.520263671875,3925917
2022-05-05,844.6384887695312,4462293
2022-05-06,849.5918579101562,2350532
2022-05-09,851.6117553710938,2522123
2022-05-10,828.96044921875,6975331
2022-05-11,822.1795043945312,2768829
2022-05-12,817.5626220703125,2700591
2022-05-13,848.8224487304688,4870689
2022-05-16,851.8041381835938,2739020
2022-05-17,857.7194213867188,2317400
2022-05-18,864.8370971679688,2878378
2022-05-19,850.84228515625,2715634
2022-05-20,880.7074584960938,2877917
2022-05-23,886.8631591796875,2195036
2022-05-24,875.1768188476562,2911410
2022-05-25,876.4271850585938,2405811
2022-05-26,865.6065673828125,4113170
2022-05-27,869.4058227539062,2374509
2022-05-30,854.401123046875,3541617
2022-05-31,827.7582397460938,24360628
2022-06-01,807.222900390625,5999099
2022-06-02,826.7481689453125,3553217
2022-06-03,832.0864868164062,2618353
2022-06-06,826.9887084960938,2095566
2022-06-07,815.8795166015625,3031449
2022-06-08,814.9176635742188,3208941
2022-06-09,826.074951171875,2297715
2022-06-10,813.4268188476562,2124778
2022-06-13,797.844970703125,2191412
2022-06-14,793.5647583007812,2461692
2022-06-15,790.9196166992188,2008725
2022-06-16,783.5136108398438,2327414
2022-06-17,763.1226196289062,5719089
2022-06-20,774.5684814453125,2745302
2022-06-21,786.2548828125,1342717
2022-06-22,778.4158325195312,2032073
2022-06-23,793.4205322265625,1778752
2022-06-24,793.1318969726562,1404748
2022-06-27,803.7603759765625,2980249
2022-06-28,796.9793090820312,2823691
2022-06-29,806.6939697265625,2975927
2022-06-30,798.9031372070312,3809670
2022-07-01,797.6045532226562,2316527
2022-07-04,797.7488403320312,2097164
2022-07-05,803.9046630859375,2682730
2022-07-06,805.7320556640625,2364840
2022-07-07,817.03369140625,2327906
2022-07-08,824.9688720703125,2927832
2022-07-11,824.5360107421875,1768048
2022-07-12,819.1016235351562,1695338
2022-07-13,827.3253784179688,2663538
2022-07-14,846.3216552734375,4934156
2022-07-15,844.87890625,1413559
2022-07-18,849.1109619140625,2866600
2022-07-19,841.8970336914062,1604458
2022-07-20,834.3948974609375,2885666
2022-07-21,836.4628295898438,2321107
2022-07-22,841.1278076171875,1939758
2022-07-25,835.21240234375,2419358
2022-07-26,834.5391235351562,1560211
2022-07-27,859.8836059570312,2797789
2022-07-28,860.7011108398438,3183169
2022-07-29,907.2060546875,11315800
2022-08-01,883.6410522460938,4219890
2022-08-02,882.2463989257812,2043767
2022-08-03,862.76904296875,2863168
2022-08-04,883.4485473632812,3151481
2022-08-05,880.9959106445312,3317738
2022-08-08,875.6577758789062,2677742
2022-08-10,884.6028442382812,3077870
2022-08-11,885.9013061523438,1526395
2022-08-12,878.5912475585938,1384417
2022-08-16,879.697509765625,1635836
2022-08-17,885.660888671875,1828327
2022-08-18,881.765380859375,2989998
2022-08-19,869.7993774414062,1708425
2022-08-22,849.7274780273438,2860170
2022-08-23,857.302734375,2314528
2022-08-24,850.1617431640625,3223687
2022-08-25,846.59130859375,5016244
2022-08-26,849.3414916992188,1542618
2022-08-29,848.4730834960938,2068888
2022-08-30,861.7899780273438,3672052
2022-09-01,841.33203125,2939235
2022-09-02,839.1124877929688,1963435
2022-09-05,853.6357421875,2808538
2022-09-06,856.6754760742188,2252661
2022-09-07,862.4654541015625,1698682
2022-09-08,862.9961547851562,1772605
2022-09-09,858.8467407226562,1405210
2022-09-12,856.6273803710938,1571387
2022-09-13,858.9915161132812,2216354
2022-09-14,852.8154907226562,1889322
2022-09-15,843.6962890625,1780723
2022-09-16,837.6650390625,5625488
2022-09-19,844.2269287109375,1920725
2022-09-20,880.0283813476562,4408042
2022-09-21,873.6111450195312,4153228
2022-09-22,876.2166748046875,2317690
2022-09-23,888.8580322265625,4802181
2022-09-26,869.1722412109375,3760536
2022-09-27,865.7463989257812,3096645
2022-09-28,885.7218627929688,5559336
2022-09-29,898.1220703125,8519098
2022-09-30,915.4437866210938,4182345
2022-10-03,911.43896484375,4444578
2022-10-04,911.4872436523438,1856830
2022-10-06,920.510009765625,3449485
2022-10-07,921.7162475585938,1762328
2022-10-10,912.9347534179688,1683827
2022-10-11,911.6802368164062,2426935
2022-10-12,922.102294921875,2875040
2022-10-13,934.50244140625,4498223
2022-10-14,942.1259765625,3307000
2022-10-17,945.6964111328125,2647369
2022-10-18,944.1041259765625,2065146
2022-10-19,942.7049560546875,2424533
2022-10-20,946.0341186523438,1669666
2022-10-21,943.4769287109375,1791608
2022-10-24,952.4513549804688,191840
2022-10-25,956.8422241210938,2119595
2022-10-27,976.238525390625,4379157
2022-10-28,955.3462524414062,3934980
2022-10-31,981.3048095703125,3546309
2022-11-01,1000.315185546875,5264069
2022-11-02,1015.1279296875,5923662
2022-11-03,1007.6491088867188,2386317
2022-11-04,1003.499755859375,1576349
2022-11-07,992.3539428710938,2853521
2022-11-09,978.072021484375,2268760
2022-11-10,975.2736206054688,2419991
2022-11-11,978.072021484375,2390487
2022-11-14,981.3048095703125,1764788
2022-11-15,980.4844360351562,1703050
2022-11-16,982.9935913085938,1485506
2022-11-17,977.8789672851562,1758031
2022-11-18,974.26025390625,1130682
2022-11-21,968.0360107421875,1108922
2022-11-22,974.7427978515625,1723123
2022-11-23,982.0285034179688,1311376
2022-11-24,998.8677368164062,1994268
2022-11-25,997.6614990234375,1948596
2022-11-28,998.5299072265625,1427648
2022-11-29,1013.1013793945312,1179559
2022-11-30,1009.4344482421875,3060171
2022-12-01,1009.8204345703125,1878374
2022-12-02,1003.5961303710938,2284133
2022-12-05,1003.0171508789062,2294634
2022-12-06,997.3720092773438,1321211
2022-12-07,982.125,2954262
2022-12-08,946.4683837890625,10021644
2022-12-09,958.0965576171875,4231753
2022-12-12,952.83740234375,1875104
2022-12-13,959.8336791992188,1863361
2022-12-14,965.2376098632812,1570685
2022-12-15,967.119384765625,1304660
2022-12-16,958.86865234375,2618988
2022-12-19,953.3681640625,1547342
2022-12-20,953.7540893554688,1352408
2022-12-21,970.4002685546875,2043630
2022-12-22,975.2736206054688,5163443
2022-12-23,966.4921264648438,3612433
2022-12-26,965.0445556640625,2307374
2022-12-27,965.1410522460938,1870105
2022-12-28,960.1713256835938,1686511
2022-12-29,965.5270385742188,2162872
2022-12-30,966.3472900390625,1629162
2023-01-02,962.1012573242188,1616012
2023-01-03,973.7777099609375,1810117
2023-01-04,968.9528198242188,2573870
2023-01-05,980.6292724609375,2246533
2023-01-06,973.3917236328125,1773153
2023-01-09,981.2564697265625,1567316
2023-01-10,976.431396484375,1607654
2023-01-11,992.0162353515625,3258157
2023-01-12,996.6964721679688,1641398
2023-01-13,995.4901733398438,1491367
2023-01-16,999.205322265625,1437532
2023-01-17,996.5516357421875,1245848
2023-01-18,1003.6925659179688,1238451
2023-01-19,1004.1270141601562,824263
2023-01-20,994.283935546875,2963571
2023-01-23,1012.5706787109375,2106604
2023-01-24,1004.2716064453125,2088556
2023-01-25,1003.6445922851562,1753333
2023-01-27,1006.877197265625,3448013
2023-01-30,1014.8865966796875,3320916
2023-01-31,998.2886352539062,5265462
2023-02-01,979.3748168945312,4717887
2023-02-02,972.330322265625,2117181
2023-02-03,992.1609497070312,2332076
2023-02-06,987.5289306640625,1215157
2023-02-07,971.1723022460938,2360600
2023-02-08,984.8809814453125,1815142
2023-02-09,978.8529052734375,1474402
2023-02-10,978.6585083007812,1530150
2023-02-13,987.0684814453125,1355766
2023-02-14,978.804443359375,1832842
2023-02-15,967.7694702148438,2251350
2023-02-16,967.5263671875,1678410
2023-02-17,957.1719360351562,1847026
2023-02-20,957.0748901367188,2157871
2023-02-21,944.6300048828125,1771813
2023-02-22,941.6647338867188,2605147
2023-02-23,945.505126953125,2835983
2023-02-24,943.5606689453125,1823835
2023-02-27,938.2619018554688,1548675
2023-02-28,930.04638671875,3819644
2023-03-01,932.6714477539062,1862513
2023-03-02,938.5049438476562,1510195
2023-03-03,940.0606689453125,2215832
2023-03-06,938.4563598632812,1989152
2023-03-08,930.9215087890625,4734482
2023-03-09,926.2546997070312,2994556
2023-03-10,929.025634765625,2001392
2023-03-13,927.6157836914062,1412106
2023-03-14,930.6298217773438,1879695
2023-03-15,924.9908447265625,2189113
2023-03-16,940.546630859375,2228093
2023-03-17,931.115966796875,2218687
2023-03-20,934.518798828125,1955757
2023-03-21,929.6575317382812,1687239
2023-03-22,945.0675659179688,1626129
2023-03-23,950.51220703125,1857923
2023-03-24,945.8452758789062,1534322
2023-03-27,956.1511840820312,2473222
2023-03-28,956.88037109375,1394675
2023-03-29,964.36669921875,3045795
2023-03-31,955.810791015625,1822710
2023-04-03,951.873291015625,1671570
2023-04-05,969.4708862304688,1544121
2023-04-06,984.005859375,1423990
2023-04-10,980.6029663085938,1110974
2023-04-11,981.2349853515625,1786844
2023-04-12,988.4782104492188,3246327
2023-04-13,975.6445922851562,1445693
2023-04-17,970.9778442382812,1768817
2023-04-18,976.9085083007812,1217390
2023-04-19,967.86669921875,2174563
2023-04-20,960.331787109375,1638094
2023-04-21,961.9847412109375,1216575
2023-04-24,951.9705200195312,3485350
2023-04-25,945.505126953125,2377746
2023-04-26,944.2898559570312,2911028
2023-04-27,951.5330200195312,2777173
2023-04-28,960.2346801757812,2009995
2023-05-02,946.039794921875,3152556
2023-05-03,936.8521728515625,3087472
2023-05-04,946.9635009765625,1197830
2023-05-05,943.5120239257812,1062645
2023-05-08,935.1506958007812,2676958
2023-05-09,930.8728637695312,6902170
2023-05-10,927.3241577148438,2180917
2023-05-11,934.3729248046875,1296607
2023-05-12,929.463134765625,2014927
2023-05-15,926.54638671875,1814239
2023-05-16,914.8308715820312,2625163
2023-05-17,909.9696655273438,2956985
2023-05-18,903.8445434570312,3014019
2023-05-19,900.1499633789062,1309343
2023-05-22,911.4281005859375,1382485
2023-05-23,905.7403564453125,3057684
2023-05-24,925.7201538085938,2953574
2023-05-25,918.7685546875,2331464
2023-05-26,942.9773559570312,4137189
2023-05-29,941.5675659179688,5344765
2023-05-30,932.963134765625,2624815
2023-05-31,948.2759399414062,5595631
2023-06-01,960.283203125,3261906
2023-06-02,971.852783203125,3734815
2023-06-05,980.7489013671875,3629780
2023-06-06,985.6586303710938,1632644
2023-06-07,986.4364013671875,1608613
2023-06-08,959.6026000976562,3395935
2023-06-09,956.6372680664062,2306206
2023-06-12,958.095703125,593319
2023-06-13,960.6720581054688,2413311
2023-06-14,959.3109741210938,2139387
2023-06-15,960.9638061523438,2731724
2023-06-16,964.4638061523438,3611214
2023-06-19,973.9918212890625,1327862
2023-06-20,964.4152221679688,1445688
2023-06-21,964.36669921875,1396686
2023-06-22,962.8109741210938,5384143
2023-06-23,963.9291381835938,1218237
2023-06-26,967.3319702148438,2066932
2023-06-27,973.9918212890625,4647465
2023-06-28,993.4366455078125,5296330
2023-06-30,1022.4093017578125,4765060
2023-07-03,1004.0339965820312,2338356
2023-07-04,1019.6871948242188,1549174
2023-07-05,1015.7009887695312,1840716
2023-07-06,1013.56201171875,2551103
2023-07-07,1006.9508056640625,1721224
2023-07-10,1015.9926147460938,1221769
2023-07-11,1042.4862060546875,4369937
2023-07-12,1048.8057861328125,5088473
2023-07-13,1045.7918701171875,1541690
2023-07-14,1043.1666259765625,2641580
2023-07-17,1047.687744140625,1254025
2023-07-18,1037.52783203125,2238739
2023-07-19,1051.819580078125,2311282
2023-07-20,1067.1810302734375,5218991
2023-07-21,1066.695068359375,1879610
2023-07-24,1069.8548583984375,2130036
2023-07-25,1064.653564453125,1702900
2023-07-26,1081.1329345703125,1321572
2023-07-27,1103.445556640625,6366612
2023-07-28,1110.8609619140625,2677679
2023-07-31,1115.593017578125,1718336
2023-08-01,1115.641845703125,1448567
2023-08-02,1107.64111328125,1731918
2023-08-03,1113.2513427734375,8460399
2023-08-04,1111.2509765625,3527805
2023-08-07,1132.56982421875,3353219
2023-08-08,1120.71533203125,3073468
2023-08-09,1124.764404296875,1306791
2023-08-10,1122.3251953125,1443067
2023-08-11,1104.811767578125,1756630
2023-08-14,1106.66552734375,1824622
2023-08-16,1115.8370361328125,1224080
2023-08-17,1116.958984375,1964341
2023-08-18,1107.2999267578125,1473774
2023-08-21,1109.739013671875,941384
2023-08-22,1109.88525390625,1438879
2023-08-23,1096.3720703125,3050418
2023-08-24,1091.1033935546875,1575291
2023-08-25,1079.3953857421875,1515282
2023-08-28,1089.8349609375,1959645
2023-08-29,1084.566162109375,1749707
2023-08-30,1087.7861328125,1543173
2023-08-31,1084.566162109375,4782404
2023-09-01,1082.0296630859375,2715249
2023-09-04,1081.93212890625,1205294
2023-09-05,1104.372802734375,1698118
2023-09-06,1114.5684814453125,2960249
2023-09-07,1105.49462890625,1863837
2023-09-08,1102.9578857421875,1789037
2023-09-11,1109.251220703125,2032253
2023-09-12,1117.3980712890625,3989578
2023-09-13,1120.812744140625,2115524
2023-09-14,1115.9832763671875,2065163
2023-09-15,1121.83740234375,2404169
2023-09-18,1119.7396240234375,962842
2023-09-20,1125.1058349609375,2303191
2023-09-21,1118.276123046875,2088934
2023-09-22,1104.811767578125,1585418
2023-09-25,1096.713623046875,1009279
2023-09-26,1098.4697265625,1966198
2023-09-27,1112.2269287109375,2332018
2023-09-28,1104.762939453125,2685663
2023-09-29,1130.47216796875,2288577
2023-10-03,1113.6904296875,1946966
2023-10-04,1096.4697265625,1803871
2023-10-05,1091.8839111328125,2348562
2023-10-06,1099.884521484375,1056281
2023-10-09,1095.7379150390625,1080276
2023-10-10,1099.1041259765625,1092093
2023-10-11,1101.2991943359375,1456045
2023-10-12,1102.9090576171875,1221965
2023-10-13,1117.4468994140625,1934884
2023-10-16,1107.6900634765625,1144308
2023-10-17,1109.153564453125,798807
2023-10-18,1125.3497314453125,2178517
2023-10-19,1113.7391357421875,1765065
2023-10-20,1114.4219970703125,957910
2023-10-23,1095.1524658203125,702730
2023-10-25,1093.0548095703125,1800673
2023-10-26,1076.8582763671875,2223975
2023-10-27,1084.2735595703125,1250965
2023-10-30,1088.0787353515625,1078813
2023-10-31,1062.1256103515625,6475786
2023-11-01,1089.0543212890625,3973264
2023-11-02,1105.299560546875,3454692
2023-11-03,1113.3489990234375,1741756
2023-11-06,1122.032470703125,1428537
2023-11-07,1142.4730224609375,1811831
2023-11-08,1148.0831298828125,1702301
2023-11-09,1147.595458984375,1849169
2023-11-10,1150.668701171875,957539
2023-11-13,1149.1566162109375,816825
2023-11-15,1152.1810302734375,2246320
2023-11-16,1160.6207275390625,2205723
2023-11-17,1165.547607421875,891965
2023-11-20,1159.1082763671875,1054810
2023-11-21,1172.1824951171875,999135
2023-11-22,1174.8167724609375,1401782
2023-11-23,1169.6456298828125,1177434
2023-11-24,1166.3770751953125,1376695
2023-11-28,1162.3768310546875,886708
2023-11-29,1172.9630126953125,1813462
2023-11-30,1196.037841796875,4672807
2023-12-01,1201.306640625,1749751
2023-12-04,1201.2088623046875,1615837
2023-12-05,1209.4046630859375,930042
2023-12-06,1210.1851806640625,1704590
2023-12-07,1209.1607666015625,1478355
2023-12-08,1205.7459716796875,1612113
2023-12-11,1211.2095947265625,1172972
2023-12-12,1188.3787841796875,2832873
2023-12-13,1203.111572265625,2448178
2023-12-14,1201.3553466796875,2341190
2023-12-15,1205.697021484375,3474624
2023-12-18,1222.2835693359375,2135393
2023-12-19,1214.6732177734375,2187458
2023-12-20,1202.1846923828125,1837031
2023-12-21,1203.501708984375,1916222
2023-12-22,1213.405029296875,2058127
2023-12-26,1217.1612548828125,1796483
2023-12-27,1221.9908447265625,2005268
2023-12-28,1231.455078125,2043365
2023-12-29,1228.8206787109375,1840160
2024-01-01,1229.60107421875,733452
2024-01-02,1264.677001953125,3174447
2024-01-03,1267.0186767578125,1699057
2024-01-04,1281.01953125,2851729
2024-01-05,1268.5797119140625,2960339
2024-01-08,1273.5556640625,1678133
2024-01-09,1291.8009033203125,1712486
2024-01-10,1292.630126953125,1278475
2024-01-11,1284.2393798828125,1320281
2024-01-12,1293.703369140625,1538242
2024-01-15,1297.020751953125,1475983
2024-01-16,1281.5074462890625,824502
2024-01-17,1267.4088134765625,2544642
2024-01-18,1303.2650146484375,2842572
2024-01-19,1303.11865234375,1605745
2024-01-23,1344.7803955078125,4129729
2024-01-24,1348.4879150390625,1719845
2024-01-25,1335.0235595703125,1870910
2024-01-29,1366.7818603515625,3413149
2024-01-30,1338.3896484375,1935332
2024-01-31,1383.9537353515625,5796356
2024-02-01,1373.7091064453125,2442481
2024-02-02,1382.1976318359375,1775449
2024-02-05,1428.2010498046875,3481964
2024-02-06,1439.2261962890625,1893995
2024-02-07,1459.8128662109375,2259235
2024-02-08,1463.13037109375,2213750
2024-02-09,1506.0107421875,6343881
2024-02-12,1505.667236328125,4059288
2024-02-13,1513.271728515625,4687838
2024-02-14,1491.8807373046875,2105672
2024-02-15,1481.57763671875,2161691
2024-02-16,1481.626708984375,3480879
2024-02-19,1501.398681640625,777823
2024-02-20,1509.8375244140625,2230669
2024-02-21,1514.4493408203125,1993748
2024-02-22,1528.824462890625,1981678
2024-02-23,1531.96435546875,1340283
2024-02-26,1527.7452392578125,974892
2024-02-27,1553.0611572265625,2140963
2024-02-28,1544.3280029296875,578316
2024-02-29,1548.35107421875,2350244
2024-03-01,1530.0020751953125,4069161
2024-03-04,1522.986083984375,2298105
2024-03-05,1544.6715087890625,1408172
2024-03-06,1573.91259765625,1761032
2024-03-07,1575.58056640625,2440999
2024-03-11,1563.707763671875,2994345
2024-03-12,1554.582275390625,1294598
2024-03-13,1529.3641357421875,2881503
2024-03-14,1540.7467041015625,3062556
2024-03-15,1519.1591796875,3421374
2024-03-18,1541.77685546875,2281873
2024-03-19,1519.404541015625,3692624
2024-03-20,1520.2877197265625,3412218
2024-03-21,1535.84033203125,2567975
2024-03-22,1578.7205810546875,4941447
2024-03-26,1568.1231689453125,3649049
2024-03-27,1574.059814453125,2530169
2024-03-28,1590.152099609375,4427587
2024-04-01,1598.68896484375,1148498
2024-04-02,1591.8201904296875,1921533
2024-04-03,1589.4652099609375,2098379
2024-04-04,1588.974609375,2439461
2024-04-05,1578.81884765625,1548980
2024-04-08,1569.6932373046875,1170390
2024-04-09,1572.48974609375,1389391
2024-04-10,1573.9617919921875,1928878
2024-04-12,1511.113037109375,8258068
2024-04-15,1511.1622314453125,2474028
2024-04-16,1508.708984375,2058697
2024-04-18,1487.955810546875,3266796
2024-04-19,1494.23583984375,2536516
2024-04-22,1511.2113037109375,1680307
2024-04-23,1456.8013916015625,9160422
2024-04-24,1457.880615234375,4652803
2024-04-25,1491.6353759765625,3846327
2024-04-26,1478.29052734375,1794350
2024-04-29,1493.0582275390625,1091667
2024-04-30,1473.9239501953125,1991646
2024-05-02,1490.507080078125,2494925
2024-05-03,1482.80419921875,3183226
2024-05-06,1500.4666748046875,1240626
2024-05-07,1486.9254150390625,1532550
2024-05-08,1493.2054443359375,1026357
2024-05-09,1466.61376953125,1477007
2024-05-10,1478.29052734375,1528487
2024-05-13,1496.443603515625,1628326
2024-05-14,1516.2646484375,2206236
2024-05-15,1498.7493896484375,1207536
2024-05-16,1507.4825439453125,2684392
2024-05-17,1502.67431640625,1341676
2024-05-21,1512.0452880859375,1791791
2024-05-22,1510.42626953125,3948239
2024-05-23,1467.0552978515625,11618479
2024-05-24,1458.8128662109375,5307322
2024-05-27,1438.55029296875,3474806
2024-05-28,1437.421875,2616438
2024-05-29,1451.2081298828125,2843365
2024-05-30,1431.7305908203125,3133423
2024-05-31,1432.41748046875,5503924
2024-06-03,1425.7940673828125,1855318
2024-06-04,1403.029296875,5055952
2024-06-05,1459.4017333984375,2487724
2024-06-06,1445.075439453125,3004955
2024-06-07,1478.5848388671875,3404664
2024-06-10,1484.7176513671875,1433942
2024-06-11,1471.6180419921875,1441589
2024-06-12,1478.5848388671875,994784
2024-06-13,1482.4608154296875,1412477
2024-06-14,1487.563232421875,937490
2024-06-18,1492.42041015625,1478241
2024-06-19,1475.788330078125,1537367
2024-06-20,1443.4073486328125,4168375
2024-06-21,1439.727783203125,4426556
2024-06-24,1466.466552734375,3726155
2024-06-25,1476.9659423828125,1833311
2024-06-26,1492.61669921875,2563493
2024-06-27,1487.80859375,3881458
2024-06-28,1492.3221435546875,2634599
2024-07-01,1491.58642578125,1451094
2024-07-02,1495.4622802734375,1336816
2024-07-03,1505.176513671875,1061099
2024-07-04,1528.67724609375,2630823
2024-07-05,1538.98046875,2481046
2024-07-08,1527.2054443359375,1120204
2024-07-09,1555.6614990234375,1492840
2024-07-10,1568.56494140625,1899956
2024-07-11,1552.0799560546875,1707500
2024-07-12,1552.6214599609375,1426598
2024-07-15,1561.382080078125,832804
2024-07-16,1554.590087890625,688481
2024-07-18,1569.30615234375,1665636
2024-07-19,1544.106689453125,1649335
2024-07-22,1562.51416015625,826636
2024-07-23,1576.5411376953125,1502677
2024-07-24,1594.11181640625,2923358
2024-07-25,1639.7366943359375,5329712
2024-07-26,1687.4287109375,4591049
2024-07-29,1696.287841796875,3187339
2024-07-30,1674.9765625,1525840
2024-07-31,1692.4488525390625,1594881
2024-08-01,1688.36376953125,5258291
2024-08-02,1704.556396484375,2992406
2024-08-05,1693.43310546875,5165558
2024-08-06,1680.83349609375,1710278
2024-08-07,1707.3125,1922313
2024-08-08,1709.8719482421875,2480113
2024-08-09,1708.1494140625,751683
2024-08-12,1706.721923828125,1526788
2024-08-13,1712.874267578125,2076963
2024-08-14,1714.39990234375,2207250
2024-08-16,1715.4827880859375,2180718
2024-08-19,1720.4537353515625,1363446
2024-08-20,1738.71337890625,1766597
2024-08-21,1737.0401611328125,1184193
2024-08-22,1723.2591552734375,1369554
2024-08-23,1747.9664306640625,3515492
2024-08-26,1744.7178955078125,933372
2024-08-27,1761.4029541015625,1231023
2024-08-28,1783.5015869140625,1768949
2024-08-29,1771.04931640625,3205924
2024-08-30,1793.148193359375,3036374
2024-09-02,1787.537353515625,1617946
2024-09-03,1783.1571044921875,2148689
2024-09-04,1804.1729736328125,2473477
2024-09-05,1797.9224853515625,1902919
2024-09-06,1796.0029296875,1701134
2024-09-09,1793.34521484375,1544883
2024-09-10,1807.6182861328125,1460472
2024-09-11,1816.822021484375,1701900
2024-09-12,1836.2137451171875,2744070
2024-09-13,1824.7459716796875,1322430
2024-09-16,1833.802001953125,1284085
2024-09-17,1836.9027099609375,738265
2024-09-18,1807.273681640625,1202676
2024-09-19,1817.16650390625,1675819
2024-09-20,1836.5582275390625,4229991
2024-09-23,1833.555908203125,812520
2024-09-24,1838.871337890625,2528953
2024-09-25,1841.283203125,956893
2024-09-26,1868.697509765625,2452807
2024-09-27,1918.2103271484375,3809008
2024-09-30,1896.554443359375,2608461
2024-10-01,1889.91015625,1275678
2024-10-03,1880.9525146484375,2492195
2024-10-04,1880.1651611328125,2798189
2024-10-07,1875.4403076171875,1691999
2024-10-08,1887.154052734375,2309881
2024-10-09,1900.6397705078125,1597182
2024-10-10,1858.2139892578125,2383012
2024-10-11,1872.19189453125,1019117
2024-10-14,1879.869873046875,676879
2024-10-15,1868.74658203125,1383203
2024-10-16,1868.7957763671875,1401914
2024-10-17,1859.9859619140625,1447059
2024-10-18,1880.46044921875,1203693
2024-10-21,1867.3193359375,660583
2024-10-22,1858.0172119140625,1192915
2024-10-23,1810.5711669921875,1673366
2024-10-24,1819.9718017578125,1739776
2024-10-25,1831.2918701171875,2148004
2024-10-28,1873.1270751953125,2445724
2024-10-29,1842.316650390625,2295542
2024-10-30,1823.121826171875,1900203
2024-10-31,1819.9718017578125,2572932
2024-11-01,1829.3232421875,107596
2024-11-04,1780.5977783203125,5031861
2024-11-05,1775.380615234375,1658010
2024-11-06,1798.8575439453125,2060619
2024-11-07,1762.928466796875,1909269
2024-11-08,1781.2867431640625,1644075
2024-11-11,1766.521484375,1069649
2024-11-12,1772.673583984375,2471888
2024-11-13,1751.16552734375,1810332
2024-11-14,1740.5345458984375,1473358
2024-11-18,1720.4044189453125,1533025
2024-11-19,1749.44287109375,1933316
2024-11-21,1752.14990234375,2014349
2024-11-22,1767.2105712890625,1420813
2024-11-25,1770.754150390625,3137448
2024-11-26,1734.037841796875,1589883
2024-11-27,1722.077880859375,1982546
2024-11-28,1707.11572265625,3071758
2024-11-29,1753.035888671875,2427677
2024-12-02,1780.253173828125,1948045
2024-12-03,1771.88623046875,1543970
2024-12-04,1772.0338134765625,2320116
2024-12-05,1785.076416015625,2742263
2024-12-06,1776.6109619140625,1590478
2024-12-09,1778.3829345703125,1528215
2024-12-10,1781.6312255859375,2043634
2024-12-11,1785.617919921875,1745911
2024-12-12,1777.20166015625,1082394
2024-12-13,1785.076416015625,1391111
2024-12-16,1781.483642578125,1483330
2024-12-17,1761.058349609375,1608164
2024-12-18,1772.8707275390625,1732860
2024-12-19,1794.7724609375,1924091
2024-12-20,1780.5484619140625,2513418
2024-12-23,1786.20849609375,1299181
2024-12-24,1790.5396728515625,1121058
2024-12-26,1812.5399169921875,1402706
2024-12-27,1832.128662109375,1668898
2024-12-30,1854.42431640625,6021550
2024-12-31,1856.8359375,1844944
2025-01-01,1860.3795166015625,1338092
2025-01-02,1848.6165771484375,2507223
2025-01-03,1820.710205078125,1515825
2025-01-06,1818.495361328125,1397724
2025-01-07,1824.4014892578125,1615649
2025-01-08,1808.996337890625,1298188
2025-01-09,1797.774658203125,1199181
2025-01-10,1756.874755859375,857827
2025-01-13,1719.5677490234375,1645287
2025-01-14,1743.1429443359375,1962645
2025-01-15,1729.3621826171875,857867
2025-01-16,1735.711181640625,2180496
2025-01-17,1758.597412109375,1163986
2025-01-20,1750.42724609375,1341246
2025-01-21,1735.1204833984375,2489267
2025-01-22,1770.8033447265625,2262270
2025-01-23,1804.9112548828125,1974760
2025-01-24,1793.6895751953125,1277935
2025-01-27,1758.8927001953125,1452975
2025-01-28,1678.8155517578125,5972497
2025-01-29,1708.198486328125,1433336
2025-01-30,1711.8897705078125,2017991
2025-01-31,1716.6639404296875,4275269
2025-02-01,1714.9412841796875,1477972
2025-02-03,1713.3662109375,2210231
2025-02-04,1737.630615234375,2796294
2025-02-05,1725.3262939453125,1787905
2025-02-06,1725.07861328125,3421791
2025-02-07,1732.8028564453125,1371545
2025-02-10,1715.2747802734375,1237839
2025-02-11,1683.239013671875,2779274
2025-02-12,1677.3963623046875,1757284
2025-02-13,1729.3863525390625,2750390
2025-02-14,1683.981689453125,2123774
2025-02-17,1697.548583984375,2277889
2025-02-18,1685.071044921875,2163972
2025-02-19,1660.31396484375,2576319
2025-02-20,1653.0848388671875,1670915
2025-02-21,1627.7830810546875,2244190
2025-02-24,1623.5743408203125,2357441
2025-02-25,1597.9259033203125,2836717
2025-02-27,1631.49658203125,2744489
2025-02-28,1577.7735595703125,3549979
2025-03-03,1569.7027587890625,1425492
2025-03-04,1551.283447265625,1717135
2025-03-05,1567.078369140625,2428171
2025-03-06,1598.322021484375,2458676
2025-03-07,1593.667724609375,980890
2025-03-10,1595.84619140625,1600589
2025-03-11,1639.2208251953125,3325416
2025-03-12,1660.5615234375,2389362
2025-03-13,1667.097412109375,1666929
2025-03-17,1687.744873046875,2588408
2025-03-18,1687.744873046875,0
2025-03-19,1715.5223388671875,2167448
2025-03-20,1733.24853515625,1602232
2025-03-21,1767.165771484375,2483162
2025-03-24,1767.462890625,1182084
2025-03-25,1747.607666015625,1471028
2025-03-26,1741.8638916015625,1762361
2025-03-27,1714.6309814453125,3279881
2025-03-28,1717.8494873046875,1956781
2025-04-01,1681.8526611328125,4142445
2025-04-02,1697.0040283203125,3369489
2025-04-03,1752.806640625,5715573
2025-04-04,1692.7457275390625,5345276
2025-04-07,1650.1634521484375,5715334
2025-04-08,1671.9498291015625,2807382
2025-04-09,1636.15087890625,3481864
2025-04-11,1671.1575927734375,3801939
2025-04-15,1688.43798828125,1993085
2025-04-16,1676.653564453125,2205374
2025-04-17,1734.486328125,2683908
2025-04-21,1727.9505615234375,1539511
2025-04-22,1730.42626953125,961907
2025-04-23,1771.424072265625,1471029
2025-04-24,1786.37744140625,2101177
2025-04-25,1770.0377197265625,2036801
2025-04-28,1823.711181640625,3216482
2025-04-29,1787.9617919921875,2886160
2025-04-30,1814.5015869140625,2667314
2025-05-02,1806.8763427734375,1885257
2025-05-05,1818.7596435546875,1219830
2025-05-06,1801.4296875,1414772
2025-05-07,1763.996826171875,2015237
2025-05-08,1750.03369140625,2647871
2025-05-09,1727.8515625,1148956
2025-05-12,1669.8206787109375,9221075
2025-05-13,1683.4866943359375,6988329
2025-05-14,1691.60693359375,1639324
2025-05-15,1723.1971435546875,3880385
2025-05-16,1718.0477294921875,1448249
2025-05-19,1713.3931884765625,2074023
2025-05-20,1691.2109375,2706777
2025-05-21,1714.977783203125,2754306
2025-05-22,1702.0048828125,2670554
2025-05-23,1667.245849609375,8339783
2025-05-26,1659.8187255859375,2282131
2025-05-27,1667.0478515625,2800622
2025-05-28,1650.2130126953125,2657712
2025-05-29,1683.28857421875,2377583
2025-05-30,1661.30419921875,3640641
2025-06-02,1658.333251953125,1819538
2025-06-03,1651.30224609375,2556920
2025-06-04,1648.7275390625,1700482
2025-06-05,1666.750732421875,2037073
2025-06-06,1662.888671875,2500047
2025-06-09,1677.9410400390625,2589656
2025-06-10,1672.3955078125,2369135
2025-06-11,1674.1778564453125,1999978
2025-06-12,1671.009033203125,3588365
2025-06-13,1671.4052734375,2404272
2025-06-16,1668.929443359375,2249326
2025-06-17,1634.1702880859375,5408285
2025-06-18,1631.99169921875,1455885
2025-06-19,1631.5955810546875,1696525
2025-06-20,1648.9256591796875,2567882
2025-06-23,1646.3509521484375,840643
2025-06-24,1645.55859375,2066326
2025-06-25,1653.3819580078125,1372945
2025-06-26,1653.5799560546875,2102627
2025-06-27,1671.20703125,5313904
2025-06-30,1659.422607421875,2160184
2025-07-01,1651.005126953125,3298070
2025-07-02,1661.205078125,1611046
2025-07-03,1663.3836669921875,1553777
2025-07-04,1660.0169677734375,1264399
2025-07-07,1669.05810546875,1550620
2025-07-08,1661.7059326171875,1860328
2025-07-09,1658.6259765625,2178705
2025-07-10,1651.7703857421875,1741718
2025-07-11,1661.2091064453125,1298302
2025-07-14,1671.74072265625,1309704
2025-07-15,1716.3509521484375,3332578
2025-07-16,1690.02197265625,2285143
2025-07-17,1692.406494140625,1461039
2025-07-18,1682.669677734375,1253929
2025-07-21,1681.378173828125,2390289
2025-07-22,1667.17041015625,1244491
2025-07-23,1671.641357421875,1229173
2025-07-24,1681.080078125,1079045
2025-07-25,1688.034912109375,1088592
2025-07-28,1691.214111328125,2168507
2025-07-29,1699.460693359375,1325544
2025-07-30,1722.6103515625,2318723
2025-07-31,1695.6851806640625,3233087
2025-08-01,1619.18212890625,8774548
2025-08-04,1631.0052490234375,1898762
2025-08-05,1621.566650390625,1622897
2025-08-06,1584.90478515625,2376257
2025-08-07,1588.0841064453125,3435674
2025-08-08,1576.6583251953125,1654424
2025-08-11,1598.0196533203125,1140902
2025-08-12,1611.73046875,1679088
2025-08-13,1629.217041015625,1313668
2025-08-14,1630.806640625,1738094
2025-08-18,1622.1627197265625,3080173
2025-08-19,1616.10205078125,2656391
2025-08-20,1622.5601806640625,1831706
2025-08-21,1629.6142578125,1727099
2025-08-22,1631.2041015625,2098310
2025-08-25,1646.0078125,1904984
2025-08-26,1589.971923828125,4502371
2025-08-28,1575.466064453125,4993739
2025-08-29,1584.2093505859375,3176534
2025-09-01,1553.210693359375,9366820
2025-09-02,1555.098388671875,2855840
2025-09-03,1568.51123046875,2091370
2025-09-04,1572.088134765625,2298657
2025-09-05,1583.3150634765625,1814479
2025-09-08,1570.79638671875,1369139
2025-09-09,1581.4273681640625,1709406
2025-09-10,1583.116455078125,2408379
2025-09-11,1599.3111572265625,1762484
2025-09-12,1606.1666259765625,1878894
2025-09-15,1591.660888671875,2005917
2025-09-16,1600.1060791015625,1480567
2025-09-17,1609.743408203125,2128406
2025-09-18,1637.9600830078125,1832386
2025-09-19,1645.3123779296875,3191406
2025-09-22,1633.389892578125,1785320
2025-09-23,1620.67236328125,1967731
2025-09-24,1616.598876953125,1131058
2025-09-25,1616.89697265625,2762750
2025-09-26,1576.4595947265625,7256759
2025-09-29,1579.04296875,4180922
2025-09-30,1584.0106201171875,2257443
2025-10-01,1625.64013671875,3109095
2025-10-03,1620.67236328125,4041865
2025-10-06,1644.020751953125,1756916
2025-10-07,1642.4310302734375,2174852
2025-10-08,1621.06982421875,1846507
2025-10-09,1647.7962646484375,2197566
2025-10-10,1660.1162109375,1454056
2025-10-13,1657.63232421875,1375179
2025-10-14,1643.7227783203125,2108287
2025-10-15,1644.418212890625,2088737
2025-10-16,1648.29296875,2895957
2025-10-17,1668.2633056640625,1594147
2025-10-20,1677.7020263671875,1647622
2025-10-21,1679.5897216796875,74296
2025-10-23,1678.99365234375,2687094
2025-10-24,1688.034912109375,994307
2025-10-27,1682.669677734375,2067904
2025-10-28,1676.1123046875,2440939
2025-10-29,1704.8258056640625,1016738
2025-10-30,1692.406494140625,1986233
2025-10-31,1679.788330078125,1560918
2025-11-03,1695.3870849609375,1099955
2025-11-04,1679.093017578125,1597993
2025-11-06,1675.0194091796875,3389867
2025-11-07,1680.48388671875,1512908
2025-11-10,1686.8426513671875,1235665
2025-11-11,1705.0245361328125,1315353
2025-11-12,1720.9212646484375,1833097
2025-11-13,1726.18701171875,1727602
2025-11-14,1745.7598876953125,1667322
2025-11-17,1752.5159912109375,1430618
2025-11-18,1747.448974609375,1429522
2025-11-19,1772.5855712890625,2131124
2025-11-20,1765.928955078125,1513894
2025-11-21,1768.2139892578125,2199311
2025-11-24,1769.3070068359375,3434492
2025-11-25,1765.332763671875,1848114
2025-11-26,1793.25146484375,1158948
2025-11-27,1798.6165771484375,2902053
2025-11-28,1819.779052734375,1623103
2025-12-01,1795.7353515625,1869293
2025-12-02,1787.88623046875,2948688
2025-12-03,1795.039794921875,2114510
2025-12-04,1806.56494140625,1713961
2025-12-05,1793.64892578125,1777401
2025-12-08,1784.6075439453125,2410074
2025-12-09,1764.5379638671875,2401728
2025-12-10,1773.9765625,2321746
2025-12-11,1795.5364990234375,1280916
2025-12-12,1781.9249267578125,1442309
2025-12-15,1785.501708984375,1396948
2025-12-16,1769.8037109375,1533979
2025-12-17,1781.328857421875,1910628
2025-12-18,1734.6322021484375,3461351
2025-12-19,1733.638671875,2768986
2025-12-22,1758.3779296875,1467257
2025-12-23,1744.567626953125,1124853
2025-12-24,1725.7896728515625,2224786
2025-12-26,1708.402587890625,2507337
2025-12-29,1706.1173095703125,1800816
2025-12-30,1709.0980224609375,2639497
2025-12-31,1708.6011962890625,1428439
2026-01-01,1709.9921875,877515
2026-01-02,1716.84765625,974123
2026-01-05,1717.741943359375,1416698
2026-01-06,1748.83984375,1658801
2026-01-07,1771.0953369140625,3059500
2026-01-08,1749.336669921875,1910656
2026-01-09,1718.7354736328125,1585689
2026-01-12,1724.7960205078125,2327272
2026-01-13,1717.5430908203125,1770082
2026-01-14,1689.723876953125,2479677
2026-01-15,1689.723876953125,0
2026-01-16,1658.129150390625,3697596
2026-01-19,1664.587158203125,2975272
2026-01-20,1603.384765625,5019166
2026-01-21,1602.4906005859375,3947877
2026-01-22,1623.653076171875,2279862
2026-01-23,1621.367919921875,1678658
2026-01-27,1628.32275390625,2666522
2026-01-28,1600.205322265625,4124391
2026-01-29,1579.04296875,5796513
2026-01-30,1585.004150390625,3962196
2026-02-02,1617.393798828125,2721280
2026-02-03,1691.1148681640625,8520586
2026-02-04,1693.4000244140625,3952775
2026-02-05,1702.5999755859375,3074842
2026-02-06,1695.0999755859375,1277116
2026-02-09,1704.5999755859375,2647031
2026-02-10,1707.800048828125,1869988
2026-02-11,1711.0999755859375,1175501
2026-02-12,1714.9000244140625,1359444
2026-02-13,1697.5,1148165
2026-02-16,1700.5,1247403
2026-02-17,1717.0999755859375,1053855
2026-02-18,1724.4000244140625,1262429
2026-02-19,1713.4000244140625,1143429
2026-02-20,1724.4000244140625,1203988
2026-02-23,1732.300048828125,1550400
