date,adj_close,volume
2015-01-01,28.898025512695312,26570816
2015-01-02,29.348154067993164,36043328
2015-01-05,29.77328872680664,54638866
2015-01-06,28.329994201660156,64767961
2015-01-07,27.78696632385254,49846923
2015-01-08,28.219247817993164,33271702
2015-01-09,28.5550594329834,53120660
2015-01-12,28.347858428955078,28244762
2015-01-13,27.97274398803711,31517083
2015-01-14,26.926000595092773,74832453
2015-01-15,27.490453720092773,73591596
2015-01-16,27.393997192382812,47636637
2015-01-19,27.490453720092773,29282226
2015-01-20,28.72296905517578,63164170
2015-01-21,28.372861862182617,40910854
2015-01-22,28.822998046875,47523195
2015-01-23,28.80156707763672,47511356
2015-01-27,28.465749740600586,41693694
2015-01-28,27.947736740112305,41936541
2015-01-29,27.894153594970703,54190694
2015-01-30,27.89771842956543,37794421
2015-02-02,27.4261474609375,33367248
2015-02-03,27.22966194152832,36144668
2015-02-04,27.80840301513672,46397942
2015-02-05,27.097484588623047,32560341
2015-02-06,26.34010887145996,47436351
2015-02-09,24.82535743713379,79096076
2015-02-10,25.561296463012695,55432170
2015-02-11,26.079313278198242,41529388
2015-02-12,26.10074806213379,35851376
2015-02-13,26.190061569213867,39218246
2015-02-16,26.422273635864258,31397658
2015-02-18,26.257936477661133,33930341
2015-02-19,26.811676025390625,81372182
2015-02-20,26.772377014160156,36131716
2015-02-23,26.247220993041992,32382306
2015-02-24,25.657758712768555,34512444
2015-02-25,25.07186508178711,41274249
2015-02-26,24.664600372314453,84644220
2015-02-27,25.05400276184082,52634461
2015-03-02,25.18975830078125,45976126
2015-03-03,25.232627868652344,53751517
2015-03-04,24.875377655029297,49051635
2015-03-05,24.5252742767334,50067718
2015-03-09,24.02869415283203,45854906
2015-03-10,23.6928768157959,42948363
2015-03-11,23.242738723754883,49145480
2015-03-12,23.80719757080078,45390518
2015-03-13,23.328481674194336,34423720
2015-03-16,23.30704689025879,29148663
2015-03-17,23.76075553894043,45438233
2015-03-18,23.703596115112305,32534625
2015-03-19,24.05013084411621,64537645
2015-03-20,23.485673904418945,60626733
2015-03-23,23.678586959838867,37579430
2015-03-24,23.374923706054688,46746811
2015-03-25,23.089122772216797,37206304
2015-03-26,22.54967498779297,68402890
2015-03-27,22.513948440551758,42185886
2015-03-30,23.03553581237793,31389356
2015-03-31,22.631845474243164,41301004
2015-04-01,23.124847412109375,32391543
2015-04-06,22.728300094604492,38517191
2015-04-07,23.828630447387695,76555500
2015-04-08,24.014406204223633,65964997
2015-04-09,24.72533416748047,64566720
2015-04-10,24.485973358154297,50551514
2015-04-13,24.664600372314453,36136932
2015-04-15,24.12514877319336,33587067
2015-04-16,24.12872314453125,39577978
2015-04-17,24.721759796142578,73270741
2015-04-20,24.61100959777832,65778471
2015-04-21,24.882524490356445,52428633
2015-04-22,25.104019165039062,50216626
2015-04-23,26.397262573242188,127971125
2015-04-24,26.472288131713867,88782331
2015-04-27,26.357969284057617,52444209
2015-04-28,26.525875091552734,43662643
2015-04-29,26.43299102783203,57228679
2015-04-30,25.7470703125,64867495
2015-05-04,25.839956283569336,34305965
2015-05-05,27.158214569091797,80454027
2015-05-06,26.268657684326172,62965679
2015-05-07,26.243648529052734,43462461
2015-05-08,26.20077896118164,36242093
2015-05-11,26.943859100341797,46997300
2015-05-12,25.264781951904297,57462038
2015-05-13,25.68633460998535,56637676
2015-05-14,26.17934226989746,39403302
2015-05-15,26.015010833740234,54257774
2015-05-18,26.018579483032227,25123291
2015-05-19,26.31867218017578,30854654
2015-05-20,25.8149471282959,67599887
2015-05-21,24.45382308959961,107641918
2015-05-22,24.385942459106445,41177591
2015-05-25,23.721454620361328,40876637
2015-05-26,23.782190322875977,30429951
2015-05-27,23.446372985839844,30334342
2015-05-28,23.19986915588379,48743889
2015-05-29,23.47138214111328,39061529
2015-06-01,23.553552627563477,20760333
2015-06-02,22.989091873168945,24299054
2015-06-03,22.596115112304688,30796443
2015-06-04,22.01022720336914,49858195
2015-06-05,22.228147506713867,52756814
2015-06-08,21.595813751220703,39584443
2015-06-09,21.774442672729492,72881861
2015-06-10,21.863754272460938,30657842
2015-06-11,21.342164993286133,41871487
2015-06-12,21.260000228881836,28533582
2015-06-15,21.220699310302734,28286211
2015-06-16,21.03850555419922,32206224
2015-06-17,21.795873641967773,87363880
2015-06-18,21.699417114257812,40722250
2015-06-19,21.788728713989258,34527411
2015-06-22,22.19599723815918,37444356
2015-06-23,22.36747932434082,31626168
2015-06-24,21.760150909423828,29723093
2015-06-25,21.627967834472656,48369200
2015-06-26,21.338594436645508,35483646
2015-06-29,21.170684814453125,37067693
2015-06-30,21.763721466064453,32142345
2015-07-01,21.931629180908203,32998153
2015-07-02,21.745859146118164,40306122
2015-07-03,21.52079200744629,28785562
2015-07-06,21.363605499267578,38921374
2015-07-07,21.306442260742188,34623754
2015-07-08,20.231115341186523,85458422
2015-07-09,20.04177474975586,65230261
2015-07-10,20.07035255432129,42208904
2015-07-13,20.32400131225586,36073547
2015-07-14,20.088214874267578,36009290
2015-07-15,20.034626007080078,38623359
2015-07-16,20.063207626342773,66265783
2015-07-17,20.295421600341797,67699558
2015-07-20,20.25969696044922,39189455
2015-07-21,19.627361297607422,53479458
2015-07-22,20.034626007080078,62040733
2015-07-23,19.850757598876953,73065511
2015-07-24,19.494047164916992,39993003
2015-07-27,18.44230079650879,80278879
2015-07-28,18.33197593688965,58132539
2015-07-29,18.42759132385254,42021014
2015-07-30,18.251075744628906,54255108
2015-07-31,18.159141540527344,92870764
2015-08-03,18.236366271972656,37326285
2015-08-04,18.850492477416992,102056723
2015-08-05,19.29178810119629,83749009
2015-08-06,19.19617462158203,66930773
2015-08-07,19.273399353027344,39797335
2015-08-10,19.207204818725586,35698595
2015-08-11,18.151784896850586,92651501
2015-08-12,18.317270278930664,159253705
2015-08-13,17.180946350097656,144473922
2015-08-14,17.475139617919922,95150418
2015-08-17,18.14810562133789,89473330
2015-08-18,18.559978485107422,102914736
2015-08-19,18.3724308013916,45176020
2015-08-20,17.765655517578125,48558371
2015-08-21,17.44939422607422,55073372
2015-08-24,15.158361434936523,122924725
2015-08-25,15.69894027709961,149117094
2015-08-26,15.860747337341309,87502491
2015-08-27,16.651395797729492,149329084
2015-08-28,16.83894157409668,98529305
2015-08-31,16.57784652709961,60691871
2015-09-01,15.908553123474121,67964731
2015-09-02,16.14390754699707,93517658
2015-09-03,16.897783279418945,74343734
2015-09-04,16.099781036376953,75885083
2015-09-07,15.875456809997559,51786367
2015-09-08,16.824234008789062,86455360
2015-09-09,17.61488151550293,92617483
2015-09-10,17.666364669799805,76121455
2015-09-11,17.133136749267578,62026952
2015-09-14,17.784040451049805,75142895
2015-09-15,16.81319808959961,96020858
2015-09-16,16.952943801879883,75483671
2015-09-18,16.776426315307617,80082004
2015-09-21,16.655071258544922,56410300
2015-09-22,16.188039779663086,53514064
2015-09-23,16.25423240661621,75514887
2015-09-24,15.823974609375,59139281
2015-09-28,15.390035629272461,60148920
2015-09-29,14.8126802444458,126852012
2015-09-30,15.63642406463623,97528315
2015-10-01,15.61068344116211,51146998
2015-10-05,16.548423767089844,85242255
2015-10-06,16.7322998046875,77249270
2015-10-07,17.41629981994629,103265777
2015-10-08,17.710493087768555,93577822
2015-10-09,18.46804428100586,110419244
2015-10-12,18.449655532836914,110944352
2015-10-13,18.019397735595703,61100778
2015-10-14,18.265785217285156,66022253
2015-10-15,18.773269653320312,73557042
2015-10-16,18.607786178588867,55908272
2015-10-19,18.26946449279785,47005203
2015-10-20,17.710493087768555,55088770
2015-10-21,17.97526741027832,84411606
2015-10-23,18.092947006225586,52541287
2015-10-26,18.361398696899414,43957918
2015-10-27,18.089269638061523,35725035
2015-10-28,18.177528381347656,36074754
2015-10-29,18.21062660217285,48166846
2015-10-30,18.13707733154297,64795030
2015-11-02,17.570751190185547,51531512
2015-11-03,17.33539581298828,47156462
2015-11-04,17.31333351135254,51025097
2015-11-05,16.57784652709961,92382707
2015-11-06,16.19906997680664,103978010
2015-11-09,16.34616470336914,65838110
2015-11-10,16.037263870239258,47614522
2015-11-13,16.375587463378906,46465883
2015-11-16,16.96030044555664,72667794
2015-11-17,17.250816345214844,55009409
2015-11-18,16.61094093322754,55457172
2015-11-19,16.824234008789062,38427408
2015-11-20,16.916168212890625,40508623
2015-11-23,16.50797462463379,43058887
2015-11-24,16.5006160736084,43863254
2015-11-26,16.761716842651367,48156781
2015-11-27,17.008106231689453,56606272
2015-11-30,16.842618942260742,47828495
2015-12-01,17.471460342407227,69133459
2015-12-02,17.934818267822266,92978328
2015-12-03,17.662689208984375,74604740
2015-12-04,17.6700382232666,58128529
2015-12-07,17.912752151489258,51813122
2015-12-08,17.265522003173828,47714350
2015-12-09,16.684492111206055,49622044
2015-12-10,17.13681411743164,50431953
2015-12-11,17.717849731445312,125138831
2015-12-14,18.019397735595703,118757592
2015-12-15,17.971590042114258,54777068
2015-12-16,17.997331619262695,60456339
2015-12-17,18.90933609008789,127131596
2015-12-18,18.802688598632812,72886973
2015-12-21,19.00862693786621,65025703
2015-12-22,18.931398391723633,47696874
2015-12-23,19.449920654296875,80850265
2015-12-24,19.3690128326416,40344790
2015-12-28,18.688690185546875,55814133
2015-12-29,18.776947021484375,39890593
2015-12-30,19.027013778686523,71506938
2015-12-31,19.107913970947266,46672813
2016-01-01,18.931398391723633,33079099
2016-01-04,18.894628524780273,73277332
2016-01-05,20.17436981201172,157534835
2016-01-06,19.76618003845215,78245389
2016-01-07,18.379785537719727,99751805
2016-01-08,18.651914596557617,66119688
2016-01-11,18.508495330810547,63872456
2016-01-12,18.074556350708008,56944928
2016-01-13,18.13707733154297,78536687
2016-01-14,17.559717178344727,93255592
2016-01-15,16.894102096557617,62888785
2016-01-18,17.35010528564453,88349924
2016-01-19,17.504558563232422,66168358
2016-01-20,17.06326675415039,57590017
2016-01-21,17.328041076660156,65551336
2016-01-22,18.225330352783203,68337468
2016-01-25,18.747529983520508,58531841
2016-01-27,18.946109771728516,65450038
2016-01-28,18.696046829223633,63151806
2016-01-29,18.365076065063477,70827180
2016-02-01,18.335655212402344,46400199
2016-02-02,17.022811889648438,88046083
2016-02-03,16.474878311157227,81780438
2016-02-04,16.618295669555664,122903030
2016-02-05,17.199331283569336,270834540
2016-02-08,17.21772003173828,108450127
2016-02-09,17.3206844329834,79380289
2016-02-10,17.33539581298828,79938449
2016-02-11,16.51165008544922,64568420
2016-02-12,15.99681282043457,98387640
2016-02-15,18.14443016052246,142771164
2016-02-16,18.00836944580078,96005869
2016-02-17,18.479076385498047,87069402
2016-02-18,18.449655532836914,99285873
2016-02-19,18.62617301940918,71064948
2016-02-22,18.773269653320312,50489660
2016-02-23,18.648235321044922,88716625
2016-02-24,18.232690811157227,49791545
2016-02-25,18.251075744628906,58653858
2016-02-26,18.273141860961914,56015868
2016-02-29,18.320947647094727,103390953
2016-03-01,18.905654907226562,74639996
2016-03-02,19.67791748046875,80249039
2016-03-03,21.11211395263672,184028578
2016-03-04,21.22243881225586,96250795
2016-03-08,21.46147346496582,97420395
2016-03-09,21.726245880126953,106623704
2016-03-10,21.821857452392578,89814620
2016-03-11,21.626955032348633,80123590
2016-03-14,21.821857452392578,46658402
2016-03-15,22.097665786743164,73242181
2016-03-16,22.027793884277344,73885811
2016-03-17,21.76302146911621,84026641
2016-03-18,22.22637367248535,76773451
2016-03-21,22.325666427612305,59320800
2016-03-22,22.78534507751465,69054434
2016-03-23,23.32960319519043,66941605
2016-03-28,22.002050399780273,95197157
2016-03-29,22.347728729248047,62316927
2016-03-30,23.8518009185791,130559679
2016-03-31,23.513473510742188,140121880
2016-04-01,23.370058059692383,58463365
2016-04-04,23.561281204223633,54242901
2016-04-05,22.969215393066406,60071721
2016-04-06,24.16438102722168,153148901
2016-04-07,23.807668685913086,90365517
2016-04-08,23.689990997314453,63826169
2016-04-11,24.355606079101562,94620376
2016-04-12,23.86651039123535,116614440
2016-04-13,24.480642318725586,107946042
2016-04-18,24.67922019958496,75498166
2016-04-20,26.289936065673828,192940999
2016-04-21,26.076644897460938,108641218
2016-04-22,26.01045036315918,126959229
2016-04-25,25.554445266723633,64651895
2016-04-26,26.374513626098633,87592957
2016-04-27,26.238452911376953,63265542
2016-04-28,25.565479278564453,105791816
2016-04-29,25.822900772094727,81917191
2016-05-02,25.51767349243164,43887322
2016-05-03,25.661096572875977,66909161
2016-05-04,24.17909049987793,83523154
2016-05-05,24.403413772583008,87494787
2016-05-06,24.21954345703125,56288545
2016-05-09,24.175413131713867,48894886
2016-05-10,24.127605438232422,112833794
2016-05-11,24.25631332397461,59698606
2016-05-12,24.315153121948242,49401206
2016-05-13,23.73044204711914,58804886
2016-05-16,24.006250381469727,41258064
2016-05-17,24.061410903930664,51218361
2016-05-18,24.201154708862305,39460317
2016-05-19,23.995220184326172,68337111
2016-05-20,23.73044204711914,48398390
2016-05-23,23.0611515045166,67145522
2016-05-24,23.36638069152832,52720592
2016-05-25,23.873863220214844,57979149
2016-05-26,23.917991638183594,135319934
2016-05-27,24.241607666015625,46229763
2016-05-30,23.7083797454834,69464096
2016-05-31,24.590961456298828,105401750
2016-06-01,24.429157257080078,68046412
2016-06-02,25.054319381713867,58494475
2016-06-03,24.899866104125977,92705451
2016-06-06,24.8483829498291,52163250
2016-06-07,25.197738647460938,40920227
2016-06-08,25.11683464050293,46882315
2016-06-09,25.157285690307617,62303786
2016-06-10,24.594640731811523,57795887
2016-06-13,23.76354217529297,69029422
2016-06-14,23.89960479736328,42074229
2016-06-15,24.289411544799805,43392725
2016-06-16,24.30780029296875,68129058
2016-06-17,23.936378479003906,59857895
2016-06-20,24.73070526123047,65083484
2016-06-21,24.56889533996582,36641311
2016-06-22,24.45121955871582,48566317
2016-06-23,24.561542510986328,49168823
2016-06-24,22.994958877563477,151255965
2016-06-27,22.83683204650879,69054539
2016-06-28,22.910375595092773,83192832
2016-06-29,23.064830780029297,58946111
2016-06-30,23.6789608001709,67093399
2016-07-01,24.131282806396484,52420058
2016-07-04,24.362960815429688,33931685
2016-07-05,24.539478302001953,41390136
2016-07-07,23.36638069152832,106291493
2016-07-08,23.414186477661133,81496592
2016-07-11,24.05038070678711,80740665
2016-07-12,25.175674438476562,103770397
2016-07-13,26.312000274658203,140078815
2016-07-14,26.425994873046875,83662941
2016-07-15,27.426259994506836,140974624
2016-07-18,26.893033981323242,80792694
2016-07-19,27.231355667114258,86551179
2016-07-20,27.09896469116211,62002622
2016-07-21,26.64664077758789,56084323
2016-07-22,26.878320693969727,77386653
2016-07-25,26.745935440063477,59580315
2016-07-26,27.051156997680664,81856440
2016-07-27,26.701807022094727,108728903
2016-07-28,26.31073760986328,110489179
2016-07-29,26.701807022094727,87634154
2016-08-01,27.438827514648438,105824994
2016-08-02,27.21320152282715,85102300
2016-08-03,26.927425384521484,60318473
2016-08-04,28.11191749572754,101175577
2016-08-05,28.706035614013672,95702102
2016-08-08,28.544340133666992,69929209
2016-08-09,28.22848129272461,58972708
2016-08-10,27.848695755004883,48219085
2016-08-11,27.702043533325195,46387719
2016-08-12,28.183361053466797,46298408
2016-08-16,28.51426887512207,64069405
2016-08-17,29.469377517700195,98171211
2016-08-18,29.119670867919922,62140971
2016-08-19,29.491941452026367,93910673
2016-08-22,29.191116333007812,58394206
2016-08-23,28.96550178527832,70542421
2016-08-24,28.574430465698242,44732907
2016-08-25,27.99910545349121,50105042
2016-08-26,27.78476905822754,45256882
2016-08-29,28.108152389526367,39026944
2016-08-30,28.408977508544922,39931664
2016-08-31,27.833656311035156,47551031
2016-09-01,28.17208480834961,46743337
2016-09-02,28.14199447631836,29644047
2016-09-06,29.010623931884766,61176475
2016-09-07,29.32648468017578,73105470
2016-09-08,30.307920455932617,117920771
2016-09-09,29.67619514465332,62586561
2016-09-12,28.074310302734375,70506000
2016-09-14,28.119430541992188,116562841
2016-09-15,27.555391311645508,51168809
2016-09-16,26.987586975097656,63771558
2016-09-19,27.198163986206055,53756838
2016-09-20,27.495223999023438,59804669
2016-09-21,27.81109046936035,72097227
2016-09-22,28.371374130249023,70002702
2016-09-23,27.976547241210938,46832154
2016-09-26,27.807327270507812,45675140
2016-09-27,27.671960830688477,46224494
2016-09-28,28.60451316833496,66534315
2016-09-29,27.735889434814453,140239027
2016-09-30,28.1457576751709,57793064
2016-10-03,28.792522430419922,47030940
2016-10-04,29.416738510131836,89462624
2016-10-05,29.38289451599121,54105738
2016-10-06,29.318965911865234,81139232
2016-10-07,30.57490348815918,121863519
2016-10-10,31.46608543395996,122199278
2016-10-13,31.120140075683594,116570010
2016-10-14,31.00733757019043,55370915
2016-10-17,30.8945255279541,70459502
2016-10-18,31.958690643310547,79611549
2016-10-19,32.037654876708984,52204584
2016-10-20,32.229434967041016,53137937
2016-10-21,32.12790298461914,43292971
2016-10-24,32.04141616821289,30249576
2016-10-25,31.22919273376465,91284365
2016-10-26,29.977014541625977,87143462
2016-10-27,29.86796760559082,143898433
2016-10-28,30.492177963256836,71249133
2016-11-01,31.413450241088867,99437101
2016-11-02,31.086299896240234,77777548
2016-11-03,30.330480575561523,89155330
2016-11-04,30.315444946289062,53491224
2016-11-07,31.029897689819336,47403698
2016-11-08,30.732831954956055,34148125
2016-11-09,30.033424377441406,62055448
2016-11-10,32.86492156982422,114386636
2016-11-11,32.075252532958984,91664460
2016-11-15,29.559621810913086,97125654
2016-11-16,29.53706169128418,86390274
2016-11-17,29.53706169128418,45781413
2016-11-18,28.96173667907715,48913275
2016-11-21,27.935176849365234,68920105
2016-11-22,28.431537628173828,43489856
2016-11-23,29.533300399780273,53784202
2016-11-24,29.94317054748535,74701409
2016-11-25,30.740358352661133,74422360
2016-11-28,30.578664779663086,49113352
2016-11-29,30.755401611328125,63137227
2016-11-30,31.214153289794922,56452274
2016-12-01,30.804283142089844,32263469
2016-12-02,30.56361961364746,38028756
2016-12-05,31.097583770751953,36737455
2016-12-06,31.469850540161133,40761211
2016-12-07,30.977252960205078,49335312
2016-12-08,32.43624496459961,99142770
2016-12-09,32.37984085083008,42976535
2016-12-12,31.90228843688965,26152011
2016-12-13,31.66914939880371,33536633
2016-12-14,31.417203903198242,34083595
2016-12-15,31.533781051635742,46751450
2016-12-16,31.138946533203125,37238926
2016-12-19,30.860685348510742,24638319
2016-12-20,30.34552574157715,37167458
2016-12-21,30.420730590820312,28835901
2016-12-22,29.495697021484375,42870755
2016-12-23,29.394176483154297,41901726
2016-12-26,28.58571434020996,33924569
2016-12-27,29.510738372802734,40872165
2016-12-28,29.21367645263672,41356496
2016-12-29,29.506980895996094,35917764
2016-12-30,29.424251556396484,32065755
2017-01-02,30.589942932128906,58548488
2017-01-03,30.330480575561523,35044374
2017-01-04,30.492177963256836,35099342
2017-01-05,31.533781051635742,75532720
2017-01-06,31.552576065063477,43433597
2017-01-09,31.73682975769043,32776833
2017-01-10,32.48136520385742,53724867
2017-01-11,33.71098327636719,119983314
2017-01-12,33.65834045410156,56274460
2017-01-13,33.568092346191406,44420995
2017-01-16,34.47807693481445,70071305
2017-01-17,34.1622200012207,35085425
2017-01-18,35.222618103027344,95692047
2017-01-19,35.13236999511719,36159719
2017-01-20,34.18101501464844,51717555
2017-01-23,34.730018615722656,45657685
2017-01-24,34.91427230834961,39169155
2017-01-25,35.309104919433594,66204769
2017-01-27,35.29405975341797,52243335
2017-01-30,34.74882125854492,34875839
2017-01-31,34.82402801513672,47691783
2017-02-01,35.692657470703125,58490623
2017-02-02,35.869384765625,62851755
2017-02-03,35.55727767944336,55469232
2017-02-06,35.60240936279297,50453281
2017-02-07,35.55727767944336,50765665
2017-02-08,35.395599365234375,118473925
2017-02-09,34.583370208740234,68075108
2017-02-10,35.21133804321289,83045940
2017-02-13,35.54224395751953,51417986
2017-02-14,35.527198791503906,34130103
2017-02-15,34.6021728515625,44384867
2017-02-16,35.34294509887695,50594978
2017-02-17,35.21133804321289,41166906
2017-02-20,36.628971099853516,88599048
2017-02-21,36.922271728515625,84637408
2017-02-22,36.403350830078125,52590986
2017-02-23,36.53120422363281,50491014
2017-02-27,36.14388656616211,28663608
2017-02-28,36.30181884765625,35716963
2017-03-01,37.62920379638672,80993746
2017-03-02,37.20052719116211,60064342
2017-03-03,37.234375,35244808
2017-03-06,37.05387878417969,43594723
2017-03-07,36.24917221069336,53773443
2017-03-08,35.530967712402344,62297509
2017-03-09,35.30533981323242,47188140
2017-03-10,35.177494049072266,47480193
2017-03-14,35.538482666015625,58416709
2017-03-15,36.027320861816406,58377790
2017-03-16,37.57655715942383,109072712
2017-03-17,37.768333435058594,71376618
2017-03-20,37.3509407043457,41937507
2017-03-21,37.33213806152344,52141219
2017-03-22,36.70793151855469,48831437
2017-03-23,37.26445388793945,43316671
2017-03-24,37.09148406982422,32350073
2017-03-27,35.83555221557617,64970273
2017-03-28,36.11380386352539,46146477
2017-03-29,36.42966842651367,34262479
2017-03-30,35.91075134277344,48727568
2017-03-31,36.30181884765625,33748119
2017-04-03,36.538719177246094,32960346
2017-04-05,37.099002838134766,51637081
2017-04-06,37.72697067260742,53098461
2017-04-07,37.09148406982422,56468564
2017-04-10,37.253177642822266,31410883
2017-04-11,36.70793151855469,42873212
2017-04-12,35.903228759765625,52561471
2017-04-13,34.86162567138672,62005435
2017-04-17,34.775146484375,39758080
2017-04-18,33.83506774902344,76697239
2017-04-19,33.898990631103516,98947847
2017-04-20,34.173500061035156,42222213
2017-04-21,33.90652084350586,48743564
2017-04-24,33.895233154296875,52020178
2017-04-25,34.192298889160156,44610082
2017-04-26,34.12837600708008,49063275
2017-04-27,33.53048324584961,64969927
2017-04-28,33.78618621826172,65664757
2017-05-02,33.4703254699707,49217735
2017-05-03,33.15070343017578,52572996
2017-05-04,33.27478790283203,68599439
2017-05-05,32.60921859741211,59847399
2017-05-08,32.48136520385742,57892409
2017-05-09,32.6016960144043,49739988
2017-05-10,32.89875411987305,37155377
2017-05-11,33.177024841308594,58075629
2017-05-12,32.84235382080078,60840632
2017-05-15,34.29758834838867,102387066
2017-05-16,34.33518981933594,108098645
2017-05-17,37.14412307739258,518583508
2017-05-18,36.568809509277344,140336515
2017-05-19,36.8132209777832,95252188
2017-05-22,36.58008575439453,65312372
2017-05-23,36.880897521972656,102647904
2017-05-24,36.350704193115234,75995954
2017-05-25,36.45223617553711,67817838
2017-05-26,38.486549377441406,170458469
2017-05-29,38.181968688964844,71083536
2017-05-30,38.49406814575195,42846530
2017-05-31,37.95634841918945,45818800
2017-06-01,37.388545989990234,40791839
2017-06-02,36.99747848510742,59630340
2017-06-05,36.94859313964844,49779538
2017-06-06,36.873382568359375,43281152
2017-06-07,36.91474914550781,34502787
2017-06-08,37.527671813964844,125201083
2017-06-09,38.13308334350586,66471034
2017-06-12,38.2346076965332,55453719
2017-06-13,38.24965286254883,62615257
2017-06-14,37.80217361450195,49290966
2017-06-15,37.794654846191406,42803287
2017-06-16,37.749534606933594,35948181
2017-06-19,39.07315444946289,100698698
2017-06-20,39.283729553222656,62050673
2017-06-21,38.930259704589844,44722568
2017-06-22,38.7309684753418,40020828
2017-06-23,38.14811706542969,41937853
2017-06-27,38.42262268066406,47716145
2017-06-28,39.152122497558594,72381912
2017-06-29,40.23884582519531,101307681
2017-06-30,41.043540954589844,88894303
2017-07-03,41.40829086303711,67677306
2017-07-04,41.17892074584961,52898301
2017-07-05,41.35940933227539,49602847
2017-07-06,41.71287536621094,68293710
2017-07-07,41.61510467529297,43034358
2017-07-10,42.06634521484375,11320169
2017-07-11,41.87833023071289,51564816
2017-07-12,42.047542572021484,42624612
2017-07-13,42.41229248046875,44634265
2017-07-14,41.99489974975586,49097544
2017-07-17,42.10018539428711,25825143
2017-07-18,42.363407135009766,36130614
2017-07-19,42.95752716064453,34489657
2017-07-20,42.65135192871094,34222531
2017-07-21,42.348995208740234,34584667
2017-07-24,41.98540115356445,22676245
2017-07-25,42.32602310180664,29810704
2017-07-26,43.30582046508789,74390074
2017-07-27,42.96135330200195,42185823
2017-07-28,42.245662689208984,25313280
2017-07-31,43.409149169921875,59036776
2017-08-01,43.814842224121094,53437033
2017-08-02,43.573726654052734,31358550
2017-08-03,42.812095642089844,34494894
2017-08-04,44.07892608642578,35301371
2017-08-07,45.931339263916016,115592594
2017-08-08,47.18669128417969,210405668
2017-08-09,46.31407165527344,54607021
2017-08-10,46.26047897338867,80652309
2017-08-11,45.67873764038086,90049019
2017-08-14,47.745479583740234,89803620
2017-08-16,48.31574249267578,76939845
2017-08-17,47.87177658081055,48456307
2017-08-18,47.89091491699219,35541878
2017-08-21,47.57707977294922,43827924
2017-08-22,47.42781066894531,38737966
2017-08-23,48.57600021362305,41132489
2017-08-24,48.91279983520508,51528531
2017-08-28,48.67167282104492,37426701
2017-08-29,48.239192962646484,36140921
2017-08-30,48.88600540161133,36989980
2017-08-31,48.840087890625,68373774
2017-09-01,49.84666061401367,64575820
2017-09-04,49.49072265625,25309449
2017-09-05,49.915550231933594,33260503
2017-09-06,49.98444366455078,28617289
2017-09-07,49.96913146972656,26286330
2017-09-08,50.16815185546875,49460121
2017-09-11,50.71928024291992,33680335
2017-09-12,52.27315902709961,108238379
2017-09-13,52.024383544921875,24700131
2017-09-14,51.87512969970703,20005664
2017-09-15,51.970802307128906,34026916
2017-09-18,51.50770568847656,24070103
2017-09-19,51.77561569213867,38928081
2017-09-20,52.636756896972656,92165763
2017-09-21,52.59465408325195,64366580
2017-09-22,50.06098556518555,46381421
2017-09-25,48.97020721435547,74144046
2017-09-26,50.068641662597656,41446259
2017-09-27,49.705047607421875,52058583
2017-09-28,49.731834411621094,69053825
2017-09-29,49.95000076293945,29796912
2017-10-03,50.581504821777344,29913418
2017-10-04,50.44371032714844,29226912
2017-10-05,50.596805572509766,16296360
2017-10-06,52.92763137817383,99343423
2017-10-09,53.37160110473633,58978544
2017-10-10,52.877872467041016,44061515
2017-10-11,52.227230072021484,43999504
2017-10-12,52.939109802246094,47487845
2017-10-13,54.4126091003418,101064329
2017-10-16,54.72645950317383,44220488
2017-10-17,54.53892517089844,29402091
2017-10-18,54.31693649291992,35701544
2017-10-19,54.00310134887695,4307990
2017-10-23,54.500648498535156,28548854
2017-10-24,55.0594367980957,47809675
2017-10-25,54.92930221557617,33219096
2017-10-26,55.81722640991211,59475816
2017-10-27,55.63352584838867,29148327
2017-10-30,54.97904968261719,52971878
2017-10-31,53.87297439575195,142174315
2017-11-01,54.14088439941406,57294888
2017-11-02,54.04903030395508,33414711
2017-11-03,54.26335525512695,34506786
2017-11-06,54.10261154174805,41384185
2017-11-07,53.061580657958984,46784135
2017-11-08,53.05775833129883,37686385
2017-11-09,53.84235763549805,26681686
2017-11-10,53.75432205200195,30366996
2017-11-13,52.897010803222656,33991271
2017-11-14,52.47217559814453,38746541
2017-11-15,51.87894821166992,45112424
2017-11-16,52.53725051879883,25878074
2017-11-17,53.673946380615234,42330659
2017-11-20,53.74666976928711,34524451
2017-11-21,54.450897216796875,38387418
2017-11-22,54.42792892456055,23847964
2017-11-23,54.55423355102539,38658332
2017-11-24,54.228912353515625,20206969
2017-11-27,53.77728271484375,19579324
2017-11-28,53.876792907714844,26703906
2017-11-29,54.29397201538086,32084900
2017-11-30,53.13430404663086,41880828
2017-12-01,52.12006759643555,41374256
2017-12-04,52.64824295043945,24375802
2017-12-05,51.72203063964844,34943035
2017-12-06,51.10200881958008,44777053
2017-12-07,52.663551330566406,42212179
2017-12-08,53.4136962890625,78807287
2017-12-11,53.547645568847656,23169687
2017-12-12,52.80516052246094,41775280
2017-12-13,52.11623764038086,38435395
2017-12-14,52.49131774902344,32998436
2017-12-15,53.17639923095703,33150073
2017-12-18,53.941864013671875,53465226
2017-12-19,54.36286544799805,21360971
2017-12-20,53.79642105102539,77547988
2017-12-21,54.699668884277344,50398659
2017-12-22,54.43941116333008,34876783
2017-12-26,55.23931121826172,63096450
2017-12-27,55.37710189819336,37906729
2017-12-28,56.356876373291016,121467439
2017-12-29,56.06217575073242,29562261
2018-01-01,55.28141403198242,19249201
2018-01-02,55.82489013671875,25896915
2018-01-03,56.25737762451172,27654851
2018-01-04,58.193973541259766,84839667
2018-01-05,58.993896484375,74902157
2018-01-08,58.84461975097656,27125386
2018-01-09,59.11636734008789,33564228
2018-01-10,59.1584587097168,31392536
2018-01-11,59.01303482055664,20307574
2018-01-12,58.959442138671875,22775863
2018-01-15,59.97367858886719,43786108
2018-01-16,58.614986419677734,29298001
2018-01-17,59.24648666381836,31364071
2018-01-18,57.5433464050293,48458449
2018-01-19,57.63902282714844,33776091
2018-01-22,57.577789306640625,37845999
2018-01-23,59.6866340637207,84355326
2018-01-24,58.33559036254883,51799508
2018-01-25,58.87525177001953,88142731
2018-01-29,59.9468879699707,68308614
2018-01-30,59.388099670410156,63179831
2018-01-31,56.64592742919922,129589020
2018-02-01,55.97909164428711,74039310
2018-02-02,53.86604690551758,65009260
2018-02-05,53.35186004638672,46987220
2018-02-06,53.38801574707031,67045570
2018-02-07,53.17109298706055,67895210
2018-02-08,53.94639587402344,58455900
2018-02-09,55.05915451049805,91402880
2018-02-12,57.29269027709961,120363070
2018-02-14,56.882938385009766,48859510
2018-02-15,56.284385681152344,51312450
2018-02-16,55.41667938232422,50127600
2018-02-19,52.130645751953125,176587080
2018-02-20,52.32748031616211,102144780
2018-02-21,51.49593734741211,103075390
2018-02-22,51.22277069091797,89506310
2018-02-23,54.45256423950195,218662140
2018-02-26,54.64939880371094,91997750
2018-02-27,53.97050857543945,68053760
2018-02-28,53.95845413208008,71126500
2018-03-01,54.23563003540039,71283990
2018-03-05,52.69706344604492,97854660
2018-03-06,53.006385803222656,84149600
2018-03-07,52.03824996948242,51305770
2018-03-08,51.090206146240234,71261050
2018-03-09,48.748199462890625,180963670
2018-03-12,50.04574203491211,121935810
2018-03-13,50.52377700805664,104904050
2018-03-14,49.856937408447266,86551810
2018-03-15,49.14991760253906,75109510
2018-03-16,48.221954345703125,117395820
2018-03-19,46.19329071044922,125423170
2018-03-20,47.64348220825195,176450350
2018-03-21,46.77979278564453,119394510
2018-03-22,46.671329498291016,114862450
2018-03-23,45.51438903808594,141335500
2018-03-26,46.72355270385742,109299980
2018-03-27,47.40244674682617,100381680
2018-03-28,45.879947662353516,186550570
2018-04-02,46.50261306762695,68893450
2018-04-03,46.574920654296875,105083170
2018-04-04,45.036346435546875,139098930
2018-04-05,46.635169982910156,132621680
2018-04-06,47.177494049072266,85202010
2018-04-09,47.09313201904297,94892210
2018-04-10,48.3585319519043,108507100
2018-04-11,48.85264587402344,87247160
2018-04-12,48.077335357666016,66284990
2018-04-13,47.727840423583984,67161460
2018-04-16,47.531002044677734,51458130
2018-04-17,47.888526916503906,64003780
2018-04-18,48.33443069458008,42591350
2018-04-19,49.96941375732422,108170080
2018-04-20,48.704010009765625,63462740
2018-04-23,48.73614501953125,45911610
2018-04-24,48.00904846191406,59530460
2018-04-25,47.09714889526367,41224430
2018-04-26,46.45440673828125,74630620
2018-04-27,47.38637924194336,47174050
2018-04-30,47.800148010253906,36587540
2018-05-02,46.15713882446289,42410680
2018-05-03,47.03689193725586,67789040
2018-05-04,46.659278869628906,38816320
2018-05-07,47.920658111572266,45535090
2018-05-08,47.912628173828125,41259580
2018-05-09,48.458961486816406,62382110
2018-05-10,47.73587417602539,40012690
2018-05-11,48.788368225097656,61555370
2018-05-14,49.03744125366211,51731390
2018-05-15,50.29078674316406,128184360
2018-05-16,49.91317367553711,84263010
2018-05-17,49.033416748046875,160373410
2018-05-18,47.51493453979492,82166290
2018-05-21,46.357994079589844,71622330
2018-05-22,46.341922760009766,60966460
2018-05-23,43.38931655883789,171483860
2018-05-24,44.044105529785156,87008220
2018-05-25,45.654991149902344,88956190
2018-05-28,46.32987594604492,52356670
2018-05-29,46.225425720214844,64779110
2018-05-30,46.4302978515625,62018880
2018-05-31,46.24952697753906,66525100
2018-06-01,45.044376373291016,92496660
2018-06-04,45.486270904541016,87425270
2018-06-05,45.96430587768555,46882040
2018-06-06,46.57893371582031,44453050
2018-06-07,48.37459945678711,92793530
2018-06-08,48.24605178833008,83860780
2018-06-11,47.29399108886719,51511010
2018-06-12,46.59901809692383,85889350
2018-06-13,45.60276412963867,90600320
2018-06-14,45.75943374633789,74825140
2018-06-15,45.474212646484375,62087640
2018-06-18,44.87164306640625,105669650
2018-06-19,44.5904426574707,94521900
2018-06-20,45.25327682495117,66107030
2018-06-21,44.81138610839844,84651980
2018-06-22,45.14079666137695,62478450
2018-06-25,44.87968063354492,38992610
2018-06-26,44.148555755615234,102075820
2018-06-27,43.642391204833984,56541500
2018-06-28,44.0641975402832,86559780
2018-06-29,45.61482238769531,94773840
2018-07-02,45.032325744628906,157630480
2018-07-03,45.474212646484375,112361770
2018-07-04,45.883968353271484,68629470
2018-07-05,45.24612045288086,60136530
2018-07-06,45.262474060058594,66147830
2018-07-09,45.43421173095703,74437510
2018-07-10,46.50136947631836,100049050
2018-07-11,45.4423828125,61112450
2018-07-12,45.40149688720703,84439880
2018-07-13,45.67953109741211,55791290
2018-07-16,42.46168518066406,111598850
2018-07-17,43.53293228149414,107927060
2018-07-18,41.23505783081055,164512090
2018-07-19,40.77711486816406,168086510
2018-07-20,41.14918899536133,72614090
2018-07-23,42.26951217651367,68781340
2018-07-24,43.128150939941406,83983690
2018-07-25,43.8314094543457,67826380
2018-07-26,43.73737335205078,74811910
2018-07-27,44.992618560791016,64628850
2018-07-30,45.22158432006836,47877070
2018-07-31,46.04343032836914,63739660
2018-08-01,45.4505615234375,60679920
2018-08-02,45.32789993286133,94930990
2018-08-03,45.34016036987305,55706900
2018-08-06,45.242034912109375,55438810
2018-08-07,46.86935806274414,92858540
2018-08-08,47.225074768066406,90084310
2018-08-09,47.916072845458984,57576870
2018-08-10,47.1596565246582,57254930
2018-08-13,46.513633728027344,78568310
2018-08-14,47.343650817871094,240305600
2018-08-16,46.41141128540039,79071710
2018-08-17,47.44178009033203,87432140
2018-08-20,49.01594924926758,116623180
2018-08-21,47.60533142089844,108737070
2018-08-23,46.74668884277344,66768300
2018-08-24,47.069705963134766,60602690
2018-08-27,47.527645111083984,53919460
2018-08-28,48.2758903503418,90212970
2018-08-29,48.590721130371094,98855320
2018-08-30,49.747833251953125,102836570
2018-08-31,49.105899810791016,86333540
2018-09-03,49.126346588134766,54791330
2018-09-04,48.49667739868164,60995720
2018-09-05,48.60707092285156,57911570
2018-09-06,49.08954620361328,66897160
2018-09-07,50.63100814819336,94458360
2018-09-10,50.181243896484375,62842580
2018-09-11,48.41899490356445,81111720
2018-09-12,49.51886749267578,85663840
2018-09-14,50.29164123535156,79755590
2018-09-17,50.406131744384766,71838910
2018-09-18,50.10764694213867,78280630
2018-09-19,50.79864501953125,101346270
2018-09-21,51.12165451049805,229773790
2018-09-24,49.69468307495117,112429140
2018-09-25,49.146785736083984,109856240
2018-09-26,49.792808532714844,86477200
2018-09-27,50.0095100402832,82395420
2018-09-28,47.531734466552734,130270070
2018-10-01,47.691192626953125,69729490
2018-10-03,47.39680480957031,72170630
2018-10-04,47.617591857910156,76298400
2018-10-05,46.448211669921875,78689670
2018-10-08,45.77766036987305,91710480
2018-10-09,46.816200256347656,77344340
2018-10-10,47.72799301147461,71533140
2018-10-11,45.39740753173828,104016430
2018-10-12,47.14330291748047,57334070
2018-10-15,46.61176300048828,41001830
2018-10-16,46.84073257446289,56605680
2018-10-17,45.35651397705078,50205760
2018-10-19,45.381046295166016,77181960
2018-10-22,44.54694366455078,51019510
2018-10-23,44.616458892822266,46346880
2018-10-24,44.980350494384766,42196170
2018-10-25,44.628719329833984,44678590
2018-10-26,45.1030158996582,60994130
2018-10-29,46.91432571411133,57383130
2018-10-30,46.16200256347656,40153190
2018-10-31,45.291099548339844,140703330
2018-11-01,45.5159797668457,54690570
2018-11-02,46.94295120239258,79794570
2018-11-05,47.22098922729492,45358560
2018-11-06,47.081966400146484,39102740
2018-11-07,47.44995880126953,4138710
2018-11-09,46.79166793823242,43487160
2018-11-12,47.662574768066406,81209960
2018-11-13,48.18184280395508,76264870
2018-11-14,48.17366409301758,216492890
2018-11-15,48.194114685058594,63895210
2018-11-16,46.94704055786133,74569270
2018-11-19,47.62577438354492,48892870
2018-11-20,46.063873291015625,76363680
2018-11-21,45.09074783325195,112428980
2018-11-22,44.12989044189453,85416120
2018-11-26,43.398006439208984,100037870
2018-11-27,42.71109390258789,157909070
2018-11-28,42.84602355957031,113524660
2018-11-29,43.631065368652344,139293320
2018-11-30,43.29987335205078,78540710
2018-12-03,44.003143310546875,120923650
2018-12-04,44.01131820678711,61538100
2018-12-05,42.33493423461914,70780820
2018-12-06,41.721614837646484,129667140
2018-12-07,41.64801788330078,82529270
2018-12-10,41.120574951171875,54147050
2018-12-11,40.94884490966797,112425720
2018-12-12,42.54345703125,81419830
2018-12-13,41.889259338378906,68100950
2018-12-14,41.99555969238281,51559800
2018-12-17,42.85011672973633,48048540
2018-12-18,43.09543228149414,56735270
2018-12-19,43.128150939941406,49280430
2018-12-20,42.796958923339844,35173350
2018-12-21,42.539363861083984,59696700
2018-12-24,42.00782775878906,43294400
2018-12-26,41.987388610839844,49537410
2018-12-27,41.41905212402344,50169310
2018-12-28,41.93832015991211,63074080
2018-12-31,42.60887908935547,79658120
2019-01-01,42.175472259521484,41281730
2019-01-02,40.36823654174805,117473500
2019-01-03,39.35423278808594,135329440
2019-01-04,39.877593994140625,104800720
2019-01-07,39.70177459716797,84067870
2019-01-08,40.18015670776367,62697060
2019-01-09,39.186588287353516,126966600
2019-01-10,39.284725189208984,70810000
2019-01-11,38.77771759033203,75408240
2019-01-14,38.50376510620117,58899170
2019-01-15,38.84722900390625,76031810
2019-01-16,38.806339263916016,52802930
2019-01-17,38.691856384277344,42819350
2019-01-18,38.48741149902344,49148490
2019-01-21,38.573280334472656,46136900
2019-01-22,37.334388732910156,89577660
2019-01-23,37.992671966552734,72593860
2019-01-24,37.67784118652344,47908460
2019-01-25,37.035911560058594,41579670
2019-01-28,36.44712829589844,43351470
2019-01-29,36.29175567626953,52257240
2019-01-30,38.22573471069336,108579250
2019-01-31,38.98215866088867,92437290
2019-02-01,38.818607330322266,50159940
2019-02-04,38.92900085449219,109720290
2019-02-05,38.000858306884766,72819270
2019-02-06,39.669063568115234,109992650
2019-02-07,39.99207305908203,78573380
2019-02-08,38.33203887939453,84145140
2019-02-11,39.30925369262695,232623140
2019-02-12,39.85715103149414,188361110
2019-02-14,39.46053695678711,61850420
2019-02-15,38.22982406616211,74992400
2019-02-18,38.07036590576172,62535140
2019-02-19,38.51194763183594,82245450
2019-02-20,40.1638069152832,154872510
2019-02-21,40.79347229003906,117827140
2019-02-22,41.07559585571289,100057230
2019-02-25,41.3045654296875,103576040
2019-02-26,41.18190383911133,98562990
2019-02-27,41.46811294555664,94443460
2019-02-28,40.92430877685547,74854180
2019-03-01,41.509002685546875,66725690
2019-03-05,42.66611862182617,91180370
2019-03-06,42.59252166748047,63112270
2019-03-07,42.61705780029297,61536310
2019-03-08,41.52944564819336,65048470
2019-03-11,42.57616424560547,59082750
2019-03-12,42.94415283203125,82982750
2019-03-13,42.01192092895508,64091530
2019-03-14,42.33084487915039,44966420
2019-03-15,42.15093231201172,42339380
2019-03-18,42.948246002197266,63176050
2019-03-19,43.13632583618164,63298400
2019-03-20,41.999656677246094,87023070
2019-03-22,42.39217758178711,52334460
2019-03-25,42.126399993896484,50368870
2019-03-26,42.46986389160156,33298250
2019-03-27,42.179561614990234,52391580
2019-03-28,41.40269470214844,89650930
2019-04-01,43.761898040771484,135235540
2019-04-02,43.3939208984375,50868180
2019-04-03,43.786434173583984,114896800
2019-04-04,43.3939208984375,52599170
2019-04-05,44.91902160644531,100377130
2019-04-08,44.89857864379883,106009010
2019-04-09,45.225677490234375,66189360
2019-04-10,44.51832580566406,78891530
2019-04-11,43.806880950927734,60823980
2019-04-12,43.639244079589844,62740160
2019-04-15,45.23385238647461,103903170
2019-04-16,45.242034912109375,63236540
2019-04-18,44.41201400756836,66605220
2019-04-22,43.68421936035156,36976860
2019-04-23,42.796958923339844,51193760
2019-04-24,42.95233154296875,83768350
2019-04-25,41.76659393310547,83594180
2019-04-26,44.587833404541016,381810110
2019-04-30,45.565040588378906,142581610
2019-05-02,45.381046295166016,90100300
2019-05-03,44.796356201171875,58796360
2019-05-06,43.827327728271484,99648390
2019-05-07,43.38983154296875,65414980
2019-05-08,42.739715576171875,64784320
2019-05-09,42.4535026550293,51055970
2019-05-10,39.80807876586914,372409210
2019-05-13,38.62234115600586,159569200
2019-05-14,38.3974609375,211286060
2019-05-15,37.857749938964844,126650570
2019-05-16,38.37293243408203,112547310
2019-05-17,38.389286041259766,70884860
2019-05-20,39.56275939941406,84575830
2019-05-21,38.642791748046875,63370580
2019-05-22,38.679588317871094,83642240
2019-05-23,38.000858306884766,93403760
2019-05-24,39.59138107299805,108824810
2019-05-27,41.91379165649414,182077050
2019-05-28,41.464027404785156,99606130
2019-05-29,40.33961486816406,85236870
2019-05-30,39.90211868286133,72043630
2019-05-31,39.93074417114258,102769910
2019-06-03,40.695343017578125,85053920
2019-06-04,40.695343017578125,62125660
2019-06-06,39.628177642822266,72227990
2019-06-07,39.423736572265625,68111040
2019-06-10,39.74674606323242,68509170
2019-06-11,40.274200439453125,65345480
2019-06-12,41.36589431762695,127555250
2019-06-13,41.096038818359375,72248570
2019-06-14,41.03470993041992,66058960
2019-06-17,38.687767028808594,119382860
2019-06-18,38.62234115600586,106394540
2019-06-19,40.4050407409668,188375230
2019-06-20,40.96928405761719,78263560
2019-06-21,40.695343017578125,61262460
2019-06-24,39.76310729980469,72620000
2019-06-25,40.72396469116211,136491190
2019-06-26,41.75432586669922,129600840
2019-06-27,41.76250457763672,119467140
2019-06-28,41.247314453125,87600340
2019-07-01,41.45585250854492,85443750
2019-07-02,41.60713577270508,57240040
2019-07-03,41.72979736328125,69464090
2019-07-04,41.56196975708008,72630590
2019-07-05,40.13964080810547,76163480
2019-07-08,39.27534866333008,80825910
2019-07-09,39.30891418457031,68585800
2019-07-10,38.16350555419922,134813440
2019-07-11,38.76767349243164,99870380
2019-07-12,39.68232345581055,132441180
2019-07-15,39.296329498291016,78060790
2019-07-16,40.00119400024414,64352100
2019-07-17,39.91727828979492,54793220
2019-07-18,39.1536750793457,52331730
2019-07-19,38.436222076416016,72848850
2019-07-22,39.0655632019043,69544520
2019-07-23,38.58726119995117,55292840
2019-07-24,37.425071716308594,83420010
2019-07-25,36.95096206665039,75280910
2019-07-26,37.383113861083984,65857860
2019-07-29,36.37196731567383,78727230
2019-07-30,34.82797622680664,94629210
2019-07-31,36.25448989868164,115418000
2019-08-01,35.24333953857422,94219850
2019-08-02,34.32869338989258,134859520
2019-08-05,33.50214385986328,112888540
2019-08-06,33.69934844970703,101975850
2019-08-07,32.046268463134766,133016090
2019-08-08,30.82953643798828,228263940
2019-08-09,30.405773162841797,133527610
2019-08-13,29.26036262512207,147820510
2019-08-14,30.598772048950195,187387690
2019-08-16,30.464509963989258,119202110
2019-08-19,30.170822143554688,98849660
2019-08-20,30.061731338500977,93637340
2019-08-21,28.782060623168945,114233780
2019-08-22,28.001672744750977,154598000
2019-08-23,28.970869064331055,112101340
2019-08-26,28.366697311401367,237649990
2019-08-27,29.444971084594727,173752960
2019-08-28,28.274391174316406,126417160
2019-08-29,28.156911849975586,134813100
2019-08-30,28.941497802734375,179722070
2019-09-03,27.80867576599121,92206530
2019-09-04,28.467388153076172,129047100
2019-09-05,28.962472915649414,142508850
2019-09-06,29.822582244873047,115554870
2019-09-09,29.68832015991211,143296190
2019-09-11,30.8001651763916,136500270
2019-09-12,30.632339477539062,188468200
2019-09-13,30.825336456298828,116222490
2019-09-16,30.300880432128906,80643190
2019-09-17,28.94569206237793,131984000
2019-09-18,30.061731338500977,162531840
2019-09-19,28.920520782470703,136564950
2019-09-20,30.92603302001953,267647140
2019-09-23,31.664466857910156,163931640
2019-09-24,31.114837646484375,95789890
2019-09-25,30.380598068237305,91169850
2019-09-26,31.530202865600586,140661520
2019-09-27,30.179208755493164,105687770
2019-09-30,30.25053596496582,147196960
2019-10-01,29.499513626098633,125641890
2019-10-03,28.49675750732422,121309560
2019-10-04,27.951326370239258,114452160
2019-10-07,27.254852294921875,124157800
2019-10-09,28.23243522644043,147767410
2019-10-10,27.687000274658203,115074980
2019-10-11,28.446413040161133,171588490
2019-10-14,28.937305450439453,167239630
2019-10-15,29.302316665649414,179722070
2019-10-16,29.151281356811523,128143020
2019-10-17,29.881317138671875,166951580
2019-10-18,30.17501449584961,165680360
2019-10-22,29.74705696105957,119442830
2019-10-23,29.889707565307617,93184500
2019-10-24,30.20018768310547,109734020
2019-10-25,30.397382736206055,149966920
2019-10-27,30.628143310546875,10820130
2019-10-29,32.742740631103516,251553140
2019-10-30,32.558135986328125,143714420
2019-10-31,31.932985305786133,217560230
2019-11-01,33.52313232421875,241111950
2019-11-04,34.332889556884766,289344340
2019-11-05,33.896541595458984,208744340
2019-11-06,33.938499450683594,179351470
2019-11-07,33.82521438598633,407007600
2019-11-08,33.393062591552734,214235200
2019-11-11,33.686763763427734,135739740
2019-11-13,33.38887023925781,175114690
2019-11-14,32.88959503173828,108694250
2019-11-15,33.10356903076172,118132590
2019-11-18,34.408409118652344,189065280
2019-11-19,33.711936950683594,142650830
2019-11-20,33.455997467041016,122556020
2019-11-21,32.31478500366211,102085540
2019-11-22,33.565086364746094,172719490
2019-11-25,35.201385498046875,276124580
2019-11-26,35.59157943725586,282763120
2019-11-27,35.35661697387695,109846790
2019-11-28,36.258689880371094,157660730
2019-11-29,35.872684478759766,126319560
2019-12-02,35.31466293334961,83371710
2019-12-03,33.53571701049805,168706560
2019-12-04,34.34547424316406,261132490
2019-12-05,33.548309326171875,111108840
2019-12-06,33.837799072265625,169310820
2019-12-09,34.12730026245117,123184520
2019-12-10,33.73711013793945,93495850
2019-12-11,34.03080749511719,82278630
2019-12-12,35.134254455566406,149846710
2019-12-13,35.948211669921875,216281830
2019-12-16,35.32725143432617,95658310
2019-12-17,36.871246337890625,307577380
2019-12-18,37.3201789855957,400283980
2019-12-19,37.488006591796875,205472860
2019-12-20,38.68376159667969,269312620
2019-12-23,38.7802619934082,186311430
2019-12-24,38.85158920288086,112355050
2019-12-26,39.26276397705078,182556030
2019-12-27,39.39702224731445,111443330
2019-12-30,39.83756637573242,114620740
2019-12-31,39.611000061035156,96441450
2020-01-01,39.25017547607422,121005300
2020-01-02,40.685081481933594,216749610
2020-01-03,40.58857727050781,129568630
2020-01-06,39.71169662475586,96016080
2020-01-07,39.95084762573242,131957880
2020-01-08,39.879520416259766,133048410
2020-01-09,40.54242706298828,101311520
2020-01-10,40.79835891723633,159276340
2020-01-13,41.5997314453125,109427500
2020-01-14,41.8388786315918,156608220
2020-01-15,42.13257598876953,121179480
2020-01-16,41.486446380615234,104383690
2020-01-17,41.557777404785156,56824600
2020-01-20,41.171775817871094,72918780
2020-01-21,39.955039978027344,113158030
2020-01-22,39.86273956298828,76621710
2020-01-23,40.2990837097168,72000200
2020-01-24,40.56340789794922,74811300
2020-01-27,38.80543518066406,129631190
2020-01-28,37.44605255126953,180152830
2020-01-29,37.945335388183594,110818340
2020-01-30,37.6390495300293,146520160
2020-01-31,36.8125114440918,107387270
2020-02-03,36.59014129638672,162371260
2020-02-04,37.9201545715332,133362630
2020-02-05,39.86273956298828,160567650
2020-02-06,40.07671356201172,166660740
2020-02-07,39.522891998291016,116499090
2020-02-10,37.24046325683594,267960480
2020-02-11,37.2656364440918,168243710
2020-02-12,37.58869552612305,117858580
2020-02-13,37.026485443115234,99652210
2020-02-14,36.46427536010742,94848170
2020-02-17,36.65726852416992,97247650
2020-02-18,36.199947357177734,115024230
2020-02-19,36.350990295410156,84651090
2020-02-20,37.219486236572266,129802370
2020-02-24,34.86153793334961,175231420
2020-02-25,35.3524284362793,145581760
2020-02-26,34.932865142822266,142707060
2020-02-27,34.63916778564453,102263790
2020-02-28,32.03368377685547,245328330
2020-03-02,30.548423767089844,202207720
2020-03-03,32.5203742980957,186489330
2020-03-04,31.64768409729004,229371480
2020-03-05,31.530202865600586,146284680
2020-03-06,29.495323181152344,148481880
2020-03-09,27.04507064819336,204221360
2020-03-11,25.15283966064453,286928700
2020-03-12,24.120710372924805,437671340
2020-03-13,27.414281845092773,338414370
2020-03-16,24.301122665405273,236054820
2020-03-17,23.726320266723633,206539390
2020-03-18,23.56688690185547,187721700
2020-03-19,22.811670303344727,187219810
2020-03-20,24.98501205444336,173077660
2020-03-23,22.752931594848633,121004020
2020-03-24,22.81587028503418,129288020
2020-03-25,24.0661678314209,94428290
2020-03-26,23.86897087097168,114938330
2020-03-27,23.264801025390625,111835940
2020-03-30,21.31802749633789,158537210
2020-03-31,22.622867584228516,157868130
2020-04-01,22.35015296936035,119647990
2020-04-03,21.292850494384766,125266950
2020-04-07,23.176694869995117,159566590
2020-04-08,23.055021286010742,204349980
2020-04-09,23.902538299560547,138556280
2020-04-13,23.70953941345215,155103280
2020-04-15,23.927711486816406,209917430
2020-04-16,24.24238395690918,172487980
2020-04-17,24.61579704284668,174923730
2020-04-20,24.032604217529297,119607480
2020-04-21,22.316587448120117,169249100
2020-04-22,22.51797866821289,147898560
2020-04-23,22.68160629272461,154678570
2020-04-24,22.450849533081055,123808460
2020-04-27,22.794891357421875,124106120
2020-04-28,22.954320907592773,85471050
2020-04-29,23.717927932739258,198765690
2020-04-30,25.031164169311523,236333720
2020-05-04,22.958518981933594,128914590
2020-05-05,22.878803253173828,121823300
2020-05-06,23.30675506591797,95077310
2020-05-07,23.147321701049805,89583760
2020-05-08,22.8997802734375,98777550
2020-05-11,23.176694869995117,109074080
2020-05-12,22.987890243530273,150402970
2020-05-13,23.206064224243164,147231160
2020-05-14,22.534761428833008,107969020
2020-05-15,22.945932388305664,149896650
2020-05-18,22.371129989624023,116153670
2020-05-19,22.824256896972656,168970940
2020-05-20,23.764081954956055,144218120
2020-05-21,23.80603790283203,130358110
2020-05-22,23.029844284057617,106567390
2020-05-26,23.533321380615234,121075590
2020-05-27,24.162668228149414,140074620
2020-05-28,24.796207427978516,166019580
2020-05-29,24.771034240722656,131279850
2020-06-01,26.449289321899414,243843600
2020-06-02,26.80172348022461,165626630
2020-06-03,26.633895874023438,103869540
2020-06-04,26.84787368774414,112512660
2020-06-05,28.442214965820312,309184760
2020-06-08,27.9932861328125,164816490
2020-06-09,27.87580680847168,149268320
2020-06-10,27.18772315979004,172188830
2020-06-11,26.277267456054688,139066840
2020-06-12,26.650680541992188,175578850
2020-06-15,25.694076538085938,185810020
2020-06-16,25.924835205078125,234418060
2020-06-17,25.861902236938477,114470230
2020-06-18,26.69263458251953,113692780
2020-06-19,26.898223876953125,151342880
2020-06-22,27.330371856689453,110312750
2020-06-23,27.85902214050293,125450560
2020-06-24,27.3597412109375,207826420
2020-06-25,27.112201690673828,113456530
2020-06-26,27.175132751464844,97063330
2020-06-29,26.92339515686035,119611330
2020-06-30,27.414281845092773,365236470
2020-07-01,27.162546157836914,104894330
2020-07-02,28.102371215820312,119713930
2020-07-03,27.68280792236328,106126140
2020-07-06,28.438018798828125,141439660
2020-07-07,27.716371536254883,108393710
2020-07-08,28.043630599975586,215601630
2020-07-09,28.90793228149414,244037810
2020-07-10,28.42123794555664,125261130
2020-07-13,28.706539154052734,121150000
2020-07-14,28.24921989440918,83070350
2020-07-15,28.471588134765625,96874130
2020-07-16,28.668779373168945,105860440
2020-07-17,29.449167251586914,244153950
2020-07-20,29.57084083557129,95320490
2020-07-21,30.13725471496582,113681040
2020-07-22,29.373647689819336,178429190
2020-07-23,29.52888298034668,96250490
2020-07-24,29.042194366455078,89188290
2020-07-27,29.60860252380371,118356070
2020-07-28,30.082706451416016,106392570
2020-07-29,31.362377166748047,301158810
2020-07-30,30.762401580810547,103982570
2020-07-31,30.737228393554688,90249550
2020-08-03,31.341400146484375,111369710
2020-08-04,31.236507415771484,111842600
2020-08-05,33.2126579284668,305597410
2020-08-06,34.47383499145508,221228070
2020-08-07,34.783756256103516,151763170
2020-08-10,35.313194274902344,120182110
2020-08-11,35.85124206542969,258851910
2020-08-12,35.68337631225586,115744020
2020-08-13,35.5628547668457,124220440
2020-08-14,36.0277214050293,477423650
2020-08-17,36.59160232543945,181455010
2020-08-18,37.405128479003906,173400200
2020-08-19,37.16407775878906,118436810
2020-08-20,37.24156188964844,158466000
2020-08-21,36.918724060058594,134818760
2020-08-24,36.97468948364258,90928540
2020-08-25,36.50120544433594,105529000
2020-08-26,36.5872917175293,79571570
2020-08-27,36.74655532836914,95491160
2020-08-28,36.5184211730957,152112670
2020-08-31,35.55424118041992,157459100
2020-09-01,36.901512145996094,140728230
2020-09-02,37.762393951416016,117392780
2020-09-03,37.71504211425781,102142880
2020-09-04,36.268768310546875,105290810
2020-09-07,36.372074127197266,96263460
2020-09-08,34.8741455078125,116372720
2020-09-09,35.93302536010742,319997830
2020-09-10,35.12379837036133,229205440
2020-09-11,35.08076095581055,136871250
2020-09-14,34.83540725708008,123310520
2020-09-15,34.887062072753906,91323090
2020-09-16,34.83110046386719,99873490
2020-09-17,34.323184967041016,148080220
2020-09-18,34.04770278930664,168417030
2020-09-21,32.14516067504883,141383050
2020-09-22,32.20973205566406,220130270
2020-09-23,31.103504180908203,169844110
2020-09-24,29.605579376220703,124957470
2020-09-25,30.311498641967773,122425760
2020-09-28,31.077674865722656,122701960
2020-09-29,31.85677146911621,178916090
2020-09-30,30.97006607055664,129636870
2020-10-01,31.417726516723633,95540970
2020-10-05,32.91134262084961,195905330
2020-10-06,32.48951721191406,142863360
2020-10-07,31.94716453552246,96937190
2020-10-08,32.166690826416016,141111310
2020-10-09,31.809423446655273,220065830
2020-10-12,31.94716453552246,157568610
2020-10-13,31.710424423217773,119024640
2020-10-14,32.33025360107422,148921160
2020-10-15,32.18820571899414,316506980
2020-10-16,33.90565872192383,288554790
2020-10-19,34.04770278930664,147289680
2020-10-20,33.78083419799805,109496320
2020-10-21,34.783756256103516,263519520
2020-10-22,35.265846252441406,208883010
2020-10-23,36.453857421875,285885950
2020-10-26,35.158233642578125,166073190
2020-10-27,35.38206481933594,160621710
2020-10-28,34.63310241699219,169657540
2020-10-29,34.55562210083008,138603960
2020-10-30,35.34332275390625,180209980
2020-11-02,34.68045425415039,131431090
2020-11-03,35.02910614013672,122580340
2020-11-04,34.770843505859375,136143660
2020-11-05,36.630332946777344,265177560
2020-11-06,36.71642303466797,173981930
2020-11-09,37.732261657714844,158308620
2020-11-10,38.042171478271484,262002400
2020-11-11,40.801292419433594,368618330
2020-11-12,40.732421875,234936850
2020-11-13,41.8859977722168,234181870
2020-11-14,42.37239074707031,78374000
2020-11-17,44.99806594848633,642845990
2020-11-18,44.52458572387695,174815130
2020-11-19,45.07554244995117,201379980
2020-11-20,45.876163482666016,266860000
2020-11-23,46.75425338745117,170254250
2020-11-24,47.2019157409668,130291260
2020-11-25,46.594993591308594,176809890
2020-11-26,48.93227767944336,225701850
2020-11-27,49.70276641845703,462912480
2020-12-01,50.43020248413086,147391090
2020-12-02,52.02713394165039,249970850
2020-12-03,53.451881408691406,247756520
2020-12-04,53.606842041015625,201535520
2020-12-07,52.90522766113281,155883210
2020-12-08,52.81052780151367,170158530
2020-12-09,52.45756912231445,127307310
2020-12-10,52.522132873535156,198293280
2020-12-11,53.520748138427734,163956980
2020-12-14,53.95549774169922,177227150
2020-12-15,54.69585037231445,132263120
2020-12-16,55.388851165771484,160402560
2020-12-17,54.69154357910156,79651860
2020-12-18,54.34288787841797,253515060
2020-12-21,51.29538345336914,190766540
2020-12-22,51.76885986328125,188468790
2020-12-23,53.49492645263672,122383430
2020-12-24,53.57240295410156,120907400
2020-12-28,54.46341323852539,104805170
2020-12-29,54.424678802490234,104163260
2020-12-30,55.1348991394043,115144280
2020-12-31,55.41038131713867,177130120
2021-01-01,55.36302947998047,84113960
2021-01-04,59.658809661865234,381849550
2021-01-05,58.58701705932617,215452540
2021-01-06,58.86680603027344,196105220
2021-01-07,62.224220275878906,382321940
2021-01-08,61.39348602294922,193293130
2021-01-11,59.8869514465332,170245090
2021-01-12,59.82236862182617,245254840
2021-01-13,61.04912567138672,193538710
2021-01-14,60.808082580566406,115408580
2021-01-15,60.76934051513672,206884370
2021-01-18,57.39470291137695,250452260
2021-01-19,58.634368896484375,312451180
2021-01-20,59.41345977783203,233131500
2021-01-21,57.39470291137695,161178670
2021-01-22,55.69877243041992,237156650
2021-01-25,56.12490463256836,163484730
2021-01-27,53.890926361083984,149180840
2021-01-28,53.69292449951172,170917520
2021-01-29,51.73873519897461,268265750
2021-02-01,54.76041793823242,210846940
2021-02-02,55.23820877075195,180489570
2021-02-03,56.228214263916016,148463810
2021-02-04,56.469261169433594,147649950
2021-02-05,58.97440719604492,291008880
2021-02-08,60.51537322998047,214621690
2021-02-09,60.19255447387695,293370280
2021-02-10,59.42206954956055,573979190
2021-02-11,59.80515670776367,163407050
2021-02-12,58.58271789550781,147054790
2021-02-15,57.8638801574707,131716720
2021-02-16,60.19255447387695,336618380
2021-02-17,59.98594284057617,159574830
2021-02-18,60.067726135253906,148561470
2021-02-19,57.73905563354492,223923860
2021-02-22,58.93136978149414,281491090
2021-02-23,62.783790588378906,389070710
2021-02-24,62.64604949951172,216767890
2021-02-25,63.954586029052734,219015960
2021-02-26,61.56565475463867,235515910
2021-03-01,62.87849426269531,140586460
2021-03-02,63.31754684448242,111133990
2021-03-03,66.90308380126953,288428350
2021-03-04,65.25020599365234,228738220
2021-03-05,63.128143310546875,168819600
2021-03-08,63.468196868896484,106145960
2021-03-09,60.84251403808594,195564380
2021-03-10,62.370574951171875,196858600
2021-03-12,61.978885650634766,161214090
2021-03-15,63.39501190185547,155429990
2021-03-16,62.33182907104492,125699980
2021-03-17,60.64021682739258,105409590
2021-03-18,60.678951263427734,143206510
2021-03-19,63.10232162475586,246378140
2021-03-22,64.0062484741211,137603700
2021-03-23,63.80393600463867,118738960
2021-03-24,60.50247573852539,210302830
2021-03-25,62.25436019897461,367224000
2021-03-26,66.01639556884766,429122470
2021-03-30,68.87020111083984,284794680
2021-03-31,69.89033508300781,280445850
2021-04-01,74.29804229736328,368420980
2021-04-05,74.70264434814453,305759860
2021-04-06,74.28081512451172,207789200
2021-04-07,75.31387329101562,171132080
2021-04-08,79.06298065185547,530630560
2021-04-09,77.43592834472656,321790690
2021-04-12,73.30802154541016,221355040
2021-04-13,75.67112731933594,204285020
2021-04-15,77.32401275634766,218563570
2021-04-16,76.63961791992188,173985980
2021-04-19,76.45022583007812,191469960
2021-04-20,76.96244812011719,169152930
2021-04-22,79.32125854492188,319028150
2021-04-23,79.68281555175781,247523860
2021-04-26,80.98704528808594,212348580
2021-04-27,84.17229461669922,249045150
2021-04-28,83.6256332397461,204479680
2021-04-29,88.7865982055664,447186470
2021-04-30,89.01473999023438,281297380
2021-05-03,91.66193389892578,264841000
2021-05-04,91.58445739746094,249616280
2021-05-05,92.1268081665039,192498390
2021-05-06,94.77400207519531,464345370
2021-05-07,101.78585815429688,540754330
2021-05-10,104.71283721923828,280808840
2021-05-11,106.22367095947266,411083810
2021-05-12,101.51036834716797,308891920
2021-05-14,97.4599380493164,376480320
2021-05-17,99.07408142089844,287534300
2021-05-18,101.58354187011719,245738800
2021-05-19,100.2276611328125,174350260
2021-05-20,95.13126373291016,284462530
2021-05-21,95.82427215576172,141049260
2021-05-24,94.00782012939453,189238420
2021-05-25,95.14417266845703,181137520
2021-05-26,93.15985107421875,154327030
2021-05-27,94.40812683105469,227910320
2021-05-28,94.9978256225586,192085810
2021-05-31,96.90467071533203,154286470
2021-06-01,94.77400207519531,176909250
2021-06-02,96.76692962646484,128625910
2021-06-03,96.5904541015625,121094770
2021-06-04,96.4785385131836,97133470
2021-06-07,97.16724395751953,122185920
2021-06-08,95.652099609375,108343730
2021-06-09,94.78260803222656,111143380
2021-06-10,95.94049072265625,77767640
2021-06-11,99.7197494506836,174458560
2021-06-14,100.27500915527344,160312640
2021-06-15,101.09284973144531,97681020
2021-06-16,98.32511901855469,175211070
2021-06-17,97.14573669433594,162076870
2021-06-18,96.13796997070312,403470770
2021-06-21,97.35696411132812,130014320
2021-06-22,97.89825439453125,90246340
2021-06-23,96.82447814941406,78063360
2021-06-24,97.97306823730469,72394700
2021-06-25,102.55860900878906,180227700
2021-06-28,104.20886993408203,116603350
2021-06-29,103.20110321044922,78037590
2021-06-30,102.67743682861328,80432670
2021-07-01,102.40898895263672,56149280
2021-07-02,99.98419189453125,75734070
2021-07-05,101.81928253173828,76799000
2021-07-06,102.7346420288086,91468350
2021-07-07,107.25857543945312,167456260
2021-07-08,104.71495819091797,124105850
2021-07-09,109.08045959472656,178593560
2021-07-12,107.98908996582031,166477750
2021-07-13,108.14751434326172,79155280
2021-07-14,109.55134582519531,83413880
2021-07-15,110.54150390625,96555510
2021-07-16,112.5218276977539,84969250
2021-07-19,111.46125030517578,89046290
2021-07-20,108.55237579345703,85799400
2021-07-22,112.04214477539062,78940240
2021-07-23,112.78145599365234,86418650
2021-07-26,114.23809814453125,86784330
2021-07-27,117.11616516113281,103413820
2021-07-28,120.13945770263672,128351250
2021-07-29,128.37757873535156,300610410
2021-07-30,126.23885345458984,140492650
2021-08-02,124.10450744628906,97689200
2021-08-03,123.85365295410156,86405600
2021-08-04,124.64579772949219,112894350
2021-08-05,127.32142639160156,162217990
2021-08-06,125.75916290283203,96740250
2021-08-09,124.29373168945312,78594930
2021-08-10,120.8963851928711,84516230
2021-08-11,125.52593231201172,145353570
2021-08-12,126.33126068115234,109431080
2021-08-13,128.64602661132812,289698720
2021-08-16,133.72885131835938,271144880
2021-08-17,132.34701538085938,189709230
2021-08-18,132.06097412109375,123317450
2021-08-20,121.07241821289062,273400690
2021-08-23,119.58057403564453,229257290
2021-08-24,123.62920379638672,176075790
2021-08-25,122.35740661621094,125650100
2021-08-26,121.02400970458984,91578980
2021-08-27,121.82492065429688,73940810
2021-08-30,126.79334259033203,134443870
2021-08-31,127.64266967773438,247521080
2021-09-01,124.20571899414062,88128970
2021-09-02,125.42910766601562,61480460
2021-09-03,127.061767578125,84523820
2021-09-06,126.47647094726562,69586760
2021-09-07,125.7459716796875,63527170
2021-09-08,125.84717559814453,46762240
2021-09-09,127.35662078857422,53130300
2021-09-13,128.80445861816406,56702080
2021-09-14,127.82308959960938,55037670
2021-09-15,128.06951904296875,44174640
2021-09-16,126.45447540283203,56067970
2021-09-17,121.97895050048828,195720300
2021-09-20,110.29066467285156,282384120
2021-09-21,113.73201751708984,255935400
2021-09-22,114.92901611328125,111242470
2021-09-23,116.06439208984375,99462510
2021-09-24,111.96292877197266,132866160
2021-09-27,111.82210540771484,86688770
2021-09-28,112.74185180664062,81007360
2021-09-29,114.02685546875,94945770
2021-09-30,113.44157409667969,75145680
2021-10-01,114.22929382324219,90374700
2021-10-04,116.54407501220703,96902370
2021-10-05,115.90156555175781,57952160
2021-10-06,112.6494369506836,86316930
2021-10-07,113.46797180175781,46033670
2021-10-08,114.5197525024414,107220150
2021-10-11,115.580322265625,63496580
2021-10-12,116.97975158691406,60970190
2021-10-13,119.19770050048828,132857180
2021-10-14,121.02400970458984,82273710
2021-10-18,124.1925048828125,109232300
2021-10-19,120.30668640136719,87569240
2021-10-20,118.22954559326172,69757740
2021-10-21,115.71234130859375,83575730
2021-10-22,114.08847045898438,80712890
2021-10-25,113.8288345336914,64185010
2021-10-26,118.26036071777344,77228750
2021-10-27,116.7201156616211,72418040
2021-10-28,114.38333129882812,93076820
2021-10-29,115.8223648071289,79147600
2021-11-01,120.13065338134766,96875330
2021-11-02,115.61993408203125,72161370
2021-11-03,116.71128845214844,57302440
2021-11-04,116.69808959960938,6744340
2021-11-08,118.22515106201172,54936670
2021-11-09,117.5826416015625,47565160
2021-11-10,114.29090881347656,118804170
2021-11-11,114.38333129882812,136638600
2021-11-12,113.29634857177734,232395580
2021-11-15,109.61734771728516,121082150
2021-11-16,108.15191650390625,123148800
2021-11-17,107.38179016113281,87802040
2021-11-18,104.43770599365234,101083510
2021-11-22,102.54100799560547,96210010
2021-11-23,104.91738891601562,93829630
2021-11-24,103.72480010986328,67671010
2021-11-25,103.29792785644531,47502860
2021-11-26,97.89825439453125,106455260
2021-11-29,98.1138916015625,93929910
2021-11-30,94.28087615966797,133559840
2021-12-01,95.27983093261719,93791140
2021-12-02,97.90705108642578,91286810
2021-12-03,98.39994049072266,100737840
2021-12-06,97.59020233154297,82159400
2021-12-07,101.11077117919922,85053900
2021-12-08,103.24071502685547,74485010
2021-12-09,103.57957458496094,52123940
2021-12-10,103.85681915283203,48121300
2021-12-13,102.56300354003906,53537780
2021-12-14,102.73023986816406,53522640
2021-12-15,101.57284545898438,44308330
2021-12-16,101.49803924560547,42460080
2021-12-17,99.64093017578125,47435020
2021-12-20,94.43489074707031,73526500
2021-12-21,97.2645492553711,70268490
2021-12-22,99.35488891601562,43669170
2021-12-23,99.249267578125,46214780
2021-12-24,98.17549896240234,40936300
2021-12-27,98.73439025878906,27588510
2021-12-28,99.23167419433594,28807810
2021-12-29,98.24591064453125,41935200
2021-12-30,96.9036865234375,41140930
2021-12-31,97.82343292236328,36870210
2022-01-03,100.55188751220703,38658030
2022-01-04,101.11077117919922,59757310
2022-01-05,103.64559173583984,61861760
2022-01-06,102.38257598876953,53354000
2022-01-07,102.1273422241211,39738570
2022-01-10,102.89306640625,38225000
2022-01-11,99.47811126708984,96978850
2022-01-12,100.9699478149414,50358430
2022-01-13,107.47859954833984,157231160
2022-01-14,106.81409454345703,52679070
2022-01-17,108.23552703857422,89696070
2022-01-18,105.16383361816406,58408970
2022-01-19,106.4620361328125,73043210
2022-01-20,106.20679473876953,59205970
2022-01-21,102.95027160644531,71662670
2022-01-24,96.74526977539062,83920760
2022-01-25,97.61661529541016,57330630
2022-01-27,95.79031372070312,90566560
2022-01-28,95.46465301513672,78648930
2022-01-31,95.54387664794922,55709390
2022-02-01,102.74343872070312,170752680
2022-02-02,102.75663757324219,75247340
2022-02-03,102.67743682861328,65140900
2022-02-04,103.53116607666016,93174180
2022-02-07,104.12086486816406,145105250
2022-02-08,107.34217834472656,140839840
2022-02-09,107.58422088623047,73520600
2022-02-10,109.87260437011719,93920570
2022-02-11,110.40947723388672,96762260
2022-02-14,104.459716796875,80216130
2022-02-15,106.2992172241211,101889210
2022-02-16,104.8953857421875,66092140
2022-02-17,104.82057189941406,56557920
2022-02-18,104.807373046875,47251200
2022-02-21,104.01963806152344,49787320
2022-02-22,100.22183227539062,93858570
2022-02-23,100.24823760986328,49608380
2022-02-24,94.52731323242188,121268670
2022-02-25,100.80712127685547,92128860
2022-02-28,107.44339752197266,176054460
2022-03-02,113.4811782836914,248475320
2022-03-03,114.70897674560547,174503380
2022-03-04,112.40299987792969,162829230
2022-03-07,113.70561218261719,110400010
2022-03-08,111.73409271240234,91078220
2022-03-09,110.48870086669922,69348880
2022-03-10,115.18424987792969,136740620
2022-03-11,114.56814575195312,118822990
2022-03-14,114.15447998046875,52780820
2022-03-15,108.58758544921875,96143130
2022-03-16,111.36003875732422,63024510
2022-03-17,114.72217559814453,106239760
2022-03-21,114.67816925048828,84227630
2022-03-22,114.59455871582031,81795880
2022-03-23,117.14698028564453,130552380
2022-03-24,118.86763763427734,94605270
2022-03-25,117.84668731689453,69457440
2022-03-28,117.84668731689453,46554910
2022-03-29,117.46822357177734,43202370
2022-03-30,115.12704467773438,58483160
2022-03-31,115.05223846435547,40067950
2022-04-01,115.92357635498047,55321590
2022-04-04,118.10633087158203,69670320
2022-04-05,118.37037658691406,63296420
2022-04-06,120.6455307006836,114097540
2022-04-07,118.77523803710938,55650640
2022-04-08,120.6455307006836,52287710
2022-04-11,119.51455688476562,44778820
2022-04-12,116.20081329345703,69191680
2022-04-13,116.13480377197266,44937800
2022-04-18,117.8598861694336,80700420
2022-04-19,116.75971221923828,64772190
2022-04-20,115.6727294921875,54100210
2022-04-21,114.60775756835938,66690280
2022-04-22,112.4426040649414,55848230
2022-04-25,107.40819549560547,72310460
2022-04-26,108.57437896728516,44812710
2022-04-27,109.72737121582031,71209740
2022-04-28,110.97276306152344,51295830
2022-04-29,111.87052154541016,57173520
2022-05-02,113.9960708618164,54426170
2022-05-04,111.01677703857422,138374020
2022-05-05,113.03230285644531,87338160
2022-05-06,112.98389434814453,69256760
2022-05-09,110.2158432006836,50552970
2022-05-10,102.52779388427734,145537420
2022-05-11,102.59821319580078,107063150
2022-05-12,98.37352752685547,94191610
2022-05-13,96.55162811279297,82924410
2022-05-16,97.12372589111328,62665270
2022-05-17,104.62254333496094,112876010
2022-05-18,103.87882232666016,81575800
2022-05-19,98.76519012451172,66545630
2022-05-20,103.02948760986328,65527500
2022-05-23,90.0341796875,273883460
2022-05-24,88.5731430053711,123116660
2022-05-25,87.93504333496094,99343400
2022-05-26,92.59099578857422,150536730
2022-05-27,91.84288024902344,74772200
2022-05-30,92.19053649902344,72701590
2022-05-31,92.91224670410156,121248850
2022-06-01,93.6075668334961,94055290
2022-06-02,95.19181823730469,79177040
2022-06-03,93.93760681152344,53954860
2022-06-06,94.88816833496094,57262490
2022-06-07,94.04322052001953,43341570
2022-06-08,95.64949798583984,64734340
2022-06-09,91.9616928100586,98547810
2022-06-10,90.1001968383789,95225630
2022-06-13,87.30574035644531,82235750
2022-06-14,87.67539978027344,77202600
2022-06-15,89.01119232177734,92443330
2022-06-16,83.64482116699219,122741050
2022-06-17,84.108642578125,121290260
2022-06-20,79.90646362304688,139866890
2022-06-21,82.07711791992188,124526970
2022-06-22,77.74507141113281,109877390
2022-06-23,78.04190826416016,111515840
2022-06-24,79.11333465576172,85433810
2022-06-27,80.5047836303711,72814730
2022-06-28,81.52982330322266,84647330
2022-06-29,81.78028106689453,72318470
2022-06-30,80.43058013916016,84672090
2022-07-01,80.9686050415039,54761890
2022-07-04,79.27102661132812,77554410
2022-07-05,79.7905044555664,79058290
2022-07-06,79.60498046875,81439710
2022-07-07,83.48712158203125,111007940
2022-07-08,82.17916107177734,112000630
2022-07-11,84.66986083984375,150193340
2022-07-12,83.68193054199219,100175050
2022-07-13,83.9370346069336,70135110
2022-07-14,84.22923278808594,74498580
2022-07-15,81.9843521118164,81253510
2022-07-18,83.8860092163086,73060810
2022-07-19,85.29137420654297,85341580
2022-07-20,86.1262435913086,77088650
2022-07-21,86.66891479492188,50877140
2022-07-22,86.83126068115234,48608940
2022-07-25,89.11786651611328,99635630
2022-07-26,88.07891845703125,126264690
2022-07-27,88.99728393554688,52559020
2022-07-28,93.08814239501953,137156107
2022-07-29,99.8134994506836,166959934
2022-08-01,100.41645812988281,125365761
2022-08-02,99.25691986083984,64935371
2022-08-03,99.30330657958984,61428846
2022-08-04,99.90625762939453,79526154
2022-08-05,99.58159637451172,54469112
2022-08-08,99.44244384765625,41384943
2022-08-10,101.29771423339844,73880698
2022-08-11,101.2049560546875,75321498
2022-08-12,104.49805450439453,95942333
2022-08-16,104.8227310180664,69207437
2022-08-17,104.35891723632812,54008422
2022-08-18,104.40528869628906,49396425
2022-08-19,102.0862045288086,57134813
2022-08-22,97.44803619384766,74037526
2022-08-23,99.8134994506836,70531639
2022-08-24,98.83948516845703,55686404
2022-08-25,98.56119537353516,42186335
2022-08-26,99.58159637451172,71257092
2022-08-29,97.26250457763672,59895805
2022-08-30,100.46284484863281,67401780
2022-09-01,98.7003402709961,52454732
2022-09-02,97.86546325683594,45601352
2022-09-05,99.16415405273438,40352735
2022-09-06,100.74112701416016,59505849
2022-09-07,99.8134994506836,43945660
2022-09-08,98.19013977050781,71228405
2022-09-09,98.05099487304688,63647166
2022-09-12,99.95265197753906,40838533
2022-09-13,99.95265197753906,44179394
2022-09-14,101.25133514404297,86379872
2022-09-15,99.25691986083984,62926791
2022-09-16,98.05099487304688,107967267
2022-09-19,95.6391372680664,51146568
2022-09-20,98.14376068115234,52140254
2022-09-21,96.89144897460938,46142823
2022-09-22,96.10295867919922,61380323
2022-09-23,96.75230407714844,109765520
2022-09-26,92.62432098388672,101291962
2022-09-27,90.58353424072266,104949032
2022-09-28,88.31082153320312,71724106
2022-09-29,89.84142303466797,60884592
2022-09-30,92.1141357421875,66436616
2022-10-03,91.23287963867188,37282313
2022-10-04,93.83026123046875,40186702
2022-10-06,96.05657958984375,48169310
2022-10-07,95.82467651367188,36080875
2022-10-10,95.73190307617188,36641275
2022-10-11,93.08814239501953,41083734
2022-10-12,93.27367401123047,41357469
2022-10-13,92.85623931884766,34668093
2022-10-14,92.85623931884766,32456805
2022-10-17,92.34603881835938,37568783
2022-10-18,93.36643981933594,30722156
2022-10-19,92.80986022949219,38764542
2022-10-20,93.59835052490234,38091315
2022-10-21,92.9489974975586,30973997
2022-10-24,93.87663269042969,7480281
2022-10-25,93.87663269042969,37163180
2022-10-27,96.65953063964844,74349009
2022-10-28,94.24768829345703,51006232
2022-10-31,94.2013168334961,38715841
2022-11-01,93.87663269042969,69031178
2022-11-02,93.92302703857422,42336049
2022-11-03,94.61874389648438,39110676
2022-11-04,97.16974639892578,70299020
2022-11-07,98.97863006591797,74426059
2022-11-09,98.42205047607422,38295904
2022-11-10,97.12335205078125,27864285
2022-11-11,99.76712036132812,77933417
2022-11-14,100.83389282226562,55474425
2022-11-15,100.69475555419922,35007427
2022-11-16,98.83948516845703,40404167
2022-11-17,98.19013977050781,32894825
2022-11-18,97.86546325683594,28992538
2022-11-21,96.70592498779297,58404309
2022-11-22,97.58717346191406,27846186
2022-11-23,97.81908416748047,22809651
2022-11-24,97.86546325683594,23737867
2022-11-25,98.51480865478516,27361785
2022-11-28,97.30889129638672,33516118
2022-11-29,98.42205047607422,40661568
2022-11-30,99.8598861694336,61142050
2022-12-01,102.73554992675781,91702642
2022-12-02,103.89508819580078,70541914
2022-12-05,107.46648406982422,96441799
2022-12-06,104.77633666992188,50581245
2022-12-07,103.1529769897461,39494279
2022-12-08,103.75594329833984,32416724
2022-12-09,102.4572525024414,35665257
2022-12-12,103.6167984008789,37082389
2022-12-13,103.1529769897461,32264080
2022-12-14,104.86911010742188,38606984
2022-12-15,102.92107391357422,34361613
2022-12-16,103.01384735107422,34736665
2022-12-19,103.7095718383789,17297590
2022-12-20,102.92107391357422,34836506
2022-12-21,101.48324584960938,32303565
2022-12-22,99.8598861694336,39639329
2022-12-23,94.85065460205078,46756489
2022-12-26,97.40164184570312,33995681
2022-12-27,103.10660552978516,76033410
2022-12-28,102.03982543945312,50660601
2022-12-29,103.6631851196289,51751642
2022-12-30,104.49805450439453,56048485
2023-01-02,110.62044525146484,143444095
2023-01-03,109.87833404541016,74419090
2023-01-04,107.37372589111328,55634568
2023-01-05,108.11582946777344,58806907
2023-01-06,107.28096008300781,58551863
2023-01-09,109.04347229003906,37763131
2023-01-10,110.2493896484375,56750710
2023-01-11,110.2493896484375,49321252
2023-01-12,109.55365753173828,33740024
2023-01-13,111.73360443115234,68884010
2023-01-16,111.26978302001953,44362359
2023-01-17,110.71320343017578,27880531
2023-01-18,113.5888671875,64749065
2023-01-19,114.6092758178711,53564076
2023-01-20,114.05268859863281,37784498
2023-01-23,113.17143249511719,28601260
2023-01-24,111.68722534179688,27707765
2023-01-25,112.24380493164062,46522102
2023-01-27,111.91913604736328,58771746
2023-01-30,110.15662384033203,46551837
2023-01-31,111.03787994384766,43986769
2023-02-01,113.21781921386719,72919626
2023-02-02,111.26978302001953,38768010
2023-02-03,111.64083862304688,46977350
2023-02-06,108.95069885253906,49546361
2023-02-07,103.38489532470703,110953246
2023-02-08,103.38489532470703,66523699
2023-02-09,103.19937133789062,64710455
2023-02-10,100.9266586303711,60810058
2023-02-13,100.88027954101562,56186469
2023-02-14,101.34410095214844,31163587
2023-02-15,102.31812286376953,35544190
2023-02-16,103.89508819580078,30956191
2023-02-17,104.12699890136719,34107244
2023-02-20,104.21976470947266,19896764
2023-02-21,104.96187591552734,29830864
2023-02-22,103.10660552978516,24391211
2023-02-23,103.94147491455078,30845778
2023-02-24,101.80790710449219,34326940
2023-02-27,98.42205047607422,56217189
2023-02-28,96.4276351928711,76540448
2023-03-01,97.86546325683594,76175319
2023-03-02,97.07698059082031,55276248
2023-03-03,99.25691986083984,117175295
2023-03-06,98.00460815429688,106868143
2023-03-08,98.79309844970703,43939583
2023-03-09,100.37007141113281,51967449
2023-03-10,100.27731323242188,47699832
2023-03-13,99.07139587402344,34552596
2023-03-14,98.7003402709961,48584984
2023-03-15,100.78751373291016,38930902
2023-03-16,97.44803619384766,81088340
2023-03-17,99.25691986083984,48962238
2023-03-20,96.93783569335938,41569640
2023-03-21,97.16974639892578,26434897
2023-03-22,97.21612548828125,25891259
2023-03-23,97.30889129638672,20913844
2023-03-24,94.71150207519531,39014278
2023-03-27,94.89704132080078,24753289
2023-03-28,95.08256530761719,18703734
2023-03-29,96.10295867919922,37221124
2023-03-31,96.93783569335938,34579415
2023-04-03,96.56678009033203,21840428
2023-04-05,97.26250457763672,25194802
2023-04-06,96.79869079589844,21053782
2023-04-10,97.35526275634766,19992257
2023-04-11,99.76712036132812,49304956
2023-04-12,99.8134994506836,27349538
2023-04-13,99.72073364257812,34880922
2023-04-17,99.39606475830078,24642162
2023-04-18,99.8134994506836,25476339
2023-04-19,100.27731323242188,62100775
2023-04-20,100.18455505371094,18337948
2023-04-21,98.46842956542969,37638506
2023-04-24,98.79309844970703,23475012
2023-04-25,99.30330657958984,23333425
2023-04-26,99.11776733398438,23590297
2023-04-27,99.8598861694336,22364308
2023-04-28,100.13816833496094,30072920
2023-05-02,102.31812286376953,52822162
2023-05-03,101.76152801513672,51272624
2023-05-04,103.01384735107422,38636907
2023-05-05,100.78751373291016,32958346
2023-05-08,101.62239074707031,23130472
2023-05-09,101.62239074707031,27999202
2023-05-10,101.34410095214844,19213215
2023-05-11,100.69475555419922,19817637
2023-05-12,99.0250015258789,36794838
2023-05-15,99.90625762939453,22148028
2023-05-16,99.62797546386719,18587658
2023-05-17,98.32928466796875,28895465
2023-05-18,97.58717346191406,24208481
2023-05-19,97.07698059082031,29848841
2023-05-22,97.40164184570312,21588716
2023-05-23,97.95823669433594,21304034
2023-05-24,97.58717346191406,28454367
2023-05-25,97.26250457763672,25885062
2023-05-26,98.7003402709961,28362042
2023-05-29,100.60198974609375,41062311
2023-05-30,99.30330657958984,33475211
2023-05-31,98.14376068115234,41249944
2023-06-01,98.28289794921875,21211538
2023-06-02,100.18455505371094,46686933
2023-06-05,101.48324584960938,39642539
2023-06-06,101.11219024658203,26751372
2023-06-07,103.43126678466797,45157197
2023-06-08,103.10660552978516,46380294
2023-06-09,101.0194320678711,36392617
2023-06-12,101.57601165771484,23472313
2023-06-13,103.10660552978516,30018212
2023-06-14,105.56483459472656,66696433
2023-06-15,105.51844787597656,39430138
2023-06-16,105.9822769165039,31715807
2023-06-19,105.84312438964844,33502185
2023-06-20,105.9822769165039,30371599
2023-06-21,105.65760040283203,35627983
2023-06-22,106.4239273071289,34769987
2023-06-23,104.987060546875,22190233
2023-06-26,105.22653198242188,25332751
2023-06-27,106.08866119384766,24129403
2023-06-28,106.85498809814453,23895274
2023-06-30,107.28604888916016,26741918
2023-07-03,108.33975219726562,30979256
2023-07-04,107.6692123413086,25080307
2023-07-05,108.19606018066406,27877180
2023-07-06,107.90869140625,34320086
2023-07-07,106.90287780761719,30034274
2023-07-10,110.44715881347656,60652690
2023-07-11,110.303466796875,37999385
2023-07-12,109.87240600585938,32771204
2023-07-13,110.0160903930664,44847814
2023-07-14,112.21929168701172,34521821
2023-07-17,112.79403686523438,49115369
2023-07-18,111.69243621826172,23433431
2023-07-19,111.78822326660156,17222355
2023-07-20,112.0277099609375,22303831
2023-07-21,111.69243621826172,31546136
2023-07-24,110.63874053955078,38113555
2023-07-25,114.23090362548828,88035259
2023-07-26,114.90143585205078,29716336
2023-07-27,114.75775909423828,39664251
2023-07-28,115.52408599853516,33996691
2023-07-31,117.96675872802734,52330311
2023-08-01,118.0146484375,27863562
2023-08-02,113.94352722167969,54951586
2023-08-03,113.22509765625,34624188
2023-08-04,113.99142456054688,22303966
2023-08-07,113.84773254394531,20711952
2023-08-08,113.17720031738281,21275054
2023-08-09,115.14091491699219,34154214
2023-08-10,114.94933319091797,24439101
2023-08-11,115.23670959472656,26337436
2023-08-14,113.17720031738281,33095516
2023-08-16,111.06979370117188,31252473
2023-08-17,111.16558837890625,28461865
2023-08-18,110.92611694335938,30381609
2023-08-21,111.97981262207031,22629651
2023-08-22,112.60245513916016,17343131
2023-08-23,113.94352722167969,43744909
2023-08-24,113.27298736572266,27103446
2023-08-25,111.97981262207031,23692527
2023-08-28,112.65035247802734,19218821
2023-08-29,114.51828002929688,36038317
2023-08-30,116.96094512939453,51467177
2023-08-31,117.72727966308594,60626985
2023-09-01,121.7026138305664,76460408
2023-09-04,126.20478820800781,68525900
2023-09-05,126.15689086914062,36466807
2023-09-06,124.14529418945312,36058850
2023-09-07,124.67212677001953,30268235
2023-09-08,124.04949188232422,34313523
2023-09-11,125.63003540039062,33377857
2023-09-12,123.5705337524414,38065283
2023-09-13,124.0973892211914,23371459
2023-09-14,126.15689086914062,58800620
2023-09-15,126.39637756347656,85058495
2023-09-18,124.95950317382812,62420823
2023-09-20,122.9000015258789,43627379
2023-09-21,122.4210433959961,29826091
2023-09-22,121.41523742675781,34059194
2023-09-25,122.03787994384766,23466981
2023-09-26,123.47473907470703,48936598
2023-09-27,122.75630950927734,33277329
2023-09-28,121.463134765625,29982233
2023-09-29,123.47473907470703,28406435
2023-10-03,122.61262512207031,18613557
2023-10-04,120.0262680053711,33272725
2023-10-05,119.9783706665039,27063441
2023-10-06,120.60101318359375,21928671
2023-10-09,118.63729095458984,21457836
2023-10-10,120.0262680053711,28745957
2023-10-11,119.69099426269531,24455932
2023-10-12,120.60101318359375,19361688
2023-10-13,119.78679656982422,26912800
2023-10-16,121.65471649169922,23868700
2023-10-17,122.03787994384766,24241710
2023-10-18,121.75050354003906,20926079
2023-10-19,120.6968002319336,30941319
2023-10-20,117.91885375976562,30746140
2023-10-23,114.94933319091797,30699479
2023-10-25,116.24251556396484,27346103
2023-10-26,114.85354614257812,36298907
2023-10-27,114.85354614257812,28424007
2023-10-30,114.13511657714844,18753217
2023-10-31,113.75194549560547,22319950
2023-11-01,111.69243621826172,24717941
2023-11-02,113.12930297851562,72538804
2023-11-03,112.36297607421875,31747230
2023-11-06,114.37458801269531,27883152
2023-11-07,114.61407470703125,25818033
2023-11-08,114.0393295288086,22552386
2023-11-09,114.61407470703125,22979112
2023-11-10,114.99723815917969,23584510
2023-11-13,115.9072494506836,17951775
2023-11-15,118.8288803100586,38344393
2023-11-16,119.4515151977539,30836413
2023-11-17,119.93047332763672,23319439
2023-11-20,119.11624908447266,18780290
2023-11-21,120.936279296875,29643312
2023-11-22,120.79258728027344,19588063
2023-11-23,121.36734008789062,30736851
2023-11-24,120.6489028930664,14719450
2023-11-28,121.51102447509766,18377843
2023-11-29,122.37315368652344,23092165
2023-11-30,122.51683807373047,40165104
2023-12-01,124.52845001220703,31192397
2023-12-04,125.4863510131836,41230928
2023-12-05,126.06110382080078,35192149
2023-12-06,126.30059051513672,40753593
2023-12-07,124.52845001220703,34686333
2023-12-08,123.76212310791016,34393711
2023-12-11,124.57634735107422,24038059
2023-12-12,124.6242446899414,30696410
2023-12-13,125.86951446533203,22767972
2023-12-14,126.44426727294922,43372143
2023-12-15,130.70697021484375,77377446
2023-12-18,130.85067749023438,38461877
2023-12-19,129.70115661621094,27726431
2023-12-20,124.28897094726562,39495961
2023-12-21,125.4863510131836,34914399
2023-12-22,127.92903900146484,37357334
2023-12-26,129.50958251953125,25936447
2023-12-27,131.4254150390625,48101400
2023-12-28,132.33541870117188,34661176
2023-12-29,133.72439575195312,49202910
2024-01-01,133.96388244628906,21186105
2024-01-02,133.72439575195312,27764060
2024-01-03,129.65328979492188,45176618
2024-01-04,128.59957885742188,43913498
2024-01-05,128.0248260498047,71330190
2024-01-08,126.44426727294922,39559717
2024-01-09,128.0248260498047,30736868
2024-01-10,128.45590209960938,27213624
2024-01-11,129.2222137451172,23113349
2024-01-12,129.60537719726562,32883921
2024-01-15,129.2222137451172,34158775
2024-01-16,131.47329711914062,56361287
2024-01-17,126.10900115966797,58982971
2024-01-18,125.4863510131836,45273496
2024-01-19,128.59957885742188,32653013
2024-01-23,124.6242446899414,35373970
2024-01-24,129.46168518066406,39340119
2024-01-25,128.12060546875,61358839
2024-01-29,129.3179931640625,29745400
2024-01-30,129.0306396484375,35704185
2024-01-31,130.22802734375,36079354
2024-02-01,129.1264190673828,31701793
2024-02-02,132.8622589111328,69296192
2024-02-05,135.5923309326172,80737626
2024-02-06,138.5618438720703,53192936
2024-02-07,138.32235717773438,61517064
2024-02-08,137.6039276123047,38997666
2024-02-09,135.35284423828125,35961925
2024-02-12,131.6169891357422,36477544
2024-02-13,132.0480499267578,39155909
2024-02-14,135.25704956054688,29141690
2024-02-15,135.25704956054688,31587387
2024-02-16,136.31076049804688,22316127
2024-02-19,135.97549438476562,16973568
2024-02-20,135.11337280273438,24291123
2024-02-21,137.84339904785156,88000833
2024-02-22,139.7592315673828,46728176
2024-02-23,139.3281707763672,28414697
2024-02-26,136.64601135253906,22570277
2024-02-27,138.1307830810547,24119469
2024-02-28,134.82598876953125,20721926
2024-02-29,134.92178344726562,32248156
2024-03-01,143.63877868652344,123709943
2024-03-04,146.6562042236328,67577785
2024-03-05,145.4588165283203,37165490
2024-03-06,145.21932983398438,51782444
2024-03-07,150.63153076171875,124847699
2024-03-11,146.991455078125,54155385
2024-03-12,146.08145141601562,34947937
2024-03-13,137.6039276123047,70937597
2024-03-14,136.45443725585938,91956952
2024-03-15,135.7360076904297,68482621
2024-03-18,143.3992919921875,166913078
2024-03-19,142.48928833007812,105004268
2024-03-20,139.51976013183594,77550319
2024-03-21,143.78245544433594,84225737
2024-03-22,145.41091918945312,68241556
2024-03-26,145.9856414794922,52965508
2024-03-27,146.2730255126953,35328794
2024-03-28,149.29046630859375,62575327
2024-04-01,156.28318786621094,84583929
2024-04-02,157.72006225585938,69533405
2024-04-03,156.76214599609375,50938559
2024-04-04,156.52267456054688,61094750
2024-04-05,156.4747772216797,44668121
2024-04-08,158.24691772460938,48255703
2024-04-09,159.0132598876953,63884687
2024-04-10,158.10324096679688,64134758
2024-04-12,156.61846923828125,55317636
2024-04-15,154.0800018310547,66426404
2024-04-16,153.3136749267578,41391261
2024-04-18,153.3136749267578,68093672
2024-04-19,155.2773895263672,60078229
2024-04-22,155.03793334960938,39304790
2024-04-23,154.36737060546875,30295177
2024-04-24,158.5821990966797,59894921
2024-04-25,160.64169311523438,50128523
2024-04-26,158.82167053222656,65355111
2024-04-29,160.3543243408203,44906151
2024-04-30,158.05532836914062,55043389
2024-05-02,160.30642700195312,69320283
2024-05-03,159.49220275878906,62573586
2024-05-06,160.54591369628906,37621296
2024-05-07,157.33689880371094,43611824
2024-05-08,159.06114196777344,30128705
2024-05-09,155.08580017089844,30223088
2024-05-10,155.42108154296875,31472419
2024-05-13,156.95375061035156,36561003
2024-05-14,158.0074462890625,46261468
2024-05-15,158.63009643554688,29601304
2024-05-16,158.91744995117188,41126570
2024-05-17,160.30642700195312,39181277
2024-05-21,167.01181030273438,84833644
2024-05-22,166.00599670410156,42919832
2024-05-23,168.1134033203125,49377680
2024-05-24,167.4907684326172,38674485
2024-05-27,168.1134033203125,30410585
2024-05-28,167.5386505126953,39208456
2024-05-29,166.916015625,36575550
2024-05-30,157.24111938476562,108813875
2024-05-31,160.16273498535156,83713848
2024-06-03,166.916015625,86397540
2024-06-04,152.25997924804688,125042158
2024-06-05,162.07855224609375,60098501
2024-06-06,164.80860900878906,57920819
2024-06-07,171.3702850341797,84319867
2024-06-10,172.7017822265625,74286848
2024-06-11,173.69802856445312,55555544
2024-06-12,174.5601348876953,33304643
2024-06-13,174.87625122070312,36669164
2024-06-14,175.44142150878906,28509237
2024-06-18,173.49685668945312,35032118
2024-06-19,172.44317626953125,27476795
2024-06-20,174.6080322265625,38837494
2024-06-21,175.83932495117188,65494855
2024-06-24,173.90444946289062,47597307
2024-06-25,171.67640686035156,30599989
2024-06-26,168.62750244140625,44006436
2024-06-27,170.19105529785156,49767976
2024-06-28,170.04446411132812,37521949
2024-07-01,170.1031036376953,27807688
2024-07-02,170.5623779296875,33359495
2024-07-03,172.35067749023438,29090492
2024-07-04,172.2725067138672,29504744
2024-07-05,170.728515625,38123217
2024-07-08,168.3538818359375,31479861
2024-07-09,167.88482666015625,25127904
2024-07-10,164.15188598632812,41525591
2024-07-11,165.07046508789062,33987236
2024-07-12,164.845703125,33311402
2024-07-15,162.95968627929688,32635187
2024-07-16,163.26263427734375,26505901
2024-07-18,162.5688018798828,36568852
2024-07-19,154.174560546875,77987514
2024-07-22,156.6664581298828,40353690
2024-07-23,156.373291015625,37077411
2024-07-24,156.65667724609375,28086566
2024-07-25,153.80322265625,45155876
2024-07-26,158.8456268310547,45642032
2024-07-29,159.1583251953125,31754833
2024-07-30,160.33099365234375,42824600
2024-07-31,161.56227111816406,52769925
2024-08-01,159.34400939941406,118341338
2024-08-02,154.6143035888672,72427529
2024-08-05,146.40574645996094,102883971
2024-08-06,146.89434814453125,53507102
2024-08-07,150.35366821289062,32029697
2024-08-08,146.85525512695312,51858615
2024-08-09,148.3503875732422,23290101
2024-08-12,148.5946807861328,30550334
2024-08-13,145.48716735839844,29396493
2024-08-14,142.8389129638672,97911180
2024-08-16,146.11257934570312,54131721
2024-08-19,150.45140075683594,62889770
2024-08-20,150.42205810546875,37559016
2024-08-21,148.45787048339844,49749381
2024-08-22,150.62728881835938,36719176
2024-08-23,150.6859130859375,31490857
2024-08-26,152.1517333984375,32497603
2024-08-27,151.1745147705078,24523684
2024-08-28,150.1973114013672,25195197
2024-08-29,149.48394775390625,44452983
2024-08-30,149.2787322998047,55134023
2024-09-02,149.39601135253906,19200143
2024-09-03,148.68263244628906,19780066
2024-09-04,147.73472595214844,39613696
2024-09-05,148.26243591308594,28347324
2024-09-06,147.77383422851562,30709532
2024-09-09,146.06370544433594,32624586
2024-09-10,146.0148468017578,41607844
2024-09-11,144.7933349609375,24633287
2024-09-12,148.281982421875,73191476
2024-09-13,149.99209594726562,54894255
2024-09-16,150.69569396972656,32575460
2024-09-17,149.33737182617188,18275113
2024-09-18,147.16796875,24856345
2024-09-19,146.13211059570312,36913781
2024-09-20,148.55560302734375,53873369
2024-09-23,150.480712890625,33281905
2024-09-24,156.8716583251953,137414352
2024-09-25,157.97592163085938,58044967
2024-09-26,161.8358917236328,88661662
2024-09-27,162.7544708251953,72795668
2024-09-30,164.70889282226562,92381529
2024-10-01,163.22352600097656,50761579
2024-10-03,163.17466735839844,75959797
2024-10-04,162.94992065429688,53880875
2024-10-07,160.6143798828125,48775098
2024-10-08,155.8846893310547,74956764
2024-10-09,155.43516540527344,42766218
2024-10-10,156.0801239013672,46507936
2024-10-11,156.9987030029297,53263433
2024-10-14,154.7120361328125,35566857
2024-10-15,152.0833282470703,38964393
2024-10-16,151.7022247314453,28518262
2024-10-17,148.9269256591797,28404223
2024-10-18,151.8488006591797,34750795
2024-10-21,151.4969940185547,25799090
2024-10-22,146.96273803710938,39079846
2024-10-23,145.38943481445312,42107893
2024-10-24,145.58486938476562,22115070
2024-10-25,142.53598022460938,39730802
2024-10-28,145.97576904296875,28386897
2024-10-29,146.6402587890625,32258407
2024-10-30,145.57510375976562,21362130
2024-10-31,145.1744384765625,26383702
2024-11-01,146.3373260498047,5106804
2024-11-04,143.60113525390625,25571021
2024-11-05,148.81944274902344,42772283
2024-11-06,150.11912536621094,48928986
2024-11-07,147.50997924804688,88254789
2024-11-08,144.20701599121094,61980989
2024-11-11,141.70533752441406,47497863
2024-11-12,140.88449096679688,28861672
2024-11-13,135.99844360351562,57609083
2024-11-14,134.83555603027344,36345184
2024-11-18,137.99195861816406,40233848
2024-11-19,136.28182983398438,37611903
2024-11-21,137.02450561523438,58398744
2024-11-22,139.5261688232422,43710169
2024-11-25,140.39588928222656,53883890
2024-11-26,141.1776580810547,25608469
2024-11-27,141.2362823486328,24895631
2024-11-28,140.1222686767578,30947861
2024-11-29,141.2460479736328,29742979
2024-12-02,143.07345581054688,23840351
2024-12-03,143.20046997070312,35527228
2024-12-04,142.52621459960938,38537808
2024-12-05,143.71841430664062,36328245
2024-12-06,144.9105987548828,30604899
2024-12-09,146.46437072753906,39059139
2024-12-10,146.89434814453125,36278104
2024-12-11,147.16796875,20499709
2024-12-12,147.34385681152344,25761723
2024-12-13,145.55555725097656,39701388
2024-12-16,144.42198181152344,22634773
2024-12-17,142.36007690429688,27110781
2024-12-18,141.1678924560547,19850229
2024-12-19,139.99522399902344,27104579
2024-12-20,137.47401428222656,46503449
2024-12-23,138.48056030273438,27514178
2024-12-24,137.1808624267578,25882917
2024-12-26,137.16131591796875,23939932
2024-12-27,135.74436950683594,19562177
2024-12-30,133.76063537597656,32555723
2024-12-31,134.90396118164062,20080291
2025-01-01,133.6238250732422,18169498
2025-01-02,135.03099060058594,23388424
2025-01-03,135.20689392089844,23351832
2025-01-06,129.167724609375,44620509
2025-01-07,130.34039306640625,24239451
2025-01-08,129.61724853515625,31570331
2025-01-09,126.96900177001953,31903107
2025-01-10,124.52598571777344,34855510
2025-01-13,120.12853240966797,38968332
2025-01-14,124.0373764038086,36877365
2025-01-15,123.64649200439453,18773125
2025-01-16,124.89732360839844,22164393
2025-01-17,127.31103515625,27421959
2025-01-20,128.6595916748047,20571916
2025-01-21,126.74424743652344,32238213
2025-01-22,125.98202514648438,27505569
2025-01-23,127.39897918701172,20722538
2025-01-24,126.7833480834961,37092106
2025-01-27,123.49014282226562,24650571
2025-01-28,125.68885803222656,40373804
2025-01-29,127.81918334960938,16674706
2025-01-30,128.1318817138672,25256096
2025-01-31,131.5521240234375,26689228
2025-02-01,129.93972778320312,21173846
2025-02-03,128.81594848632812,27765357
2025-02-04,130.3794708251953,25032519
2025-02-05,131.33714294433594,16958362
2025-02-06,129.51951599121094,22408168
2025-02-07,135.1580352783203,52950146
2025-02-10,130.98533630371094,26120805
2025-02-11,127.14490509033203,23635428
2025-02-12,129.2654571533203,37927696
2025-02-13,133.14498901367188,52036196
2025-02-14,131.40554809570312,41469242
2025-02-17,131.22964477539062,21189637
2025-02-18,131.47393798828125,23957576
2025-02-19,132.6661376953125,18447487
2025-02-20,134.89418029785156,24139808
2025-02-21,137.5522003173828,41987785
2025-02-24,134.51307678222656,25193205
2025-02-25,133.94630432128906,23575603
2025-02-27,135.5293731689453,30747044
2025-02-28,134.07333374023438,45540594
2025-03-03,135.41212463378906,31154401
2025-03-04,136.16456604003906,28634645
2025-03-05,142.7705078125,62109377
2025-03-06,147.01161193847656,79121467
2025-03-07,148.1060791015625,81821791
2025-03-10,147.6077117919922,54450331
2025-03-11,147.31454467773438,35916900
2025-03-12,146.8748016357422,26377549
2025-03-13,147.44158935546875,48286431
2025-03-17,148.3503875732422,35879780
2025-03-18,148.3503875732422,0
2025-03-19,154.98565673828125,66161413
2025-03-20,155.41561889648438,39889517
2025-03-21,153.6957244873047,49184821
2025-03-24,154.8097381591797,30905773
2025-03-25,153.15826416015625,28467187
2025-03-26,152.2592315673828,23182869
2025-03-27,151.87811279296875,25909068
2025-03-28,150.72500610351562,24589315
2025-04-01,149.63052368164062,29142122
2025-04-02,151.1647491455078,24977582
2025-04-03,150.11912536621094,15117526
2025-04-04,137.1906280517578,80846143
2025-04-07,126.52925872802734,121806340
2025-04-08,127.31103515625,68999181
2025-04-09,124.28167724609375,73399980
2025-04-11,130.3794708251953,73706472
2025-04-15,133.3013458251953,38967608
2025-04-16,133.84857177734375,42684087
2025-04-17,134.0146942138672,62282856
2025-04-21,136.00820922851562,26503486
2025-04-22,135.01145935058594,58429662
2025-04-23,137.94308471679688,37851304
2025-04-24,138.29489135742188,23061444
2025-04-25,135.68572998046875,37764696
2025-04-28,138.8323516845703,26971589
2025-04-29,138.2753448486328,25758449
2025-04-30,136.8876953125,29205042
2025-05-02,138.1776123046875,29588258
2025-05-05,138.8421173095703,17213477
2025-05-06,141.14834594726562,42658262
2025-05-07,142.67279052734375,34674594
2025-05-08,140.39588928222656,29687927
2025-05-09,139.5261688232422,21875453
2025-05-12,148.1744842529297,47087413
2025-05-13,146.0246124267578,54389876
2025-05-14,151.77061462402344,60002060
2025-05-15,153.76414489746094,57066105
2025-05-16,153.95957946777344,22884754
2025-05-19,153.9791259765625,21839582
2025-05-20,155.07359313964844,58061639
2025-05-21,157.95635986328125,36044599
2025-05-22,157.6143341064453,60715453
2025-05-23,159.2560577392578,29483665
2025-05-26,158.80653381347656,25581584
2025-05-27,157.97592163085938,23296776
2025-05-28,157.56549072265625,13044476
2025-05-29,159.4026336669922,26455081
2025-05-30,157.35049438476562,32739340
2025-06-02,155.41561889648438,31365564
2025-06-03,153.76414489746094,28398746
2025-06-04,154.57521057128906,16660138
2025-06-05,154.37001037597656,23708504
2025-06-06,157.49000549316406,25804151
2025-06-09,157.32000732421875,15315437
2025-06-10,155.67999267578125,22764080
2025-06-11,156.41000366210938,17605668
2025-06-12,152.88999938964844,27846151
2025-06-13,152.1300048828125,24277592
2025-06-16,154.1699981689453,16188193
2025-06-17,152.60000610351562,16740382
2025-06-18,152.11000061035156,14860746
2025-06-19,151.0,20145922
2025-06-20,151.97000122070312,29944714
2025-06-23,152.42999267578125,17096676
2025-06-24,154.7899932861328,25403324
2025-06-25,156.38999938964844,18240433
2025-06-26,160.5399932861328,40650557
2025-06-27,161.4499969482422,31989509
2025-06-30,159.75999450683594,15842285
2025-07-01,160.05999755859375,17823415
2025-07-02,165.8800048828125,63315210
2025-07-03,165.91000366210938,60571824
2025-07-04,163.00999450683594,22938753
2025-07-07,162.39999389648438,17469909
2025-07-08,161.97000122070312,11398248
2025-07-09,159.0,29839077
2025-07-10,160.66000366210938,17566887
2025-07-11,159.83999633789062,20689511
2025-07-14,160.44000244140625,15152964
2025-07-15,159.0,17993051
2025-07-16,157.3300018310547,14591157
2025-07-17,159.89999389648438,21733241
2025-07-18,162.3699951171875,30728478
2025-07-21,163.02000427246094,29812899
2025-07-22,163.0399932861328,13615524
2025-07-23,162.77000427246094,14287149
2025-07-24,163.47999572753906,14377270
2025-07-25,161.42999267578125,12443495
2025-07-28,159.67999267578125,19296285
2025-07-29,161.69000244140625,15262937
2025-07-30,161.36000061035156,16083106
2025-07-31,157.94000244140625,26213891
2025-08-01,153.00999450683594,23927359
2025-08-04,159.55999755859375,30064719
2025-08-05,159.6199951171875,14441034
2025-08-06,158.66000366210938,13438851
2025-08-07,159.6699981689453,23159540
2025-08-08,157.9499969482422,11951173
2025-08-11,158.52000427246094,14325736
2025-08-12,160.16000366210938,20056598
2025-08-13,160.17999267578125,18079396
2025-08-14,155.3000030517578,47256126
2025-08-18,157.9600067138672,61022494
2025-08-19,159.22999572753906,21224239
2025-08-20,161.9199981689453,28520245
2025-08-21,161.50999450683594,17282594
2025-08-22,158.5500030517578,16063984
2025-08-25,159.6300048828125,16376542
2025-08-26,155.02999877929688,19621100
2025-08-28,153.6300048828125,22269875
2025-08-29,154.47999572753906,16971859
2025-09-01,156.1699981689453,10798622
2025-09-02,158.38999938964844,21202113
2025-09-03,167.85000610351562,82352014
2025-09-04,166.80999755859375,26316842
2025-09-05,167.67999267578125,16798170
2025-09-08,168.82000732421875,36402317
2025-09-09,169.14999389648438,14028910
2025-09-10,169.42999267578125,13128306
2025-09-11,169.41000366210938,13829526
2025-09-12,169.77999877929688,12119036
2025-09-15,169.22999572753906,10611401
2025-09-16,172.02000427246094,26629438
2025-09-17,171.36000061035156,21381306
2025-09-18,172.02999877929688,16413388
2025-09-19,171.47999572753906,25406461
2025-09-22,171.38999938964844,20970704
2025-09-23,173.2899932861328,24533561
2025-09-24,172.66000366210938,20168891
2025-09-25,172.3800048828125,17026549
2025-09-26,167.39999389648438,20157657
2025-09-29,168.97999572753906,16832342
2025-09-30,168.77000427246094,24553596
2025-10-01,167.50999450683594,17542776
2025-10-03,173.2100067138672,55172705
2025-10-06,170.05999755859375,21474004
2025-10-07,171.42999267578125,19189843
2025-10-08,171.94000244140625,22662699
2025-10-09,176.4199981689453,68504717
2025-10-10,173.86000061035156,18085975
2025-10-13,173.02999877929688,19386219
2025-10-14,170.50999450683594,22082970
2025-10-15,173.24000549316406,15031989
2025-10-16,174.0,12205250
2025-10-17,172.22000122070312,21659007
2025-10-20,171.9499969482422,18049579
2025-10-21,172.77999877929688,2471987
2025-10-23,174.16000366210938,31472510
2025-10-24,174.44000244140625,25226376
2025-10-27,176.66000366210938,23832477
2025-10-28,181.80999755859375,59511794
2025-10-29,185.19000244140625,51610530
2025-10-30,184.35000610351562,24270977
2025-10-31,182.83999633789062,16041321
2025-11-03,182.6699981689453,16652212
2025-11-04,179.2899932861328,18746387
2025-11-06,177.27000427246094,23664538
2025-11-07,181.3699951171875,19165876
2025-11-10,181.47999572753906,18376132
2025-11-11,181.0399932861328,14109340
2025-11-12,178.61000061035156,19037263
2025-11-13,176.64999389648438,82083661
2025-11-14,174.25999450683594,38345500
2025-11-17,173.1699981689453,28204282
2025-11-18,172.4499969482422,34278387
2025-11-19,173.2100067138672,19621610
2025-11-20,172.4600067138672,15968891
2025-11-21,168.0,28412865
2025-11-24,165.36000061035156,31202769
2025-11-25,166.3300018310547,19983310
2025-11-26,169.6699981689453,15044796
2025-11-27,168.1300048828125,17546627
2025-11-28,167.9600067138672,11975539
2025-12-01,168.6300048828125,11758473
2025-12-02,167.77999877929688,15355023
2025-12-03,166.9199981689453,18873943
2025-12-04,166.77000427246094,11419966
2025-12-05,167.11000061035156,33500436
2025-12-08,163.47000122070312,15772400
2025-12-09,160.6699981689453,25766371
2025-12-10,162.22999572753906,22537548
2025-12-11,166.3800048828125,32603566
2025-12-12,171.88999938964844,41130927
2025-12-15,172.8699951171875,23254201
2025-12-16,169.8300018310547,22981935
2025-12-17,170.33999633789062,11624504
2025-12-18,168.1199951171875,13152378
2025-12-19,168.69000244140625,28448892
2025-12-22,169.22000122070312,23729300
2025-12-23,170.89999389648438,17348078
2025-12-24,170.07000732421875,17430406
2025-12-26,169.1199951171875,16904834
2025-12-29,172.3000030517578,48001907
2025-12-30,175.8000030517578,33741158
2025-12-31,180.0800018310547,50897201
2026-01-01,181.88999938964844,21507757
2026-01-02,182.8800048828125,23006840
2026-01-05,185.72000122070312,30646009
2026-01-06,186.1999969482422,28514282
2026-01-07,183.8000030517578,18231588
2026-01-08,180.1199951171875,38454951
2026-01-09,178.39999389648438,25318701
2026-01-12,183.24000549316406,25782267
2026-01-13,182.57000732421875,19155081
2026-01-14,189.25,55907778
2026-01-15,189.25,0
2026-01-16,188.2100067138672,26028519
2026-01-19,188.27000427246094,19709364
2026-01-20,183.55999755859375,20094927
2026-01-21,184.41000366210938,35037961
2026-01-22,189.10000610351562,35681682
2026-01-23,187.61000061035156,28492706
2026-01-27,192.27999877929688,42314287
2026-01-28,193.85000610351562,33310718
2026-01-29,202.32000732421875,60610904
2026-01-30,193.1300048828125,52262849
2026-02-02,188.50999450683594,25601945
2026-02-03,192.92999267578125,28467895
2026-02-04,195.39999389648438,13859145
2026-02-05,197.75999450683594,31293689
2026-02-06,197.05999755859375,18446912
2026-02-09,202.0,68967709
2026-02-10,208.00999450683594,82443790
2026-02-11,207.58999633789062,40897457
2026-02-12,208.11000061035156,24109860
2026-02-13,203.17999267578125,25870923
2026-02-16,205.80999755859375,17932490
2026-02-17,203.0800018310547,18506676
2026-02-18,209.02999877929688,48357001
2026-02-19,205.41000366210938,27749813
2026-02-20,208.36000061035156,26605844
2026-02-23,208.13999938964844,23377191
