date,adj_close,volume
2015-01-01,132.65362548828125,535692
2015-01-02,134.238037109375,2043127
2015-01-05,134.6342010498047,1873161
2015-01-06,130.4089813232422,2390258
2015-01-07,130.6730499267578,2770541
2015-01-08,135.29434204101562,2292977
2015-01-09,136.96685791015625,4013444
2015-01-12,138.50729370117188,1647105
2015-01-13,136.6587677001953,1558189
2015-01-14,136.30667114257812,1383172
2015-01-15,137.01084899902344,1183917
2015-01-16,135.82252502441406,1299810
2015-01-19,137.80307006835938,1000172
2015-01-20,137.62701416015625,1211357
2015-01-21,139.07943725585938,2696995
2015-01-22,139.82765197753906,2326838
2015-01-23,141.8522186279297,2437301
2015-01-27,140.31178283691406,1634586
2015-01-28,139.73963928222656,1819031
2015-01-29,139.29949951171875,2823390
2015-01-30,139.6956024169922,4094370
2015-02-02,144.00885009765625,5423705
2015-02-03,141.23606872558594,1927234
2015-02-04,139.56356811523438,1567779
2015-02-05,136.2186279296875,2403931
2015-02-06,134.1500244140625,1392578
2015-02-09,131.64132690429688,1470539
2015-02-10,133.4018096923828,1719968
2015-02-11,135.86654663085938,1131718
2015-02-12,136.61471557617188,1727098
2015-02-13,138.55128479003906,1565871
2015-02-16,136.57073974609375,696970
2015-02-18,138.06715393066406,1122120
2015-02-19,138.19918823242188,1377032
2015-02-20,140.57583618164062,2886605
2015-02-23,137.27490234375,1614558
2015-02-24,136.92283630371094,1404899
2015-02-25,135.11831665039062,1546220
2015-02-26,134.28208923339844,2960597
2015-02-27,137.3629608154297,1540677
2015-03-02,139.3875274658203,1211587
2015-03-03,143.96482849121094,4314580
2015-03-04,139.3875274658203,2204041
2015-03-05,140.22378540039062,1419036
2015-03-09,140.0037078857422,2281047
2015-03-10,138.41925048828125,1354766
2015-03-11,138.94740295410156,1773712
2015-03-12,140.83995056152344,2130596
2015-03-13,136.30667114257812,2248388
2015-03-16,136.2186279296875,1343251
2015-03-17,137.9351043701172,1416285
2015-03-18,137.18690490722656,1268390
2015-03-19,135.42640686035156,1776564
2015-03-20,131.9934539794922,1834524
2015-03-23,129.57273864746094,1229406
2015-03-24,130.23292541503906,1328198
2015-03-25,131.15719604492188,1566031
2015-03-26,129.6607666015625,2029247
2015-03-27,128.29638671875,2099157
2015-03-30,131.81735229492188,818899
2015-03-31,130.98114013671875,1383972
2015-04-01,133.00572204589844,575050
2015-04-06,133.3137969970703,843471
2015-04-07,133.00572204589844,1810409
2015-04-08,133.44586181640625,1142129
2015-04-09,133.84194946289062,852909
2015-04-10,141.89622497558594,6349564
2015-04-13,142.16029357910156,3122578
2015-04-15,139.9156494140625,4215595
2015-04-16,140.22378540039062,1373494
2015-04-17,138.68331909179688,1223180
2015-04-20,134.8982391357422,1753170
2015-04-21,132.21348571777344,3096387
2015-04-22,131.72933959960938,2719219
2015-04-23,132.21348571777344,2312755
2015-04-24,129.6167449951172,1179218
2015-04-27,125.12750244140625,3007045
2015-04-28,124.9514389038086,3701269
2015-04-29,125.47957611083984,1836583
2015-04-30,125.08348846435547,2456804
2015-05-04,126.35980224609375,1103984
2015-05-05,127.24008178710938,1785800
2015-05-06,123.05890655517578,2281538
2015-05-07,121.25436401367188,2366296
2015-05-08,124.1592025756836,1572681
2015-05-11,126.18379211425781,2341680
2015-05-12,125.74369049072266,3019872
2015-05-13,127.24008178710938,2227212
2015-05-14,128.78053283691406,1373721
2015-05-15,129.748779296875,2232739
2015-05-18,130.23292541503906,1497623
2015-05-19,129.88082885742188,1138811
2015-05-20,128.47244262695312,1648427
2015-05-21,129.08859252929688,702795
2015-05-22,130.23292541503906,1010894
2015-05-25,129.79281616210938,872187
2015-05-26,130.98114013671875,1118631
2015-05-27,130.8931121826172,909189
2015-05-28,127.54814147949219,5132085
2015-05-29,128.7364959716797,1343454
2015-06-01,127.76821899414062,569531
2015-06-02,123.93914794921875,2077218
2015-06-03,120.90229034423828,2271136
2015-06-04,121.25436401367188,2132044
2015-06-05,121.91456604003906,756591
2015-06-08,118.70165252685547,1937914
2015-06-09,121.07831573486328,877704
2015-06-10,120.24211120605469,799419
2015-06-11,118.30554962158203,1586596
2015-06-12,112.80398559570312,2641286
2015-06-15,113.64022827148438,1933262
2015-06-16,113.2881088256836,1341209
2015-06-17,116.50104522705078,2239733
2015-06-18,116.7210922241211,970883
2015-06-19,117.73338317871094,1278156
2015-06-22,118.83369445800781,1019044
2015-06-23,117.8214111328125,2115793
2015-06-24,117.24925231933594,1696146
2015-06-25,119.44988250732422,2736280
2015-06-26,117.8214111328125,928889
2015-06-29,114.03633880615234,1397938
2015-06-30,116.36900329589844,4332991
2015-07-01,119.31783294677734,2667661
2015-07-02,120.68220520019531,1826569
2015-07-03,119.80195617675781,1032972
2015-07-06,118.83369445800781,1260314
2015-07-07,121.6504898071289,3133999
2015-07-08,118.74565887451172,1608817
2015-07-09,117.90943145751953,1049069
2015-07-10,118.4375991821289,1590741
2015-07-13,120.41813659667969,1720786
2015-07-14,120.63822174072266,1974367
2015-07-15,121.60647583007812,1530200
2015-07-16,121.47444915771484,804974
2015-07-17,122.35469818115234,2108950
2015-07-20,124.77537536621094,2394358
2015-07-21,121.0343246459961,1965237
2015-07-22,122.79480743408203,1310150
2015-07-23,123.98316955566406,2009103
2015-07-24,123.93914794921875,1542474
2015-07-27,121.07831573486328,1245996
2015-07-28,120.99029541015625,1294926
2015-07-29,122.04660034179688,1150281
2015-07-30,122.69283294677734,1848759
2015-07-31,125.42131805419922,2328615
2015-08-03,126.0028305053711,1673236
2015-08-04,128.19456481933594,2117898
2015-08-05,127.1657485961914,1550830
2015-08-06,128.59713745117188,3835649
2015-08-07,126.98686218261719,992867
2015-08-10,124.3030776977539,1248444
2015-08-11,123.18484497070312,1269206
2015-08-12,119.02503204345703,1197225
2015-08-13,116.29652404785156,1074691
2015-08-14,118.17517852783203,1714304
2015-08-17,117.19111633300781,798673
2015-08-18,120.00907897949219,2189190
2015-08-19,119.69597625732422,1504926
2015-08-20,118.89083862304688,1354813
2015-08-21,116.65436553955078,1043785
2015-08-24,102.7435073852539,3763375
2015-08-25,105.15890502929688,5056575
2015-08-26,104.93525695800781,1404188
2015-08-27,104.08538818359375,6857158
2015-08-28,105.69567108154297,3490011
2015-08-31,106.99281311035156,2010188
2015-09-01,103.05661010742188,2716732
2015-09-02,106.32186889648438,1927201
2015-09-03,111.06318664550781,4688477
2015-09-04,107.52955627441406,2496844
2015-09-07,107.75321197509766,1349442
2015-09-08,108.20050811767578,1414288
2015-09-09,110.61590576171875,1569358
2015-09-10,110.70535278320312,1042265
2015-09-11,110.258056640625,784377
2015-09-14,110.9737319946289,789201
2015-09-15,112.18142700195312,939558
2015-09-16,110.12387084960938,695624
2015-09-18,112.22613525390625,1284690
2015-09-21,112.27088928222656,623623
2015-09-22,110.83955383300781,1284630
2015-09-23,111.82360076904297,1055109
2015-09-24,111.10791015625,1011551
2015-09-28,113.70222473144531,1253307
2015-09-29,113.25493621826172,1009942
2015-09-30,114.32843780517578,915110
2015-10-01,116.34127044677734,1218988
2015-10-05,117.95153045654297,746173
2015-10-06,116.78855895996094,1009128
2015-10-07,119.02503204345703,994870
2015-10-08,119.29341125488281,846622
2015-10-09,120.5010986328125,1317037
2015-10-12,120.36688995361328,566886
2015-10-13,118.3541030883789,1028678
2015-10-14,119.8748779296875,1428493
2015-10-15,120.5010986328125,591991
2015-10-16,119.8748779296875,357403
2015-10-19,120.5010986328125,405056
2015-10-20,124.7056655883789,2469431
2015-10-21,123.0506591796875,589717
2015-10-23,123.27430725097656,413539
2015-10-26,124.25834655761719,734224
2015-10-27,121.48514556884766,881996
2015-10-28,121.30624389648438,593469
2015-10-29,121.57460021972656,2084196
2015-10-30,119.38285827636719,774022
2015-11-02,118.66719055175781,621684
2015-11-03,117.86205291748047,519168
2015-11-04,117.86205291748047,557561
2015-11-05,114.50735473632812,892494
2015-11-06,112.58397674560547,858491
2015-11-09,115.2230224609375,1107840
2015-11-10,112.44979095458984,525833
2015-11-13,114.50735473632812,737584
2015-11-16,114.64154052734375,580961
2015-11-17,118.53299713134766,1152357
2015-11-18,115.17829132080078,922793
2015-11-19,117.10164642333984,488288
2015-11-20,119.69597625732422,1149754
2015-11-23,118.9355697631836,842444
2015-11-24,120.18798828125,613392
2015-11-26,120.72476196289062,1904180
2015-11-27,122.51392364501953,1152280
2015-11-30,123.0506591796875,849968
2015-12-01,121.88770294189453,911482
2015-12-02,121.84298706054688,565383
2015-12-03,120.68001556396484,689892
2015-12-04,119.56178283691406,758581
2015-12-07,121.08258819580078,476940
2015-12-08,120.76945495605469,1271238
2015-12-09,118.21989440917969,1152536
2015-12-10,121.03784942626953,704236
2015-12-11,119.15922546386719,836942
2015-12-14,120.18798828125,773849
2015-12-15,119.74071502685547,589790
2015-12-16,122.15608215332031,1191657
2015-12-17,127.21051025390625,1707401
2015-12-18,126.9421157836914,1147660
2015-12-21,127.83671569824219,1040800
2015-12-22,126.3159408569336,609093
2015-12-23,127.03158569335938,561726
2015-12-24,129.53646850585938,1428993
2015-12-28,128.8655242919922,780709
2015-12-29,126.9421157836914,1260484
2015-12-30,130.9230499267578,1746109
2015-12-31,130.7888641357422,1464755
2016-01-01,130.9677734375,781067
2016-01-04,128.5524139404297,950484
2016-01-05,132.7122344970703,1502760
2016-01-06,129.9390106201172,834054
2016-01-07,125.28715515136719,1034747
2016-01-08,129.2233428955078,1284440
2016-01-11,126.9421157836914,1201860
2016-01-12,124.79512023925781,1353097
2016-01-13,121.30624389648438,1907971
2016-01-14,119.91963195800781,1431102
2016-01-15,114.95465087890625,1756768
2016-01-18,109.00563049316406,2065711
2016-01-19,113.07601165771484,1411260
2016-01-20,109.63185119628906,1278069
2016-01-21,108.91617584228516,1322358
2016-01-22,112.31562805175781,1084192
2016-01-25,111.19737243652344,682689
2016-01-27,111.3315658569336,655053
2016-01-28,110.16860961914062,1539708
2016-01-29,113.16547393798828,925581
2016-02-01,113.25493621826172,592819
2016-02-02,111.15264892578125,734748
2016-02-03,108.91617584228516,877186
2016-02-04,108.78199768066406,1120485
2016-02-05,109.58712768554688,797137
2016-02-08,110.83955383300781,1227619
2016-02-09,108.0215835571289,1109232
2016-02-10,105.87458801269531,1654991
2016-02-11,94.15547180175781,5524328
2016-02-12,93.30560302734375,2087141
2016-02-15,94.8263931274414,1091675
2016-02-16,91.82952117919922,1341261
2016-02-17,93.03722381591797,1268061
2016-02-18,93.52925872802734,1429030
2016-02-19,95.98937225341797,1340622
2016-02-22,97.59962463378906,1151733
2016-02-23,95.40789031982422,1037357
2016-02-24,95.45260620117188,758132
2016-02-25,95.00531005859375,9364686
2016-02-26,93.70817565917969,2381968
2016-02-29,92.63467407226562,1639500
2016-03-01,97.42070770263672,1481271
2016-03-02,98.3153076171875,1220668
2016-03-03,97.95745849609375,1260507
2016-03-04,101.31216430664062,1377634
2016-03-08,103.45919036865234,1677380
2016-03-09,104.53269958496094,1555016
2016-03-10,104.17484283447266,1177827
2016-03-11,103.63810729980469,1170769
2016-03-14,103.45919036865234,1609295
2016-03-15,103.28025817871094,1082982
2016-03-16,102.96717071533203,964165
2016-03-17,103.59337615966797,1396728
2016-03-18,106.36660766601562,2062464
2016-03-21,107.26117706298828,839802
2016-03-22,108.60306549072266,1469400
2016-03-23,106.85862731933594,1230385
2016-03-28,106.81389617919922,1382616
2016-03-29,106.72443389892578,3588313
2016-03-30,108.60306549072266,1922207
2016-03-31,108.4688720703125,1627181
2016-04-01,109.63185119628906,1532533
2016-04-04,108.42415618896484,831737
2016-04-05,105.78511047363281,1663091
2016-04-06,106.32186889648438,1327276
2016-04-07,106.18768310546875,1147382
2016-04-08,105.2930908203125,648096
2016-04-11,106.90332794189453,1050521
2016-04-12,105.87458801269531,788617
2016-04-13,107.93213653564453,928735
2016-04-18,107.35063171386719,765331
2016-04-20,109.00563049316406,1572869
2016-04-21,107.44011688232422,892645
2016-04-22,107.57429504394531,716365
2016-04-25,108.42415618896484,782130
2016-04-26,108.96089935302734,984070
2016-04-27,109.4976577758789,1949554
2016-04-28,107.61903381347656,2142054
2016-04-29,107.3953857421875,869948
2016-05-02,108.33468627929688,717595
2016-05-03,106.85862731933594,1356187
2016-05-04,104.62214660644531,894057
2016-05-05,104.08538818359375,745000
2016-05-06,105.65092468261719,654231
2016-05-09,106.23240661621094,1207381
2016-05-10,105.74038696289062,526190
2016-05-11,104.93525695800781,622661
2016-05-12,106.41131591796875,596225
2016-05-13,106.9480972290039,1103386
2016-05-16,107.93213653564453,688646
2016-05-17,107.66374969482422,1068540
2016-05-18,108.20050811767578,641976
2016-05-19,107.305908203125,1085102
2016-05-20,107.3953857421875,466672
2016-05-23,107.70848083496094,1396870
2016-05-24,108.91617584228516,1438192
2016-05-25,106.90332794189453,1787665
2016-05-26,106.09821319580078,1383549
2016-05-27,104.93525695800781,676137
2016-05-30,105.51673126220703,692008
2016-05-31,105.33781433105469,658231
2016-06-01,105.60619354248047,581341
2016-06-02,106.67969512939453,549738
2016-06-03,107.52955627441406,1783456
2016-06-06,106.72443389892578,866406
2016-06-07,106.7691650390625,690551
2016-06-08,111.28683471679688,2390316
2016-06-09,111.77884674072266,2825223
2016-06-10,110.61590576171875,900666
2016-06-13,114.64154052734375,4305954
2016-06-14,113.16547393798828,2902578
2016-06-15,113.6127700805664,1662070
2016-06-16,112.8076400756836,1489092
2016-06-17,112.44979095458984,1717907
2016-06-20,112.85236358642578,732869
2016-06-21,112.22613525390625,447117
2016-06-22,113.83641052246094,2792498
2016-06-23,113.38911437988281,1408701
2016-06-24,111.15264892578125,3585896
2016-06-27,112.67344665527344,2162032
2016-06-28,114.3731689453125,2563561
2016-06-29,116.02816009521484,2735697
2016-06-30,117.37004089355469,2810587
2016-07-01,120.68001556396484,5379977
2016-07-04,119.96434783935547,1144671
2016-07-05,119.78540802001953,942568
2016-07-07,120.2774429321289,2125346
2016-07-08,118.62246704101562,1296935
2016-07-11,119.06976318359375,1689644
2016-07-12,118.89083862304688,1612081
2016-07-13,118.21989440917969,1306338
2016-07-14,118.62246704101562,1093389
2016-07-15,118.62246704101562,1587827
2016-07-18,116.25181579589844,2283784
2016-07-19,116.34127044677734,3903542
2016-07-20,119.74071502685547,1887075
2016-07-21,117.90680694580078,1884426
2016-07-22,117.6384048461914,2012357
2016-07-25,119.38285827636719,1656721
2016-07-26,117.32530212402344,1271947
2016-07-27,122.9612045288086,3576969
2016-07-28,125.3766098022461,3754038
2016-07-29,127.1657485961914,3056272
2016-08-01,126.13700866699219,1987955
2016-08-02,123.81108856201172,1175233
2016-08-03,121.44041442871094,1451654
2016-08-04,123.72164154052734,1515003
2016-08-05,124.43729400634766,1427614
2016-08-08,129.9122772216797,2430227
2016-08-09,130.23049926757812,8549636
2016-08-10,125.23038482666016,3289526
2016-08-11,124.82130432128906,1140212
2016-08-12,124.50308227539062,1024054
2016-08-16,125.50310516357422,1518494
2016-08-17,125.13948059082031,778141
2016-08-18,126.23041534423828,901208
2016-08-19,128.41229248046875,2298138
2016-08-22,125.82129669189453,1398679
2016-08-23,126.9122314453125,1282978
2016-08-24,127.50314331054688,2956023
2016-08-25,127.68498229980469,4868511
2016-08-26,127.18495178222656,1468343
2016-08-29,126.36676788330078,1604324
2016-08-30,127.45771026611328,1832319
2016-08-31,127.50314331054688,1401308
2016-09-01,128.27590942382812,2493654
2016-09-02,128.73048400878906,1681308
2016-09-06,128.8668212890625,1300643
2016-09-07,129.27593994140625,2381717
2016-09-08,129.27593994140625,1155009
2016-09-09,127.00314331054688,1199464
2016-09-12,123.0030517578125,2248691
2016-09-14,124.95763397216797,1045853
2016-09-15,124.54852294921875,1451283
2016-09-16,127.13951873779297,3029995
2016-09-19,127.18495178222656,1362666
2016-09-20,125.4576644897461,1787917
2016-09-21,125.50310516357422,1635459
2016-09-22,126.27584838867188,1204798
2016-09-23,129.45773315429688,3538509
2016-09-26,127.86679077148438,2769361
2016-09-27,131.412353515625,3316650
2016-09-28,133.41241455078125,6464628
2016-09-29,124.54852294921875,4753568
2016-09-30,126.9122314453125,1471713
2016-10-03,129.4123077392578,1927658
2016-10-04,128.91229248046875,2678079
2016-10-05,139.36709594726562,9741635
2016-10-06,137.1852264404297,6256632
2016-10-07,137.50341796875,4097231
2016-10-10,137.8670654296875,2063455
2016-10-13,134.41241455078125,3116651
2016-10-14,139.27618408203125,3968866
2016-10-17,136.59426879882812,3180180
2016-10-18,138.09432983398438,2736835
2016-10-19,140.5489501953125,6685790
2016-10-20,138.5034637451172,2780284
2016-10-21,138.63978576660156,1751366
2016-10-24,140.04893493652344,2715234
2016-10-25,136.36700439453125,3234883
2016-10-26,132.18507385253906,3586046
2016-10-27,125.23038482666016,8524741
2016-10-28,127.23045349121094,2281364
2016-11-01,126.00313568115234,1497745
2016-11-02,122.68487548828125,2026448
2016-11-03,119.41204833984375,2063211
2016-11-04,115.32103729248047,4614456
2016-11-07,116.36651611328125,1948286
2016-11-08,115.86650848388672,2758553
2016-11-09,110.82093048095703,5272740
2016-11-10,114.00283813476562,2170482
2016-11-11,107.86631774902344,3058329
2016-11-15,106.36627197265625,2405650
2016-11-16,110.27547454833984,4703414
2016-11-17,107.82084655761719,1306586
2016-11-18,109.18453216552734,2008909
2016-11-21,105.13898468017578,1976322
2016-11-22,106.6390151977539,3411500
2016-11-23,106.95720672607422,2170944
2016-11-24,104.63896942138672,2220419
2016-11-25,107.72993469238281,1474301
2016-11-28,109.957275390625,1738935
2016-11-29,110.86638641357422,1993986
2016-11-30,112.59370422363281,1616908
2016-12-01,110.82093048095703,1205710
2016-12-02,110.50273895263672,1343432
2016-12-05,112.4118881225586,1401882
2016-12-06,112.18460083007812,1486818
2016-12-07,111.1845703125,1217621
2016-12-08,112.59370422363281,1090370
2016-12-09,112.63916778564453,920060
2016-12-12,112.13914489746094,760874
2016-12-13,112.13914489746094,502421
2016-12-14,111.59367370605469,826188
2016-12-15,113.13916778564453,2212399
2016-12-16,113.0028076171875,804735
2016-12-19,113.0028076171875,923038
2016-12-20,110.23001098632812,646197
2016-12-21,110.5481948852539,677057
2016-12-22,108.54815673828125,839802
2016-12-23,108.04813385009766,749376
2016-12-26,106.36627197265625,425216
2016-12-27,109.59364318847656,728501
2016-12-28,108.72997283935547,866902
2016-12-29,110.0936279296875,1025503
2016-12-30,110.9118423461914,1017447
2017-01-02,112.32098388671875,1102178
2017-01-03,113.13916778564453,580430
2017-01-04,113.13916778564453,656213
2017-01-05,113.82099914550781,503565
2017-01-06,113.32099914550781,1255021
2017-01-09,113.41191101074219,414927
2017-01-10,113.13916778564453,533212
2017-01-11,115.95742797851562,839283
2017-01-12,113.77555847167969,1403598
2017-01-13,116.68472290039062,3617760
2017-01-16,116.04833221435547,538746
2017-01-17,116.00287628173828,851814
2017-01-18,116.95743560791016,1059940
2017-01-19,118.6393051147461,1308883
2017-01-20,114.91194152832031,961631
2017-01-23,116.2756118774414,746313
2017-01-24,116.775634765625,996229
2017-01-25,116.68472290039062,909771
2017-01-27,117.45746612548828,759876
2017-01-30,118.5938491821289,1256759
2017-01-31,117.13927459716797,1614154
2017-02-01,118.27567291259766,1221969
2017-02-02,125.13948059082031,6652685
2017-02-03,128.95774841308594,3569132
2017-02-06,129.7759552001953,2127506
2017-02-07,128.77590942382812,2205918
2017-02-08,132.86692810058594,2162887
2017-02-09,130.82139587402344,1726818
2017-02-10,130.86688232421875,1367413
2017-02-13,129.0486602783203,2224197
2017-02-14,128.36683654785156,1395593
2017-02-15,126.13951110839844,1193620
2017-02-16,127.3668212890625,942382
2017-02-17,127.4122543334961,952450
2017-02-20,128.73048400878906,1517679
2017-02-21,128.73048400878906,1671915
2017-02-22,127.27587127685547,1296093
2017-02-23,126.59405517578125,1340126
2017-02-27,126.27584838867188,1129032
2017-02-28,125.50310516357422,1513693
2017-03-01,130.54869079589844,4919352
2017-03-02,128.27590942382812,1765255
2017-03-03,130.3214111328125,1672938
2017-03-06,130.23049926757812,2043052
2017-03-07,129.7759552001953,727617
2017-03-08,128.54861450195312,1103877
2017-03-09,128.00318908691406,1073015
2017-03-10,124.63946533203125,1671172
2017-03-14,126.82132720947266,838219
2017-03-15,128.0940704345703,1279451
2017-03-16,131.54873657226562,3987646
2017-03-17,131.6396484375,1898811
2017-03-20,133.1396484375,2675495
2017-03-21,132.6396484375,2955856
2017-03-22,130.09414672851562,2306755
2017-03-23,137.82162475585938,6422298
2017-03-24,137.41249084472656,3485991
2017-03-27,135.09425354003906,2933289
2017-03-28,136.8670654296875,2740120
2017-03-29,136.9125213623047,2092924
2017-03-30,136.50340270996094,3022795
2017-03-31,136.8670654296875,1193137
2017-04-03,138.09432983398438,1788548
2017-04-05,138.77618408203125,2011288
2017-04-06,139.1398162841797,2295942
2017-04-07,136.9125213623047,1444642
2017-04-10,137.23069763183594,1857915
2017-04-11,139.4580078125,2064221
2017-04-12,137.95794677734375,1907247
2017-04-13,136.8215789794922,1272204
2017-04-17,135.86700439453125,830703
2017-04-18,134.68515014648438,1563947
2017-04-19,136.54884338378906,1092317
2017-04-20,138.32159423828125,1540540
2017-04-21,137.54888916015625,1293698
2017-04-24,138.13978576660156,1079887
2017-04-25,137.91250610351562,945527
2017-04-26,139.77618408203125,4161713
2017-04-27,138.27618408203125,1388038
2017-04-28,139.18528747558594,1132516
2017-05-02,143.36720275878906,6827849
2017-05-03,142.00352478027344,1523044
2017-05-04,141.2307586669922,1653237
2017-05-05,138.45799255371094,1349536
2017-05-08,138.730712890625,1239593
2017-05-09,140.04893493652344,939148
2017-05-10,140.77622985839844,1186929
2017-05-11,140.0034637451172,589464
2017-05-12,138.77618408203125,940916
2017-05-15,140.5489501953125,1012554
2017-05-16,140.41258239746094,1306020
2017-05-17,138.9580078125,1161590
2017-05-18,134.09425354003906,1233917
2017-05-19,135.91244506835938,2744849
2017-05-22,134.36695861816406,1098727
2017-05-23,131.59417724609375,1355129
2017-05-24,128.82138061523438,1755862
2017-05-25,130.04869079589844,1842806
2017-05-26,133.54876708984375,1417686
2017-05-29,132.18507385253906,977041
2017-05-30,132.32150268554688,1513053
2017-05-31,135.82154846191406,3325237
2017-06-01,138.5488739013672,2952069
2017-06-02,140.77622985839844,3603942
2017-06-05,140.8671112060547,1647207
2017-06-06,139.09437561035156,1290705
2017-06-07,141.41261291503906,1943703
2017-06-08,140.5489501953125,1479812
2017-06-09,140.36712646484375,1319642
2017-06-12,138.27618408203125,1438107
2017-06-13,142.23080444335938,3463217
2017-06-14,144.04904174804688,4815053
2017-06-15,144.63998413085938,3647423
2017-06-16,143.82176208496094,1968954
2017-06-19,142.18531799316406,1362450
2017-06-20,142.59446716308594,1212404
2017-06-21,142.54898071289062,2770731
2017-06-22,140.68531799316406,2216575
2017-06-23,137.41249084472656,1980476
2017-06-27,133.95787048339844,1465569
2017-06-28,135.59426879882812,2135161
2017-06-29,135.0033416748047,2280933
2017-06-30,136.9579315185547,1854572
2017-07-03,137.82162475585938,8680232
2017-07-04,136.41249084472656,3080845
2017-07-05,141.95806884765625,5849123
2017-07-06,139.4125518798828,4873097
2017-07-07,145.61676025390625,6442241
2017-07-10,153.7399139404297,4758424
2017-07-11,156.46299743652344,12571250
2017-07-12,160.3861083984375,10623109
2017-07-13,161.90921020507812,5222043
2017-07-14,160.80149841308594,2831387
2017-07-17,163.38613891601562,4882663
2017-07-18,160.3861083984375,3264325
2017-07-19,161.6784210205078,4161102
2017-07-20,158.1245574951172,2791324
2017-07-21,158.955322265625,4670938
2017-07-24,156.92454528808594,2636591
2017-07-25,157.986083984375,2103806
2017-07-26,158.955322265625,3803339
2017-07-27,155.44761657714844,2370296
2017-07-28,156.13990783691406,2290563
2017-07-31,156.5091552734375,1896521
2017-08-01,154.6168212890625,2140964
2017-08-02,152.4014434814453,2009220
2017-08-03,153.8321990966797,2895078
2017-08-04,155.81787109375,2298689
2017-08-07,159.56234741210938,2548868
2017-08-08,155.39662170410156,2372930
2017-08-09,151.74571228027344,1267995
2017-08-10,146.03536987304688,2470478
2017-08-11,153.71157836914062,6027593
2017-08-14,167.3321990966797,9368807
2017-08-16,181.46768188476562,29191015
2017-08-17,178.42527770996094,10381703
2017-08-18,181.98251342773438,10030010
2017-08-21,183.62075805664062,15744338
2017-08-22,177.7231903076172,7466196
2017-08-23,183.99522399902344,7522673
2017-08-24,181.84213256835938,4587179
2017-08-28,180.95281982421875,3684762
2017-08-29,178.19125366210938,5679382
2017-08-30,184.46328735351562,7173447
2017-08-31,185.3525848388672,7760949
2017-09-01,184.97813415527344,3401210
2017-09-04,180.95281982421875,4372250
2017-09-05,184.13565063476562,3442385
2017-09-06,192.79476928710938,14490021
2017-09-07,192.6075439453125,5862028
2017-09-08,193.68411254882812,6430260
2017-09-11,195.8839874267578,3393087
2017-09-12,198.50514221191406,4884083
2017-09-13,194.0585479736328,4637092
2017-09-14,198.50514221191406,2980684
2017-09-15,197.10096740722656,2608124
2017-09-18,199.67527770996094,2491966
2017-09-19,202.39004516601562,9580786
2017-09-20,200.0497283935547,2906933
2017-09-21,198.64553833007812,2914695
2017-09-22,188.30137634277344,3851873
2017-09-25,184.0887908935547,4019965
2017-09-26,191.57781982421875,5546594
2017-09-27,185.91427612304688,3331256
2017-09-28,190.1736297607422,4602566
2017-09-29,192.65435791015625,3721338
2017-10-03,193.26283264160156,1985873
2017-10-04,191.85867309570312,1964885
2017-10-05,196.0712127685547,2228532
2017-10-06,196.2116241455078,2534607
2017-10-09,194.99465942382812,1653094
2017-10-10,195.1350860595703,2125747
2017-10-11,196.02439880371094,6891689
2017-10-12,198.45831298828125,3902627
2017-10-13,196.8201141357422,3171251
2017-10-16,196.2116241455078,2658347
2017-10-17,196.86691284179688,3269191
2017-10-18,193.59048461914062,4687271
2017-10-19,191.53102111816406,532661
2017-10-23,190.1268310546875,2952899
2017-10-24,196.2584228515625,3568231
2017-10-25,192.186279296875,2640192
2017-10-26,196.3988494873047,4964383
2017-10-27,206.4153594970703,8891566
2017-10-30,212.3129425048828,13953152
2017-10-31,212.45339965820312,5175219
2017-11-01,213.24908447265625,3608627
2017-11-02,211.8917236328125,7866167
2017-11-03,210.90878295898438,1920643
2017-11-06,219.7083282470703,6994467
2017-11-07,210.6279296875,5306883
2017-11-08,210.15989685058594,3299527
2017-11-09,225.09104919433594,11299727
2017-11-10,221.06570434570312,7726311
2017-11-13,219.42750549316406,2923051
2017-11-14,230.94183349609375,15847309
2017-11-15,234.87353515625,17805319
2017-11-16,235.85647583007812,6292626
2017-11-17,243.29869079589844,6857865
2017-11-20,257.34051513671875,13458563
2017-11-21,255.70230102539062,12063135
2017-11-22,256.5448303222656,5015906
2017-11-23,257.2469177246094,3371088
2017-11-24,260.8977966308594,3855810
2017-11-27,259.7276611328125,2208868
2017-11-28,269.3697509765625,11258640
2017-11-29,262.3020324707031,6464166
2017-11-30,268.7612609863281,9944314
2017-12-01,265.43798828125,7150041
2017-12-04,261.22540283203125,5784862
2017-12-05,262.0680236816406,4876970
2017-12-06,257.3873596191406,4358618
2017-12-07,265.8592529296875,3820082
2017-12-08,270.0250244140625,4297335
2017-12-11,279.29266357421875,8045275
2017-12-12,269.4164733886719,6874578
2017-12-13,266.280517578125,6799578
2017-12-14,266.1400451660156,5575066
2017-12-15,268.5272216796875,3036814
2017-12-18,272.271728515625,5912782
2017-12-19,281.4457702636719,8383608
2017-12-20,281.6329650878906,4692403
2017-12-21,280.9776916503906,2280137
2017-12-22,283.41162109375,4703911
2017-12-26,286.4071960449219,3956481
2017-12-27,286.0327453613281,3315278
2017-12-28,287.01568603515625,4620000
2017-12-29,296.189697265625,6874520
2018-01-01,292.91326904296875,1602814
2018-01-02,291.2749938964844,2014415
2018-01-03,291.3218688964844,2073353
2018-01-04,292.3047790527344,2703849
2018-01-05,292.9600830078125,1896601
2018-01-08,297.31304931640625,2171903
2018-01-09,295.1599426269531,2411068
2018-01-10,294.0365905761719,2517494
2018-01-11,293.2876892089844,3481202
2018-01-12,304.9424743652344,14484043
2018-01-15,302.36810302734375,4519030
2018-01-16,296.189697265625,4683847
2018-01-17,293.521728515625,3742677
2018-01-18,285.93914794921875,3408593
2018-01-19,288.6539306640625,3653286
2018-01-22,289.1219787597656,3278437
2018-01-23,287.577392578125,4416130
2018-01-24,284.8157653808594,2154759
2018-01-25,284.8157653808594,3631793
2018-01-29,282.52227783203125,1806919
2018-01-30,284.5817565917969,2590100
2018-01-31,272.08453369140625,5397599
2018-02-01,269.9314270019531,4593306
2018-02-02,257.2937927246094,6697007
2018-02-05,255.65550231933594,6833906
2018-02-06,249.66433715820312,7044561
2018-02-07,262.2551574707031,8055761
2018-02-08,262.5360412597656,5863983
2018-02-09,260.4765319824219,3121544
2018-02-12,266.8890380859375,4583181
2018-02-14,263.94024658203125,2455660
2018-02-15,261.22540283203125,1807307
2018-02-16,257.99578857421875,1925414
2018-02-19,250.8345184326172,2620461
2018-02-20,246.0602569580078,5120799
2018-02-21,249.5707244873047,3638163
2018-02-22,245.4049530029297,5466484
2018-02-23,253.40882873535156,3895920
2018-02-26,256.02996826171875,3672359
2018-02-27,257.43414306640625,4778178
2018-02-28,257.9022216796875,2808234
2018-03-01,257.2937927246094,2322191
2018-03-05,258.0426330566406,4680138
2018-03-06,256.638427734375,6601857
2018-03-07,251.72378540039062,4847214
2018-03-08,255.93634033203125,2246589
2018-03-09,251.2089385986328,1614381
2018-03-12,258.4170837402344,2583575
2018-03-13,260.4297790527344,3095190
2018-03-14,260.7105712890625,2056369
2018-03-15,261.7403259277344,2877987
2018-03-16,255.000244140625,2762357
2018-03-19,243.9539794921875,3665423
2018-03-20,245.3113250732422,2855717
2018-03-21,246.3878936767578,1477158
2018-03-22,242.31573486328125,1681596
2018-03-23,241.4264373779297,2297852
2018-03-26,245.45176696777344,2440719
2018-03-27,246.94955444335938,3071911
2018-03-28,242.2221221923828,2283408
2018-04-02,259.2596130371094,6610831
2018-04-03,257.2469177246094,2613360
2018-04-04,252.98753356933594,3283985
2018-04-05,255.5618896484375,2658707
2018-04-06,255.2810821533203,1852060
2018-04-09,260.0552673339844,4623765
2018-04-10,257.9022216796875,2190930
2018-04-11,256.35760498046875,1996390
2018-04-12,256.35760498046875,2149205
2018-04-13,257.9022216796875,2196800
2018-04-16,261.787109375,3030999
2018-04-17,263.0041198730469,5799262
2018-04-18,265.952880859375,4719061
2018-04-19,267.9187316894531,2434183
2018-04-20,268.0122985839844,2523492
2018-04-23,265.4848327636719,1687369
2018-04-24,265.06353759765625,2131466
2018-04-25,270.6335144042969,4804882
2018-04-26,272.599365234375,4942803
2018-04-27,273.44189453125,1858644
2018-04-30,278.5437316894531,3046154
2018-05-02,274.0504150390625,1857277
2018-05-03,268.34002685546875,2561225
2018-05-04,269.4164733886719,1399442
2018-05-07,275.4077453613281,1848551
2018-05-08,271.1952209472656,1720983
2018-05-09,273.3482666015625,1820409
2018-05-10,267.0294189453125,1446384
2018-05-11,269.1357421875,1974327
2018-05-14,239.55418395996094,16822847
2018-05-15,227.15054321289062,9298329
2018-05-16,225.69955444335938,6328483
2018-05-17,231.69073486328125,7108750
2018-05-18,229.06956481933594,3297714
2018-05-21,227.99305725097656,3180360
2018-05-22,231.3630828857422,3175432
2018-05-23,234.21827697753906,4295785
2018-05-24,238.2436065673828,2921253
2018-05-25,241.37962341308594,2071496
2018-05-28,244.00074768066406,2649349
2018-05-29,241.05197143554688,2235734
2018-05-30,247.60482788085938,4154146
2018-05-31,252.004638671875,3469905
2018-06-01,246.43470764160156,2622839
2018-06-04,238.9456787109375,1819147
2018-06-05,246.90272521972656,4208120
2018-06-06,248.77499389648438,2052017
2018-06-07,250.0387725830078,1527128
2018-06-08,249.89833068847656,1104173
2018-06-11,246.85597229003906,3538690
2018-06-12,250.50685119628906,1206633
2018-06-13,252.3790740966797,1232644
2018-06-14,260.0552673339844,3646744
2018-06-15,254.7661590576172,3133233
2018-06-18,257.76177978515625,1541522
2018-06-19,249.99197387695312,6224725
2018-06-20,246.46701049804688,3367252
2018-06-21,243.96311950683594,3020580
2018-06-22,247.64805603027344,2459832
2018-06-25,249.9156951904297,2103452
2018-06-26,252.6085662841797,2208389
2018-06-27,250.95506286621094,2234204
2018-06-28,249.3960723876953,4511203
2018-06-29,254.49830627441406,2077927
2018-07-02,249.86849975585938,3661633
2018-07-03,265.50592041015625,6676660
2018-07-04,262.00994873046875,3598212
2018-07-05,256.2935485839844,2338411
2018-07-06,251.61643981933594,2022333
2018-07-09,260.0730285644531,2267486
2018-07-10,259.60052490234375,1284523
2018-07-11,254.92347717285156,1407688
2018-07-12,250.57711791992188,2250217
2018-07-13,244.62451171875,3357333
2018-07-16,229.83743286132812,3454849
2018-07-17,234.23101806640625,3158004
2018-07-18,225.49105834960938,3343525
2018-07-19,220.24708557128906,4223216
2018-07-20,225.44381713867188,3003282
2018-07-23,229.8846435546875,2351769
2018-07-24,232.71925354003906,2278457
2018-07-25,223.83753967285156,2310430
2018-07-26,225.91624450683594,3996921
2018-07-27,228.89256286621094,1581985
2018-07-30,228.84530639648438,1867720
2018-07-31,233.28614807128906,4422342
2018-08-01,222.65647888183594,13272609
2018-08-02,222.46749877929688,5700851
2018-08-03,221.71160888671875,3357940
2018-08-06,226.294189453125,2560616
2018-08-07,224.4989776611328,1962634
2018-08-08,223.31788635253906,1807313
2018-08-09,224.2154998779297,1127248
2018-08-10,220.6722869873047,2035594
2018-08-13,221.6171417236328,1948583
2018-08-14,224.4517059326172,1885288
2018-08-16,226.15248107910156,2551480
2018-08-17,229.6011962890625,2838238
2018-08-20,231.63265991210938,1690225
2018-08-21,227.2863006591797,3272005
2018-08-23,222.46749877929688,1553953
2018-08-24,218.2628631591797,1838417
2018-08-27,223.97927856445312,1990020
2018-08-28,220.48330688476562,2374782
2018-08-29,221.6171417236328,1394661
2018-08-30,222.98715209960938,1921327
2018-08-31,221.3809051513672,3353833
2018-09-03,223.64857482910156,5242852
2018-09-04,211.36538696289062,3554859
2018-09-05,210.13706970214844,3023097
2018-09-06,208.8615264892578,1738824
2018-09-07,210.65675354003906,1232507
2018-09-10,209.7591094970703,7514106
2018-09-11,204.08995056152344,3508990
2018-09-12,210.3732452392578,4570939
2018-09-14,221.05020141601562,6377909
2018-09-17,223.55409240722656,3170894
2018-09-18,222.0895538330078,2614794
2018-09-19,221.9478302001953,1362058
2018-09-21,221.66436767578125,5395319
2018-09-24,220.43605041503906,3423509
2018-09-25,223.0816650390625,2349368
2018-09-26,221.33367919921875,2240909
2018-09-27,220.38880920410156,5082859
2018-09-28,220.86122131347656,3069914
2018-10-01,218.16836547851562,1534749
2018-10-03,215.05035400390625,1708590
2018-10-04,206.1686553955078,1728786
2018-10-05,197.66490173339844,3519515
2018-10-08,203.2868194580078,4642146
2018-10-09,204.56239318847656,1844462
2018-10-10,215.8062286376953,2919278
2018-10-11,212.21575927734375,1293881
2018-10-12,216.46763610839844,1165527
2018-10-15,221.9478302001953,1224339
2018-10-16,222.46749877929688,1723113
2018-10-17,218.3573455810547,2945914
2018-10-19,214.67239379882812,1527904
2018-10-22,210.94020080566406,3529711
2018-10-23,206.26315307617188,1416279
2018-10-24,207.680419921875,2171956
2018-10-25,209.85360717773438,3288126
2018-10-26,205.6017608642578,1254856
2018-10-29,207.86941528320312,966687
2018-10-30,214.76690673828125,2230812
2018-10-31,205.83795166015625,9609975
2018-11-01,205.74346923828125,2117862
2018-11-02,205.6489715576172,1701852
2018-11-05,207.72769165039062,977010
2018-11-06,202.0112762451172,1114288
2018-11-07,203.3340606689453,180558
2018-11-09,197.94839477539062,3291284
2018-11-12,202.8616485595703,2554231
2018-11-13,207.82215881347656,1773622
2018-11-14,205.41275024414062,1316163
2018-11-15,209.23944091796875,1146455
2018-11-16,209.57015991210938,817962
2018-11-19,211.79055786132812,904579
2018-11-20,204.042724609375,913551
2018-11-21,206.92454528808594,1168853
2018-11-22,203.9954376220703,967411
2018-11-26,205.6489715576172,1452206
2018-11-27,205.74346923828125,1863491
2018-11-28,204.08995056152344,977424
2018-11-29,206.6883087158203,2173966
2018-11-30,206.59384155273438,1044674
2018-12-03,202.9088897705078,1099033
2018-12-04,197.94839477539062,1908684
2018-12-05,200.0270538330078,3055629
2018-12-06,196.6728057861328,1270790
2018-12-07,195.1610107421875,1422582
2018-12-10,187.2714385986328,2514120
2018-12-11,191.6650390625,1818568
2018-12-12,201.2081298828125,1755046
2018-12-13,200.68844604492188,1196911
2018-12-14,200.64122009277344,860565
2018-12-17,198.46804809570312,1303397
2018-12-18,198.51527404785156,1395195
2018-12-19,198.56253051757812,2459567
2018-12-20,198.60977172851562,1263237
2018-12-21,203.52305603027344,5654362
2018-12-24,206.9718017578125,5808490
2018-12-26,206.4993438720703,1598566
2018-12-27,207.91664123535156,9509683
2018-12-28,208.62530517578125,2263147
2018-12-31,207.30247497558594,965858
2019-01-01,207.01902770996094,716275
2019-01-02,202.76715087890625,1081778
2019-01-03,198.46804809570312,2096553
2019-01-04,202.0112762451172,1213181
2019-01-07,203.09786987304688,871903
2019-01-08,203.2868194580078,590293
2019-01-09,200.87744140625,908322
2019-01-10,202.34197998046875,715378
2019-01-11,200.2160186767578,698106
2019-01-14,201.72779846191406,1036107
2019-01-15,202.4836883544922,649313
2019-01-16,204.51515197753906,1088457
2019-01-17,206.12139892578125,1267904
2019-01-18,204.326171875,771653
2019-01-21,198.89321899414062,1005521
2019-01-22,200.40501403808594,682384
2019-01-23,198.9877166748047,937183
2019-01-24,199.1766815185547,1059068
2019-01-25,195.63345336914062,1723705
2019-01-28,197.71214294433594,1629992
2019-01-29,193.55474853515625,1325502
2019-01-30,193.22406005859375,1407845
2019-01-31,192.56265258789062,2584783
2019-02-01,192.8461456298828,948332
2019-02-04,188.83045959472656,1115503
2019-02-05,175.69688415527344,8331711
2019-02-06,178.0590362548828,3459646
2019-02-07,180.56292724609375,1968302
2019-02-08,175.46067810058594,1280248
2019-02-11,169.83876037597656,3460117
2019-02-12,176.26380920410156,2805228
2019-02-14,178.48423767089844,997833
2019-02-15,175.8858642578125,1624523
2019-02-18,172.67335510253906,1026852
2019-02-19,174.32684326171875,984628
2019-02-20,178.2952423095703,993170
2019-02-21,180.1377410888672,2511829
2019-02-22,178.81492614746094,1243941
2019-02-25,180.56292724609375,1373833
2019-02-26,181.08258056640625,1271388
2019-02-27,182.07470703125,1816786
2019-02-28,183.0195770263672,1090108
2019-03-01,186.42103576660156,1292085
2019-03-05,186.6572723388672,1910560
2019-03-06,187.03521728515625,1716592
2019-03-07,185.75965881347656,933729
2019-03-08,182.54710388183594,1542933
2019-03-11,191.3343505859375,3592265
2019-03-12,193.60198974609375,1991333
2019-03-13,191.6650390625,2690181
2019-03-14,194.83029174804688,6563662
2019-03-15,191.99574279785156,2025761
2019-03-18,189.20840454101562,1608207
2019-03-19,192.09024047851562,1792277
2019-03-20,187.1769561767578,2158406
2019-03-22,184.95652770996094,1298095
2019-03-25,185.80690002441406,1658129
2019-03-26,185.23997497558594,1154541
2019-03-27,185.75965881347656,1962815
2019-03-28,187.98007202148438,1586111
2019-04-01,196.6255645751953,1915582
2019-04-02,200.2160186767578,3913611
2019-04-03,196.8617706298828,2330970
2019-04-04,199.69635009765625,2089235
2019-04-05,199.6491241455078,2761691
2019-04-08,200.0270538330078,1557504
2019-04-09,198.65701293945312,827540
2019-04-10,197.28697204589844,1142036
2019-04-11,202.76715087890625,2439649
2019-04-12,203.2868194580078,2620746
2019-04-15,204.70411682128906,2673514
2019-04-16,203.8065185546875,1143488
2019-04-18,197.33421325683594,2818804
2019-04-22,197.806640625,2003793
2019-04-23,198.0428466796875,3217791
2019-04-24,197.38145446777344,9668429
2019-04-25,199.5546417236328,3228599
2019-04-26,201.44432067871094,2510185
2019-04-30,197.66490173339844,2370602
2019-05-02,194.9248046875,2271545
2019-05-03,192.75164794921875,1639544
2019-05-06,191.47605895996094,1068557
2019-05-07,188.73597717285156,1453964
2019-05-08,188.4525146484375,1452184
2019-05-09,187.64939880371094,1365985
2019-05-10,187.55490112304688,1246805
2019-05-13,188.83045959472656,2827684
2019-05-14,189.20840454101562,4190535
2019-05-15,188.2635498046875,2581825
2019-05-16,208.62530517578125,27398307
2019-05-17,222.42027282714844,17955568
2019-05-20,222.845458984375,7507001
2019-05-21,219.68016052246094,4396346
2019-05-22,221.1446990966797,3274093
2019-05-23,217.60147094726562,3287277
2019-05-24,224.35337829589844,2395433
2019-05-27,222.9207305908203,1832951
2019-05-28,226.6456298828125,4121336
2019-05-29,223.8280792236328,2445735
2019-05-30,226.21583557128906,1442935
2019-05-31,233.04478454589844,6568324
2019-06-03,233.95216369628906,3279574
2019-06-04,242.07052612304688,10943654
2019-06-06,241.16317749023438,5822991
2019-06-07,245.46112060546875,6012221
2019-06-10,241.35418701171875,3098985
2019-06-11,243.88522338867188,2440220
2019-06-12,243.69418334960938,2028664
2019-06-13,242.4525604248047,1232935
2019-06-14,235.9578857421875,1914763
2019-06-17,234.66845703125,1818946
2019-06-18,236.6741943359375,1752118
2019-06-19,234.28643798828125,2503805
2019-06-20,244.36276245117188,4602715
2019-06-21,250.0455780029297,3760383
2019-06-24,248.27870178222656,2281154
2019-06-25,247.5146026611328,1699986
2019-06-26,260.4084777832031,8391203
2019-06-27,261.5068054199219,3685617
2019-06-28,257.5909423828125,2322676
2019-07-01,259.35784912109375,1425361
2019-07-02,259.5965881347656,1702477
2019-07-03,259.4533996582031,1027844
2019-07-04,257.5431823730469,2067702
2019-07-05,254.630126953125,1804483
2019-07-08,251.717041015625,1429701
2019-07-09,251.717041015625,1723027
2019-07-10,240.35133361816406,2861877
2019-07-11,244.45828247070312,2071153
2019-07-12,246.3684844970703,1087977
2019-07-15,242.88235473632812,1832470
2019-07-16,247.89663696289062,1245709
2019-07-17,245.46112060546875,2631378
2019-07-18,243.64645385742188,1082809
2019-07-19,237.67706298828125,2750857
2019-07-22,240.30357360839844,1740529
2019-07-23,239.15745544433594,1441755
2019-07-24,238.67991638183594,1761267
2019-07-25,240.30357360839844,1509879
2019-07-26,246.75051879882812,2006636
2019-07-29,244.5060272216797,1208093
2019-07-30,238.48887634277344,1577476
2019-07-31,240.30357360839844,1479989
2019-08-01,247.132568359375,5362278
2019-08-02,253.6750030517578,3587924
2019-08-05,249.18600463867188,2298112
2019-08-06,258.4027404785156,2899938
2019-08-07,257.3044128417969,1761095
2019-08-08,258.7370300292969,1823157
2019-08-09,253.5795440673828,2192096
2019-08-13,251.76480102539062,1060200
2019-08-14,255.0121307373047,1331862
2019-08-16,254.86892700195312,823258
2019-08-19,256.15826416015625,1332431
2019-08-20,253.96153259277344,600434
2019-08-21,249.71133422851562,1222492
2019-08-22,247.08480834960938,864809
2019-08-23,254.00930786132812,1376595
2019-08-26,256.9700927734375,1791288
2019-08-27,254.43911743164062,1420227
2019-08-28,267.4762268066406,7632634
2019-08-29,262.22314453125,4231503
2019-08-30,265.9958190917969,2714305
2019-09-03,259.0235900878906,1619484
2019-09-04,255.0121307373047,2261160
2019-09-05,252.57666015625,1401218
2019-09-06,250.9529266357422,1255736
2019-09-09,251.955810546875,2640504
2019-09-11,247.70562744140625,2667978
2019-09-12,250.52316284179688,2744024
2019-09-13,247.37135314941406,3050128
2019-09-16,245.93869018554688,1044609
2019-09-17,244.7447967529297,2237086
2019-09-18,248.087646484375,2360120
2019-09-19,243.02561950683594,3546569
2019-09-20,255.346435546875,4803062
2019-09-23,261.3635559082031,9811055
2019-09-24,262.6529541015625,2160946
2019-09-25,266.9031677246094,3273970
2019-09-26,267.3329772949219,4937972
2019-09-27,269.2909240722656,4289026
2019-09-30,263.60809326171875,2057195
2019-10-01,258.49822998046875,3532083
2019-10-03,260.5039978027344,1509727
2019-10-04,254.24806213378906,3182068
2019-10-07,253.7705078125,1072461
2019-10-09,257.8297424316406,2022400
2019-10-10,254.67782592773438,880540
2019-10-11,259.83538818359375,3586098
2019-10-14,263.3693542480469,2040226
2019-10-15,265.2795104980469,1009890
2019-10-16,263.1782531738281,814304
2019-10-17,266.9031677246094,1981158
2019-10-18,269.3386535644531,3298797
2019-10-22,269.09991455078125,1998064
2019-10-23,266.3301086425781,1218611
2019-10-24,268.47906494140625,1320404
2019-10-25,267.0464172363281,1338263
2019-10-27,267.28521728515625,277638
2019-10-29,270.6758117675781,2690746
2019-10-30,278.6509094238281,5628792
2019-10-31,302.7672119140625,21060789
2019-11-01,291.25823974609375,9141707
2019-11-04,292.8341979980469,5879974
2019-11-05,287.008056640625,2621087
2019-11-06,286.43499755859375,3708046
2019-11-07,287.3423767089844,2003799
2019-11-08,281.9460144042969,4689759
2019-11-11,281.7072448730469,3794293
2019-11-13,276.501953125,2579434
2019-11-14,282.2325744628906,4984429
2019-11-15,284.3815612792969,3644187
2019-11-18,291.5925598144531,3635065
2019-11-19,288.91827392578125,1672538
2019-11-20,293.0251770019531,2044550
2019-11-21,288.2496643066406,2983373
2019-11-22,286.1484680175781,2167799
2019-11-25,288.5839538574219,1483132
2019-11-26,286.052978515625,2171513
2019-11-27,293.5505065917969,2647248
2019-11-28,304.3908996582031,8388284
2019-11-29,308.64111328125,4891923
2019-12-02,302.5762023925781,2025042
2019-12-03,300.2839660644531,1564692
2019-12-04,304.5819396972656,1659772
2019-12-05,301.4300537109375,2887465
2019-12-06,299.66314697265625,1692801
2019-12-09,301.2868347167969,1118398
2019-12-10,298.80352783203125,1292439
2019-12-11,300.2362060546875,1854516
2019-12-12,309.0231628417969,5568413
2019-12-13,313.321044921875,4606412
2019-12-16,307.78155517578125,2144758
2019-12-17,310.55126953125,2918086
2019-12-18,298.32598876953125,4790723
2019-12-19,299.85418701171875,5360691
2019-12-20,298.6125793457031,1799384
2019-12-23,300.76153564453125,6065714
2019-12-24,301.19134521484375,1933222
2019-12-26,298.851318359375,3323173
2019-12-27,304.152099609375,2357762
2019-12-30,306.96966552734375,2910244
2019-12-31,306.92193603515625,2616389
2020-01-01,309.3096618652344,1514293
2020-01-02,308.8321533203125,3091351
2020-01-03,303.91339111328125,1718884
2020-01-06,298.0872497558594,1712158
2020-01-07,300.76153564453125,2146089
2020-01-08,302.0508728027344,1521535
2020-01-09,313.7986145019531,4302141
2020-01-10,326.02398681640625,10109760
2020-01-13,337.1031494140625,7399348
2020-01-14,372.10760498046875,44997621
2020-01-15,373.87457275390625,24437080
2020-01-16,366.997802734375,12118796
2020-01-17,363.2251892089844,5495593
2020-01-20,365.94720458984375,7618479
2020-01-21,368.4782409667969,5981471
2020-01-22,367.76190185546875,4148230
2020-01-23,375.5937194824219,11073810
2020-01-24,367.3321228027344,6033580
2020-01-27,365.2308654785156,3735041
2020-01-28,363.60723876953125,2710063
2020-01-29,366.2337341308594,6500722
2020-01-30,364.466796875,2297423
2020-01-31,366.1860046386719,2681230
2020-02-03,361.84027099609375,3318729
2020-02-04,362.8431091308594,5327138
2020-02-05,376.8830871582031,23579395
2020-02-06,374.4476013183594,4985380
2020-02-07,378.88885498046875,11308676
2020-02-10,374.68634033203125,3145276
2020-02-11,373.06268310546875,4171668
2020-02-12,377.408447265625,4018932
2020-02-13,374.9251403808594,2860031
2020-02-14,379.0798645019531,4733600
2020-02-17,363.9414978027344,9537335
2020-02-18,364.848876953125,7402772
2020-02-19,365.94720458984375,4326781
2020-02-20,363.4161682128906,5137245
2020-02-24,352.5280456542969,3017687
2020-02-25,352.4325256347656,3659466
2020-02-26,349.2329406738281,2808589
2020-02-27,346.9884338378906,1827751
2020-02-28,330.6084289550781,4494646
2020-03-02,323.5884094238281,3837169
2020-03-03,339.3476257324219,4204156
2020-03-04,333.5215148925781,2331888
2020-03-05,332.8529357910156,1890082
2020-03-06,329.03253173828125,4469801
2020-03-09,315.2790222167969,5653362
2020-03-11,313.1300964355469,3475867
2020-03-12,289.82562255859375,5401010
2020-03-13,309.6917419433594,7428473
2020-03-16,286.8170166015625,3695134
2020-03-17,271.1056213378906,3307243
2020-03-18,255.4419708251953,4036479
2020-03-19,239.49176025390625,6319631
2020-03-20,252.337890625,3907591
2020-03-23,216.33055114746094,2922955
2020-03-24,237.8680877685547,6049682
2020-03-25,264.7064208984375,3964369
2020-03-26,266.5211181640625,3335026
2020-03-27,271.9652099609375,2980925
2020-03-30,268.7655944824219,2901681
2020-03-31,281.61175537109375,3269934
2020-04-01,267.4284362792969,5532600
2020-04-03,255.15541076660156,5990371
2020-04-07,271.774169921875,6492026
2020-04-08,281.1819152832031,5331494
2020-04-09,295.1741638183594,7699408
2020-04-13,291.353759765625,3699539
2020-04-15,301.4778137207031,5721837
2020-04-16,309.50067138671875,8211111
2020-04-17,309.93048095703125,4845904
2020-04-20,310.12158203125,3621443
2020-04-21,298.3737487792969,3462472
2020-04-22,315.32684326171875,4645157
2020-04-23,315.13580322265625,3747875
2020-04-24,311.4586486816406,5438849
2020-04-27,333.664794921875,7426420
2020-04-28,327.50439453125,3767231
2020-04-29,338.10595703125,3653489
2020-04-30,335.81378173828125,4760235
2020-05-04,319.91131591796875,3385449
2020-05-05,314.7060546875,2833246
2020-05-06,320.484375,3642687
2020-05-07,325.9761962890625,3605449
2020-05-08,333.0917053222656,3247800
2020-05-11,339.06109619140625,4792044
2020-05-12,342.5950012207031,3257800
2020-05-13,340.3504638671875,8536848
2020-05-14,346.5108947753906,5120801
2020-05-15,336.3868103027344,9452893
2020-05-18,331.5157775878906,4181440
2020-05-19,341.97418212890625,5696557
2020-05-20,344.55291748046875,3489683
2020-05-21,344.12310791015625,3883173
2020-05-22,346.1766052246094,3956328
2020-05-26,355.2500305175781,7728662
2020-05-27,352.002685546875,3384187
2020-05-28,354.4859924316406,3390919
2020-05-29,350.4268493652344,63551245
2020-06-01,346.55865478515625,9637108
2020-06-02,350.9521179199219,2638814
2020-06-03,350.1880187988281,4027578
2020-06-04,364.3713073730469,4535651
2020-06-05,362.69989013671875,3140410
2020-06-08,362.413330078125,1565959
2020-06-09,366.997802734375,2635455
2020-06-10,367.3798522949219,3409451
2020-06-11,358.9272155761719,2855842
2020-06-12,354.34271240234375,3179703
2020-06-15,353.3876037597656,2293579
2020-06-16,352.48028564453125,2343185
2020-06-17,353.0055847167969,2556896
2020-06-18,358.0244140625,1929487
2020-06-19,362.9789123535156,4249130
2020-06-22,366.63470458984375,2623125
2020-06-23,376.0146179199219,3834436
2020-06-24,368.5588073730469,3889495
2020-06-25,369.42462158203125,1961912
2020-06-26,371.0119934082031,1759164
2020-06-29,371.8778381347656,2764272
2020-06-30,372.74365234375,1860920
2020-07-01,369.9056396484375,1611560
2020-07-02,375.96649169921875,2607208
2020-07-03,381.4020690917969,3223088
2020-07-06,390.30096435546875,4073356
2020-07-07,397.0352478027344,4087677
2020-07-08,415.9875183105469,6978394
2020-07-09,416.9014587402344,2808348
2020-07-10,413.77484130859375,3765369
2020-07-13,408.33929443359375,2552387
2020-07-14,403.4328308105469,3232206
2020-07-15,397.3719482421875,2076567
2020-07-16,394.72637939453125,2027078
2020-07-17,406.9443359375,2740774
2020-07-20,407.04052734375,1680893
2020-07-21,393.9086608886719,2752464
2020-07-22,391.5516052246094,2619808
2020-07-23,389.0502624511719,2992496
2020-07-24,392.94659423828125,3124083
2020-07-27,392.94659423828125,3132821
2020-07-28,397.3719482421875,3500423
2020-07-29,411.4659423828125,5938179
2020-07-30,408.7721862792969,1866344
2020-07-31,411.8025817871094,3115208
2020-08-03,417.62298583984375,2917293
2020-08-04,432.678955078125,6816080
2020-08-05,430.6105651855469,20178067
2020-08-06,466.3504943847656,15882211
2020-08-07,498.9156188964844,30560068
2020-08-10,500.55108642578125,6832824
2020-08-11,496.31817626953125,4690222
2020-08-12,497.9054870605469,3883832
2020-08-13,518.5894165039062,7877135
2020-08-14,517.0983276367188,5921905
2020-08-17,523.1109619140625,5044171
2020-08-18,525.0350952148438,3328153
2020-08-19,527.3921508789062,3597622
2020-08-20,528.40234375,4812366
2020-08-21,525.083251953125,2953395
2020-08-24,524.8427124023438,2123227
2020-08-25,524.8427124023438,1850446
2020-08-26,528.3060913085938,5778027
2020-08-27,523.9769287109375,2572048
2020-08-28,526.2857666015625,2692860
2020-08-31,512.1436767578125,5541983
2020-09-01,527.6807250976562,3854978
2020-09-02,528.9794921875,4042692
2020-09-03,556.5420532226562,12052237
2020-09-04,547.4507446289062,6461042
2020-09-07,524.6021728515625,5253648
2020-09-08,517.916015625,3891628
2020-09-09,514.45263671875,4391991
2020-09-10,525.8047485351562,3787048
2020-09-11,527.5845947265625,3451466
2020-09-14,525.7566528320312,2809233
2020-09-15,521.76416015625,1812894
2020-09-16,521.8123168945312,2127916
2020-09-17,527.4883422851562,3725291
2020-09-18,520.0806274414062,9395417
2020-09-21,488.47747802734375,3886296
2020-09-22,485.2546081542969,5113511
2020-09-23,474.8164367675781,4284285
2020-09-24,470.1024475097656,9646972
2020-09-25,490.44970703125,5153385
2020-09-28,497.37640380859375,5554154
2020-09-29,484.1483154296875,4918324
2020-09-30,480.9735412597656,6252142
2020-10-01,489.7762756347656,3070361
2020-10-05,484.4369201660156,2023148
2020-10-06,486.4090881347656,2973460
2020-10-07,485.87994384765625,2157212
2020-10-08,469.7176208496094,5419695
2020-10-09,453.3629150390625,6721697
2020-10-12,456.6819763183594,4422520
2020-10-13,451.15020751953125,2260650
2020-10-14,471.2087707519531,8021621
2020-10-15,456.104736328125,4700083
2020-10-16,458.9908447265625,4313466
2020-10-19,457.7882995605469,3162037
2020-10-20,459.760498046875,2736592
2020-10-21,447.63873291015625,4907120
2020-10-22,448.5046081542969,3460945
2020-10-23,454.85406494140625,2619194
2020-10-26,458.8465576171875,6102517
2020-10-27,479.819091796875,10455291
2020-10-28,474.14306640625,5195173
2020-10-29,473.3253173828125,4365903
2020-10-30,474.14306640625,4403196
2020-11-02,475.0088806152344,6105178
2020-11-03,470.92022705078125,8103580
2020-11-04,474.0468444824219,5024804
2020-11-05,487.22686767578125,5208756
2020-11-06,485.062255859375,3209659
2020-11-09,490.4977722167969,6179187
2020-11-10,479.4823913574219,3255303
2020-11-11,484.3407287597656,2912596
2020-11-12,489.4395446777344,2737879
2020-11-13,493.76873779296875,4005435
2020-11-14,496.55865478515625,530739
2020-11-17,498.6270446777344,2774413
2020-11-18,497.28021240234375,3693589
2020-11-19,496.02947998046875,3655576
2020-11-20,499.3486022949219,2767344
2020-11-23,501.84991455078125,5314636
2020-11-24,506.8525085449219,4070241
2020-11-25,495.2598876953125,2941845
2020-11-26,500.1181640625,3566655
2020-11-27,517.579345703125,18853563
2020-12-01,509.2094421386719,5105352
2020-12-02,518.7818603515625,3694795
2020-12-03,529.5086059570312,3859218
2020-12-04,542.1113891601562,4170295
2020-12-07,546.2962646484375,3707125
2020-12-08,541.3899536132812,2866169
2020-12-09,544.0355224609375,2567264
2020-12-10,557.888916015625,4578520
2020-12-11,554.5217895507812,3441778
2020-12-14,555.0989379882812,2482828
2020-12-15,549.6153564453125,3411634
2020-12-16,561.4484252929688,3686970
2020-12-17,555.3876342773438,3608243
2020-12-18,551.7799072265625,5068565
2020-12-21,541.3899536132812,4816486
2020-12-22,554.1369018554688,3264707
2020-12-23,582.3248901367188,7582654
2020-12-24,578.18798828125,5295707
2020-12-28,579.5830078125,2351027
2020-12-29,575.879150390625,2114428
2020-12-30,571.7904663085938,2297999
2020-12-31,567.50927734375,2322873
2021-01-01,578.6690673828125,3606724
2021-01-04,581.07421875,2120531
2021-01-05,586.4135131835938,3813409
2021-01-06,581.9880981445312,2167700
2021-01-07,578.043701171875,2195640
2021-01-08,586.4135131835938,3458752
2021-01-11,605.1251831054688,6360644
2021-01-12,600.6036376953125,4562628
2021-01-13,596.8517456054688,3660044
2021-01-14,590.6945190429688,3576000
2021-01-15,579.5349731445312,4492648
2021-01-18,562.5548095703125,3346718
2021-01-19,560.5826416015625,5743934
2021-01-20,574.003173828125,6156865
2021-01-21,572.6563110351562,4506198
2021-01-22,562.5548095703125,4307126
2021-01-25,551.8280639648438,2016556
2021-01-27,550.9141235351562,3662455
2021-01-28,543.1696166992188,4769073
2021-01-29,538.5518798828125,3593336
2021-02-01,561.9776000976562,4707518
2021-02-02,553.5115356445312,5713446
2021-02-03,558.1295166015625,10599727
2021-02-04,565.7295532226562,3816120
2021-02-05,570.0106201171875,5918498
2021-02-08,574.43603515625,3970852
2021-02-09,575.9752807617188,3072281
2021-02-10,577.9474487304688,2435907
2021-02-11,587.18310546875,7033762
2021-02-12,584.4413452148438,3621853
2021-02-15,599.4491577148438,3234989
2021-02-16,604.4998779296875,6418986
2021-02-17,608.1557006835938,8556599
2021-02-18,600.3150634765625,4457424
2021-02-19,593.5326538085938,3013104
2021-02-22,594.8313598632812,3020000
2021-02-23,603.68212890625,4222282
2021-02-24,602.1910400390625,10479819
2021-02-25,604.6442260742188,4977348
2021-02-26,586.0286865234375,5547291
2021-03-01,600.8441162109375,2530243
2021-03-02,608.3480224609375,3051386
2021-03-03,612.7254028320312,3601961
2021-03-04,607.1455078125,2621353
2021-03-05,599.0162963867188,2839628
2021-03-08,592.666748046875,1939925
2021-03-09,588.4818725585938,3065358
2021-03-10,597.3807983398438,2778304
2021-03-12,591.8970947265625,1884687
2021-03-15,584.5856323242188,2765564
2021-03-16,587.4716796875,2480801
2021-03-17,580.4488525390625,2263020
2021-03-18,572.319580078125,3387208
2021-03-19,577.4664916992188,4874177
2021-03-22,596.9959716796875,3154483
2021-03-23,610.0316772460938,4940745
2021-03-24,605.2213745117188,2938251
2021-03-25,591.5123291015625,2981311
2021-03-26,604.4517211914062,3557256
2021-03-30,605.0291137695312,19895244
2021-03-31,614.6494140625,4424477
2021-04-01,625.472412109375,3844057
2021-04-05,620.4698486328125,3568896
2021-04-06,648.9462280273438,7636739
2021-04-07,640.4803466796875,3898156
2021-04-08,645.2424926757812,2477848
2021-04-09,653.9970703125,2566543
2021-04-12,630.715576171875,4201041
2021-04-13,638.7486572265625,3065417
2021-04-15,634.275146484375,3193956
2021-04-16,645.819580078125,2708331
2021-04-19,638.8928833007812,2620095
2021-04-20,654.28564453125,8230341
2021-04-22,640.2398681640625,3013453
2021-04-23,639.3739624023438,2329094
2021-04-26,644.761474609375,1845322
2021-04-27,648.1286010742188,2258769
2021-04-28,651.4476318359375,3900923
2021-04-29,646.3488159179688,3247095
2021-04-30,644.0879516601562,2206232
2021-05-03,651.3994140625,1985777
2021-05-04,620.7584228515625,7400792
2021-05-05,624.4141845703125,3332318
2021-05-06,628.3104248046875,4000163
2021-05-07,605.1251831054688,14598653
2021-05-10,609.1177368164062,5026811
2021-05-11,617.2470092773438,4619231
2021-05-12,615.7557983398438,3137276
2021-05-14,620.6622314453125,2927148
2021-05-17,628.5029907226562,2659352
2021-05-18,628.2142333984375,2267368
2021-05-19,628.4066162109375,3202046
2021-05-20,620.4217529296875,2102743
2021-05-21,625.03955078125,1833201
2021-05-24,615.8038330078125,2669967
2021-05-25,625.2801513671875,2085253
2021-05-26,617.53564453125,2314694
2021-05-27,623.9331665039062,3543940
2021-05-28,630.09033203125,2881977
2021-05-31,638.6524658203125,3417033
2021-06-01,640.5284423828125,2355484
2021-06-02,647.9843139648438,3021421
2021-06-03,654.189453125,2485855
2021-06-04,660.875732421875,2398771
2021-06-07,673.3821411132812,3511853
2021-06-08,683.4837036132812,3981598
2021-06-09,676.1720581054688,3039558
2021-06-10,684.7352294921875,2571253
2021-06-11,692.1853637695312,2171601
2021-06-14,691.556396484375,1798953
2021-06-15,696.1522827148438,2387652
2021-06-16,712.0202026367188,4134529
2021-06-17,720.8248901367188,4167585
2021-06-18,715.7935791015625,3762934
2021-06-21,718.454345703125,1594856
2021-06-22,732.1452026367188,3346784
2021-06-23,733.2578735351562,2952360
2021-06-24,732.870849609375,1668843
2021-06-25,733.0159301757812,1588289
2021-06-28,740.8047485351562,1486902
2021-06-29,733.4513549804688,1506378
2021-06-30,729.9198608398438,1733070
2021-07-01,731.5162353515625,1914434
2021-07-02,738.8212890625,1916135
2021-07-05,741.4336547851562,1020895
2021-07-06,737.8536987304688,1411602
2021-07-07,738.2891235351562,2104914
2021-07-08,738.531005859375,1540033
2021-07-09,741.0950317382812,1151792
2021-07-12,750.72216796875,2992685
2021-07-13,747.7710571289062,1500414
2021-07-14,743.27197265625,1094262
2021-07-15,747.2872924804688,965602
2021-07-16,738.2407836914062,980383
2021-07-19,740.7080078125,1695546
2021-07-20,732.5321655273438,2195159
2021-07-22,739.4019165039062,1464419
2021-07-23,749.9965209960938,2021122
2021-07-26,751.1575317382812,2154261
2021-07-27,744.771728515625,2001824
2021-07-28,730.4036254882812,3112462
2021-07-29,726.8236694335938,1742057
2021-07-30,731.7098388671875,1613176
2021-08-02,734.9027709960938,2054226
2021-08-03,742.7398681640625,2946289
2021-08-04,734.128662109375,5426419
2021-08-05,743.4171752929688,2469893
2021-08-06,755.9953002929688,7849735
2021-08-09,740.03076171875,1661739
2021-08-10,746.8519897460938,1429806
2021-08-11,740.1758422851562,1391781
2021-08-12,749.1256713867188,880420
2021-08-13,781.2483520507812,7956492
2021-08-16,776.120361328125,2604160
2021-08-17,805.7757568359375,7580699
2021-08-18,814.0966796875,3048603
2021-08-20,819.8052368164062,3782381
2021-08-23,805.4855346679688,2161681
2021-08-24,809.7427368164062,1170096
2021-08-25,808.8718872070312,1777820
2021-08-26,825.6105346679688,2464570
2021-08-27,820.4341430664062,2366396
2021-08-30,832.5768432617188,1875514
2021-08-31,836.8825073242188,2132008
2021-09-01,839.3013305664062,2051666
2021-09-02,843.171630859375,1314628
2021-09-03,841.6234130859375,1075187
2021-09-06,841.8170166015625,985142
2021-09-07,840.1237182617188,2840271
2021-09-08,851.2505493164062,1601842
2021-09-09,847.1868896484375,1685368
2021-09-13,853.4759521484375,1064009
2021-09-14,852.7019653320312,622424
2021-09-15,843.268310546875,1945751
2021-09-16,845.6387329101562,1294536
2021-09-17,845.7839965820312,1829129
2021-09-20,829.1904296875,1081450
2021-09-21,831.0288696289062,1478291
2021-09-22,826.4330444335938,982114
2021-09-23,823.0465087890625,1464265
2021-09-24,809.5975341796875,2846056
2021-09-27,807.9526977539062,1433229
2021-09-28,796.0035400390625,1933307
2021-09-29,796.7291870117188,2156442
2021-09-30,787.1988525390625,1622014
2021-10-01,775.24951171875,1989799
2021-10-04,787.8760986328125,1709463
2021-10-05,775.4430541992188,3499870
2021-10-06,794.0200805664062,5215518
2021-10-07,797.79345703125,1500439
2021-10-08,792.1817016601562,1747911
2021-10-11,789.7628173828125,1772719
2021-10-12,789.6660766601562,1246493
2021-10-13,820.627685546875,7233280
2021-10-14,822.0305786132812,2352197
2021-10-18,816.56396484375,1914236
2021-10-19,815.9349975585938,1915361
2021-10-20,800.1156005859375,1535158
2021-10-21,788.3598022460938,2257911
2021-10-22,769.4442138671875,2948977
2021-10-25,763.3487548828125,2954698
2021-10-26,782.6513671875,1776800
2021-10-27,792.1817016601562,1930632
2021-10-28,783.4254150390625,1822874
2021-10-29,783.2318725585938,2220844
2021-11-01,798.1321411132812,1552830
2021-11-02,806.7433471679688,1251565
2021-11-03,800.0671997070312,1044563
2021-11-04,800.5509643554688,175837
2021-11-08,809.21044921875,891122
2021-11-09,808.5333251953125,1481130
2021-11-10,815.0643310546875,1371873
2021-11-11,810.4683837890625,1411243
2021-11-12,820.3858032226562,1180441
2021-11-15,824.8848876953125,1190768
2021-11-16,806.3563232421875,1669041
2021-11-17,809.2589721679688,1439354
2021-11-18,805.0501098632812,1132067
2021-11-22,786.3763427734375,1951384
2021-11-23,794.3102416992188,1025086
2021-11-24,773.0242309570312,1634131
2021-11-25,781.5870361328125,1767252
2021-11-26,741.8206787109375,2616604
2021-11-29,741.1434936523438,1584564
2021-11-30,753.3345336914062,3529356
2021-12-01,747.7227783203125,1263844
2021-12-02,748.1581420898438,1766820
2021-12-03,749.1741333007812,1408239
2021-12-06,723.3404541015625,1654143
2021-12-07,736.0154418945312,1741795
2021-12-08,747.0938720703125,1002435
2021-12-09,752.2702026367188,935828
2021-12-10,744.675048828125,1412794
2021-12-13,729.6295166015625,1944410
2021-12-14,715.5033569335938,2333787
2021-12-15,722.0827026367188,1676700
2021-12-16,716.2289428710938,1452909
2021-12-17,702.780029296875,1693819
2021-12-20,686.5252075195312,2520192
2021-12-21,682.8001098632812,2695789
2021-12-22,691.75,1035751
2021-12-23,703.1670532226562,1095354
2021-12-24,695.6201782226562,931510
2021-12-27,695.184814453125,691930
2021-12-28,703.360595703125,819253
2021-12-29,703.0703735351562,783940
2021-12-30,704.37646484375,2230935
2021-12-31,719.3251342773438,865277
2022-01-03,723.7274780273438,925699
2022-01-04,714.8743896484375,2352482
2022-01-05,709.7947387695312,2076552
2022-01-06,701.9093017578125,2077754
2022-01-07,712.213623046875,2107056
2022-01-10,708.1500244140625,1592097
2022-01-11,714.680908203125,1905347
2022-01-12,712.213623046875,1817215
2022-01-13,706.5051879882812,1604671
2022-01-14,737.7569580078125,8733345
2022-01-17,740.2725830078125,1857366
2022-01-18,707.714599609375,2674149
2022-01-19,694.3623046875,2426249
2022-01-20,699.97412109375,5297725
2022-01-21,702.9735717773438,4854277
2022-01-24,669.0125732421875,3114690
2022-01-25,684.7835693359375,2030546
2022-01-27,683.0419921875,3118535
2022-01-28,694.604248046875,2074152
2022-01-31,703.6992797851562,1682459
2022-02-01,712.213623046875,2063749
2022-02-02,718.357666015625,1771997
2022-02-03,714.148681640625,8154082
2022-02-04,709.9883422851562,1931658
2022-02-07,681.9293212890625,1908753
2022-02-08,674.4791259765625,2410446
2022-02-09,677.4786376953125,2206837
2022-02-10,683.7677001953125,1770292
2022-02-11,678.2526245117188,2013324
2022-02-14,671.77001953125,2069409
2022-02-15,679.22021484375,2209622
2022-02-16,678.2526245117188,1217196
2022-02-17,696.9747314453125,3442092
2022-02-18,694.21728515625,1686289
2022-02-21,690.0568237304688,1542807
2022-02-22,691.9918823242188,1861977
2022-02-23,699.7806396484375,1816654
2022-02-24,655.708740234375,3091298
2022-02-25,686.476806640625,1771881
2022-02-28,695.281494140625,1935344
2022-03-02,687.9281616210938,1938441
2022-03-03,664.75537109375,2112330
2022-03-04,648.210205078125,2833168
2022-03-07,638.4379272460938,2137318
2022-03-08,661.5140991210938,2850859
2022-03-09,676.4627075195312,1920634
2022-03-10,700.6998291015625,2574455
2022-03-11,693.2012939453125,2305707
2022-03-14,698.8130493164062,1584725
2022-03-15,724.3080444335938,9386502
2022-03-16,723.5823974609375,1959778
2022-03-17,747.2389526367188,3099238
2022-03-21,723.5339965820312,1889226
2022-03-22,728.468505859375,3047970
2022-03-23,724.5015258789062,1103251
2022-03-24,716.4708251953125,1179087
2022-03-25,709.5528564453125,2968621
2022-03-28,717.196533203125,1833105
2022-03-29,719.0833129882812,985708
2022-03-30,740.9982299804688,8328100
2022-03-31,752.1734619140625,2892133
2022-04-01,764.1710815429688,3082307
2022-04-04,762.5263061523438,1565651
2022-04-05,780.474365234375,2912280
2022-04-06,782.9899291992188,2004175
2022-04-07,778.7811279296875,1965237
2022-04-08,791.165771484375,1406219
2022-04-11,794.8424072265625,1231236
2022-04-12,785.7474975585938,1193490
2022-04-13,791.0689086914062,1036739
2022-04-18,795.616455078125,1480954
2022-04-19,765.6707763671875,2460482
2022-04-20,784.1510620117188,1522453
2022-04-21,793.4395751953125,1344250
2022-04-22,789.1339111328125,1880668
2022-04-25,767.025390625,1193621
2022-04-26,795.3745727539062,1285209
2022-04-27,772.6854858398438,1186809
2022-04-28,785.3120727539062,1802590
2022-04-29,797.0194091796875,2268921
2022-05-02,797.6483154296875,1439813
2022-05-04,777.2329711914062,1817504
2022-05-05,751.1575317382812,5079723
2022-05-06,740.1275634765625,2003395
2022-05-09,733.6448974609375,1742459
2022-05-10,721.598876953125,1326184
2022-05-11,719.9539794921875,1287768
2022-05-12,714.1004028320312,1488552
2022-05-13,713.6649169921875,1481400
2022-05-16,711.6331176757812,829085
2022-05-17,710.4237060546875,2536701
2022-05-18,729.8230590820312,2750146
2022-05-19,697.8938598632812,1504820
2022-05-20,715.60009765625,1205301
2022-05-23,706.0213623046875,970827
2022-05-24,691.9434814453125,1513724
2022-05-25,692.95947265625,822598
2022-05-26,698.8130493164062,1339748
2022-05-27,701.9093017578125,1039408
2022-05-30,725.8078002929688,1145649
2022-05-31,735.09619140625,6125585
2022-06-01,736.40234375,1641729
2022-06-02,733.6448974609375,630109
2022-06-03,729.43603515625,1747685
2022-06-06,738.8696899414062,1441390
2022-06-07,732.0484008789062,1346609
2022-06-08,732.5806274414062,2461233
2022-06-09,735.7265014648438,882672
2022-06-10,737.8719482421875,3230970
2022-06-13,717.733154296875,1455794
2022-06-14,717.6355590820312,1209734
2022-06-15,719.4885864257812,842942
2022-06-16,707.0054321289062,1060953
2022-06-17,694.0346069335938,1329315
2022-06-20,699.1058349609375,1028878
2022-06-21,709.2484741210938,816577
2022-06-22,691.4014892578125,1190195
2022-06-23,700.6663208007812,714841
2022-06-24,710.9552001953125,1013159
2022-06-27,711.3453369140625,695465
2022-06-28,718.61083984375,878300
2022-06-29,702.1779174804688,1741451
2022-06-30,688.8657836914062,2030048
2022-07-01,701.7390747070312,954981
2022-07-04,712.0767211914062,1281683
2022-07-05,711.00390625,1367769
2022-07-06,731.3866577148438,1351519
2022-07-07,736.165283203125,2064199
2022-07-08,742.55322265625,1456394
2022-07-11,746.9418334960938,1287117
2022-07-12,737.7257080078125,609080
2022-07-13,743.6746826171875,697646
2022-07-14,746.8930053710938,1697611
2022-07-15,770.9815673828125,3002946
2022-07-18,774.6875610351562,1335985
2022-07-19,767.7633056640625,1184051
2022-07-20,775.3214721679688,1173216
2022-07-21,798.0447387695312,2245980
2022-07-22,784.1474609375,1746104
2022-07-25,787.9509887695312,940240
2022-07-26,771.274169921875,1146412
2022-07-27,781.7581176757812,1056918
2022-07-28,786.6343383789062,1192580
2022-07-29,791.559326171875,867439
2022-08-01,791.02294921875,1269287
2022-08-02,791.5105590820312,2161684
2022-08-03,792.6321411132812,908414
2022-08-04,769.7138061523438,15358133
2022-08-05,765.3739624023438,2109882
2022-08-08,769.1774291992188,947150
2022-08-10,770.9815673828125,1185175
2022-08-11,754.3048706054688,3371339
2022-08-12,744.552490234375,2257305
2022-08-16,760.2052001953125,1804736
2022-08-17,773.8585815429688,3021532
2022-08-18,787.8534545898438,3191360
2022-08-19,767.4707641601562,1767351
2022-08-22,774.2974853515625,2166778
2022-08-23,789.3162231445312,1890327
2022-08-24,785.756591796875,1355374
2022-08-25,782.001953125,1267482
2022-08-26,782.0994873046875,1254230
2022-08-29,786.1954956054688,2181301
2022-08-30,789.60888671875,2692962
2022-09-01,817.647216796875,6228307
2022-09-02,813.0635375976562,1885440
2022-09-05,816.7207641601562,1553679
2022-09-06,797.9959716796875,2620566
2022-09-07,804.6763916015625,1321905
2022-09-08,798.8248901367188,1094898
2022-09-09,796.09423828125,884012
2022-09-12,805.0665283203125,1300582
2022-09-13,827.9848022460938,3310733
2022-09-14,819.4513549804688,3818926
2022-09-15,816.6719360351562,1697675
2022-09-16,775.5165405273438,4786431
2022-09-19,773.3710327148438,1707558
2022-09-20,784.2938232421875,1547208
2022-09-21,784.2938232421875,1082534
2022-09-22,783.3185424804688,1255234
2022-09-23,762.2044067382812,1229421
2022-09-26,761.521728515625,1431943
2022-09-27,778.1008911132812,1830866
2022-09-28,774.0049438476562,1415083
2022-09-29,772.9808959960938,1136839
2022-09-30,782.9771118164062,1436359
2022-10-03,758.6935424804688,1652675
2022-10-04,765.7152709960938,1238967
2022-10-06,774.6387939453125,2067042
2022-10-07,761.570556640625,1053907
2022-10-10,738.4083862304688,2334168
2022-10-11,724.218505859375,1956824
2022-10-12,738.6033935546875,1372962
2022-10-13,738.6521606445312,1198492
2022-10-14,742.4068603515625,1278730
2022-10-17,744.2599487304688,940646
2022-10-18,755.1826171875,1361691
2022-10-19,745.625244140625,1115277
2022-10-20,751.6229858398438,955562
2022-10-21,742.7969970703125,1692279
2022-10-24,751.8668212890625,292558
2022-10-25,747.9657592773438,871995
2022-10-27,750.9890747070312,1692389
2022-10-28,742.50439453125,1598314
2022-10-31,751.086669921875,997865
2022-11-01,755.6702270507812,1893673
2022-11-02,749.0385131835938,1073726
2022-11-03,743.8697509765625,1573795
2022-11-04,745.38134765625,940199
2022-11-07,753.0370483398438,1004208
2022-11-09,751.086669921875,1256533
2022-11-10,749.6724853515625,839329
2022-11-11,754.0610961914062,921004
2022-11-14,748.7459716796875,708750
2022-11-15,753.6222534179688,756436
2022-11-16,750.5014038085938,1071710
2022-11-17,766.5443115234375,2944879
2022-11-18,756.4992065429688,1417103
2022-11-21,751.8668212890625,760664
2022-11-22,752.2081298828125,868523
2022-11-23,751.086669921875,875779
2022-11-24,773.127197265625,6211909
2022-11-25,769.6163330078125,2385612
2022-11-28,784.3912963867188,2043706
2022-11-29,785.1226806640625,1278339
2022-11-30,797.8009033203125,3390682
2022-12-01,793.0709838867188,966282
2022-12-02,775.8578491210938,2882169
2022-12-05,780.685302734375,1540201
2022-12-06,777.9058837890625,826214
2022-12-07,779.5637817382812,2020441
2022-12-08,784.2938232421875,805216
2022-12-09,783.416015625,1080966
2022-12-12,789.9989013671875,948219
2022-12-13,787.6095581054688,1224742
2022-12-14,795.2652587890625,971275
2022-12-15,784.9764404296875,783051
2022-12-16,781.7093505859375,849333
2022-12-19,788.82861328125,1120217
2022-12-20,788.292236328125,677159
2022-12-21,782.7333374023438,811513
2022-12-22,778.8811645507812,1017965
2022-12-23,759.7175903320312,1216647
2022-12-26,756.1090698242188,1014226
2022-12-27,758.5960083007812,601101
2022-12-28,760.8390502929688,610240
2022-12-29,756.8892211914062,1691955
2022-12-30,747.9657592773438,715796
2023-01-02,743.430908203125,1061086
2023-01-03,748.160888671875,785495
2023-01-04,743.3821411132812,1004383
2023-01-05,744.9425048828125,3198519
2023-01-06,742.50439453125,603050
2023-01-09,747.9657592773438,729173
2023-01-10,750.2088623046875,873061
2023-01-11,740.5051879882812,688374
2023-01-12,735.5801391601562,763021
2023-01-13,734.2636108398438,1067599
2023-01-16,728.7533569335938,838829
2023-01-17,731.484130859375,1427736
2023-01-18,731.9229736328125,747592
2023-01-19,720.2200317382812,1140422
2023-01-20,720.1712646484375,878832
2023-01-23,724.072265625,682160
2023-01-24,722.5606689453125,653737
2023-01-25,721.731689453125,868627
2023-01-27,717.0504150390625,772860
2023-01-30,717.4406127929688,1295677
2023-01-31,711.4428100585938,2189899
2023-02-01,722.463134765625,933031
2023-02-02,718.9034423828125,704702
2023-02-03,708.6145629882812,1752697
2023-02-06,711.6865844726562,852170
2023-02-07,710.1749877929688,1244247
2023-02-08,706.4690551757812,1521104
2023-02-09,704.0797119140625,688243
2023-02-10,708.6145629882812,651630
2023-02-13,700.0324096679688,599763
2023-02-14,703.1531982421875,563171
2023-02-15,710.0774536132812,727403
2023-02-16,714.4660034179688,837121
2023-02-17,708.2732543945312,624402
2023-02-20,703.933349609375,1316763
2023-02-21,708.2244262695312,673449
2023-02-22,703.5921020507812,1690647
2023-02-23,698.3744506835938,1165270
2023-02-24,698.4232788085938,1040351
2023-02-27,692.718017578125,1064436
2023-02-28,697.59423828125,2395442
2023-03-01,697.5455322265625,991540
2023-03-02,689.841064453125,969963
2023-03-03,692.2791748046875,873264
2023-03-06,695.9363403320312,739338
2023-03-08,702.66552734375,1026628
2023-03-09,691.694091796875,905544
2023-03-10,686.964111328125,970983
2023-03-13,676.9678344726562,1158330
2023-03-14,676.1388549804688,1501579
2023-03-15,670.5311279296875,1119482
2023-03-16,676.821533203125,974834
2023-03-17,688.7195434570312,2111478
2023-03-20,685.2086181640625,1018438
2023-03-21,683.5507202148438,721243
2023-03-22,693.30322265625,776214
2023-03-23,689.6460571289062,587643
2023-03-24,684.9647827148438,960470
2023-03-27,682.0390625,3695292
2023-03-28,678.82080078125,1113702
2023-03-29,680.28369140625,1160832
2023-03-31,691.3038940429688,972962
2023-04-03,699.3009643554688,797533
2023-04-05,709.394775390625,947741
2023-04-06,712.4180908203125,738748
2023-04-10,702.8118896484375,916628
2023-04-11,699.5447998046875,776167
2023-04-12,700.6176147460938,702063
2023-04-13,701.7877807617188,502380
2023-04-17,695.5462646484375,1180651
2023-04-18,689.5485229492188,1323608
2023-04-19,683.501953125,1235220
2023-04-20,685.9888305664062,1263116
2023-04-21,683.0631713867188,966029
2023-04-24,714.4172973632812,6009290
2023-04-25,716.2703247070312,1783879
2023-04-26,728.217041015625,3725680
2023-04-27,735.3363647460938,1664942
2023-04-28,744.9425048828125,1261145
2023-05-02,760.3026733398438,1438425
2023-05-03,762.05810546875,1189150
2023-05-04,756.3041381835938,1001352
2023-05-05,757.03564453125,617459
2023-05-08,769.3724975585938,1048005
2023-05-09,769.469970703125,652399
2023-05-10,771.5667724609375,476497
2023-05-11,769.908935546875,968940
2023-05-12,769.5187377929688,747655
2023-05-15,767.4707641601562,803643
2023-05-16,766.7880859375,658173
2023-05-17,758.986083984375,907649
2023-05-18,757.0843505859375,1004449
2023-05-19,754.6160278320312,1233831
2023-05-22,755.2568359375,548104
2023-05-23,759.1509399414062,826476
2023-05-24,760.2353515625,861728
2023-05-25,769.2557983398438,980266
2023-05-26,778.5228271484375,961268
2023-05-29,783.0084228515625,1171159
2023-05-30,779.7058715820312,601270
2023-05-31,787.34619140625,2201928
2023-06-01,782.4169311523438,703293
2023-06-02,784.7828979492188,697200
2023-06-05,781.23388671875,774985
2023-06-06,780.8887939453125,744002
2023-06-07,811.4500732421875,3971089
2023-06-08,795.676513671875,1117198
2023-06-09,789.662841796875,835145
2023-06-12,789.4163818359375,3168760
2023-06-13,808.29541015625,2697513
2023-06-14,850.2924194335938,7652583
2023-06-15,852.7570190429688,3106263
2023-06-16,850.5388793945312,1754715
2023-06-19,844.8702392578125,1308412
2023-06-20,846.743408203125,1178858
2023-06-21,847.9757080078125,1439299
2023-06-22,829.9840087890625,988651
2023-06-23,828.9488525390625,806171
2023-06-26,850.3416748046875,3022935
2023-06-27,842.1099243164062,1131450
2023-06-28,842.8492431640625,914411
2023-06-30,848.715087890625,1394632
2023-07-03,846.6940307617188,1226135
2023-07-04,843.4407958984375,759030
2023-07-05,833.9273681640625,2537154
2023-07-06,833.0894165039062,2363769
2023-07-07,821.4564208984375,1811594
2023-07-10,813.9639892578125,1177214
2023-07-11,828.4066162109375,2167322
2023-07-12,831.3148803710938,1435731
2023-07-13,825.4983520507812,985928
2023-07-14,839.4481201171875,1705168
2023-07-17,840.5325317382812,1200820
2023-07-18,846.5462036132812,1412514
2023-07-19,848.271484375,952601
2023-07-20,860.7423706054688,1381298
2023-07-21,840.2860717773438,1230534
2023-07-24,850.8839111328125,1149904
2023-07-25,856.2567749023438,873678
2023-07-26,861.5310668945312,1940116
2023-07-27,838.0186157226562,3203072
2023-07-28,847.1869506835938,2365708
2023-07-31,847.1376953125,1454789
2023-08-01,844.6238403320312,987812
2023-08-02,831.1177368164062,1604731
2023-08-03,823.5759887695312,1375222
2023-08-04,822.9844360351562,887582
2023-08-07,825.9420166015625,1106208
2023-08-08,835.4554443359375,1252297
2023-08-09,848.0250244140625,1704615
2023-08-10,838.5115356445312,941390
2023-08-11,825.0547485351562,909080
2023-08-14,832.744384765625,754694
2023-08-16,828.8009643554688,360863
2023-08-17,832.3007202148438,1105325
2023-08-18,830.624755859375,1145798
2023-08-21,836.4906005859375,680778
2023-08-22,836.7863159179688,782931
2023-08-23,832.5964965820312,516482
2023-08-24,832.25146484375,1482572
2023-08-25,820.7662963867188,1149261
2023-08-28,829.8854370117188,649996
2023-08-29,826.3856201171875,606053
2023-08-30,836.3426513671875,604884
2023-08-31,822.540771484375,2025392
2023-09-01,832.2021484375,661741
2023-09-04,834.0752563476562,705024
2023-09-05,834.3217163085938,745626
2023-09-06,866.4603271484375,3618782
2023-09-07,846.5462036132812,3458930
2023-09-08,841.025390625,901217
2023-09-11,850.3909912109375,1039583
2023-09-12,852.5105590820312,1795152
2023-09-13,876.7130737304688,2812359
2023-09-14,872.0303344726562,2205160
2023-09-15,863.5027465820312,1104866
2023-09-18,868.4813232421875,1084407
2023-09-20,857.3905639648438,924868
2023-09-21,858.672119140625,1165593
2023-09-22,865.3265380859375,1518828
2023-09-25,887.8531494140625,2700627
2023-09-26,882.5296020507812,2064298
2023-09-27,876.2694091796875,1233749
2023-09-28,864.0942993164062,1801983
2023-09-29,864.4886474609375,817204
2023-10-03,859.5593872070312,1183376
2023-10-04,852.5105590820312,623081
2023-10-05,848.0250244140625,749977
2023-10-06,862.3690795898438,960117
2023-10-09,868.185546875,1200788
2023-10-10,876.1708374023438,870512
2023-10-11,875.8258666992188,1062565
2023-10-12,879.7199096679688,775364
2023-10-13,900.4226684570312,5120134
2023-10-16,895.7399291992188,1524935
2023-10-17,895.0005493164062,3228492
2023-10-18,883.0225830078125,1218914
2023-10-19,882.726806640625,1430475
2023-10-20,886.2265625,2295312
2023-10-23,870.600830078125,973113
2023-10-25,877.4031982421875,1531972
2023-10-26,867.8897705078125,1966650
2023-10-27,878.4876098632812,797507
2023-10-30,880.9029541015625,1147541
2023-10-31,887.7545776367188,1082510
2023-11-01,890.3671264648438,2678745
2023-11-02,898.3524169921875,1082513
2023-11-03,900.7677612304688,901911
2023-11-06,905.647705078125,742374
2023-11-07,908.9995727539062,819721
2023-11-08,903.3309936523438,1090425
2023-11-09,890.0712890625,3194352
2023-11-10,899.7819213867188,3846444
2023-11-13,903.5774536132812,904887
2023-11-15,916.4426879882812,1564164
2023-11-16,907.0278930664062,1315309
2023-11-17,917.6749877929688,961365
2023-11-20,917.6749877929688,1169030
2023-11-21,914.5696411132812,804344
2023-11-22,915.11181640625,885449
2023-11-23,919.7946166992188,907511
2023-11-24,913.7809448242188,521207
2023-11-28,918.6608276367188,904835
2023-11-29,920.3367919921875,1047897
2023-11-30,927.4349365234375,2982505
2023-12-01,929.505126953125,1129388
2023-12-04,933.2514038085938,1112904
2023-12-05,936.603271484375,792716
2023-12-06,938.2299194335938,982484
2023-12-07,943.3563232421875,933106
2023-12-08,933.2020263671875,649090
2023-12-11,936.9976196289062,476174
2023-12-12,935.3216552734375,732063
2023-12-13,943.7506713867188,899820
2023-12-14,936.9976196289062,1980762
2023-12-15,941.1874389648438,1155502
2023-12-18,936.2582397460938,999922
2023-12-19,952.4754028320312,3897491
2023-12-20,962.4817504882812,4465789
2023-12-21,965.4392700195312,1588905
2023-12-22,978.7482299804688,1491449
2023-12-26,993.0922241210938,1804990
2023-12-27,1012.2177124023438,1799498
2023-12-28,1026.2659912109375,2052402
2023-12-29,1071.417724609375,5017576
2024-01-01,1064.8125,936544
2024-01-02,1082.2127685546875,2635193
2024-01-03,1069.5938720703125,1100701
2024-01-04,1109.619384765625,2777186
2024-01-05,1107.05615234375,1207155
2024-01-08,1089.310791015625,1722755
2024-01-09,1095.9161376953125,998355
2024-01-10,1098.1834716796875,933127
2024-01-11,1103.4085693359375,1084035
2024-01-12,1142.5958251953125,6018282
2024-01-15,1134.511962890625,4237485
2024-01-16,1127.5123291015625,1449691
2024-01-17,1122.4844970703125,1272932
2024-01-18,1130.568603515625,1218211
2024-01-19,1145.257568359375,900162
2024-01-23,1129.434814453125,933643
2024-01-24,1142.5958251953125,1040096
2024-01-25,1120.6607666015625,1125321
2024-01-29,1124.9000244140625,1588430
2024-01-30,1107.0068359375,798009
2024-01-31,1102.1761474609375,2428738
2024-02-01,1113.661376953125,4728358
2024-02-02,1146.2928466796875,1741322
2024-02-05,1134.462646484375,1266268
2024-02-06,1147.08154296875,1219085
2024-02-07,1149.69384765625,864874
2024-02-08,1121.7945556640625,2477973
2024-02-09,1113.2669677734375,917196
2024-02-12,1106.316650390625,898953
2024-02-13,1121.696044921875,886148
2024-02-14,1119.5269775390625,1206706
2024-02-15,1115.386474609375,1278358
2024-02-16,1131.209228515625,1213292
2024-02-19,1138.6524658203125,961914
2024-02-20,1138.0609130859375,1056193
2024-02-21,1144.321044921875,1445959
2024-02-22,1143.0887451171875,1689403
2024-02-23,1143.8775634765625,1280859
2024-02-26,1160.439697265625,1292210
2024-02-27,1166.84765625,1584564
2024-02-28,1151.4190673828125,2170054
2024-02-29,1173.2064208984375,2722341
2024-03-01,1184.00146484375,1804771
2024-03-04,1186.219482421875,790960
2024-03-05,1183.6070556640625,867925
2024-03-06,1202.7818603515625,1367260
2024-03-07,1243.6943359375,3522952
2024-03-11,1203.373291015625,2609165
2024-03-12,1198.0003662109375,1089396
2024-03-13,1162.2635498046875,2050756
2024-03-14,1181.3887939453125,2211062
2024-03-15,1194.99365234375,2843465
2024-03-18,1170.150146484375,803158
2024-03-19,1130.0262451171875,2152306
2024-03-20,1108.1405029296875,2070193
2024-03-21,1117.900390625,1901034
2024-03-22,1106.8590087890625,1696377
2024-03-26,1096.8033447265625,2407110
2024-03-27,1075.607666015625,1962948
2024-03-28,1080.6846923828125,6721940
2024-04-01,1071.516357421875,2229535
2024-04-02,1115.1400146484375,5107047
2024-04-03,1103.6549072265625,1133287
2024-04-04,1102.1268310546875,2403608
2024-04-05,1099.760986328125,627856
2024-04-08,1121.2523193359375,1833218
2024-04-09,1109.6685791015625,1184800
2024-04-10,1129.08984375,1374918
2024-04-12,1133.180908203125,2006949
2024-04-15,1114.6470947265625,1990224
2024-04-16,1119.5762939453125,1051408
2024-04-18,1118.491943359375,2573549
2024-04-19,1121.9915771484375,2160942
2024-04-22,1154.376708984375,2299311
2024-04-23,1156.74267578125,1930671
2024-04-24,1094.437255859375,6447489
2024-04-25,1090.5924072265625,6233672
2024-04-26,1087.04345703125,3426210
2024-04-29,1082.9521484375,2254895
2024-04-30,1092.66259765625,2504796
2024-05-02,1075.7061767578125,3423995
2024-05-03,1078.8116455078125,2935813
2024-05-06,1082.6070556640625,1076304
2024-05-07,1083.8394775390625,2614541
2024-05-08,1099.2679443359375,1071294
2024-05-09,1069.692626953125,1743688
2024-05-10,1075.5089111328125,1080599
2024-05-13,1081.4239501953125,933422
2024-05-14,1070.0869140625,1194960
2024-05-15,1053.7711181640625,1920081
2024-05-16,1084.1844482421875,2665288
2024-05-17,1079.6988525390625,1069069
2024-05-21,1078.4664306640625,906092
2024-05-22,1104.4927978515625,2032291
2024-05-23,1102.1268310546875,2087340
2024-05-24,1090.1702880859375,1424791
2024-05-27,1079.896484375,1881215
2024-05-28,1087.490234375,981637
2024-05-29,1063.4185791015625,1526469
2024-05-30,1059.3486328125,2743237
2024-05-31,1052.4498291015625,4787041
2024-06-03,1061.284423828125,1323788
2024-06-04,1079.0030517578125,3223165
2024-06-05,1133.9954833984375,6089603
2024-06-06,1131.513916015625,2655137
2024-06-07,1127.295166015625,1877248
2024-06-10,1124.71435546875,1392359
2024-06-11,1127.2454833984375,805013
2024-06-12,1116.3760986328125,773116
2024-06-13,1106.4000244140625,1605436
2024-06-14,1104.2657470703125,1107470
2024-06-18,1118.6094970703125,1161864
2024-06-19,1097.4661865234375,1201455
2024-06-20,1095.133544921875,1223872
2024-06-21,1076.9185791015625,1634958
2024-06-24,1093.843017578125,912255
2024-06-25,1086.547119140625,932314
2024-06-26,1078.90380859375,1003738
2024-06-27,1077.6134033203125,2272855
2024-06-28,1089.3760986328125,1129490
2024-07-01,1086.49755859375,767705
2024-07-02,1096.87060546875,2026189
2024-07-03,1137.9163818359375,4406793
2024-07-04,1126.848388671875,2113837
2024-07-05,1129.0323486328125,1281630
2024-07-08,1142.333740234375,1958676
2024-07-09,1133.796875,1545936
2024-07-10,1142.333740234375,1015150
2024-07-11,1123.076416015625,1883264
2024-07-12,1143.7730712890625,1092749
2024-07-15,1140.3485107421875,1201063
2024-07-16,1167.596435546875,2152821
2024-07-18,1170.07666015625,2591377
2024-07-19,1164.7821044921875,1402279
2024-07-22,1181.2537841796875,1719663
2024-07-23,1232.335693359375,5204189
2024-07-24,1207.18701171875,3367339
2024-07-25,1199.6864013671875,2529080
2024-07-26,1204.7213134765625,802492
2024-07-29,1192.5615234375,1944124
2024-07-30,1186.1092529296875,1331004
2024-07-31,1180.2030029296875,2994289
2024-08-01,1199.4603271484375,1675363
2024-08-02,1184.8685302734375,1262150
2024-08-05,1190.576171875,3718458
2024-08-06,1176.877685546875,1304014
2024-08-07,1190.774658203125,759323
2024-08-08,1169.6314697265625,1298997
2024-08-09,1177.4237060546875,489864
2024-08-12,1162.1866455078125,787584
2024-08-13,1170.1278076171875,785371
2024-08-14,1158.9605712890625,991108
2024-08-16,1179.0118408203125,831846
2024-08-19,1168.738037109375,682374
2024-08-20,1162.5836181640625,673329
2024-08-21,1168.886962890625,802420
2024-08-22,1196.9290771484375,2041300
2024-08-23,1187.995361328125,852159
2024-08-26,1211.0743408203125,1045317
2024-08-27,1200.7010498046875,483025
2024-08-28,1192.3133544921875,779730
2024-08-29,1189.633056640625,1062444
2024-08-30,1191.3206787109375,2550399
2024-09-02,1190.8739013671875,1852516
2024-09-03,1190.1790771484375,1884428
2024-09-04,1186.1588134765625,1633635
2024-09-05,1179.9052734375,1062421
2024-09-06,1165.214111328125,989655
2024-09-09,1183.2802734375,1969830
2024-09-10,1195.291259765625,1815998
2024-09-11,1195.5394287109375,1837013
2024-09-12,1213.75439453125,2635403
2024-09-13,1201.39599609375,1569211
2024-09-16,1209.53564453125,984584
2024-09-17,1211.272705078125,1450593
2024-09-18,1192.0155029296875,930896
2024-09-19,1206.3095703125,2737652
2024-09-20,1207.897705078125,3533125
2024-09-23,1202.6368408203125,2818001
2024-09-24,1202.736083984375,3393528
2024-09-25,1180.8482666015625,2448744
2024-09-26,1204.522705078125,2323705
2024-09-27,1192.7103271484375,2177204
2024-09-30,1188.1441650390625,1223096
2024-10-01,1187.4493408203125,892381
2024-10-03,1144.2694091796875,1912206
2024-10-04,1122.0838623046875,1773781
2024-10-07,1103.2236328125,1542124
2024-10-08,1110.8173828125,1738272
2024-10-09,1109.5765380859375,1322027
2024-10-10,1105.953369140625,1176370
2024-10-11,1104.9110107421875,569469
2024-10-14,1105.3577880859375,513799
2024-10-15,1107.0452880859375,768815
2024-10-16,1105.7547607421875,738403
2024-10-17,1082.1298828125,975432
2024-10-18,1085.20703125,953926
2024-10-21,1009.5676879882812,11484692
2024-10-22,990.906005859375,2742491
2024-10-23,1007.0860595703125,1936612
2024-10-24,989.1192626953125,2014701
2024-10-25,965.891357421875,2258366
2024-10-28,968.720458984375,2364081
2024-10-29,984.7515869140625,1256095
2024-10-30,1015.1761474609375,2048134
2024-10-31,995.17431640625,1381633
2024-11-01,996.7129516601562,212772
2024-11-04,987.2828369140625,1427199
2024-11-05,993.3875732421875,1163041
2024-11-06,999.6412353515625,683591
2024-11-07,977.6045532226562,1144864
2024-11-08,985.64501953125,973252
2024-11-11,968.7700805664062,1108758
2024-11-12,960.4318237304688,968082
2024-11-13,945.74072265625,948691
2024-11-14,918.1948852539062,1950720
2024-11-18,923.902587890625,2193819
2024-11-19,910.4026489257812,1844903
2024-11-21,904.9927368164062,1550618
2024-11-22,938.2462768554688,1427895
2024-11-25,948.6690673828125,2468847
2024-11-26,956.4612426757812,638057
2024-11-27,952.9869995117188,786040
2024-11-28,934.1267700195312,1834887
2024-11-29,951.5973510742188,1482253
2024-12-02,949.95947265625,916920
2024-12-03,947.9741821289062,1346981
2024-12-04,954.1286010742188,1236061
2024-12-05,959.3399658203125,2043341
2024-12-06,967.2811279296875,1893714
2024-12-09,927.0790405273438,3679131
2024-12-10,919.9320068359375,1990270
2024-12-11,928.1709594726562,1356603
2024-12-12,914.4724731445312,1913140
2024-12-13,922.8602905273438,1278151
2024-12-16,913.5790405273438,848667
2024-12-17,898.2427978515625,1597108
2024-12-18,902.6599731445312,1154541
2024-12-19,900.4265747070312,2589001
2024-12-20,882.9064331054688,2441036
2024-12-23,896.1085815429688,1054695
2024-12-24,900.6250610351562,1038280
2024-12-26,894.3218383789062,595956
2024-12-27,901.2703247070312,870974
2024-12-30,896.85302734375,1830048
2024-12-31,907.9706420898438,1120133
2025-01-01,913.5294189453125,641424
2025-01-02,922.8106689453125,1705632
2025-01-03,932.53857421875,1832664
2025-01-06,939.9337768554688,2692614
2025-01-07,947.9741821289062,2413582
2025-01-08,954.5255737304688,1235226
2025-01-09,962.9630737304688,2130681
2025-01-10,965.6431884765625,1443387
2025-01-13,958.3472900390625,1876479
2025-01-14,956.0642700195312,1558290
2025-01-15,948.5201416015625,3190709
2025-01-16,930.8014526367188,2019985
2025-01-17,947.42822265625,677451
2025-01-20,953.2351684570312,702848
2025-01-21,964.9483642578125,2281022
2025-01-22,960.282958984375,1759236
2025-01-23,976.6615600585938,1235360
2025-01-24,985.0493774414062,2201712
2025-01-27,958.6947021484375,1806238
2025-01-28,954.17822265625,1647098
2025-01-29,953.4337158203125,1479070
2025-01-30,959.588134765625,1706978
2025-01-31,1017.11181640625,5028986
2025-02-01,1061.979248046875,3077657
2025-02-03,1028.6761474609375,1298543
2025-02-04,1026.5914306640625,2251233
2025-02-05,1007.83056640625,1628436
2025-02-06,1015.8212890625,1172479
2025-02-07,1013.6871337890625,941811
2025-02-10,1019.9407958984375,1418998
2025-02-11,1006.341552734375,1204012
2025-02-12,1022.1742553710938,1082392
2025-02-13,1015.275390625,1169309
2025-02-14,1015.0272216796875,2032391
2025-02-17,1015.7220458984375,925113
2025-02-18,1019.394775390625,789814
2025-02-19,1017.7570190429688,782204
2025-02-20,1001.4776611328125,878748
2025-02-21,996.6137084960938,1330146
2025-02-24,995.0255126953125,1002365
2025-02-25,997.4573974609375,1663313
2025-02-27,1000.5842895507812,1362115
2025-02-28,956.6101684570312,5082193
2025-03-03,946.88232421875,1323481
2025-03-04,947.5274658203125,1916433
2025-03-05,949.7609252929688,2773457
2025-03-06,951.1010131835938,2421530
2025-03-07,954.9722900390625,945675
2025-03-10,950.2572631835938,1660207
2025-03-11,952.7884521484375,2748541
2025-03-12,938.4944458007812,1619168
2025-03-13,939.1396484375,907521
2025-03-17,933.53125,993027
2025-03-18,933.53125,0
2025-03-19,942.862060546875,1650477
2025-03-20,958.7443237304688,2403031
2025-03-21,954.1286010742188,3155551
2025-03-24,963.310546875,1475967
2025-03-25,963.5587158203125,1569597
2025-03-26,952.5899658203125,1399118
2025-03-27,966.3876953125,2585170
2025-03-28,994.5291748046875,2313101
2025-04-01,984.9501342773438,1045548
2025-04-02,1054.8818359375,8717812
2025-04-03,1063.1207275390625,1595000
2025-04-04,1079.8468017578125,4089261
2025-04-07,1039.644775390625,3200820
2025-04-08,1061.8800048828125,1444712
2025-04-09,1081.7327880859375,2274161
2025-04-11,1089.8228759765625,1888677
2025-04-15,1095.282470703125,1023355
2025-04-16,1097.7640380859375,679360
2025-04-17,1111.958740234375,1541674
2025-04-21,1112.7529296875,692767
2025-04-22,1128.33740234375,1231830
2025-04-23,1141.6387939453125,1760325
2025-04-24,1152.7564697265625,5766752
2025-04-25,1147.1976318359375,1451946
2025-04-28,1146.7012939453125,663435
2025-04-29,1160.300537109375,1439143
2025-04-30,1157.223388671875,1477319
2025-05-02,1146.2049560546875,825657
2025-05-05,1152.9549560546875,1359727
2025-05-06,1146.8006591796875,1382140
2025-05-07,1137.5689697265625,1792683
2025-05-08,1107.7896728515625,2692162
2025-05-09,1105.506591796875,815694
2025-05-12,1137.171875,748637
2025-05-13,1110.37060546875,1096797
2025-05-14,1112.1573486328125,1386813
2025-05-15,1138.7601318359375,2064096
2025-05-16,1159.4071044921875,1336653
2025-05-19,1140.8447265625,786128
2025-05-20,1120.19775390625,825451
2025-05-21,1130.4219970703125,619421
2025-05-22,1118.4110107421875,1414277
2025-05-23,1132.4073486328125,897235
2025-05-26,1137.8668212890625,616370
2025-05-27,1130.02490234375,901912
2025-05-28,1113.1500244140625,492483
2025-05-29,1109.800048828125,2556089
2025-05-30,1106.300048828125,2475644
2025-06-02,1120.4000244140625,907133
2025-06-03,1114.5999755859375,795876
2025-06-04,1124.4000244140625,635699
2025-06-05,1111.9000244140625,1044950
2025-06-06,1115.5999755859375,503186
2025-06-09,1121.199951171875,467790
2025-06-10,1115.0999755859375,460271
2025-06-11,1104.300048828125,862130
2025-06-12,1085.0999755859375,941294
2025-06-13,1078.4000244140625,614108
2025-06-16,1083.4000244140625,439929
2025-06-17,1071.5999755859375,664517
2025-06-18,1065.199951171875,545933
2025-06-19,1088.300048828125,2816398
2025-06-20,1100.199951171875,2084108
2025-06-23,1109.4000244140625,758904
2025-06-24,1107.699951171875,1134930
2025-06-25,1126.5,1564437
2025-06-26,1145.4000244140625,2236678
2025-06-27,1124.300048828125,622376
2025-06-30,1098.9000244140625,1836286
2025-07-01,1095.5999755859375,971874
2025-07-02,1095.800048828125,1230645
2025-07-03,1089.4000244140625,730322
2025-07-04,1089.699951171875,573351
2025-07-07,1101.9000244140625,1152136
2025-07-08,1099.9000244140625,605639
2025-07-09,1097.9000244140625,752158
2025-07-10,1088.9000244140625,533377
2025-07-11,1076.800048828125,983485
2025-07-14,1071.800048828125,770739
2025-07-15,1081.800048828125,538506
2025-07-16,1081.5,1753658
2025-07-17,1105.800048828125,1193262
2025-07-18,1095.9000244140625,844437
2025-07-21,1090.300048828125,805610
2025-07-22,1084.800048828125,961735
2025-07-23,1062.5999755859375,1508414
2025-07-24,1072.800048828125,6264546
2025-07-25,1054.4000244140625,1180451
2025-07-28,1059.9000244140625,1219854
2025-07-29,1061.5999755859375,944513
2025-07-30,1073.0999755859375,1175543
2025-07-31,1073.199951171875,1114320
2025-08-01,1070.4000244140625,1040166
2025-08-04,1072.5999755859375,663828
2025-08-05,1064.5999755859375,861402
2025-08-06,1052.800048828125,598309
2025-08-07,1052.800048828125,600790
2025-08-08,1051.0,843741
2025-08-11,1059.0999755859375,617689
2025-08-12,1046.800048828125,651741
2025-08-13,1056.0999755859375,501792
2025-08-14,1051.199951171875,767620
2025-08-18,1071.300048828125,1099268
2025-08-19,1085.800048828125,667231
2025-08-20,1105.300048828125,871108
2025-08-21,1088.0999755859375,614098
2025-08-22,1084.0999755859375,394813
2025-08-25,1081.5999755859375,444715
2025-08-26,1079.9000244140625,1201357
2025-08-28,1062.4000244140625,641975
2025-08-29,1065.4000244140625,1079893
2025-09-01,1075.699951171875,807324
2025-09-02,1100.800048828125,1649975
2025-09-03,1104.4000244140625,1244093
2025-09-04,1071.0999755859375,2407789
2025-09-05,1072.4000244140625,1130356
2025-09-08,1074.199951171875,600835
2025-09-09,1083.5,779147
2025-09-10,1101.0,1200433
2025-09-11,1105.300048828125,1030547
2025-09-12,1103.9000244140625,1131972
2025-09-15,1102.5999755859375,1491729
2025-09-16,1092.0999755859375,641025
2025-09-17,1136.300048828125,3361334
2025-09-18,1129.300048828125,1030976
2025-09-19,1126.800048828125,1438338
2025-09-22,1130.0999755859375,701996
2025-09-23,1128.5,1082761
2025-09-24,1140.0999755859375,1100753
2025-09-25,1134.199951171875,1023970
2025-09-26,1119.0,565909
2025-09-29,1123.0999755859375,1372491
2025-09-30,1129.300048828125,1377509
2025-10-01,1144.800048828125,789835
2025-10-03,1137.5,1567152
2025-10-06,1142.0999755859375,1472109
2025-10-07,1120.0,1354474
2025-10-08,1120.199951171875,963508
2025-10-09,1118.0,852898
2025-10-10,1126.5,982270
2025-10-13,1117.0,832628
2025-10-14,1118.9000244140625,1033610
2025-10-15,1114.199951171875,1299596
2025-10-16,1149.300048828125,2383412
2025-10-17,1166.0,2001759
2025-10-20,1176.4000244140625,1751305
2025-10-21,1174.5999755859375,123219
2025-10-23,1161.0,1137414
2025-10-24,1155.300048828125,1103267
2025-10-27,1169.9000244140625,874449
2025-10-28,1168.9000244140625,842574
2025-10-29,1177.0999755859375,1017034
2025-10-30,1176.5999755859375,900192
2025-10-31,1165.0,749738
2025-11-03,1197.5,2595111
2025-11-04,1179.300048828125,2886618
2025-11-06,1190.4000244140625,2401724
2025-11-07,1167.199951171875,1351606
2025-11-10,1142.699951171875,1586398
2025-11-11,1156.199951171875,1177071
2025-11-12,1162.0,1168588
2025-11-13,1154.800048828125,1603498
2025-11-14,1157.800048828125,1832598
2025-11-17,1178.9000244140625,2105780
2025-11-18,1154.0999755859375,1695622
2025-11-19,1162.0999755859375,1935207
2025-11-20,1173.9000244140625,2193836
2025-11-21,1183.0999755859375,3194549
2025-11-24,1186.0,4765158
2025-11-25,1177.699951171875,1258048
2025-11-26,1185.300048828125,713335
2025-11-27,1177.699951171875,1118308
2025-11-28,1172.4000244140625,1020242
2025-12-01,1163.800048828125,487062
2025-12-02,1162.199951171875,708989
2025-12-03,1140.0,716554
2025-12-04,1148.4000244140625,703643
2025-12-05,1162.9000244140625,699541
2025-12-08,1145.800048828125,590111
2025-12-09,1146.699951171875,851746
2025-12-10,1140.0999755859375,342793
2025-12-11,1142.0999755859375,616435
2025-12-12,1149.300048828125,751834
2025-12-15,1157.4000244140625,1037323
2025-12-16,1169.9000244140625,1181775
2025-12-17,1179.800048828125,1502200
2025-12-18,1171.5,568209
2025-12-19,1184.0,598033
2025-12-22,1178.800048828125,670307
2025-12-23,1185.5999755859375,805182
2025-12-24,1179.199951171875,530345
2025-12-26,1175.699951171875,322741
2025-12-29,1195.199951171875,1806020
2025-12-30,1179.0,2256987
2025-12-31,1192.0,960678
2026-01-01,1176.9000244140625,947192
2026-01-02,1170.699951171875,955406
2026-01-05,1182.0999755859375,1521762
2026-01-06,1210.4000244140625,1202300
2026-01-07,1212.5999755859375,1021615
2026-01-08,1197.4000244140625,562710
2026-01-09,1175.9000244140625,555547
2026-01-12,1192.300048828125,663978
2026-01-13,1189.4000244140625,598454
2026-01-14,1171.4000244140625,577684
2026-01-15,1171.4000244140625,0
2026-01-16,1189.0999755859375,1250225
2026-01-19,1180.199951171875,547580
2026-01-20,1185.0,2027446
2026-01-21,1163.5999755859375,946906
2026-01-22,1175.199951171875,1495139
2026-01-23,1153.5,1456971
2026-01-27,1187.4000244140625,3844021
2026-01-28,1131.800048828125,4560055
2026-01-29,1107.199951171875,2786421
2026-01-30,1133.9000244140625,2570464
2026-02-02,1125.4000244140625,1776779
2026-02-03,1155.4000244140625,1254462
2026-02-04,1153.0,1109383
2026-02-05,1155.9000244140625,1162295
2026-02-06,1159.300048828125,830634
2026-02-09,1167.199951171875,1105510
2026-02-10,1152.199951171875,978264
2026-02-11,1152.5999755859375,751635
2026-02-12,1149.300048828125,624666
2026-02-13,1132.199951171875,525887
2026-02-16,1139.199951171875,780629
2026-02-17,1148.5,442621
2026-02-18,1169.699951171875,641938
2026-02-19,1160.5,994383
2026-02-20,1156.199951171875,484995
2026-02-23,1171.800048828125,623773
