date,adj_close,volume
2015-01-01,988.8798828125,366830
2015-01-02,1002.0486450195312,925740
2015-01-05,986.8204956054688,1754242
2015-01-06,950.43994140625,2423784
2015-01-07,939.21337890625,2636332
2015-01-08,949.3524780273438,1565408
2015-01-09,975.9629516601562,3197642
2015-01-12,974.9529418945312,1596006
2015-01-13,970.3689575195312,1468432
2015-01-14,979.7117919921875,1787096
2015-01-15,986.3743286132812,5009920
2015-01-16,983.6740112304688,5293830
2015-01-19,975.4576416015625,1135074
2015-01-20,971.3594970703125,2058566
2015-01-21,976.5459594726562,2310480
2015-01-22,976.4485473632812,2113214
2015-01-23,972.58349609375,3150380
2015-01-27,973.9263305664062,2738736
2015-01-28,988.5423583984375,3121980
2015-01-29,990.5082397460938,3734392
2015-01-30,966.1406860351562,5817402
2015-02-02,978.6555786132812,3181802
2015-02-03,995.802001953125,2345054
2015-02-04,978.6946411132812,2245418
2015-02-05,993.525146484375,4530168
2015-02-06,1002.6138916015625,2136416
2015-02-09,978.1493530273438,2076432
2015-02-10,950.220458984375,3799054
2015-02-11,957.5193481445312,2937522
2015-02-12,958.3946533203125,3107980
2015-02-13,988.211669921875,4158326
2015-02-16,1006.1368408203125,2364392
2015-02-18,1025.9298095703125,2660014
2015-02-19,1043.602294921875,2618002
2015-02-20,1041.46142578125,1801588
2015-02-23,1049.6744384765625,1614892
2015-02-24,1052.8277587890625,2199922
2015-02-25,1040.1572265625,1767994
2015-02-26,1034.026611328125,1991994
2015-02-27,1036.3232421875,2877376
2015-03-02,1039.0670166015625,2176038
2015-03-03,1080.5616455078125,3424308
2015-03-04,1068.884033203125,3862994
2015-03-05,1049.596435546875,2173514
2015-03-09,1030.27001953125,2883174
2015-03-10,1028.6741943359375,3037052
2015-03-11,1014.602783203125,2240200
2015-03-12,1019.46826171875,1827636
2015-03-13,1005.1831665039062,1586838
2015-03-16,997.3783569335938,1556296
2015-03-17,1005.7085571289062,1267318
2015-03-18,996.2301025390625,1255170
2015-03-19,1010.5931396484375,2448964
2015-03-20,1016.3156127929688,1963908
2015-03-23,1018.72900390625,1566608
2015-03-24,1008.6668090820312,2394878
2015-03-25,1001.8355712890625,2224858
2015-03-26,978.227294921875,3091642
2015-03-27,978.8895263671875,2751776
2015-03-30,998.0983276367188,1339006
2015-03-31,994.128173828125,2427028
2015-04-01,989.729736328125,2075758
2015-04-06,991.539794921875,1568542
2015-04-07,1006.214599609375,1886922
2015-04-08,1028.168212890625,1652134
2015-04-09,1037.179931640625,2544450
2015-04-10,1032.9754638671875,1815544
2015-04-13,1033.656982421875,1308642
2015-04-15,1022.8553466796875,2913934
2015-04-16,1005.3583984375,3217570
2015-04-17,963.3383178710938,9668742
2015-04-20,945.4137573242188,2890722
2015-04-21,944.732666015625,2546032
2015-04-22,951.7582397460938,4186812
2015-04-23,956.4876098632812,4342990
2015-04-24,970.4226684570312,3625158
2015-04-27,973.2064819335938,2733052
2015-04-28,971.181884765625,3088298
2015-04-29,968.1845703125,2019620
2015-04-30,958.9982299804688,3738054
2015-05-04,965.9464721679688,1890630
2015-05-05,980.0762329101562,3255070
2015-05-06,958.7453002929688,3394406
2015-05-07,990.7418823242188,3205028
2015-05-08,983.7352905273438,3003664
2015-05-11,994.9262084960938,2573082
2015-05-12,982.0418701171875,2467386
2015-05-13,979.1223754882812,1863774
2015-05-14,972.8361206054688,1309050
2015-05-15,977.468017578125,1461454
2015-05-18,981.06884765625,4507752
2015-05-19,978.072021484375,1957722
2015-05-20,995.3348388671875,1897814
2015-05-21,994.7315063476562,1579578
2015-05-22,1019.0205688476562,2691632
2015-05-25,1012.4419555664062,982978
2015-05-26,1015.4982299804688,1961740
2015-05-27,1017.9896850585938,1620690
2015-05-28,1015.7510986328125,2763608
2015-05-29,1016.0624389648438,4423532
2015-06-01,1018.96240234375,882264
2015-06-02,1012.0142211914062,3935820
2015-06-03,1016.295654296875,1804684
2015-06-04,1014.2529296875,4131468
2015-06-05,1011.973876953125,2308534
2015-06-08,1012.6025390625,1570320
2015-06-09,1006.3948974609375,2578914
2015-06-10,1021.7559204101562,2763350
2015-06-11,1010.1863403320312,1847336
2015-06-12,984.4533081054688,2571456
2015-06-15,984.060791015625,2525176
2015-06-16,986.8888549804688,1267396
2015-06-17,987.5963745117188,1975720
2015-06-18,993.9805908203125,2165046
2015-06-19,1001.6414184570312,1999610
2015-06-22,1018.1223754882812,1102002
2015-06-23,1011.48291015625,898318
2015-06-24,1009.7933959960938,1170246
2015-06-25,1001.8179931640625,1930992
2015-06-26,1018.6329345703125,1290102
2015-06-29,1018.672607421875,1372756
2015-06-30,1002.1915893554688,1549952
2015-07-01,1018.7507934570312,1279708
2015-07-02,1012.7200317382812,1445880
2015-07-03,1022.9939575195312,963470
2015-07-06,1034.5443115234375,1182338
2015-07-07,1027.8455810546875,1642836
2015-07-08,1019.5367431640625,2667850
2015-07-09,991.0142822265625,3934122
2015-07-10,972.097900390625,8263654
2015-07-13,985.9265747070312,2280308
2015-07-14,981.978271484375,1703274
2015-07-15,1000.1488037109375,2003660
2015-07-16,997.96826171875,1456608
2015-07-17,1007.475830078125,1070526
2015-07-20,1015.4483032226562,853786
2015-07-21,1008.4596557617188,1274500
2015-07-22,995.3295288085938,1320628
2015-07-23,979.79736328125,1496780
2015-07-24,986.3133544921875,1574972
2015-07-27,983.124267578125,2003738
2015-07-28,985.0928955078125,1891188
2015-07-29,986.943359375,2413318
2015-07-30,976.6675415039062,2770574
2015-07-31,988.5181884765625,1963776
2015-08-03,988.0653686523438,1179324
2015-08-04,987.7899780273438,2342692
2015-08-05,1002.8489990234375,988994
2015-08-06,1013.145263671875,2211366
2015-08-07,1004.7793579101562,1188506
2015-08-10,1012.6727905273438,1431182
2015-08-11,1025.311279296875,2200306
2015-08-12,1051.8868408203125,3479784
2015-08-13,1037.6729736328125,1406426
2015-08-14,1064.288818359375,2293964
2015-08-17,1057.0244140625,773644
2015-08-18,1079.1317138671875,1916926
2015-08-19,1076.25732421875,1690070
2015-08-20,1057.851806640625,2349298
2015-08-21,1053.6385498046875,3536080
2015-08-24,1015.25146484375,4692344
2015-08-25,1010.7232666015625,3925800
2015-08-26,1014.5032958984375,3216158
2015-08-27,1013.6766357421875,5264798
2015-08-28,1012.1808471679688,2744152
2015-08-31,1009.5032348632812,3692044
2015-09-01,999.0107421875,2987602
2015-09-02,1020.4288330078125,3765950
2015-09-03,1025.8616943359375,2265074
2015-09-04,1002.9671630859375,2426396
2015-09-07,999.9357299804688,1759184
2015-09-08,1000.1524658203125,1787746
2015-09-09,1003.8731689453125,2045076
2015-09-10,1002.1602783203125,2665818
2015-09-11,1004.758544921875,1592672
2015-09-14,1004.62109375,1589318
2015-09-15,998.9517211914062,1379900
2015-09-16,1004.1095581054688,1756816
2015-09-18,1004.4639282226562,2455294
2015-09-21,1004.3851928710938,1108840
2015-09-22,994.8375854492188,2081246
2015-09-23,997.1400756835938,1228352
2015-09-24,1015.9402465820312,2354254
2015-09-28,1021.1766967773438,2366812
2015-09-29,1019.03125,3325952
2015-09-30,1018.9522094726562,3368336
2015-10-01,1041.2169189453125,2834408
2015-10-05,1067.6153564453125,4807306
2015-10-06,1063.028076171875,3979590
2015-10-07,1044.89794921875,2065530
2015-10-08,1036.9647216796875,2357550
2015-10-09,1035.330810546875,2249724
2015-10-12,1020.7437133789062,2455912
2015-10-13,1023.0864868164062,6179712
2015-10-14,977.8681640625,8337128
2015-10-15,971.5885620117188,3215710
2015-10-16,973.2614135742188,2333828
2015-10-19,979.8564453125,3130642
2015-10-20,994.8175659179688,2695084
2015-10-21,996.0969848632812,1929688
2015-10-23,1001.08837890625,2335398
2015-10-26,1000.8521728515625,1414630
2015-10-27,998.7015991210938,1530420
2015-10-28,997.9121704101562,1255342
2015-10-29,984.5951538085938,3130316
2015-10-30,984.5364990234375,1516696
2015-11-02,993.2765502929688,1319294
2015-11-03,1003.5740966796875,1364906
2015-11-04,999.7665405273438,991434
2015-11-05,979.5842895507812,1596098
2015-11-06,988.698974609375,908024
2015-11-09,975.125732421875,2021556
2015-11-10,969.9176025390625,1361920
2015-11-13,945.947021484375,2743232
2015-11-16,936.9509887695312,2043528
2015-11-17,943.2444458007812,1985028
2015-11-18,927.8163452148438,1520352
2015-11-19,932.1961059570312,1866906
2015-11-20,946.3222045898438,2012126
2015-11-23,943.4415893554688,1088082
2015-11-24,934.3272705078125,998640
2015-11-26,925.4888916015625,2915292
2015-11-27,928.5659790039062,1737206
2015-11-30,936.5364990234375,4100048
2015-12-01,931.939697265625,1721994
2015-12-02,933.24169921875,1640296
2015-12-03,927.540283203125,2283358
2015-12-04,918.721923828125,1246092
2015-12-07,915.328369140625,1382604
2015-12-08,918.9585571289062,1139964
2015-12-09,934.2085571289062,5282806
2015-12-10,940.8767700195312,1723988
2015-12-11,941.4486694335938,1652378
2015-12-14,938.469970703125,2718532
2015-12-15,937.4443359375,1135868
2015-12-16,950.2874755859375,1435934
2015-12-17,962.6573486328125,1618844
2015-12-18,953.601806640625,3024970
2015-12-21,965.281005859375,1610104
2015-12-22,948.9655151367188,1560858
2015-12-23,957.1530151367188,849834
2015-12-24,960.4868774414062,843160
2015-12-28,971.7127685546875,3704198
2015-12-29,968.9902954101562,1708524
2015-12-30,954.1939086914062,1605762
2015-12-31,961.512939453125,1240318
2016-01-01,953.4440307617188,712262
2016-01-04,934.9781494140625,1870184
2016-01-05,926.8301391601562,2678020
2016-01-06,939.7127685546875,2653228
2016-01-07,935.6289672851562,3199580
2016-01-08,946.0259399414062,1907544
2016-01-11,932.1171875,2930228
2016-01-12,918.1890258789062,3482594
2016-01-13,899.3087158203125,4746092
2016-01-14,899.15087890625,2742052
2016-01-15,892.1670532226562,3269408
2016-01-18,898.6970825195312,2213922
2016-01-19,899.34814453125,967910
2016-01-20,899.6641845703125,1615954
2016-01-21,891.713623046875,2675536
2016-01-22,908.029296875,1343178
2016-01-25,911.54931640625,1397560
2016-01-27,917.5217895507812,1626986
2016-01-28,922.05029296875,3106660
2016-01-29,945.8214111328125,2235744
2016-02-01,950.3309936523438,1495274
2016-02-02,948.5113525390625,1475588
2016-02-03,955.7100219726562,1308692
2016-02-04,957.1932373046875,1250046
2016-02-05,957.9444580078125,1402996
2016-02-08,934.6087646484375,1063658
2016-02-09,902.3532104492188,2489610
2016-02-10,897.369873046875,1890732
2016-02-11,869.3467407226562,1962408
2016-02-12,880.6785888671875,2172568
2016-02-15,897.5078735351562,2479712
2016-02-16,896.084228515625,1588702
2016-02-17,900.0394287109375,1585178
2016-02-18,915.9794921875,1529140
2016-02-19,917.4822998046875,879012
2016-02-22,915.9989624023438,1324884
2016-02-23,895.4711303710938,1306852
2016-02-24,874.4886474609375,1659328
2016-02-25,875.2400512695312,1830556
2016-02-26,874.3106079101562,1537536
2016-02-29,860.9813232421875,2191718
2016-03-01,900.4745483398438,1999760
2016-03-02,917.1658325195312,1527486
2016-03-03,938.64306640625,2648284
2016-03-04,932.4724731445312,1512966
2016-03-08,931.1873779296875,1268152
2016-03-09,932.3541870117188,2017784
2016-03-10,928.8142700195312,1661666
2016-03-11,935.5183715820312,1530528
2016-03-14,931.464111328125,1636742
2016-03-15,921.5361328125,1623356
2016-03-16,920.4091796875,1918246
2016-03-17,930.29736328125,2221088
2016-03-18,959.4872436523438,3204070
2016-03-21,967.5555419921875,2336982
2016-03-22,978.1759033203125,1951984
2016-03-23,978.4525756835938,2278434
2016-03-28,978.29443359375,3320882
2016-03-29,976.7122192382812,1838796
2016-03-30,984.6625366210938,2136504
2016-03-31,996.8445434570312,4363964
2016-04-01,970.581298828125,3041400
2016-04-04,977.4440307617188,1752352
2016-04-05,974.0816650390625,1491794
2016-04-06,981.65673828125,1763150
2016-04-07,977.2665405273438,2390942
2016-04-08,961.9393310546875,1399500
2016-04-11,991.445556640625,2400648
2016-04-12,995.9939575195312,1303628
2016-04-13,999.1780395507812,1601468
2016-04-18,996.62744140625,7121504
2016-04-20,969.177490234375,6405024
2016-04-21,958.91357421875,2525724
2016-04-22,956.0067138671875,1964126
2016-04-25,969.5333251953125,2267654
2016-04-26,984.7808227539062,2554368
2016-04-27,993.2056884765625,1848670
2016-04-28,999.791015625,4992744
2016-04-29,1002.8566284179688,2372178
2016-05-02,999.3757934570312,1116692
2016-05-03,980.1536865234375,2153118
2016-05-04,980.1138916015625,1364892
2016-05-05,977.0682983398438,1246566
2016-05-06,978.29443359375,885598
2016-05-09,993.7794189453125,1821276
2016-05-10,997.873046875,1158534
2016-05-11,996.0535888671875,1598716
2016-05-12,1014.99951171875,1513082
2016-05-13,998.0704956054688,1621730
2016-05-16,1009.0463256835938,1111526
2016-05-17,1016.581298828125,1756698
2016-05-18,1009.0270385742188,1500740
2016-05-19,1011.3404541015625,1038792
2016-05-20,1000.4043579101562,1230918
2016-05-23,985.4334716796875,1533016
2016-05-24,976.0399780273438,1339158
2016-05-25,999.2767333984375,1548678
2016-05-26,1008.0772705078125,1943248
2016-05-27,1017.55029296875,1104676
2016-05-30,1042.7650146484375,1349464
2016-05-31,1016.2648315429688,3722608
2016-06-01,1041.63818359375,1911942
2016-06-02,1048.2037353515625,1408756
2016-06-03,1040.055908203125,1554922
2016-06-06,1044.0323486328125,1322026
2016-06-07,1051.485107421875,1202194
2016-06-08,1044.271728515625,938266
2016-06-09,1029.9453125,1562138
2016-06-10,1021.3529052734375,1396832
2016-06-13,1017.8563232421875,1029978
2016-06-14,1013.0010375976562,977570
2016-06-15,1021.7926635742188,1270844
2016-06-16,1022.3722534179688,1145070
2016-06-17,1040.075927734375,1878988
2016-06-20,1062.7347412109375,1872838
2016-06-21,1059.497314453125,1027690
2016-06-22,1066.0716552734375,1761712
2016-06-23,1057.1595458984375,1397014
2016-06-24,1028.6265869140625,3766586
2016-06-27,997.4153442382812,4272566
2016-06-28,984.667236328125,4499524
2016-06-29,1000.2326049804688,2531264
2016-06-30,1020.2943725585938,5121812
2016-07-01,999.4135131835938,2197296
2016-07-04,996.755859375,1883484
2016-07-05,993.1993408203125,1559748
2016-07-07,971.0198974609375,3316800
2016-07-08,969.7409057617188,2456356
2016-07-11,984.7469482421875,1543632
2016-07-12,985.06689453125,1465536
2016-07-13,996.316650390625,2102300
2016-07-14,1007.8258056640625,2699988
2016-07-15,977.234130859375,8336366
2016-07-18,972.478515625,2598850
2016-07-19,985.5662841796875,2362896
2016-07-20,997.0557861328125,2815252
2016-07-21,1001.4912719726562,2527148
2016-07-22,1005.1085205078125,1517216
2016-07-25,1025.2821044921875,1688796
2016-07-26,1022.7374877929688,2311290
2016-07-27,1032.734375,1750510
2016-07-28,1049.44189453125,4632080
2016-07-29,1049.4619140625,2488084
2016-08-01,1085.1009521484375,3961704
2016-08-02,1081.474853515625,2578162
2016-08-03,1064.28662109375,2294702
2016-08-04,1062.5635986328125,1415416
2016-08-05,1061.4014892578125,1868484
2016-08-08,1061.56201171875,2058244
2016-08-09,1061.84228515625,2261914
2016-08-10,1071.939453125,2062078
2016-08-11,1085.7623291015625,2233138
2016-08-12,1097.2010498046875,2327358
2016-08-16,1078.469970703125,3183754
2016-08-17,1051.565185546875,1848566
2016-08-18,1057.17431640625,1292064
2016-08-19,1043.13134765625,2416244
2016-08-22,1021.1746826171875,2265274
2016-08-23,1042.14990234375,1503374
2016-08-24,1030.530517578125,1116878
2016-08-25,1022.116455078125,1939690
2016-08-26,1011.6591186523438,1250314
2016-08-29,1001.8827514648438,1488728
2016-08-30,1019.3513793945312,1444026
2016-08-31,1006.1900634765625,3231668
2016-09-01,1004.6677856445312,1345736
2016-09-02,1007.5923461914062,1742330
2016-09-06,995.2716674804688,2239066
2016-09-07,977.8429565429688,3854040
2016-09-08,930.3841552734375,7021516
2016-09-09,942.5444946289062,2742438
2016-09-12,945.1886596679688,2024454
2016-09-14,932.92822265625,2069858
2016-09-15,932.3272705078125,2818964
2016-09-16,946.2506103515625,4358004
2016-09-19,966.183837890625,2802546
2016-09-20,964.2000732421875,1184552
2016-09-21,966.9649047851562,1678020
2016-09-22,952.7810668945312,2857574
2016-09-23,960.834716796875,1800726
2016-09-26,962.03662109375,1753476
2016-09-27,976.0599975585938,2038792
2016-09-28,970.8316650390625,1731328
2016-09-29,976.7410278320312,3603958
2016-09-30,973.9363403320312,2175364
2016-10-03,966.2838134765625,1818880
2016-10-04,963.6595458984375,1780718
2016-10-05,956.1272583007812,1176354
2016-10-06,957.088134765625,2267572
2016-10-07,948.6946411132812,1816512
2016-10-10,953.702880859375,1202142
2016-10-13,933.10888671875,5173334
2016-10-14,948.0537109375,7741214
2016-10-17,946.5508422851562,2728346
2016-10-18,961.6762084960938,2128632
2016-10-19,959.6328125,1985058
2016-10-20,962.056884765625,1265854
2016-10-21,973.0752563476562,1259660
2016-10-24,975.3045043945312,1253190
2016-10-25,963.5538330078125,1772466
2016-10-26,962.6699829101562,1437130
2016-10-27,971.4478149414062,2941602
2016-10-28,963.654052734375,1752102
2016-11-01,944.0895385742188,2934776
2016-11-02,925.6294555664062,2325076
2016-11-03,931.8167114257812,1463310
2016-11-04,936.275634765625,1183752
2016-11-07,914.78271484375,2048052
2016-11-08,917.2532958984375,1933634
2016-11-09,871.716064453125,4500226
2016-11-10,865.9308471679688,2172426
2016-11-11,844.1163330078125,2398424
2016-11-15,852.21142578125,6290324
2016-11-16,879.6505126953125,4019958
2016-11-17,858.5991821289062,2504688
2016-11-18,853.7380981445312,2140534
2016-11-21,856.8715209960938,1793366
2016-11-22,857.7155151367188,1318860
2016-11-23,866.29248046875,1275808
2016-11-24,879.1883544921875,3026234
2016-11-25,924.1431884765625,4276148
2016-11-28,917.0121459960938,1924296
2016-11-29,907.87255859375,1442296
2016-11-30,914.381103515625,3445832
2016-12-01,909.31884765625,1123052
2016-12-02,892.6066284179688,1998032
2016-12-05,878.2040405273438,2249526
2016-12-06,876.7377319335938,1593444
2016-12-07,865.5693969726562,2065706
2016-12-08,882.1210327148438,3239546
2016-12-09,881.9202270507812,1588718
2016-12-12,887.1224365234375,1311758
2016-12-13,883.9490356445312,2147534
2016-12-14,886.8815307617188,1870366
2016-12-15,907.6516723632812,4295410
2016-12-16,917.0321655273438,1987230
2016-12-19,919.54296875,1334210
2016-12-20,939.7907104492188,2922760
2016-12-21,929.4662475585938,2034902
2016-12-22,927.095947265625,1868300
2016-12-23,919.2217407226562,1118954
2016-12-26,921.2303466796875,897408
2016-12-27,933.4034423828125,1294692
2016-12-28,929.3857421875,1350418
2016-12-29,944.7723999023438,1963516
2016-12-30,950.3369140625,1405748
2017-01-02,948.6494750976562,823132
2017-01-03,951.42138671875,1475324
2017-01-04,955.9407958984375,1420066
2017-01-05,937.8224487304688,2216404
2017-01-06,916.530029296875,3009896
2017-01-09,925.4890747070312,1854578
2017-01-10,930.1690673828125,1533914
2017-01-11,933.8052368164062,1931296
2017-01-12,941.8197631835938,2570374
2017-01-13,903.6345825195312,10235580
2017-01-16,907.3504638671875,3364808
2017-01-17,915.46533203125,3009956
2017-01-18,922.0338745117188,3136574
2017-01-19,920.3868408203125,2251676
2017-01-20,918.116943359375,2037246
2017-01-23,929.33740234375,2318546
2017-01-24,934.0311889648438,2282638
2017-01-25,947.9908447265625,4111648
2017-01-27,949.9249877929688,2871658
2017-01-30,939.892822265625,2577956
2017-01-31,898.3554077148438,4666804
2017-02-01,873.4168090820312,4864152
2017-02-02,889.4315795898438,6009482
2017-02-03,899.4632568359375,2153372
2017-02-06,902.7670288085938,2408910
2017-02-07,904.3179931640625,1814638
2017-02-08,914.9343872070312,2212584
2017-02-09,933.6080322265625,4033202
2017-02-10,966.100341796875,5782160
2017-02-13,972.667724609375,3819812
2017-02-14,969.4447631835938,2033328
2017-02-15,972.446044921875,1924972
2017-02-16,986.1642456054688,4175680
2017-02-17,970.1095581054688,2723324
2017-02-20,1008.101806640625,3973948
2017-02-21,993.255126953125,5501112
2017-02-22,971.5599365234375,4505496
2017-02-23,999.8822631835938,4853352
2017-02-27,1003.1258544921875,2139892
2017-02-28,993.6180419921875,2354828
2017-03-01,998.9762573242188,1130374
2017-03-02,1007.79931640625,1544942
2017-03-03,1004.8179931640625,1013970
2017-03-06,996.1359252929688,1400694
2017-03-07,1007.134765625,1511672
2017-03-08,1012.1304321289062,1791510
2017-03-09,1015.1722412109375,858468
2017-03-10,1024.2374267578125,1171420
2017-03-14,1034.40966796875,3402294
2017-03-15,1006.5305786132812,3022496
2017-03-16,1015.6356811523438,1571818
2017-03-17,1017.5896606445312,2593152
2017-03-20,999.1575927734375,3487540
2017-03-21,1001.8568115234375,3373700
2017-03-22,998.7344970703125,1888716
2017-03-23,991.2406005859375,2620638
2017-03-24,977.8853149414062,5099814
2017-03-27,971.781494140625,2181270
2017-03-28,978.9931030273438,1153158
2017-03-29,984.895263671875,1717764
2017-03-30,983.4448852539062,2986086
2017-03-31,979.7384033203125,1867044
2017-04-03,971.6400756835938,1196888
2017-04-05,967.4303588867188,2905568
2017-04-06,966.9467163085938,1720704
2017-04-07,978.6304321289062,2277012
2017-04-10,975.8906860351562,2543264
2017-04-11,974.702392578125,1557784
2017-04-12,964.2069702148438,1050538
2017-04-13,938.180908203125,2500472
2017-04-17,932.621337890625,2270882
2017-04-18,930.18359375,1730620
2017-04-19,926.295654296875,5626812
2017-04-20,936.9115600585938,1268842
2017-04-21,930.9892578125,1161154
2017-04-24,937.958984375,2000020
2017-04-25,931.2714233398438,3148710
2017-04-26,930.8079833984375,2187438
2017-04-27,927.705810546875,5773186
2017-04-28,915.8203125,2540510
2017-05-02,922.5689697265625,2382696
2017-05-03,941.665771484375,3514406
2017-05-04,938.7648315429688,2708208
2017-05-05,934.8974609375,1682474
2017-05-08,943.7407836914062,1071782
2017-05-09,947.8096313476562,1790270
2017-05-10,939.711669921875,1206388
2017-05-11,946.5606079101562,2071302
2017-05-12,951.0731811523438,2314446
2017-05-15,952.8660278320312,1817604
2017-05-16,978.670654296875,3601026
2017-05-17,989.2264404296875,2876198
2017-05-18,1021.7998657226562,5138594
2017-05-19,1010.095458984375,1786044
2017-05-22,1019.845703125,1663940
2017-05-23,1015.957763671875,2748596
2017-05-24,1031.0458984375,2534548
2017-05-25,1057.414794921875,4094094
2017-05-26,1038.7415771484375,1362550
2017-05-29,1036.565673828125,1749290
2017-05-30,1027.8026123046875,927634
2017-05-31,1025.98974609375,2502730
2017-06-01,1028.81005859375,1080064
2017-06-02,1033.3624267578125,1355648
2017-06-05,1049.0953369140625,1500188
2017-06-06,1086.1807861328125,5946720
2017-06-07,1053.6480712890625,4927776
2017-06-08,1015.9177856445312,3330714
2017-06-09,1010.0357666015625,3148034
2017-06-12,1002.0581665039062,1626506
2017-06-13,998.7382202148438,1175414
2017-06-14,1006.3358764648438,1489142
2017-06-15,982.2999267578125,2997198
2017-06-16,977.6146850585938,2450426
2017-06-19,990.6515502929688,1644742
2017-06-20,996.06982421875,1670958
2017-06-21,980.303466796875,1657818
2017-06-22,975.6390991210938,5775882
2017-06-23,962.13427734375,1424756
2017-06-27,954.4545288085938,1974330
2017-06-28,957.3880004882812,1789726
2017-06-29,950.5441284179688,2471826
2017-06-30,962.39892578125,1753848
2017-07-03,966.9822998046875,1475956
2017-07-04,964.2321166992188,1215134
2017-07-05,959.8117065429688,815856
2017-07-06,956.3695068359375,1026788
2017-07-07,950.0140991210938,1232090
2017-07-10,991.975341796875,783608
2017-07-11,1008.617431640625,3537504
2017-07-12,993.80859375,2646450
2017-07-13,996.6400756835938,3131960
2017-07-14,976.6983642578125,4508432
2017-07-17,975.8829345703125,2211822
2017-07-18,981.1388549804688,1908002
2017-07-19,997.9434814453125,3915576
2017-07-20,995.9473876953125,1182504
2017-07-21,1014.8909912109375,2148416
2017-07-24,1033.887939453125,2271402
2017-07-25,1050.556396484375,2678832
2017-07-26,1044.22412109375,1459826
2017-07-27,1013.8699340820312,4255304
2017-07-28,1014.9320678710938,1382752
2017-07-31,1017.9959716796875,2019662
2017-08-01,1022.02001953125,1747460
2017-08-02,1010.6421508789062,1251024
2017-08-03,1017.0359497070312,1882548
2017-08-04,1030.6610107421875,1387890
2017-08-07,1022.7554321289062,1885520
2017-08-08,1022.5922241210938,1073958
2017-08-09,1026.2486572265625,992946
2017-08-10,1026.023681640625,1526172
2017-08-11,1019.7323608398438,1394736
2017-08-14,1008.8447875976562,786504
2017-08-16,1018.220458984375,1373340
2017-08-17,1015.4832763671875,1752374
2017-08-18,1026.983642578125,2837356
2017-08-21,1033.112060546875,2304834
2017-08-22,1020.3450317382812,1131326
2017-08-23,1017.0359497070312,1562272
2017-08-24,1019.9566650390625,1623908
2017-08-28,1016.1571655273438,2036796
2017-08-29,1009.4370727539062,1312602
2017-08-30,1015.0341186523438,970782
2017-08-31,1019.8545532226562,1784664
2017-09-01,1003.5540771484375,1702330
2017-09-04,1003.4522094726562,1062544
2017-09-05,1014.9525756835938,1165994
2017-09-06,1002.2261962890625,1228764
2017-09-07,1005.0453491210938,870636
2017-09-08,1009.3348388671875,1021134
2017-09-11,1002.737060546875,732764
2017-09-12,1016.6270141601562,1396460
2017-09-13,1016.9336547851562,1278980
2017-09-14,1016.014404296875,1081510
2017-09-15,1023.8173828125,2944072
2017-09-18,1020.9576416015625,726600
2017-09-19,1020.631103515625,782754
2017-09-20,1018.7110595703125,1334642
2017-09-21,1031.5181884765625,2438740
2017-09-22,1022.81689453125,2435396
2017-09-25,1025.7381591796875,1599558
2017-09-26,1010.989501953125,1449230
2017-09-27,1019.30322265625,2010356
2017-09-28,1011.7249755859375,4332866
2017-09-29,995.1790771484375,1985014
2017-10-03,1000.2857055664062,1923006
2017-10-04,997.7732543945312,1300778
2017-10-05,992.5851440429688,1684686
2017-10-06,999.5502319335938,1389188
2017-10-09,1002.59423828125,1773616
2017-10-10,1004.6980590820312,1222010
2017-10-11,1021.4891967773438,1527746
2017-10-12,1041.03759765625,5006356
2017-10-13,1045.286376953125,4066320
2017-10-16,1055.8265380859375,1218590
2017-10-17,1059.973388671875,1443016
2017-10-18,1056.725341796875,1514144
2017-10-19,1055.622314453125,86822
2017-10-23,1057.2564697265625,1886088
2017-10-24,1053.3753662109375,1339020
2017-10-25,1048.664306640625,1105106
2017-10-26,1040.04150390625,3007552
2017-10-27,1058.659912109375,1409270
2017-10-30,1071.727783203125,1137252
2017-10-31,1074.92333984375,1592634
2017-11-01,1066.2587890625,741882
2017-11-02,1075.8037109375,1468422
2017-11-03,1073.3255615234375,666886
2017-11-06,1091.944091796875,1377000
2017-11-07,1110.173583984375,2696892
2017-11-08,1120.39453125,1402252
2017-11-09,1120.967529296875,1152432
2017-11-10,1109.64111328125,1356566
2017-11-13,1130.2054443359375,1496996
2017-11-14,1112.0372314453125,1657252
2017-11-15,1108.2274169921875,6670834
2017-11-16,1125.1666259765625,1653482
2017-11-17,1109.0472412109375,1325464
2017-11-20,1107.4697265625,1014498
2017-11-21,1094.9754638671875,1527740
2017-11-22,1098.1295166015625,1822624
2017-11-23,1098.375244140625,793470
2017-11-24,1101.1610107421875,2287512
2017-11-27,1100.259765625,1856786
2017-11-28,1100.03466796875,911716
2017-11-29,1088.9127197265625,1447532
2017-11-30,1080.2484130859375,4299962
2017-12-01,1077.3602294921875,1031144
2017-12-04,1078.343505859375,1259104
2017-12-05,1079.6549072265625,1167914
2017-12-06,1078.7327880859375,1407518
2017-12-07,1072.1578369140625,1326300
2017-12-08,1065.7060546875,1385548
2017-12-11,1090.12109375,1008002
2017-12-12,1070.0692138671875,1882246
2017-12-13,1076.725341796875,2961458
2017-12-14,1047.8043212890625,5504150
2017-12-15,1042.806640625,2718138
2017-12-18,1057.1029052734375,2180664
2017-12-19,1054.9735107421875,1801952
2017-12-20,1060.564453125,1577570
2017-12-21,1063.3297119140625,1293648
2017-12-22,1084.2423095703125,3665664
2017-12-26,1085.3486328125,2175786
2017-12-27,1073.2435302734375,739284
2017-12-28,1076.1314697265625,2605088
2017-12-29,1106.5478515625,2609542
2018-01-01,1083.7716064453125,1351760
2018-01-02,1077.8724365234375,1920290
2018-01-03,1080.9244384765625,1257120
2018-01-04,1088.482666015625,913082
2018-01-05,1101.632080078125,1153706
2018-01-08,1111.955810546875,1242220
2018-01-09,1109.7431640625,2149396
2018-01-10,1149.7252197265625,3365850
2018-01-11,1143.1298828125,2520744
2018-01-12,1137.33349609375,3360314
2018-01-15,1124.94140625,1457214
2018-01-16,1167.852783203125,4267752
2018-01-17,1183.4599609375,4280806
2018-01-18,1195.4423828125,2209478
2018-01-19,1212.2786865234375,1820000
2018-01-22,1279.66162109375,4367110
2018-01-23,1273.7489013671875,3239610
2018-01-24,1303.5599365234375,5621538
2018-01-25,1281.5716552734375,3833844
2018-01-29,1313.5177001953125,3141060
2018-01-30,1294.629150390625,1574758
2018-01-31,1277.9990234375,3043214
2018-02-01,1288.7779541015625,2400630
2018-02-02,1294.9576416015625,2456490
2018-02-05,1274.241455078125,2757742
2018-02-06,1230.7364501953125,2657306
2018-02-07,1213.4083251953125,2180324
2018-02-08,1221.2716064453125,2755004
2018-02-09,1220.2451171875,2102458
2018-02-12,1218.438232421875,1974562
2018-02-14,1195.6485595703125,2847532
2018-02-15,1201.41748046875,2465236
2018-02-16,1204.374267578125,2515756
2018-02-19,1200.494140625,1568224
2018-02-20,1209.17822265625,1889068
2018-02-21,1249.2347412109375,3089228
2018-02-22,1252.4786376953125,3463010
2018-02-23,1262.990478515625,3362500
2018-02-26,1244.8822021484375,1363882
2018-02-27,1249.25537109375,1717800
2018-02-28,1246.2576904296875,2706864
2018-03-01,1247.3455810546875,1718124
2018-03-05,1275.329833984375,2858168
2018-03-06,1249.43994140625,1906764
2018-03-07,1243.13720703125,1917772
2018-03-08,1233.4873046875,1951826
2018-03-09,1245.86767578125,1872436
2018-03-12,1253.279541015625,2091340
2018-03-13,1185.3831787109375,88067154
2018-03-14,1185.4241943359375,3668668
2018-03-15,1178.361572265625,2348906
2018-03-16,1160.2940673828125,7197482
2018-03-19,1162.470703125,3489940
2018-03-20,1176.370361328125,4024984
2018-03-21,1173.0439453125,3907678
2018-03-22,1162.6141357421875,2326094
2018-03-23,1157.1939697265625,3654122
2018-03-26,1156.7220458984375,2964210
2018-03-27,1169.32763671875,2494574
2018-03-28,1169.92333984375,6865654
2018-04-02,1194.765869140625,1662988
2018-04-03,1195.423095703125,1937290
2018-04-04,1195.2786865234375,2841820
2018-04-05,1214.5986328125,1809424
2018-04-06,1211.45751953125,1129018
2018-04-09,1200.6173095703125,1235866
2018-04-10,1206.242431640625,1184532
2018-04-11,1237.67578125,3124416
2018-04-12,1289.0443115234375,6114360
2018-04-13,1294.813720703125,8179118
2018-04-16,1308.9189453125,6270274
2018-04-17,1300.2755126953125,3301724
2018-04-18,1297.195556640625,2433066
2018-04-19,1310.3558349609375,4820952
2018-04-20,1397.1202392578125,18465662
2018-04-23,1399.6658935546875,15185910
2018-04-24,1390.2220458984375,8314336
2018-04-25,1424.9603271484375,8196574
2018-04-26,1453.2933349609375,12135034
2018-04-27,1417.446044921875,4501330
2018-04-30,1450.3575439453125,3458558
2018-05-02,1437.0738525390625,3158046
2018-05-03,1429.723388671875,3761550
2018-05-04,1429.2720947265625,2347244
2018-05-07,1404.716552734375,3484426
2018-05-08,1413.0323486328125,2992820
2018-05-09,1432.783203125,2615050
2018-05-10,1417.158447265625,3858678
2018-05-11,1419.4989013671875,2627876
2018-05-14,1409.8907470703125,2433894
2018-05-15,1429.9495849609375,1952890
2018-05-16,1434.67138671875,1648450
2018-05-17,1433.8094482421875,2968048
2018-05-18,1438.0181884765625,1874996
2018-05-21,1460.4791259765625,3446178
2018-05-22,1440.8309326171875,1857416
2018-05-23,1435.1646728515625,1507298
2018-05-24,1479.7581787109375,2962316
2018-05-25,1472.40771484375,3769772
2018-05-28,1438.0181884765625,3716798
2018-05-29,1446.8260498046875,3525312
2018-05-30,1442.9661865234375,3779106
2018-05-31,1441.7239990234375,5049371
2018-06-01,1434.6026611328125,1603856
2018-06-04,1444.3741455078125,1681483
2018-06-05,1425.6180419921875,2449568
2018-06-06,1429.0546875,2236512
2018-06-07,1437.1697998046875,2414762
2018-06-08,1446.73388671875,2582138
2018-06-11,1448.88671875,2179378
2018-06-12,1474.8055419921875,4608875
2018-06-13,1510.49609375,5370983
2018-06-14,1480.2294921875,3819998
2018-06-15,1523.703369140625,9183574
2018-06-18,1514.5535888671875,4674987
2018-06-19,1510.8271484375,3245034
2018-06-20,1509.129638671875,3107695
2018-06-21,1506.562255859375,2910659
2018-06-22,1498.65478515625,2949458
2018-06-25,1506.4798583984375,2083217
2018-06-26,1533.599365234375,4679712
2018-06-27,1538.56787109375,4081208
2018-06-28,1525.898193359375,4888125
2018-06-29,1530.0797119140625,3506276
2018-07-02,1533.060791015625,2650290
2018-07-03,1551.8583984375,3242233
2018-07-04,1545.316650390625,2700614
2018-07-05,1557.0335693359375,2472571
2018-07-06,1584.070556640625,3713781
2018-07-09,1559.269287109375,6151747
2018-07-10,1552.727783203125,5303302
2018-07-11,1639.510498046875,22903802
2018-07-12,1632.43017578125,6921701
2018-07-13,1640.503662109375,4148185
2018-07-16,1647.2115478515625,2582159
2018-07-17,1661.2757568359375,3315492
2018-07-18,1659.699462890625,2013869
2018-07-19,1644.0582275390625,1746318
2018-07-20,1656.67041015625,1934995
2018-07-23,1664.179931640625,2086201
2018-07-24,1658.661865234375,2038423
2018-07-25,1644.14111328125,1535492
2018-07-26,1630.2017822265625,3503036
2018-07-27,1612.818603515625,2033977
2018-07-30,1613.5235595703125,1579251
2018-07-31,1609.873046875,2204803
2018-08-01,1639.9927978515625,2425180
2018-08-02,1616.6768798828125,1509287
2018-08-03,1642.4404296875,1505131
2018-08-06,1639.2044677734375,1532249
2018-08-07,1632.400390625,1353521
2018-08-08,1637.91845703125,1315062
2018-08-09,1638.208740234375,2060297
2018-08-10,1653.766357421875,2784105
2018-08-13,1659.6160888671875,3559575
2018-08-14,1662.437744140625,3311765
2018-08-16,1666.5443115234375,2152065
2018-08-17,1670.0709228515625,1213731
2018-08-20,1667.747802734375,1587032
2018-08-21,1674.1365966796875,1376866
2018-08-23,1688.61572265625,3046791
2018-08-24,1695.1710205078125,1570533
2018-08-27,1701.725830078125,1532702
2018-08-28,1716.9100341796875,1987983
2018-08-29,1719.2332763671875,1525867
2018-08-30,1727.8629150390625,2408020
2018-08-31,1724.5439453125,2504554
2018-09-03,1703.385498046875,1439711
2018-09-04,1741.553466796875,4420803
2018-09-05,1725.2491455078125,1681106
2018-09-06,1721.9716796875,2238097
2018-09-07,1725.7469482421875,1312182
2018-09-10,1726.49365234375,1530539
2018-09-11,1697.8675537109375,3679745
2018-09-12,1695.9591064453125,2307661
2018-09-14,1713.75732421875,3642038
2018-09-17,1721.0172119140625,1033857
2018-09-18,1718.1962890625,1456507
2018-09-19,1724.1287841796875,1301268
2018-09-21,1745.0797119140625,4508530
2018-09-24,1824.1549072265625,3032226
2018-09-25,1811.5009765625,2868778
2018-09-26,1777.440185546875,1970951
2018-09-27,1816.1893310546875,3311802
2018-09-28,1811.9158935546875,2904371
2018-10-01,1871.533203125,3772208
2018-10-03,1794.61572265625,3902322
2018-10-04,1713.259521484375,4762419
2018-10-05,1744.6646728515625,3417624
2018-10-08,1723.838623046875,2010154
2018-10-09,1735.6627197265625,1867130
2018-10-10,1695.668701171875,2749573
2018-10-11,1642.855224609375,4700256
2018-10-12,1591.7015380859375,9373289
2018-10-15,1617.5897216796875,2638151
2018-10-16,1628.2100830078125,2815425
2018-10-17,1600.911865234375,2779207
2018-10-19,1587.4696044921875,3428776
2018-10-22,1579.006591796875,1778496
2018-10-23,1532.983154296875,2752811
2018-10-24,1537.0159912109375,2735913
2018-10-25,1540.7579345703125,2507233
2018-10-26,1495.940185546875,2285970
2018-10-29,1555.724609375,2609483
2018-10-30,1575.513916015625,2404883
2018-10-31,1611.559814453125,2769190
2018-11-01,1609.5635986328125,2769759
2018-11-02,1591.0213623046875,1818635
2018-11-05,1572.2301025390625,1713366
2018-11-06,1607.0274658203125,1398710
2018-11-07,1614.8853759765625,144530
2018-11-09,1587.48779296875,2570479
2018-11-12,1592.1856689453125,2552008
2018-11-13,1608.8985595703125,1418432
2018-11-14,1563.7486572265625,2422318
2018-11-15,1557.2630615234375,1829123
2018-11-16,1568.69580078125,1829729
2018-11-19,1581.875,1740628
2018-11-20,1561.7529296875,1190182
2018-11-21,1506.666259765625,3840461
2018-11-22,1507.1234130859375,3194219
2018-11-26,1535.02001953125,4333177
2018-11-27,1571.7305908203125,3344839
2018-11-28,1649.6002197265625,5313249
2018-11-29,1630.1849365234375,4035441
2018-11-30,1636.5872802734375,5268901
2018-12-03,1648.352783203125,1610576
2018-12-04,1672.0086669921875,3270615
2018-12-05,1668.599853515625,2501539
2018-12-06,1656.9171142578125,2321216
2018-12-07,1658.9957275390625,1680420
2018-12-10,1642.8656005859375,2010786
2018-12-11,1662.987060546875,2942014
2018-12-12,1676.95654296875,2219993
2018-12-13,1648.5191650390625,3748429
2018-12-14,1654.4644775390625,2473761
2018-12-17,1658.2479248046875,1227921
2018-12-18,1652.8848876953125,1768742
2018-12-19,1636.753662109375,2498833
2018-12-20,1624.7801513671875,1940277
2018-12-21,1576.3455810546875,3729956
2018-12-24,1595.220703125,1864116
2018-12-26,1570.8575439453125,2446614
2018-12-27,1587.280029296875,4968201
2018-12-28,1576.5535888671875,2239130
2018-12-31,1574.0592041015625,1879740
2019-01-01,1582.1658935546875,1094883
2019-01-02,1599.2119140625,2100463
2019-01-03,1579.79638671875,2611668
2019-01-04,1560.5888671875,4280862
2019-01-07,1578.0919189453125,1856423
2019-01-08,1574.4749755859375,1691756
2019-01-09,1568.98681640625,2414376
2019-01-10,1570.3173828125,3053461
2019-01-11,1532.0687255859375,9209862
2019-01-14,1507.70556640625,3615370
2019-01-15,1553.063720703125,7711653
2019-01-16,1555.0177001953125,2359280
2019-01-17,1578.474365234375,2625816
2019-01-18,1583.7657470703125,1683728
2019-01-21,1590.4737548828125,2409803
2019-01-22,1584.8072509765625,2457093
2019-01-23,1562.8922119140625,2578169
2019-01-24,1584.5157470703125,1962927
2019-01-25,1600.556396484375,2327080
2019-01-28,1629.054443359375,2769033
2019-01-29,1652.1778564453125,2557626
2019-01-30,1651.0526123046875,2429575
2019-01-31,1678.301025390625,4094319
2019-02-01,1691.508544921875,3064163
2019-02-04,1708.424072265625,1590764
2019-02-05,1703.6744384765625,1111404
2019-02-06,1728.880615234375,1789812
2019-02-07,1735.630126953125,1339945
2019-02-08,1717.71484375,1684474
2019-02-11,1721.4649658203125,1778730
2019-02-12,1709.548583984375,2422903
2019-02-14,1703.716064453125,1724085
2019-02-15,1691.2996826171875,1930065
2019-02-18,1641.8031005859375,2942184
2019-02-19,1587.2242431640625,4408554
2019-02-20,1595.5150146484375,4645778
2019-02-21,1595.0567626953125,4683919
2019-02-22,1604.59765625,2271955
2019-02-25,1654.1776123046875,2934880
2019-02-26,1698.799560546875,6453309
2019-02-27,1714.9652099609375,4732082
2019-02-28,1652.7611083984375,8454295
2019-03-01,1662.7183837890625,4148548
2019-03-05,1656.6356201171875,2449622
2019-03-06,1666.21875,2635047
2019-03-07,1677.63427734375,2539884
2019-03-08,1685.467041015625,2031071
2019-03-11,1678.8846435546875,3111689
2019-03-12,1676.9261474609375,2658550
2019-03-13,1666.96875,1833163
2019-03-14,1656.052490234375,1905495
2019-03-15,1699.84130859375,5184318
2019-03-18,1685.5506591796875,2349915
2019-03-19,1685.5506591796875,2373993
2019-03-20,1679.09228515625,3091165
2019-03-22,1671.259765625,3148149
2019-03-25,1653.427490234375,2429205
2019-03-26,1652.0943603515625,2316539
2019-03-27,1639.8035888671875,2266166
2019-03-28,1666.8018798828125,4054489
2019-04-01,1692.925048828125,2095740
2019-04-02,1732.63037109375,3719663
2019-04-03,1732.63037109375,2939886
2019-04-04,1678.6343994140625,4397518
2019-04-05,1706.799072265625,3152103
2019-04-08,1725.5059814453125,2194294
2019-04-09,1742.79638671875,2690970
2019-04-10,1700.091064453125,3313062
2019-04-11,1682.8006591796875,3422442
2019-04-12,1678.6343994140625,3198471
2019-04-15,1760.9622802734375,9189201
2019-04-16,1776.3779296875,5771952
2019-04-18,1791.584716796875,3413728
2019-04-22,1801.0845947265625,2007135
2019-04-23,1795.7513427734375,2163524
2019-04-24,1819.4158935546875,3003071
2019-04-25,1829.040771484375,4211526
2019-04-26,1865.330078125,2716958
2019-04-30,1883.4949951171875,3488395
2019-05-02,1846.038818359375,2457699
2019-05-03,1776.5443115234375,3780886
2019-05-06,1798.0841064453125,2891422
2019-05-07,1793.16796875,2201698
2019-05-08,1793.91796875,1824895
2019-05-09,1810.333740234375,2264162
2019-05-10,1779.7103271484375,2039633
2019-05-13,1773.8359375,1701744
2019-05-14,1743.5050048828125,2456110
2019-05-15,1746.0462646484375,2346876
2019-05-16,1757.170166015625,1946529
2019-05-17,1746.0880126953125,1947908
2019-05-20,1786.5020751953125,2625116
2019-05-21,1758.0037841796875,1863157
2019-05-22,1734.6722412109375,2595795
2019-05-23,1711.59033203125,2541294
2019-05-24,1706.5489501953125,2274208
2019-05-27,1712.5067138671875,2329820
2019-05-28,1728.0062255859375,5872979
2019-05-29,1756.170654296875,3281320
2019-05-30,1788.460205078125,4971725
2019-05-31,1830.332275390625,4265370
2019-06-03,1868.454345703125,3682419
2019-06-04,1833.8455810546875,2408658
2019-06-06,1819.5653076171875,3735467
2019-06-07,1832.7115478515625,2659446
2019-06-10,1874.5028076171875,2080593
2019-06-11,1892.39501953125,3048937
2019-06-12,1899.19921875,2404448
2019-06-13,1893.4874267578125,3320916
2019-06-14,1893.82373046875,2131408
2019-06-17,1889.37109375,1489497
2019-06-18,1890.75732421875,1877447
2019-06-19,1898.3592529296875,1652817
2019-06-20,1913.5225830078125,2199377
2019-06-21,1889.9169921875,3871804
2019-06-24,1911.4635009765625,1382424
2019-06-25,1904.9951171875,1386077
2019-06-26,1893.5709228515625,1762224
2019-06-27,1892.185302734375,2813464
2019-06-28,1870.8909912109375,2372928
2019-07-01,1881.2650146484375,2769940
2019-07-02,1891.8065185546875,1771746
2019-07-03,1879.6685791015625,1656881
2019-07-04,1883.8687744140625,984140
2019-07-05,1817.0458984375,4088470
2019-07-08,1827.3778076171875,2788062
2019-07-09,1792.0548095703125,3977224
2019-07-10,1770.9283447265625,6343581
2019-07-11,1766.1822509765625,2400346
2019-07-12,1770.424560546875,1560725
2019-07-15,1802.4288330078125,2900415
2019-07-16,1773.2120361328125,2735399
2019-07-17,1782.6846923828125,1802969
2019-07-18,1739.49072265625,3072096
2019-07-19,1748.7528076171875,1953177
2019-07-22,1776.495849609375,1920167
2019-07-23,1778.64306640625,3538588
2019-07-24,1765.4658203125,2413196
2019-07-25,1791.652099609375,2544464
2019-07-26,1775.7802734375,1720592
2019-07-29,1793.4202880859375,1647090
2019-07-30,1834.8031005859375,2851672
2019-07-31,1857.1578369140625,3000677
2019-08-01,1835.56103515625,2375236
2019-08-02,1856.8206787109375,2500816
2019-08-05,1893.2791748046875,3039682
2019-08-06,1864.904052734375,2885467
2019-08-07,1863.683349609375,2165362
2019-08-08,1901.2774658203125,2073298
2019-08-09,1891.2999267578125,1744550
2019-08-13,1851.8956298828125,1647281
2019-08-14,1856.06298828125,1945002
2019-08-16,1822.9736328125,3755507
2019-08-19,1821.2054443359375,974884
2019-08-20,1841.2022705078125,1843611
2019-08-21,1840.73876953125,1214408
2019-08-22,1865.830322265625,2131601
2019-08-23,1892.520751953125,2826425
2019-08-26,1916.6016845703125,2345475
2019-08-27,1883.0904541015625,3432106
2019-08-28,1885.4068603515625,1294621
2019-08-29,1880.522705078125,1670652
2019-08-30,1902.5406494140625,2583625
2019-09-03,1895.8045654296875,2545060
2019-09-04,1890.5841064453125,2228092
2019-09-05,1865.240966796875,2055943
2019-09-06,1850.2535400390625,1890550
2019-09-09,1837.918701171875,1703945
2019-09-11,1813.627197265625,2627440
2019-09-12,1796.4512939453125,2118859
2019-09-13,1803.4814453125,2291174
2019-09-16,1810.259765625,2597948
2019-09-17,1787.2313232421875,2796530
2019-09-18,1800.6187744140625,1454663
2019-09-19,1769.8021240234375,1652691
2019-09-20,1739.070068359375,6941979
2019-09-23,1697.265869140625,6323401
2019-09-24,1721.5989990234375,4620978
2019-09-25,1758.435546875,4002232
2019-09-26,1757.7198486328125,4234281
2019-09-27,1731.2393798828125,2046795
2019-09-30,1767.5712890625,2620039
2019-10-01,1734.4388427734375,3342877
2019-10-03,1734.6915283203125,2317618
2019-10-04,1750.7734375,2163251
2019-10-07,1724.125,2177916
2019-10-09,1700.8858642578125,2066920
2019-10-10,1687.7088623046875,2881452
2019-10-11,1672.89013671875,12593069
2019-10-14,1701.6436767578125,3510704
2019-10-15,1715.3681640625,2261310
2019-10-16,1723.0303955078125,3034082
2019-10-17,1748.469970703125,3818774
2019-10-18,1771.197998046875,3087901
2019-10-22,1766.07568359375,5552505
2019-10-23,1782.175048828125,2348134
2019-10-24,1792.41943359375,2798671
2019-10-25,1829.39599609375,3954245
2019-10-27,1821.43212890625,224405
2019-10-29,1889.5740966796875,5064173
2019-10-30,1939.46337890625,5195136
2019-10-31,1953.9700927734375,4879261
2019-11-01,1894.781982421875,4172620
2019-11-04,1888.7987060546875,2646411
2019-11-05,1895.599609375,2693475
2019-11-06,1884.1070556640625,2540719
2019-11-07,1881.3955078125,1915598
2019-11-08,1833.700439453125,2788759
2019-11-11,1808.734130859375,2983768
2019-11-13,1875.583984375,3823365
2019-11-14,1891.2525634765625,2995915
2019-11-15,1872.010986328125,2724180
2019-11-18,1853.2001953125,1611089
2019-11-19,1815.4920654296875,2975313
2019-11-20,1815.27685546875,2894129
2019-11-21,1823.498779296875,2052574
2019-11-22,1783.5526123046875,3742049
2019-11-25,1791.9891357421875,2737010
2019-11-26,1761.9864501953125,6561580
2019-11-27,1768.5721435546875,2907521
2019-11-28,1788.4166259765625,2924429
2019-11-29,1767.6685791015625,2064271
2019-12-02,1739.947021484375,3809860
2019-12-03,1765.7315673828125,4664774
2019-12-04,1789.4066162109375,3334301
2019-12-05,1826.2537841796875,3902721
2019-12-06,1828.23388671875,1829461
2019-12-09,1773.866943359375,2244747
2019-12-10,1732.8876953125,4520045
2019-12-11,1757.8973388671875,4943024
2019-12-12,1739.818115234375,7137306
2019-12-13,1783.1649169921875,5711133
2019-12-16,1830.9453125,5574177
2019-12-17,1863.832275390625,6059673
2019-12-18,1866.2430419921875,8251081
2019-12-19,1919.01708984375,6251505
2019-12-20,1913.722412109375,5548338
2019-12-23,1921.29833984375,2247329
2019-12-24,1907.437255859375,1805896
2019-12-26,1895.686279296875,1880367
2019-12-27,1892.7158203125,2720261
2019-12-30,1879.5438232421875,2288830
2019-12-31,1861.034423828125,1909289
2020-01-01,1866.1143798828125,1354908
2020-01-02,1857.5474853515625,2380752
2020-01-03,1894.5667724609375,4655761
2020-01-06,1894.39404296875,3023209
2020-01-07,1899.0439453125,2429317
2020-01-08,1941.5732421875,5197454
2020-01-09,1906.3619384765625,3734173
2020-01-10,1905.6729736328125,1915807
2020-01-13,1885.6995849609375,2843893
2020-01-14,1899.947265625,2948452
2020-01-15,1917.1661376953125,2620681
2020-01-16,1927.4107666015625,3117214
2020-01-17,1910.45068359375,3281059
2020-01-20,1868.481201171875,5817599
2020-01-21,1869.0843505859375,1902980
2020-01-22,1899.947265625,1773686
2020-01-23,1890.499267578125,2069866
2020-01-24,1883.984619140625,1319430
2020-01-27,1871.774658203125,1549101
2020-01-28,1884.28662109375,1743024
2020-01-29,1859.13427734375,2306761
2020-01-30,1844.68115234375,2098567
2020-01-31,1793.944580078125,3287223
2020-02-03,1814.1788330078125,4728073
2020-02-04,1818.7083740234375,3509339
2020-02-05,1852.18798828125,2439322
2020-02-06,1836.4840087890625,2640065
2020-02-07,1843.558837890625,2083442
2020-02-10,1865.4761962890625,2383032
2020-02-11,1858.09912109375,1335820
2020-02-12,1873.0692138671875,1620407
2020-02-13,1891.362060546875,1645948
2020-02-14,1884.6746826171875,1500115
2020-02-17,1901.1124267578125,1774724
2020-02-18,1911.8985595703125,2486223
2020-02-19,1895.15869140625,1760463
2020-02-20,1861.0321044921875,2317278
2020-02-24,1825.2669677734375,3092877
2020-02-25,1860.4715576171875,2674567
2020-02-26,1832.3851318359375,2686842
2020-02-27,1816.7674560546875,2349001
2020-02-28,1725.8642578125,4298076
2020-03-02,1726.8563232421875,2667076
2020-03-03,1756.970703125,2757585
2020-03-04,1797.525146484375,3237002
2020-03-05,1833.63623046875,3937056
2020-03-06,1826.215576171875,2595027
2020-03-09,1701.8768310546875,4940975
2020-03-11,1685.7838134765625,6796449
2020-03-12,1527.1458740234375,8728786
2020-03-13,1558.597412109375,8029720
2020-03-16,1463.7684326171875,7844271
2020-03-17,1430.6341552734375,5713248
2020-03-18,1427.5279541015625,7258778
2020-03-19,1422.269287109375,5135111
2020-03-20,1562.29296875,8547498
2020-03-23,1451.2559814453125,7003490
2020-03-24,1480.3302001953125,6350865
2020-03-25,1521.311279296875,2765520
2020-03-26,1556.6431884765625,4556067
2020-03-27,1585.80419921875,4331250
2020-03-30,1545.822021484375,8513547
2020-03-31,1587.1947021484375,3927593
2020-04-01,1485.1973876953125,4941878
2020-04-03,1437.7840576171875,5735369
2020-04-07,1542.9539794921875,5427577
2020-04-08,1482.329345703125,6285615
2020-04-09,1535.087890625,5307397
2020-04-13,1529.0904541015625,2990438
2020-04-15,1508.143310546875,4761399
2020-04-16,1491.5423583984375,6245533
2020-04-17,1569.898193359375,9895823
2020-04-20,1580.71923828125,3244282
2020-04-21,1510.3162841796875,5122541
2020-04-22,1537.9996337890625,3829836
2020-04-23,1632.522216796875,5934366
2020-04-24,1580.6324462890625,2987102
2020-04-27,1596.3209228515625,3374741
2020-04-28,1615.8338623046875,2678505
2020-04-29,1656.3372802734375,4241510
2020-04-30,1750.9033203125,5915544
2020-05-04,1677.892578125,3729348
2020-05-05,1679.8922119140625,2905528
2020-05-06,1654.5557861328125,3517431
2020-05-07,1644.169189453125,3166754
2020-05-08,1645.6900634765625,2686530
2020-05-11,1682.1082763671875,2449841
2020-05-12,1694.450439453125,3256595
2020-05-13,1694.5809326171875,2656665
2020-05-14,1653.46923828125,2263146
2020-05-15,1645.255615234375,3173682
2020-05-18,1691.060791015625,3727694
2020-05-19,1693.711669921875,3198693
2020-05-20,1698.0142822265625,2778505
2020-05-21,1730.6949462890625,3400908
2020-05-22,1756.0313720703125,3663418
2020-05-26,1688.8011474609375,4575317
2020-05-27,1742.9503173828125,3482160
2020-05-28,1742.0810546875,3475681
2020-05-29,1714.311279296875,7237735
2020-06-01,1777.6737060546875,3747773
2020-06-02,1779.3251953125,2443886
2020-06-03,1783.6837158203125,3699799
2020-06-04,1823.26025390625,4048593
2020-06-05,1785.5145263671875,3573289
2020-06-08,1805.9998779296875,2957841
2020-06-09,1806.261474609375,2909439
2020-06-10,1838.2537841796875,5168397
2020-06-11,1802.42578125,2269513
2020-06-12,1777.886474609375,2842642
2020-06-15,1769.5181884765625,2399022
2020-06-16,1783.378662109375,2146528
2020-06-17,1785.122314453125,2703527
2020-06-18,1776.666259765625,1944389
2020-06-19,1782.332763671875,5681758
2020-06-22,1767.8182373046875,3196138
2020-06-23,1774.2254638671875,4205944
2020-06-24,1780.240478515625,2560937
2020-06-25,1757.48828125,3043931
2020-06-26,1847.0584716796875,6300722
2020-06-29,1832.064697265625,3076341
2020-06-30,1815.0660400390625,3071725
2020-07-01,1823.6956787109375,2503466
2020-07-02,1880.4454345703125,3758699
2020-07-03,1917.4937744140625,4185208
2020-07-06,1972.89208984375,5190366
2020-07-07,1978.7325439453125,5630055
2020-07-08,1934.274169921875,2793358
2020-07-09,1921.5906982421875,3443998
2020-07-10,1937.2825927734375,9610320
2020-07-13,1935.2333984375,2963503
2020-07-14,1893.3472900390625,2976738
2020-07-15,1947.3507080078125,5569321
2020-07-16,1952.4613037109375,8582118
2020-07-17,1922.7562255859375,4509135
2020-07-20,1929.0029296875,2952646
2020-07-21,1943.98681640625,2665286
2020-07-22,1914.1939697265625,2861534
2020-07-23,1896.9388427734375,2265766
2020-07-24,1884.8818359375,3665100
2020-07-27,1928.0423583984375,4248480
2020-07-28,2017.9879150390625,8092319
2020-07-29,1988.544677734375,6090431
2020-07-30,1991.558349609375,7098496
2020-07-31,1993.218505859375,4723290
2020-08-03,1969.410888671875,4012337
2020-08-04,1965.522705078125,2927928
2020-08-05,1974.085205078125,3800641
2020-08-06,2016.5462646484375,4748047
2020-08-07,2005.406494140625,3165491
2020-08-10,1994.4420166015625,2929353
2020-08-11,1991.9083251953125,2774423
2020-08-12,1972.20654296875,3415751
2020-08-13,1969.6727294921875,2695682
2020-08-14,1958.9271240234375,2270405
2020-08-17,1968.7554931640625,2625630
2020-08-18,1983.04052734375,3493374
2020-08-19,1971.5517578125,2843005
2020-08-20,1968.2752685546875,2895164
2020-08-21,1964.5623779296875,1975294
2020-08-24,1964.125,2167966
2020-08-25,1959.3636474609375,1663419
2020-08-26,1968.8428955078125,2618149
2020-08-27,1964.38671875,3579393
2020-08-28,1955.781494140625,2941136
2020-08-31,1972.118896484375,6018154
2020-09-01,1962.596435546875,3610908
2020-09-02,1979.02099609375,2084137
2020-09-03,2009.0321044921875,4654146
2020-09-04,1999.6839599609375,5231303
2020-09-07,2033.1026611328125,4620401
2020-09-08,2051.58056640625,7453998
2020-09-09,2033.62646484375,3866535
2020-09-10,2036.683837890625,2308813
2020-09-11,2074.209228515625,4145424
2020-09-14,2176.692138671875,7512131
2020-09-15,2176.692138671875,7318770
2020-09-16,2186.826904296875,3074003
2020-09-17,2150.08837890625,4828176
2020-09-18,2140.433837890625,4183256
2020-09-21,2153.888671875,4598809
2020-09-22,2204.256103515625,7499613
2020-09-23,2155.767578125,7502280
2020-09-24,2037.6456298828125,8424708
2020-09-25,2116.32080078125,8228267
2020-09-28,2119.815673828125,4347166
2020-09-29,2174.070556640625,6995811
2020-09-30,2177.478515625,3917166
2020-10-01,2204.69384765625,2610337
2020-10-05,2364.009765625,17412105
2020-10-06,2371.43603515625,9846367
2020-10-07,2390.351318359375,9656101
2020-10-08,2468.764404296875,19839329
2020-10-09,2457.624755859375,7739245
2020-10-12,2472.52099609375,4623203
2020-10-13,2469.506591796875,4209878
2020-10-14,2465.163330078125,4395936
2020-10-15,2404.622314453125,6629355
2020-10-16,2424.539794921875,5273773
2020-10-19,2379.1337890625,3331194
2020-10-20,2403.218017578125,3406273
2020-10-21,2347.41552734375,4570143
2020-10-22,2343.686279296875,5262294
2020-10-23,2357.41796875,3499091
2020-10-26,2358.646484375,2672752
2020-10-27,2307.712646484375,3537502
2020-10-28,2300.73681640625,3569445
2020-10-29,2309.90625,3105968
2020-10-30,2338.1591796875,3427003
2020-11-02,2285.294921875,2571196
2020-11-03,2310.739990234375,2879269
2020-11-04,2327.89306640625,4893928
2020-11-05,2356.45263671875,2816502
2020-11-06,2375.5361328125,3884421
2020-11-09,2392.339111328125,3646592
2020-11-10,2324.778564453125,4760020
2020-11-11,2358.2958984375,3242441
2020-11-12,2343.598388671875,2437505
2020-11-13,2331.139892578125,2548093
2020-11-14,2342.98486328125,298819
2020-11-17,2339.2119140625,2827273
2020-11-18,2304.64208984375,2893762
2020-11-19,2313.63525390625,4167501
2020-11-20,2334.122802734375,2711471
2020-11-23,2390.277099609375,3706418
2020-11-24,2388.3466796875,3120516
2020-11-25,2370.14013671875,3302249
2020-11-26,2387.073974609375,2341099
2020-11-27,2351.14404296875,6086808
2020-12-01,2392.51416015625,3605017
2020-12-02,2412.4755859375,2509032
2020-12-03,2377.291015625,2852548
2020-12-04,2393.172607421875,2686527
2020-12-07,2402.077392578125,1996400
2020-12-08,2454.371826171875,4277818
2020-12-09,2466.216064453125,3659996
2020-12-10,2442.965087890625,2127801
2020-12-11,2442.3505859375,1795408
2020-12-14,2454.722412109375,2483658
2020-12-15,2423.003662109375,2365509
2020-12-16,2469.2001953125,2565149
2020-12-17,2490.2568359375,2863460
2020-12-18,2510.2626953125,6076692
2020-12-21,2474.42041015625,2705195
2020-12-22,2520.351318359375,2881737
2020-12-23,2552.158935546875,2790988
2020-12-24,2552.685302734375,1807144
2020-12-28,2570.27685546875,2108994
2020-12-29,2571.24267578125,1994151
2020-12-30,2552.640869140625,2637968
2020-12-31,2511.797607421875,4040956
2021-01-01,2569.26806640625,2681440
2021-01-04,2666.835693359375,5113293
2021-01-05,2713.8203125,5801309
2021-01-06,2677.408203125,3726716
2021-01-07,2661.001953125,3717827
2021-01-08,2738.300537109375,5879039
2021-01-11,2787.040283203125,9508039
2021-01-12,2785.63623046875,3611458
2021-01-13,2771.685791015625,3572801
2021-01-14,2857.615478515625,6931542
2021-01-15,2842.363525390625,4131692
2021-01-18,2832.166259765625,4160906
2021-01-19,2866.406005859375,2975735
2021-01-20,2908.690185546875,3453446
2021-01-21,2877.96630859375,2778546
2021-01-22,2903.67919921875,3052459
2021-01-25,2893.305908203125,2272887
2021-01-27,2866.714111328125,2786662
2021-01-28,2810.013671875,3083938
2021-01-29,2735.116455078125,5445659
2021-02-01,2759.72998046875,3985846
2021-02-02,2816.078857421875,2881837
2021-02-03,2813.09033203125,2505866
2021-02-04,2802.892822265625,2057261
2021-02-05,2776.080810546875,2366135
2021-02-08,2825.44140625,2526592
2021-02-09,2792.739501953125,2658751
2021-02-10,2824.738037109375,2127983
2021-02-11,2818.321533203125,1165882
2021-02-12,2804.958740234375,2777404
2021-02-15,2760.169921875,2630853
2021-02-16,2732.87451171875,3435770
2021-02-17,2701.491455078125,3678426
2021-02-18,2687.646240234375,4189909
2021-02-19,2700.39306640625,3725028
2021-02-22,2600.705322265625,5366696
2021-02-23,2619.825439453125,3832829
2021-02-24,2591.60693359375,3774549
2021-02-25,2633.099365234375,4224073
2021-02-26,2544.312744140625,5553153
2021-03-01,2570.596923828125,3265871
2021-03-02,2642.81298828125,3306469
2021-03-03,2689.184326171875,3509857
2021-03-04,2680.921142578125,3916760
2021-03-05,2644.307373046875,3203686
2021-03-08,2643.340576171875,2003125
2021-03-09,2682.0205078125,1942397
2021-03-10,2699.6015625,3053778
2021-03-12,2688.173583984375,2938317
2021-03-15,2695.38232421875,3097083
2021-03-16,2733.973876953125,4894756
2021-03-17,2736.522705078125,3838390
2021-03-18,2669.31689453125,3656306
2021-03-19,2681.36083984375,5776626
2021-03-22,2751.203369140625,2821646
2021-03-23,2762.587646484375,3305973
2021-03-24,2743.6875,2207104
2021-03-25,2694.239501953125,3179786
2021-03-26,2695.95263671875,3697370
2021-03-30,2776.608642578125,4694008
2021-03-31,2793.5751953125,3530069
2021-04-01,2782.278564453125,4285076
2021-04-05,2847.242919921875,5317862
2021-04-06,2869.92236328125,2291562
2021-04-07,2875.8125,2491268
2021-04-08,2916.205810546875,2578118
2021-04-09,2920.513427734375,2911129
2021-04-12,2853.967529296875,3791828
2021-04-13,2728.69873046875,8654596
2021-04-15,2829.704833984375,6062760
2021-04-16,2808.782958984375,3224657
2021-04-19,2779.465576171875,2679106
2021-04-20,2764.30126953125,3141893
2021-04-22,2741.664794921875,1988980
2021-04-23,2733.48974609375,1615309
2021-04-26,2725.84228515625,2490260
2021-04-27,2753.26953125,1471417
2021-04-28,2746.32421875,1639037
2021-04-29,2738.544189453125,1621395
2021-04-30,2668.56982421875,3072305
2021-05-03,2669.756103515625,1545831
2021-05-04,2680.964599609375,1990777
2021-05-05,2721.3583984375,1939289
2021-05-06,2735.203857421875,1791671
2021-05-07,2754.0595703125,1912540
2021-05-10,2765.136474609375,2137153
2021-05-11,2745.005859375,2415625
2021-05-12,2714.238037109375,1978558
2021-05-14,2682.503173828125,2043935
2021-05-17,2698.546630859375,2890462
2021-05-18,2715.292724609375,2098538
2021-05-19,2709.3154296875,1986041
2021-05-20,2689.9755859375,2329027
2021-05-21,2707.99658203125,1685566
2021-05-24,2708.87548828125,1652260
2021-05-25,2750.835693359375,1841613
2021-05-26,2790.146240234375,1923753
2021-05-27,2809.138427734375,5959785
2021-05-28,2776.984619140625,1763701
2021-05-31,2790.720458984375,1652799
2021-06-01,2785.287841796875,1377441
2021-06-02,2764.484130859375,2240078
2021-06-03,2774.907958984375,1281706
2021-06-04,2777.115966796875,1836060
2021-06-07,2811.965576171875,2559821
2021-06-08,2826.93896484375,2574057
2021-06-09,2827.027587890625,1710925
2021-06-10,2841.6474609375,1874324
2021-06-11,2891.999267578125,3452954
2021-06-14,2894.251953125,1847360
2021-06-15,2882.23828125,1304985
2021-06-16,2892.485595703125,1635552
2021-06-17,2930.824462890625,2273413
2021-06-18,2912.7587890625,3380431
2021-06-21,2891.38134765625,1130569
2021-06-22,2916.2041015625,1708688
2021-06-23,2881.0458984375,1467104
2021-06-24,2980.160888671875,4155204
2021-06-25,2986.521484375,2722861
2021-06-28,2947.6083984375,1355238
2021-06-29,2951.22998046875,1497322
2021-06-30,2955.558837890625,1693146
2021-07-01,2951.803955078125,990310
2021-07-02,2937.6259765625,1682274
2021-07-05,2933.69482421875,1972858
2021-07-06,2881.84033203125,2159420
2021-07-07,2893.015625,2640710
2021-07-08,2878.484375,2485811
2021-07-09,2834.005615234375,6365067
2021-07-12,2820.711181640625,1892226
2021-07-13,2815.808837890625,1809339
2021-07-14,2839.659423828125,2044279
2021-07-15,2835.5869140625,2232968
2021-07-16,2828.3720703125,1256526
2021-07-19,2819.342041015625,1597058
2021-07-20,2838.110107421875,1811945
2021-07-22,2847.450439453125,2859334
2021-07-23,2844.35205078125,1776193
2021-07-26,2830.806884765625,1259611
2021-07-27,2817.880859375,1121367
2021-07-28,2831.02734375,1660654
2021-07-29,2829.257568359375,1731997
2021-07-30,2804.158935546875,2999943
2021-08-02,2850.150146484375,2608669
2021-08-03,2908.1376953125,3804735
2021-08-04,2898.443603515625,2929598
2021-08-05,2907.29736328125,2534521
2021-08-06,2930.18212890625,2292362
2021-08-09,2941.60205078125,1510489
2021-08-10,2951.517578125,2040777
2021-08-11,2960.636474609375,1929707
2021-08-12,2967.32080078125,1310205
2021-08-13,3066.16455078125,4363584
2021-08-16,3074.61962890625,2083489
2021-08-17,3145.5322265625,4336019
2021-08-18,3152.171630859375,2631309
2021-08-20,3151.24267578125,2836148
2021-08-23,3220.207763671875,3744176
2021-08-24,3198.783447265625,2511141
2021-08-25,3239.330322265625,2123263
2021-08-26,3250.706787109375,1902533
2021-08-27,3293.466552734375,3944728
2021-08-30,3276.77880859375,2033114
2021-08-31,3352.162841796875,3207480
2021-09-01,3288.86328125,2643336
2021-09-02,3396.69287109375,3403717
2021-09-03,3401.38525390625,1746812
2021-09-06,3410.1943359375,1723693
2021-09-07,3378.23486328125,1585039
2021-09-08,3341.27294921875,4147175
2021-09-09,3356.544189453125,1441148
2021-09-13,3404.307373046875,1691473
2021-09-14,3440.205810546875,1991188
2021-09-15,3500.98193359375,2461369
2021-09-16,3455.610107421875,2946666
2021-09-17,3388.81396484375,6477148
2021-09-20,3384.962646484375,2002008
2021-09-21,3419.887939453125,1568129
2021-09-22,3419.18017578125,1744067
2021-09-23,3425.46533203125,2003869
2021-09-24,3427.281005859375,2320754
2021-09-27,3396.87060546875,1673362
2021-09-28,3345.699462890625,2253075
2021-09-29,3356.987548828125,2489161
2021-09-30,3342.512451171875,2252412
2021-10-01,3302.3642578125,1578374
2021-10-04,3340.5205078125,1356860
2021-10-05,3393.639892578125,1877966
2021-10-06,3373.80859375,1678154
2021-10-07,3446.4033203125,1647233
2021-10-08,3484.25,2934339
2021-10-11,3262.87939453125,11845402
2021-10-12,3233.885498046875,5752877
2021-10-13,3235.9658203125,3545655
2021-10-14,3203.368896484375,6442299
2021-10-18,3235.03466796875,3590107
2021-10-19,3223.503662109375,3135441
2021-10-20,3201.062744140625,2933693
2021-10-21,3133.33984375,4871211
2021-10-22,3103.492431640625,2691670
2021-10-25,3098.2587890625,2595594
2021-10-26,3089.07861328125,3878763
2021-10-27,3095.420654296875,2510813
2021-10-28,3035.015625,2424942
2021-10-29,3013.81640625,3960501
2021-11-01,3083.5791015625,2020718
2021-11-02,3090.497802734375,3087414
2021-11-03,3097.63818359375,1537639
2021-11-04,3112.184814453125,328991
2021-11-08,3106.951904296875,2526082
2021-11-09,3109.568115234375,1782692
2021-11-10,3090.58642578125,1516489
2021-11-11,3094.046142578125,1284514
2021-11-12,3127.61865234375,1747259
2021-11-15,3151.789794921875,1809157
2021-11-16,3154.53955078125,2013204
2021-11-17,3123.938232421875,1632914
2021-11-18,3082.95849609375,2136598
2021-11-22,3067.61279296875,3167936
2021-11-23,3072.802001953125,2153461
2021-11-24,3054.218994140625,2161746
2021-11-25,3056.525634765625,1849619
2021-11-26,3057.367919921875,1941251
2021-11-29,3106.285888671875,2981745
2021-11-30,3130.3681640625,5588446
2021-12-01,3173.521484375,2102118
2021-12-02,3231.265380859375,3152938
2021-12-03,3229.092041015625,2486263
2021-12-06,3136.799072265625,1849642
2021-12-07,3179.464111328125,1484458
2021-12-08,3217.0732421875,1428660
2021-12-09,3194.76513671875,1567957
2021-12-10,3225.85400390625,1510718
2021-12-13,3201.771728515625,1883864
2021-12-14,3214.323486328125,1747007
2021-12-15,3166.91357421875,1603233
2021-12-16,3176.89208984375,2072320
2021-12-17,3179.3310546875,4333992
2021-12-20,3154.982666015625,2312310
2021-12-21,3200.57470703125,2340989
2021-12-22,3220.48828125,1224328
2021-12-23,3248.828125,1792861
2021-12-24,3256.100830078125,2209923
2021-12-27,3278.4541015625,1534135
2021-12-28,3287.722900390625,1456218
2021-12-29,3277.211669921875,1456923
2021-12-30,3311.849609375,1966475
2021-12-31,3315.9296875,1207141
2022-01-03,3386.357421875,2346158
2022-01-04,3445.787109375,2488606
2022-01-05,3424.67626953125,1733031
2022-01-06,3377.2216796875,1810293
2022-01-07,3418.068115234375,2460591
2022-01-10,3441.440673828125,3937092
2022-01-11,3473.417236328125,1906106
2022-01-12,3423.7451171875,3203744
2022-01-13,3457.450927734375,6684507
2022-01-14,3519.76318359375,3348123
2022-01-17,3565.00048828125,3442604
2022-01-18,3539.67578125,2389041
2022-01-19,3478.40966796875,3102539
2022-01-20,3400.127197265625,6176776
2022-01-21,3406.303466796875,3112358
2022-01-24,3351.0791015625,3258414
2022-01-25,3349.790283203125,3330501
2022-01-27,3242.58544921875,5718297
2022-01-28,3278.8388671875,3143862
2022-01-31,3319.89013671875,2739393
2022-02-01,3377.114013671875,2105169
2022-02-02,3426.4736328125,1984212
2022-02-03,3398.394775390625,1960538
2022-02-04,3389.77587890625,2307366
2022-02-07,3357.87646484375,1919149
2022-02-08,3326.28759765625,2946443
2022-02-09,3341.482666015625,1638721
2022-02-10,3350.19091796875,2112459
2022-02-11,3283.19287109375,3851488
2022-02-14,3317.66943359375,5951745
2022-02-15,3392.352783203125,3931683
2022-02-16,3388.176025390625,3256906
2022-02-17,3362.496826171875,3134372
2022-02-18,3371.11572265625,3688883
2022-02-21,3304.918212890625,7465922
2022-02-22,3186.738525390625,5408531
2022-02-23,3166.65771484375,2426203
2022-02-24,3022.5771484375,5039136
2022-02-25,3128.4052734375,2549723
2022-02-28,3158.127685546875,3288942
2022-03-02,3150.974365234375,2761341
2022-03-03,3149.419921875,1928039
2022-03-04,3131.60400390625,2370257
2022-03-07,3096.550048828125,3054130
2022-03-08,3198.77978515625,3300992
2022-03-09,3227.790771484375,2719654
2022-03-10,3217.439208984375,2005441
2022-03-11,3198.069091796875,1623423
2022-03-14,3237.0322265625,1765688
2022-03-15,3193.403564453125,3651133
2022-03-16,3248.494140625,3090475
2022-03-17,3263.466796875,3600452
2022-03-21,3222.54833984375,2413831
2022-03-22,3288.524169921875,2907611
2022-03-23,3298.698486328125,1596195
2022-03-24,3331.974853515625,1879046
2022-03-25,3294.2998046875,1690133
2022-03-28,3294.522216796875,1760990
2022-03-29,3292.43359375,2689063
2022-03-30,3315.71484375,1583455
2022-03-31,3323.178466796875,2168110
2022-04-01,3339.88330078125,1387014
2022-04-04,3350.19091796875,1472994
2022-04-05,3389.6875,2314947
2022-04-06,3336.862060546875,2051729
2022-04-07,3273.595703125,2494829
2022-04-08,3274.928955078125,2296773
2022-04-11,3284.4814453125,2291660
2022-04-12,3279.771240234375,4483476
2022-04-13,3253.870361328125,1621672
2022-04-18,3134.89208984375,3820792
2022-04-19,3084.9990234375,3170014
2022-04-20,3160.437744140625,2640370
2022-04-21,3224.28076171875,2280996
2022-04-22,3209.975341796875,1581465
2022-04-25,3152.796142578125,1960694
2022-04-26,3151.10791015625,1943469
2022-04-27,3164.347412109375,1727648
2022-04-28,3184.87353515625,1703660
2022-04-29,3151.46337890625,2051115
2022-05-02,3147.64208984375,1324161
2022-05-04,3091.974365234375,2305825
2022-05-05,3121.8740234375,1612262
2022-05-06,3050.079345703125,2010812
2022-05-09,3061.185546875,2481830
2022-05-10,3055.543212890625,1622685
2022-05-11,3031.773681640625,1841769
2022-05-12,3028.79736328125,2807195
2022-05-13,3034.351318359375,2187823
2022-05-16,3000.496826171875,1195813
2022-05-17,3066.961669921875,1754076
2022-05-18,3064.472900390625,1866781
2022-05-19,2898.445068359375,4642963
2022-05-20,2926.03515625,3065125
2022-05-23,2951.581298828125,2293690
2022-05-24,2921.5927734375,1711510
2022-05-25,2833.61376953125,3548046
2022-05-26,2886.660400390625,2813186
2022-05-27,2917.388427734375,3103153
2022-05-30,3019.322021484375,2094624
2022-05-31,3009.571044921875,4840965
2022-06-01,3001.3857421875,1493835
2022-06-02,3062.0361328125,2657939
2022-06-03,3077.377685546875,1913622
2022-06-06,3069.14794921875,1084210
2022-06-07,3008.09521484375,2308256
2022-06-08,3045.174072265625,2185707
2022-06-09,3065.704345703125,1279197
2022-06-10,3005.59033203125,1527582
2022-06-13,2880.08544921875,3030921
2022-06-14,2871.98974609375,2611493
2022-06-15,2868.188232421875,1404536
2022-06-16,2810.668701171875,2032028
2022-06-17,2763.16796875,5240434
2022-06-20,2784.190185546875,1502769
2022-06-21,2873.241943359375,2964461
2022-06-22,2883.081787109375,3336315
2022-06-23,2959.878662109375,3692578
2022-06-24,2945.834228515625,2132118
2022-06-27,2965.15673828125,2037686
2022-06-28,2968.2431640625,1400046
2022-06-29,2943.508544921875,2133994
2022-06-30,2922.576416015625,2719603
2022-07-01,2965.514892578125,1502879
2022-07-04,2893.906005859375,2622535
2022-07-05,2877.133544921875,2170627
2022-07-06,2916.89599609375,2182144
2022-07-07,2941.138671875,1989921
2022-07-08,2921.10009765625,2136916
2022-07-11,2785.442138671875,6974600
2022-07-12,2759.4111328125,3734815
2022-07-13,2718.30615234375,3863530
2022-07-14,2689.60546875,4764908
2022-07-15,2685.88330078125,4574806
2022-07-18,2747.68017578125,3202795
2022-07-19,2757.322021484375,1865074
2022-07-20,2838.536865234375,3402251
2022-07-21,2849.748779296875,2420640
2022-07-22,2844.097900390625,2075886
2022-07-25,2840.2861328125,1797504
2022-07-26,2794.677978515625,2639367
2022-07-27,2860.108154296875,1389808
2022-07-28,2924.37109375,2106333
2022-07-29,2961.503173828125,2430257
2022-08-01,2958.72314453125,1306913
2022-08-02,2952.444580078125,1269114
2022-08-03,2995.226806640625,2895824
2022-08-04,3009.08447265625,2150567
2022-08-05,3018.143310546875,1106933
2022-08-08,3026.57421875,1068836
2022-08-10,3008.456298828125,1878359
2022-08-11,3069.6708984375,1449248
2022-08-12,3050.880126953125,1472354
2022-08-16,3042.94287109375,839942
2022-08-17,3050.476806640625,1622326
2022-08-18,3032.67333984375,1430659
2022-08-19,3036.709228515625,1398410
2022-08-22,3008.725830078125,1536532
2022-08-23,2945.98681640625,1849256
2022-08-24,2919.752685546875,1691923
2022-08-25,2886.4326171875,1946930
2022-08-26,2890.019775390625,1457962
2022-08-29,2809.612060546875,2539173
2022-08-30,2880.108642578125,3431525
2022-09-01,2808.849365234375,3546935
2022-09-02,2807.683349609375,2052900
2022-09-05,2810.374267578125,2147912
2022-09-06,2804.678955078125,1936453
2022-09-07,2824.904052734375,1291534
2022-09-08,2842.88720703125,1346113
2022-09-09,2885.938720703125,1561185
2022-09-12,2908.630126953125,1785928
2022-09-13,2896.432373046875,1972678
2022-09-14,2798.714111328125,5090269
2022-09-15,2784.3193359375,2138023
2022-09-16,2698.529296875,5322221
2022-09-19,2716.5576171875,2072220
2022-09-20,2726.871826171875,1544295
2022-09-21,2691.802734375,2253818
2022-09-22,2697.36328125,2017983
2022-09-23,2674.626953125,2652374
2022-09-26,2685.704345703125,2925489
2022-09-27,2706.37744140625,2227447
2022-09-28,2722.701171875,2739767
2022-09-29,2688.304931640625,2493902
2022-09-30,2694.807373046875,2817353
2022-10-03,2677.227783203125,1763331
2022-10-04,2772.479736328125,2145875
2022-10-06,2782.166259765625,1790816
2022-10-07,2748.935546875,1939879
2022-10-10,2797.055419921875,3064063
2022-10-11,2753.106689453125,4730645
2022-10-12,2781.09033203125,1665247
2022-10-13,2783.376953125,2054781
2022-10-14,2779.65478515625,2245977
2022-10-17,2798.17919921875,1517005
2022-10-18,2827.8095703125,1793722
2022-10-19,2807.26171875,1194289
2022-10-20,2839.13916015625,1587601
2022-10-21,2821.24462890625,1021913
2022-10-24,2843.095947265625,260949
2022-10-25,2843.455810546875,2069643
2022-10-27,2839.22900390625,2438421
2022-10-28,2844.489501953125,1355739
2022-10-31,2871.376220703125,1919414
2022-11-01,2931.219970703125,2991060
2022-11-02,2915.034423828125,1405955
2022-11-03,2883.606201171875,1422652
2022-11-04,2893.182373046875,1464013
2022-11-07,2907.84033203125,1474498
2022-11-09,2891.96875,1162267
2022-11-10,2882.616943359375,1573092
2022-11-11,2981.80126953125,3265394
2022-11-14,2999.38232421875,1342074
2022-11-15,2996.774169921875,1400708
2022-11-16,3017.23193359375,1748235
2022-11-17,3011.521240234375,1417986
2022-11-18,3006.53076171875,1164540
2022-11-21,2952.621826171875,1304194
2022-11-22,2980.902587890625,1149739
2022-11-23,2974.922607421875,1150011
2022-11-24,3039.532470703125,1296591
2022-11-25,3048.07470703125,1588981
2022-11-28,3053.110595703125,2195437
2022-11-29,3054.999755859375,1576028
2022-11-30,3049.109619140625,3410702
2022-12-01,3125.40869140625,2180856
2022-12-02,3092.587158203125,2411749
2022-12-05,3080.672119140625,1475065
2022-12-06,3044.208740234375,1166999
2022-12-07,3039.936767578125,1167505
2022-12-08,3012.915283203125,1285619
2022-12-09,2960.939697265625,1797896
2022-12-12,2955.274658203125,1527610
2022-12-13,2996.32470703125,1378016
2022-12-14,3026.2236328125,1213311
2022-12-15,2972.04541015625,1415694
2022-12-16,2913.730224609375,2703680
2022-12-19,2879.379638671875,2120965
2022-12-20,2917.057373046875,1529971
2022-12-21,2939.178466796875,1432566
2022-12-22,2931.219970703125,1384101
2022-12-23,2903.029541015625,1360281
2022-12-26,2925.105224609375,870157
2022-12-27,2931.0400390625,835883
2022-12-28,2928.88232421875,910795
2022-12-29,2939.35791015625,1037927
2022-12-30,2928.5224609375,1163131
2023-01-02,2932.79345703125,709547
2023-01-03,2977.665771484375,1245178
2023-01-04,2980.6328125,1231668
2023-01-05,2977.440673828125,1826057
2023-01-06,2887.92236328125,2488376
2023-01-09,2985.398681640625,2885060
2023-01-10,2955.229248046875,3864655
2023-01-11,2993.267333984375,2720512
2023-01-12,2998.34765625,2250391
2023-01-13,3034.49658203125,1742837
2023-01-16,3066.225341796875,1843607
2023-01-17,3107.012939453125,1688475
2023-01-18,3117.681396484375,2421189
2023-01-19,3102.138427734375,1585044
2023-01-20,3092.94189453125,1529349
2023-01-23,3140.5810546875,1067916
2023-01-24,3160.261962890625,1387863
2023-01-25,3154.238037109375,874110
2023-01-27,3137.0400390625,1785879
2023-01-30,3157.82421875,1953798
2023-01-31,3088.895263671875,2820375
2023-02-01,3134.556884765625,2205161
2023-02-02,3182.42578125,1813847
2023-02-03,3202.566650390625,1804469
2023-02-06,3182.01171875,1138714
2023-02-07,3193.600341796875,1455647
2023-02-08,3237.329833984375,1986946
2023-02-09,3256.41357421875,1655427
2023-02-10,3253.37841796875,1187821
2023-02-13,3202.658203125,1087939
2023-02-14,3218.9365234375,1579818
2023-02-15,3237.835693359375,1429449
2023-02-16,3272.232177734375,1618931
2023-02-17,3219.902587890625,1061369
2023-02-20,3207.1650390625,1296082
2023-02-21,3173.781005859375,1139541
2023-02-22,3128.302978515625,1218430
2023-02-23,3139.5693359375,1441570
2023-02-24,3127.291748046875,977592
2023-02-27,3064.202392578125,1128022
2023-02-28,3046.728759765625,4116217
2023-03-01,3113.7265625,1669307
2023-03-02,3054.637451171875,1556538
2023-03-03,3073.6748046875,1043190
2023-03-06,3100.989501953125,1334132
2023-03-08,3118.049072265625,1844590
2023-03-09,3068.80029296875,1648500
2023-03-10,3063.420654296875,1024404
2023-03-13,3018.31103515625,1901233
2023-03-14,2956.69287109375,2670334
2023-03-15,2941.93212890625,1780522
2023-03-16,2929.148681640625,1901060
2023-03-17,2923.90625,6739966
2023-03-20,2890.798828125,2289468
2023-03-21,2856.5869140625,1815297
2023-03-22,2879.302734375,1123939
2023-03-23,2873.646728515625,1372218
2023-03-24,2869.829833984375,1329577
2023-03-27,2871.485595703125,1524217
2023-03-28,2865.599365234375,1303530
2023-03-29,2886.751953125,1740616
2023-03-31,2948.36962890625,2382581
2023-04-03,2942.94384765625,1521830
2023-04-05,2979.546630859375,2655065
2023-04-06,2961.98046875,1703464
2023-04-10,3001.250732421875,2203187
2023-04-11,2955.635498046875,2348779
2023-04-12,2981.248291015625,2417727
2023-04-13,2932.68994140625,4174070
2023-04-17,2887.303466796875,5505048
2023-04-18,2879.25634765625,2617302
2023-04-19,2841.41259765625,3298034
2023-04-20,2855.39111328125,2419999
2023-04-21,2906.9384765625,1929184
2023-04-24,2919.768310546875,1640676
2023-04-25,2920.872314453125,2024090
2023-04-26,2941.24267578125,2000029
2023-04-27,2931.861083984375,2434446
2023-04-28,2960.6474609375,2931312
2023-05-02,2960.78515625,2321159
2023-05-03,2924.458251953125,2468285
2023-05-04,2961.98046875,1953253
2023-05-05,2971.177490234375,1710027
2023-05-08,2989.47900390625,928235
2023-05-09,3019.50634765625,1107375
2023-05-10,3022.77099609375,1559987
2023-05-11,3018.494873046875,1719623
2023-05-12,3011.275146484375,1027479
2023-05-15,2993.572021484375,1150390
2023-05-16,2996.4228515625,986306
2023-05-17,2950.945068359375,1588815
2023-05-18,2942.805908203125,1369364
2023-05-19,2963.958740234375,1152449
2023-05-22,3033.715087890625,1333243
2023-05-23,3032.197998046875,1687418
2023-05-24,3037.99169921875,1016555
2023-05-25,3028.932861328125,1374917
2023-05-26,3061.489013671875,1791115
2023-05-29,3053.6259765625,1210372
2023-05-30,3049.8095703125,1344224
2023-05-31,3025.254150390625,5815424
2023-06-01,3056.98291015625,1177314
2023-06-02,3040.061279296875,2030661
2023-06-05,3024.7021484375,1861468
2023-06-06,2972.649169921875,2022849
2023-06-07,3011.826904296875,1567196
2023-06-08,2976.465576171875,1759366
2023-06-09,2951.49658203125,1775689
2023-06-12,2986.075927734375,2324605
2023-06-13,2983.13330078125,1371928
2023-06-14,2989.89306640625,1658544
2023-06-15,2979.9326171875,2273810
2023-06-16,2941.575439453125,4156189
2023-06-19,2974.46630859375,1468186
2023-06-20,2990.494873046875,1528452
2023-06-21,3018.75341796875,1645987
2023-06-22,3000.501220703125,1529603
2023-06-23,2979.9794921875,1119505
2023-06-26,2955.2412109375,1978803
2023-06-27,2962.375732421875,863542
2023-06-28,2979.145751953125,1575872
2023-06-30,3059.56640625,2672406
2023-07-03,3031.81787109375,1687264
2023-07-04,3065.681640625,1656681
2023-07-05,3075.965576171875,1453008
2023-07-06,3078.698486328125,1848238
2023-07-07,3084.582275390625,1789326
2023-07-10,3031.4931640625,1407431
2023-07-11,3031.909912109375,1110172
2023-07-12,3020.328369140625,1515240
2023-07-13,3095.052001953125,4585146
2023-07-14,3256.35693359375,6306101
2023-07-17,3235.093505859375,2743228
2023-07-18,3239.864990234375,2600090
2023-07-19,3215.03515625,2405370
2023-07-20,3217.125,1715404
2023-07-21,3128.87744140625,3770223
2023-07-24,3153.447509765625,1680132
2023-07-25,3157.53466796875,1272980
2023-07-26,3147.4560546875,1066803
2023-07-27,3155.44482421875,1701769
2023-07-28,3116.894287109375,2599831
2023-07-31,3178.249755859375,2743678
2023-08-01,3206.6748046875,1956167
2023-08-02,3196.0849609375,1914899
2023-08-03,3158.27783203125,2026351
2023-08-04,3198.778564453125,2248493
2023-08-07,3236.399658203125,1853889
2023-08-08,3223.90625,1634225
2023-08-09,3216.381591796875,1794589
2023-08-10,3197.431884765625,1096701
2023-08-11,3203.655029296875,1679974
2023-08-14,3204.630859375,1190425
2023-08-16,3212.57275390625,1328445
2023-08-17,3191.533203125,1843241
2023-08-18,3127.763427734375,2526749
2023-08-21,3159.85693359375,1375579
2023-08-22,3141.743408203125,1222012
2023-08-23,3156.698486328125,1330046
2023-08-24,3146.94482421875,1152881
2023-08-25,3140.95361328125,1158046
2023-08-28,3135.612548828125,1037485
2023-08-29,3136.16943359375,944517
2023-08-30,3149.91748046875,1188200
2023-08-31,3118.195556640625,3417652
2023-09-01,3139.002685546875,1277950
2023-09-04,3175.50927734375,1828332
2023-09-05,3185.587646484375,1501842
2023-09-06,3186.09912109375,1314818
2023-09-07,3209.64697265625,1885092
2023-09-08,3197.24609375,1518917
2023-09-11,3233.2412109375,1783604
2023-09-12,3326.272705078125,4476016
2023-09-13,3314.243408203125,1754929
2023-09-14,3306.99755859375,2604721
2023-09-15,3342.529052734375,2952897
2023-09-18,3349.8203125,1395753
2023-09-20,3349.727783203125,1649396
2023-09-21,3330.453125,2004073
2023-09-22,3347.498291015625,1989083
2023-09-25,3322.882080078125,1238778
2023-09-26,3330.82470703125,1726062
2023-09-27,3334.16845703125,1541134
2023-09-28,3285.35400390625,1755753
2023-09-29,3277.783203125,2243791
2023-10-03,3264.08154296875,1948148
2023-10-04,3286.282958984375,1788138
2023-10-05,3334.215087890625,2990768
2023-10-06,3363.98681640625,2075691
2023-10-09,3379.732177734375,4233074
2023-10-10,3370.95361328125,1848148
2023-10-11,3353.30419921875,2426417
2023-10-12,3290.741455078125,4241281
2023-10-13,3317.0302734375,2890357
2023-10-16,3273.556884765625,1671104
2023-10-17,3257.76513671875,1672065
2023-10-18,3239.372314453125,1408245
2023-10-19,3218.32470703125,1514545
2023-10-20,3254.552734375,1481211
2023-10-23,3175.94921875,1106272
2023-10-25,3157.276611328125,1518537
2023-10-26,3107.590087890625,1984471
2023-10-27,3120.815185546875,1108851
2023-10-30,3146.51953125,910972
2023-10-31,3137.39208984375,999811
2023-11-01,3101.908935546875,1563475
2023-11-02,3129.3369140625,1245384
2023-11-03,3120.768310546875,1402598
2023-11-06,3148.102783203125,1099852
2023-11-07,3138.9755859375,1191144
2023-11-08,3149.313720703125,992899
2023-11-09,3117.555419921875,2112352
2023-11-10,3104.516357421875,1338557
2023-11-13,3102.747314453125,1030990
2023-11-15,3170.5009765625,2059802
2023-11-16,3257.626708984375,3951984
2023-11-17,3261.910400390625,2021292
2023-11-20,3277.8828125,1475621
2023-11-21,3269.128173828125,1807236
2023-11-22,3287.708251953125,1798051
2023-11-23,3267.312255859375,2729804
2023-11-24,3219.675048828125,1989733
2023-11-28,3231.828369140625,1689195
2023-11-29,3272.4345703125,1441634
2023-11-30,3248.080322265625,3266235
2023-12-01,3270.47900390625,1172141
2023-12-04,3271.2236328125,1625213
2023-12-05,3289.058837890625,1377656
2023-12-06,3356.579345703125,1896572
2023-12-07,3366.6376953125,1967653
2023-12-08,3377.626953125,1641155
2023-12-11,3392.71484375,1102503
2023-12-12,3419.909423828125,2236866
2023-12-13,3346.754150390625,3850968
2023-12-14,3415.392333984375,3290396
2023-12-15,3595.836181640625,8531230
2023-12-18,3594.159423828125,2521612
2023-12-19,3554.113037109375,2004435
2023-12-20,3520.445556640625,2586083
2023-12-21,3527.383544921875,1517562
2023-12-22,3561.377197265625,2413058
2023-12-26,3534.880859375,1285231
2023-12-27,3549.4560546875,1293976
2023-12-28,3538.932373046875,1682889
2023-12-29,3532.878662109375,1574996
2024-01-01,3549.36328125,825907
2024-01-02,3523.37890625,1344068
2024-01-03,3438.2099609375,1803075
2024-01-04,3414.972900390625,3598144
2024-01-05,3481.190185546875,1963127
2024-01-08,3425.683349609375,1067805
2024-01-09,3436.48681640625,1370944
2024-01-10,3458.047119140625,1292227
2024-01-11,3479.001708984375,1777909
2024-01-12,3616.138671875,6813450
2024-01-15,3635.6962890625,2801505
2024-01-16,3596.115234375,1432672
2024-01-17,3617.815673828125,3458696
2024-01-18,3634.579345703125,2239110
2024-01-19,3697.83447265625,2941975
2024-01-23,3618.308349609375,2618854
2024-01-24,3602.881591796875,2657709
2024-01-25,3573.340087890625,2205154
2024-01-29,3564.61865234375,1646747
2024-01-30,3564.196533203125,1411621
2024-01-31,3578.638916015625,2459358
2024-02-01,3614.463134765625,2363107
2024-02-02,3719.638916015625,2826510
2024-02-05,3726.203369140625,1691523
2024-02-06,3878.785400390625,4474396
2024-02-07,3829.456298828125,2124267
2024-02-08,3877.00341796875,2345173
2024-02-09,3876.628173828125,2100596
2024-02-12,3864.436767578125,1013716
2024-02-13,3891.445556640625,1257415
2024-02-14,3845.11767578125,1391283
2024-02-15,3848.02490234375,1091582
2024-02-16,3871.5634765625,1307556
2024-02-19,3848.58740234375,772291
2024-02-20,3779.986328125,1193648
2024-02-21,3743.271728515625,1885939
2024-02-22,3832.926513671875,2982052
2024-02-23,3800.102783203125,2538072
2024-02-26,3752.2275390625,1379284
2024-02-27,3849.14990234375,2960475
2024-02-28,3862.795654296875,1939225
2024-02-29,3840.4287109375,3772719
2024-03-01,3839.725341796875,2043265
2024-03-04,3826.924560546875,1749271
2024-03-05,3762.590576171875,2070859
2024-03-06,3811.544189453125,1744204
2024-03-07,3853.089111328125,2688905
2024-03-11,3865.984375,2304068
2024-03-12,3931.536865234375,4039801
2024-03-13,3890.976806640625,2837260
2024-03-14,3945.932861328125,2919608
2024-03-15,3956.858154296875,3373143
2024-03-18,3894.2587890625,1526904
2024-03-19,3729.95458984375,8931209
2024-03-20,3723.952392578125,1817913
2024-03-21,3725.874755859375,3829582
2024-03-22,3667.68359375,5852485
2024-03-26,3636.361083984375,3440925
2024-03-27,3602.036865234375,1968575
2024-03-28,3635.235595703125,4311783
2024-04-01,3673.17041015625,1569676
2024-04-02,3642.26953125,2142666
2024-04-03,3701.820556640625,3973090
2024-04-04,3754.33740234375,3394637
2024-04-05,3731.783203125,1636819
2024-04-08,3725.500244140625,2302538
2024-04-09,3701.1171875,1876992
2024-04-10,3736.84716796875,2101965
2024-04-12,3752.555908203125,4354821
2024-04-15,3696.099365234375,4200329
2024-04-16,3631.953125,3051420
2024-04-18,3621.824951171875,3476284
2024-04-19,3588.251220703125,2957749
2024-04-22,3624.263427734375,1728883
2024-04-23,3633.735107421875,1807586
2024-04-24,3592.7998046875,1317312
2024-04-25,3612.63427734375,2856271
2024-04-26,3583.703125,2039178
2024-04-29,3629.514892578125,1110693
2024-04-30,3583.046630859375,2203078
2024-05-02,3623.044189453125,2491044
2024-05-03,3604.38134765625,2962234
2024-05-06,3677.202880859375,2053831
2024-05-07,3731.501953125,2062112
2024-05-08,3729.62646484375,1247685
2024-05-09,3713.91796875,1726486
2024-05-10,3651.740966796875,1672489
2024-05-13,3702.2890625,931326
2024-05-14,3658.5869140625,1058317
2024-05-15,3639.08056640625,1115021
2024-05-16,3684.9423828125,2599399
2024-05-17,3621.7939453125,2765804
2024-05-21,3608.663330078125,1908117
2024-05-22,3619.810302734375,1311168
2024-05-23,3677.857177734375,2095742
2024-05-24,3636.341064453125,1309452
2024-05-27,3634.027099609375,1841538
2024-05-28,3627.272705078125,1801993
2024-05-29,3593.029541015625,1568095
2024-05-30,3529.220458984375,2919230
2024-05-31,3467.677978515625,10956800
2024-06-03,3497.8115234375,2156773
2024-06-04,3509.2890625,3395997
2024-06-05,3538.9970703125,2799670
2024-06-06,3618.298828125,4328036
2024-06-07,3678.330078125,4552445
2024-06-10,3645.031982421875,1734661
2024-06-11,3638.79736328125,1419898
2024-06-12,3619.479736328125,2177001
2024-06-13,3663.405029296875,1932323
2024-06-14,3619.857421875,1860730
2024-06-18,3603.84619140625,1774045
2024-06-19,3591.18798828125,1509050
2024-06-20,3577.538330078125,2846526
2024-06-21,3599.73681640625,4642195
2024-06-24,3605.451904296875,1702154
2024-06-25,3625.90283203125,1338808
2024-06-26,3642.339599609375,1639845
2024-06-27,3716.3037109375,4526556
2024-06-28,3687.96484375,2731571
2024-07-01,3757.9150390625,2658723
2024-07-02,3794.944091796875,2307449
2024-07-03,3745.681884765625,1821198
2024-07-04,3798.29736328125,2518001
2024-07-05,3789.654052734375,1668616
2024-07-08,3772.084228515625,1758882
2024-07-09,3764.810302734375,1305801
2024-07-10,3692.688232421875,2669716
2024-07-11,3706.432373046875,4872189
2024-07-12,3952.2724609375,13509164
2024-07-15,3938.338623046875,4848030
2024-07-16,3947.07666015625,2029521
2024-07-18,4076.583984375,5613364
2024-07-19,4073.6015625,3903354
2024-07-22,4059.352294921875,1896386
2024-07-23,4073.55517578125,2365208
2024-07-24,4077.246826171875,1809793
2024-07-25,4092.633056640625,2810342
2024-07-26,4154.5078125,3552210
2024-07-29,4148.11669921875,1746803
2024-07-30,4133.20458984375,1797906
2024-07-31,4152.140625,2330091
2024-08-01,4163.265625,2202244
2024-08-02,4055.281005859375,2811282
2024-08-05,3934.087890625,2787771
2024-08-06,3949.37939453125,2203067
2024-08-07,3977.073974609375,1237666
2024-08-08,3950.656982421875,2441283
2024-08-09,4003.86865234375,1302536
2024-08-12,3972.528564453125,936912
2024-08-13,3973.760009765625,1495593
2024-08-14,4066.83154296875,3226545
2024-08-16,4181.2080078125,3457058
2024-08-19,4251.22509765625,2055210
2024-08-20,4282.75439453125,2212298
2024-08-21,4309.45458984375,1896990
2024-08-22,4262.5869140625,1829872
2024-08-23,4226.51318359375,1809253
2024-08-26,4263.013671875,1844164
2024-08-27,4257.99560546875,930697
2024-08-28,4266.421875,1848058
2024-08-29,4271.86669921875,2133641
2024-08-30,4311.5859375,3637222
2024-09-02,4280.62451171875,1216500
2024-09-03,4272.38671875,1717263
2024-09-04,4241.046875,1265505
2024-09-05,4237.9228515625,1688793
2024-09-06,4219.74365234375,1649179
2024-09-09,4212.9267578125,1184938
2024-09-10,4268.12646484375,1385591
2024-09-11,4241.142578125,1325919
2024-09-12,4277.45263671875,2742216
2024-09-13,4282.091796875,1458786
2024-09-16,4273.2392578125,1155120
2024-09-17,4266.04345703125,1699364
2024-09-18,4115.025390625,2961779
2024-09-19,4067.684326171875,2927551
2024-09-20,4057.0322265625,5447908
2024-09-23,4041.50439453125,1702319
2024-09-24,4044.155517578125,3012026
2024-09-25,4047.42236328125,2713073
2024-09-26,4064.22900390625,3964251
2024-09-27,4079.5673828125,3012477
2024-09-30,4041.50439453125,2503416
2024-10-01,4059.873291015625,1823365
2024-10-03,4007.655517578125,3350119
2024-10-04,4026.11865234375,2965463
2024-10-07,4045.62353515625,1472619
2024-10-08,4027.066162109375,1541867
2024-10-09,4026.782470703125,1082504
2024-10-10,4002.590576171875,2378875
2024-10-11,3928.54931640625,5759183
2024-10-14,3916.666259765625,2137590
2024-10-15,3897.871826171875,2759474
2024-10-16,3877.18408203125,2359151
2024-10-17,3890.48681640625,2522659
2024-10-18,3913.313232421875,2361000
2024-10-21,3872.31103515625,1595450
2024-10-22,3811.234375,1928049
2024-10-23,3859.40283203125,1966476
2024-10-24,3841.986328125,2676744
2024-10-25,3851.145751953125,1759676
2024-10-28,3882.75146484375,1532534
2024-10-29,3867.945068359375,1445885
2024-10-30,3876.866455078125,1935002
2024-10-31,3766.577880859375,3740372
2024-11-01,3781.526611328125,154895
2024-11-04,3762.49658203125,2269192
2024-11-05,3769.330322265625,967590
2024-11-06,3929.06884765625,3792017
2024-11-07,3939.746337890625,3724349
2024-11-08,3936.044921875,1648039
2024-11-11,3985.115234375,1406487
2024-11-12,3983.881103515625,1587640
2024-11-13,3939.224853515625,1098813
2024-11-14,3935.000732421875,1825432
2024-11-18,3815.031005859375,3313944
2024-11-19,3834.06103515625,1776233
2024-11-21,3865.6669921875,2384347
2024-11-22,4028.680419921875,3096553
2024-11-25,4095.594482421875,4052167
2024-11-26,4131.28125,2060669
2024-11-27,4112.15576171875,1558993
2024-11-28,4028.96484375,2558544
2024-11-29,4053.59423828125,2017425
2024-12-02,4059.099609375,1670944
2024-12-03,4083.8720703125,2010905
2024-12-04,4132.89501953125,3302642
2024-12-05,4236.966796875,3746747
2024-12-06,4219.36083984375,1842087
2024-12-09,4225.67236328125,2066639
2024-12-10,4207.0693359375,2087828
2024-12-11,4202.22900390625,1635256
2024-12-12,4228.330078125,1914642
2024-12-13,4246.3154296875,1967048
2024-12-16,4190.60205078125,1646224
2024-12-17,4108.3125,3225027
2024-12-18,4126.677734375,1575404
2024-12-19,4054.591796875,3015763
2024-12-20,3958.159423828125,4116989
2024-12-23,3946.769775390625,2195338
2024-12-24,3966.891845703125,1181886
2024-12-26,3957.02099609375,1208464
2024-12-27,3952.987060546875,858100
2024-12-30,3947.244384765625,1527169
2024-12-31,3886.50048828125,1555429
2025-01-01,3903.2529296875,763161
2025-01-02,3963.33251953125,1720835
2025-01-03,3891.3408203125,1791953
2025-01-06,3886.6904296875,2085593
2025-01-07,3823.383056640625,2669054
2025-01-08,3899.408447265625,2181277
2025-01-09,3833.396728515625,2392472
2025-01-10,4048.65966796875,7894300
2025-01-13,4072.815185546875,4003771
2025-01-14,4017.717529296875,3441709
2025-01-15,4033.42626953125,1653474
2025-01-16,3992.328369140625,2637705
2025-01-17,3986.52880859375,1761466
2025-01-20,3941.58251953125,1287799
2025-01-21,3901.033935546875,1971591
2025-01-22,4017.750244140625,2409223
2025-01-23,4006.972900390625,1822998
2025-01-24,4013.641845703125,1910099
2025-01-27,3929.354736328125,1551782
2025-01-28,3905.335205078125,2468272
2025-01-29,3962.84716796875,1217089
2025-01-30,3963.088623046875,1531251
2025-01-31,3975.0263671875,1492943
2025-02-01,3937.087646484375,437172
2025-02-03,3932.737548828125,1265713
2025-02-04,3969.854736328125,2547132
2025-02-05,3954.43798828125,1693912
2025-02-06,3946.36669921875,2284536
2025-02-07,3894.798828125,1548940
2025-02-10,3902.096923828125,1339511
2025-02-11,3831.149169921875,1810908
2025-02-12,3818.1962890625,1678002
2025-02-13,3779.532470703125,2277310
2025-02-14,3803.407470703125,1681975
2025-02-17,3774.071044921875,1799806
2025-02-18,3743.816650390625,2149879
2025-02-19,3657.693359375,4366672
2025-02-20,3653.150146484375,2888572
2025-02-21,3659.52978515625,1833931
2025-02-24,3552.81787109375,2508516
2025-02-25,3508.305908203125,4101954
2025-02-27,3491.873779296875,3823856
2025-02-28,3366.89306640625,7085018
2025-03-03,3376.365478515625,4990439
2025-03-04,3414.06298828125,2797737
2025-03-05,3428.56201171875,2501894
2025-03-06,3481.28955078125,2786513
2025-03-07,3490.568603515625,2051315
2025-03-10,3469.73876953125,1004626
2025-03-11,3455.8681640625,1995450
2025-03-12,3389.076416015625,3174167
2025-03-13,3393.764404296875,1693004
2025-03-17,3380.860107421875,2690906
2025-03-18,3380.860107421875,0
2025-03-19,3380.28076171875,3051244
2025-03-20,3444.1240234375,2845192
2025-03-21,3458.57470703125,4161925
2025-03-24,3507.725830078125,1834751
2025-03-25,3535.56396484375,3135390
2025-03-26,3514.34716796875,1734499
2025-03-27,3529.23291015625,2528474
2025-03-28,3485.6875,2051919
2025-04-01,3432.1865234375,2618493
2025-04-02,3425.565185546875,1764313
2025-04-03,3289.46875,4537821
2025-04-04,3189.184326171875,5317367
2025-04-07,3164.68115234375,6623955
2025-04-08,3182.949951171875,5557558
2025-04-09,3138.148193359375,2990265
2025-04-11,3123.552734375,7108961
2025-04-15,3139.69482421875,3512160
2025-04-16,3164.439697265625,2384391
2025-04-17,3188.701171875,2932346
2025-04-21,3210.64306640625,2432946
2025-04-22,3203.68310546875,2710498
2025-04-23,3298.989990234375,3543923
2025-04-24,3287.970458984375,2252175
2025-04-25,3332.82080078125,2742991
2025-04-28,3328.470703125,1593296
2025-04-29,3356.501953125,1578332
2025-04-30,3338.330078125,2809332
2025-05-02,3316.38818359375,1721761
2025-05-05,3338.909912109375,1284443
2025-05-06,3344.419677734375,1324763
2025-05-07,3330.017333984375,1477128
2025-05-08,3333.6904296875,2543591
2025-05-09,3325.378173828125,2531757
2025-05-12,3499.46142578125,2228678
2025-05-13,3397.582275390625,3062887
2025-05-14,3430.15673828125,2119499
2025-05-15,3460.314453125,3548330
2025-05-16,3442.335693359375,1666727
2025-05-19,3401.255615234375,2537377
2025-05-20,3381.4404296875,2038374
2025-05-21,3408.021728515625,1440153
2025-05-22,3360.851806640625,2034383
2025-05-23,3397.195556640625,1274331
2025-05-26,3419.137451171875,967470
2025-05-27,3381.826904296875,2467680
2025-05-28,3380.860107421875,1222933
2025-05-29,3381.247314453125,3188072
2025-05-30,3347.705810546875,3404365
2025-06-02,3334.560546875,1877585
2025-06-03,3291.4501953125,2848125
2025-06-04,3297.0087890625,2544807
2025-06-05,3287.451904296875,3584683
2025-06-06,3300.226806640625,2070390
2025-06-09,3336.991455078125,1718678
2025-06-10,3376.97412109375,2419874
2025-06-11,3385.750732421875,2847013
2025-06-12,3348.986083984375,4060134
2025-06-13,3360.200927734375,2178493
2025-06-16,3409.54541015625,1934088
2025-06-17,3428.073974609375,2111940
2025-06-18,3365.75927734375,2696327
2025-06-19,3339.039306640625,2672768
2025-06-20,3350.448974609375,2351248
2025-06-23,3309.393798828125,3123421
2025-06-24,3306.27294921875,3403048
2025-06-25,3359.3232421875,1757699
2025-06-26,3356.397705078125,2879106
2025-06-27,3355.71533203125,1778433
2025-06-30,3376.096435546875,1468351
2025-07-01,3344.59814453125,2375183
2025-07-02,3338.356689453125,3090585
2025-07-03,3316.4150390625,2531870
2025-07-04,3334.943603515625,1109320
2025-07-07,3327.044677734375,1639174
2025-07-08,3321.680908203125,2325242
2025-07-09,3299.8369140625,2034938
2025-07-10,3298.081298828125,3035012
2025-07-11,3184.959716796875,7635550
2025-07-14,3142.734130859375,3924009
2025-07-15,3171.599853515625,2590889
2025-07-16,3163.576171875,2540733
2025-07-17,3140.18994140625,2947640
2025-07-18,3121.304931640625,3432645
2025-07-21,3090.28662109375,3844346
2025-07-22,3091.65673828125,3198036
2025-07-23,3110.7373046875,1922875
2025-07-24,3080.30615234375,2934778
2025-07-25,3068.368408203125,2568917
2025-07-28,3013.083251953125,3374473
2025-07-29,2990.284423828125,4785312
2025-07-30,2987.93603515625,2880121
2025-07-31,2971.497314453125,2968371
2025-08-01,2938.424072265625,2053847
2025-08-04,3008.28857421875,2519252
2025-08-05,2998.014404296875,1927996
2025-08-06,2967.093994140625,1487081
2025-08-07,2981.47802734375,2543076
2025-08-08,2971.105712890625,2762140
2025-08-11,2975.411376953125,1884215
2025-08-12,2970.127197265625,3358232
2025-08-13,2970.91015625,2148166
2025-08-14,2957.30908203125,3342174
2025-08-18,2946.44775390625,2945609
2025-08-19,2951.34033203125,2650784
2025-08-20,3031.96826171875,4952358
2025-08-21,3035.882568359375,3230726
2025-08-22,2988.327392578125,1593791
2025-08-25,3073.065185546875,3448370
2025-08-26,3089.308349609375,5522097
2025-08-28,3027.173583984375,3116051
2025-08-29,3018.3671875,2271789
2025-09-01,3045.667236328125,1246862
2025-09-02,3044.5908203125,2185229
2025-09-03,3030.891845703125,1799774
2025-09-04,3029.130859375,1481391
2025-09-05,2982.75,2802055
2025-09-08,2954.080078125,2626187
2025-09-09,2983.826171875,2489301
2025-09-10,3043.123291015625,2079428
2025-09-11,3057.017822265625,2263446
2025-09-12,3066.02001953125,1447167
2025-09-15,3044.982177734375,1732539
2025-09-16,3078.0556640625,2573429
2025-09-17,3104.57275390625,2418271
2025-09-18,3108.388916015625,2633138
2025-09-19,3101.050048828125,4901694
2025-09-22,3007.70166015625,3634901
2025-09-23,2996.546630859375,3177741
2025-09-24,2970.127197265625,1625714
2025-09-25,2893.804443359375,4974361
2025-09-26,2836.758544921875,3934636
2025-09-29,2833.82275390625,3110035
2025-09-30,2826.288330078125,2253458
2025-10-01,2851.53369140625,1952902
2025-10-03,2839.498046875,2899519
2025-10-06,2924.137939453125,2112774
2025-10-07,2909.75390625,3062943
2025-10-08,2962.103515625,4121889
2025-10-09,2995.86181640625,3211304
2025-10-10,2963.179931640625,8817365
2025-10-13,2942.533935546875,2866865
2025-10-14,2896.642333984375,3611416
2025-10-15,2916.7763671875,4282226
2025-10-16,2917.66015625,3251495
2025-10-17,2909.311767578125,4374683
2025-10-20,2961.365478515625,3133039
2025-10-21,2953.017333984375,310644
2025-10-23,3018.330078125,5564758
2025-10-24,3008.508544921875,2684318
2025-10-27,3029.821044921875,1946312
2025-10-28,3003.30322265625,3470737
2025-10-29,3003.0087890625,2895420
2025-10-30,2981.106689453125,2241536
2025-10-31,3003.4013671875,1868085
2025-11-03,2962.93701171875,2194877
2025-11-04,2936.81201171875,2670720
2025-11-06,2957.142333984375,2542721
2025-11-07,2938.383544921875,1830520
2025-11-10,2971.18701171875,1556656
2025-11-11,2992.597900390625,2806868
2025-11-12,3075.8837890625,4460315
2025-11-13,3050.249755859375,1740435
2025-11-14,3050.54443359375,2210794
2025-11-17,3046.812255859375,2232853
2025-11-18,3031.98193359375,2548350
2025-11-19,3091.499755859375,3151053
2025-11-20,3088.65185546875,2700767
2025-11-21,3094.34814453125,4177037
2025-11-24,3085.115966796875,6703764
2025-11-25,3063.5087890625,2737920
2025-11-26,3106.428466796875,2508527
2025-11-27,3080.59814453125,2836233
2025-11-28,3081.48193359375,1616690
2025-12-01,3077.455078125,1747647
2025-12-02,3079.714111328125,2512003
2025-12-03,3123.22314453125,3952112
2025-12-04,3171.544677734375,5025905
2025-12-05,3180.384033203125,5244013
2025-12-08,3178.71435546875,2544725
2025-12-09,3151.01806640625,2734893
2025-12-10,3132.259033203125,1386849
2025-12-11,3134.91064453125,1914362
2025-12-12,3163.0,1146554
2025-12-15,3172.52685546875,1562190
2025-12-16,3147.875244140625,1734623
2025-12-17,3160.348388671875,1376350
2025-12-18,3222.2236328125,2307422
2025-12-19,3223.402099609375,3902511
2025-12-22,3265.5361328125,2632816
2025-12-23,3250.902099609375,2365420
2025-12-24,3259.741455078125,1367708
2025-12-26,3221.437744140625,1176664
2025-12-29,3193.446533203125,2079473
2025-12-30,3188.83056640625,2807593
2025-12-31,3148.955322265625,3362634
2026-01-01,3169.77685546875,1255735
2026-01-02,3192.660888671875,1184324
2026-01-05,3158.6787109375,2341703
2026-01-06,3197.669921875,2912325
2026-01-07,3236.75927734375,1989442
2026-01-08,3146.6962890625,4159336
2026-01-09,3150.52685546875,1938673
2026-01-12,3181.75927734375,2228342
2026-01-13,3209.652099609375,5645341
2026-01-14,3135.5,3539511
2026-01-15,3135.5,0
2026-01-16,3206.699951171875,4293470
2026-01-19,3163.60009765625,3387562
2026-01-20,3102.300048828125,4499273
2026-01-21,3122.60009765625,2015150
2026-01-22,3150.39990234375,2269827
2026-01-23,3162.5,2068857
2026-01-27,3158.0,4279874
2026-01-28,3200.10009765625,2751234
2026-01-29,3144.39990234375,2457641
2026-01-30,3123.89990234375,3022068
2026-02-02,3169.60009765625,2636272
2026-02-03,3225.300048828125,4366060
2026-02-04,2999.10009765625,10852595
2026-02-05,2991.5,3521545
2026-02-06,2941.60009765625,4687389
2026-02-09,2948.199951171875,2380318
2026-02-10,2984.60009765625,3547763
2026-02-11,2909.800048828125,3363513
2026-02-12,2750.10009765625,10612156
2026-02-13,2692.199951171875,11168735
2026-02-16,2706.60009765625,2918730
2026-02-17,2717.39990234375,4209118
2026-02-18,2694.89990234375,2950820
2026-02-19,2677.89990234375,3238849
2026-02-20,2686.199951171875,2293482
2026-02-23,2676.300048828125,4699596
