date,adj_close,volume
2015-01-01,462.6291198730469,489388
2015-01-02,464.8936767578125,1025204
2015-01-05,457.1373291015625,770804
2015-01-06,452.2338562011719,1959932
2015-01-07,450.12091064453125,1331532
2015-01-08,457.6543884277344,1760940
2015-01-09,477.9280700683594,3004040
2015-01-12,491.0604248046875,3457052
2015-01-13,492.3265686035156,3020512
2015-01-14,497.75604248046875,1642216
2015-01-15,496.01739501953125,2348088
2015-01-16,502.2850646972656,3840948
2015-01-19,499.3072204589844,1066204
2015-01-20,499.5836486816406,1248036
2015-01-21,498.638427734375,2102312
2015-01-22,491.79156494140625,2468964
2015-01-23,495.83013916015625,1997508
2015-01-27,502.2313232421875,1976488
2015-01-28,512.341552734375,2378628
2015-01-29,517.8779296875,3780160
2015-01-30,511.4767150878906,4703872
2015-02-02,516.2108154296875,7806000
2015-02-03,520.5079956054688,2436904
2015-02-04,508.5791015625,1751448
2015-02-05,511.343017578125,1602784
2015-02-06,510.0234069824219,1711276
2015-02-09,502.90899658203125,1355964
2015-02-10,492.57611083984375,2848392
2015-02-11,506.7069396972656,2885288
2015-02-12,518.7516479492188,1398956
2015-02-13,514.6951904296875,1367488
2015-02-16,517.0131225585938,1739352
2015-02-18,515.7114868164062,4645928
2015-02-19,504.63848876953125,2996608
2015-02-20,501.08135986328125,1555608
2015-02-23,495.4735412597656,2152512
2015-02-24,497.7113037109375,1746308
2015-02-25,492.5849304199219,2624308
2015-02-26,490.0083923339844,4260476
2015-02-27,505.6370849609375,2109468
2015-03-02,509.9700927734375,1640164
2015-03-03,518.609130859375,2013832
2015-03-04,513.4380493164062,2200520
2015-03-05,513.197265625,1725044
2015-03-09,501.2864685058594,2569948
2015-03-10,506.35919189453125,2513260
2015-03-11,520.953857421875,5020084
2015-03-12,509.42620849609375,4443664
2015-03-13,502.54339599609375,2839984
2015-03-16,504.24627685546875,4702048
2015-03-17,510.4781799316406,5144028
2015-03-18,499.3516845703125,15227544
2015-03-19,490.0976257324219,5621879
2015-03-20,483.7854309082031,3616042
2015-03-23,468.450927734375,3672301
2015-03-24,470.483642578125,3793847
2015-03-25,468.1300354003906,3053431
2015-03-26,464.4212341308594,3774322
2015-03-27,460.67669677734375,3223159
2015-03-30,447.16094970703125,3887546
2015-03-31,449.12237548828125,3125329
2015-04-01,451.2621765136719,4892589
2015-04-06,458.8579406738281,5050758
2015-04-07,465.6336975097656,1922672
2015-04-08,479.50616455078125,3505745
2015-04-09,478.1509094238281,1882337
2015-04-10,470.8759765625,1675314
2015-04-13,473.87152099609375,1357726
2015-04-15,470.62628173828125,3785304
2015-04-16,467.9160461425781,1850395
2015-04-17,457.21746826171875,2224178
2015-04-20,450.97674560546875,2301636
2015-04-21,454.6855773925781,1504719
2015-04-22,449.193603515625,3464944
2015-04-23,438.78045654296875,3887545
2015-04-24,419.0239562988281,3375425
2015-04-27,418.84564208984375,4643882
2015-04-28,434.0732116699219,1776573
2015-04-29,439.9930419921875,1729917
2015-04-30,443.16680908203125,2983762
2015-05-04,436.3198547363281,2859253
2015-05-05,435.0360412597656,2826920
2015-05-06,434.28717041015625,3148933
2015-05-07,438.10284423828125,1954517
2015-05-08,443.20257568359375,1400231
2015-05-11,450.26361083984375,2019842
2015-05-12,439.4936828613281,2539734
2015-05-13,439.6007080078125,2839628
2015-05-14,438.9588317871094,1443799
2015-05-15,441.0271911621094,1245727
2015-05-18,436.9261169433594,2241358
2015-05-19,441.66912841796875,1760702
2015-05-20,457.0392150878906,2353164
2015-05-21,467.59503173828125,2427489
2015-05-22,475.7615966796875,1589768
2015-05-25,462.49542236328125,1795055
2015-05-26,456.64697265625,2608856
2015-05-27,391.63580322265625,22929044
2015-05-28,388.78289794921875,11498735
2015-05-29,395.4159851074219,4961544
2015-06-01,392.7056579589844,1842699
2015-06-02,391.8498229980469,2276829
2015-06-03,390.3876647949219,3675701
2015-06-04,397.44873046875,2352012
2015-06-05,394.7740478515625,1385964
2015-06-08,392.6700439453125,1412942
2015-06-09,385.5020751953125,3680213
2015-06-10,396.7710876464844,2135795
2015-06-11,397.6626892089844,2140594
2015-06-12,393.3119812011719,1974142
2015-06-15,395.16632080078125,1749558
2015-06-16,393.3119812011719,1591051
2015-06-17,391.6715393066406,1913683
2015-06-18,386.00128173828125,3012586
2015-06-19,388.1053771972656,2307788
2015-06-22,393.3119812011719,1939726
2015-06-23,394.84539794921875,760738
2015-06-24,388.925537109375,3296386
2015-06-25,377.8703918457031,5294305
2015-06-26,372.16461181640625,3503690
2015-06-29,344.7408142089844,11484481
2015-06-30,340.7823486328125,12372399
2015-07-01,346.7378234863281,4380793
2015-07-02,341.8522644042969,2751848
2015-07-03,336.3603210449219,2800735
2015-07-06,331.33203125,2655385
2015-07-07,336.2176818847656,2972045
2015-07-08,335.4331970214844,3449261
2015-07-09,338.2860107421875,2410385
2015-07-10,338.07208251953125,1847909
2015-07-13,339.35589599609375,2244361
2015-07-14,340.14044189453125,2094711
2015-07-15,342.3158264160156,1691337
2015-07-16,350.767578125,2547683
2015-07-17,358.1495666503906,5006283
2015-07-20,357.1866760253906,3004605
2015-07-21,363.3205261230469,3506058
2015-07-22,363.8554382324219,2086049
2015-07-23,360.8963928222656,2670981
2015-07-24,368.8353271484375,2285622
2015-07-27,374.9698791503906,4208795
2015-07-28,377.8567810058594,6316959
2015-07-29,379.3003234863281,2061983
2015-07-30,378.4342041015625,6558111
2015-07-31,383.01715087890625,1229591
2015-08-03,377.89288330078125,811778
2015-08-04,391.2086486816406,2145670
2015-08-05,397.37933349609375,2640419
2015-08-06,385.32666015625,1547635
2015-08-07,386.22882080078125,1367440
2015-08-10,383.19757080078125,600681
2015-08-11,390.1982727050781,1434009
2015-08-12,402.3953552246094,3674098
2015-08-13,397.88458251953125,2714434
2015-08-14,400.59100341796875,2257748
2015-08-17,398.317626953125,2144457
2015-08-18,405.9317321777344,2130201
2015-08-19,404.3800354003906,1599058
2015-08-20,403.36962890625,2873282
2015-08-21,406.3648376464844,1329500
2015-08-24,377.92901611328125,3422600
2015-08-25,381.06854248046875,3057676
2015-08-26,366.1288146972656,2169411
2015-08-27,374.9698791503906,2967588
2015-08-28,372.6242980957031,1642669
2015-08-31,371.6861267089844,2104443
2015-09-01,369.73748779296875,1340532
2015-09-02,386.8422546386719,2308033
2015-09-03,390.01788330078125,2220020
2015-09-04,382.00677490234375,1438221
2015-09-07,388.2856750488281,1222028
2015-09-08,387.7083740234375,1074692
2015-09-09,384.9658203125,1271196
2015-09-10,385.2544250488281,929833
2015-09-11,378.93939208984375,873940
2015-09-14,379.4806823730469,1784462
2015-09-15,390.3787536621094,1366805
2015-09-16,392.7243347167969,722804
2015-09-18,405.2461242675781,1907266
2015-09-21,409.5764465332031,995389
2015-09-22,402.5757141113281,1172885
2015-09-23,401.3487548828125,943910
2015-09-24,409.4681396484375,1226153
2015-09-28,413.8345947265625,1603999
2015-09-29,411.6694641113281,1765081
2015-09-30,402.2509765625,2795413
2015-10-01,406.3287353515625,2014882
2015-10-05,411.3086242675781,2111594
2015-10-06,407.5917053222656,1834106
2015-10-07,408.7103576660156,1150506
2015-10-08,406.3287353515625,1534024
2015-10-09,405.02960205078125,1124964
2015-10-12,406.14825439453125,758836
2015-10-13,404.88525390625,639491
2015-10-14,395.53900146484375,950851
2015-10-15,393.5542297363281,1833925
2015-10-16,393.9151611328125,1934451
2015-10-19,390.88385009765625,1446786
2015-10-20,395.57501220703125,1060182
2015-10-21,389.33221435546875,1566054
2015-10-23,389.8012390136719,1229160
2015-10-26,391.6417541503906,814364
2015-10-27,388.863037109375,839550
2015-10-28,396.6216125488281,1731286
2015-10-29,396.22467041015625,3049427
2015-10-30,389.11566162109375,879393
2015-11-02,401.312744140625,1862983
2015-11-03,401.8179016113281,1884815
2015-11-04,391.8221740722656,3424936
2015-11-05,386.0844421386719,1057337
2015-11-06,385.00189208984375,1218451
2015-11-09,384.2441101074219,2136740
2015-11-10,378.86724853515625,860680
2015-11-13,375.3308410644531,860928
2015-11-16,372.37176513671875,1347660
2015-11-17,377.8207702636719,2175347
2015-11-18,372.9130859375,892774
2015-11-19,385.6874694824219,1214934
2015-11-20,386.0483703613281,1126241
2015-11-23,389.00738525390625,839938
2015-11-24,387.96087646484375,985303
2015-11-26,382.2232666015625,3051131
2015-11-27,385.6152648925781,772320
2015-11-30,385.00189208984375,2080681
2015-12-01,391.2808837890625,1079295
2015-12-02,389.72906494140625,715680
2015-12-03,391.6055908203125,852540
2015-12-04,387.0948486328125,938866
2015-12-07,393.0851135253906,788606
2015-12-08,383.01715087890625,1061492
2015-12-09,380.599365234375,1223560
2015-12-10,388.8270263671875,702931
2015-12-11,387.5279235839844,926348
2015-12-14,392.36346435546875,773988
2015-12-15,375.2586669921875,2697637
2015-12-16,377.7124328613281,1399927
2015-12-17,382.5118713378906,2067366
2015-12-18,377.64031982421875,1534964
2015-12-21,376.6298522949219,874232
2015-12-22,374.9698791503906,666767
2015-12-23,373.88739013671875,697224
2015-12-24,373.0934753417969,453150
2015-12-28,374.4286193847656,1083432
2015-12-29,374.5369567871094,570433
2015-12-30,379.0115661621094,1227498
2015-12-31,376.4855651855469,421683
2016-01-01,375.3308410644531,312042
2016-01-04,372.696533203125,2684305
2016-01-05,376.6659851074219,1707124
2016-01-06,378.9754943847656,1456740
2016-01-07,368.6549072265625,2014798
2016-01-08,376.8464660644531,1426135
2016-01-11,366.1288146972656,1791903
2016-01-12,366.2010192871094,1836753
2016-01-13,364.072021484375,1431164
2016-01-14,370.9644775390625,2022474
2016-01-15,375.691650390625,1612782
2016-01-18,373.418212890625,1035936
2016-01-19,369.8818359375,978429
2016-01-20,365.9123229980469,2002842
2016-01-21,366.16497802734375,1873696
2016-01-22,371.1448669433594,894565
2016-01-25,371.3614196777344,689789
2016-01-27,363.06158447265625,2171390
2016-01-28,360.8963928222656,2091098
2016-01-29,361.8707580566406,1583928
2016-02-01,359.1282043457031,2717866
2016-02-02,342.42034912109375,5733789
2016-02-03,340.79644775390625,2019903
2016-02-04,338.81170654296875,1465102
2016-02-05,342.8894348144531,1196754
2016-02-08,339.67779541015625,598666
2016-02-09,323.5112609863281,2352111
2016-02-10,317.8457336425781,2686031
2016-02-11,311.7472229003906,1731120
2016-02-12,310.33984375,1443312
2016-02-15,310.556396484375,1888109
2016-02-16,305.1795654296875,979478
2016-02-17,310.0151062011719,1169666
2016-02-18,309.9068298339844,1262032
2016-02-19,317.9179382324219,1644603
2016-02-22,311.5667724609375,1155619
2016-02-23,309.3294372558594,1074713
2016-02-24,304.6021728515625,822293
2016-02-25,300.4523010253906,2406282
2016-02-26,301.498779296875,1912583
2016-02-29,299.9110107421875,1555018
2016-03-01,311.9637145996094,1570024
2016-03-02,328.77984619140625,2339747
2016-03-03,333.2544860839844,2371409
2016-03-04,325.6763916015625,2756908
2016-03-08,323.9443054199219,2050957
2016-03-09,334.98663330078125,4030260
2016-03-10,336.4300537109375,3266594
2016-03-11,330.5841064453125,1025718
2016-03-14,339.3529968261719,5115313
2016-03-15,332.20794677734375,996244
2016-03-16,336.1774597167969,1223337
2016-03-17,351.2974853515625,2474194
2016-03-18,355.4112548828125,3064899
2016-03-21,353.7152404785156,1653354
2016-03-22,349.4571228027344,2064995
2016-03-23,346.3536682128906,1458923
2016-03-28,342.6007995605469,3609846
2016-03-29,337.4765930175781,2044000
2016-03-30,341.2655944824219,3203825
2016-03-31,342.7812194824219,4630177
2016-04-01,334.228759765625,2394963
2016-04-04,339.60565185546875,1708093
2016-04-05,333.6153564453125,1430387
2016-04-06,326.939453125,2671558
2016-04-07,320.76873779296875,1891494
2016-04-08,328.9963073730469,2043759
2016-04-11,338.91998291015625,1008816
2016-04-12,335.203125,1901106
2016-04-13,340.2190856933594,1062026
2016-04-18,344.04425048828125,1780726
2016-04-20,348.9880065917969,1450742
2016-04-21,343.7916259765625,1179377
2016-04-22,346.3536682128906,2058353
2016-04-25,340.652099609375,784214
2016-04-26,343.1781921386719,1123091
2016-04-27,345.8844909667969,955123
2016-04-28,346.5341491699219,4152895
2016-04-29,350.86444091796875,2295767
2016-05-02,344.40509033203125,1076011
2016-05-03,337.1878967285156,1721645
2016-05-04,337.0074768066406,1379336
2016-05-05,345.956787109375,1484568
2016-05-06,341.409912109375,948747
2016-05-09,345.4154357910156,827632
2016-05-10,348.3745422363281,2296911
2016-05-11,342.0234375,1749723
2016-05-12,347.2919616699219,1123199
2016-05-13,346.281494140625,1078921
2016-05-16,351.44183349609375,1732776
2016-05-17,349.1683654785156,868879
2016-05-18,349.85406494140625,1371699
2016-05-19,349.31280517578125,1292336
2016-05-20,343.4307861328125,741237
2016-05-23,343.86376953125,1069529
2016-05-24,346.6062927246094,2610091
2016-05-25,381.4293518066406,10804773
2016-05-26,391.3890075683594,3270866
2016-05-27,386.7701416015625,1572528
2016-05-30,392.2912292480469,2901801
2016-05-31,389.9817810058594,2896981
2016-06-01,389.72906494140625,1093756
2016-06-02,394.167724609375,1862166
2016-06-03,398.1732482910156,1706048
2016-06-06,389.4404602050781,1614098
2016-06-07,387.0588073730469,1763517
2016-06-08,386.58966064453125,739380
2016-06-09,385.7236022949219,1085142
2016-06-10,387.96087646484375,565211
2016-06-13,385.470947265625,852440
2016-06-14,384.89361572265625,736886
2016-06-15,390.3787536621094,648970
2016-06-16,384.74920654296875,1181394
2016-06-17,386.30096435546875,946013
2016-06-20,392.83251953125,1592795
2016-06-21,386.1205749511719,1344360
2016-06-22,384.49664306640625,1211966
2016-06-23,383.4861755371094,1027592
2016-06-24,365.9483337402344,3567473
2016-06-27,364.21630859375,1135682
2016-06-28,361.5820007324219,1518673
2016-06-29,364.4328308105469,1209538
2016-06-30,365.0101623535156,2334281
2016-07-01,369.0879821777344,715389
2016-07-04,374.6451416015625,1250195
2016-07-05,371.8665466308594,456205
2016-07-07,364.14410400390625,1036078
2016-07-08,362.9894104003906,733349
2016-07-11,366.92279052734375,729356
2016-07-12,366.0567321777344,931824
2016-07-13,365.58758544921875,1194115
2016-07-14,373.9595031738281,753846
2016-07-15,363.78326416015625,2417368
2016-07-18,365.6236877441406,1132642
2016-07-19,366.34539794921875,1013525
2016-07-20,364.7215270996094,1424321
2016-07-21,364.6854248046875,528981
2016-07-22,364.3966979980469,1008674
2016-07-25,366.92279052734375,1028518
2016-07-26,362.6646423339844,3069751
2016-07-27,363.9276123046875,744952
2016-07-28,358.9742126464844,1867921
2016-07-29,360.7485046386719,1134853
2016-08-01,362.375,2125956
2016-08-02,369.06585693359375,4792350
2016-08-03,367.36541748046875,1196987
2016-08-04,369.6203308105469,793067
2016-08-05,365.9976806640625,1681614
2016-08-08,372.35577392578125,913042
2016-08-09,371.505615234375,1299439
2016-08-10,367.5872802734375,1326514
2016-08-11,369.7312316894531,1681953
2016-08-12,364.7408447265625,3618973
2016-08-16,357.0519714355469,2087382
2016-08-17,350.9156494140625,913427
2016-08-18,347.1081848144531,1005420
2016-08-19,349.84368896484375,3664586
2016-08-22,344.77935791015625,1107412
2016-08-23,344.3727111816406,1617568
2016-08-24,345.2969055175781,894108
2016-08-25,338.6800231933594,1769817
2016-08-26,340.0478210449219,857182
2016-08-29,332.3588562011719,797904
2016-08-30,342.2657470703125,981748
2016-08-31,346.5906066894531,1779070
2016-09-01,346.8494567871094,1046734
2016-09-02,348.8455810546875,1070131
2016-09-06,354.90789794921875,1553926
2016-09-07,348.8455810546875,1254946
2016-09-08,339.38232421875,3145694
2016-09-09,338.8278503417969,1469794
2016-09-12,342.93109130859375,1746181
2016-09-14,345.03814697265625,1321007
2016-09-15,342.1178283691406,956858
2016-09-16,344.0030822753906,1477056
2016-09-19,344.9641418457031,1134564
2016-09-20,341.711181640625,913111
2016-09-21,340.93487548828125,2142358
2016-09-22,336.2032775878906,2766927
2016-09-23,336.0924377441406,2221151
2016-09-26,331.915283203125,1027167
2016-09-27,331.1020202636719,1306463
2016-09-28,325.66802978515625,1785763
2016-09-29,315.7982482910156,4331711
2016-09-30,310.40130615234375,2210429
2016-10-03,311.02960205078125,1754766
2016-10-04,316.94415283203125,2145572
2016-10-05,314.43048095703125,1476240
2016-10-06,311.0665588378906,1559084
2016-10-07,310.32733154296875,1562901
2016-10-10,311.8799133300781,997527
2016-10-13,312.1386413574219,2473032
2016-10-14,309.84674072265625,6379695
2016-10-17,302.0469665527344,3248168
2016-10-18,314.2826232910156,7264158
2016-10-19,314.134765625,4525016
2016-10-20,314.20867919921875,2133653
2016-10-21,320.93646240234375,4853235
2016-10-24,317.27685546875,2292196
2016-10-25,320.8995056152344,1684650
2016-10-26,312.7670593261719,2685974
2016-10-27,306.15020751953125,3706854
2016-10-28,322.0823974609375,12710319
2016-11-01,320.5298156738281,4643934
2016-11-02,317.7573547363281,3387397
2016-11-03,316.4266357421875,2159069
2016-11-04,317.9422302246094,7835863
2016-11-07,328.8840637207031,7039296
2016-11-08,335.75970458984375,5501834
2016-11-09,321.2322082519531,4852450
2016-11-10,326.96185302734375,3301285
2016-11-11,317.461669921875,1161656
2016-11-15,318.6076354980469,6787283
2016-11-16,327.9599304199219,9156138
2016-11-17,326.6661376953125,2616362
2016-11-18,329.216796875,2041621
2016-11-21,330.5845031738281,2718966
2016-11-22,335.20526123046875,2409601
2016-11-23,334.98345947265625,1950811
2016-11-24,339.08660888671875,2574455
2016-11-25,360.23101806640625,4561987
2016-11-28,361.7835693359375,2279428
2016-11-29,357.71734619140625,2029150
2016-11-30,358.7154541015625,2604888
2016-12-01,351.2113342285156,2059534
2016-12-02,349.9915466308594,2450542
2016-12-05,341.8590393066406,1727408
2016-12-06,344.114013671875,1073627
2016-12-07,336.8318176269531,1540255
2016-12-08,342.8571472167969,1158682
2016-12-09,348.7347106933594,2017058
2016-12-12,347.0343017578125,709914
2016-12-13,358.23486328125,1863492
2016-12-14,352.3942565917969,1702307
2016-12-15,352.9857482910156,3292408
2016-12-16,352.76397705078125,2185723
2016-12-19,349.95452880859375,1389090
2016-12-20,352.4682312011719,1919780
2016-12-21,350.7677917480469,667563
2016-12-22,350.39813232421875,932766
2016-12-23,345.3338317871094,942216
2016-12-26,342.7462158203125,572307
2016-12-27,346.1471252441406,1061513
2016-12-28,350.54595947265625,1658315
2016-12-29,356.8671569824219,2079991
2016-12-30,361.450927734375,1817123
2017-01-02,360.78558349609375,1203138
2017-01-03,363.4100646972656,1006546
2017-01-04,370.1008605957031,1989140
2017-01-05,360.8594970703125,2295824
2017-01-06,347.29302978515625,3307502
2017-01-09,350.0284423828125,1812454
2017-01-10,350.06549072265625,1634891
2017-01-11,350.4720764160156,2058634
2017-01-12,355.7582092285156,1970093
2017-01-13,361.1551818847656,2754723
2017-01-16,360.1571350097656,1258527
2017-01-17,359.86138916015625,1233813
2017-01-18,357.5695495605469,1336551
2017-01-19,355.906005859375,1586512
2017-01-20,346.4797668457031,1442119
2017-01-23,347.25604248046875,1400660
2017-01-24,347.4039611816406,1255925
2017-01-25,344.2618103027344,3368794
2017-01-27,345.3338317871094,1795089
2017-01-30,348.66082763671875,3024028
2017-01-31,334.3179626464844,7804620
2017-02-01,332.46978759765625,4061099
2017-02-02,340.89794921875,3771089
2017-02-03,355.2037353515625,2677019
2017-02-06,353.022705078125,2105323
2017-02-07,348.1062927246094,1794349
2017-02-08,350.8787536621094,1754215
2017-02-09,358.5675964355469,3013021
2017-02-10,369.5833435058594,7225481
2017-02-13,369.3985290527344,1903851
2017-02-14,373.0581359863281,2664728
2017-02-15,366.4412536621094,2584154
2017-02-16,372.98419189453125,2591411
2017-02-17,372.2449035644531,1688519
2017-02-20,369.6203308105469,2610984
2017-02-21,375.49786376953125,3268863
2017-02-22,375.5348205566406,3036464
2017-02-23,372.35577392578125,5868525
2017-02-27,369.50946044921875,2250245
2017-02-28,369.2137145996094,31171453
2017-03-01,369.4724426269531,1979476
2017-03-02,369.5833435058594,2392413
2017-03-03,372.3927307128906,2136886
2017-03-06,369.6203308105469,1234125
2017-03-07,369.6203308105469,3221133
2017-03-08,363.6688537597656,1430424
2017-03-09,361.4878845214844,1752351
2017-03-10,351.765869140625,3875776
2017-03-14,354.76007080078125,4483127
2017-03-15,354.6122131347656,3941570
2017-03-16,355.6842041015625,4191349
2017-03-17,358.0130920410156,5857451
2017-03-20,356.2757263183594,3734239
2017-03-21,352.61614990234375,4422809
2017-03-22,351.4701232910156,2797599
2017-03-23,356.4605407714844,3259747
2017-03-24,350.54595947265625,2203312
2017-03-27,346.5906066894531,2457180
2017-03-28,336.90570068359375,5722292
2017-03-29,338.7909240722656,3227158
2017-03-30,340.971923828125,4028816
2017-03-31,339.4562683105469,2581903
2017-04-03,334.98345947265625,1914496
2017-04-05,330.4366760253906,2902998
2017-04-06,330.3996887207031,1926091
2017-04-07,327.6642150878906,3125291
2017-04-10,327.5533447265625,2111378
2017-04-11,329.1428527832031,1861086
2017-04-12,323.5610046386719,1728894
2017-04-13,317.86834716796875,1543616
2017-04-17,311.9537353515625,2595117
2017-04-18,309.6988220214844,2338492
2017-04-19,306.2980041503906,2638642
2017-04-20,310.8817443847656,2818261
2017-04-21,316.1678771972656,2668714
2017-04-24,317.3507995605469,1709076
2017-04-25,323.9306945800781,2575089
2017-04-26,315.7242431640625,3721058
2017-04-27,314.17181396484375,1450414
2017-04-28,308.2572326660156,1945081
2017-05-02,309.1443786621094,1568455
2017-05-03,310.40130615234375,1746287
2017-05-04,309.84674072265625,1009112
2017-05-05,305.3368835449219,1541496
2017-05-08,311.3623352050781,1938018
2017-05-09,315.09588623046875,4402442
2017-05-10,318.2010498046875,2018816
2017-05-11,321.4170227050781,2060011
2017-05-12,326.96185302734375,2696277
2017-05-15,327.2206726074219,1080719
2017-05-16,328.0708923339844,1820495
2017-05-17,318.53363037109375,1754010
2017-05-18,312.2125549316406,3934861
2017-05-19,307.6658020019531,2194511
2017-05-22,304.85638427734375,2734184
2017-05-23,307.3700256347656,4828731
2017-05-24,308.4050598144531,2039655
2017-05-25,314.9480285644531,3098044
2017-05-26,317.27685546875,2257516
2017-05-29,280.5329284667969,17135931
2017-05-30,287.0758056640625,2800579
2017-05-31,288.3327331542969,3844462
2017-06-01,294.025390625,4032660
2017-06-02,295.43011474609375,4221248
2017-06-05,297.7590026855469,1922945
2017-06-06,302.1209411621094,2846306
2017-06-07,295.65191650390625,4041108
2017-06-08,293.8036193847656,1811760
2017-06-09,285.9668273925781,2790651
2017-06-12,293.72967529296875,2889773
2017-06-13,290.84637451171875,1753491
2017-06-14,293.2861328125,1895223
2017-06-15,291.03118896484375,1244822
2017-06-16,288.55450439453125,1473093
2017-06-19,287.92608642578125,992872
2017-06-20,291.5487060546875,1458439
2017-06-21,289.0350646972656,1121823
2017-06-22,286.0777893066406,918944
2017-06-23,281.4570617675781,1741413
2017-06-27,281.0134582519531,4315500
2017-06-28,289.99615478515625,1883908
2017-06-29,287.4825134277344,1631484
2017-06-30,282.4181213378906,2365394
2017-07-03,281.8636474609375,1280684
2017-07-04,279.2391662597656,1328251
2017-07-05,278.8325500488281,1461628
2017-07-06,278.2040710449219,1964709
2017-07-07,280.93951416015625,1642197
2017-07-10,283.9707336425781,268891
2017-07-11,284.78399658203125,2362955
2017-07-12,286.3365173339844,687924
2017-07-13,287.7781982421875,940852
2017-07-14,287.5564270019531,1034584
2017-07-17,289.700439453125,1534113
2017-07-18,289.29376220703125,1584011
2017-07-19,293.3230895996094,1590684
2017-07-20,289.441650390625,1411026
2017-07-21,291.8075256347656,964314
2017-07-24,295.02349853515625,906007
2017-07-25,289.1459045410156,1358932
2017-07-26,287.8521423339844,1409292
2017-07-27,285.5060119628906,2627365
2017-07-28,288.57110595703125,1712222
2017-07-31,292.01458740234375,1535812
2017-08-01,304.57763671875,12617014
2017-08-02,304.27490234375,4071990
2017-08-03,308.1346435546875,4650231
2017-08-04,309.5346984863281,1957230
2017-08-07,307.5291748046875,1312508
2017-08-08,301.3990478515625,2108254
2017-08-09,298.0691223144531,1135609
2017-08-10,305.7507019042969,4990849
2017-08-11,304.8424987792969,2782291
2017-08-14,304.38836669921875,1213339
2017-08-16,317.82171630859375,5407314
2017-08-17,321.1895751953125,3175256
2017-08-18,324.5573425292969,3610728
2017-08-21,326.26019287109375,2657468
2017-08-22,332.5038757324219,4623000
2017-08-23,325.5790710449219,1576891
2017-08-24,323.6870422363281,2607190
2017-08-28,323.72491455078125,1888194
2017-08-29,326.7520446777344,3282938
2017-08-30,322.21124267578125,2380800
2017-08-31,324.027587890625,3782413
2017-09-01,320.4327087402344,1242275
2017-09-04,314.90802001953125,3250373
2017-09-05,323.8005065917969,3651996
2017-09-06,321.3409118652344,1553072
2017-09-07,322.4382629394531,983408
2017-09-08,326.0330810546875,1434311
2017-09-11,334.1308898925781,2373479
2017-09-12,334.0552673339844,1357481
2017-09-13,333.6011657714844,2339372
2017-09-14,334.0552673339844,1048243
2017-09-15,336.2500305175781,1959478
2017-09-18,336.8554992675781,1034355
2017-09-19,338.8610534667969,1001757
2017-09-20,339.7312927246094,755469
2017-09-21,348.3211364746094,2189490
2017-09-22,346.9210510253906,2254484
2017-09-25,342.0396728515625,2490162
2017-09-26,338.55828857421875,886702
2017-09-27,340.5260314941406,1908788
2017-09-28,343.931640625,3555144
2017-09-29,346.5047912597656,1412345
2017-10-03,350.62939453125,1901932
2017-10-04,351.95379638671875,1673214
2017-10-05,341.2828674316406,1237068
2017-10-06,345.74798583984375,1130586
2017-10-09,350.62939453125,997113
2017-10-10,352.8998107910156,1559112
2017-10-11,353.6188659667969,1624889
2017-10-12,358.8786926269531,1762764
2017-10-13,360.31658935546875,2187256
2017-10-16,358.5758972167969,1101381
2017-10-17,357.9704284667969,787447
2017-10-18,346.9588623046875,1414945
2017-10-19,346.8832092285156,128310
2017-10-23,350.47802734375,1319264
2017-10-24,344.196533203125,850860
2017-10-25,354.2620544433594,1583314
2017-10-26,361.1869201660156,2859405
2017-10-27,360.5436096191406,1292782
2017-10-30,367.46832275390625,3746798
2017-10-31,364.8195495605469,1509095
2017-11-01,369.7009582519531,3983511
2017-11-02,354.14862060546875,5545465
2017-11-03,350.74298095703125,1278344
2017-11-06,348.4725036621094,1701924
2017-11-07,356.07843017578125,4208801
2017-11-08,370.760498046875,3566147
2017-11-09,371.0254211425781,1803442
2017-11-10,371.5930480957031,1871915
2017-11-13,370.911865234375,2140262
2017-11-14,369.2469177246094,1426995
2017-11-15,375.79327392578125,1718584
2017-11-16,378.32861328125,1376234
2017-11-17,366.7115478515625,2140643
2017-11-20,360.8463134765625,1527038
2017-11-21,373.74993896484375,2242785
2017-11-22,365.23577880859375,1932859
2017-11-23,370.53350830078125,1200242
2017-11-24,373.9391784667969,1701291
2017-11-27,377.4583435058594,1469508
2017-11-28,378.17730712890625,2334856
2017-11-29,375.79327392578125,1438175
2017-11-30,370.2685852050781,2729850
2017-12-01,357.8947448730469,1962459
2017-12-04,357.8190612792969,2507080
2017-12-05,352.2187194824219,2977968
2017-12-06,357.4028625488281,1952199
2017-12-07,376.3608703613281,7475829
2017-12-08,375.4527587890625,2534022
2017-12-11,378.896240234375,3215999
2017-12-12,379.3124694824219,4481699
2017-12-13,381.12872314453125,2052503
2017-12-14,389.1888427734375,4105304
2017-12-15,378.9718933105469,7010768
2017-12-18,373.8634033203125,2175527
2017-12-19,374.8851318359375,2168308
2017-12-20,373.06878662109375,1690391
2017-12-21,371.3280944824219,1483945
2017-12-22,373.44720458984375,1210792
2017-12-26,373.4093322753906,1095301
2017-12-27,380.6747131347656,2160870
2017-12-28,376.17169189453125,1943344
2017-12-29,381.4693298339844,1412805
2018-01-01,380.7503662109375,1115837
2018-01-02,388.96173095703125,2204383
2018-01-03,393.12420654296875,2288877
2018-01-04,395.4703063964844,1460097
2018-01-05,397.6650085449219,1756809
2018-01-08,405.8764343261719,2795379
2018-01-09,404.0222473144531,1855191
2018-01-10,410.2658996582031,2748547
2018-01-11,417.5312805175781,3485380
2018-01-12,416.81231689453125,2790912
2018-01-15,411.5146484375,1959669
2018-01-16,422.0343322753906,4791310
2018-01-17,419.9530944824219,1636201
2018-01-18,418.250244140625,2158972
2018-01-19,418.4394836425781,1951962
2018-01-22,431.00244140625,4127554
2018-01-23,445.1925964355469,4103152
2018-01-24,456.4690856933594,6672393
2018-01-25,452.9121398925781,5104213
2018-01-29,457.7177734375,3352495
2018-01-30,456.3177185058594,6290644
2018-01-31,463.65875244140625,7244068
2018-02-01,462.4479064941406,2479739
2018-02-02,468.8050537109375,3994302
2018-02-05,476.0704650878906,3500770
2018-02-06,459.15576171875,3104038
2018-02-07,456.4311828613281,3653165
2018-02-08,460.3288879394531,2894969
2018-02-09,450.4902648925781,3481551
2018-02-12,446.78192138671875,2343988
2018-02-14,462.78839111328125,5004415
2018-02-15,458.3612060546875,1676641
2018-02-16,442.240966796875,2887255
2018-02-19,433.2350769042969,3170119
2018-02-20,434.5594787597656,2273116
2018-02-21,450.4524230957031,5590807
2018-02-22,456.052734375,4421727
2018-02-23,470.3187255859375,3490526
2018-02-26,463.5074157714844,2923731
2018-02-27,462.0694885253906,1905663
2018-02-28,463.65875244140625,2113430
2018-03-01,463.0912170410156,2226114
2018-03-05,477.43267822265625,4765322
2018-03-06,467.1400146484375,2424505
2018-03-07,460.9342956542969,1787149
2018-03-08,459.5342712402344,1858046
2018-03-09,468.6158142089844,2095483
2018-03-12,468.8808288574219,4336200
2018-03-13,468.5780029296875,2306960
2018-03-14,483.67633056640625,3825750
2018-03-15,478.18951416015625,5855371
2018-03-16,480.34637451171875,3741772
2018-03-19,461.5775146484375,1731324
2018-03-20,479.362548828125,3320421
2018-03-21,473.6486511230469,2428150
2018-03-22,468.5023193359375,1785067
2018-03-23,471.7566223144531,3153066
2018-03-26,469.5240173339844,1552991
2018-03-27,470.4701232910156,1135697
2018-03-28,483.3736572265625,5534298
2018-04-02,484.5846252441406,2095519
2018-04-03,466.1562805175781,3851192
2018-04-04,458.8530578613281,2670676
2018-04-05,467.2157897949219,2809480
2018-04-06,467.8590393066406,1160620
2018-04-09,465.3236999511719,1427650
2018-04-10,474.10272216796875,2085181
2018-04-11,479.3247985839844,2139871
2018-04-12,494.04461669921875,3614281
2018-04-13,508.2347717285156,5653116
2018-04-16,506.077880859375,3931095
2018-04-17,505.77508544921875,1576573
2018-04-18,497.0717468261719,1676060
2018-04-19,503.4290466308594,2662071
2018-04-20,530.1443481445312,5490181
2018-04-23,531.2796630859375,6998046
2018-04-24,516.6732788085938,2728320
2018-04-25,519.4735107421875,4560558
2018-04-26,523.0303344726562,2852323
2018-04-27,507.4401550292969,3756249
2018-04-30,507.5158996582031,2639069
2018-05-02,501.4234924316406,1745715
2018-05-03,494.158203125,2284475
2018-05-04,501.4992370605469,3162498
2018-05-07,497.5258483886719,2770174
2018-05-08,494.4609375,1771130
2018-05-09,495.0284423828125,2193797
2018-05-10,502.2182312011719,3927593
2018-05-11,504.37506103515625,2880596
2018-05-14,504.9805603027344,1436196
2018-05-15,507.5536804199219,2427422
2018-05-16,509.1051940917969,1690858
2018-05-17,511.45123291015625,2022339
2018-05-18,524.4305419921875,4304706
2018-05-21,518.6787109375,2342450
2018-05-22,519.4735107421875,1797801
2018-05-23,527.8361206054688,3516538
2018-05-24,538.3558349609375,5914361
2018-05-25,531.8473510742188,3547180
2018-05-28,511.0350036621094,8983562
2018-05-29,513.0025634765625,2684315
2018-05-30,520.1166381835938,3744400
2018-05-31,539.1126708984375,7789699
2018-06-01,530.6362915039062,4585884
2018-06-04,528.4794311523438,2864750
2018-06-05,530.7120361328125,3710175
2018-06-06,523.5222778320312,2793493
2018-06-07,531.1661376953125,3166739
2018-06-08,535.0258178710938,4572713
2018-06-11,540.5126953125,4023019
2018-06-12,536.6529541015625,2200939
2018-06-13,540.2099609375,2429450
2018-06-14,528.8577880859375,4483300
2018-06-15,535.2528686523438,3273882
2018-06-18,537.7503662109375,1693522
2018-06-19,526.549560546875,2008178
2018-06-20,522.6141967773438,2117024
2018-06-21,518.6409912109375,2599578
2018-06-22,523.0682373046875,1604665
2018-06-25,526.8522338867188,1850829
2018-06-26,520.5707397460938,1687463
2018-06-27,540.5504760742188,5570107
2018-06-28,502.7101745605469,8192199
2018-06-29,496.0502014160156,10890801
2018-07-02,497.3746032714844,4422723
2018-07-03,500.1368408203125,3506534
2018-07-04,495.3311462402344,2070241
2018-07-05,489.3902893066406,2864186
2018-07-06,480.4978332519531,5193752
2018-07-09,487.2711181640625,1990065
2018-07-10,492.4932556152344,3496172
2018-07-11,495.2554626464844,5529491
2018-07-12,490.1848449707031,3416881
2018-07-13,485.1520690917969,3194276
2018-07-16,497.4501953125,2856991
2018-07-17,489.50372314453125,2658597
2018-07-18,489.12530517578125,2568607
2018-07-19,486.0224304199219,1610766
2018-07-20,499.0773620605469,2868824
2018-07-23,490.8282165527344,3696991
2018-07-24,485.4927673339844,3855335
2018-07-25,477.8110656738281,2269581
2018-07-26,489.1885986328125,3542338
2018-07-27,499.2888488769531,3040306
2018-07-30,507.2994079589844,3393232
2018-07-31,526.8807983398438,9680690
2018-08-01,527.1517944335938,2887901
2018-08-02,517.7866821289062,1958340
2018-08-03,512.949462890625,2862463
2018-08-06,516.316162109375,2226904
2018-08-07,509.85357666015625,2689721
2018-08-08,506.0997009277344,2074919
2018-08-09,500.1401672363281,2146227
2018-08-10,499.9466857910156,3135726
2018-08-13,510.7823486328125,5306724
2018-08-14,520.727783203125,5529769
2018-08-16,517.5157470703125,3624795
2018-08-17,532.260009765625,3955484
2018-08-20,532.453369140625,3577624
2018-08-21,549.05517578125,7918861
2018-08-23,562.4061279296875,11534012
2018-08-24,556.1369018554688,3625878
2018-08-27,571.1520385742188,2968641
2018-08-28,569.7201538085938,3782709
2018-08-29,568.443115234375,3627848
2018-08-30,566.469482421875,4304298
2018-08-31,592.7071533203125,7276056
2018-09-03,577.1117553710938,3610990
2018-09-04,591.2366943359375,4488658
2018-09-05,592.97802734375,6093648
2018-09-06,599.8662719726562,3982477
2018-09-07,597.6604614257812,2059329
2018-09-10,593.0553588867188,2820247
2018-09-11,578.311279296875,3817364
2018-09-12,572.583740234375,3934021
2018-09-14,588.5663452148438,3591403
2018-09-17,594.0617065429688,2233000
2018-09-18,584.1160888671875,2206998
2018-09-19,595.9190063476562,2025718
2018-09-21,571.2293701171875,4434535
2018-09-24,581.6006469726562,2811682
2018-09-25,587.2505493164062,2812964
2018-09-26,579.5882568359375,3224771
2018-09-27,577.421142578125,3479414
2018-09-28,576.99560546875,2971384
2018-10-01,587.8696899414062,2233369
2018-10-03,580.594482421875,5236214
2018-10-04,557.1430053710938,6561009
2018-10-05,553.0025024414062,4769105
2018-10-08,537.83251953125,2643927
2018-10-09,538.76123046875,2729413
2018-10-10,541.2379760742188,3409416
2018-10-11,538.25830078125,3611423
2018-10-12,536.9810791015625,2727205
2018-10-15,537.561767578125,4146878
2018-10-16,556.2531127929688,2889306
2018-10-17,557.646240234375,3320857
2018-10-19,534.6592407226562,2049802
2018-10-22,523.630126953125,3293136
2018-10-23,517.2062377929688,1656193
2018-10-24,516.5484619140625,3180852
2018-10-25,504.164794921875,2142283
2018-10-26,505.6352233886719,1397821
2018-10-29,514.1104125976562,1942428
2018-10-30,530.2476196289062,3825436
2018-10-31,575.757080078125,13010741
2018-11-01,557.801025390625,3999401
2018-11-02,534.7367553710938,4445407
2018-11-05,538.9547729492188,2782174
2018-11-06,537.561767578125,1752227
2018-11-07,539.6514282226562,111376
2018-11-09,547.3523559570312,2573761
2018-11-12,560.7808227539062,4696550
2018-11-13,563.4896850585938,4401141
2018-11-14,541.9732666015625,3367710
2018-11-15,553.3118896484375,4485617
2018-11-16,563.4509887695312,2874046
2018-11-19,566.9725341796875,2212804
2018-11-20,549.287353515625,2667937
2018-11-21,534.5431518554688,3108345
2018-11-22,534.6592407226562,4031353
2018-11-26,537.52294921875,2993915
2018-11-27,537.2521362304688,2560757
2018-11-28,539.8448486328125,2767316
2018-11-29,532.1052856445312,2351937
2018-11-30,546.385009765625,3292579
2018-12-03,551.6092529296875,2410009
2018-12-04,560.0068969726562,2896702
2018-12-05,562.5608520507812,4864922
2018-12-06,538.9934692382812,3467903
2018-12-07,537.3294677734375,2423892
2018-12-10,532.414794921875,2334813
2018-12-11,538.14208984375,3495336
2018-12-12,545.9205322265625,2355119
2018-12-13,548.9777221679688,2593714
2018-12-14,551.2222290039062,1982037
2018-12-17,557.065673828125,1435014
2018-12-18,548.74560546875,1905592
2018-12-19,549.0938720703125,2702676
2018-12-20,547.7781372070312,1817880
2018-12-21,538.490478515625,2063928
2018-12-24,540.1544799804688,1472565
2018-12-26,536.7877807617188,1881689
2018-12-27,548.6681518554688,3018106
2018-12-28,552.6154174804688,1863654
2018-12-31,559.6973266601562,1814655
2019-01-01,556.5626220703125,815535
2019-01-02,551.1061401367188,2576769
2019-01-03,535.007568359375,3558015
2019-01-04,527.1517944335938,3926171
2019-01-07,532.1052856445312,1885000
2019-01-08,533.9240112304688,1300906
2019-01-09,536.9038696289062,2183998
2019-01-10,537.561767578125,1454656
2019-01-11,541.1605224609375,1849817
2019-01-14,526.184326171875,1558602
2019-01-15,546.6171875,2491520
2019-01-16,541.7025146484375,1922647
2019-01-17,546.0753784179688,1434040
2019-01-18,548.8617553710938,1888004
2019-01-21,552.5380249023438,2586962
2019-01-22,552.7702026367188,2839669
2019-01-23,557.801025390625,1965283
2019-01-24,563.2575073242188,1849102
2019-01-25,564.2637939453125,2528541
2019-01-28,568.9850463867188,1804582
2019-01-29,566.159912109375,3100457
2019-01-30,553.0797119140625,2139900
2019-01-31,566.469482421875,3253640
2019-02-01,577.8468627929688,2260029
2019-02-04,579.8206176757812,1518373
2019-02-05,581.2523803710938,2446263
2019-02-06,627.9615478515625,14860848
2019-02-07,623.046875,4966655
2019-02-08,623.472412109375,5242725
2019-02-11,626.4522705078125,2541742
2019-02-12,623.162841796875,2416559
2019-02-14,623.7433471679688,2464657
2019-02-15,618.9060668945312,4312334
2019-02-18,621.8471069335938,3851335
2019-02-19,612.2112426757812,2372030
2019-02-20,628.774169921875,3340240
2019-02-21,635.1594848632812,14193982
2019-02-22,639.3001708984375,4789937
2019-02-25,642.8991088867188,2881535
2019-02-26,644.9500732421875,3319590
2019-02-27,638.990478515625,3703224
2019-02-28,642.5121459960938,6409662
2019-03-01,643.7892456054688,3820707
2019-03-05,626.9166870117188,4927644
2019-03-06,637.4039306640625,3999053
2019-03-07,625.5621337890625,2306250
2019-03-08,627.9615478515625,1437045
2019-03-11,624.7108764648438,2699806
2019-03-12,622.814697265625,2793702
2019-03-13,611.3984375,4815576
2019-03-14,610.237548828125,3112666
2019-03-15,618.6350708007812,3854238
2019-03-18,610.3535766601562,3379301
2019-03-19,615.0362548828125,2413153
2019-03-20,611.3211059570312,3331375
2019-03-22,610.4696044921875,2815749
2019-03-25,611.1275634765625,1861646
2019-03-26,596.538330078125,3169827
2019-03-27,592.0491333007812,3893738
2019-03-28,597.2736206054688,3908706
2019-04-01,607.9542846679688,3433947
2019-04-02,613.33349609375,2596840
2019-04-03,601.9174194335938,1467406
2019-04-04,599.440673828125,1751584
2019-04-05,601.5690307617188,1367411
2019-04-08,609.2313842773438,1368825
2019-04-09,611.0502319335938,2128462
2019-04-10,611.6307373046875,2497013
2019-04-11,604.4328002929688,1854222
2019-04-12,607.8382568359375,3162714
2019-04-15,617.0098266601562,3317405
2019-04-16,617.706298828125,1868910
2019-04-18,619.4478149414062,6307643
2019-04-22,623.3176879882812,1833972
2019-04-23,623.008056640625,1214892
2019-04-24,633.6888427734375,2710117
2019-04-25,631.947509765625,5447101
2019-04-26,637.1717529296875,1996703
2019-04-30,647.1171264648438,2783771
2019-05-02,647.8137817382812,3241791
2019-05-03,632.6441040039062,2329144
2019-05-06,634.7724609375,1247845
2019-05-07,630.5155639648438,1810222
2019-05-08,620.9570922851562,1270071
2019-05-09,626.6456909179688,2024710
2019-05-10,625.6781616210938,1429055
2019-05-13,632.566650390625,3719275
2019-05-14,611.4758911132812,2701861
2019-05-15,611.6693725585938,1662095
2019-05-16,610.9342651367188,1233818
2019-05-17,607.4512939453125,1608854
2019-05-20,603.1942749023438,3754370
2019-05-21,598.3184204101562,1669926
2019-05-22,580.4397583007812,5888740
2019-05-23,575.292724609375,3764857
2019-05-24,569.5265502929688,3591853
2019-05-27,561.9417114257812,3672605
2019-05-28,570.5328979492188,5583587
2019-05-29,571.8486328125,2058402
2019-05-30,568.8688354492188,3367426
2019-05-31,588.4889526367188,5503111
2019-06-03,586.3604736328125,2826290
2019-06-04,579.16259765625,2332547
2019-06-06,571.190673828125,3225967
2019-06-07,581.0589599609375,1569343
2019-06-10,594.564697265625,2539412
2019-06-11,589.8433837890625,2069998
2019-06-12,578.8916625976562,3056823
2019-06-13,575.9119873046875,2385606
2019-06-14,572.9322509765625,1348083
2019-06-17,570.0684814453125,1333739
2019-06-18,573.9383544921875,1645116
2019-06-19,569.3331909179688,1945921
2019-06-20,561.5548095703125,4139025
2019-06-21,573.0870361328125,7280809
2019-06-24,563.6444091796875,1242655
2019-06-25,560.6259765625,1451025
2019-06-26,555.7886352539062,2781711
2019-06-27,543.2890625,8567309
2019-06-28,546.8880004882812,3421172
2019-07-01,545.3787841796875,2073961
2019-07-02,550.796630859375,2432132
2019-07-03,542.6310424804688,2040614
2019-07-04,542.2440185546875,2838357
2019-07-05,527.1517944335938,2813644
2019-07-08,526.5712280273438,2293102
2019-07-09,523.127197265625,2180104
2019-07-10,522.314453125,2468773
2019-07-11,515.2325439453125,3449721
2019-07-12,515.3099365234375,1792810
2019-07-15,524.675048828125,1883164
2019-07-16,523.165771484375,2015642
2019-07-17,534.6592407226562,3271680
2019-07-18,531.8729858398438,2984256
2019-07-19,522.4691772460938,2005513
2019-07-22,520.0698852539062,1286218
2019-07-23,519.4893798828125,1462269
2019-07-24,511.1693115234375,3060459
2019-07-25,515.953125,2751865
2019-07-26,508.83660888671875,1637706
2019-07-29,511.05059814453125,2524484
2019-07-30,506.26666259765625,2882913
2019-07-31,503.10382080078125,9651731
2019-08-01,494.7220458984375,3982949
2019-08-02,503.02471923828125,2172845
2019-08-05,512.4344482421875,3140140
2019-08-06,530.2654418945312,7226321
2019-08-07,533.309814453125,3239880
2019-08-08,537.8565063476562,2708834
2019-08-09,524.5326538085938,3743407
2019-08-13,505.39691162109375,2716622
2019-08-14,521.172119140625,2627043
2019-08-16,521.0929565429688,3067796
2019-08-19,530.0677490234375,2871173
2019-08-20,528.9212646484375,3913608
2019-08-21,532.0050659179688,2106655
2019-08-22,539.8728637695312,3353812
2019-08-23,540.7426147460938,7015461
2019-08-26,546.5149536132812,1767289
2019-08-27,534.8121948242188,3160545
2019-08-28,545.7638549804688,2749273
2019-08-29,546.5149536132812,2789979
2019-08-30,548.4918212890625,3067856
2019-09-03,557.0714111328125,5044667
2019-09-04,556.0828857421875,2027768
2019-09-05,549.9150390625,2019839
2019-09-06,570.7114868164062,10663234
2019-09-09,563.7134399414062,1754023
2019-09-11,556.4387817382812,2702792
2019-09-12,557.901611328125,3282740
2019-09-13,561.0250244140625,1073430
2019-09-16,568.8927612304688,2500556
2019-09-17,558.2179565429688,2948429
2019-09-18,566.7576904296875,1666369
2019-09-19,556.1619873046875,1570183
2019-09-20,554.1851196289062,3394351
2019-09-23,539.9124755859375,2256769
2019-09-24,556.5573120117188,3128057
2019-09-25,558.178466796875,3512690
2019-09-26,564.3460693359375,3300104
2019-09-27,556.9130859375,2434719
2019-09-30,564.9786376953125,2136186
2019-10-01,557.4271850585938,1709480
2019-10-03,555.489990234375,2111319
2019-10-04,559.9574584960938,2273166
2019-10-07,557.308349609375,2578403
2019-10-09,562.25048828125,1115851
2019-10-10,562.4483032226562,1507268
2019-10-11,570.4742431640625,3785425
2019-10-14,569.9207153320312,1871571
2019-10-15,569.7230834960938,1482881
2019-10-16,575.4163208007812,2114943
2019-10-17,572.767333984375,2177984
2019-10-18,580.5560302734375,2907649
2019-10-22,567.4695434570312,2825230
2019-10-23,574.54638671875,2143330
2019-10-24,574.3488159179688,2888332
2019-10-25,570.0789184570312,2785014
2019-10-27,574.6651000976562,194159
2019-10-29,596.8056640625,3292048
2019-10-30,596.5287475585938,2232609
2019-10-31,584.3516235351562,4178139
2019-11-01,601.3128051757812,4136257
2019-11-04,608.4688720703125,4936914
2019-11-05,611.4342651367188,3303839
2019-11-06,610.3666381835938,9486591
2019-11-07,608.6270751953125,2060900
2019-11-08,609.9318237304688,2368591
2019-11-11,609.1806640625,1345883
2019-11-13,598.6243286132812,2434874
2019-11-14,599.6522216796875,2564424
2019-11-15,594.5916137695312,1787358
2019-11-18,594.4729614257812,2216434
2019-11-19,603.4478759765625,2725437
2019-11-20,609.971435546875,2343750
2019-11-21,605.029296875,2102137
2019-11-22,596.3707275390625,1819912
2019-11-25,603.76416015625,1837243
2019-11-26,603.8035888671875,2968850
2019-11-27,606.9271240234375,1369944
2019-11-28,605.8990478515625,1096867
2019-11-29,602.103515625,1236902
2019-12-02,591.8240966796875,4333335
2019-12-03,590.0844116210938,1838085
2019-12-04,600.0081787109375,1870954
2019-12-05,604.8316040039062,2475102
2019-12-06,598.9801025390625,1092422
2019-12-09,593.326416015625,1435556
2019-12-10,589.0565185546875,1582428
2019-12-11,599.3359985351562,1644499
2019-12-12,598.1498413085938,1184008
2019-12-13,602.4197387695312,2019424
2019-12-16,611.4736328125,5810893
2019-12-17,614.6762084960938,2421510
2019-12-18,622.030029296875,5676894
2019-12-19,618.9461059570312,2099931
2019-12-20,619.420654296875,2092547
2019-12-23,613.5692749023438,1887292
2019-12-24,610.4853515625,1413973
2019-12-26,609.1806640625,1276520
2019-12-27,616.9297485351562,1363474
2019-12-30,618.9066162109375,1055528
2019-12-31,602.7756958007812,3004887
2020-01-01,602.617431640625,746371
2020-01-02,605.7409057617188,1133488
2020-01-03,612.8970336914062,2121704
2020-01-06,609.1806640625,1734439
2020-01-07,614.478515625,1937143
2020-01-08,608.7061767578125,2596664
2020-01-09,611.75048828125,1678891
2020-01-10,613.806396484375,1105725
2020-01-13,621.3973999023438,1393509
2020-01-14,629.6209716796875,1628535
2020-01-15,628.7512817382812,1759644
2020-01-16,619.025146484375,1110008
2020-01-17,615.5460815429688,989312
2020-01-20,615.3483276367188,1620105
2020-01-21,615.90185546875,976954
2020-01-22,615.7832641601562,1192201
2020-01-23,608.0341796875,2018777
2020-01-24,622.5438842773438,2364265
2020-01-27,625.8651123046875,1175606
2020-01-28,628.03955078125,1506685
2020-01-29,635.867919921875,2565136
2020-01-30,625.746337890625,2493688
2020-01-31,629.897705078125,3081521
2020-02-03,627.1698608398438,3383074
2020-02-04,641.3634643554688,1779834
2020-02-05,643.6961059570312,1613898
2020-02-06,646.5822143554688,1553656
2020-02-07,651.9196166992188,1397438
2020-02-10,643.3798217773438,1098971
2020-02-11,648.3614501953125,1143705
2020-02-12,649.5870971679688,1394424
2020-02-13,654.7268676757812,1737974
2020-02-14,659.5899047851562,2143044
2020-02-17,658.8782348632812,793328
2020-02-18,663.2667236328125,1507814
2020-02-19,664.92724609375,881874
2020-02-20,655.9920043945312,1066232
2020-02-24,648.47998046875,2917544
2020-02-25,650.0614624023438,2479975
2020-02-26,641.64013671875,2212784
2020-02-27,639.821533203125,1907768
2020-02-28,588.6215209960938,5959364
2020-03-02,596.7567138671875,3784522
2020-03-03,602.9683837890625,2168900
2020-03-04,618.1967163085938,2685540
2020-03-05,606.0140380859375,2126955
2020-03-06,593.4304809570312,2004893
2020-03-09,564.89697265625,3429034
2020-03-11,567.9027099609375,4626185
2020-03-12,520.8546752929688,3796919
2020-03-13,525.7438354492188,4553639
2020-03-16,483.62506103515625,6499354
2020-03-17,477.2530517578125,3333465
2020-03-18,464.5893859863281,3548257
2020-03-19,424.79498291015625,4931298
2020-03-20,461.9444580078125,6315992
2020-03-23,390.49078369140625,2912669
2020-03-24,403.55517578125,4082147
2020-03-25,422.1500549316406,3664272
2020-03-26,412.93280029296875,5979874
2020-03-27,404.0361328125,4672139
2020-03-30,422.2301330566406,4138337
2020-03-31,453.2481689453125,3652911
2020-04-01,409.726806640625,4114437
2020-04-03,417.5013122558594,5826085
2020-04-07,440.7047119140625,3531972
2020-04-08,447.9583435058594,4113059
2020-04-09,437.017822265625,5917001
2020-04-13,422.2701416015625,3822640
2020-04-15,431.7279357910156,6316254
2020-04-16,414.8964538574219,7001494
2020-04-17,408.6446838378906,10839705
2020-04-20,420.6672058105469,4549088
2020-04-21,411.1293640136719,2950307
2020-04-22,415.4174499511719,2268496
2020-04-23,419.74554443359375,6094748
2020-04-24,403.5151672363281,4817852
2020-04-27,410.1275329589844,4032316
2020-04-28,417.1005554199219,4972775
2020-04-29,423.7530212402344,6361689
2020-04-30,437.81927490234375,8931956
2020-05-04,402.713623046875,14814506
2020-05-05,400.70989990234375,5717678
2020-05-06,406.240234375,3781531
2020-05-07,413.8544006347656,6799899
2020-05-08,429.7642822265625,6016020
2020-05-11,424.95526123046875,4272574
2020-05-12,427.39984130859375,5691969
2020-05-13,436.61700439453125,3296409
2020-05-14,413.33349609375,6148398
2020-05-15,409.2057800292969,3628530
2020-05-18,403.9960632324219,3283979
2020-05-19,410.8488464355469,3041594
2020-05-20,416.13873291015625,2772920
2020-05-21,416.82000732421875,2540109
2020-05-22,424.5144958496094,4254552
2020-05-26,417.140625,2719781
2020-05-27,419.7855224609375,2265885
2020-05-28,424.5544738769531,3387672
2020-05-29,425.1555480957031,4081245
2020-06-01,435.6552429199219,4913055
2020-06-02,438.8211669921875,3878973
2020-06-03,443.42974853515625,4942023
2020-06-04,466.55316162109375,10915145
2020-06-05,464.7496643066406,6207096
2020-06-08,472.8848571777344,4791151
2020-06-09,469.8393249511719,5665593
2020-06-10,473.28564453125,3438670
2020-06-11,458.3377685546875,3378322
2020-06-12,444.5920104980469,3603893
2020-06-15,439.8631591796875,3944724
2020-06-16,427.4399719238281,4262594
2020-06-17,429.2432861328125,6139224
2020-06-18,429.5238037109375,2658663
2020-06-19,431.88824462890625,5570067
2020-06-22,439.62274169921875,4352621
2020-06-23,447.8781433105469,4438315
2020-06-24,449.601318359375,3500477
2020-06-25,444.1512451171875,2386979
2020-06-26,449.5211486816406,5288935
2020-06-29,434.05224609375,3304988
2020-06-30,435.5350341796875,2356985
2020-07-01,437.5388488769531,3662491
2020-07-02,449.5211486816406,5966748
2020-07-03,454.6107177734375,4007490
2020-07-06,466.1123046875,4909636
2020-07-07,470.3602294921875,5126702
2020-07-08,467.6351318359375,3391014
2020-07-09,462.70587158203125,2498146
2020-07-10,456.0533752441406,3959401
2020-07-13,480.9400939941406,11008252
2020-07-14,479.5373229980469,5525588
2020-07-15,493.16290283203125,11907668
2020-07-16,480.4190368652344,13009798
2020-07-17,480.65948486328125,3307397
2020-07-20,499.2142333984375,5461610
2020-07-21,497.490966796875,4218944
2020-07-22,495.2868347167969,2879564
2020-07-23,511.0435791015625,5038587
2020-07-24,527.3255004882812,12276883
2020-07-27,536.9815673828125,11521949
2020-07-28,552.980712890625,23296517
2020-07-29,546.5570068359375,5436716
2020-07-30,545.2236328125,5126995
2020-07-31,550.799072265625,3114793
2020-08-03,544.2943115234375,3092967
2020-08-04,527.3660278320312,5559046
2020-08-05,524.0530395507812,5139353
2020-08-06,533.587890625,8644001
2020-08-07,535.2847290039062,3823897
2020-08-10,550.9606323242188,5362182
2020-08-11,545.2639770507812,4331864
2020-08-12,559.2026977539062,4355435
2020-08-13,563.2428588867188,7108877
2020-08-14,562.313720703125,6476545
2020-08-17,582.6356811523438,7657241
2020-08-18,576.1714477539062,4752247
2020-08-19,587.2012329101562,6506907
2020-08-20,586.9588012695312,6610632
2020-08-21,591.9686279296875,4207706
2020-08-24,583.8074340820312,2385907
2020-08-25,596.8167724609375,4585917
2020-08-26,592.170654296875,3157074
2020-08-27,594.3927612304688,3207076
2020-08-28,607.9273681640625,4223327
2020-08-31,598.7561645507812,7224350
2020-09-01,588.13037109375,3563888
2020-09-02,594.0694580078125,3467486
2020-09-03,613.7452392578125,4606227
2020-09-04,604.5739135742188,2954845
2020-09-07,603.6851806640625,3367905
2020-09-08,607.8466186523438,5237241
2020-09-09,608.7353515625,3038259
2020-09-10,606.0284423828125,3737568
2020-09-11,618.2703247070312,4917946
2020-09-14,638.9560546875,9021887
2020-09-15,639.279296875,6339704
2020-09-16,639.9661254882812,4279003
2020-09-17,635.8854370117188,7591219
2020-09-18,650.1878662109375,6281494
2020-09-21,636.1278686523438,10789179
2020-09-22,646.7940063476562,9053623
2020-09-23,640.8145141601562,6091530
2020-09-24,607.5233154296875,5929066
2020-09-25,624.0880737304688,6986586
2020-09-28,629.7848510742188,3604366
2020-09-29,620.6943359375,7041805
2020-09-30,639.7640380859375,5433474
2020-10-01,664.6111450195312,10104719
2020-10-05,679.7619018554688,8551125
2020-10-06,684.7314453125,4902535
2020-10-07,683.8829345703125,3943817
2020-10-08,695.1551513671875,11398839
2020-10-09,690.1856079101562,5306496
2020-10-12,692.4077758789062,3343240
2020-10-13,701.5386352539062,7327471
2020-10-14,685.9030151367188,5346616
2020-10-15,656.4500732421875,8893099
2020-10-16,664.8131713867188,7978964
2020-10-19,665.9445190429688,4558879
2020-10-20,686.7110595703125,7382532
2020-10-21,683.519287109375,4818496
2020-10-22,676.6914672851562,3962610
2020-10-23,685.418212890625,7356677
2020-10-26,661.985107421875,9770648
2020-10-27,669.5806274414062,5479538
2020-10-28,649.9048461914062,6829067
2020-10-29,675.0432739257812,6477299
2020-10-30,682.639404296875,6189261
2020-11-02,683.7725219726562,4433983
2020-11-03,678.2747802734375,4599741
2020-11-04,694.0125732421875,5017595
2020-11-05,705.637451171875,4269675
2020-11-06,714.40869140625,4123331
2020-11-09,732.5385131835938,4297119
2020-11-10,689.3541870117188,6889383
2020-11-11,702.9515991210938,5387431
2020-11-12,707.77783203125,3150886
2020-11-13,704.0846557617188,2839192
2020-11-14,705.1759033203125,214282
2020-11-17,709.45654296875,3635434
2020-11-18,701.7763671875,2772377
2020-11-19,690.6971435546875,5593368
2020-11-20,702.9935302734375,6063818
2020-11-23,726.6630249023438,6251814
2020-11-24,736.6512451171875,7068121
2020-11-25,723.7254028320312,4445185
2020-11-26,719.3607788085938,5169423
2020-11-27,735.9797973632812,16482729
2020-12-01,761.5377807617188,5821698
2020-12-02,762.7129516601562,5516684
2020-12-03,768.126708984375,5705020
2020-12-04,774.7994995117188,4302626
2020-12-07,792.5936889648438,3973325
2020-12-08,782.5215454101562,4399638
2020-12-09,780.1713256835938,4157078
2020-12-10,778.3247680664062,2608358
2020-12-11,771.69384765625,2398423
2020-12-14,763.3004150390625,3239051
2020-12-15,778.1149291992188,3490143
2020-12-16,773.4984741210938,2799394
2020-12-17,780.6749267578125,2706570
2020-12-18,783.7804565429688,5563979
2020-12-21,761.1602172851562,4187948
2020-12-22,792.8873901367188,5537682
2020-12-23,795.8251342773438,5456681
2020-12-24,795.069580078125,2510775
2020-12-28,794.94384765625,1870669
2020-12-29,810.513671875,4392641
2020-12-30,825.2860717773438,6389605
2020-12-31,816.8506469726562,2859399
2021-01-01,820.8375854492188,1268291
2021-01-04,840.9818115234375,3515825
2021-01-05,842.57666015625,4040321
2021-01-06,836.9530029296875,4677359
2021-01-07,834.9385986328125,3354950
2021-01-08,882.2357177734375,9279370
2021-01-11,904.4782104492188,6488791
2021-01-12,893.2310791015625,4257926
2021-01-13,897.8056030273438,4671772
2021-01-14,883.49462890625,4765344
2021-01-15,845.4724731445312,6063896
2021-01-18,837.8762817382812,4659705
2021-01-19,833.0501098632812,4416027
2021-01-20,855.67041015625,4687853
2021-01-21,843.2901000976562,3911527
2021-01-22,823.2716674804688,3922421
2021-01-25,815.885498046875,2751784
2021-01-27,836.9109497070312,6975618
2021-01-28,823.901123046875,4274190
2021-01-29,806.9464111328125,4425911
2021-02-01,790.4533081054688,6321189
2021-02-02,803.421142578125,4971530
2021-02-03,823.7752685546875,5640121
2021-02-04,813.493408203125,4232910
2021-02-05,805.2678833007812,3077720
2021-02-08,824.6986083984375,3713579
2021-02-09,818.4454345703125,3086774
2021-02-10,818.2776489257812,2776301
2021-02-11,827.2584838867188,2070435
2021-02-12,831.9589233398438,5863879
2021-02-15,821.88671875,2487825
2021-02-16,828.2656860351562,3912433
2021-02-17,822.9359741210938,2227724
2021-02-18,848.2421264648438,6742595
2021-02-19,834.26708984375,4357699
2021-02-22,797.96533203125,5946290
2021-02-23,793.8107299804688,4120032
2021-02-24,805.8133544921875,1686531
2021-02-25,803.9246826171875,3682791
2021-02-26,771.2322998046875,5254937
2021-03-01,785.6270141601562,3429569
2021-03-02,811.7305908203125,3703190
2021-03-03,819.2008056640625,3203532
2021-03-04,812.528076171875,5134954
2021-03-05,805.5194702148438,2618145
2021-03-08,812.90576171875,2880739
2021-03-09,829.39892578125,2814747
2021-03-10,846.689453125,5268496
2021-03-12,842.0729370117188,4674919
2021-03-15,861.713623046875,5203101
2021-03-16,861.6298217773438,4797715
2021-03-17,856.1739501953125,3477295
2021-03-18,836.1557006835938,3738712
2021-03-19,830.4901123046875,6208000
2021-03-22,850.71826171875,3873143
2021-03-23,850.9700927734375,3782337
2021-03-24,832.7562866210938,2749823
2021-03-25,813.0736083984375,3654840
2021-03-26,831.791015625,2761824
2021-03-30,853.530029296875,4300037
2021-03-31,832.168701171875,3780505
2021-04-01,832.7562866210938,3555291
2021-04-05,837.4146728515625,5118272
2021-04-06,832.0847778320312,2395572
2021-04-07,841.3597412109375,2974419
2021-04-08,863.6862182617188,6737118
2021-04-09,883.830322265625,6029994
2021-04-12,872.7930297851562,7896295
2021-04-13,840.89794921875,6448995
2021-04-15,833.5956420898438,4373215
2021-04-16,847.9904174804688,2660763
2021-04-19,839.4290161132812,2777425
2021-04-20,825.4119873046875,4028636
2021-04-22,812.3182983398438,5085190
2021-04-23,797.5457153320312,3916517
2021-04-26,807.617919921875,5053998
2021-04-27,813.5352783203125,10497935
2021-04-28,820.3759765625,2968625
2021-04-29,819.956298828125,2747579
2021-04-30,806.1071166992188,3129105
2021-05-03,803.8408203125,3506839
2021-05-04,806.1071166992188,4064221
2021-05-05,806.1071166992188,3041045
2021-05-06,820.8375854492188,4620827
2021-05-07,823.3556518554688,2002597
2021-05-10,831.3713989257812,2036101
2021-05-11,820.0822143554688,2029457
2021-05-12,807.74365234375,3070622
2021-05-14,799.224365234375,2090820
2021-05-17,800.1895751953125,2281200
2021-05-18,814.7942504882812,2000985
2021-05-19,820.5858154296875,2152740
2021-05-20,816.7667236328125,1769194
2021-05-21,822.97802734375,1534262
2021-05-24,825.663818359375,1830838
2021-05-25,833.1759643554688,2719646
2021-05-26,845.8920288085938,2013788
2021-05-27,855.9642333984375,6393813
2021-05-28,861.3779907226562,1839013
2021-05-31,857.5169677734375,1801746
2021-06-01,864.9451293945312,1262702
2021-06-02,853.572021484375,5252186
2021-06-03,851.3896484375,2024676
2021-06-04,855.4605102539062,2315912
2021-06-07,868.21875,1745475
2021-06-08,887.8173217773438,4517995
2021-06-09,883.200927734375,2163655
2021-06-10,893.818603515625,3934077
2021-06-11,900.6173706054688,4988857
2021-06-14,897.4697875976562,2757666
2021-06-15,895.4555053710938,3484298
2021-06-16,897.3858032226562,1881596
2021-06-17,906.7025756835938,3161931
2021-06-18,898.6868286132812,4396398
2021-06-21,892.139892578125,1074790
2021-06-22,887.3556518554688,2437289
2021-06-23,886.72607421875,4130539
2021-06-24,906.4927368164062,3617010
2021-06-25,914.4664916992188,3200049
2021-06-28,927.5601196289062,2143755
2021-06-29,913.3334350585938,2956332
2021-06-30,919.4605102539062,1917370
2021-07-01,910.8153076171875,1459518
2021-07-02,914.3826293945312,1669409
2021-07-05,902.0021362304688,2597359
2021-07-06,880.9347534179688,3865594
2021-07-07,877.87109375,3713891
2021-07-08,889.8317260742188,2171947
2021-07-09,882.7813110351562,1889035
2021-07-12,886.8519287109375,3224820
2021-07-13,881.4382934570312,1908081
2021-07-14,905.2337036132812,3173326
2021-07-15,933.7294921875,5922995
2021-07-16,925.9235229492188,2323939
2021-07-19,918.4113159179688,1409001
2021-07-20,912.5359497070312,1230858
2021-07-22,964.0718383789062,7309727
2021-07-23,974.7588500976562,2840803
2021-07-26,965.4508056640625,984581
2021-07-27,966.0108642578125,1397105
2021-07-28,964.8906860351562,2533035
2021-07-29,972.0009765625,3821405
2021-07-30,1042.457763671875,20425030
2021-08-02,1043.4488525390625,2385223
2021-08-03,1056.850830078125,2603616
2021-08-04,1048.447509765625,1938175
2021-08-05,1075.768310546875,5790873
2021-08-06,1089.9027099609375,3894726
2021-08-09,1109.5960693359375,6585101
2021-08-10,1140.2781982421875,6314469
2021-08-11,1140.7523193359375,3430349
2021-08-12,1195.0062255859375,8613315
2021-08-13,1192.075927734375,4760344
2021-08-16,1178.889404296875,2912430
2021-08-17,1218.4053955078125,8042970
2021-08-18,1217.3712158203125,2939739
2021-08-20,1205.90869140625,4051399
2021-08-23,1220.3876953125,3987240
2021-08-24,1261.196533203125,5366923
2021-08-25,1260.9810791015625,3105863
2021-08-26,1249.259765625,1993944
2021-08-27,1245.726318359375,3097939
2021-08-30,1223.145751953125,2742699
2021-08-31,1247.6654052734375,6392991
2021-09-01,1237.883544921875,1829925
2021-09-02,1239.17626953125,3860958
2021-09-03,1242.752685546875,1919590
2021-09-06,1259.3004150390625,1801171
2021-09-07,1236.935302734375,1940043
2021-09-08,1230.600830078125,2256454
2021-09-09,1235.2548828125,2303457
2021-09-13,1232.0228271484375,1937241
2021-09-14,1251.4576416015625,1554999
2021-09-15,1262.4892578125,2410087
2021-09-16,1248.2689208984375,1800078
2021-09-17,1251.0267333984375,2861623
2021-09-20,1233.57421875,2526342
2021-09-21,1259.7745361328125,1713705
2021-09-22,1304.5048828125,5145820
2021-09-23,1311.3134765625,2015302
2021-09-24,1305.495849609375,3592146
2021-09-27,1262.1015625,2728552
2021-09-28,1218.70703125,3995669
2021-09-29,1202.59033203125,7948104
2021-09-30,1189.8780517578125,3856630
2021-10-01,1181.8197021484375,2661824
2021-10-04,1205.7794189453125,2538936
2021-10-05,1217.8453369140625,2481825
2021-10-06,1194.23046875,2769341
2021-10-07,1221.4217529296875,1956325
2021-10-08,1241.029052734375,2665924
2021-10-11,1206.770263671875,3073366
2021-10-12,1184.57763671875,2965629
2021-10-13,1208.4510498046875,1738985
2021-10-14,1233.143310546875,4328124
2021-10-18,1275.244873046875,3579606
2021-10-19,1326.482177734375,8645334
2021-10-20,1326.654541015625,5159270
2021-10-21,1313.6837158203125,4261416
2021-10-22,1307.8228759765625,5223521
2021-10-25,1313.55419921875,3890467
2021-10-26,1347.339111328125,16978043
2021-10-27,1351.2606201171875,3624131
2021-10-28,1321.4833984375,3054565
2021-10-29,1273.693359375,3795495
2021-11-01,1311.8736572265625,2271900
2021-11-02,1297.4681396484375,2041689
2021-11-03,1304.387939453125,2697346
2021-11-04,1310.7421875,166444
2021-11-08,1354.568603515625,3050392
2021-11-09,1357.1796875,2061369
2021-11-10,1363.6209716796875,1299996
2021-11-11,1324.756103515625,3027565
2021-11-12,1379.636962890625,3713868
2021-11-15,1374.5447998046875,2448280
2021-11-16,1392.6064453125,2864344
2021-11-17,1408.7528076171875,2304359
2021-11-18,1364.621826171875,2938804
2021-11-22,1341.5989990234375,1951782
2021-11-23,1358.3548583984375,1823592
2021-11-24,1338.8135986328125,1644163
2021-11-25,1357.310302734375,1557493
2021-11-26,1329.4998779296875,1522173
2021-11-29,1337.5513916015625,1995524
2021-11-30,1341.7294921875,5662900
2021-12-01,1381.900146484375,2761193
2021-12-02,1418.5018310546875,2664202
2021-12-03,1386.8614501953125,2400296
2021-12-06,1350.6951904296875,2911781
2021-12-07,1372.3687744140625,1758254
2021-12-08,1396.8714599609375,1604565
2021-12-09,1402.4422607421875,1947954
2021-12-10,1394.9998779296875,1776362
2021-12-13,1425.900634765625,3163063
2021-12-14,1429.861083984375,2725454
2021-12-15,1428.9034423828125,1622068
2021-12-16,1438.521728515625,2225836
2021-12-17,1429.9915771484375,3405084
2021-12-20,1390.99609375,2233189
2021-12-21,1421.374267578125,2237445
2021-12-22,1444.701904296875,1656110
2021-12-23,1465.6358642578125,1715034
2021-12-24,1500.4532470703125,3343946
2021-12-27,1553.7236328125,4512000
2021-12-28,1572.08984375,3605483
2021-12-29,1555.333984375,1902921
2021-12-30,1566.7364501953125,4650594
2021-12-31,1558.5546875,2378048
2022-01-03,1553.549560546875,1779147
2022-01-04,1557.90185546875,2701533
2022-01-05,1512.4215087890625,3138050
2022-01-06,1472.8604736328125,4290750
2022-01-07,1483.0877685546875,2103362
2022-01-10,1493.66357421875,2330348
2022-01-11,1512.0732421875,2704832
2022-01-12,1506.2413330078125,3013194
2022-01-13,1496.1009521484375,2768371
2022-01-14,1512.5955810546875,1889385
2022-01-17,1499.2344970703125,2522806
2022-01-18,1445.572265625,4878369
2022-01-19,1453.710693359375,2610709
2022-01-20,1450.9256591796875,2440011
2022-01-21,1387.0792236328125,4079190
2022-01-24,1317.0963134765625,3250275
2022-01-25,1306.172607421875,3910618
2022-01-27,1258.2984619140625,4434890
2022-01-28,1227.8768310546875,7080683
2022-01-31,1287.3709716796875,4406035
2022-02-01,1310.6551513671875,2542754
2022-02-02,1290.8092041015625,9031146
2022-02-03,1265.8714599609375,2433692
2022-02-04,1260.5614013671875,2406272
2022-02-07,1257.1671142578125,2741520
2022-02-08,1248.37548828125,1981111
2022-02-09,1266.3065185546875,2282701
2022-02-10,1278.2314453125,1850405
2022-02-11,1240.2806396484375,2426039
2022-02-14,1210.0330810546875,2149302
2022-02-15,1253.1195068359375,1955525
2022-02-16,1256.9058837890625,2164650
2022-02-17,1259.995849609375,1669669
2022-02-18,1251.6396484375,2374188
2022-02-21,1234.448486328125,2109461
2022-02-22,1229.5308837890625,2111878
2022-02-23,1230.1834716796875,1319711
2022-02-24,1160.2877197265625,4108603
2022-02-25,1209.641357421875,1885454
2022-02-28,1227.31103515625,4983140
2022-03-02,1213.6888427734375,2160190
2022-03-03,1241.8038330078125,2730530
2022-03-04,1265.2620849609375,3567738
2022-03-07,1239.584228515625,3341715
2022-03-08,1272.5301513671875,2365949
2022-03-09,1309.78466796875,3667977
2022-03-10,1292.8983154296875,2835942
2022-03-11,1294.1605224609375,1116432
2022-03-14,1308.261474609375,1372791
2022-03-15,1269.6141357421875,2188506
2022-03-16,1296.8587646484375,1453944
2022-03-17,1299.9925537109375,2346185
2022-03-21,1288.0672607421875,2110200
2022-03-22,1338.9007568359375,3030660
2022-03-23,1342.3388671875,3741783
2022-03-24,1365.3184814453125,2085571
2022-03-25,1332.241943359375,1755511
2022-03-28,1326.9320068359375,1928306
2022-03-29,1325.1043701171875,2311150
2022-03-30,1302.4295654296875,3792481
2022-03-31,1305.1712646484375,2036984
2022-04-01,1294.42138671875,2537230
2022-04-04,1304.4749755859375,1675276
2022-04-05,1296.1190185546875,3207223
2022-04-06,1270.266845703125,2627895
2022-04-07,1278.275146484375,3336784
2022-04-08,1261.040283203125,5402943
2022-04-11,1261.4320068359375,3268704
2022-04-12,1231.663330078125,2021088
2022-04-13,1227.7027587890625,1430399
2022-04-18,1170.34130859375,3968044
2022-04-19,1132.60791015625,2677360
2022-04-20,1139.571533203125,3025261
2022-04-21,1142.6177978515625,3728173
2022-04-22,1137.2213134765625,1954666
2022-04-25,1105.7987060546875,2686619
2022-04-26,1110.1943359375,2568317
2022-04-27,1097.834228515625,2382463
2022-04-28,1106.58203125,2576887
2022-04-29,1095.875732421875,3811317
2022-05-02,1071.6776123046875,2149957
2022-05-04,1055.661376953125,2797667
2022-05-05,1099.662109375,3563713
2022-05-06,1123.511962890625,5745203
2022-05-09,1097.7470703125,5712061
2022-05-10,1081.3394775390625,2852416
2022-05-11,1065.802001953125,3244609
2022-05-12,1055.661376953125,3110220
2022-05-13,1047.0008544921875,1892084
2022-05-16,1034.9888916015625,3474480
2022-05-17,1042.9532470703125,4434968
2022-05-18,1020.1914672851562,5294021
2022-05-19,964.7449340820312,4393100
2022-05-20,984.3732299804688,2461651
2022-05-23,994.818359375,2783695
2022-05-24,956.04052734375,3666196
2022-05-25,922.7899780273438,4711542
2022-05-26,938.8495483398438,2946857
2022-05-27,977.71435546875,3367600
2022-05-30,1013.1844482421875,2469771
2022-05-31,1027.3289794921875,9674664
2022-06-01,998.038818359375,2419021
2022-06-02,997.5166625976562,3206663
2022-06-03,999.170654296875,3229236
2022-06-06,995.9498901367188,3938875
2022-06-07,983.8509521484375,1656444
2022-06-08,978.5411376953125,1303551
2022-06-09,991.075439453125,1323539
2022-06-10,966.0504150390625,3119792
2022-06-13,915.6524047851562,2012004
2022-06-14,896.6770629882812,5775453
2022-06-15,887.8855590820312,3238141
2022-06-16,848.9337158203125,5600443
2022-06-17,840.0117797851562,7043370
2022-06-20,852.458984375,2985094
2022-06-21,870.5204467773438,3433536
2022-06-22,853.0248413085938,2719988
2022-06-23,862.6865844726562,2915172
2022-06-24,854.0692749023438,4056588
2022-06-27,876.7006225585938,3796002
2022-06-28,888.4513549804688,2755698
2022-06-29,888.7996215820312,3770663
2022-06-30,870.4334716796875,3264301
2022-07-01,879.7471313476562,1842102
2022-07-04,870.389892578125,1814322
2022-07-05,873.2188110351562,3045188
2022-07-06,879.0507202148438,2188175
2022-07-07,888.494873046875,1901699
2022-07-08,893.4998168945312,2841036
2022-07-11,877.0051879882812,2892507
2022-07-12,868.126708984375,2013304
2022-07-13,861.7725830078125,2067142
2022-07-14,849.368896484375,2212219
2022-07-15,847.6279907226562,2544737
2022-07-18,877.3968505859375,3946821
2022-07-19,877.1356811523438,2985845
2022-07-20,910.0380859375,5574762
2022-07-21,925.4967041015625,4935223
2022-07-22,921.8671875,2985409
2022-07-25,911.6063232421875,2888919
2022-07-26,895.5653686523438,5939871
2022-07-27,903.0033569335938,2546052
2022-07-28,930.2014770507812,3428026
2022-07-29,939.7454833984375,6185909
2022-08-01,940.5967407226562,2540084
2022-08-02,925.3623046875,2802273
2022-08-03,943.330078125,3509019
2022-08-04,946.376953125,5360632
2022-08-05,948.3035278320312,2641829
2022-08-08,946.8697509765625,2579239
2022-08-10,945.6151123046875,2823021
2022-08-11,965.3751831054688,3201408
2022-08-12,955.2039184570312,1771561
2022-08-16,965.778564453125,2222701
2022-08-17,989.7952880859375,4280823
2022-08-18,990.3778686523438,3041422
2022-08-19,989.4816284179688,4577717
2022-08-22,966.6746215820312,2157609
2022-08-23,955.2039184570312,2875768
2022-08-24,959.7294921875,2180800
2022-08-25,959.4159545898438,2734931
2022-08-26,972.8132934570312,2624896
2022-08-29,928.0059204101562,6118233
2022-08-30,964.3446044921875,4453769
2022-09-01,943.5540771484375,6112823
2022-09-02,946.6906127929688,1645341
2022-09-05,954.4423217773438,1677079
2022-09-06,953.232421875,3051076
2022-09-07,946.1976318359375,2615897
2022-09-08,976.4428100585938,2634786
2022-09-09,1009.6449584960938,3394349
2022-09-12,1030.65966796875,5230075
2022-09-13,1028.28466796875,2483685
2022-09-14,998.9358520507812,5179539
2022-09-15,970.5281372070312,3392174
2022-09-16,925.8998413085938,6635089
2022-09-19,931.5457153320312,2485826
2022-09-20,946.4666748046875,2321528
2022-09-21,950.0512084960938,2760138
2022-09-22,939.5214233398438,3867282
2022-09-23,927.6026000976562,3230711
2022-09-26,925.631103515625,3314114
2022-09-27,916.3111572265625,4448875
2022-09-28,922.7633056640625,1965519
2022-09-29,902.5103759765625,3176310
2022-09-30,903.8546752929688,3848885
2022-10-03,901.07666015625,2431236
2022-10-04,921.5088500976562,2715420
2022-10-06,924.197265625,2397633
2022-10-07,917.5209350585938,1539126
2022-10-10,922.44970703125,1660433
2022-10-11,900.4940795898438,2310765
2022-10-12,910.3966064453125,2192421
2022-10-13,907.7529296875,1344162
2022-10-14,913.9363403320312,3492929
2022-10-17,916.9833374023438,1426207
2022-10-18,913.5330200195312,2395805
2022-10-19,913.3539428710938,1304927
2022-10-20,933.472412109375,1852905
2022-10-21,933.0242919921875,1202009
2022-10-24,939.2974243164062,231316
2022-10-25,970.079833984375,3097049
2022-10-27,964.1206665039062,2342818
2022-10-28,940.0142211914062,1542568
2022-10-31,952.9636840820312,2629847
2022-11-01,959.6846923828125,4709472
2022-11-02,969.6319580078125,4104485
2022-11-03,943.5092163085938,3460133
2022-11-04,944.2262573242188,2531080
2022-11-07,944.0916748046875,2588984
2022-11-09,937.8919067382812,2697639
2022-11-10,930.9629516601562,3285774
2022-11-11,965.2437133789062,5299457
2022-11-14,971.3067016601562,2229790
2022-11-15,972.7654418945312,1577944
2022-11-16,972.6743774414062,2335937
2022-11-17,965.1071166992188,2089630
2022-11-18,967.2040405273438,1617331
2022-11-21,950.5650024414062,1475958
2022-11-22,957.9044189453125,1696991
2022-11-23,951.8869018554688,1704144
2022-11-24,974.908203125,2208145
2022-11-25,984.8002319335938,1943246
2022-11-28,982.1105346679688,1749691
2022-11-29,979.6947021484375,1233868
2022-11-30,981.928466796875,3909954
2022-12-01,1004.2655029296875,4264917
2022-12-02,1016.3461303710938,3418928
2022-12-05,1002.6700439453125,2760688
2022-12-06,992.686767578125,1838107
2022-12-07,982.8857421875,1478573
2022-12-08,979.3299560546875,1110431
2022-12-09,943.9094848632812,3138360
2022-12-12,940.9917602539062,1689393
2022-12-13,953.4369506835938,1983827
2022-12-14,971.0787963867188,1983937
2022-12-15,932.4672241210938,5184673
2022-12-16,930.689453125,2994364
2022-12-19,936.0684814453125,1529622
2022-12-20,928.0910034179688,2149130
2022-12-21,935.4760131835938,2037666
2022-12-22,926.1763305664062,1925482
2022-12-23,907.8507080078125,1504806
2022-12-26,912.63720703125,966423
2022-12-27,920.4324340820312,1615647
2022-12-28,926.541015625,1077963
2022-12-29,923.7603149414062,1977329
2022-12-30,926.6777954101562,1317151
2023-01-02,920.3869018554688,1348611
2023-01-03,933.424560546875,1439615
2023-01-04,930.2335815429688,1702044
2023-01-05,922.34716796875,1376035
2023-01-06,899.0980834960938,2346808
2023-01-09,925.6292724609375,2190779
2023-01-10,914.1416015625,1411099
2023-01-11,917.5150146484375,1294200
2023-01-12,913.138671875,1948321
2023-01-13,914.5974731445312,2837817
2023-01-16,943.1343383789062,4286551
2023-01-17,953.7103881835938,2466876
2023-01-18,955.8073120117188,1138627
2023-01-19,960.3204956054688,1768051
2023-01-20,954.1207885742188,1160517
2023-01-23,971.26123046875,1344952
2023-01-24,976.0934448242188,1578750
2023-01-25,958.3602905273438,1049973
2023-01-27,939.16845703125,1651820
2023-01-30,944.638671875,2654212
2023-01-31,925.4013671875,5797831
2023-02-01,933.37890625,1939670
2023-02-02,926.90576171875,3860090
2023-02-03,922.0280151367188,2980262
2023-02-06,916.6032104492188,2003960
2023-02-07,913.959228515625,1697633
2023-02-08,921.800048828125,2611176
2023-02-09,926.3131103515625,1782899
2023-02-10,927.5438842773438,1116554
2023-02-13,914.0048217773438,1682312
2023-02-14,922.7117309570312,2440189
2023-02-15,976.8226318359375,6712218
2023-02-16,1030.477783203125,14422445
2023-02-17,1029.5203857421875,5333732
2023-02-20,1043.1962890625,4590531
2023-02-21,1034.306884765625,3494288
2023-02-22,1026.3292236328125,2674708
2023-02-23,1029.1556396484375,2576193
2023-02-24,1020.220703125,1913493
2023-02-27,1015.6165771484375,2247105
2023-02-28,1003.1259155273438,3894204
2023-03-01,1027.423583984375,2084324
2023-03-02,1011.8328857421875,1838692
2023-03-03,989.35888671875,2388401
2023-03-06,993.8262329101562,2076844
2023-03-08,983.1136474609375,2230530
2023-03-09,966.4290161132812,2550755
2023-03-10,967.5686645507812,1400844
2023-03-13,1033.71435546875,13080169
2023-03-14,1016.847412109375,4325522
2023-03-15,1016.0269165039062,2583351
2023-03-16,1019.0811767578125,2396839
2023-03-17,1027.6512451171875,2507004
2023-03-20,1011.103759765625,4007438
2023-03-21,998.9320678710938,3354949
2023-03-22,1002.5333251953125,1750203
2023-03-23,1002.3965454101562,1720354
2023-03-24,1004.67578125,1943460
2023-03-27,1005.63330078125,1455300
2023-03-28,975.8199462890625,2431154
2023-03-29,985.6663818359375,1642278
2023-03-31,1004.5847778320312,2281085
2023-04-03,1005.8154907226562,1508662
2023-04-05,1006.089111328125,1947605
2023-04-06,996.2880249023438,1355815
2023-04-10,1009.5079345703125,940829
2023-04-11,1001.3024291992188,1384483
2023-04-12,1011.9242553710938,1376719
2023-04-13,990.908935546875,2725180
2023-04-17,939.0316772460938,4349422
2023-04-18,934.7009887695312,2735592
2023-04-19,924.3984985351562,1953837
2023-04-20,931.6011352539062,1250758
2023-04-21,910.5858154296875,4269272
2023-04-24,917.2869873046875,1625433
2023-04-25,908.9903564453125,1984203
2023-04-26,908.3521118164062,1589700
2023-04-27,914.5974731445312,3543950
2023-04-28,933.3333740234375,5146250
2023-05-02,960.457275390625,4762884
2023-05-03,947.829833984375,2217136
2023-05-04,953.163330078125,1744298
2023-05-05,944.9122924804688,1222282
2023-05-08,951.2487182617188,1487285
2023-05-09,955.3059692382812,1747630
2023-05-10,953.8016357421875,1186977
2023-05-11,951.8869018554688,1451786
2023-05-12,953.98388671875,1140016
2023-05-15,970.4861450195312,2122222
2023-05-16,963.8760986328125,1343911
2023-05-17,961.0955200195312,2803566
2023-05-18,956.1265258789062,909923
2023-05-19,977.5065307617188,2624323
2023-05-22,1006.9551391601562,2996190
2023-05-23,994.2366943359375,1414119
2023-05-24,1001.7584228515625,1782245
2023-05-25,1001.1657104492188,1200289
2023-05-26,1016.3461303710938,2104054
2023-05-29,1015.707763671875,1432241
2023-05-30,1001.4393920898438,2822485
2023-05-31,1017.0753784179688,7599886
2023-06-01,1021.8619384765625,1412280
2023-06-02,1023.958740234375,1907589
2023-06-05,1011.4226684570312,1754521
2023-06-06,990.3618774414062,3284841
2023-06-07,998.9775390625,2086377
2023-06-08,976.7316284179688,4054486
2023-06-09,969.2097778320312,2782697
2023-06-12,979.8770141601562,1767945
2023-06-13,984.1163940429688,1846534
2023-06-14,982.4754028320312,1321534
2023-06-15,986.0310668945312,1389325
2023-06-16,982.1105346679688,4392418
2023-06-19,997.0630493164062,2188899
2023-06-20,1009.5992431640625,3318866
2023-06-21,1021.0414428710938,1985965
2023-06-22,1020.2664184570312,2360795
2023-06-23,1017.0296020507812,3492348
2023-06-26,1013.7476196289062,1432154
2023-06-27,1020.8589477539062,1227245
2023-06-28,1010.2830200195312,1876800
2023-06-30,1031.0247802734375,2478834
2023-07-03,1022.45458984375,1899656
2023-07-04,1046.6607666015625,2773593
2023-07-05,1071.2774658203125,3732838
2023-07-06,1075.1522216796875,2520085
2023-07-07,1053.9547119140625,2261102
2023-07-10,1045.8858642578125,2088505
2023-07-11,1058.9234619140625,1212566
2023-07-12,1057.054443359375,1274203
2023-07-13,1071.50537109375,3215610
2023-07-14,1120.191650390625,6033106
2023-07-17,1132.727783203125,4880073
2023-07-18,1137.4232177734375,2666872
2023-07-19,1134.82470703125,2293881
2023-07-20,1142.346435546875,2000345
2023-07-21,1118.1607666015625,5032086
2023-07-24,1087.0511474609375,2669308
2023-07-25,1082.045654296875,2557865
2023-07-26,1069.60205078125,3170213
2023-07-27,1029.089599609375,17594818
2023-07-28,1020.8094482421875,4244321
2023-07-31,1043.6851806640625,4766331
2023-08-01,1069.8826904296875,3805214
2023-08-02,1071.894287109375,2357217
2023-08-03,1069.227783203125,2348236
2023-08-04,1099.541748046875,3580506
2023-08-07,1107.4478759765625,1694290
2023-08-08,1127.797607421875,5137402
2023-08-09,1148.9427490234375,3396984
2023-08-10,1156.240478515625,3715680
2023-08-11,1141.87841796875,2933959
2023-08-14,1141.2237548828125,1842625
2023-08-16,1148.80224609375,2341456
2023-08-17,1152.451171875,2636308
2023-08-18,1132.85009765625,1794430
2023-08-21,1140.3818359375,1175945
2023-08-22,1135.0953369140625,1003208
2023-08-23,1123.6806640625,1569035
2023-08-24,1121.903076171875,1218843
2023-08-25,1112.9212646484375,1213340
2023-08-28,1108.47705078125,950013
2023-08-29,1120.8739013671875,1419344
2023-08-30,1120.12548828125,2016339
2023-08-31,1124.569580078125,2817747
2023-09-01,1148.9893798828125,1686038
2023-09-04,1175.841796875,3466873
2023-09-05,1173.7833251953125,2199985
2023-09-06,1168.5438232421875,1753376
2023-09-07,1187.5369873046875,2554884
2023-09-08,1181.6424560546875,1731105
2023-09-11,1187.162841796875,1293853
2023-09-12,1184.4962158203125,2335224
2023-09-13,1179.2567138671875,1204376
2023-09-14,1197.45458984375,3288631
2023-09-15,1216.354248046875,4316210
2023-09-18,1206.76416015625,1967717
2023-09-20,1192.30859375,2843560
2023-09-21,1208.494873046875,2960250
2023-09-22,1221.31298828125,3252940
2023-09-25,1215.7926025390625,2100302
2023-09-26,1199.7469482421875,1141475
2023-09-27,1205.68798828125,1568115
2023-09-28,1150.345947265625,6570797
2023-09-29,1144.077392578125,2861162
2023-10-03,1137.90234375,1622290
2023-10-04,1127.4232177734375,2340603
2023-10-05,1127.984619140625,2497613
2023-10-06,1138.5572509765625,1446719
2023-10-09,1134.5809326171875,1451064
2023-10-10,1148.708740234375,1503359
2023-10-11,1152.310791015625,1622663
2023-10-12,1121.57568359375,2452842
2023-10-13,1117.22509765625,3266079
2023-10-16,1108.3365478515625,2638043
2023-10-17,1120.4996337890625,1163897
2023-10-18,1110.67578125,2337078
2023-10-19,1096.688232421875,3107691
2023-10-20,1095.3314208984375,2962470
2023-10-23,1081.531005859375,1203959
2023-10-25,1068.61962890625,1555285
2023-10-26,1043.638427734375,7099401
2023-10-27,1048.41015625,1382498
2023-10-30,1054.351318359375,2255915
2023-10-31,1060.198974609375,1194765
2023-11-01,1052.6671142578125,1288497
2023-11-02,1054.936767578125,2493118
2023-11-03,1071.5811767578125,1108121
2023-11-06,1080.1400146484375,572330
2023-11-07,1086.6181640625,902481
2023-11-08,1077.3028564453125,806162
2023-11-09,1062.9281005859375,6042108
2023-11-10,1076.357177734375,706806
2023-11-13,1069.9263916015625,435537
2023-11-15,1110.0244140625,2816201
2023-11-16,1141.658203125,2294942
2023-11-17,1137.4498291015625,1176628
2023-11-20,1146.0086669921875,1077366
2023-11-21,1139.1048583984375,1129326
2023-11-22,1149.4132080078125,750622
2023-11-23,1145.1573486328125,651637
2023-11-24,1132.81591796875,884921
2023-11-28,1137.1190185546875,910795
2023-11-29,1155.37109375,1898448
2023-11-30,1154.6617431640625,2978406
2023-12-01,1154.2835693359375,1017856
2023-12-04,1157.4515380859375,1581599
2023-12-05,1154.3306884765625,1499843
2023-12-06,1158.680908203125,2637916
2023-12-07,1156.8369140625,1076885
2023-12-08,1158.775634765625,2642571
2023-12-11,1166.3414306640625,1558876
2023-12-12,1159.57958984375,1114846
2023-12-13,1150.0750732421875,3025706
2023-12-14,1196.0364990234375,5287733
2023-12-15,1235.188720703125,5900381
2023-12-18,1221.617919921875,2671348
2023-12-19,1211.877197265625,1717860
2023-12-20,1180.8106689453125,2860865
2023-12-21,1182.2291259765625,3337533
2023-12-22,1205.919189453125,2297352
2023-12-26,1212.397216796875,1720830
2023-12-27,1210.647705078125,1584695
2023-12-28,1216.1326904296875,2284964
2023-12-29,1203.554931640625,1187193
2024-01-01,1226.724609375,1776828
2024-01-02,1208.708984375,1615064
2024-01-03,1176.6492919921875,2231707
2024-01-04,1179.7703857421875,3355191
2024-01-05,1180.5269775390625,1756868
2024-01-08,1162.2274169921875,1320667
2024-01-09,1168.563720703125,994439
2024-01-10,1173.5286865234375,808638
2024-01-11,1181.5672607421875,930492
2024-01-12,1237.0330810546875,5023455
2024-01-15,1265.02587890625,6012767
2024-01-16,1248.71240234375,1883106
2024-01-17,1254.7176513671875,2313059
2024-01-18,1281.5758056640625,4533782
2024-01-19,1314.4390869140625,4463826
2024-01-23,1292.451416015625,2683661
2024-01-24,1331.509033203125,2008135
2024-01-25,1250.2728271484375,8424862
2024-01-29,1242.9908447265625,2495791
2024-01-30,1246.30078125,2293154
2024-01-31,1261.2431640625,1798462
2024-02-01,1241.2413330078125,2286420
2024-02-02,1265.4512939453125,1838847
2024-02-05,1260.3919677734375,953919
2024-02-06,1277.6983642578125,2713529
2024-02-07,1246.4427490234375,2004588
2024-02-08,1238.1678466796875,2308756
2024-02-09,1239.8701171875,1085349
2024-02-12,1247.1993408203125,1149683
2024-02-13,1256.3253173828125,1127361
2024-02-14,1222.70556640625,3426103
2024-02-15,1229.7509765625,1703763
2024-02-16,1231.8314208984375,1994659
2024-02-19,1238.8770751953125,1496111
2024-02-20,1248.854248046875,2113200
2024-02-21,1226.20458984375,1769508
2024-02-22,1255.9942626953125,2201424
2024-02-23,1250.4620361328125,1660506
2024-02-26,1227.764892578125,1196507
2024-02-27,1225.6844482421875,1488661
2024-02-28,1216.0382080078125,1289779
2024-02-29,1204.6898193359375,2251498
2024-03-01,1202.7510986328125,1560034
2024-03-04,1210.55322265625,1843831
2024-03-05,1203.4129638671875,1420379
2024-03-06,1201.9945068359375,2064350
2024-03-07,1218.21337890625,2073691
2024-03-11,1219.0172119140625,1577732
2024-03-12,1222.1380615234375,1963068
2024-03-13,1207.8577880859375,2001399
2024-03-14,1223.1309814453125,2129097
2024-03-15,1212.5863037109375,2499025
2024-03-18,1203.554931640625,630807
2024-03-19,1184.262451171875,1243420
2024-03-20,1195.6583251953125,1139621
2024-03-21,1213.1065673828125,1420041
2024-03-22,1194.0977783203125,2990908
2024-03-26,1186.2484130859375,2144358
2024-03-27,1185.728271484375,2128854
2024-03-28,1180.337646484375,2436133
2024-04-01,1176.98046875,1397037
2024-04-02,1169.6512451171875,1320357
2024-04-03,1187.005126953125,1819093
2024-04-04,1209.7965087890625,2460669
2024-04-05,1194.8070068359375,1184658
2024-04-08,1196.4620361328125,686932
2024-04-09,1183.4586181640625,1198161
2024-04-10,1197.5496826171875,1994380
2024-04-12,1174.66357421875,2887322
2024-04-15,1152.5811767578125,2153147
2024-04-16,1130.8773193359375,2085459
2024-04-18,1115.60400390625,3242357
2024-04-19,1128.8441162109375,2572144
2024-04-22,1142.462158203125,1364143
2024-04-23,1135.0855712890625,1460983
2024-04-24,1121.325439453125,1375843
2024-04-25,1125.67578125,3357065
2024-04-26,1209.32373046875,20431926
2024-04-29,1218.3553466796875,4120529
2024-04-30,1194.901611328125,2613213
2024-05-02,1198.1171875,2124221
2024-05-03,1182.5601806640625,2322455
2024-05-06,1193.719482421875,1363667
2024-05-07,1222.2799072265625,2350444
2024-05-08,1217.125732421875,1332284
2024-05-09,1200.197509765625,2420777
2024-05-10,1195.7528076171875,1322206
2024-05-13,1193.5302734375,593453
2024-05-14,1206.2501220703125,1386032
2024-05-15,1205.3043212890625,1008105
2024-05-16,1236.938232421875,4868225
2024-05-17,1234.5267333984375,1925387
2024-05-21,1252.0223388671875,1453689
2024-05-22,1258.16943359375,1411627
2024-05-23,1264.884033203125,1440740
2024-05-24,1249.9891357421875,1288301
2024-05-27,1257.50732421875,980450
2024-05-28,1243.7000732421875,1608944
2024-05-29,1216.605712890625,1405567
2024-05-30,1173.4813232421875,2610479
2024-05-31,1161.75439453125,4649449
2024-06-03,1177.7369384765625,1091287
2024-06-04,1172.0155029296875,2471911
2024-06-05,1198.1171875,2709585
2024-06-06,1245.9224853515625,3205121
2024-06-07,1302.8067626953125,5790599
2024-06-10,1267.5792236328125,2532308
2024-06-11,1276.1851806640625,1465705
2024-06-12,1296.1868896484375,2786009
2024-06-13,1313.5406494140625,1953367
2024-06-14,1296.99072265625,1733356
2024-06-18,1296.8961181640625,950760
2024-06-19,1306.1640625,1313197
2024-06-20,1317.46533203125,1987190
2024-06-21,1323.8017578125,6836535
2024-06-24,1325.598388671875,1111433
2024-06-25,1350.2340087890625,2201375
2024-06-26,1336.332275390625,1565878
2024-06-27,1354.4898681640625,4286657
2024-06-28,1352.6929931640625,2222285
2024-07-01,1392.1761474609375,3837301
2024-07-02,1392.2236328125,2092643
2024-07-03,1399.458251953125,896602
2024-07-04,1379.929443359375,1322999
2024-07-05,1382.009765625,1334838
2024-07-08,1387.920654296875,807698
2024-07-09,1386.1710205078125,1049695
2024-07-10,1383.9012451171875,802718
2024-07-11,1381.3006591796875,1408434
2024-07-12,1423.3375244140625,4372156
2024-07-15,1417.6632080078125,2374623
2024-07-16,1433.8819580078125,1794159
2024-07-18,1455.775146484375,2752497
2024-07-19,1436.5587158203125,2504915
2024-07-22,1440.55615234375,2225781
2024-07-23,1438.485107421875,1640492
2024-07-24,1476.91796875,2561617
2024-07-25,1473.7392578125,3283912
2024-07-26,1484.479248046875,7133745
2024-07-29,1469.2603759765625,1755979
2024-07-30,1481.4932861328125,1622543
2024-07-31,1497.2420654296875,2398955
2024-08-01,1487.657958984375,1315921
2024-08-02,1452.25927734375,2894949
2024-08-05,1402.79736328125,2186582
2024-08-06,1428.8529052734375,1665788
2024-08-07,1419.4613037109375,3002937
2024-08-08,1412.526123046875,2333194
2024-08-09,1451.2958984375,1521252
2024-08-12,1456.8828125,1809860
2024-08-13,1448.117431640625,580901
2024-08-14,1468.34521484375,2833790
2024-08-16,1527.005859375,3224481
2024-08-19,1536.0120849609375,1640507
2024-08-20,1568.713623046875,2442281
2024-08-21,1545.644287109375,1935929
2024-08-22,1552.001708984375,1562554
2024-08-23,1539.6241455078125,1020913
2024-08-26,1579.8389892578125,1510157
2024-08-27,1564.86083984375,1083351
2024-08-28,1567.509521484375,3033590
2024-08-29,1586.7740478515625,2194339
2024-08-30,1576.322998046875,1926984
2024-09-02,1586.099853515625,1582818
2024-09-03,1583.6435546875,1739553
2024-09-04,1584.799560546875,1643875
2024-09-05,1579.2127685546875,1080904
2024-09-06,1563.560302734375,1672937
2024-09-09,1521.130126953125,2965098
2024-09-10,1548.293212890625,2541973
2024-09-11,1543.6695556640625,1395340
2024-09-12,1582.824951171875,2356422
2024-09-13,1595.154296875,1373924
2024-09-16,1588.363525390625,1060407
2024-09-17,1590.8197021484375,1499644
2024-09-18,1546.3668212890625,2930297
2024-09-19,1536.6861572265625,3032379
2024-09-20,1562.4044189453125,3984683
2024-09-23,1548.0523681640625,1535902
2024-09-24,1576.9010009765625,1781972
2024-09-25,1543.8140869140625,2505756
2024-09-26,1547.8597412109375,2173853
2024-09-27,1550.0751953125,3539822
2024-09-30,1519.20361328125,3460691
2024-10-01,1565.6312255859375,5176596
2024-10-03,1545.0662841796875,2332279
2024-10-04,1557.0103759765625,2927576
2024-10-07,1559.033203125,1619326
2024-10-08,1569.1951904296875,1311331
2024-10-09,1597.8031005859375,2177241
2024-10-10,1560.1407470703125,1518162
2024-10-11,1586.4852294921875,1019027
2024-10-14,1630.2640380859375,2070051
2024-10-15,1613.74462890625,2503380
2024-10-16,1599.248046875,1070524
2024-10-17,1636.52490234375,3771316
2024-10-18,1625.8331298828125,3119646
2024-10-21,1638.64404296875,5898020
2024-10-22,1634.1650390625,2484594
2024-10-23,1672.1162109375,4198781
2024-10-24,1671.9234619140625,1570443
2024-10-25,1653.3331298828125,1743714
2024-10-28,1639.9443359375,1271473
2024-10-29,1636.0433349609375,1499121
2024-10-30,1622.9913330078125,1305424
2024-10-31,1563.415283203125,3638913
2024-11-01,1558.5557861328125,249236
2024-11-04,1592.3287353515625,2746587
2024-11-05,1586.7403564453125,1376651
2024-11-06,1645.9278564453125,3164061
2024-11-07,1604.5743408203125,1285140
2024-11-08,1634.0709228515625,1883257
2024-11-11,1656.229736328125,1587351
2024-11-12,1639.56201171875,1414446
2024-11-13,1628.4825439453125,1063556
2024-11-14,1640.0479736328125,1919974
2024-11-18,1614.0987548828125,1617013
2024-11-19,1651.8564453125,1982317
2024-11-21,1654.3831787109375,2212146
2024-11-22,1698.3121337890625,2344087
2024-11-25,1683.8797607421875,3913302
2024-11-26,1696.3199462890625,1291712
2024-11-27,1707.3992919921875,2088228
2024-11-28,1665.171142578125,1787990
2024-11-29,1664.150634765625,1556942
2024-12-02,1696.8543701171875,1370756
2024-12-03,1700.3045654296875,1824151
2024-12-04,1710.1204833984375,1811165
2024-12-05,1736.701416015625,2762694
2024-12-06,1732.668212890625,1180840
2024-12-09,1727.857421875,1069659
2024-12-10,1713.9595947265625,1625591
2024-12-11,1713.2305908203125,1285654
2024-12-12,1739.27685546875,3018243
2024-12-13,1745.8857421875,1503188
2024-12-16,1725.6220703125,1075193
2024-12-17,1720.95703125,1160899
2024-12-18,1728.8778076171875,1337600
2024-12-19,1705.0181884765625,2402819
2024-12-20,1638.6387939453125,2921154
2024-12-23,1664.247802734375,1301223
2024-12-24,1656.958740234375,711026
2024-12-26,1650.9329833984375,659638
2024-12-27,1663.5189208984375,647945
2024-12-30,1691.897705078125,6781500
2024-12-31,1658.22216796875,1459630
2025-01-01,1655.9381103515625,721479
2025-01-02,1678.388671875,1238954
2025-01-03,1641.943115234375,2448088
2025-01-06,1638.8817138671875,945693
2025-01-07,1624.15771484375,1305847
2025-01-08,1616.9658203125,673344
2025-01-09,1596.60498046875,774065
2025-01-10,1657.6390380859375,2208899
2025-01-13,1612.9810791015625,1401093
2025-01-14,1601.1727294921875,2480288
2025-01-15,1628.8226318359375,1079742
2025-01-16,1640.19384765625,2334315
2025-01-17,1613.6129150390625,2502285
2025-01-20,1627.5107421875,4856268
2025-01-21,1594.3695068359375,2500061
2025-01-22,1636.59765625,2478559
2025-01-23,1665.2196044921875,2255334
2025-01-24,1674.598388671875,1257165
2025-01-27,1607.392822265625,1174799
2025-01-28,1601.998779296875,1820874
2025-01-29,1633.8765869140625,1146508
2025-01-30,1623.13720703125,868832
2025-01-31,1627.3648681640625,1065425
2025-02-01,1600.103759765625,410470
2025-02-03,1608.1702880859375,1415698
2025-02-04,1612.3980712890625,1467006
2025-02-05,1614.293212890625,1449280
2025-02-06,1622.6513671875,1288106
2025-02-07,1644.5185546875,1582031
2025-02-10,1651.2733154296875,1235699
2025-02-11,1622.165283203125,1800036
2025-02-12,1632.9532470703125,1889477
2025-02-13,1628.1910400390625,1555491
2025-02-14,1612.446533203125,961944
2025-02-17,1618.1319580078125,1114005
2025-02-18,1657.055908203125,2654136
2025-02-19,1638.395751953125,1113961
2025-02-20,1611.231689453125,1485087
2025-02-21,1603.116455078125,1479239
2025-02-24,1568.3232421875,1672609
2025-02-25,1549.1285400390625,1425126
2025-02-27,1543.5888671875,2208643
2025-02-28,1446.0120849609375,4155992
2025-03-03,1451.06591796875,2851006
2025-03-04,1446.4007568359375,2386196
2025-03-05,1494.84912109375,1967418
2025-03-06,1461.17333984375,2246380
2025-03-07,1450.3856201171875,893696
2025-03-10,1445.0401611328125,798491
2025-03-11,1437.6053466796875,1769157
2025-03-12,1397.85546875,2665932
2025-03-13,1400.1392822265625,995812
2025-03-17,1399.604736328125,1747569
2025-03-18,1399.604736328125,0
2025-03-19,1356.890625,5557840
2025-03-20,1370.8858642578125,2863413
2025-03-21,1369.622314453125,4056023
2025-03-24,1417.6331787109375,3072831
2025-03-25,1414.5716552734375,2056315
2025-03-26,1376.4739990234375,2231144
2025-03-27,1383.8603515625,2541022
2025-03-28,1378.3692626953125,1642693
2025-04-01,1355.918701171875,1578367
2025-04-02,1383.0343017578125,1617949
2025-04-03,1330.84423828125,1943422
2025-04-04,1283.80517578125,1757493
2025-04-07,1251.7818603515625,3044730
2025-04-08,1277.439453125,2868814
2025-04-09,1236.960693359375,3724878
2025-04-11,1246.1934814453125,1803181
2025-04-15,1265.0965576171875,1511866
2025-04-16,1271.899658203125,1093342
2025-04-17,1270.0531005859375,3027966
2025-04-21,1334.8775634765625,3759267
2025-04-22,1337.793212890625,2471135
2025-04-23,1399.118896484375,5944062
2025-04-24,1404.561279296875,2501415
2025-04-25,1420.8890380859375,8211667
2025-04-28,1420.4029541015625,2079431
2025-04-29,1453.252685546875,2652788
2025-04-30,1460.736083984375,1858465
2025-05-02,1452.0863037109375,1582577
2025-05-05,1452.572265625,846022
2025-05-06,1454.1273193359375,1545773
2025-05-07,1453.1553955078125,1272555
2025-05-08,1460.5416259765625,2829448
2025-05-09,1451.697509765625,923174
2025-05-12,1528.8648681640625,1891418
2025-05-13,1528.28173828125,3724272
2025-05-14,1558.118408203125,2354571
2025-05-15,1583.2901611328125,2972408
2025-05-16,1571.5303955078125,1159095
2025-05-19,1552.870361328125,681874
2025-05-20,1531.6832275390625,1869716
2025-05-21,1553.259033203125,930031
2025-05-22,1521.57568359375,1789310
2025-05-23,1535.8624267578125,1159290
2025-05-26,1556.369140625,711029
2025-05-27,1547.6221923828125,1394001
2025-05-28,1535.8624267578125,820958
2025-05-29,1555.008544921875,1799251
2025-05-30,1529.642333984375,2780942
2025-06-02,1505.539794921875,2120693
2025-06-03,1500.388916015625,2316285
2025-06-04,1512.9259033203125,1439090
2025-06-05,1518.8546142578125,1529586
2025-06-06,1526.921142578125,828051
2025-06-09,1534.6961669921875,598108
2025-06-10,1565.6019287109375,3324373
2025-06-11,1591.4539794921875,2660949
2025-06-12,1598.159912109375,2316173
2025-06-13,1612.349365234375,2511076
2025-06-16,1646.26806640625,2160406
2025-06-17,1670.2734375,2105126
2025-06-18,1662.595458984375,1299278
2025-06-19,1636.6463623046875,3056884
2025-06-20,1648.4061279296875,3425550
2025-06-23,1634.50830078125,732380
2025-06-24,1629.9403076171875,1923989
2025-06-25,1657.055908203125,1416375
2025-06-26,1642.6719970703125,2528268
2025-06-27,1627.3162841796875,6183785
2025-06-30,1639.56201171875,1546996
2025-07-01,1624.206298828125,1689051
2025-07-02,1629.9403076171875,1931642
2025-07-03,1624.88671875,1713273
2025-07-04,1638.048828125,1310544
2025-07-07,1607.0732421875,1550115
2025-07-08,1618.4541015625,1318755
2025-07-09,1598.0675048828125,1173847
2025-07-10,1583.519775390625,1631315
2025-07-11,1585.8948974609375,2559235
2025-07-14,1560.3621826171875,2068336
2025-07-15,1562.638427734375,2574760
2025-07-16,1591.239013671875,2207039
2025-07-17,1547.4969482421875,7617296
2025-07-18,1532.850341796875,3619191
2025-07-21,1527.80322265625,988104
2025-07-22,1531.16796875,1404790
2025-07-23,1530.5740966796875,2887100
2025-07-24,1483.071533203125,2207437
2025-07-25,1446.7518310546875,1179664
2025-07-28,1435.56884765625,1070496
2025-07-29,1438.73583984375,1458817
2025-07-30,1448.038330078125,1299448
2025-07-31,1448.5330810546875,1382994
2025-08-01,1423.8912353515625,1620011
2025-08-04,1459.716064453125,1581473
2025-08-05,1470.00830078125,2929677
2025-08-06,1443.8818359375,1039973
2025-08-07,1466.6435546875,1587489
2025-08-08,1465.0601806640625,1371665
2025-08-11,1465.7528076171875,888886
2025-08-12,1493.6607666015625,2532937
2025-08-13,1490.6917724609375,1815196
2025-08-14,1471.2947998046875,1715172
2025-08-18,1455.9554443359375,1249405
2025-08-19,1481.191162109375,1807647
2025-08-20,1508.3072509765625,2329633
2025-08-21,1505.536376953125,1251760
2025-08-22,1489.4052734375,969599
2025-08-25,1511.2762451171875,1386218
2025-08-26,1486.6341552734375,1510822
2025-08-28,1480.1026611328125,1771867
2025-08-29,1466.0498046875,2279980
2025-09-01,1489.9000244140625,1241192
2025-09-02,1497.12451171875,1137022
2025-09-03,1492.572021484375,1431929
2025-09-04,1484.8529052734375,1038934
2025-09-05,1462.5860595703125,1875965
2025-09-08,1445.564208984375,1308412
2025-09-09,1482.6756591796875,1749566
2025-09-10,1510.1876220703125,1660976
2025-09-11,1505.4373779296875,896908
2025-09-12,1509.69287109375,770698
2025-09-15,1504.0518798828125,825515
2025-09-16,1515.630615234375,1011289
2025-09-17,1531.16796875,1946337
2025-09-18,1534.631591796875,2246114
2025-09-19,1537.6995849609375,2621234
2025-09-22,1489.8011474609375,5723501
2025-09-23,1456.648193359375,1380054
2025-09-24,1437.350341796875,2122106
2025-09-25,1429.334228515625,1581629
2025-09-26,1393.1134033203125,1851067
2025-09-29,1396.082275390625,2708118
2025-09-30,1385.7901611328125,2225340
2025-10-01,1401.327392578125,1683484
2025-10-03,1386.0870361328125,2568702
2025-10-06,1424.3861083984375,3036770
2025-10-07,1423.990234375,1105550
2025-10-08,1443.090087890625,1154614
2025-10-09,1451.403076171875,1354036
2025-10-10,1442.1004638671875,937053
2025-10-13,1435.8658447265625,1229414
2025-10-14,1452.78857421875,1430713
2025-10-15,1443.8818359375,2810322
2025-10-16,1448.6322021484375,1619438
2025-10-17,1432.5999755859375,1433539
2025-10-20,1444.4000244140625,1800507
2025-10-21,1448.699951171875,114229
2025-10-23,1463.4000244140625,3244860
2025-10-24,1453.699951171875,969361
2025-10-27,1462.800048828125,1036807
2025-10-28,1447.4000244140625,1432913
2025-10-29,1452.199951171875,1311858
2025-10-30,1433.800048828125,1797868
2025-10-31,1424.4000244140625,1757591
2025-11-03,1419.800048828125,2136091
2025-11-04,1409.199951171875,1191278
2025-11-06,1413.5999755859375,2502412
2025-11-07,1386.699951171875,1209479
2025-11-10,1397.800048828125,2883323
2025-11-11,1408.0,2488036
2025-11-12,1456.0999755859375,2958869
2025-11-13,1451.4000244140625,1178211
2025-11-14,1439.199951171875,1220596
2025-11-17,1452.800048828125,999416
2025-11-18,1422.0,1553597
2025-11-19,1433.9000244140625,5777445
2025-11-20,1456.0,2818268
2025-11-21,1461.5,2615232
2025-11-24,1494.699951171875,6808658
2025-11-25,1494.699951171875,1675981
2025-11-26,1520.4000244140625,1592891
2025-11-27,1509.800048828125,1426194
2025-11-28,1517.300048828125,1247146
2025-12-01,1529.5,1527101
2025-12-02,1536.699951171875,1754978
2025-12-03,1541.699951171875,2142830
2025-12-04,1562.300048828125,2422663
2025-12-05,1570.800048828125,2223397
2025-12-08,1591.800048828125,2833786
2025-12-09,1561.5999755859375,1533609
2025-12-10,1550.800048828125,735586
2025-12-11,1568.199951171875,1248064
2025-12-12,1578.4000244140625,754479
2025-12-15,1575.4000244140625,784781
2025-12-16,1578.199951171875,999338
2025-12-17,1579.4000244140625,582251
2025-12-18,1605.5999755859375,1748780
2025-12-19,1612.5,1802793
2025-12-22,1646.699951171875,1466208
2025-12-23,1633.0,1161166
2025-12-24,1631.5,955523
2025-12-26,1612.300048828125,461192
2025-12-29,1612.4000244140625,891096
2025-12-30,1604.5999755859375,1973547
2025-12-31,1590.9000244140625,729913
2026-01-01,1607.699951171875,565878
2026-01-02,1612.0,637080
2026-01-05,1596.9000244140625,907810
2026-01-06,1601.800048828125,570335
2026-01-07,1625.199951171875,1309781
2026-01-08,1577.9000244140625,1657201
2026-01-09,1582.199951171875,1410053
2026-01-12,1586.0999755859375,652320
2026-01-13,1614.800048828125,2573438
2026-01-14,1588.5,1570385
2026-01-15,1588.5,0
2026-01-16,1670.5,3733401
2026-01-19,1718.300048828125,10621562
2026-01-20,1678.5,1825981
2026-01-21,1686.699951171875,1766163
2026-01-22,1687.4000244140625,3123567
2026-01-23,1701.0999755859375,1831521
2026-01-27,1745.0999755859375,2932973
2026-01-28,1762.9000244140625,2534826
2026-01-29,1768.4000244140625,1893136
2026-01-30,1743.0999755859375,1672787
2026-02-02,1724.0,1030696
2026-02-03,1716.5,2711705
2026-02-04,1645.300048828125,4823180
2026-02-05,1646.199951171875,1720981
2026-02-06,1619.9000244140625,1988639
2026-02-09,1621.699951171875,933821
2026-02-10,1644.5999755859375,1527966
2026-02-11,1634.4000244140625,1521823
2026-02-12,1536.5999755859375,5343729
2026-02-13,1534.4000244140625,7058376
2026-02-16,1512.699951171875,1873472
2026-02-17,1523.800048828125,1781501
2026-02-18,1504.800048828125,1989222
2026-02-19,1479.300048828125,1108260
2026-02-20,1456.9000244140625,1599813
2026-02-23,1440.9000244140625,2660793
