date,adj_close,volume
2015-01-01,204.51812744140625,787731
2015-01-02,210.89431762695312,3485478
2015-01-05,206.9727783203125,1455238
2015-01-06,196.94447326660156,2071117
2015-01-07,193.41212463378906,3720183
2015-01-08,199.24948120117188,2241168
2015-01-09,198.9800567626953,3090469
2015-01-12,197.9323272705078,1351051
2015-01-13,206.40402221679688,6944788
2015-01-14,214.45663452148438,4317558
2015-01-15,217.0310821533203,2974933
2015-01-16,221.6111602783203,2779971
2015-01-19,222.14999389648438,2236056
2015-01-20,222.32960510253906,1878513
2015-01-21,218.10873413085938,2458926
2015-01-22,215.7438507080078,1723426
2015-01-23,214.36680603027344,1537792
2015-01-27,209.9364013671875,1991038
2015-01-28,212.09173583984375,1640554
2015-01-29,218.6475830078125,2583888
2015-01-30,220.5334930419922,1898403
2015-02-02,235.7705841064453,6059877
2015-02-03,249.2414093017578,10507746
2015-02-04,257.2042541503906,9013189
2015-02-05,250.22938537597656,2762121
2015-02-06,256.45587158203125,5598588
2015-02-09,247.62493896484375,2108044
2015-02-10,254.24066162109375,2462724
2015-02-11,260.8263854980469,5374516
2015-02-12,264.718017578125,2829805
2015-02-13,257.2042541503906,2295769
2015-02-16,255.3183135986328,1487070
2015-02-18,250.16946411132812,1582840
2015-02-19,256.21636962890625,1937391
2015-02-20,252.0853271484375,1280686
2015-02-23,249.75035095214844,2133754
2015-02-24,247.92428588867188,2949123
2015-02-25,246.21795654296875,4404639
2015-02-26,243.88307189941406,2216343
2015-02-27,251.3369598388672,1522512
2015-03-02,253.16302490234375,1298245
2015-03-03,250.5885467529297,960072
2015-03-04,248.6128387451172,2088045
2015-03-05,252.4744415283203,1656009
2015-03-09,261.3353271484375,4095466
2015-03-10,259.7786560058594,2034645
2015-03-11,254.7794647216797,1048327
2015-03-12,256.75518798828125,1426203
2015-03-13,247.38546752929688,1991061
2015-03-16,244.48175048828125,1737163
2015-03-17,249.9898681640625,2787130
2015-03-18,252.9235382080078,1988053
2015-03-19,256.42596435546875,2730973
2015-03-20,249.8401641845703,3487477
2015-03-23,251.3369598388672,1710091
2015-03-24,248.13388061523438,1088602
2015-03-25,251.42674255371094,1439575
2015-03-26,255.5578155517578,2542242
2015-03-27,260.5869140625,3937567
2015-03-30,263.7900695800781,2228515
2015-03-31,264.718017578125,3935781
2015-04-01,263.84991455078125,1895082
2015-04-06,269.59747314453125,2833153
2015-04-07,283.33782958984375,4264207
2015-04-08,276.7520446777344,2611506
2015-04-09,271.96240234375,2828709
2015-04-10,277.44049072265625,2643700
2015-04-13,284.2059631347656,4988629
2015-04-15,275.91387939453125,5325034
2015-04-16,270.5853576660156,2682301
2015-04-17,256.78515625,3833344
2015-04-20,245.4097442626953,2996694
2015-04-21,254.42027282714844,2706810
2015-04-22,257.35394287109375,3139509
2015-04-23,261.7843933105469,2289070
2015-04-24,260.2576599121094,1901011
2015-04-27,266.9332275390625,7690443
2015-04-28,284.8944091796875,5244418
2015-04-29,280.5837707519531,3659713
2015-04-30,293.75531005859375,8066182
2015-05-04,297.64691162109375,4508887
2015-05-05,296.4195251464844,3922423
2015-05-06,286.72052001953125,5071227
2015-05-07,292.1687927246094,3039747
2015-05-08,303.27471923828125,2768298
2015-05-11,302.1970520019531,4278573
2015-05-12,292.8273010253906,4780237
2015-05-13,304.02313232421875,7218978
2015-05-14,308.4834899902344,4292419
2015-05-15,312.1355895996094,2414062
2015-05-18,315.9373779296875,4329804
2015-05-19,312.0158386230469,1798066
2015-05-20,309.6210021972656,2664748
2015-05-21,322.5830078125,3810559
2015-05-22,321.89447021484375,1987285
2015-05-25,330.24639892578125,3185475
2015-05-26,338.41876220703125,6190050
2015-05-27,321.565185546875,6951375
2015-05-28,310.6687927246094,6936849
2015-05-29,330.875,47383105
2015-06-01,325.1274719238281,4819459
2015-06-02,317.9729919433594,2871489
2015-06-03,323.2415466308594,3342442
2015-06-04,335.5749206542969,3456874
2015-06-05,329.37835693359375,3633442
2015-06-08,320.06842041015625,2569891
2015-06-09,309.1719970703125,3451975
2015-06-10,311.7763366699219,2199621
2015-06-11,303.27471923828125,1913797
2015-06-12,313.75213623046875,1964808
2015-06-15,307.79498291015625,3347728
2015-06-16,310.848388671875,2029876
2015-06-17,318.6914367675781,2159743
2015-06-18,314.3507995605469,1684065
2015-06-19,312.2254333496094,2954455
2015-06-22,327.013427734375,3098634
2015-06-23,334.9462890625,3714076
2015-06-24,324.16961669921875,2741890
2015-06-25,334.0482177734375,6207958
2015-06-26,334.706787109375,4286835
2015-06-29,322.1938171386719,2074509
2015-06-30,320.6671142578125,3761629
2015-07-01,327.6121520996094,2532499
2015-07-02,328.62994384765625,1782717
2015-07-03,327.7319030761719,1392181
2015-07-06,334.4373779296875,2368588
2015-07-07,331.0247497558594,2554767
2015-07-08,319.2901306152344,2691954
2015-07-09,309.41143798828125,5302110
2015-07-10,310.54901123046875,4410291
2015-07-13,312.1056213378906,2876917
2015-07-14,312.8240966796875,2584035
2015-07-15,315.3685302734375,1784424
2015-07-16,324.1273498535156,3070018
2015-07-17,322.61676025390625,2265243
2015-07-20,330.2600402832031,2181942
2015-07-21,328.08489990234375,2277129
2015-07-22,329.9881896972656,2142196
2015-07-23,327.0577392578125,1268016
2015-07-24,324.1575622558594,1504918
2015-07-27,324.3690185546875,1874754
2015-07-28,317.90399169921875,1519926
2015-07-29,318.236328125,3282741
2015-07-30,313.7651672363281,2089858
2015-07-31,323.6741638183594,3547672
2015-08-03,327.0577392578125,1461303
2015-08-04,338.83984375,3201661
2015-08-05,342.2837219238281,3347805
2015-08-06,332.46539306640625,2147131
2015-08-07,328.7193298339844,1983366
2015-08-10,340.0784606933594,3981058
2015-08-11,339.7762756347656,3805474
2015-08-12,327.90362548828125,1332786
2015-08-13,333.5530090332031,2772363
2015-08-14,330.8038330078125,2294604
2015-08-17,334.39886474609375,1408044
2015-08-18,338.6887512207031,1049773
2015-08-19,341.4378967285156,1565622
2015-08-20,330.8038330078125,1530813
2015-08-21,323.6741638183594,1525099
2015-08-24,295.1253356933594,3134953
2015-08-25,302.04351806640625,3341262
2015-08-26,305.33648681640625,2125690
2015-08-27,313.432861328125,2726020
2015-08-28,315.2454528808594,2815177
2015-08-31,303.6446533203125,2371855
2015-09-01,317.72271728515625,4463520
2015-09-02,320.8645935058594,2854956
2015-09-03,331.1059265136719,4058725
2015-09-04,320.01873779296875,1532944
2015-09-07,317.2393798828125,1589805
2015-09-08,313.46307373046875,2623801
2015-09-09,314.5506286621094,1928458
2015-09-10,299.74755859375,4104697
2015-09-11,306.0010986328125,3091168
2015-09-14,303.40301513671875,2955048
2015-09-15,297.3911437988281,2302230
2015-09-16,288.7509460449219,3356440
2015-09-18,290.6542053222656,11934838
2015-09-21,284.4308776855469,2316594
2015-09-22,279.506591796875,2024388
2015-09-23,280.9868469238281,2312647
2015-09-24,281.86297607421875,2408530
2015-09-28,274.5218505859375,1143208
2015-09-29,266.6369934082031,2026051
2015-09-30,276.9084777832031,2961564
2015-10-01,274.3104248046875,1427701
2015-10-05,273.10198974609375,3292248
2015-10-06,280.8056335449219,2727342
2015-10-07,271.2289123535156,2899240
2015-10-08,268.6006164550781,3793072
2015-10-09,273.7061767578125,2076313
2015-10-12,282.285888671875,1681624
2015-10-13,287.36126708984375,2249263
2015-10-14,284.15899658203125,1566628
2015-10-15,287.8748779296875,3241903
2015-10-16,287.935302734375,1776027
2015-10-19,294.8836669921875,1974682
2015-10-20,291.0771484375,1235611
2015-10-21,289.8083190917969,1191996
2015-10-23,278.9930419921875,1921177
2015-10-26,270.71533203125,6503844
2015-10-27,283.4339599609375,3533239
2015-10-28,286.48516845703125,2675323
2015-10-29,287.4518737792969,1801894
2015-10-30,277.7544250488281,2579353
2015-11-02,276.8178405761719,1298388
2015-11-03,272.67901611328125,1452115
2015-11-04,274.6728820800781,2343022
2015-11-05,265.5795593261719,1560505
2015-11-06,271.0174255371094,2375836
2015-11-09,278.4190673828125,1898794
2015-11-10,273.8874816894531,1169460
2015-11-13,262.8002624511719,2375449
2015-11-16,265.36810302734375,1401889
2015-11-17,268.7214050292969,1562130
2015-11-18,268.9028015136719,1513153
2015-11-19,271.8331298828125,1217692
2015-11-20,277.4522705078125,1582969
2015-11-23,267.0296325683594,6470856
2015-11-24,264.0690612792969,2493924
2015-11-26,260.0511169433594,2230435
2015-11-27,254.40174865722656,2268133
2015-11-30,251.199462890625,3712782
2015-12-01,256.8789978027344,1659445
2015-12-02,256.54669189453125,1750806
2015-12-03,254.61314392089844,985612
2015-12-04,253.1026611328125,1492186
2015-12-07,249.9910430908203,1373455
2015-12-08,244.4323272705078,2382249
2015-12-09,238.51104736328125,2404719
2015-12-10,246.7584991455078,2565835
2015-12-11,239.62884521484375,1755240
2015-12-14,244.7948455810547,1749982
2015-12-15,253.22352600097656,3092181
2015-12-16,256.4258117675781,2307508
2015-12-17,258.02703857421875,2346211
2015-12-18,255.0663299560547,2067280
2015-12-21,258.69158935546875,1553994
2015-12-22,258.1175842285156,1482193
2015-12-23,262.31683349609375,1349740
2015-12-24,261.6522521972656,472963
2015-12-28,262.7397766113281,960835
2015-12-29,262.1356201171875,637671
2015-12-30,262.8002624511719,668019
2015-12-31,264.7034606933594,2610102
2016-01-01,266.06292724609375,323644
2016-01-04,262.1356201171875,1060660
2016-01-05,263.01171875,1260352
2016-01-06,267.8755798339844,1416270
2016-01-07,252.1963653564453,1656570
2016-01-08,257.0602111816406,876543
2016-01-11,256.7279052734375,961566
2016-01-12,256.7279052734375,1275973
2016-01-13,248.38987731933594,1619011
2016-01-14,240.8070526123047,1925814
2016-01-15,235.85256958007812,2047389
2016-01-18,234.4326629638672,1426552
2016-01-19,236.81927490234375,1153447
2016-01-20,225.64141845703125,2771677
2016-01-21,228.20933532714844,2110333
2016-01-22,241.19976806640625,1553421
2016-01-25,242.64991760253906,1081411
2016-01-27,249.6284942626953,2226027
2016-01-28,248.11795043945312,2202802
2016-01-29,264.1294860839844,3773571
2016-02-01,264.73370361328125,1345506
2016-02-02,251.35052490234375,1709223
2016-02-03,247.18148803710938,1106604
2016-02-04,244.855224609375,1305879
2016-02-05,248.93362426757812,1368541
2016-02-08,243.82814025878906,699282
2016-02-09,235.82235717773438,1019415
2016-02-10,238.84335327148438,1413225
2016-02-11,234.2513885498047,1864201
2016-02-12,229.23646545410156,1566669
2016-02-15,244.70420837402344,1344609
2016-02-16,243.76768493652344,1880913
2016-02-17,239.02467346191406,1294591
2016-02-18,237.8766632080078,799777
2016-02-19,240.5049591064453,988884
2016-02-22,238.4808349609375,939291
2016-02-23,238.26937866210938,871872
2016-02-24,228.81353759765625,1103091
2016-02-25,230.9282684326172,2397643
2016-02-26,228.72288513183594,1340971
2016-02-29,230.595947265625,2273302
2016-03-01,245.48968505859375,1748907
2016-03-02,248.66175842285156,2048482
2016-03-03,256.6373291015625,1796815
2016-03-04,268.7516174316406,4217358
2016-03-08,263.1325378417969,1105152
2016-03-09,262.8606262207031,1505919
2016-03-10,270.3528137207031,2381136
2016-03-11,264.9451599121094,1096083
2016-03-14,265.85150146484375,654165
2016-03-15,262.37725830078125,769089
2016-03-16,260.0511169433594,894436
2016-03-17,264.2201232910156,1157343
2016-03-18,266.4556884765625,1235307
2016-03-21,269.0235595703125,1246264
2016-03-22,268.510009765625,1479904
2016-03-23,275.730224609375,1587039
2016-03-28,272.89044189453125,1463838
2016-03-29,272.70928955078125,1637883
2016-03-30,285.24658203125,3255997
2016-03-31,288.630126953125,2004705
2016-04-01,281.83282470703125,1202698
2016-04-04,282.4672546386719,1061061
2016-04-05,277.0897216796875,1272564
2016-04-06,276.72723388671875,1289821
2016-04-07,279.59722900390625,897489
2016-04-08,277.93560791015625,762739
2016-04-11,287.5123291015625,2350294
2016-04-12,298.2672424316406,3667573
2016-04-13,304.39996337890625,2244100
2016-04-18,306.4844970703125,1615356
2016-04-20,304.762451171875,2353390
2016-04-21,310.6837463378906,1689636
2016-04-22,316.1820068359375,2134524
2016-04-25,316.96746826171875,2000626
2016-04-26,308.4783630371094,1839661
2016-04-27,311.1368408203125,1421970
2016-04-28,312.3453063964844,2720692
2016-04-29,325.00341796875,5318703
2016-05-02,359.44329833984375,12544923
2016-05-03,350.1082763671875,4941321
2016-05-04,349.89678955078125,3696498
2016-05-05,357.9629821777344,4163034
2016-05-06,358.2348937988281,3994504
2016-05-09,354.7908630371094,1945158
2016-05-10,355.63671875,3111408
2016-05-11,358.6275939941406,2711422
2016-05-12,362.1319885253906,3538417
2016-05-13,352.7063293457031,4836756
2016-05-16,353.3709716796875,2198347
2016-05-17,350.5614318847656,3002503
2016-05-18,344.6401672363281,2432331
2016-05-19,338.9908447265625,1956024
2016-05-20,348.2050476074219,3122713
2016-05-23,344.8214111328125,1719154
2016-05-24,343.3411560058594,1934611
2016-05-25,355.4857177734375,3049765
2016-05-26,358.2651062011719,8566507
2016-05-27,359.745361328125,2155468
2016-05-30,357.5400390625,1747710
2016-05-31,359.8057861328125,4957333
2016-06-01,357.29833984375,2379495
2016-06-02,365.51556396484375,5576956
2016-06-03,366.1802062988281,3974541
2016-06-06,369.5335388183594,3329179
2016-06-07,362.585205078125,2816902
2016-06-08,361.98089599609375,1580628
2016-06-09,356.724365234375,1609338
2016-06-10,350.4405517578125,2420034
2016-06-13,354.609619140625,1443046
2016-06-14,351.890625,1333026
2016-06-15,353.40118408203125,1160505
2016-06-16,346.3016662597656,2698956
2016-06-17,345.50970458984375,1421089
2016-06-20,346.66717529296875,3382029
2016-06-21,342.0981750488281,2181231
2016-06-22,338.71710205078125,1503820
2016-06-23,330.2187194824219,2596254
2016-06-24,329.0917053222656,3969829
2016-06-27,332.0158386230469,957154
2016-06-28,332.7164611816406,2999422
2016-06-29,334.8486328125,2228967
2016-06-30,335.1228332519531,3498403
2016-07-01,341.4585266113281,2808022
2016-07-04,338.65618896484375,1517442
2016-07-05,332.8078308105469,1362793
2016-07-07,337.6510009765625,2439327
2016-07-08,336.0670166015625,2278534
2016-07-11,332.9906005859375,1369390
2016-07-12,335.1836853027344,1613398
2016-07-13,341.9458923339844,3321363
2016-07-14,346.6976318359375,3329862
2016-07-15,345.1746520996094,2181013
2016-07-18,338.5343933105469,922816
2016-07-19,337.0113220214844,1481286
2016-07-20,336.7372131347656,1255704
2016-07-21,340.6055908203125,1775121
2016-07-22,355.835693359375,3343884
2016-07-25,352.9724426269531,1607110
2016-07-26,352.1805114746094,1890214
2016-07-27,370.8830261230469,8056411
2016-07-28,371.6749572753906,4177485
2016-07-29,380.6607666015625,13247343
2016-08-01,372.58880615234375,2723013
2016-08-02,358.2115783691406,3598398
2016-08-03,355.2874450683594,3431158
2016-08-04,366.9232177734375,3653280
2016-08-05,374.0509033203125,2031484
2016-08-08,379.0158996582031,2774490
2016-08-09,375.2084045410156,1753818
2016-08-10,377.8888244628906,2689690
2016-08-11,382.79296875,3487153
2016-08-12,383.5240173339844,1680399
2016-08-16,381.483154296875,1646533
2016-08-17,391.4740905761719,2559112
2016-08-18,392.35748291015625,2391418
2016-08-19,393.05804443359375,1816719
2016-08-22,397.20062255859375,2329897
2016-08-23,393.0885009765625,1369753
2016-08-24,392.4488220214844,1105839
2016-08-25,385.1688232421875,2131851
2016-08-26,386.7223205566406,1926951
2016-08-29,388.1539306640625,2539707
2016-08-30,389.128662109375,776856
2016-08-31,389.25048828125,2121276
2016-09-01,382.0619201660156,1315270
2016-09-02,386.96600341796875,1404013
2016-09-06,394.7333679199219,1801798
2016-09-07,402.59210205078125,3152097
2016-09-08,401.6782531738281,984024
2016-09-09,402.3788146972656,2450169
2016-09-12,395.43389892578125,2630427
2016-09-14,424.1883850097656,3524353
2016-09-15,417.1520080566406,3721812
2016-09-16,422.0561218261719,4837236
2016-09-19,415.6289978027344,2930545
2016-09-20,414.1365051269531,2094955
2016-09-21,416.81695556640625,2900809
2016-09-22,416.847412109375,2541862
2016-09-23,421.81243896484375,4111311
2016-09-26,415.5680847167969,1843926
2016-09-27,416.5123596191406,2086689
2016-09-28,416.0859680175781,2781181
2016-09-29,396.1649169921875,3015561
2016-09-30,410.51171875,1335181
2016-10-03,414.38018798828125,1156452
2016-10-04,412.1260986328125,1462146
2016-10-05,414.50201416015625,1712820
2016-10-06,409.080078125,1367763
2016-10-07,409.50653076171875,904690
2016-10-10,408.7145080566406,395385
2016-10-13,407.7702941894531,1977478
2016-10-14,416.29913330078125,1719289
2016-10-17,418.43133544921875,2726593
2016-10-18,421.9342956542969,1664398
2016-10-19,432.68670654296875,3742399
2016-10-20,435.54998779296875,3624388
2016-10-21,437.62127685546875,1787643
2016-10-24,439.5097961425781,1319865
2016-10-25,434.3011169433594,1289877
2016-10-26,425.924560546875,1614688
2016-10-27,430.4021911621094,2515780
2016-10-28,425.10211181640625,9140725
2016-11-01,430.2498779296875,2363965
2016-11-02,414.3497009277344,2312641
2016-11-03,407.7702941894531,3923296
2016-11-04,409.6588134765625,1893363
2016-11-07,407.1611328125,1598154
2016-11-08,416.9388732910156,2463969
2016-11-09,402.8052673339844,3373510
2016-11-10,422.939453125,2318668
2016-11-11,394.21551513671875,2288493
2016-11-15,365.7352600097656,3134719
2016-11-16,378.1325378417969,3349587
2016-11-17,375.93939208984375,1417891
2016-11-18,379.89923095703125,1242781
2016-11-21,370.9134521484375,1633414
2016-11-22,369.299072265625,3432742
2016-11-23,372.25372314453125,2422738
2016-11-24,371.15716552734375,1970608
2016-11-25,383.00616455078125,1638352
2016-11-28,382.9757080078125,1082518
2016-11-29,381.0262756347656,2544478
2016-11-30,386.2044982910156,2407503
2016-12-01,396.28680419921875,3270271
2016-12-02,397.32244873046875,2676963
2016-12-05,404.29779052734375,1102591
2016-12-06,409.7197265625,1670886
2016-12-07,409.50653076171875,700302
2016-12-08,426.53375244140625,2011207
2016-12-09,423.700927734375,1691475
2016-12-12,423.7314453125,962292
2016-12-13,413.07037353515625,1580233
2016-12-14,396.6523132324219,2582125
2016-12-15,392.8448181152344,3273342
2016-12-16,404.1455383300781,2501217
2016-12-19,390.4993896484375,1571983
2016-12-20,386.4176940917969,1178775
2016-12-21,384.46826171875,1027701
2016-12-22,377.0664367675781,973468
2016-12-23,381.97052001953125,1654650
2016-12-26,373.0152893066406,1319907
2016-12-27,387.7275085449219,1493470
2016-12-28,384.5901184082031,2663275
2016-12-29,388.67181396484375,1257276
2016-12-30,394.1545715332031,1190467
2017-01-02,401.2518005371094,945859
2017-01-03,399.0281982421875,969625
2017-01-04,406.6737365722656,2629642
2017-01-05,410.9686279296875,1873233
2017-01-06,402.0132751464844,1653589
2017-01-09,409.9329528808594,881332
2017-01-10,404.2064208984375,1391656
2017-01-11,407.67889404296875,3171093
2017-01-12,417.63934326171875,2216790
2017-01-13,419.16241455078125,2225283
2017-01-16,428.08721923828125,2568345
2017-01-17,447.4903259277344,6998775
2017-01-18,445.0231018066406,2318488
2017-01-19,450.56683349609375,2780694
2017-01-20,447.0029602050781,2141527
2017-01-23,442.3121643066406,1652083
2017-01-24,444.4443359375,2203471
2017-01-25,450.9324035644531,5829225
2017-01-27,443.77423095703125,3003549
2017-01-30,449.62255859375,1684875
2017-01-31,441.52020263671875,1291596
2017-02-01,451.6025085449219,3405043
2017-02-02,450.87139892578125,2364807
2017-02-03,449.71392822265625,2007984
2017-02-06,442.494873046875,2589018
2017-02-07,444.1397399902344,2407051
2017-02-08,443.3172912597656,1205572
2017-02-09,449.8662414550781,3228429
2017-02-10,442.86041259765625,1952700
2017-02-13,444.7793884277344,767205
2017-02-14,436.0982360839844,1202295
2017-02-15,431.98614501953125,1393485
2017-02-16,426.3814697265625,3255040
2017-02-17,432.7171325683594,1277206
2017-02-20,435.4281005859375,1087543
2017-02-21,433.3568420410156,957811
2017-02-22,431.86431884765625,2286169
2017-02-23,437.46893310546875,2655171
2017-02-27,435.9154968261719,2111278
2017-02-28,437.59075927734375,1383343
2017-03-01,437.0120849609375,1051450
2017-03-02,427.3866271972656,1828281
2017-03-03,420.7158508300781,2395936
2017-03-06,416.7864990234375,1717716
2017-03-07,428.2090759277344,2761768
2017-03-08,431.19415283203125,2743824
2017-03-09,434.63616943359375,1689442
2017-03-10,429.21429443359375,1099434
2017-03-14,427.72174072265625,3079066
2017-03-15,433.021728515625,1570510
2017-03-16,431.7424621582031,3045013
2017-03-17,436.4028625488281,5189733
2017-03-20,436.70745849609375,866446
2017-03-21,443.1650085449219,3529212
2017-03-22,437.560302734375,1332822
2017-03-23,444.2615966796875,1587768
2017-03-24,439.9057312011719,1477219
2017-03-27,442.12939453125,1352784
2017-03-28,439.93621826171875,3011160
2017-03-29,438.2608642578125,2068618
2017-03-30,435.27581787109375,2289387
2017-03-31,442.8299560546875,1844619
2017-04-03,448.0386962890625,2732100
2017-04-05,445.997802734375,2175444
2017-04-06,444.1701965332031,1722798
2017-04-07,442.79949951171875,1001809
2017-04-10,446.0282897949219,1129711
2017-04-11,447.6121826171875,2010442
2017-04-12,448.3736572265625,1955877
2017-04-13,443.0431823730469,2685382
2017-04-17,448.2214050292969,687910
2017-04-18,463.84747314453125,5717833
2017-04-19,470.5487365722656,3433932
2017-04-20,476.4580383300781,4459855
2017-04-21,474.87408447265625,1608825
2017-04-24,483.8902587890625,1768713
2017-04-25,491.62713623046875,1565665
2017-04-26,506.4003601074219,3779569
2017-04-27,498.6330261230469,14137957
2017-04-28,491.109375,6573736
2017-05-02,490.0736999511719,1777000
2017-05-03,495.0386657714844,1574332
2017-05-04,494.3075866699219,2411671
2017-05-05,492.1753234863281,2048541
2017-05-08,489.708251953125,2348380
2017-05-09,495.8306579589844,1601775
2017-05-10,501.6789855957031,1674975
2017-05-11,502.8060302734375,1834797
2017-05-12,502.13592529296875,1304827
2017-05-15,510.0555419921875,2076982
2017-05-16,503.841552734375,1267410
2017-05-17,505.9129943847656,703501
2017-05-18,498.2978515625,1249521
2017-05-19,482.1540832519531,8373460
2017-05-22,481.57525634765625,1781370
2017-05-23,478.5597839355469,1609581
2017-05-24,479.5648498535156,1348732
2017-05-25,493.66790771484375,8040070
2017-05-26,510.268798828125,1192593
2017-05-29,515.2338256835938,1646335
2017-05-30,517.9142456054688,1675573
2017-05-31,524.7068481445312,2761011
2017-06-01,534.240966796875,1315875
2017-06-02,527.0523071289062,775540
2017-06-05,532.900634765625,1078387
2017-06-06,527.326416015625,1229401
2017-06-07,523.488525390625,1024815
2017-06-08,527.9661865234375,1498938
2017-06-09,521.8740844726562,868491
2017-06-12,513.1015625,697597
2017-06-13,517.2136840820312,858133
2017-06-14,515.9039306640625,1123942
2017-06-15,520.107421875,1674375
2017-06-16,527.6006469726562,3285780
2017-06-19,532.2914428710938,1957888
2017-06-20,525.1029052734375,2474805
2017-06-21,527.6614990234375,1562107
2017-06-22,528.7449340820312,1424337
2017-06-23,512.0758056640625,1434571
2017-06-27,512.7205810546875,1569039
2017-06-28,511.3699035644531,746140
2017-06-29,507.4712219238281,1302745
2017-06-30,515.9745483398438,1707474
2017-07-03,525.61376953125,1556733
2017-07-04,520.45654296875,844156
2017-07-05,524.0482177734375,879588
2017-07-06,521.7151489257812,1400326
2017-07-07,521.500244140625,1043607
2017-07-10,522.3596801757812,194754
2017-07-11,524.2630004882812,1651705
2017-07-12,530.709716796875,2795179
2017-07-13,530.9859619140625,2424670
2017-07-14,529.9729614257812,1230417
2017-07-17,530.5254516601562,651919
2017-07-18,525.8593139648438,1554114
2017-07-19,527.4556274414062,1039351
2017-07-20,525.5216674804688,710302
2017-07-21,529.9729614257812,1850932
2017-07-24,532.8584594726562,1405521
2017-07-25,542.6513061523438,4219759
2017-07-26,536.1740112304688,4460224
2017-07-27,533.288330078125,1368364
2017-07-28,533.2269287109375,985348
2017-07-31,538.5376586914062,3031069
2017-08-01,548.9443359375,2553111
2017-08-02,545.8131713867188,1427100
2017-08-03,540.7479858398438,1421898
2017-08-04,544.6159057617188,1175566
2017-08-07,538.8447265625,997377
2017-08-08,530.0650024414062,991110
2017-08-09,509.89630126953125,1817775
2017-08-10,504.37060546875,1917850
2017-08-11,498.1389465332031,1889604
2017-08-14,527.056640625,1520550
2017-08-16,523.1578979492188,1796107
2017-08-17,525.0919189453125,1330492
2017-08-18,518.7681274414062,906189
2017-08-21,497.77056884765625,2107924
2017-08-22,489.05224609375,2010352
2017-08-23,499.82733154296875,1158298
2017-08-24,511.4925842285156,1319461
2017-08-28,515.1764526367188,1095399
2017-08-29,515.821044921875,1600200
2017-08-30,515.6369018554688,1769392
2017-08-31,508.3921813964844,2298030
2017-09-01,511.24700927734375,1432722
2017-09-04,501.6077880859375,1445433
2017-09-05,503.4189758300781,936438
2017-09-06,505.8749084472656,870121
2017-09-07,506.1203918457031,797310
2017-09-08,499.7352600097656,1712551
2017-09-11,498.4765930175781,1254333
2017-09-12,500.011474609375,1429674
2017-09-13,498.2003173828125,1380720
2017-09-14,504.0329895019531,1262290
2017-09-15,508.1771545410156,2783583
2017-09-18,512.1680297851562,1267332
2017-09-19,513.0889892578125,741462
2017-09-20,509.7427978515625,1379164
2017-09-21,503.2041931152344,838549
2017-09-22,495.314697265625,1397797
2017-09-25,481.53118896484375,2195095
2017-09-26,478.093017578125,2592076
2017-09-27,472.75152587890625,2154658
2017-09-28,470.41845703125,10704139
2017-09-29,477.97027587890625,2941477
2017-10-03,488.7145690917969,2240359
2017-10-04,483.8949279785156,1212958
2017-10-05,481.77685546875,1495161
2017-10-06,487.1183166503906,1956757
2017-10-09,486.7805480957031,1139551
2017-10-10,503.2041931152344,3997089
2017-10-11,499.2748107910156,2334525
2017-10-12,496.8495788574219,936925
2017-10-13,492.64398193359375,1224301
2017-10-16,498.7528381347656,1538221
2017-10-17,494.7928466796875,974917
2017-10-18,484.6316833496094,2008389
2017-10-19,487.302490234375,405625
2017-10-23,477.87823486328125,2611875
2017-10-24,490.6485900878906,1738516
2017-10-25,490.3415832519531,1449669
2017-10-26,499.1520080566406,3464296
2017-10-27,510.3875427246094,2765082
2017-10-30,506.1511535644531,6274986
2017-10-31,490.74066162109375,3839709
2017-11-01,480.1498107910156,4024884
2017-11-02,478.46142578125,2467864
2017-11-03,476.1897277832031,1322199
2017-11-06,467.7784423828125,2022028
2017-11-07,454.2098693847656,4252863
2017-11-08,451.84613037109375,4811224
2017-11-09,457.1261901855469,3194304
2017-11-10,451.3242492675781,1679068
2017-11-13,454.1177978515625,1941763
2017-11-14,456.0210266113281,1289425
2017-11-15,442.94366455078125,1307905
2017-11-16,449.0218811035156,1493358
2017-11-17,444.6320495605469,1440514
2017-11-20,447.5176696777344,832903
2017-11-21,463.235107421875,2938041
2017-11-22,458.69183349609375,1667337
2017-11-23,459.98114013671875,1772244
2017-11-24,456.8191833496094,1917892
2017-11-27,463.7262878417969,3984948
2017-11-28,467.6556396484375,3483306
2017-11-29,461.8843994140625,1312164
2017-11-30,449.0218811035156,2741056
2017-12-01,448.1316833496094,1516198
2017-12-04,436.55841064453125,1551547
2017-12-05,429.0066833496094,2675230
2017-12-06,421.1172180175781,2836329
2017-12-07,443.2813415527344,5284173
2017-12-08,446.99578857421875,2704362
2017-12-11,457.7401428222656,1595422
2017-12-12,448.46929931640625,1471045
2017-12-13,445.76788330078125,2683051
2017-12-14,441.8078308105469,1927410
2017-12-15,440.7026672363281,2697349
2017-12-18,435.9444885253906,5631486
2017-12-19,453.104736328125,4107204
2017-12-20,452.3066101074219,2065237
2017-12-21,448.7762756347656,1372447
2017-12-22,449.1754150390625,1371741
2017-12-26,451.60052490234375,1167906
2017-12-27,454.5475158691406,1706551
2017-12-28,468.6380310058594,4838206
2017-12-29,468.26959228515625,1476427
2018-01-01,464.0025634765625,1602100
2018-01-02,474.8697509765625,2827863
2018-01-03,476.3125305175781,2871907
2018-01-04,479.9041748046875,2061667
2018-01-05,475.3302001953125,1330975
2018-01-08,481.5619812011719,1991223
2018-01-09,485.3992004394531,1936948
2018-01-10,478.1851501464844,1535887
2018-01-11,482.6977844238281,1046914
2018-01-12,476.0362854003906,2933382
2018-01-15,475.42230224609375,1146082
2018-01-16,470.81756591796875,1834026
2018-01-17,479.3516845703125,1782994
2018-01-18,491.47747802734375,7805662
2018-01-19,492.61328125,1535200
2018-01-22,499.5203552246094,3594555
2018-01-23,495.6217346191406,2057214
2018-01-24,506.0590515136719,3865750
2018-01-25,472.1069641113281,9762141
2018-01-29,484.10986328125,8319201
2018-01-30,473.21197509765625,3530484
2018-01-31,461.73089599609375,2747253
2018-02-01,465.9058532714844,3845061
2018-02-02,450.06561279296875,3382230
2018-02-05,443.5882873535156,2492284
2018-02-06,429.8048400878906,3299244
2018-02-07,430.5415954589844,2703379
2018-02-08,440.856201171875,2405113
2018-02-09,434.9007263183594,1867788
2018-02-12,446.044189453125,1937262
2018-02-14,443.2199401855469,2169484
2018-02-15,439.6589050292969,1267582
2018-02-16,431.98443603515625,1685658
2018-02-19,430.572265625,1388427
2018-02-20,426.91925048828125,1161661
2018-02-21,422.5600891113281,3419208
2018-02-22,414.7012939453125,3107217
2018-02-23,430.11181640625,3681946
2018-02-26,442.3603515625,3493792
2018-02-27,442.7594299316406,1850050
2018-02-28,447.425537109375,3866728
2018-03-01,438.5230407714844,2816931
2018-03-05,442.6059875488281,1640220
2018-03-06,431.2476501464844,1678482
2018-03-07,431.0021057128906,2151202
2018-03-08,436.4049072265625,1834540
2018-03-09,437.23382568359375,1752177
2018-03-12,440.7947692871094,1417213
2018-03-13,443.7724914550781,2178453
2018-03-14,441.0403747558594,1568118
2018-03-15,442.7594299316406,1025422
2018-03-16,441.8692321777344,3329587
2018-03-19,430.90997314453125,1366059
2018-03-20,437.3258972167969,1944199
2018-03-21,438.92218017578125,2129493
2018-03-22,440.15008544921875,2156724
2018-03-23,432.6904602050781,2041255
2018-03-26,444.75482177734375,1725537
2018-03-27,452.36798095703125,2970558
2018-03-28,448.3465270996094,4465992
2018-04-02,461.9458312988281,1885776
2018-04-03,470.080810546875,2627949
2018-04-04,449.72796630859375,2569993
2018-04-05,464.7393493652344,1622911
2018-04-06,462.4369812011719,728823
2018-04-09,461.20904541015625,3060993
2018-04-10,461.5160827636719,958611
2018-04-11,457.7401428222656,873540
2018-04-12,459.1829833984375,1045483
2018-04-13,458.69183349609375,1348426
2018-04-16,468.822265625,1108276
2018-04-17,465.1076965332031,1341004
2018-04-18,465.138427734375,890097
2018-04-19,472.076171875,2189419
2018-04-20,470.1422119140625,1737316
2018-04-23,462.8053283691406,1597674
2018-04-24,457.21832275390625,1805994
2018-04-25,456.72711181640625,1607793
2018-04-26,460.62579345703125,2543394
2018-04-27,463.14306640625,1711810
2018-04-30,448.1009521484375,3093207
2018-05-02,450.2804870605469,1442760
2018-05-03,434.62445068359375,2562340
2018-05-04,432.01513671875,1587040
2018-05-07,440.4571228027344,1563171
2018-05-08,442.974365234375,1543783
2018-05-09,448.99114990234375,2205747
2018-05-10,443.2813415527344,948909
2018-05-11,451.4163513183594,1650226
2018-05-14,447.2720642089844,1035649
2018-05-15,450.2191467285156,1053292
2018-05-16,445.64508056640625,1119166
2018-05-17,434.13330078125,1043016
2018-05-18,435.57611083984375,1332394
2018-05-21,419.06048583984375,3579453
2018-05-22,418.9070129394531,2762500
2018-05-23,420.8409729003906,1497970
2018-05-24,426.5201416015625,1395031
2018-05-25,428.0857238769531,1554840
2018-05-28,442.6673278808594,2891208
2018-05-29,432.7518615722656,1134163
2018-05-30,432.6597595214844,1407166
2018-05-31,434.4402160644531,5708037
2018-06-01,428.3927001953125,1222384
2018-06-04,421.4549865722656,863778
2018-06-05,420.9944763183594,1200031
2018-06-06,425.8140563964844,1291956
2018-06-07,432.26068115234375,1654620
2018-06-08,437.6942443847656,2680872
2018-06-11,429.3443908691406,1658448
2018-06-12,422.83636474609375,1688136
2018-06-13,422.1302795410156,1191624
2018-06-14,420.5032958984375,1281625
2018-06-15,430.20391845703125,4115832
2018-06-18,425.01593017578125,680317
2018-06-19,413.87249755859375,1774452
2018-06-20,400.45745849609375,4071990
2018-06-21,396.6200866699219,4725118
2018-06-22,393.05914306640625,4599169
2018-06-25,389.34466552734375,2425305
2018-06-26,392.8135681152344,2702764
2018-06-27,381.05615234375,2056651
2018-06-28,372.460693359375,5499982
2018-06-29,379.9203186035156,3006667
2018-07-02,383.5426940917969,1684384
2018-07-03,386.9501647949219,1310076
2018-07-04,383.2357482910156,1075248
2018-07-05,382.5296936035156,866314
2018-07-06,381.5166320800781,1359757
2018-07-09,382.99017333984375,1464405
2018-07-10,391.1558837890625,3389203
2018-07-11,370.4960021972656,4669614
2018-07-12,357.2958068847656,5765943
2018-07-13,345.3848876953125,15161788
2018-07-16,343.6965637207031,7154964
2018-07-17,350.5729064941406,3152394
2018-07-18,341.8853454589844,3730662
2018-07-19,338.9076843261719,3273880
2018-07-20,337.4341125488281,2635054
2018-07-23,388.0860595703125,35708673
2018-07-24,386.91949462890625,15515727
2018-07-25,391.5549011230469,5349271
2018-07-26,391.40142822265625,9681316
2018-07-27,390.17352294921875,1587696
2018-07-30,394.53265380859375,3373032
2018-07-31,395.4228820800781,6335571
2018-08-01,394.0721740722656,2283748
2018-08-02,390.94097900390625,2709216
2018-08-03,393.5810852050781,1478691
2018-08-06,402.8211364746094,3583215
2018-08-07,397.3569030761719,1941643
2018-08-08,397.7559814453125,1500355
2018-08-09,396.2485656738281,1537924
2018-08-10,395.5340576171875,2416305
2018-08-13,388.57525634765625,1529908
2018-08-14,379.2864685058594,3924208
2018-08-16,378.7894287109375,2542926
2018-08-17,383.2008056640625,1818678
2018-08-20,384.5366516113281,2864055
2018-08-21,401.498779296875,5502780
2018-08-23,403.8287353515625,4068225
2018-08-24,406.034423828125,7670341
2018-08-27,409.8244934082031,2481079
2018-08-28,406.4383239746094,2755206
2018-08-29,422.4994812011719,7871448
2018-08-30,432.5338439941406,8968888
2018-08-31,444.4321594238281,8761225
2018-09-03,447.7562255859375,3344458
2018-09-04,434.05609130859375,3380101
2018-09-05,433.2794494628906,7909251
2018-09-06,438.0636291503906,3080107
2018-09-07,443.62445068359375,2899302
2018-09-10,436.94525146484375,2498602
2018-09-11,427.25262451171875,3939748
2018-09-12,437.19378662109375,2029983
2018-09-14,457.759521484375,5772796
2018-09-17,449.52703857421875,2400687
2018-09-18,440.5489196777344,3940686
2018-09-19,430.14178466796875,3927616
2018-09-21,413.67669677734375,7661755
2018-09-24,404.7296447753906,3962002
2018-09-25,410.66326904296875,2941122
2018-09-26,433.4037170410156,5745096
2018-09-27,424.4255676269531,3939211
2018-09-28,412.7447509765625,2304535
2018-10-01,413.5524597167969,3044547
2018-10-03,399.2930908203125,5244559
2018-10-04,390.65667724609375,3694857
2018-10-05,370.71221923828125,3832315
2018-10-08,384.6920166015625,5443380
2018-10-09,375.3410949707031,2549713
2018-10-10,386.74237060546875,1838878
2018-10-11,375.993408203125,2389195
2018-10-12,390.15960693359375,2403772
2018-10-15,395.1302185058594,2045935
2018-10-16,398.95135498046875,2271903
2018-10-17,396.5592346191406,2559759
2018-10-19,400.3493347167969,3179949
2018-10-22,393.7011413574219,1625406
2018-10-23,382.33099365234375,2843146
2018-10-24,386.9598693847656,1395015
2018-10-25,372.4519348144531,2476828
2018-10-26,386.897705078125,6888616
2018-10-29,392.4274597167969,3053157
2018-10-30,395.6583251953125,3743070
2018-10-31,418.989013671875,4633326
2018-11-01,432.37847900390625,4804108
2018-11-02,442.04010009765625,7268007
2018-11-05,450.02410888671875,2223669
2018-11-06,448.5329284667969,2185276
2018-11-07,453.31707763671875,579105
2018-11-09,459.77886962890625,2790439
2018-11-12,455.5538635253906,2123223
2018-11-13,457.6352844238281,2353732
2018-11-14,472.36065673828125,4428133
2018-11-15,474.47314453125,4799854
2018-11-16,479.5679931640625,3262251
2018-11-19,481.64935302734375,3290689
2018-11-20,471.708251953125,4928892
2018-11-21,484.16571044921875,4290877
2018-11-22,483.57550048828125,1803559
2018-11-26,480.3446350097656,2140660
2018-11-27,477.5175476074219,3071856
2018-11-28,479.5679931640625,1575307
2018-11-29,484.0726318359375,4206577
2018-11-30,470.8384094238281,3199104
2018-12-03,455.1810302734375,4269495
2018-12-04,466.89300537109375,4095196
2018-12-05,465.6192932128906,1905786
2018-12-06,464.0038757324219,3054313
2018-12-07,470.7762756347656,2186733
2018-12-10,463.84857177734375,2034591
2018-12-11,464.7183532714844,2417344
2018-12-12,490.8760986328125,3412810
2018-12-13,480.5621337890625,2861619
2018-12-14,475.1566162109375,2379991
2018-12-17,477.2069091796875,1096198
2018-12-18,462.04669189453125,3009928
2018-12-19,469.53363037109375,2369217
2018-12-20,478.41851806640625,2179683
2018-12-21,457.0760803222656,5238295
2018-12-24,457.57318115234375,2679819
2018-12-26,466.1163330078125,2992971
2018-12-27,465.77459716796875,1750644
2018-12-28,471.211181640625,3371275
2018-12-31,471.1180419921875,2249962
2019-01-01,468.16668701171875,2415372
2019-01-02,470.0306701660156,1962064
2019-01-03,463.91064453125,1579716
2019-01-04,469.9685363769531,1590477
2019-01-07,474.53521728515625,2384899
2019-01-08,467.3590087890625,1472160
2019-01-09,475.18768310546875,1559776
2019-01-10,480.3446350097656,3601815
2019-01-11,486.7752685546875,3904549
2019-01-14,478.6670837402344,2088177
2019-01-15,482.1153869628906,2047294
2019-01-16,475.995361328125,3876135
2019-01-17,477.8282775878906,2164326
2019-01-18,475.9643249511719,1379212
2019-01-21,477.890380859375,1691152
2019-01-22,474.2557067871094,2125471
2019-01-23,473.9761047363281,3505369
2019-01-24,464.3455810546875,3163807
2019-01-25,467.91815185546875,2655358
2019-01-28,472.2363586425781,1839426
2019-01-29,472.3917236328125,1701693
2019-01-30,476.7720642089844,1585777
2019-01-31,488.67034912109375,3449514
2019-02-01,484.5386047363281,4440582
2019-02-04,478.9777526855469,1881016
2019-02-05,494.5419006347656,3774670
2019-02-06,500.32012939453125,5621341
2019-02-07,502.65008544921875,2501457
2019-02-08,504.638427734375,2092582
2019-02-11,500.69293212890625,1739295
2019-02-12,494.69720458984375,3056557
2019-02-14,510.1370849609375,2615476
2019-02-15,508.45947265625,2801466
2019-02-18,510.6341247558594,2855346
2019-02-19,507.2789306640625,2227756
2019-02-20,511.1933288574219,2243914
2019-02-21,513.3678588867188,1567429
2019-02-22,514.0513916015625,1242933
2019-02-25,526.6642456054688,5528401
2019-02-26,531.2620849609375,3751057
2019-02-27,540.1158447265625,4709425
2019-02-28,545.2728271484375,3728826
2019-03-01,540.3955078125,2489419
2019-03-05,543.9681396484375,2047953
2019-03-06,545.1175537109375,3145128
2019-03-07,541.8245239257812,1957380
2019-03-08,547.851318359375,2670367
2019-03-11,557.14013671875,3862593
2019-03-12,558.1342163085938,3303049
2019-03-13,566.1493530273438,2410987
2019-03-14,561.5205078125,2051482
2019-03-15,573.7606201171875,3914647
2019-03-18,576.0283203125,1920841
2019-03-19,578.6378784179688,1699530
2019-03-20,581.185302734375,1350502
2019-03-22,580.9057006835938,2009527
2019-03-25,567.0813598632812,3463663
2019-03-26,561.2407836914062,5470843
2019-03-27,560.3709716796875,3127998
2019-03-28,577.2398681640625,3678943
2019-04-01,580.5017700195312,2154235
2019-04-02,576.0283203125,2910394
2019-04-03,574.257568359375,2421073
2019-04-04,578.76220703125,3566650
2019-04-05,584.6647338867188,1581183
2019-04-08,588.2684326171875,2838687
2019-04-09,586.9326171875,1950130
2019-04-10,575.3138427734375,2310324
2019-04-11,573.2013549804688,2152191
2019-04-12,575.2205810546875,1726512
2019-04-15,577.6748046875,951798
2019-04-16,580.2533569335938,1663135
2019-04-18,580.3466186523438,1373866
2019-04-22,582.3659057617188,1472943
2019-04-23,585.7520141601562,2072107
2019-04-24,589.1382446289062,2331580
2019-04-25,599.6386108398438,5125930
2019-04-26,602.9005737304688,1881886
2019-04-30,602.1549682617188,2815422
2019-05-02,598.8930053710938,1622932
2019-05-03,602.9005737304688,1927042
2019-05-06,590.1323852539062,4814233
2019-05-07,590.97119140625,3169456
2019-05-08,597.4949951171875,3577144
2019-05-09,589.5731811523438,2804535
2019-05-10,595.8485717773438,1315174
2019-05-13,592.2138061523438,1290021
2019-05-14,593.4254150390625,1739086
2019-05-15,602.3723754882812,3493476
2019-05-16,603.2112426757812,3484113
2019-05-17,603.0869140625,6761281
2019-05-20,633.03466796875,4136778
2019-05-21,621.2295532226562,3954751
2019-05-22,630.4251098632812,2408680
2019-05-23,628.9028930664062,1766235
2019-05-24,634.2772827148438,1710969
2019-05-27,636.5140991210938,1762828
2019-05-28,635.74658203125,3132475
2019-05-29,624.134033203125,2464860
2019-05-30,629.6741943359375,3646278
2019-05-31,625.354736328125,2379486
2019-06-03,630.4568481445312,1674882
2019-06-04,632.866943359375,1706593
2019-06-06,633.6494750976562,2405782
2019-06-07,638.1880493164062,1803933
2019-06-10,636.2786865234375,2256337
2019-06-11,647.6095581054688,2096656
2019-06-12,639.0018920898438,1595478
2019-06-13,629.1422119140625,3813823
2019-06-14,629.7681884765625,1566462
2019-06-17,622.8507690429688,2156566
2019-06-18,625.8243408203125,1687842
2019-06-19,594.8992309570312,3985851
2019-06-20,544.7870483398438,19358599
2019-06-21,557.21337890625,18670945
2019-06-24,586.2916259765625,9759534
2019-06-25,585.2900390625,7711264
2019-06-26,600.0012817382812,5048098
2019-06-27,590.6424560546875,7862520
2019-06-28,586.8550415039062,4939270
2019-07-01,593.584716796875,6057955
2019-07-02,616.1368408203125,6615515
2019-07-03,612.0520629882812,2997163
2019-07-04,655.7633056640625,12488054
2019-07-05,625.1982421875,12058104
2019-07-08,621.7239379882812,4403598
2019-07-09,601.0185546875,7434335
2019-07-10,596.1356201171875,4906675
2019-07-11,592.7551879882812,2705479
2019-07-12,591.6283569335938,4796783
2019-07-15,607.92041015625,4505796
2019-07-16,602.755859375,3830334
2019-07-17,619.5172729492188,4855881
2019-07-18,614.8221435546875,4968435
2019-07-19,604.2112426757812,3836625
2019-07-22,599.8917846679688,2261563
2019-07-23,605.8076171875,2462809
2019-07-24,579.4210815429688,3341555
2019-07-25,567.4956665039062,4049926
2019-07-26,564.8663330078125,6739394
2019-07-29,548.903076171875,2606057
2019-07-30,538.7146606445312,3709631
2019-07-31,558.9505615234375,3530131
2019-08-01,541.6256713867188,15112906
2019-08-02,538.5269165039062,4635838
2019-08-05,507.9619140625,6014276
2019-08-06,515.8495483398438,4148711
2019-08-07,500.30889892578125,3675109
2019-08-08,500.3558044433594,3881771
2019-08-09,500.91925048828125,4917555
2019-08-13,472.4200744628906,4193917
2019-08-14,495.0503845214844,5344625
2019-08-16,515.56787109375,8856958
2019-08-19,508.9947509765625,4932998
2019-08-20,506.97589111328125,3581202
2019-08-21,503.2198181152344,2780039
2019-08-22,486.4583740234375,6205902
2019-08-23,513.8777465820312,4297069
2019-08-26,516.272216796875,3787015
2019-08-27,522.0941162109375,6063055
2019-08-28,523.0330810546875,3747446
2019-08-29,524.30078125,2733962
2019-08-30,528.8551025390625,3216244
2019-09-03,519.6056518554688,3021248
2019-09-04,526.836181640625,2442694
2019-09-05,534.9116821289062,2437099
2019-09-06,533.3154296875,2101090
2019-09-09,551.626220703125,4813239
2019-09-11,542.4708251953125,5104552
2019-09-12,532.7050170898438,2118984
2019-09-13,542.8933715820312,2636025
2019-09-16,529.7001342773438,2148620
2019-09-17,528.9489135742188,2829239
2019-09-18,523.0800170898438,3855762
2019-09-19,527.775146484375,1832868
2019-09-20,527.8221435546875,5023091
2019-09-23,545.4287109375,3697264
2019-09-24,544.067138671875,2552214
2019-09-25,541.5786743164062,1911916
2019-09-26,548.010986328125,3330782
2019-09-27,546.5554809570312,1561920
2019-09-30,567.1200561523438,3914781
2019-10-01,558.6688232421875,4548803
2019-10-03,558.1524658203125,1610688
2019-10-04,547.0250244140625,3019366
2019-10-07,545.6165161132812,1808468
2019-10-09,546.2269287109375,1743937
2019-10-10,547.8701782226562,1789997
2019-10-11,553.8798828125,1710191
2019-10-14,550.875,3373152
2019-10-15,547.5415649414062,2213363
2019-10-16,552.846923828125,1733497
2019-10-17,555.8518676757812,2290127
2019-10-18,562.4718627929688,2426210
2019-10-22,560.5938720703125,2264692
2019-10-23,560.5938720703125,1544878
2019-10-24,561.251220703125,2250928
2019-10-25,558.3402099609375,2174674
2019-10-27,559.7486572265625,109875
2019-10-29,558.6219482421875,1791840
2019-10-30,548.5274658203125,2393149
2019-10-31,560.077392578125,2419308
2019-11-01,552.6591186523438,1393105
2019-11-04,558.0115356445312,1912912
2019-11-05,568.7164306640625,5995240
2019-11-06,569.6083984375,2513814
2019-11-07,542.4708251953125,4504826
2019-11-08,521.9531860351562,8050823
2019-11-11,515.380126953125,3188430
2019-11-13,508.2905578613281,2509847
2019-11-14,502.89117431640625,2412598
2019-11-15,497.9613342285156,4164016
2019-11-18,515.52099609375,5257399
2019-11-19,517.6337890625,4602774
2019-11-20,519.1361694335938,1835821
2019-11-21,511.5771179199219,2177445
2019-11-22,500.9661560058594,2553689
2019-11-25,511.29534912109375,2853307
2019-11-26,508.6661682128906,4319616
2019-11-27,518.1972045898438,3722294
2019-11-28,544.53662109375,7529348
2019-11-29,538.2921142578125,1835816
2019-12-02,535.47509765625,2224559
2019-12-03,534.7708740234375,2108231
2019-12-04,535.47509765625,2149586
2019-12-05,533.8787841796875,1408785
2019-12-06,527.4465942382812,2316037
2019-12-09,529.1836547851562,1815303
2019-12-10,523.7373657226562,2347290
2019-12-11,526.836181640625,1706296
2019-12-12,535.1934204101562,3672353
2019-12-13,530.5452880859375,1888212
2019-12-16,529.3245239257812,1875145
2019-12-17,529.7001342773438,1794161
2019-12-18,531.7190551757812,1833572
2019-12-19,528.4324951171875,1381005
2019-12-20,542.8933715820312,2631973
2019-12-23,542.4238891601562,5469024
2019-12-24,534.4421997070312,2277180
2019-12-26,534.723876953125,2179063
2019-12-27,544.8652954101562,1748259
2019-12-30,553.4102783203125,1557550
2019-12-31,548.8560791015625,1374096
2020-01-01,552.3773803710938,720807
2020-01-02,559.1383666992188,1388201
2020-01-03,554.7249755859375,1063950
2020-01-06,549.2786865234375,1218216
2020-01-07,558.7627563476562,4247207
2020-01-08,564.2090454101562,2090846
2020-01-09,567.6834716796875,2795225
2020-01-10,563.6925659179688,1921690
2020-01-13,555.8518676757812,2174995
2020-01-14,547.9639892578125,2911749
2020-01-15,550.0768432617188,3419279
2020-01-16,552.236572265625,1705322
2020-01-17,553.31640625,1813763
2020-01-20,548.949951171875,2425877
2020-01-21,542.4708251953125,4789489
2020-01-22,528.6202392578125,7453773
2020-01-23,509.1356201171875,4533870
2020-01-24,510.1685791015625,8132638
2020-01-27,504.48748779296875,4285510
2020-01-28,504.2058410644531,4042406
2020-01-29,509.08868408203125,2182366
2020-01-30,510.966796875,3514667
2020-01-31,494.43994140625,4340034
2020-02-03,481.9980163574219,3012267
2020-02-04,490.7308654785156,2253175
2020-02-05,504.6753234863281,3105094
2020-02-06,504.11187744140625,2052126
2020-02-07,509.98077392578125,5702296
2020-02-10,539.0902709960938,15352223
2020-02-11,541.4848022460938,5097454
2020-02-12,538.902587890625,3277025
2020-02-13,543.456787109375,2902199
2020-02-14,555.570068359375,6213486
2020-02-17,558.7158203125,2418399
2020-02-18,549.513427734375,2972328
2020-02-19,549.513427734375,2843587
2020-02-20,548.7152099609375,1802988
2020-02-24,538.2921142578125,1975289
2020-02-25,531.8129272460938,2912488
2020-02-26,528.6672973632812,2885119
2020-02-27,517.2581787109375,1668088
2020-02-28,488.0077209472656,2974535
2020-03-02,482.98394775390625,1907596
2020-03-03,489.74493408203125,2499968
2020-03-04,480.4017028808594,4037644
2020-03-05,484.5802917480469,2794208
2020-03-06,482.2796936035156,3567046
2020-03-09,481.71630859375,4467786
2020-03-11,485.42547607421875,5659070
2020-03-12,416.5484924316406,8132990
2020-03-13,385.79559326171875,9711669
2020-03-16,353.822021484375,5282490
2020-03-17,329.4544982910156,9227845
2020-03-18,302.2230224609375,5545759
2020-03-19,278.65362548828125,7227403
2020-03-20,281.8462829589844,7465285
2020-03-23,239.0740203857422,3029255
2020-03-24,246.0697021484375,4168341
2020-03-25,274.9444885253906,3838980
2020-03-26,293.4901123046875,5887818
2020-03-27,302.55169677734375,4833123
2020-03-30,289.6401672363281,3121310
2020-03-31,306.58941650390625,2779879
2020-04-01,287.10479736328125,2681565
2020-04-03,279.9213562011719,3265474
2020-04-07,303.9132080078125,3624533
2020-04-08,300.673583984375,4632236
2020-04-09,299.54681396484375,4690937
2020-04-13,305.1340026855469,4850246
2020-04-15,329.1727600097656,22250797
2020-04-16,341.0514221191406,10132539
2020-04-17,341.1452941894531,5328193
2020-04-20,333.1166687011719,4741085
2020-04-21,324.8533630371094,2817261
2020-04-22,332.0837707519531,4105520
2020-04-23,327.62347412109375,5687657
2020-04-24,315.3692321777344,2736041
2020-04-27,328.0459899902344,4557197
2020-04-28,338.5160217285156,7805452
2020-04-29,338.6099548339844,2823791
2020-04-30,394.4345703125,18223977
2020-05-04,361.8975830078125,10395293
2020-05-05,363.44696044921875,11636689
2020-05-06,355.88787841796875,7610739
2020-05-07,345.934326171875,4313383
2020-05-08,342.36602783203125,3281665
2020-05-11,345.652587890625,3903903
2020-05-12,351.7092590332031,9371378
2020-05-13,365.8884582519531,7474549
2020-05-14,367.95428466796875,7302564
2020-05-15,355.7939453125,3690162
2020-05-18,352.8830261230469,5496838
2020-05-19,318.9375305175781,18772182
2020-05-20,334.8069152832031,16718256
2020-05-21,344.43182373046875,10088405
2020-05-22,348.5165710449219,8545206
2020-05-26,344.6665954589844,14906268
2020-05-27,364.1512451171875,15176090
2020-05-28,367.25,9297617
2020-05-29,381.10052490234375,22299690
2020-06-01,393.7303161621094,7782162
2020-06-02,398.801025390625,6847511
2020-06-03,393.5425109863281,7203375
2020-06-04,396.3126220703125,5729522
2020-06-05,412.60455322265625,12315930
2020-06-08,410.16314697265625,4520947
2020-06-09,404.3412170410156,4047481
2020-06-10,399.0827331542969,4333713
2020-06-11,391.9931640625,3873603
2020-06-12,386.54681396484375,4994437
2020-06-15,380.3023681640625,4693720
2020-06-16,388.98828125,10359268
2020-06-17,395.1388244628906,6081250
2020-06-18,401.80584716796875,5639475
2020-06-19,410.25701904296875,6059311
2020-06-22,418.98992919921875,4989998
2020-06-23,434.8593444824219,7872909
2020-06-24,417.8161315917969,3907871
2020-06-25,415.8911437988281,3982270
2020-06-26,413.4027404785156,2128146
2020-06-29,405.56195068359375,2317342
2020-06-30,399.2705383300781,5184094
2020-07-01,419.6942138671875,8180122
2020-07-02,415.4685974121094,3806615
2020-07-03,417.1119079589844,3812085
2020-07-06,428.7557067871094,4256802
2020-07-07,423.4502258300781,3664371
2020-07-08,416.9241027832031,8686804
2020-07-09,415.5624694824219,5160583
2020-07-10,409.88140869140625,5805444
2020-07-13,412.4167785644531,2480373
2020-07-14,410.8204650878906,4214233
2020-07-15,410.86737060546875,4334472
2020-07-16,407.0174255371094,4189313
2020-07-17,409.8345031738281,3644124
2020-07-20,425.9856262207031,9435204
2020-07-21,430.4459228515625,6154181
2020-07-22,432.1831359863281,4431710
2020-07-23,434.5306396484375,9426775
2020-07-24,426.4551086425781,4058564
2020-07-27,418.6142883300781,2974232
2020-07-28,421.5722351074219,4626424
2020-07-29,433.5916442871094,7119586
2020-07-30,436.2678527832031,6219364
2020-07-31,448.9914855957031,11062522
2020-08-03,424.5770263671875,14443397
2020-08-04,433.544677734375,6194269
2020-08-05,425.9386291503906,4735993
2020-08-06,435.61053466796875,4177541
2020-08-07,451.01043701171875,10013531
2020-08-10,464.1566467285156,7603877
2020-08-11,452.5128479003906,4360559
2020-08-12,457.44268798828125,4332473
2020-08-13,459.32073974609375,4549072
2020-08-14,456.0341796875,2431513
2020-08-17,462.32562255859375,2230102
2020-08-18,469.64996337890625,8890454
2020-08-19,474.4048156738281,5405921
2020-08-20,467.2802429199219,3081595
2020-08-21,468.70513916015625,3426420
2020-08-24,472.5049743652344,4042101
2020-08-25,467.4702453613281,3431181
2020-08-26,468.8476867675781,2839616
2020-08-27,471.8874816894531,2426413
2020-08-28,493.2613220214844,9809902
2020-08-31,480.6270446777344,10825186
2020-09-01,479.7720947265625,3980634
2020-09-02,475.7823181152344,4153159
2020-09-03,495.7311706542969,8589174
2020-09-04,483.0019226074219,3768829
2020-09-07,469.70263671875,5255102
2020-09-08,462.62548828125,4844522
2020-09-09,469.797607421875,6078535
2020-09-10,466.42529296875,4004621
2020-09-11,474.0248718261719,3410700
2020-09-14,490.07904052734375,5861874
2020-09-15,503.1883239746094,6222387
2020-09-16,502.0483703613281,3961765
2020-09-17,503.9958190917969,4036494
2020-09-18,510.4079895019531,3868205
2020-09-21,505.5632629394531,4907451
2020-09-22,502.6658630371094,4623271
2020-09-23,505.7532043457031,3647937
2020-09-24,479.8670654296875,4119459
2020-09-25,479.3921203613281,4857500
2020-09-28,484.2843322753906,3786837
2020-09-29,468.420166015625,5023517
2020-09-30,477.72967529296875,4501371
2020-10-01,480.342041015625,2462815
2020-10-05,481.7194519042969,2533219
2020-10-06,484.0468444824219,3662177
2020-10-07,485.28179931640625,4997502
2020-10-08,483.9043273925781,2814293
2020-10-09,472.40997314453125,3712048
2020-10-12,481.7194519042969,3332184
2020-10-13,481.14947509765625,3992135
2020-10-14,485.32928466796875,3424208
2020-10-15,481.1969909667969,4927083
2020-10-16,443.57904052734375,22982744
2020-10-19,440.2541809082031,13195978
2020-10-20,433.12957763671875,7254934
2020-10-21,431.4671325683594,6312534
2020-10-22,431.7521057128906,4495403
2020-10-23,428.3797912597656,3682002
2020-10-26,411.7081604003906,6279910
2020-10-27,416.60040283203125,4881972
2020-10-28,428.1897888183594,7235494
2020-10-29,427.71484375,4598075
2020-10-30,430.564697265625,3684166
2020-11-02,423.06005859375,10356782
2020-11-03,396.176513671875,16512536
2020-11-04,381.2622985839844,19363947
2020-11-05,397.458984375,11470585
2020-11-06,401.25872802734375,7614066
2020-11-09,405.3910217285156,4271081
2020-11-10,411.1382141113281,6424909
2020-11-11,413.89306640625,7504886
2020-11-12,408.098388671875,5511536
2020-11-13,404.06109619140625,4644051
2020-11-14,407.7658996582031,643619
2020-11-17,408.1458435058594,5929010
2020-11-18,404.9635314941406,4415523
2020-11-19,395.6540222167969,6331928
2020-11-20,399.35882568359375,12763134
2020-11-23,405.1060485839844,5172468
2020-11-24,406.05596923828125,4538696
2020-11-25,397.6489562988281,4753592
2020-11-26,399.5013122558594,3896795
2020-11-27,396.7939758300781,7024437
2020-12-01,411.3757019042969,14928450
2020-12-02,419.83026123046875,14187495
2020-12-03,431.9896240234375,13251977
2020-12-04,432.89202880859375,7719922
2020-12-07,452.1285400390625,11443788
2020-12-08,449.13616943359375,15624166
2020-12-09,467.9452209472656,13836059
2020-12-10,416.5054016113281,87279054
2020-12-11,413.22808837890625,50283569
2020-12-14,420.0202331542969,14595495
2020-12-15,426.3373718261719,9187569
2020-12-16,436.6444091796875,11503251
2020-12-17,432.6070556640625,7362825
2020-12-18,437.2618103027344,5402464
2020-12-21,415.4129943847656,7376210
2020-12-22,422.3951110839844,7910320
2020-12-23,429.3297424316406,3488991
2020-12-24,426.9073486328125,4384445
2020-12-28,430.7071533203125,3146922
2020-12-29,431.9421081542969,3781566
2020-12-30,443.72149658203125,21753642
2020-12-31,443.0090637207031,5429481
2021-01-01,445.8113708496094,7090451
2021-01-04,449.46868896484375,3615832
2021-01-05,447.66375732421875,3226777
2021-01-06,448.7562255859375,5947103
2021-01-07,458.3507080078125,7025121
2021-01-08,478.4421081542969,16114942
2021-01-11,472.5524597167969,5666689
2021-01-12,476.3997497558594,5008167
2021-01-13,467.09027099609375,4694033
2021-01-14,483.9043273925781,15231242
2021-01-15,496.39617919921875,19836600
2021-01-18,533.2067260742188,37175310
2021-01-19,535.7716674804688,15094630
2021-01-20,547.50341796875,10900743
2021-01-21,555.2930908203125,11759051
2021-01-22,538.573974609375,10118222
2021-01-25,558.712890625,13563025
2021-01-27,545.508544921875,15463821
2021-01-28,537.1491088867188,8146430
2021-01-29,532.5892944335938,9298672
2021-02-01,507.36810302734375,20250736
2021-02-02,537.9564819335938,13416792
2021-02-03,530.309326171875,7268499
2021-02-04,520.6199340820312,6751111
2021-02-05,509.64801025390625,6377789
2021-02-08,511.3579406738281,8511429
2021-02-09,511.642822265625,9171011
2021-02-10,507.6530456542969,4446858
2021-02-11,516.3450927734375,5684777
2021-02-12,508.9830017089844,3043562
2021-02-15,510.5504455566406,2569470
2021-02-16,511.975341796875,2976504
2021-02-17,512.0228271484375,2934589
2021-02-18,513.97021484375,6399026
2021-02-19,525.1321411132812,16693854
2021-02-22,512.7353515625,7702962
2021-02-23,538.0514526367188,20867768
2021-02-24,526.224609375,7229614
2021-02-25,563.320068359375,16764202
2021-02-26,533.4442749023438,11511171
2021-03-01,561.040283203125,8570035
2021-03-02,559.9478149414062,10602015
2021-03-03,582.8890380859375,8740632
2021-03-04,584.646484375,14124256
2021-03-05,561.9426879882812,7517590
2021-03-08,598.4207763671875,14163149
2021-03-09,593.62353515625,10566829
2021-03-10,590.2036743164062,5583509
2021-03-12,589.2537231445312,4994965
2021-03-15,590.251220703125,5438310
2021-03-16,589.206298828125,8396917
2021-03-17,578.7093505859375,4503677
2021-03-18,571.2047119140625,6154177
2021-03-19,594.1460571289062,8322870
2021-03-22,596.7108764648438,6196079
2021-03-23,601.6505737304688,5999369
2021-03-24,578.3767700195312,4832842
2021-03-25,565.8375244140625,10648953
2021-03-26,556.1005859375,7778619
2021-03-30,596.5208740234375,14663780
2021-03-31,609.72509765625,15862803
2021-04-01,620.8870849609375,7348750
2021-04-05,613.9049682617188,9077724
2021-04-06,628.2492065429688,7227685
2021-04-07,621.6945190429688,4948757
2021-04-08,618.9871215820312,3926359
2021-04-09,603.123046875,4995747
2021-04-12,560.0427856445312,5954644
2021-04-13,574.3395385742188,10046450
2021-04-15,576.951904296875,7395673
2021-04-16,581.1317138671875,3577455
2021-04-19,567.5474853515625,3198847
2021-04-20,562.1328125,3403144
2021-04-22,561.990234375,3182229
2021-04-23,556.1005859375,3356598
2021-04-26,561.0877685546875,3162291
2021-04-27,567.5474853515625,4496811
2021-04-28,577.6168212890625,4983043
2021-04-29,584.97900390625,6257014
2021-04-30,576.5244750976562,3072295
2021-05-03,586.87890625,3609311
2021-05-04,580.6567993164062,13505599
2021-05-05,608.6328125,11454883
2021-05-06,601.3181762695312,5545420
2021-05-07,597.8983154296875,3675295
2021-05-10,640.8360595703125,16727737
2021-05-11,650.0980224609375,14135052
2021-05-12,657.03271484375,10562440
2021-05-14,706.09765625,57232233
2021-05-17,732.1737060546875,28018670
2021-05-18,730.8912963867188,10306166
2021-05-19,743.0031127929688,17761845
2021-05-20,729.0863647460938,8495432
2021-05-21,740.8181762695312,8097156
2021-05-24,749.8427124023438,5586202
2021-05-25,756.7774047851562,7350432
2021-05-26,771.9290771484375,7822821
2021-05-27,778.7212524414062,10004617
2021-05-28,771.0741577148438,4829944
2021-05-31,774.303955078125,3857904
2021-06-01,774.9689331054688,4414474
2021-06-02,795.6778564453125,7228801
2021-06-03,798.1952514648438,6863737
2021-06-04,794.3954467773438,4116012
2021-06-07,807.9321899414062,4774564
2021-06-08,810.8294677734375,4214138
2021-06-09,803.2299194335938,5068262
2021-06-10,796.7228393554688,4012050
2021-06-11,793.3505249023438,2633076
2021-06-14,792.8279418945312,2361786
2021-06-15,799.6676025390625,3093053
2021-06-16,796.247802734375,4555364
2021-06-17,793.2554931640625,3684099
2021-06-18,767.5592651367188,8145772
2021-06-21,733.5511474609375,10319132
2021-06-22,762.3345947265625,8773658
2021-06-23,763.7595825195312,5498823
2021-06-24,772.736572265625,3569898
2021-06-25,764.8519897460938,2566357
2021-06-28,768.6041870117188,2499662
2021-06-29,765.0894775390625,2509072
2021-06-30,753.1675415039062,2180444
2021-07-01,751.8851318359375,1933865
2021-07-02,759.3421630859375,2511086
2021-07-05,767.1793212890625,1812638
2021-07-06,763.0945434570312,3097194
2021-07-07,776.013916015625,4641521
2021-07-08,773.35400390625,2536653
2021-07-09,773.781494140625,2662681
2021-07-12,780.336181640625,4414998
2021-07-13,790.3106079101562,2610471
2021-07-14,787.8046875,2456567
2021-07-15,803.6616821289062,3435337
2021-07-16,804.9109497070312,3907867
2021-07-19,800.778564453125,4744590
2021-07-20,782.5189819335938,3280049
2021-07-22,795.733154296875,2978752
2021-07-23,787.756591796875,2212963
2021-07-26,787.996826171875,2449095
2021-07-27,781.0774536132812,1721268
2021-07-28,782.9034423828125,3172824
2021-07-29,787.756591796875,1839368
2021-07-30,777.0411376953125,7703034
2021-08-02,760.2230834960938,6205784
2021-08-03,759.7425537109375,3265559
2021-08-04,754.4088745117188,2722366
2021-08-05,746.9608764648438,2264430
2021-08-06,747.0088500976562,1788211
2021-08-09,747.7777099609375,1517468
2021-08-10,741.050537109375,2331179
2021-08-11,743.6453857421875,3147475
2021-08-12,746.8167724609375,2248810
2021-08-13,748.73876953125,2549137
2021-08-16,742.6842651367188,1711689
2021-08-17,731.1038818359375,2895739
2021-08-18,732.497314453125,1846331
2021-08-20,699.870361328125,4257864
2021-08-23,690.9328002929688,2573379
2021-08-24,702.5612182617188,1771956
2021-08-25,697.80419921875,1895556
2021-08-26,691.6055297851562,1538567
2021-08-27,700.8313598632812,4292477
2021-08-30,711.594970703125,2358153
2021-08-31,712.36376953125,3074791
2021-09-01,719.4754028320312,2051308
2021-09-02,723.9922485351562,3029716
2021-09-03,723.463623046875,1679831
2021-09-06,726.2987060546875,1427518
2021-09-07,722.742919921875,1377576
2021-09-08,732.30517578125,4079877
2021-09-09,728.364990234375,1174804
2021-09-13,726.5389404296875,2724206
2021-09-14,723.17529296875,1932973
2021-09-15,732.4012451171875,1374264
2021-09-16,724.616943359375,2065099
2021-09-17,713.4208374023438,3348764
2021-09-20,678.10302734375,3082145
2021-09-21,693.7197265625,4222370
2021-09-22,696.6509399414062,1913723
2021-09-23,698.52490234375,1337563
2021-09-24,690.64453125,1372681
2021-09-27,697.56396484375,2611791
2021-09-28,688.8665161132812,2577784
2021-09-29,689.2029418945312,2160616
2021-09-30,680.1212768554688,2487764
2021-10-01,684.8782958984375,1947637
2021-10-04,675.5563354492188,7682864
2021-10-05,686.8004150390625,3780191
2021-10-06,698.9573364257812,7773811
2021-10-07,699.149658203125,2233111
2021-10-08,709.2404174804688,3181166
2021-10-11,713.51708984375,3023541
2021-10-12,715.294921875,1837397
2021-10-13,718.3222045898438,1573332
2021-10-14,718.70654296875,2144296
2021-10-18,721.8298950195312,2620289
2021-10-19,705.1080322265625,1498436
2021-10-20,688.0016479492188,1568362
2021-10-21,689.4912109375,1625612
2021-10-22,676.9017333984375,1375825
2021-10-25,668.2044677734375,1746556
2021-10-26,685.4549560546875,1475209
2021-10-27,712.60400390625,4677615
2021-10-28,701.4560546875,2875850
2021-10-29,711.354736328125,3448037
2021-11-01,691.9899291992188,5953165
2021-11-02,692.2301025390625,1852304
2021-11-03,708.3274536132812,6580294
2021-11-04,708.9521484375,390092
2021-11-08,713.7092895507812,1227750
2021-11-09,717.2650146484375,1622626
2021-11-10,741.24267578125,6430811
2021-11-11,734.8999633789062,3322415
2021-11-12,739.5609741210938,1608464
2021-11-15,753.4959106445312,5069793
2021-11-16,749.6517333984375,2830062
2021-11-17,726.154541015625,2998582
2021-11-18,712.555908203125,2120918
2021-11-22,688.5783081054688,2041278
2021-11-23,696.9872436523438,1772081
2021-11-24,693.57568359375,1312705
2021-11-25,698.9573364257812,4133359
2021-11-26,676.3731689453125,2482446
2021-11-29,662.4862670898438,2997007
2021-11-30,655.1343994140625,2524084
2021-12-01,663.5914306640625,1355645
2021-12-02,670.9913940429688,1673311
2021-12-03,684.9744262695312,3981290
2021-12-06,688.6262817382812,4551735
2021-12-07,698.6210327148438,1467958
2021-12-08,699.7261962890625,1827973
2021-12-09,713.2767944335938,2396147
2021-12-10,708.7118530273438,1084590
2021-12-13,711.546875,2203948
2021-12-14,717.937744140625,1561018
2021-12-15,711.1144409179688,3260708
2021-12-16,705.3002319335938,1028360
2021-12-17,687.7133178710938,2810650
2021-12-20,680.6978149414062,2338685
2021-12-21,705.0599975585938,1660409
2021-12-22,724.9051513671875,3623916
2021-12-23,725.3377075195312,1539991
2021-12-24,717.7455444335938,1276729
2021-12-27,727.1155395507812,1315245
2021-12-28,732.0648803710938,1955283
2021-12-29,728.7974243164062,1192837
2021-12-30,717.5533447265625,1686223
2021-12-31,717.9857788085938,1131359
2022-01-03,734.41943359375,1157591
2022-01-04,732.0648803710938,1247395
2022-01-05,734.707763671875,1156604
2022-01-06,752.2465209960938,5436867
2022-01-07,758.2048950195312,2052552
2022-01-10,789.5825805664062,7424271
2022-01-11,787.6124267578125,2004689
2022-01-12,790.3513793945312,2242638
2022-01-13,808.2265625,4410699
2022-01-14,792.5137329101562,3690548
2022-01-17,792.6098022460938,2569165
2022-01-18,767.9593505859375,2820426
2022-01-19,781.5580444335938,2193951
2022-01-20,776.9450073242188,1950781
2022-01-21,756.23486328125,1449766
2022-01-24,732.8817749023438,1663579
2022-01-25,760.3192138671875,2981161
2022-01-27,741.867431640625,2436411
2022-01-28,759.4542846679688,4007799
2022-01-31,746.2401123046875,5138792
2022-02-01,754.4088745117188,3693825
2022-02-02,755.3218383789062,1771793
2022-02-03,743.3569946289062,1493402
2022-02-04,737.3025512695312,992052
2022-02-07,727.1155395507812,1255955
2022-02-08,729.0857543945312,2063533
2022-02-09,740.473876953125,1342782
2022-02-10,740.0894165039062,2561635
2022-02-11,723.84814453125,1621795
2022-02-14,693.57568359375,1950243
2022-02-15,715.6793212890625,1467359
2022-02-16,707.1261596679688,1398493
2022-02-17,698.7171020507812,1174134
2022-02-18,696.6990356445312,1973922
2022-02-21,676.7095947265625,2577455
2022-02-22,666.3304443359375,2841052
2022-02-23,661.1888427734375,2713053
2022-02-24,607.6594848632812,5453651
2022-02-25,629.1866455078125,3890925
2022-02-28,639.5177001953125,3060915
2022-03-02,662.6785278320312,8499711
2022-03-03,685.9354858398438,9676442
2022-03-04,685.9354858398438,10189495
2022-03-07,703.3782348632812,6969575
2022-03-08,695.978271484375,4117923
2022-03-09,696.9392700195312,2888800
2022-03-10,695.978271484375,4218131
2022-03-11,697.1795043945312,2559363
2022-03-14,702.27294921875,2845328
2022-03-15,712.12353515625,4051465
2022-03-16,723.1273803710938,2879590
2022-03-17,731.9207153320312,2297497
2022-03-21,745.6635131835938,3221656
2022-03-22,750.5166625976562,2788207
2022-03-23,763.0101318359375,2365083
2022-03-24,767.9593505859375,2117672
2022-03-25,767.4307861328125,4762541
2022-03-28,750.324462890625,2207764
2022-03-29,751.5257568359375,1636109
2022-03-30,745.9037475585938,1113587
2022-03-31,739.60888671875,1874608
2022-04-01,751.09326171875,1467955
2022-04-04,753.7841796875,1111794
2022-04-05,762.6256713867188,2326745
2022-04-06,773.917724609375,2880663
2022-04-07,772.0437622070312,2227078
2022-04-08,778.1943969726562,3285707
2022-04-11,787.9007568359375,3167295
2022-04-12,774.254150390625,3123878
2022-04-13,786.74755859375,4974212
2022-04-18,773.7736206054688,3037877
2022-04-19,773.5333862304688,2907063
2022-04-20,793.0902709960938,3042831
2022-04-21,796.83837890625,2691988
2022-04-22,784.7293701171875,3147260
2022-04-25,771.7554321289062,2050099
2022-04-26,780.6930541992188,2022477
2022-04-27,767.2866821289062,1627577
2022-04-28,792.1774291992188,4606626
2022-04-29,790.8319091796875,3236877
2022-05-02,797.8954467773438,3855822
2022-05-04,792.0811767578125,4888165
2022-05-05,791.1683349609375,2630497
2022-05-06,756.1867065429688,3256336
2022-05-09,747.2971801757812,6800255
2022-05-10,759.0218505859375,4027939
2022-05-11,761.2802124023438,3654568
2022-05-12,735.14013671875,2998405
2022-05-13,751.09326171875,3062695
2022-05-16,770.9866333007812,3267900
2022-05-17,785.4981689453125,1844532
2022-05-18,789.1019897460938,1792368
2022-05-19,782.2787475585938,1801424
2022-05-20,776.7527465820312,2235524
2022-05-23,760.415283203125,3341478
2022-05-24,761.6646728515625,1695450
2022-05-25,734.2272338867188,1484158
2022-05-26,718.3222045898438,2577097
2022-05-27,727.1155395507812,1529970
2022-05-30,752.0542602539062,1735999
2022-05-31,749.21923828125,1981316
2022-06-01,749.3634033203125,1136166
2022-06-02,745.1348876953125,1662461
2022-06-03,739.6570434570312,1175685
2022-06-06,748.6426391601562,891806
2022-06-07,717.120849609375,2074139
2022-06-08,706.50146484375,2112443
2022-06-09,718.177978515625,2312524
2022-06-10,705.78076171875,1103946
2022-06-13,698.0924682617188,1517285
2022-06-14,687.8095092773438,1590761
2022-06-15,684.3977661132812,1108371
2022-06-16,657.0084838867188,1733865
2022-06-17,639.2293701171875,2607500
2022-06-20,615.4918823242188,2523321
2022-06-21,628.7060546875,1316846
2022-06-22,589.736328125,4180495
2022-06-23,608.5244750976562,3857527
2022-06-24,615.8762817382812,1901670
2022-06-27,631.4930419921875,2442598
2022-06-28,630.4358520507812,2692035
2022-06-29,619.2880249023438,2371912
2022-06-30,607.7556762695312,3792264
2022-07-01,618.423095703125,3575548
2022-07-04,628.994384765625,3002770
2022-07-05,630.8203735351562,2721295
2022-07-06,636.6826171875,1674576
2022-07-07,656.1434936523438,3320190
2022-07-08,663.3512573242188,3024014
2022-07-11,663.8798217773438,1822281
2022-07-12,653.69287109375,1083141
2022-07-13,653.0201416015625,1152719
2022-07-14,644.0345458984375,1460677
2022-07-15,643.2656860351562,1143520
2022-07-18,658.3538208007812,1868531
2022-07-19,657.68115234375,1909300
2022-07-20,659.507080078125,1624888
2022-07-21,677.5263671875,2747265
2022-07-22,696.7470092773438,5783131
2022-07-25,705.3482666015625,2179454
2022-07-26,698.0443725585938,1501349
2022-07-27,702.7604370117188,1463655
2022-07-28,708.7012329101562,1335287
2022-07-29,721.7513427734375,1518704
2022-08-01,747.3159790039062,7797234
2022-08-02,720.2904663085938,5611299
2022-08-03,712.255859375,3058290
2022-08-04,712.6454467773438,1781136
2022-08-05,724.0399169921875,1828490
2022-08-08,729.5911865234375,1589806
2022-08-10,745.3195190429688,3248773
2022-08-11,747.4620361328125,2071502
2022-08-12,768.3034057617188,3744532
2022-08-16,767.9625244140625,2269603
2022-08-17,769.861572265625,982454
2022-08-18,753.7437133789062,2239104
2022-08-19,748.1925048828125,1693235
2022-08-22,725.2573852539062,1749489
2022-08-23,739.7196044921875,1594035
2022-08-24,739.9144287109375,1245022
2022-08-25,742.7387084960938,2516409
2022-08-26,740.157958984375,3643595
2022-08-29,730.8572387695312,1406170
2022-08-30,749.1663818359375,3414234
2022-09-01,736.7005615234375,2440603
2022-09-02,726.3285522460938,2098827
2022-09-05,727.3511962890625,1963379
2022-09-06,718.82958984375,1799028
2022-09-07,721.7513427734375,1874233
2022-09-08,718.2453002929688,1993343
2022-09-09,722.6278686523438,2659280
2022-09-12,736.6031494140625,2224393
2022-09-13,735.9700927734375,2541324
2022-09-14,728.7633666992188,2044162
2022-09-15,723.212158203125,1449814
2022-09-16,685.03564453125,6546670
2022-09-19,693.654541015625,2189179
2022-09-20,701.1048583984375,1342093
2022-09-21,698.7674560546875,2077807
2022-09-22,702.5169677734375,2203643
2022-09-23,684.4999389648438,2230894
2022-09-26,662.149169921875,2182907
2022-09-27,660.006591796875,1199827
2022-09-28,646.3721313476562,1617322
2022-09-29,639.6521606445312,2121416
2022-09-30,654.5040893554688,1745532
2022-10-03,647.7354736328125,1815744
2022-10-04,671.936767578125,2372225
2022-10-06,668.08984375,1208462
2022-10-07,672.4237670898438,2367283
2022-10-10,665.168212890625,1009423
2022-10-11,646.8103637695312,1257522
2022-10-12,656.0136108398438,1171443
2022-10-13,646.56689453125,745089
2022-10-14,660.5909423828125,2108845
2022-10-17,660.347412109375,1360600
2022-10-18,664.2429809570312,1238762
2022-10-19,659.1300659179688,938837
2022-10-20,694.8718872070312,7210550
2022-10-21,681.9191284179688,5022081
2022-10-24,689.6129150390625,545145
2022-10-25,676.3192749023438,2890000
2022-10-27,688.0059814453125,2548464
2022-10-28,695.261474609375,1834544
2022-10-31,711.1358642578125,2733496
2022-11-01,698.280517578125,5060223
2022-11-02,698.8162231445312,1949252
2022-11-03,707.2403564453125,1665899
2022-11-04,719.5599975585938,3318868
2022-11-07,728.9094848632812,3102187
2022-11-09,733.9249267578125,3649011
2022-11-10,736.3596801757812,4929698
2022-11-11,747.8516845703125,3077741
2022-11-14,753.841064453125,3532456
2022-11-15,750.1403198242188,1649039
2022-11-16,747.4620361328125,1407784
2022-11-17,751.3089599609375,1846461
2022-11-18,745.9525756835938,2466319
2022-11-21,739.768310546875,818375
2022-11-22,748.6795043945312,1288326
2022-11-23,748.4359741210938,907504
2022-11-24,753.9384765625,1463574
2022-11-25,756.8601684570312,867124
2022-11-28,759.294921875,943112
2022-11-29,754.6201782226562,1266481
2022-11-30,769.08251953125,3241756
2022-12-01,758.5157470703125,1517442
2022-12-02,763.2391357421875,2337749
2022-12-05,781.8405151367188,4114694
2022-12-06,767.3294677734375,1575896
2022-12-07,757.8340454101562,970940
2022-12-08,757.5418701171875,1500182
2022-12-09,743.7613525390625,1636084
2022-12-12,752.8671875,1124301
2022-12-13,747.36474609375,1521073
2022-12-14,760.5122680664062,1480610
2022-12-15,750.627197265625,1692394
2022-12-16,750.3350830078125,2566446
2022-12-19,750.0429077148438,884769
2022-12-20,735.142333984375,1598234
2022-12-21,735.1910400390625,2220101
2022-12-22,710.3080444335938,2404863
2022-12-23,692.6319580078125,1175968
2022-12-26,699.4979248046875,955078
2022-12-27,697.6474609375,1693081
2022-12-28,704.6594848632812,3025343
2022-12-29,703.6856079101562,1898772
2022-12-30,697.4527587890625,1387568
2023-01-02,703.1499633789062,1259229
2023-01-03,700.5691528320312,1277112
2023-01-04,696.9658203125,1354737
2023-01-05,701.4943237304688,1407487
2023-01-06,699.4005126953125,1209522
2023-01-09,715.031494140625,1358106
2023-01-10,705.7308349609375,1484340
2023-01-11,699.0596313476562,1400355
2023-01-12,699.0596313476562,1272850
2023-01-13,700.0335083007812,1310587
2023-01-16,695.4075927734375,1079570
2023-01-17,700.423095703125,1349682
2023-01-18,713.2297973632812,1430862
2023-01-19,728.0328979492188,3553403
2023-01-20,718.5374755859375,979497
2023-01-23,729.8833618164062,2526843
2023-01-24,726.4747314453125,1132275
2023-01-25,718.68359375,1865988
2023-01-27,725.2573852539062,4903817
2023-01-30,725.6956787109375,1189091
2023-01-31,737.4310302734375,3629320
2023-02-01,722.7739868164062,3623038
2023-02-02,678.2183837890625,7698238
2023-02-03,697.014404296875,2601859
2023-02-06,695.8944702148438,1366976
2023-02-07,690.73291015625,1571287
2023-02-08,703.7830200195312,1050880
2023-02-09,698.3778686523438,1097590
2023-02-10,707.9220581054688,1282246
2023-02-13,714.6419067382812,1265376
2023-02-14,741.7161254882812,7326901
2023-02-15,749.2637329101562,2786352
2023-02-16,750.2376708984375,1575168
2023-02-17,750.0429077148438,2374926
2023-02-20,738.161376953125,1149759
2023-02-21,727.6433715820312,1964019
2023-02-22,719.998291015625,1950321
2023-02-23,725.6956787109375,2936268
2023-02-24,719.0244750976562,2100294
2023-02-27,689.8076782226562,2252550
2023-02-28,676.0758056640625,2676043
2023-03-01,694.6771240234375,1835234
2023-03-02,687.4703369140625,993892
2023-03-03,691.4633178710938,1154106
2023-03-06,692.48583984375,1066876
2023-03-08,697.9883422851562,1007033
2023-03-09,693.5084228515625,1212451
2023-03-10,693.0701904296875,1344227
2023-03-13,686.3016967773438,1173419
2023-03-14,679.4357299804688,1690322
2023-03-15,684.1104125976562,1248597
2023-03-16,678.2183837890625,713926
2023-03-17,696.9658203125,2568540
2023-03-20,689.6129150390625,913310
2023-03-21,689.6615600585938,838991
2023-03-22,697.4527587890625,569287
2023-03-23,691.171142578125,914840
2023-03-24,678.705322265625,982591
2023-03-27,682.3573608398438,1355800
2023-03-28,695.9918823242188,2618934
2023-03-29,688.9312744140625,2871532
2023-03-31,698.9136352539062,1383231
2023-04-03,710.600341796875,1768965
2023-04-05,713.1810302734375,1500202
2023-04-06,707.191650390625,1391534
2023-04-10,718.48876953125,883124
2023-04-11,723.1634521484375,731229
2023-04-12,720.5827026367188,1347769
2023-04-13,717.7583618164062,994060
2023-04-17,717.9044799804688,1043080
2023-04-18,719.3653564453125,1280463
2023-04-19,716.73583984375,1012743
2023-04-20,712.9375610351562,1084257
2023-04-21,715.5184936523438,1829162
2023-04-24,710.7949829101562,1049786
2023-04-25,695.9918823242188,3407713
2023-04-26,696.6735229492188,3621655
2023-04-27,708.2142944335938,2470510
2023-04-28,720.9722290039062,2374556
2023-05-02,732.8536987304688,2225369
2023-05-03,720.4852905273438,1031469
2023-05-04,712.4019775390625,1655943
2023-05-05,696.1866455078125,3930399
2023-05-08,696.7223510742188,6201290
2023-05-09,676.2706298828125,8030712
2023-05-10,661.954345703125,5803203
2023-05-11,665.0708618164062,2228828
2023-05-12,660.4935913085938,1805619
2023-05-15,658.3023071289062,2432818
2023-05-16,655.283203125,1866298
2023-05-17,660.1039428710938,2527136
2023-05-18,655.7701416015625,1408554
2023-05-19,650.559814453125,4632213
2023-05-22,652.897216796875,2116815
2023-05-23,662.8795776367188,2087867
2023-05-24,664.4378051757812,1920527
2023-05-25,658.1561889648438,2210598
2023-05-26,670.1350708007812,2131442
2023-05-29,671.9854736328125,1116759
2023-05-30,671.0602416992188,900153
2023-05-31,667.21337890625,3370272
2023-06-01,660.2500610351562,2470088
2023-06-02,665.509033203125,1168519
2023-06-05,671.9854736328125,1227013
2023-06-06,675.8809814453125,1618425
2023-06-07,675.8323364257812,1147072
2023-06-08,672.0341186523438,1312986
2023-06-09,662.489990234375,1411515
2023-06-12,661.2239379882812,2017017
2023-06-13,664.4378051757812,2175343
2023-06-14,664.9247436523438,4009140
2023-06-15,663.0256958007812,1890165
2023-06-16,672.813232421875,3397721
2023-06-19,667.7003173828125,1510117
2023-06-20,665.6064453125,1537058
2023-06-21,668.187255859375,1194618
2023-06-22,656.7927856445312,2165875
2023-06-23,649.4398193359375,1884124
2023-06-26,661.4674072265625,2550546
2023-06-27,656.7440185546875,1844795
2023-06-28,662.58740234375,2993257
2023-06-30,669.5994262695312,1756332
2023-07-03,662.5386962890625,1650880
2023-07-04,659.2761840820312,1707986
2023-07-05,652.3128051757812,2257766
2023-07-06,655.1858520507812,1668647
2023-07-07,645.6903076171875,2924889
2023-07-10,642.8660888671875,1532305
2023-07-11,627.4298706054688,3874013
2023-07-12,627.040283203125,2355259
2023-07-13,614.52587890625,4725978
2023-07-14,622.8526000976562,2430626
2023-07-17,626.9916381835938,2618535
2023-07-18,623.2421875,3048982
2023-07-19,622.4630737304688,2990583
2023-07-20,622.70654296875,2365174
2023-07-21,618.0318603515625,2618007
2023-07-24,615.6458740234375,1626647
2023-07-25,609.6563720703125,2391696
2023-07-26,615.4024047851562,1885345
2023-07-27,610.3867797851562,1822820
2023-07-28,608.8285522460938,1972225
2023-07-31,608.3903198242188,5257210
2023-08-01,609.3641967773438,7565764
2023-08-02,602.9852294921875,2977294
2023-08-03,593.9758911132812,6714021
2023-08-04,596.8445434570312,1698361
2023-08-07,600.2573852539062,1586290
2023-08-08,597.833740234375,2297368
2023-08-09,608.5668334960938,4701339
2023-08-10,603.07666015625,2552655
2023-08-11,593.2339477539062,1772170
2023-08-14,583.935302734375,2087103
2023-08-16,583.440673828125,1504238
2023-08-17,578.6430053710938,1816344
2023-08-18,572.2130737304688,2394208
2023-08-21,579.3848876953125,1884006
2023-08-22,577.5548095703125,1199386
2023-08-23,579.4343872070312,1218953
2023-08-24,580.0773315429688,1673004
2023-08-25,576.911865234375,1132264
2023-08-28,578.8408203125,1005968
2023-08-29,591.1565551757812,6318164
2023-08-30,593.4317626953125,3729681
2023-08-31,584.776123046875,7321307
2023-09-01,596.4983520507812,2466406
2023-09-04,600.900390625,4215928
2023-09-05,601.4938354492188,3465504
2023-09-06,602.7798461914062,2896499
2023-09-07,605.6980590820312,3079054
2023-09-08,600.2573852539062,2137652
2023-09-11,611.2871704101562,3724960
2023-09-12,597.982177734375,2923292
2023-09-13,601.7411499023438,1430448
2023-09-14,624.9383544921875,9184356
2023-09-15,627.8070678710938,3745966
2023-09-18,623.3060913085938,2579565
2023-09-20,615.7881469726562,2474148
2023-09-21,618.3106079101562,3925418
2023-09-22,608.171142578125,1850344
2023-09-25,610.2979125976562,2303387
2023-09-26,610.8914794921875,1906824
2023-09-27,608.4678344726562,2018781
2023-09-28,598.476806640625,2158105
2023-09-29,609.60546875,2002347
2023-10-03,600.4552001953125,2407302
2023-10-04,596.5477905273438,1922433
2023-10-05,597.7843627929688,1413612
2023-10-06,605.5496826171875,1750968
2023-10-09,603.3734130859375,1866768
2023-10-10,615.0956420898438,3281868
2023-10-11,620.9815063476562,2053212
2023-10-12,613.9085693359375,1645852
2023-10-13,616.3321533203125,1171758
2023-10-16,624.14697265625,1917226
2023-10-17,618.1622314453125,1462594
2023-10-18,613.8590698242188,1222311
2023-10-19,606.9345703125,1842555
2023-10-20,596.9435424804688,1174201
2023-10-23,580.3741455078125,2109981
2023-10-25,573.894775390625,2986843
2023-10-26,555.0006103515625,4015200
2023-10-27,552.6265869140625,2425358
2023-10-30,532.8421630859375,7164172
2023-10-31,534.6722412109375,5210230
2023-11-01,526.3133544921875,3767073
2023-11-02,534.9194946289062,1797928
2023-11-03,544.3665771484375,1809034
2023-11-06,548.7191772460938,1069714
2023-11-07,546.0482177734375,1479349
2023-11-08,549.7083129882812,1190583
2023-11-09,544.4655151367188,1794405
2023-11-10,541.2506103515625,1414936
2023-11-13,546.74072265625,1449034
2023-11-15,555.7425537109375,1766163
2023-11-16,554.8027954101562,2112355
2023-11-17,555.693115234375,1787739
2023-11-20,550.6975708007812,1079422
2023-11-21,556.9790649414062,1333644
2023-11-22,559.7984008789062,2648583
2023-11-23,559.7984008789062,1264347
2023-11-24,552.9232788085938,868199
2023-11-28,557.4736938476562,1284890
2023-11-29,563.903564453125,1780095
2023-11-30,564.4971923828125,3931052
2023-12-01,568.9486694335938,1811072
2023-12-04,572.658203125,3025773
2023-12-05,575.1312866210938,1870544
2023-12-06,582.2041625976562,3437918
2023-12-07,580.2257080078125,1824646
2023-12-08,578.8902587890625,2175978
2023-12-11,595.9048461914062,4467164
2023-12-12,591.2554931640625,2339706
2023-12-13,592.8876953125,2110586
2023-12-14,592.6898803710938,2026994
2023-12-15,604.263671875,4941179
2023-12-18,600.0100708007812,1685280
2023-12-19,592.294189453125,2396755
2023-12-20,565.9810180664062,5509320
2023-12-21,571.1743774414062,3089260
2023-12-22,575.3786010742188,2464945
2023-12-26,579.7805786132812,3443852
2023-12-27,576.911865234375,2155491
2023-12-28,583.094482421875,2270681
2023-12-29,580.9181518554688,2223633
2024-01-01,586.3093872070312,2825708
2024-01-02,588.04052734375,3406640
2024-01-03,580.5224609375,2435233
2024-01-04,581.3138427734375,3606404
2024-01-05,574.9828491210938,2433275
2024-01-08,554.852294921875,5345743
2024-01-09,552.1319580078125,3590645
2024-01-10,552.5770263671875,2204496
2024-01-11,556.187744140625,1620693
2024-01-12,559.0069580078125,1441096
2024-01-15,561.62841796875,1659661
2024-01-16,558.4134521484375,1653823
2024-01-17,545.0590209960938,4724845
2024-01-18,538.3323364257812,3512857
2024-01-19,547.4331665039062,2415540
2024-01-23,529.3304443359375,2849229
2024-01-24,539.8656616210938,1386191
2024-01-25,531.5067138671875,1723625
2024-01-29,533.8314208984375,2162690
2024-01-30,529.4788818359375,1912294
2024-01-31,531.9024658203125,3570913
2024-02-01,524.3348999023438,3662000
2024-02-02,527.8961181640625,4224992
2024-02-05,468.8892517089844,23096694
2024-02-06,476.65460205078125,6661787
2024-02-07,472.64825439453125,3069307
2024-02-08,459.8379211425781,5214678
2024-02-09,453.0123291015625,5881661
2024-02-12,453.4574279785156,4404671
2024-02-13,473.93426513671875,7706461
2024-02-14,476.20947265625,3210526
2024-02-15,482.0953369140625,3568439
2024-02-16,485.6070251464844,3374827
2024-02-19,492.1853332519531,3383768
2024-02-20,492.679931640625,3033673
2024-02-21,486.8435363769531,1697299
2024-02-22,486.991943359375,2881064
2024-02-23,483.4307861328125,1341328
2024-02-26,483.8758850097656,2253561
2024-02-27,479.3749694824219,2920314
2024-02-28,470.7687683105469,1572519
2024-02-29,464.6356201171875,5632071
2024-03-01,469.43328857421875,2877161
2024-03-04,469.13653564453125,1820722
2024-03-05,469.13653564453125,6182475
2024-03-06,468.0978698730469,3213293
2024-03-07,477.0997314453125,5420581
2024-03-11,471.4117431640625,2888338
2024-03-12,468.9386901855469,3030937
2024-03-13,447.02752685546875,3446385
2024-03-14,457.1175842285156,2505609
2024-03-15,470.02685546875,6120565
2024-03-18,461.02496337890625,2951978
2024-03-19,456.0788879394531,2538838
2024-03-20,450.5392761230469,3018788
2024-03-21,450.6381530761719,3138092
2024-03-22,464.932373046875,7019704
2024-03-26,460.3819580078125,5072326
2024-03-27,450.5887145996094,27876181
2024-03-28,451.08331298828125,5435115
2024-04-01,461.17333984375,2840448
2024-04-02,470.1257629394531,5564890
2024-04-03,471.5601501464844,4788697
2024-04-04,487.63494873046875,9778795
2024-04-05,489.01983642578125,6753966
2024-04-08,483.7769775390625,4603981
2024-04-09,484.568359375,2166661
2024-04-10,498.862548828125,7937541
2024-04-12,496.6368103027344,5337775
2024-04-15,484.66729736328125,4994330
2024-04-16,479.4244079589844,3104362
2024-04-18,473.2417907714844,2706609
2024-04-19,482.2931213378906,3209153
2024-04-22,488.080078125,1860795
2024-04-23,490.1574401855469,3014860
2024-04-24,493.07562255859375,1683615
2024-04-25,500.4453125,4660938
2024-04-26,502.96783447265625,2825380
2024-04-29,501.5828857421875,2501739
2024-04-30,501.68182373046875,3509055
2024-05-02,492.8283386230469,2405482
2024-05-03,488.2779541015625,2196892
2024-05-06,478.1878662109375,3652474
2024-05-07,468.9881896972656,4535131
2024-05-08,472.69775390625,1861827
2024-05-09,461.420654296875,2726979
2024-05-10,496.4884033203125,6834995
2024-05-13,528.3412475585938,27039443
2024-05-14,504.550537109375,15011896
2024-05-15,509.24932861328125,4234215
2024-05-16,504.5010681152344,2398088
2024-05-17,505.73760986328125,1911312
2024-05-21,506.57843017578125,2372489
2024-05-22,509.9912414550781,2807354
2024-05-23,505.3419494628906,1824121
2024-05-24,510.2385559082031,4320492
2024-05-27,519.2899169921875,6701240
2024-05-28,511.92022705078125,2462629
2024-05-29,511.67291259765625,2522672
2024-05-30,500.64312744140625,1828288
2024-05-31,503.31402587890625,8552013
2024-06-03,522.4554443359375,5297460
2024-06-04,490.60260009765625,4202540
2024-06-05,522.752197265625,3690376
2024-06-06,531.6056518554688,6939999
2024-06-07,533.9302978515625,2223919
2024-06-10,545.5535888671875,6964090
2024-06-11,548.3234252929688,4059315
2024-06-12,544.1192626953125,2173771
2024-06-13,551.686767578125,3845237
2024-06-14,545.7515258789062,2022269
2024-06-18,550.1535034179688,1587670
2024-06-19,551.2911376953125,6124293
2024-06-20,562.8649291992188,7472902
2024-06-21,559.8478393554688,5890175
2024-06-24,565.9315185546875,5572012
2024-06-25,564.9422607421875,1985056
2024-06-26,564.2003784179688,2354064
2024-06-27,561.727294921875,1627135
2024-06-28,564.6949462890625,1535016
2024-07-01,567.2669677734375,1451065
2024-07-02,560.540283203125,2781201
2024-07-03,565.9810180664062,1898741
2024-07-04,564.29931640625,2148117
2024-07-05,566.5250854492188,1072378
2024-07-08,561.2822265625,2695359
2024-07-09,557.8694458007812,1427039
2024-07-10,553.7640991210938,2033444
2024-07-11,551.686767578125,3781459
2024-07-12,557.5726318359375,3741532
2024-07-15,558.95751953125,1699472
2024-07-16,551.2911376953125,1674706
2024-07-18,552.6265869140625,1258371
2024-07-19,536.7495727539062,1483516
2024-07-22,539.56884765625,2445572
2024-07-23,534.5733032226562,2813862
2024-07-24,531.2593994140625,1398404
2024-07-25,523.7413940429688,1833988
2024-07-26,538.2828979492188,1488053
2024-07-29,547.1858520507812,4404641
2024-07-30,558.8091430664062,2046419
2024-07-31,565.8820190429688,2390519
2024-08-01,554.4071655273438,1900787
2024-08-02,531.8035278320312,6452127
2024-08-05,522.603759765625,8199938
2024-08-06,527.797119140625,3839963
2024-08-07,540.8053588867188,2623663
2024-08-08,541.8934936523438,2763841
2024-08-09,548.6201782226562,2061454
2024-08-12,559.9755249023438,3191587
2024-08-13,547.0438842773438,1666599
2024-08-14,537.92724609375,1066850
2024-08-16,548.33203125,1635134
2024-08-19,555.5162963867188,2412431
2024-08-20,561.0160522460938,1194020
2024-08-21,563.146484375,2235790
2024-08-22,573.8981323242188,6309020
2024-08-23,568.49755859375,1995012
2024-08-26,572.2135620117188,1283196
2024-08-27,577.6636962890625,2705825
2024-08-28,572.80810546875,1369570
2024-08-29,572.5603637695312,1530143
2024-08-30,592.9240112304688,7616878
2024-09-02,594.0635986328125,3640344
2024-09-03,596.7391357421875,2147598
2024-09-04,602.3378295898438,3139837
2024-09-05,613.0894775390625,3431993
2024-09-06,604.2701416015625,3569845
2024-09-09,598.919189453125,2334227
2024-09-10,613.5849609375,1638324
2024-09-11,605.4592895507812,1421907
2024-09-12,609.2743530273438,1707391
2024-09-13,605.855712890625,1237013
2024-09-16,608.23388671875,1186044
2024-09-17,605.1124877929688,1165443
2024-09-18,599.61279296875,1728906
2024-09-19,589.4061889648438,2721915
2024-09-20,581.7760009765625,5717560
2024-09-23,587.42431640625,2106715
2024-09-24,598.2750244140625,2301515
2024-09-25,594.1130981445312,2193166
2024-09-26,595.6490478515625,1948570
2024-09-27,605.1124877929688,1893789
2024-09-30,607.58984375,1686660
2024-10-01,615.5668334960938,2317620
2024-10-03,599.9596557617188,2181886
2024-10-04,593.8653564453125,1780533
2024-10-07,575.0376586914062,3393703
2024-10-08,571.5693969726562,3035568
2024-10-09,572.3621826171875,881946
2024-10-10,579.1005249023438,1378203
2024-10-11,577.7627563476562,568562
2024-10-14,573.4027099609375,1308354
2024-10-15,568.8939208984375,1611364
2024-10-16,563.6915283203125,1303677
2024-10-17,548.6788940429688,1577470
2024-10-18,550.21484375,1402020
2024-10-21,540.5037231445312,2757430
2024-10-22,525.5406494140625,2074618
2024-10-23,526.927978515625,1624355
2024-10-24,530.1484985351562,1554879
2024-10-25,517.2168579101562,1390234
2024-10-28,526.9774780273438,1080853
2024-10-29,529.8016967773438,1053752
2024-10-30,541.2964477539062,1751552
2024-10-31,548.62939453125,1171233
2024-11-01,553.3363037109375,163230
2024-11-04,547.638427734375,1334874
2024-11-05,553.9804077148438,894138
2024-11-06,562.1060180664062,1491608
2024-11-07,562.0069580078125,886267
2024-11-08,552.5435180664062,696687
2024-11-11,510.478515625,9914435
2024-11-12,522.9642333984375,9415040
2024-11-13,510.72625732421875,3436328
2024-11-14,521.0319213867188,3741207
2024-11-18,510.3473815917969,3165283
2024-11-19,519.7578125,2999770
2024-11-21,528.2651977539062,10436903
2024-11-22,538.3884887695312,3602576
2024-11-25,540.43212890625,6122956
2024-11-26,546.74658203125,2645846
2024-11-27,543.2288208007812,1703921
2024-11-28,541.9406127929688,1748362
2024-11-29,540.0578002929688,1465623
2024-12-02,550.0166625976562,1687736
2024-12-03,557.99365234375,2073190
2024-12-04,562.7996826171875,2218877
2024-12-05,553.1381225585938,2006983
2024-12-06,557.5477905273438,2970258
2024-12-09,550.363525390625,2922928
2024-12-10,544.9629516601562,2949316
2024-12-11,546.9943237304688,5334736
2024-12-12,542.485595703125,1581082
2024-12-13,545.2601928710938,2242153
2024-12-16,542.9810791015625,1210467
2024-12-17,533.5177001953125,1637281
2024-12-18,527.4234008789062,1208566
2024-12-19,513.6494750976562,1187222
2024-12-20,499.9250793457031,2851827
2024-12-23,503.0960693359375,1178165
2024-12-24,499.9250793457031,949150
2024-12-26,495.1190490722656,1427526
2024-12-27,497.4972839355469,1670587
2024-12-30,496.2090759277344,2019209
2024-12-31,496.4568176269531,1217836
2025-01-01,495.9613342285156,588602
2025-01-02,504.8302001953125,1552787
2025-01-03,524.7479248046875,2888197
2025-01-06,516.5726928710938,2241869
2025-01-07,539.5128173828125,4787940
2025-01-08,534.6572265625,1559514
2025-01-09,540.5037231445312,2805890
2025-01-10,543.8728637695312,1992839
2025-01-13,528.8107299804688,1770971
2025-01-14,536.9363403320312,1831287
2025-01-15,541.9406127929688,901487
2025-01-16,541.3460083007812,813698
2025-01-17,546.6970825195312,1461267
2025-01-20,547.8366088867188,812869
2025-01-21,539.3145751953125,1708101
2025-01-22,537.7786865234375,1191929
2025-01-23,552.791259765625,1477011
2025-01-24,546.9943237304688,1591661
2025-01-27,537.4318237304688,2486727
2025-01-28,533.765380859375,2048155
2025-01-29,548.0843505859375,2181049
2025-01-30,561.8087768554688,2784958
2025-01-31,598.2750244140625,8663742
2025-02-01,598.5227661132812,5961908
2025-02-03,624.5347290039062,12713558
2025-02-04,631.1244506835938,3541038
2025-02-05,639.596923828125,3372838
2025-02-06,638.9032592773438,3885141
2025-02-07,635.5340576171875,2340663
2025-02-10,629.192138671875,1932363
2025-02-11,605.1620483398438,2525324
2025-02-12,614.8731689453125,2315031
2025-02-13,624.0392456054688,3181044
2025-02-14,612.7426147460938,3746024
2025-02-17,626.467041015625,1481549
2025-02-18,625.0797119140625,1409475
2025-02-19,644.1551513671875,2762726
2025-02-20,641.3805541992188,2142244
2025-02-21,640.4887084960938,1366273
2025-02-24,639.3491821289062,1293274
2025-02-25,641.6282958984375,1581083
2025-02-27,637.813232421875,2717730
2025-02-28,627.2102661132812,4676015
2025-03-03,611.1076049804688,3273667
2025-03-04,607.8375854492188,1557537
2025-03-05,622.156494140625,2367281
2025-03-06,619.0350952148438,1617185
2025-03-07,624.1383666992188,2073888
2025-03-10,609.8689575195312,1428305
2025-03-11,609.4725341796875,1564110
2025-03-12,602.5360107421875,1815285
2025-03-13,595.9959106445312,1476114
2025-03-17,620.471923828125,2377362
2025-03-18,620.471923828125,0
2025-03-19,640.4391479492188,1533871
2025-03-20,640.9841918945312,1272076
2025-03-21,652.8753662109375,5231169
2025-03-24,652.47900390625,1878198
2025-03-25,647.0784301757812,988124
2025-03-26,646.48388671875,1570129
2025-03-27,650.4476318359375,3398420
2025-03-28,630.4803466796875,4421109
2025-04-01,628.9939575195312,1451347
2025-04-02,648.5153198242188,1932828
2025-04-03,645.3442993164062,2635192
2025-04-04,631.9171752929688,2529542
2025-04-07,608.8780517578125,2010970
2025-04-08,608.9275512695312,1696619
2025-04-09,608.6798095703125,1911793
2025-04-11,633.0567016601562,2007695
2025-04-15,652.0330810546875,2242497
2025-04-16,653.6681518554688,2228299
2025-04-17,650.2494506835938,1595004
2025-04-21,665.0638427734375,3468794
2025-04-22,666.5997924804688,3727936
2025-04-23,673.7344970703125,2856974
2025-04-24,677.9955444335938,2692652
2025-04-25,655.84814453125,3157081
2025-04-28,672.1489868164062,1423133
2025-04-29,663.5278930664062,1676069
2025-04-30,663.8251953125,1402279
2025-05-02,673.6849365234375,2331658
2025-05-05,680.274658203125,1475543
2025-05-06,672.8922119140625,1859488
2025-05-07,681.7610473632812,1328953
2025-05-08,650.5466918945312,2451225
2025-05-09,668.6312255859375,3184067
2025-05-12,670.712158203125,8755697
2025-05-13,637.0204467773438,8899680
2025-05-14,631.1244506835938,4545306
2025-05-15,638.80419921875,2336733
2025-05-16,638.3582153320312,1281048
2025-05-19,639.6464233398438,1713111
2025-05-20,622.998779296875,3503829
2025-05-21,632.61083984375,2454859
2025-05-22,626.2193603515625,1078155
2025-05-23,624.782470703125,1018062
2025-05-26,626.3184204101562,771488
2025-05-27,624.6337890625,1156383
2025-05-28,625.0302124023438,937885
2025-05-29,625.2779541015625,1382432
2025-05-30,622.2060546875,5123450
2025-06-02,630.5794067382812,1624690
2025-06-03,629.5884399414062,1764731
2025-06-04,636.7232055664062,1302307
2025-06-05,641.0337524414062,1701494
2025-06-06,637.0204467773438,580732
2025-06-09,633.304443359375,1514278
2025-06-10,633.7999267578125,956125
2025-06-11,630.0839233398438,976204
2025-06-12,626.665283203125,1097714
2025-06-13,626.7643432617188,1518780
2025-06-16,637.9122924804688,1187428
2025-06-17,640.240966796875,2269496
2025-06-18,632.4622192382812,1066778
2025-06-19,625.2283935546875,1272286
2025-06-20,627.7552490234375,4218765
2025-06-23,633.0567016601562,834251
2025-06-24,638.60595703125,1131402
2025-06-25,644.79931640625,1565175
2025-06-26,630.7280883789062,3968851
2025-06-27,639.0518798828125,3212791
2025-06-30,655.2536010742188,2075636
2025-07-01,664.9647216796875,3182249
2025-07-02,666.55029296875,1348689
2025-07-03,677.9459838867188,3054421
2025-07-04,675.1217651367188,2791223
2025-07-07,674.081298828125,960264
2025-07-08,667.1943359375,820969
2025-07-09,658.7218627929688,630384
2025-07-10,655.6500244140625,2206322
2025-07-11,652.7999877929688,2145893
2025-07-14,659.5,1745640
2025-07-15,673.7999877929688,1726609
2025-07-16,671.4500122070312,1928069
2025-07-17,692.6500244140625,5685069
2025-07-18,686.8499755859375,1515065
2025-07-21,713.75,8073738
2025-07-22,722.8499755859375,4108448
2025-07-23,727.3499755859375,2827536
2025-07-24,726.5499877929688,2189801
2025-07-25,722.2000122070312,1507020
2025-07-28,729.8499755859375,4881892
2025-07-29,726.0499877929688,3504831
2025-07-30,721.9000244140625,1589570
2025-07-31,703.7999877929688,2497511
2025-08-01,665.1500244140625,6828070
2025-08-04,711.7000122070312,12572025
2025-08-05,720.4500122070312,3136768
2025-08-06,705.2999877929688,1691312
2025-08-07,705.4500122070312,1933447
2025-08-08,688.75,1164817
2025-08-11,693.7000122070312,1129449
2025-08-12,688.6500244140625,1449415
2025-08-13,686.1500244140625,1062727
2025-08-14,683.75,1066750
2025-08-18,690.9500122070312,1319724
2025-08-19,707.2999877929688,2030825
2025-08-20,713.4500122070312,3114706
2025-08-21,712.4500122070312,2041917
2025-08-22,716.4500122070312,1635644
2025-08-25,722.7999877929688,4678348
2025-08-26,723.0999755859375,3299511
2025-08-28,716.7000122070312,3935173
2025-08-29,715.75,2472182
2025-09-01,727.9500122070312,1785815
2025-09-02,710.6500244140625,3003994
2025-09-03,715.5999755859375,2196910
2025-09-04,695.4000244140625,2075117
2025-09-05,688.8499755859375,1054221
2025-09-08,705.7999877929688,1677209
2025-09-09,704.0,2826300
2025-09-10,696.9500122070312,1965357
2025-09-11,701.6500244140625,1913878
2025-09-12,693.0999755859375,1539148
2025-09-15,693.5999755859375,1791929
2025-09-16,702.7000122070312,3099583
2025-09-17,704.6500244140625,2209645
2025-09-18,698.9500122070312,3106450
2025-09-19,691.0999755859375,7803326
2025-09-22,682.7999877929688,2102153
2025-09-23,677.2000122070312,2559504
2025-09-24,676.1500244140625,2138799
2025-09-25,669.0999755859375,1246931
2025-09-26,648.0,1970948
2025-09-29,654.2000122070312,2520967
2025-09-30,655.7999877929688,2037016
2025-10-01,661.4500122070312,1196873
2025-10-03,674.0,3592605
2025-10-06,681.3499755859375,881397
2025-10-07,679.8499755859375,994752
2025-10-08,674.7999877929688,1714962
2025-10-09,675.0499877929688,1011011
2025-10-10,681.2999877929688,960905
2025-10-13,673.7999877929688,1031190
2025-10-14,669.9500122070312,1458278
2025-10-15,677.6500244140625,1722151
2025-10-16,680.4000244140625,1284794
2025-10-17,674.1500244140625,882467
2025-10-20,680.7999877929688,1330873
2025-10-21,680.9500122070312,86005
2025-10-23,675.6500244140625,1551907
2025-10-24,672.0499877929688,587809
2025-10-27,679.8499755859375,1365682
2025-10-28,702.5999755859375,4557745
2025-10-29,720.0499877929688,3405916
2025-10-30,721.3499755859375,3573819
2025-10-31,720.0999755859375,3852202
2025-11-03,730.5999755859375,2805423
2025-11-04,731.3499755859375,1916707
2025-11-06,733.3499755859375,9280167
2025-11-07,747.9500122070312,5598140
2025-11-10,750.6500244140625,2547152
2025-11-11,752.3499755859375,1645749
2025-11-12,760.5999755859375,4193619
2025-11-13,758.1500244140625,1752051
2025-11-14,758.5999755859375,2148563
2025-11-17,773.2000122070312,3590666
2025-11-18,759.6500244140625,1862425
2025-11-19,752.6500244140625,2359649
2025-11-20,753.5,2794809
2025-11-21,750.8499755859375,2033481
2025-11-24,742.7000122070312,5530635
2025-11-25,749.7000122070312,1677991
2025-11-26,760.5999755859375,1482487
2025-11-27,758.6500244140625,1201547
2025-11-28,758.6500244140625,1546792
2025-12-01,750.8499755859375,1611007
2025-12-02,746.75,1519168
2025-12-03,743.0,6025366
2025-12-04,756.4500122070312,2855120
2025-12-05,759.0999755859375,1936558
2025-12-08,739.8499755859375,1584321
2025-12-09,739.7000122070312,2172777
2025-12-10,736.9000244140625,1346660
2025-12-11,745.8499755859375,2062566
2025-12-12,748.3499755859375,4075773
2025-12-15,765.6500244140625,1840513
2025-12-16,749.9000244140625,1218572
2025-12-17,746.2999877929688,1655654
2025-12-18,744.4000244140625,748699
2025-12-19,751.5499877929688,6064263
2025-12-22,776.5499877929688,3673981
2025-12-23,781.0,3043436
2025-12-24,772.7000122070312,3570117
2025-12-26,774.0499877929688,1476893
2025-12-29,770.9500122070312,1364589
2025-12-30,787.3499755859375,8329037
2025-12-31,795.1500244140625,3039998
2026-01-01,805.3499755859375,2644289
2026-01-02,804.6500244140625,4562526
2026-01-05,805.0999755859375,2068765
2026-01-06,799.2999877929688,1710964
2026-01-07,802.9500122070312,3691946
2026-01-08,794.5,2238370
2026-01-09,771.7000122070312,2293012
2026-01-12,773.8499755859375,2279267
2026-01-13,773.4500122070312,2207561
2026-01-14,780.4000244140625,2672389
2026-01-15,780.4000244140625,0
2026-01-16,790.1500244140625,3461231
2026-01-19,787.1500244140625,2156885
2026-01-20,723.4500122070312,6196941
2026-01-21,691.7000122070312,7967753
2026-01-22,700.5,3505671
2026-01-23,702.5499877929688,3808963
2026-01-27,716.5499877929688,3625276
2026-01-28,715.0999755859375,1299211
2026-01-29,715.9500122070312,2742480
2026-01-30,703.9500122070312,4668042
2026-02-02,698.5499877929688,5879658
2026-02-03,739.7999877929688,7513174
2026-02-04,758.7000122070312,4830902
2026-02-05,747.6500244140625,1548274
2026-02-06,741.2999877929688,2249941
2026-02-09,744.0499877929688,1489737
2026-02-10,746.0,1977229
2026-02-11,749.0,1142581
2026-02-12,744.9000244140625,1117676
2026-02-13,724.2999877929688,1332082
2026-02-16,733.7999877929688,685996
2026-02-17,741.1500244140625,472779
2026-02-18,747.6500244140625,2240635
2026-02-19,765.0499877929688,2242488
2026-02-20,752.3499755859375,2400204
2026-02-23,644.7999877929688,22336295
