date,adj_close,volume
2015-01-01,91.15483856201172,1082549
2015-01-02,91.96339416503906,4198953
2015-01-05,92.1283950805664,3838601
2015-01-06,89.97493743896484,12396695
2015-01-07,89.29011535644531,8305581
2015-01-08,89.9336929321289,7792131
2015-01-09,91.33631896972656,13587116
2015-01-12,91.75711822509766,4421790
2015-01-13,92.98648071289062,6312675
2015-01-14,91.0805435180664,9723858
2015-01-15,92.32643127441406,6993422
2015-01-16,91.59210968017578,8304680
2015-01-19,96.4023208618164,32334205
2015-01-20,97.42540740966797,13390593
2015-01-21,97.14488983154297,17701408
2015-01-22,98.95065307617188,19458651
2015-01-23,100.15725708007812,19277835
2015-01-27,99.61637115478516,15764550
2015-01-28,101.0643081665039,16769969
2015-01-29,100.30706024169922,13488321
2015-01-30,100.94779205322266,9393192
2015-02-02,104.03506469726562,15948657
2015-02-03,103.44424438476562,8465539
2015-02-04,103.05314636230469,8923261
2015-02-05,106.22362518310547,12263607
2015-02-06,107.0557632446289,11074311
2015-02-09,107.81302642822266,6794574
2015-02-10,106.94757843017578,11140578
2015-02-11,106.24858093261719,14166503
2015-02-12,107.6465835571289,9639757
2015-02-13,109.95994567871094,9239165
2015-02-16,110.09309387207031,5117465
2015-02-18,111.3413314819336,6045571
2015-02-19,109.7602310180664,7382040
2015-02-20,108.17916107177734,4849774
2015-02-23,108.13754272460938,5689865
2015-02-24,108.67845153808594,8433603
2015-02-25,110.47589111328125,9829069
2015-02-26,109.49394226074219,10478408
2015-02-27,108.8947982788086,12264620
2015-03-02,110.5923843383789,9859640
2015-03-03,111.91549682617188,9609805
2015-03-04,109.7602310180664,8693384
2015-03-05,111.1416015625,7213278
2015-03-09,109.86011505126953,7593752
2015-03-10,108.8947982788086,9328397
2015-03-11,108.96968841552734,12190748
2015-03-12,109.06122589111328,6275689
2015-03-13,106.39005279541016,10007634
2015-03-16,107.55504608154297,8820568
2015-03-17,107.08073425292969,7882840
2015-03-18,105.08357238769531,8925624
2015-03-19,105.69104766845703,7848403
2015-03-20,108.62019348144531,12037719
2015-03-23,107.36367797851562,6133273
2015-03-24,108.55363464355469,7011000
2015-03-25,110.02652740478516,5859475
2015-03-26,105.16680145263672,12227282
2015-03-27,101.87979125976562,13652951
2015-03-30,103.75213623046875,6814467
2015-03-31,104.6591796875,9010840
2015-04-01,105.38314819335938,6354889
2015-04-06,103.37767028808594,7872158
2015-04-07,102.3624496459961,9890882
2015-04-08,102.57048797607422,9541026
2015-04-09,102.71195220947266,7049918
2015-04-10,102.80349731445312,5738526
2015-04-13,103.88528442382812,4619465
2015-04-15,100.96443939208984,7315918
2015-04-16,100.1822280883789,13076860
2015-04-17,97.66913604736328,8342621
2015-04-20,95.76353454589844,7922147
2015-04-21,96.2212142944336,21048960
2015-04-22,90.62916564941406,33440956
2015-04-23,88.91495513916016,16233670
2015-04-24,87.0759048461914,19017589
2015-04-27,88.84005737304688,9816226
2015-04-28,88.58209228515625,16379558
2015-04-29,90.14653778076172,15025078
2015-04-30,89.63890838623047,16950219
2015-05-04,90.06331634521484,5264457
2015-05-05,90.68743896484375,8626659
2015-05-06,88.59872436523438,14824806
2015-05-07,89.56403350830078,12131047
2015-05-08,89.95512390136719,8303757
2015-05-11,90.12155151367188,11205821
2015-05-12,88.84838104248047,7637918
2015-05-13,90.24637603759766,8023000
2015-05-14,89.28941345214844,5469907
2015-05-15,89.61395263671875,5391273
2015-05-18,90.5792465209961,5679331
2015-05-19,91.96893310546875,12356226
2015-05-20,93.86621856689453,7847779
2015-05-21,93.90782928466797,7785822
2015-05-22,93.2837142944336,10580120
2015-05-25,93.71644592285156,8279640
2015-05-26,92.90926361083984,6425326
2015-05-27,91.92731475830078,8946008
2015-05-28,92.29346466064453,12361740
2015-05-29,93.48344421386719,17654976
2015-06-01,93.79134368896484,4461161
2015-06-02,91.33648681640625,5428366
2015-06-03,90.80392456054688,9938402
2015-06-04,91.9855728149414,12418162
2015-06-05,92.50151062011719,9048973
2015-06-08,92.36835479736328,6071763
2015-06-09,90.4627456665039,6360473
2015-06-10,93.65818786621094,9516498
2015-06-11,90.87882232666016,10654536
2015-06-12,89.43087005615234,11815543
2015-06-15,90.0217056274414,5508510
2015-06-16,89.9218521118164,6020206
2015-06-17,90.96205139160156,7280782
2015-06-18,92.55142974853516,9528344
2015-06-19,93.45848083496094,27555342
2015-06-22,93.23379516601562,8081059
2015-06-23,92.76779174804688,5694782
2015-06-24,94.09922790527344,7592163
2015-06-25,91.89404296875,11733234
2015-06-26,92.97584533691406,4171246
2015-06-29,91.9356689453125,4477214
2015-06-30,90.98699951171875,8373885
2015-07-01,91.99390411376953,6424723
2015-07-02,92.49317932128906,5362553
2015-07-03,91.4613265991211,4578990
2015-07-06,91.54454040527344,3867641
2015-07-07,92.16864013671875,4165118
2015-07-08,91.99390411376953,5195982
2015-07-09,90.68743896484375,3664431
2015-07-10,91.3115463256836,5939475
2015-07-13,93.14225006103516,4831150
2015-07-14,94.09922790527344,3293913
2015-07-15,96.1546401977539,8716285
2015-07-16,95.74687194824219,4637732
2015-07-17,94.5901870727539,5034174
2015-07-20,95.81185913085938,3991263
2015-07-21,97.15989685058594,8343864
2015-07-22,98.50794219970703,5474926
2015-07-23,99.25777435302734,11890199
2015-07-24,95.50011444091797,12045388
2015-07-27,94.64073181152344,5267502
2015-07-28,93.7982406616211,8265859
2015-07-29,95.17996215820312,6008291
2015-07-30,94.69971466064453,5578062
2015-07-31,96.0224838256836,7047102
2015-08-03,96.11516571044922,3455284
2015-08-04,94.33744049072266,7786595
2015-08-05,96.94924926757812,5696430
2015-08-06,96.31737518310547,5022969
2015-08-07,95.89610290527344,4219929
2015-08-10,94.94405364990234,3854564
2015-08-11,95.39901733398438,6672931
2015-08-12,97.35366821289062,7323971
2015-08-13,96.24996185302734,5510921
2015-08-14,96.93240356445312,4568222
2015-08-17,97.03351593017578,2212863
2015-08-18,96.24153900146484,7479918
2015-08-19,98.533203125,5814979
2015-08-20,97.1851806640625,6423955
2015-08-21,97.05878448486328,7385267
2015-08-24,91.7256088256836,11884861
2015-08-25,91.21166229248047,15297276
2015-08-26,92.83773803710938,11044007
2015-08-27,92.90514373779297,12857543
2015-08-28,94.96932983398438,5714915
2015-08-31,96.35105895996094,8954392
2015-09-01,95.06199645996094,7103043
2015-09-02,93.39381408691406,6572206
2015-09-03,95.56752014160156,3285449
2015-09-04,93.3516845703125,7928355
2015-09-07,93.03153228759766,5709214
2015-09-08,94.96932983398438,4094153
2015-09-09,94.54806518554688,4099134
2015-09-10,93.03153228759766,8775869
2015-09-11,94.21105194091797,4084660
2015-09-14,96.32579803466797,10684962
2015-09-15,96.23311614990234,4937700
2015-09-16,97.82548522949219,9941709
2015-09-18,99.75487518310547,9898909
2015-09-21,99.78856658935547,11840733
2015-09-22,100.41204833984375,18028038
2015-09-23,99.54423522949219,7529166
2015-09-24,101.6168441772461,11094738
2015-09-28,99.91494750976562,5322644
2015-09-29,99.13140869140625,8118296
2015-09-30,100.7406234741211,9590429
2015-10-01,101.06078338623047,18667659
2015-10-05,101.15345001220703,9100269
2015-10-06,100.99337005615234,8106115
2015-10-07,99.22406005859375,4985700
2015-10-08,99.3841552734375,5878542
2015-10-09,99.81383514404297,7196840
2015-10-12,98.39839935302734,5656995
2015-10-13,98.63429260253906,5195476
2015-10-14,98.22147369384766,5600910
2015-10-15,97.24415588378906,4486078
2015-10-16,97.2188720703125,4888068
2015-10-19,97.31996154785156,5330665
2015-10-20,96.35105895996094,7156819
2015-10-21,97.37052917480469,5404803
2015-10-23,95.66862487792969,9916189
2015-10-26,95.88768005371094,5681966
2015-10-27,96.90714263916016,15674230
2015-10-28,97.39579772949219,7496963
2015-10-29,96.82288360595703,8150157
2015-10-30,96.52800750732422,6049662
2015-11-02,96.91556549072266,9695048
2015-11-03,96.76392364501953,5637257
2015-11-04,96.56170654296875,4350852
2015-11-05,96.19099426269531,3277977
2015-11-06,96.0393295288086,3659753
2015-11-09,94.40483856201172,7082536
2015-11-10,93.69711303710938,7630478
2015-11-13,92.93041229248047,3326617
2015-11-16,93.2674331665039,5924403
2015-11-17,93.66342163085938,7816195
2015-11-18,93.4106674194336,6561801
2015-11-19,93.81507873535156,5367129
2015-11-20,95.9972152709961,9887773
2015-11-23,96.06461334228516,5929566
2015-11-24,95.01145935058594,5441907
2015-11-26,95.9635009765625,10273112
2015-11-27,96.0393295288086,7137918
2015-11-30,96.0393295288086,22234597
2015-12-01,98.06139373779297,9200387
2015-12-02,97.35366821289062,3787604
2015-12-03,96.47745513916016,6974419
2015-12-04,95.92980194091797,5513331
2015-12-07,97.06720733642578,6213411
2015-12-08,95.49168395996094,3736804
2015-12-09,95.25578308105469,4223545
2015-12-10,95.22209167480469,6014387
2015-12-11,95.35688781738281,3691311
2015-12-14,95.5506820678711,3973023
2015-12-15,94.1773681640625,6393961
2015-12-16,93.51176452636719,10970066
2015-12-17,93.70553588867188,10163672
2015-12-18,93.3853759765625,14961660
2015-12-21,93.66342163085938,6207683
2015-12-22,93.59601593017578,6653875
2015-12-23,93.7392349243164,4221929
2015-12-24,93.8908920288086,2154842
2015-12-28,94.60704803466797,5220702
2015-12-29,95.04515075683594,4268569
2015-12-30,94.04255676269531,2678249
2015-12-31,94.34587860107422,7054776
2016-01-01,93.76453399658203,3165524
2016-01-04,93.97515106201172,3431636
2016-01-05,93.8403549194336,4687529
2016-01-06,93.53704071044922,6123539
2016-01-07,92.65238189697266,11168290
2016-01-08,93.65499877929688,4648302
2016-01-11,90.56291961669922,9954184
2016-01-12,92.4923095703125,6982168
2016-01-13,92.08789825439453,3587567
2016-01-14,91.87725830078125,5838665
2016-01-15,91.51498413085938,3334175
2016-01-18,92.19742584228516,9031923
2016-01-19,91.3296127319336,5106281
2016-01-20,91.42229461669922,6238110
2016-01-21,92.81245422363281,9300264
2016-01-22,92.69451904296875,4445262
2016-01-25,93.02610778808594,4242825
2016-01-27,93.96138763427734,11160519
2016-01-28,93.06010437011719,6459529
2016-01-29,95.70439910888672,7734574
2016-02-01,96.61416625976562,8037187
2016-02-02,96.46112060546875,6855160
2016-02-03,94.85415649414062,3213476
2016-02-04,95.21976470947266,5609982
2016-02-05,94.87116241455078,5742094
2016-02-08,92.67750549316406,4384750
2016-02-09,91.18955993652344,4267924
2016-02-10,90.33082580566406,5157374
2016-02-11,87.95008850097656,5269476
2016-02-12,87.96710205078125,9598621
2016-02-15,89.4040298461914,5214324
2016-02-16,89.54859161376953,3685887
2016-02-17,89.60810089111328,5763710
2016-02-18,92.0483169555664,4740372
2016-02-19,93.07711791992188,5768537
2016-02-22,92.29489135742188,4520996
2016-02-23,91.8187484741211,5036873
2016-02-24,90.7984390258789,5189321
2016-02-25,90.78144836425781,5119049
2016-02-26,90.2117691040039,5250574
2016-02-29,88.4687728881836,11091282
2016-03-01,91.05353546142578,9201448
2016-03-02,91.75074005126953,9548461
2016-03-03,92.28639221191406,6511139
2016-03-04,91.30859375,8533469
2016-03-08,92.07381439208984,8277325
2016-03-09,91.51268005371094,10597186
2016-03-10,91.12155151367188,6464851
2016-03-11,91.6572036743164,5963203
2016-03-14,91.97179412841797,5552606
2016-03-15,90.67091369628906,10384866
2016-03-16,91.56365966796875,10071645
2016-03-17,91.69122314453125,9839474
2016-03-18,93.74031066894531,13512583
2016-03-21,94.62459564208984,5891875
2016-03-22,94.01240539550781,7905422
2016-03-23,94.50554656982422,7693379
2016-03-28,94.57357025146484,7775976
2016-03-29,94.06341552734375,8018333
2016-03-30,95.55986022949219,7883464
2016-03-31,95.95098114013672,20671520
2016-04-01,95.59386444091797,7355416
2016-04-04,96.29109191894531,3719124
2016-04-05,95.05821990966797,4395422
2016-04-06,94.92217254638672,5808793
2016-04-07,93.83385467529297,3246500
2016-04-08,93.45123291015625,5016142
2016-04-11,96.20606231689453,5949523
2016-04-12,96.85224914550781,4493886
2016-04-13,99.46251678466797,10674994
2016-04-18,100.09171295166016,13105324
2016-04-20,102.24285125732422,25034223
2016-04-21,95.03270721435547,30976914
2016-04-22,94.87966918945312,11492685
2016-04-25,93.94438171386719,9151325
2016-04-26,94.28447723388672,9657501
2016-04-27,95.22825622558594,4790110
2016-04-28,94.05492401123047,14505825
2016-04-29,94.26750183105469,6830286
2016-05-02,93.27267456054688,5296409
2016-05-03,92.48194885253906,9210403
2016-05-04,91.82726287841797,6997112
2016-05-05,92.35441589355469,5824718
2016-05-06,90.6539077758789,6870419
2016-05-09,91.6572036743164,5356158
2016-05-10,91.59770202636719,5211513
2016-05-11,91.4531478881836,3859455
2016-05-12,92.21836853027344,5328180
2016-05-13,91.76773834228516,4528516
2016-05-16,91.96330261230469,6225662
2016-05-17,91.85276794433594,6809208
2016-05-18,91.75074005126953,7621128
2016-05-19,92.32890319824219,6685262
2016-05-20,92.40543365478516,4706510
2016-05-23,91.80174255371094,4875689
2016-05-24,91.4276351928711,5286206
2016-05-25,92.86457061767578,6641075
2016-05-26,92.66899871826172,6586563
2016-05-27,92.74552154541016,6460681
2016-05-30,93.55327606201172,5706643
2016-05-31,92.75402069091797,11040471
2016-06-01,94.29298400878906,5452990
2016-06-02,91.8952865600586,13762753
2016-06-03,91.96330261230469,7088563
2016-06-06,90.99401092529297,10304205
2016-06-07,91.80174255371094,10313858
2016-06-08,92.60948944091797,8129181
2016-06-09,92.64350128173828,9430088
2016-06-10,92.73701477050781,6359182
2016-06-13,92.03131103515625,3480377
2016-06-14,92.35441589355469,5602446
2016-06-15,93.02610778808594,2263231
2016-06-16,93.5107650756836,3681988
2016-06-17,93.87635803222656,8613805
2016-06-20,94.72663116455078,7409230
2016-06-21,95.3983154296875,5277033
2016-06-22,95.763916015625,7391587
2016-06-23,95.8574447631836,3580004
2016-06-24,94.40353393554688,7210062
2016-06-27,93.18766021728516,5685011
2016-06-28,92.23538970947266,5295833
2016-06-29,94.30148315429688,4993854
2016-06-30,94.87966918945312,7785230
2016-07-01,95.04122161865234,2872943
2016-07-04,95.51734924316406,5305017
2016-07-05,96.07002258300781,4831470
2016-07-07,95.16024017333984,7614019
2016-07-08,95.50885009765625,4648377
2016-07-11,96.90574645996094,5509102
2016-07-12,97.2379379272461,3498900
2016-07-13,97.77454376220703,5638382
2016-07-14,97.20386505126953,2713977
2016-07-15,94.4611587524414,18280203
2016-07-18,94.02676391601562,8784787
2016-07-19,93.56681060791016,14877681
2016-07-20,91.79513549804688,50777299
2016-07-21,92.33174133300781,7703480
2016-07-22,91.60774993896484,7330024
2016-07-25,92.47654724121094,3908543
2016-07-26,93.03019714355469,8752205
2016-07-27,93.5497817993164,7535086
2016-07-28,94.3419189453125,6127465
2016-07-29,92.851318359375,7435123
2016-08-01,95.00630950927734,12123703
2016-08-02,93.62643432617188,6216329
2016-08-03,93.34535217285156,7703918
2016-08-04,93.387939453125,6132105
2016-08-05,93.21759033203125,3108623
2016-08-08,93.52423095703125,5468510
2016-08-09,93.924560546875,4676916
2016-08-10,92.44247436523438,3369775
2016-08-11,92.5020980834961,2665604
2016-08-12,92.62986755371094,4163470
2016-08-16,91.39480590820312,4939065
2016-08-17,89.91273498535156,5300457
2016-08-18,89.45277404785156,4851732
2016-08-19,88.60100555419922,5503785
2016-08-22,87.81737518310547,5422857
2016-08-23,88.51581573486328,6156019
2016-08-24,88.52436065673828,5587134
2016-08-25,85.85830688476562,25798062
2016-08-26,83.47334289550781,17698571
2016-08-29,81.56539916992188,27176665
2016-08-30,83.37965393066406,24165572
2016-08-31,83.75443267822266,14992145
2016-09-01,82.44271087646484,10604872
2016-09-02,82.3830795288086,8611208
2016-09-06,82.26383209228516,8491053
2016-09-07,82.06793975830078,11453063
2016-09-08,80.73917388916016,11891858
2016-09-09,81.88053131103516,10113106
2016-09-12,81.83795166015625,10068429
2016-09-14,81.43762969970703,9826386
2016-09-15,81.50575256347656,9677981
2016-09-16,81.66759490966797,12324284
2016-09-19,81.76129150390625,11299922
2016-09-20,81.94868469238281,5829321
2016-09-21,82.4256820678711,8668616
2016-09-22,82.06793975830078,7633032
2016-09-23,81.80387878417969,12300882
2016-09-26,81.65056610107422,11939239
2016-09-27,82.48529815673828,9878285
2016-09-28,82.40011596679688,4245028
2016-09-29,80.44105529785156,26351076
2016-09-30,81.59093475341797,11216973
2016-10-03,81.59093475341797,5336686
2016-10-04,82.07645416259766,7095976
2016-10-05,81.69316101074219,7538366
2016-10-06,81.42910766601562,7396014
2016-10-07,81.25022888183594,5566297
2016-10-10,81.2587661743164,3538004
2016-10-13,81.47169494628906,7329358
2016-10-14,80.91804504394531,6884195
2016-10-17,80.43253326416016,8298392
2016-10-18,82.23828887939453,5801342
2016-10-19,84.32512664794922,12378636
2016-10-20,84.39326477050781,6252382
2016-10-21,85.04059600830078,10617160
2016-10-24,82.44271087646484,18579446
2016-10-25,82.00830078125,18599248
2016-10-26,80.33033752441406,7329390
2016-10-27,78.65233612060547,10042829
2016-10-28,78.72047424316406,12320247
2016-11-01,78.49050903320312,3786724
2016-11-02,78.00498962402344,7523630
2016-11-03,76.2503433227539,8053976
2016-11-04,77.0850830078125,6547449
2016-11-07,76.65921020507812,7134574
2016-11-08,76.95731353759766,6916238
2016-11-09,76.13109588623047,11558738
2016-11-10,75.79891967773438,8316376
2016-11-11,75.35600280761719,10485629
2016-11-15,76.30998229980469,37705734
2016-11-16,75.85852813720703,8829107
2016-11-17,74.68309783935547,11076418
2016-11-18,74.47015380859375,5763107
2016-11-21,75.26229095458984,8909576
2016-11-22,76.72733306884766,5891539
2016-11-23,76.47180938720703,6756803
2016-11-24,76.7869644165039,7374200
2016-11-25,79.17191314697266,6822590
2016-11-28,78.4649429321289,6135518
2016-11-29,79.24005889892578,3333673
2016-11-30,79.25709533691406,11587709
2016-12-01,79.77665710449219,3302127
2016-12-02,78.43087768554688,4041268
2016-12-05,77.79206085205078,3176116
2016-12-06,77.98796081542969,3357785
2016-12-07,77.22988891601562,3144911
2016-12-08,78.12423706054688,5596430
2016-12-09,78.03907775878906,5430270
2016-12-12,77.26395416259766,3831332
2016-12-13,79.00157928466797,6269049
2016-12-14,79.43598175048828,5507907
2016-12-15,79.40189361572266,5511310
2016-12-16,78.95897674560547,8818851
2016-12-19,78.96749877929688,4144553
2016-12-20,79.49557495117188,4334313
2016-12-21,78.78009796142578,5486622
2016-12-22,78.65233612060547,4312617
2016-12-23,78.14979553222656,3585124
2016-12-26,77.69834899902344,3316809
2016-12-27,79.24857330322266,2952121
2016-12-28,79.95552825927734,6353966
2016-12-29,80.46661376953125,10907890
2016-12-30,80.82435607910156,2779631
2017-01-02,80.33033752441406,2460948
2017-01-03,79.55522155761719,3686937
2017-01-04,81.02024841308594,6050638
2017-01-05,81.83795166015625,5216996
2017-01-06,80.05775451660156,8381720
2017-01-09,80.40699005126953,3922249
2017-01-10,81.17357635498047,3528383
2017-01-11,81.12247467041016,4507028
2017-01-12,82.31494140625,3741476
2017-01-13,82.56194305419922,4322788
2017-01-16,82.57901000976562,3227332
2017-01-17,82.17865753173828,2948943
2017-01-18,82.27235412597656,2863620
2017-01-19,81.5994644165039,4785278
2017-01-20,81.41207122802734,4077220
2017-01-23,81.72721099853516,6108473
2017-01-24,82.02535247802734,3921167
2017-01-25,80.69659423828125,10906509
2017-01-27,79.30821990966797,10272157
2017-01-30,79.34227752685547,9853933
2017-01-31,78.02204132080078,14628407
2017-02-01,77.68132781982422,8750755
2017-02-02,77.9636459350586,8171731
2017-02-03,78.3229751586914,4682452
2017-02-06,78.89614868164062,6599518
2017-02-07,78.45984649658203,4459769
2017-02-08,78.79350280761719,7007704
2017-02-09,79.73457336425781,5274137
2017-02-10,80.29066467285156,4093449
2017-02-13,81.18041229248047,4523470
2017-02-14,81.56539916992188,4619060
2017-02-15,81.22318267822266,5640489
2017-02-16,82.26691436767578,5667011
2017-02-17,81.33439636230469,4210692
2017-02-20,81.38573455810547,3054543
2017-02-21,81.41139221191406,6829411
2017-02-22,81.18895721435547,5558777
2017-02-23,83.17375946044922,8693864
2017-02-27,83.79829406738281,7528200
2017-02-28,83.63573455810547,5401139
2017-03-01,83.59296417236328,5426302
2017-03-02,83.87528991699219,5423075
2017-03-03,84.49983215332031,3947295
2017-03-06,84.16617584228516,3143300
2017-03-07,84.72225189208984,8801080
2017-03-08,84.71370697021484,3064671
2017-03-09,82.9000015258789,3759439
2017-03-10,83.3363265991211,2914404
2017-03-14,85.7831039428711,6553246
2017-03-15,84.6623764038086,9607608
2017-03-16,85.6462173461914,8848888
2017-03-17,86.279296875,8875816
2017-03-20,85.12435913085938,3751881
2017-03-21,85.32112121582031,5951390
2017-03-22,85.6462173461914,10620082
2017-03-23,87.2631607055664,14922870
2017-03-24,87.81925201416016,8062056
2017-03-27,86.23652648925781,5232713
2017-03-28,86.84396362304688,3323252
2017-03-29,87.64814758300781,5380707
2017-03-30,88.2812271118164,14290321
2017-03-31,88.23844909667969,8061645
2017-04-03,86.76696014404297,4160286
2017-04-05,87.37437438964844,6502814
2017-04-06,88.06734466552734,7980291
2017-04-07,87.58824157714844,12196978
2017-04-10,86.30497741699219,13798807
2017-04-11,87.28881072998047,6303993
2017-04-12,85.68043518066406,7258323
2017-04-13,84.76502227783203,9674765
2017-04-17,84.23461151123047,7798259
2017-04-18,84.5254898071289,6285310
2017-04-19,85.252685546875,6543459
2017-04-20,85.50934600830078,5025646
2017-04-21,84.0549545288086,8445800
2017-04-24,84.10628509521484,6887352
2017-04-25,84.57683563232422,11770706
2017-04-26,83.98651123046875,60514032
2017-04-27,84.87625885009766,19864101
2017-04-28,84.56828308105469,12086663
2017-05-02,84.67947387695312,5568494
2017-05-03,84.94469451904297,4065380
2017-05-04,85.54356384277344,4048926
2017-05-05,85.4323501586914,2722905
2017-05-08,85.94566345214844,5002041
2017-05-09,87.074951171875,7581832
2017-05-10,85.49223327636719,4459065
2017-05-11,86.34774017333984,3393796
2017-05-12,86.75840759277344,6031102
2017-05-15,86.63007354736328,3549668
2017-05-16,88.17857360839844,7146846
2017-05-17,87.35726165771484,7362627
2017-05-18,89.89817810058594,17123643
2017-05-19,88.9314193725586,5097614
2017-05-22,89.17951965332031,5733070
2017-05-23,90.06927490234375,8735341
2017-05-24,89.82972717285156,6636990
2017-05-25,91.78886413574219,20100101
2017-05-26,92.22517395019531,7765843
2017-05-29,91.47233581542969,3166943
2017-05-30,91.73753356933594,6637379
2017-05-31,91.62632751464844,15642998
2017-06-01,92.59307861328125,4250820
2017-06-02,94.38966369628906,6428073
2017-06-05,95.05695343017578,9633970
2017-06-06,95.9124755859375,11049943
2017-06-07,94.00467681884766,13762215
2017-06-08,93.40579986572266,8001795
2017-06-09,91.87442779541016,9384610
2017-06-12,90.06070709228516,12396076
2017-06-13,88.6319808959961,8946043
2017-06-14,87.63960266113281,8080517
2017-06-15,89.26507568359375,8317803
2017-06-16,87.34872436523438,8030288
2017-06-19,87.1091537475586,3891671
2017-06-20,87.00650787353516,2063458
2017-06-21,87.57115173339844,4895705
2017-06-22,87.2802734375,3843239
2017-06-23,87.896240234375,6051953
2017-06-27,87.7935791015625,9540496
2017-06-28,88.42666625976562,4448070
2017-06-29,88.73464965820312,12944967
2017-06-30,88.40955352783203,7242552
2017-07-03,88.83731079101562,5572713
2017-07-04,88.97420501708984,5868339
2017-07-05,88.22134399414062,5030668
2017-07-06,88.20423126220703,4398852
2017-07-07,88.18712615966797,3889807
2017-07-10,91.79742431640625,1769468
2017-07-11,90.06927490234375,10827743
2017-07-12,90.27457427978516,3170908
2017-07-13,90.36013793945312,4331508
2017-07-14,88.92285919189453,6545345
2017-07-17,91.31832885742188,20717986
2017-07-18,92.05408477783203,7342675
2017-07-19,92.77269744873047,7928152
2017-07-20,92.10540771484375,7137662
2017-07-21,97.88872528076172,43712663
2017-07-24,99.77088165283203,17479614
2017-07-25,99.08645629882812,8993269
2017-07-26,99.01802062988281,7921576
2017-07-27,99.13778686523438,15748342
2017-07-28,98.91535186767578,6488043
2017-07-31,98.71003723144531,6801080
2017-08-01,100.883056640625,10760455
2017-08-02,100.54084777832031,6469635
2017-08-03,98.9324722290039,9722197
2017-08-04,99.0351333618164,6796056
2017-08-07,98.4704818725586,3921329
2017-08-08,98.3507080078125,7279766
2017-08-09,98.04273223876953,2906265
2017-08-10,98.60737609863281,7222248
2017-08-11,99.13778686523438,9466389
2017-08-14,98.7271499633789,4292153
2017-08-16,99.22334289550781,5363422
2017-08-17,98.67581939697266,7032915
2017-08-18,98.59026336669922,7948899
2017-08-21,98.453369140625,7613358
2017-08-22,99.32601165771484,7238720
2017-08-23,99.24046325683594,6223409
2017-08-24,99.0351333618164,7413579
2017-08-28,99.47999572753906,5715785
2017-08-29,99.49710845947266,4691806
2017-08-30,99.65110778808594,4899684
2017-08-31,102.35455322265625,27585715
2017-09-01,101.44770050048828,8535629
2017-09-04,101.73857116699219,8020043
2017-09-05,101.72146606445312,7789014
2017-09-06,101.70435333251953,8243296
2017-09-07,102.30322265625,8910077
2017-09-08,102.83364868164062,12046586
2017-09-11,103.05607604980469,14275591
2017-09-12,102.01234436035156,20911485
2017-09-13,101.25948333740234,17684075
2017-09-14,96.99899291992188,15503769
2017-09-15,97.78606414794922,15001278
2017-09-18,99.00091552734375,4860657
2017-09-19,98.98379516601562,4557233
2017-09-20,99.89065551757812,5712945
2017-09-21,99.89065551757812,4954436
2017-09-22,100.7632827758789,8097163
2017-09-25,99.89065551757812,3578780
2017-09-26,99.32601165771484,4138670
2017-09-27,98.65869140625,6102854
2017-09-28,97.83739471435547,10644440
2017-09-29,95.90392303466797,4236150
2017-10-03,96.827880859375,3430145
2017-10-04,96.75944519042969,2334927
2017-10-05,97.05032348632812,1547076
2017-10-06,98.07695007324219,3982263
2017-10-09,98.1453857421875,1350306
2017-10-10,98.21382904052734,2435394
2017-10-11,99.462890625,5113769
2017-10-12,100.42106628417969,4607998
2017-10-13,99.89065551757812,4222649
2017-10-16,99.47999572753906,6938446
2017-10-17,99.18912506103516,9840952
2017-10-18,100.8659439086914,14532324
2017-10-19,99.94198608398438,739517
2017-10-23,101.6016845703125,7465974
2017-10-24,101.56747436523438,3978687
2017-10-25,102.28611755371094,4602841
2017-10-26,103.44961547851562,10070656
2017-10-27,101.61881256103516,3277807
2017-10-30,100.35264587402344,3809919
2017-10-31,100.62639617919922,2886132
2017-11-01,100.45529174804688,2277490
2017-11-02,100.35264587402344,2564335
2017-11-03,100.79750061035156,2107524
2017-11-06,102.6112060546875,3876529
2017-11-07,103.4325180053711,15161185
2017-11-08,103.48384094238281,5255548
2017-11-09,103.51805877685547,2553036
2017-11-10,103.56938171386719,4214004
2017-11-13,102.1834487915039,2073570
2017-11-14,102.14923095703125,3545721
2017-11-15,101.46480560302734,3918684
2017-11-16,101.85833740234375,4846150
2017-11-17,101.00281524658203,4640212
2017-11-20,100.72904968261719,5142518
2017-11-21,100.60929107666016,5494382
2017-11-22,100.71194458007812,3391791
2017-11-23,100.45529174804688,1803850
2017-11-24,100.16442108154297,4289313
2017-11-27,100.883056640625,2796903
2017-11-28,100.9001693725586,4009460
2017-11-29,102.20054626464844,6735475
2017-11-30,99.89065551757812,18265488
2017-12-01,99.0351333618164,3808745
2017-12-04,99.22334289550781,8790643
2017-12-05,96.99899291992188,4956230
2017-12-06,96.67388153076172,5759926
2017-12-07,96.2290267944336,6731998
2017-12-08,96.8107681274414,4843796
2017-12-11,99.0351333618164,4125876
2017-12-12,98.48760223388672,3314548
2017-12-13,98.28227233886719,2911417
2017-12-14,98.76136779785156,3375145
2017-12-15,99.13778686523438,4930972
2017-12-18,101.22525787353516,6890507
2017-12-19,100.06175994873047,10183834
2017-12-20,101.46480560302734,7081611
2017-12-21,101.89258575439453,3711281
2017-12-22,103.21007537841797,4689556
2017-12-26,103.65493774414062,4948094
2017-12-27,104.9211196899414,4841953
2017-12-28,105.40021514892578,13459388
2017-12-29,107.53901672363281,10069992
2018-01-01,108.32608795166016,8934389
2018-01-02,109.06183624267578,7665379
2018-01-03,106.06751251220703,5860470
2018-01-04,106.64927673339844,3905556
2018-01-05,105.93063354492188,4301878
2018-01-08,106.47815704345703,4760660
2018-01-09,108.54854583740234,12201522
2018-01-10,111.79950714111328,10163032
2018-01-11,109.88314056396484,5643897
2018-01-12,109.0960464477539,8433768
2018-01-15,107.79566192626953,3187225
2018-01-16,113.59609985351562,16443849
2018-01-17,111.45728302001953,8113347
2018-01-18,111.33753204345703,4722081
2018-01-19,112.56947326660156,4288268
2018-01-22,110.03713989257812,12193514
2018-01-23,107.88121795654297,8613403
2018-01-24,107.43633270263672,17542056
2018-01-25,106.75191497802734,22129831
2018-01-29,106.47815704345703,9397269
2018-01-30,105.16065216064453,6079993
2018-01-31,104.61134338378906,7530432
2018-02-01,103.25521850585938,5872873
2018-02-02,103.20370483398438,6713662
2018-02-05,102.56855773925781,5851054
2018-02-06,101.1609115600586,6489310
2018-02-07,99.34129333496094,6662763
2018-02-08,99.49579620361328,14125508
2018-02-09,97.84782409667969,8405269
2018-02-12,99.20394897460938,6722288
2018-02-14,100.74893188476562,8063123
2018-02-15,100.42277526855469,4415065
2018-02-16,99.90778350830078,8209045
2018-02-19,99.54729461669922,4420870
2018-02-20,100.0622787475586,9160624
2018-02-21,100.31976318359375,13748271
2018-02-22,100.47427368164062,12838500
2018-02-23,101.28108978271484,9779768
2018-02-26,100.11378479003906,13418935
2018-02-27,100.16527557373047,10467034
2018-02-28,100.52576446533203,13724575
2018-03-01,100.42277526855469,10895423
2018-03-05,99.890625,9996650
2018-03-06,98.5173110961914,12604231
2018-03-07,97.9679946899414,4868340
2018-03-08,97.91649627685547,5387353
2018-03-09,97.86498260498047,2681455
2018-03-12,99.80477905273438,4658262
2018-03-13,101.83041381835938,8546243
2018-03-14,100.88626098632812,5547337
2018-03-15,100.73175811767578,13181140
2018-03-16,101.53858184814453,12891090
2018-03-19,99.10096740722656,3963271
2018-03-20,100.80043029785156,8064555
2018-03-21,101.36692810058594,8382829
2018-03-22,99.03230285644531,5036841
2018-03-23,97.72766876220703,8771707
2018-03-26,94.07124328613281,18744243
2018-03-27,94.08841705322266,14239615
2018-03-28,96.52601623535156,13853121
2018-04-02,99.44429016113281,6543819
2018-04-03,97.47017669677734,4300609
2018-04-04,96.6805191040039,4358041
2018-04-05,98.27698516845703,2813628
2018-04-06,97.48733520507812,1802274
2018-04-09,97.86498260498047,2986425
2018-04-10,98.191162109375,11673823
2018-04-11,98.08816528320312,3468465
2018-04-12,98.48298645019531,5989886
2018-04-13,100.9892578125,8491437
2018-04-16,99.53012084960938,6256147
2018-04-17,97.7619857788086,5854046
2018-04-18,100.47427368164062,7066675
2018-04-19,100.40560150146484,2552252
2018-04-20,102.3282241821289,8937349
2018-04-23,102.08789825439453,10660490
2018-04-24,98.5173110961914,9443424
2018-04-25,98.58596801757812,17195110
2018-04-26,96.5947036743164,25550129
2018-04-27,94.80939483642578,6519427
2018-04-30,95.70204162597656,5648769
2018-05-02,94.6034164428711,6354939
2018-05-03,93.19577026367188,8949440
2018-05-04,92.66361236572266,8256123
2018-05-07,94.32872009277344,5265878
2018-05-08,93.64208221435547,5221180
2018-05-09,92.78376770019531,5165820
2018-05-10,92.8524398803711,4808846
2018-05-11,93.60775756835938,4066852
2018-05-14,93.50475311279297,4104721
2018-05-15,93.041259765625,4501617
2018-05-16,94.31157684326172,8413891
2018-05-17,95.56471252441406,6949715
2018-05-18,92.32028198242188,12844244
2018-05-21,90.92980194091797,8120387
2018-05-22,90.96414184570312,3966732
2018-05-23,90.44915771484375,9401189
2018-05-24,90.75814819335938,6267787
2018-05-25,90.84398651123047,6265014
2018-05-28,90.39765167236328,3131052
2018-05-29,90.29467010498047,4768596
2018-05-30,89.55650329589844,7799451
2018-05-31,89.91700744628906,13729428
2018-06-01,89.47067260742188,3800052
2018-06-04,89.3161849975586,4223321
2018-06-05,87.63389587402344,6572043
2018-06-06,89.00719451904297,5079518
2018-06-07,90.84398651123047,5339491
2018-06-08,90.63798522949219,5026132
2018-06-11,90.77532196044922,5541131
2018-06-12,91.47913360595703,6065963
2018-06-13,92.28594970703125,4100905
2018-06-14,91.46195983886719,6231142
2018-06-15,91.63362884521484,12894495
2018-06-18,91.23880767822266,8318768
2018-06-19,89.60800170898438,9780146
2018-06-20,89.16168975830078,5125212
2018-06-21,88.80118560791016,10174400
2018-06-22,88.66387176513672,6965470
2018-06-25,88.40636444091797,4371876
2018-06-26,88.4406967163086,5289660
2018-06-27,87.90853881835938,8530568
2018-06-28,88.26904296875,10412698
2018-06-29,89.7796630859375,9652752
2018-07-02,89.47067260742188,10055613
2018-07-03,89.91700744628906,10490968
2018-07-04,89.93416595458984,10224848
2018-07-05,90.67230987548828,12472818
2018-07-06,90.22599029541016,7580592
2018-07-09,90.96414184570312,5832667
2018-07-10,92.9039306640625,13242228
2018-07-11,93.4189224243164,10556522
2018-07-12,95.94237518310547,11900279
2018-07-13,96.42302703857422,20625128
2018-07-16,97.19551086425781,12543791
2018-07-17,97.47017669677734,14471569
2018-07-18,97.77916717529297,6125915
2018-07-19,98.12249755859375,7434390
2018-07-20,97.16118621826172,13966393
2018-07-23,94.91239166259766,23582642
2018-07-24,93.71075439453125,9224277
2018-07-25,94.31157684326172,6629507
2018-07-26,93.17860412597656,11554893
2018-07-27,94.24291229248047,4829553
2018-07-30,93.7794189453125,7272923
2018-07-31,94.89521789550781,7436176
2018-08-01,95.22139739990234,4219572
2018-08-02,95.82219696044922,8010016
2018-08-03,95.44454956054688,4362841
2018-08-06,95.1183853149414,4540062
2018-08-07,95.25572204589844,4592433
2018-08-08,95.6162109375,3821153
2018-08-09,95.68486785888672,6388521
2018-08-10,95.73637390136719,3598180
2018-08-13,96.766357421875,6481139
2018-08-14,97.86498260498047,5241916
2018-08-16,95.94237518310547,6015278
2018-08-17,96.14836120605469,7277246
2018-08-20,97.86498260498047,4291894
2018-08-21,99.20394897460938,16189619
2018-08-23,99.4786148071289,7277960
2018-08-24,100.30260467529297,11267031
2018-08-27,101.57292175292969,6811390
2018-08-28,101.4870834350586,4051198
2018-08-29,101.88191223144531,4285462
2018-08-30,102.6372299194336,9067763
2018-08-31,103.4268798828125,18087318
2018-09-03,105.8644790649414,68625769
2018-09-04,107.58110809326172,21828613
2018-09-05,109.46939849853516,30871477
2018-09-06,110.2762222290039,26924326
2018-09-07,111.47784423828125,22940730
2018-09-10,111.58086395263672,16966961
2018-09-11,111.22035217285156,12710847
2018-09-12,112.86833190917969,16704169
2018-09-14,113.36614227294922,11404741
2018-09-17,113.26314544677734,12352938
2018-09-18,114.1729507446289,7248678
2018-09-19,114.22447204589844,7797531
2018-09-21,115.08277130126953,17700584
2018-09-24,114.22447204589844,9975645
2018-09-25,112.71381378173828,9037680
2018-09-26,109.60672760009766,20972861
2018-09-27,109.50374603271484,47992758
2018-09-28,111.23753356933594,18433179
2018-10-01,113.3489761352539,10879266
2018-10-03,112.43917083740234,9550589
2018-10-04,111.80402374267578,12296495
2018-10-05,111.68384552001953,8937680
2018-10-08,109.00591278076172,9465389
2018-10-09,110.43072509765625,9932090
2018-10-10,108.47376251220703,9764277
2018-10-11,107.47811889648438,7138056
2018-10-12,108.59391784667969,8960733
2018-10-15,109.84705352783203,8342805
2018-10-16,109.5380630493164,8320912
2018-10-17,110.94569396972656,12641962
2018-10-19,110.94569396972656,7051648
2018-10-22,110.61955261230469,4842137
2018-10-23,106.12198638916016,10176672
2018-10-24,106.01898193359375,12479882
2018-10-25,109.36640930175781,37804166
2018-10-26,110.0702133178711,11805695
2018-10-29,113.12581634521484,6600369
2018-10-30,112.43917083740234,9880349
2018-10-31,113.70946502685547,8013245
2018-11-01,113.17733001708984,6681864
2018-11-02,109.31490325927734,9761930
2018-11-05,111.27186584472656,6810854
2018-11-06,111.54651641845703,6109153
2018-11-07,111.70101928710938,380109
2018-11-09,111.52935791015625,12329274
2018-11-12,111.01436614990234,6897542
2018-11-13,111.97567749023438,6101731
2018-11-14,111.42637634277344,4883777
2018-11-15,110.94569396972656,8942797
2018-11-16,111.99285888671875,7275846
2018-11-19,114.27595520019531,7513344
2018-11-20,110.31055450439453,6907315
2018-11-21,107.85577392578125,6943816
2018-11-22,105.43531799316406,8239488
2018-11-26,109.33206939697266,18657115
2018-11-27,107.13479614257812,11458234
2018-11-28,106.53396606445312,16926705
2018-11-29,108.11326599121094,7793384
2018-11-30,111.46070098876953,16991251
2018-12-03,112.69666290283203,7115262
2018-12-04,114.99694061279297,15925097
2018-12-05,115.51193237304688,10264210
2018-12-06,113.86396789550781,6232265
2018-12-07,114.43045806884766,9264269
2018-12-10,112.13016510009766,8528293
2018-12-11,112.61083984375,11795237
2018-12-12,113.31465148925781,7028448
2018-12-13,116.26725006103516,13728244
2018-12-14,114.36180114746094,12792082
2018-12-17,116.59341430664062,9162003
2018-12-18,115.0312728881836,9864405
2018-12-19,116.97106170654297,9978008
2018-12-20,114.41329193115234,6421739
2018-12-21,110.585205078125,26209361
2018-12-24,112.16451263427734,11285031
2018-12-26,111.97567749023438,6281385
2018-12-27,112.42200469970703,13527065
2018-12-28,113.31465148925781,5945206
2018-12-31,113.58930969238281,5696321
2019-01-01,112.1473617553711,4036542
2019-01-02,111.76969146728516,8822139
2019-01-03,111.75251770019531,9446080
2019-01-04,111.39200592041016,6414073
2019-01-07,111.32334899902344,5076276
2019-01-08,111.76969146728516,5559089
2019-01-09,112.95416259765625,10474346
2019-01-10,111.83834838867188,8265043
2019-01-11,112.85114288330078,4263836
2019-01-14,107.30644989013672,18435523
2019-01-15,113.22882843017578,40188776
2019-01-16,115.54627990722656,26390100
2019-01-17,115.15145111083984,14104487
2019-01-18,118.8421859741211,26911902
2019-01-21,115.97543334960938,41658250
2019-01-22,118.96234893798828,17817926
2019-01-23,120.69615173339844,26499796
2019-01-24,120.76480865478516,11281453
2019-01-25,121.34845733642578,13964137
2019-01-28,121.93213653564453,18399880
2019-01-29,123.73967742919922,12320260
2019-01-30,125.06521606445312,19757160
2019-01-31,127.11376953125,20517517
2019-02-01,127.92283630371094,8977608
2019-02-04,127.81958770751953,8383256
2019-02-05,126.85553741455078,6550401
2019-02-06,128.14663696289062,5811361
2019-02-07,128.628662109375,5982481
2019-02-08,128.31878662109375,3735809
2019-02-11,128.4392852783203,7927406
2019-02-12,129.11068725585938,7939320
2019-02-14,129.14511108398438,8199603
2019-02-15,129.48941040039062,9393792
2019-02-18,129.3172607421875,9280197
2019-02-19,125.13407135009766,8171619
2019-02-20,128.14663696289062,11761287
2019-02-21,128.95574951171875,6861558
2019-02-22,130.4017791748047,8519101
2019-02-25,132.69134521484375,12475916
2019-02-26,133.4660186767578,10140096
2019-02-27,128.9041290283203,21357373
2019-02-28,127.0104751586914,25142033
2019-03-01,129.35166931152344,18763773
2019-03-05,125.18572235107422,36042630
2019-03-06,127.36620330810547,43014120
2019-03-07,123.4183120727539,16200268
2019-03-08,118.29978942871094,54689738
2019-03-11,119.24085998535156,14708454
2019-03-12,119.97535705566406,12580708
2019-03-13,118.39159393310547,14439446
2019-03-14,117.90959167480469,8978946
2019-03-15,120.93939208984375,17440194
2019-03-18,118.2538833618164,11497228
2019-03-19,118.18502807617188,10103694
2019-03-20,120.06716918945312,12229124
2019-03-22,119.60810089111328,6396058
2019-03-25,117.74891662597656,6747924
2019-03-26,117.06031799316406,7701032
2019-03-27,116.85374450683594,6715462
2019-03-28,116.945556640625,14209672
2019-04-01,120.11307525634766,14133132
2019-04-02,120.11307525634766,7413134
2019-04-03,120.11307525634766,7538708
2019-04-04,118.91950988769531,12838396
2019-04-05,120.31965637207031,7229104
2019-04-08,121.05415344238281,7274928
2019-04-09,125.69064331054688,27982768
2019-04-10,128.99586486816406,37061332
2019-04-11,129.13360595703125,18883256
2019-04-12,130.09762573242188,11578108
2019-04-15,132.0716094970703,14134384
2019-04-16,128.9499969482422,40734118
2019-04-18,130.74032592773438,54851156
2019-04-22,132.32403564453125,16824108
2019-04-23,133.63243103027344,12355568
2019-04-24,134.52755737304688,18298138
2019-04-25,135.51455688476562,20781632
2019-04-26,135.33090209960938,12393102
2019-04-30,137.05238342285156,14679834
2019-05-02,134.802978515625,9078250
2019-05-03,133.54058837890625,14816616
2019-05-06,133.5176239013672,8608690
2019-05-07,134.89480590820312,8707688
2019-05-08,133.5176239013672,7904232
2019-05-09,133.60943603515625,7497994
2019-05-10,133.28810119628906,6133344
2019-05-13,132.71429443359375,8563900
2019-05-14,130.64849853515625,16740848
2019-05-15,129.91400146484375,8631244
2019-05-16,130.99281311035156,7191096
2019-05-17,131.4748077392578,6713562
2019-05-20,133.2421875,8366922
2019-05-21,131.70433044433594,5029334
2019-05-22,129.9599151611328,15300108
2019-05-23,129.54678344726562,9712568
2019-05-24,129.8681182861328,9855298
2019-05-27,128.766357421875,10900622
2019-05-28,129.8910369873047,88274856
2019-05-29,131.15347290039062,11011746
2019-05-30,132.20928955078125,23151914
2019-05-31,131.4748077392578,14648962
2019-06-03,133.7241973876953,11706676
2019-06-04,134.84889221191406,22163334
2019-06-06,133.81600952148438,17201760
2019-06-07,135.44566345214844,13569768
2019-06-10,136.3867645263672,14963786
2019-06-11,136.6621856689453,14468168
2019-06-12,136.79989624023438,12445080
2019-06-13,136.9835205078125,10004562
2019-06-14,137.16712951660156,15931606
2019-06-17,137.32781982421875,12357208
2019-06-18,136.79989624023438,16803584
2019-06-19,134.9866180419922,23805922
2019-06-20,131.727294921875,19120844
2019-06-21,131.2223358154297,12954516
2019-06-24,130.3271484375,6343478
2019-06-25,130.9698486328125,5619496
2019-06-26,131.3600311279297,4663538
2019-06-27,129.50088500976562,10178400
2019-06-28,128.766357421875,6298778
2019-07-01,129.4549560546875,3471842
2019-07-02,130.4878387451172,5218738
2019-07-03,129.84515380859375,2516552
2019-07-04,130.30419921875,3256662
2019-07-05,124.79548645019531,9170926
2019-07-08,122.52313232421875,7149570
2019-07-09,121.88044738769531,5240124
2019-07-10,122.54610443115234,5561126
2019-07-11,122.913330078125,5383786
2019-07-12,118.87361145019531,15190556
2019-07-15,119.30970764160156,9494898
2019-07-16,119.35562133789062,9723314
2019-07-17,119.17200469970703,11637538
2019-07-18,123.53306579589844,42054706
2019-07-19,121.5132064819336,8459390
2019-07-22,121.55909729003906,8839780
2019-07-23,121.42137145996094,9361236
2019-07-24,121.28367614746094,4498944
2019-07-25,120.38850402832031,9982362
2019-07-26,121.00823974609375,5438744
2019-07-29,120.45735931396484,5764526
2019-07-30,120.41144561767578,4830174
2019-07-31,121.78862762451172,5698432
2019-08-01,124.12984466552734,35302414
2019-08-02,121.03118896484375,9957332
2019-08-05,120.27373504638672,7665468
2019-08-06,118.85066223144531,7906452
2019-08-07,120.52620697021484,7992066
2019-08-08,121.9952163696289,7250870
2019-08-09,120.96233367919922,7060998
2019-08-13,118.66703796386719,4380900
2019-08-14,115.24703216552734,8706726
2019-08-16,114.39776611328125,9944870
2019-08-19,115.72904968261719,5540152
2019-08-20,116.27991485595703,15930242
2019-08-21,115.86676025390625,6826530
2019-08-22,115.70609283447266,6739804
2019-08-23,115.40769958496094,9793938
2019-08-26,114.35186767578125,6529420
2019-08-27,114.8109359741211,8045102
2019-08-28,114.42072296142578,5363314
2019-08-29,114.21414947509766,5438102
2019-08-30,116.7848892211914,8368026
2019-09-03,116.44058227539062,4411118
2019-09-04,117.54232788085938,6606662
2019-09-05,117.33576202392578,8811234
2019-09-06,115.68314361572266,22872104
2019-09-09,117.33576202392578,11581912
2019-09-11,113.91575622558594,19598224
2019-09-12,112.26315307617188,9329514
2019-09-13,112.63040161132812,7620240
2019-09-16,113.43374633789062,7950382
2019-09-17,112.07951354980469,6329530
2019-09-18,112.14839172363281,5052560
2019-09-19,110.8630142211914,5137674
2019-09-20,112.90583038330078,12392500
2019-09-23,109.87603759765625,13553962
2019-09-24,110.49575805664062,11536662
2019-09-25,109.62354278564453,7209996
2019-09-26,108.84314727783203,10777480
2019-09-27,108.6136245727539,6383350
2019-09-30,110.08261108398438,6597906
2019-10-01,107.19053649902344,8754660
2019-10-03,108.26931762695312,9570460
2019-10-04,109.11857604980469,5951042
2019-10-07,108.8201904296875,4447336
2019-10-09,109.14153289794922,4556276
2019-10-10,109.80717468261719,4135724
2019-10-11,109.92194366455078,5316578
2019-10-14,111.7581787109375,7184274
2019-10-15,111.8499984741211,17103786
2019-10-16,114.26005554199219,32571658
2019-10-17,113.77804565429688,10324480
2019-10-18,114.26005554199219,5528778
2019-10-22,116.39468383789062,12546576
2019-10-23,116.76193237304688,5348508
2019-10-24,114.5813980102539,7834196
2019-10-25,116.14219665527344,6530578
2019-10-27,116.44058227539062,630698
2019-10-29,117.15214538574219,6382884
2019-10-30,116.945556640625,8119090
2019-10-31,119.03428649902344,6992524
2019-11-01,118.71295166015625,5061842
2019-11-04,117.79483032226562,3841070
2019-11-05,118.66703796386719,3169448
2019-11-06,117.90959167480469,3255238
2019-11-07,119.1949462890625,4253934
2019-11-08,117.7030029296875,3079708
2019-11-11,117.72595977783203,3804758
2019-11-13,116.18810272216797,3722946
2019-11-14,116.02742767333984,5796412
2019-11-15,115.93562316894531,2425834
2019-11-18,114.51254272460938,5756874
2019-11-19,114.94864654541016,4061312
2019-11-20,114.26005554199219,2988298
2019-11-21,113.64033508300781,3488196
2019-11-22,111.59750366210938,8183112
2019-11-25,111.55158996582031,3782394
2019-11-26,109.04971313476562,15380804
2019-11-27,110.19738006591797,3894494
2019-11-28,110.08261108398438,3198740
2019-11-29,109.11857604980469,5333922
2019-12-02,109.53172302246094,7259920
2019-12-03,108.70542907714844,5730370
2019-12-04,111.18435668945312,6671932
2019-12-05,111.87293243408203,5226290
2019-12-06,110.63347625732422,2735116
2019-12-09,110.3580322265625,2414590
2019-12-10,109.32514953613281,4411226
2019-12-11,110.19738006591797,4775320
2019-12-12,109.92194366455078,2811896
2019-12-13,111.94181060791016,8623666
2019-12-16,111.6204605102539,5685154
2019-12-17,112.3549575805664,4422758
2019-12-18,113.984619140625,10598214
2019-12-19,114.39776611328125,4968422
2019-12-20,115.5913314819336,10423252
2019-12-23,116.53240966796875,3701304
2019-12-24,115.79789733886719,3088960
2019-12-26,114.90274047851562,4052868
2019-12-27,113.64033508300781,5022240
2019-12-30,114.28302001953125,4333614
2019-12-31,112.83695983886719,4329828
2020-01-01,113.70917510986328,2827732
2020-01-02,113.984619140625,2887932
2020-01-03,115.2699966430664,6762808
2020-01-06,115.75199127197266,9133390
2020-01-07,117.15214538574219,8805574
2020-01-08,116.96852111816406,5588820
2020-01-09,116.44058227539062,4990046
2020-01-10,115.56837463378906,4113154
2020-01-13,116.96852111816406,13927198
2020-01-14,118.07025909423828,14593554
2020-01-15,113.961669921875,20280902
2020-01-16,114.97159576416016,17623672
2020-01-17,115.2699966430664,8281636
2020-01-20,113.8469009399414,3817166
2020-01-21,113.43374633789062,3015884
2020-01-22,112.85991668701172,6800848
2020-01-23,114.1682357788086,3393088
2020-01-24,114.12216186523438,3421554
2020-01-27,113.0851058959961,3306994
2020-01-28,112.48590850830078,4272362
2020-01-29,113.73037719726562,4009378
2020-01-30,110.94184875488281,4294930
2020-01-31,109.144287109375,11107276
2020-02-03,109.42082977294922,8463660
2020-02-04,110.73445892333984,6329512
2020-02-05,111.6562728881836,7751206
2020-02-06,112.30155181884766,6112396
2020-02-07,112.4398193359375,5519024
2020-02-10,111.0340347290039,4517992
2020-02-11,111.19535827636719,5460620
2020-02-12,112.67028045654297,6838800
2020-02-13,112.34764099121094,4829910
2020-02-14,111.95585632324219,3619586
2020-02-17,112.37068176269531,2035556
2020-02-18,112.48590850830078,2505274
2020-02-19,114.12216186523438,3570768
2020-02-20,113.24642181396484,4241614
2020-02-24,112.55504608154297,7043950
2020-02-25,112.50894927978516,5059572
2020-02-26,110.57312774658203,7988388
2020-02-27,106.74754333496094,9733628
2020-02-28,102.06926727294922,11274618
2020-03-02,101.7696762084961,11532350
2020-03-03,103.10631561279297,10346226
2020-03-04,105.48002624511719,9036356
2020-03-05,105.87181091308594,5941556
2020-03-06,103.03719329833984,5868566
2020-03-09,98.81982421875,17462228
2020-03-11,98.22064208984375,12270332
2020-03-12,91.76786804199219,10764010
2020-03-13,90.98429107666016,13043196
2020-03-16,82.84917449951172,11201148
2020-03-17,79.78411865234375,12175374
2020-03-18,78.33222961425781,12733198
2020-03-19,74.82929229736328,11980172
2020-03-20,82.59567260742188,20319490
2020-03-23,78.42440795898438,10720786
2020-03-24,81.28207397460938,12061562
2020-03-25,80.4985122680664,13456292
2020-03-26,84.16278839111328,10247690
2020-03-27,84.57760620117188,13535120
2020-03-30,84.87720489501953,7334804
2020-03-31,90.66165924072266,10615252
2020-04-01,87.34309387207031,9875668
2020-04-03,82.96440887451172,13147474
2020-04-07,88.44926452636719,9562862
2020-04-08,88.9101791381836,10275308
2020-04-09,90.66165924072266,6930346
2020-04-13,87.20480346679688,12384376
2020-04-15,85.9833984375,22652006
2020-04-16,86.58258056640625,43380846
2020-04-17,86.19080352783203,13212894
2020-04-20,83.4714126586914,16203026
2020-04-21,82.06562042236328,18086618
2020-04-22,82.29608917236328,10621898
2020-04-23,83.37923431396484,11104460
2020-04-24,81.92735290527344,9282278
2020-04-27,83.9092788696289,18283250
2020-04-28,82.82612609863281,13329834
2020-04-29,83.26399230957031,10060582
2020-04-30,88.01141357421875,17667854
2020-05-04,87.59658813476562,17140740
2020-05-05,84.9002456665039,13864778
2020-05-06,86.21385192871094,10885580
2020-05-07,84.85416412353516,11402138
2020-05-08,84.80806732177734,8227344
2020-05-11,85.13070678710938,8787666
2020-05-12,86.21385192871094,7030818
2020-05-13,87.43525695800781,10560968
2020-05-14,85.72988891601562,10324394
2020-05-15,84.71587371826172,6849030
2020-05-18,83.97843170166016,14454486
2020-05-19,84.99243927001953,11486668
2020-05-20,85.24593353271484,15415706
2020-05-21,87.15872192382812,14258230
2020-05-22,87.11262512207031,9177652
2020-05-26,87.02045440673828,11822268
2020-05-27,92.75881958007812,36165936
2020-05-28,91.88308715820312,24695246
2020-05-29,98.08235931396484,61260422
2020-06-01,99.11942291259766,26749248
2020-06-02,99.4881591796875,12812554
2020-06-03,97.41404724121094,16844202
2020-06-04,99.67251586914062,14794936
2020-06-05,100.82481384277344,14491168
2020-06-08,104.37383270263672,24427392
2020-06-09,100.64044189453125,15690504
2020-06-10,100.01819610595703,14787292
2020-06-11,98.12845611572266,12497490
2020-06-12,95.82389831542969,12418688
2020-06-15,98.54327392578125,28511450
2020-06-16,97.89799499511719,15921712
2020-06-17,100.38692474365234,27938908
2020-06-18,100.54825592041016,12408426
2020-06-19,102.34581756591797,22447354
2020-06-22,100.5021743774414,12961806
2020-06-23,101.677490234375,14850298
2020-06-24,100.5712890625,16492172
2020-06-25,100.5712890625,10193692
2020-06-26,103.91291809082031,38389012
2020-06-29,101.2626724243164,13374148
2020-06-30,101.2396240234375,11001386
2020-07-01,100.96308898925781,7905234
2020-07-02,103.33677673339844,14359882
2020-07-03,103.61333465576172,10838912
2020-07-06,102.62236785888672,15175628
2020-07-07,103.659423828125,18235138
2020-07-08,102.82977294921875,14152368
2020-07-09,102.1384048461914,13417996
2020-07-10,102.36885833740234,9097518
2020-07-13,104.90389251708984,24694620
2020-07-14,103.70550537109375,27877134
2020-07-15,121.10499572753906,260735176
2020-07-16,120.71321105957031,104555854
2020-07-17,120.459716796875,37713024
2020-07-20,124.81533813476562,42789980
2020-07-21,125.06886291503906,65998100
2020-07-22,122.60295867919922,25167708
2020-07-23,122.87952423095703,20736656
2020-07-24,124.70011901855469,44244246
2020-07-27,123.91657257080078,27980494
2020-07-28,126.9586181640625,28087614
2020-07-29,127.67301177978516,21567278
2020-07-30,130.9454803466797,51694590
2020-07-31,129.49362182617188,33401320
2020-08-03,129.77015686035156,17817526
2020-08-04,129.53970336914062,16239042
2020-08-05,128.2261199951172,14690906
2020-08-06,128.89442443847656,20305210
2020-08-07,127.85736846923828,14642400
2020-08-10,127.85736846923828,12621492
2020-08-11,128.89442443847656,20157816
2020-08-12,127.30428314208984,17807334
2020-08-13,127.67301177978516,19307912
2020-08-14,127.44256591796875,13163422
2020-08-17,129.9545135498047,29094008
2020-08-18,130.30023193359375,24108414
2020-08-19,128.94052124023438,18745042
2020-08-20,126.38243103027344,19783530
2020-08-21,125.99067687988281,15939272
2020-08-24,125.69108581542969,12309628
2020-08-25,124.42359161376953,15592276
2020-08-26,125.3914794921875,19265334
2020-08-27,125.5297622680664,12380336
2020-08-28,125.3914794921875,15199568
2020-08-31,125.04580688476562,41141934
2020-09-01,125.18408203125,24586106
2020-09-02,126.15199279785156,16863810
2020-09-03,130.36935424804688,49790330
2020-09-04,127.21209716796875,21415428
2020-09-07,128.47959899902344,16651534
2020-09-08,130.23106384277344,44589722
2020-09-09,130.36935424804688,45588720
2020-09-10,131.15289306640625,19035804
2020-09-11,135.1858673095703,83871852
2020-09-14,141.5926055908203,76179084
2020-09-15,141.66171264648438,56312624
2020-09-16,143.8740997314453,29986974
2020-09-17,143.6667022705078,53623304
2020-09-18,145.8790740966797,36975462
2020-09-21,143.7588653564453,45477692
2020-09-22,143.92019653320312,47020668
2020-09-23,145.1185760498047,44278872
2020-09-24,140.44032287597656,35838302
2020-09-25,144.6807098388672,44013790
2020-09-28,143.59756469726562,24921524
2020-09-29,143.57452392578125,29660738
2020-09-30,144.51937866210938,24786634
2020-10-01,144.28892517089844,18514618
2020-10-05,153.92201232910156,77811262
2020-10-06,152.12445068359375,55159848
2020-10-07,154.54425048828125,35479916
2020-10-08,165.6753387451172,214540492
2020-10-09,172.38160705566406,110861504
2020-10-12,173.99481201171875,105931918
2020-10-13,173.28038024902344,72176286
2020-10-14,161.52711486816406,148263902
2020-10-15,157.447998046875,77922358
2020-10-16,156.54920959472656,50488458
2020-10-19,158.1854705810547,25693748
2020-10-20,159.8217010498047,33993548
2020-10-21,158.30067443847656,19934922
2020-10-22,158.76161193847656,19082496
2020-10-23,157.81674194335938,17346096
2020-10-26,156.61834716796875,17390338
2020-10-27,153.96812438964844,19821156
2020-10-28,154.70559692382812,17969178
2020-10-29,155.53521728515625,14479922
2020-10-30,157.03321838378906,22991068
2020-11-02,154.3137969970703,9662266
2020-11-03,154.70559692382812,9515596
2020-11-04,158.07025146484375,30763800
2020-11-05,159.19949340820312,11204872
2020-11-06,159.36080932617188,10915586
2020-11-09,162.21849060058594,14214570
2020-11-10,157.77066040039062,18099240
2020-11-11,159.8217010498047,15275758
2020-11-12,159.26861572265625,10228848
2020-11-13,158.62332153320312,9455776
2020-11-14,159.22251892089844,1498484
2020-11-17,160.72048950195312,13307668
2020-11-18,159.1533966064453,14815616
2020-11-19,157.908935546875,22113702
2020-11-20,159.61431884765625,12362786
2020-11-23,164.0160369873047,20666694
2020-11-24,163.85470581054688,20184882
2020-11-25,161.31968688964844,13624676
2020-11-26,163.5551300048828,14732740
2020-11-27,161.5501251220703,24804168
2020-12-01,162.63328552246094,21387134
2020-12-02,165.4217987060547,18868154
2020-12-03,166.06707763671875,21394090
2020-12-04,166.2975311279297,14854786
2020-12-07,165.2144012451172,16784766
2020-12-08,167.63421630859375,23626602
2020-12-09,165.69834899902344,36275376
2020-12-10,164.0390625,13794794
2020-12-11,162.932861328125,11727232
2020-12-14,161.0200958251953,23003678
2020-12-15,162.56414794921875,14463562
2020-12-16,165.19134521484375,13332544
2020-12-17,164.49996948242188,8330742
2020-12-18,167.5650634765625,34796162
2020-12-21,163.1403045654297,19330126
2020-12-22,167.86468505859375,16372078
2020-12-23,177.70513916015625,89748866
2020-12-24,176.16111755371094,24480344
2020-12-28,176.48373413085938,9451758
2020-12-29,177.45164489746094,22918252
2020-12-30,177.1750946044922,14376870
2020-12-31,178.0277862548828,12789210
2021-01-01,178.8804931640625,10084672
2021-01-04,182.70608520507812,19511442
2021-01-05,187.26910400390625,50313494
2021-01-06,187.31520080566406,44972600
2021-01-07,187.47653198242188,24689510
2021-01-08,198.28492736816406,81986460
2021-01-11,205.93609619140625,94668036
2021-01-12,210.96005249023438,44268930
2021-01-13,211.55923461914062,58380386
2021-01-14,209.41598510742188,143103614
2021-01-15,202.1335906982422,50615558
2021-01-18,198.9071502685547,43021174
2021-01-19,198.30799865722656,31355580
2021-01-20,205.08338928222656,48839358
2021-01-21,205.4751739501953,31822754
2021-01-22,205.45208740234375,22797624
2021-01-25,201.98745727539062,14760338
2021-01-27,206.23741149902344,59180420
2021-01-28,199.5160369873047,29624870
2021-01-29,193.04873657226562,31264842
2021-02-01,194.71176147460938,30163704
2021-02-02,197.87612915039062,26620996
2021-02-03,200.2551727294922,19795332
2021-02-04,198.59213256835938,14386598
2021-02-05,196.58262634277344,17358052
2021-02-08,201.08665466308594,25032680
2021-02-09,202.9575653076172,58949660
2021-02-10,202.79586791992188,21215470
2021-02-11,201.87197875976562,18474052
2021-02-12,204.1817169189453,38561668
2021-02-15,203.11924743652344,15689754
2021-02-16,202.1260528564453,24907596
2021-02-17,198.73072814941406,14780384
2021-02-18,200.00108337402344,16771472
2021-02-19,198.61524963378906,16957332
2021-02-22,193.41830444335938,21332174
2021-02-23,191.9400634765625,17984706
2021-02-24,195.45086669921875,10120594
2021-02-25,194.61936950683594,18220784
2021-02-26,189.5379180908203,23463882
2021-03-01,191.43191528320312,12843392
2021-03-02,198.8231201171875,29750468
2021-03-03,201.17904663085938,17564904
2021-03-04,202.7034912109375,25927594
2021-03-05,194.41151428222656,87862344
2021-03-08,192.5867919921875,24709676
2021-03-09,193.6492919921875,23811258
2021-03-10,197.1138916015625,34582736
2021-03-12,196.4209747314453,17920252
2021-03-15,196.9522247314453,15034204
2021-03-16,198.31495666503906,21347294
2021-03-17,193.85714721679688,24269624
2021-03-18,189.46861267089844,20165862
2021-03-19,189.6303253173828,33750804
2021-03-22,191.45504760742188,13245968
2021-03-23,191.9400634765625,23150388
2021-03-24,189.8612823486328,10280694
2021-03-25,184.61817932128906,25474258
2021-03-26,186.58145141601562,18066738
2021-03-30,193.1411590576172,26339126
2021-03-31,191.31640625,14890268
2021-04-01,192.35581970214844,15193886
2021-04-05,196.53646850585938,42432790
2021-04-06,197.32177734375,16641040
2021-04-07,202.33392333984375,27735300
2021-04-08,204.2279052734375,25833228
2021-04-09,207.9235382080078,23398770
2021-04-12,199.83938598632812,30172534
2021-04-13,193.53379821777344,40840640
2021-04-15,198.96168518066406,53517782
2021-04-16,216.7467498779297,218723272
2021-04-19,218.3866729736328,87619710
2021-04-20,217.1625213623047,35461382
2021-04-22,224.80776977539062,85241858
2021-04-23,219.7494354248047,27192006
2021-04-26,221.87440490722656,18629288
2021-04-27,224.0686492919922,14418934
2021-04-28,226.03195190429688,19231068
2021-04-29,226.2860107421875,15282266
2021-04-30,227.62567138671875,58231142
2021-05-03,225.1311492919922,17199462
2021-05-04,222.63661193847656,16204858
2021-05-05,226.63247680664062,23713182
2021-05-06,236.6567840576172,48827088
2021-05-07,238.01953125,29333162
2021-05-10,242.96241760253906,25088944
2021-05-11,239.4746856689453,15298998
2021-05-12,234.4856414794922,15742214
2021-05-14,230.2587890625,13599758
2021-05-17,230.88243103027344,11505300
2021-05-18,234.6934814453125,18761492
2021-05-19,236.35650634765625,14980792
2021-05-20,234.78587341308594,12584608
2021-05-21,236.84156799316406,10395006
2021-05-24,237.8578643798828,14873624
2021-05-25,239.08201599121094,15909128
2021-05-26,243.56292724609375,17646380
2021-05-27,249.86854553222656,58822252
2021-05-28,248.85226440429688,11757252
2021-05-31,249.01393127441406,10772410
2021-06-01,250.74624633789062,11930088
2021-06-02,250.83863830566406,9427136
2021-06-03,249.01393127441406,11275982
2021-06-04,250.0071258544922,9543432
2021-06-07,253.26390075683594,8696866
2021-06-08,254.34945678710938,10859468
2021-06-09,251.39295959472656,12413798
2021-06-10,256.0355529785156,11441488
2021-06-11,256.05865478515625,11224718
2021-06-14,259.430908203125,11904318
2021-06-15,257.7217102050781,7674490
2021-06-16,256.49749755859375,10994538
2021-06-17,258.0912170410156,8798696
2021-06-18,253.9798583984375,20014232
2021-06-21,250.4459686279297,10781642
2021-06-22,257.0980529785156,11505842
2021-06-23,249.5220947265625,22485404
2021-06-24,253.63343811035156,17337360
2021-06-25,252.9174346923828,10079644
2021-06-28,252.87124633789062,6519660
2021-06-29,250.6538543701172,15855760
2021-06-30,252.06277465820312,8586644
2021-07-01,249.15252685546875,8658748
2021-07-02,248.80604553222656,8314614
2021-07-05,247.7666473388672,6878338
2021-07-06,246.0343475341797,8386882
2021-07-07,245.8264923095703,10755374
2021-07-08,245.2952423095703,9131020
2021-07-09,242.8931121826172,11449216
2021-07-12,242.9162139892578,7731112
2021-07-13,242.45423889160156,8344716
2021-07-14,259.4770812988281,58696166
2021-07-15,266.03680419921875,62132402
2021-07-16,266.8913879394531,73815654
2021-07-19,265.066650390625,21715702
2021-07-20,262.4335632324219,21047054
2021-07-22,269.8709411621094,24086770
2021-07-23,276.777099609375,28114910
2021-07-26,272.75811767578125,12199806
2021-07-27,273.2200622558594,7966274
2021-07-28,273.4510498046875,9147860
2021-07-29,272.75811767578125,11668940
2021-07-30,271.23370361328125,6356412
2021-08-02,273.5896911621094,9247796
2021-08-03,276.89263916015625,10331214
2021-08-04,275.6914978027344,9018712
2021-08-05,277.5855407714844,22588728
2021-08-06,276.2458801269531,10540400
2021-08-09,275.6914978027344,9293502
2021-08-10,278.94830322265625,14055564
2021-08-11,277.7471618652344,8565026
2021-08-12,279.8721618652344,7905016
2021-08-13,284.33001708984375,16729368
2021-08-16,283.6601867675781,7144852
2021-08-17,293.2918395996094,23645544
2021-08-18,290.7510986328125,13847154
2021-08-20,286.43182373046875,12341386
2021-08-23,290.49700927734375,14072750
2021-08-24,292.66815185546875,8967436
2021-08-25,291.7904968261719,12815436
2021-08-26,290.5431823730469,8416702
2021-08-27,293.3149108886719,8743108
2021-08-30,292.1600341796875,8743710
2021-08-31,296.0866394042969,15591816
2021-09-01,296.5947570800781,9450444
2021-09-02,300.93707275390625,9077556
2021-09-03,302.6231689453125,7549940
2021-09-06,317.1053161621094,24676832
2021-09-07,311.469482421875,12812218
2021-09-08,305.9030456542969,13432462
2021-09-09,305.9723205566406,11611460
2021-09-13,309.85272216796875,11177578
2021-09-14,311.0999450683594,7322676
2021-09-15,311.3771057128906,8290832
2021-09-16,308.5130615234375,9315692
2021-09-17,307.3119201660156,10815562
2021-09-20,306.0416564941406,9092860
2021-09-21,308.39752197265625,7367102
2021-09-22,308.6516418457031,9583304
2021-09-23,311.49261474609375,6462586
2021-09-24,312.5088806152344,24253176
2021-09-27,302.0688781738281,16798164
2021-09-28,295.46295166015625,16224924
2021-09-29,295.99420166015625,17679132
2021-09-30,292.92218017578125,12027918
2021-10-01,293.9154357910156,8417708
2021-10-04,296.1328125,10494244
2021-10-05,298.81207275390625,10912148
2021-10-06,293.6844482421875,9673198
2021-10-07,297.01055908203125,7448686
2021-10-08,305.41796875,22091966
2021-10-11,301.5606994628906,20422932
2021-10-12,304.47100830078125,18680432
2021-10-13,310.707275390625,18925882
2021-10-14,327.17584228515625,118377606
2021-10-18,327.8687438964844,21198892
2021-10-19,328.70025634765625,21865148
2021-10-20,324.26556396484375,16108782
2021-10-21,321.655517578125,15916912
2021-10-22,315.23443603515625,10758302
2021-10-25,308.4437561035156,17621916
2021-10-26,308.6516418457031,12193966
2021-10-27,310.01434326171875,12631178
2021-10-28,303.4547119140625,10357542
2021-10-29,298.76593017578125,13522634
2021-11-01,302.7848815917969,8802466
2021-11-02,302.022705078125,8079378
2021-11-03,301.4220886230469,6871182
2021-11-04,301.9764709472656,1565810
2021-11-08,304.12451171875,9504460
2021-11-09,304.1707458496094,8284130
2021-11-10,301.4682922363281,8091390
2021-11-11,296.4792175292969,12067796
2021-11-12,304.9098815917969,12126506
2021-11-15,304.37860107421875,9435996
2021-11-16,305.5565490722656,11327094
2021-11-17,305.71826171875,8854994
2021-11-18,300.93707275390625,7842498
2021-11-22,297.51861572265625,11582434
2021-11-23,296.941162109375,9134924
2021-11-24,294.0309143066406,7985552
2021-11-25,294.12335205078125,6661362
2021-11-26,287.0785827636719,8277074
2021-11-29,291.305419921875,10376060
2021-11-30,294.3774108886719,26850200
2021-12-01,293.2456359863281,9453644
2021-12-02,298.78900146484375,10210456
2021-12-03,295.99420166015625,13405010
2021-12-06,288.487548828125,9409906
2021-12-07,292.1369323730469,8557090
2021-12-08,296.4330749511719,15360658
2021-12-09,297.1259460449219,6865604
2021-12-10,294.8393249511719,8525212
2021-12-13,298.142333984375,13123680
2021-12-14,298.835205078125,8609412
2021-12-15,293.9847412109375,7123544
2021-12-16,297.6341247558594,12437240
2021-12-17,309.87579345703125,104600018
2021-12-20,307.6353454589844,26298202
2021-12-21,319.1147766113281,27362096
2021-12-22,316.7357482910156,12327754
2021-12-23,320.84710693359375,12944908
2021-12-24,322.6487121582031,13182426
2021-12-27,323.1799621582031,10188656
2021-12-28,325.8823547363281,10158044
2021-12-29,325.0739440917969,7898416
2021-12-30,329.8782043457031,18087350
2021-12-31,330.45562744140625,8549558
2022-01-03,332.00323486328125,9280810
2022-01-04,333.296630859375,10228800
2022-01-05,329.60101318359375,14711264
2022-01-06,326.02093505859375,12883220
2022-01-07,328.6771545410156,13120326
2022-01-10,320.3620300292969,27537820
2022-01-11,320.66229248046875,15487458
2022-01-12,319.36883544921875,23460682
2022-01-13,300.1517639160156,61505934
2022-01-14,295.5553283691406,26514548
2022-01-17,298.7197265625,20457876
2022-01-18,292.5527038574219,14329980
2022-01-19,286.9400329589844,17382766
2022-01-20,284.1913757324219,16827124
2022-01-21,279.9576721191406,19646694
2022-01-24,265.01239013671875,26150716
2022-01-25,260.3622741699219,34712370
2022-01-27,252.0567626953125,31351744
2022-01-28,255.48072814941406,29899780
2022-01-31,264.9429626464844,26252174
2022-02-01,266.8169250488281,20920202
2022-02-02,272.0686340332031,16368826
2022-02-03,267.5572814941406,14082780
2022-02-04,264.5497131347656,13633558
2022-02-07,257.724853515625,15091358
2022-02-08,259.2286071777344,13953814
2022-02-09,263.254150390625,10207476
2022-02-10,265.4288635253906,11603824
2022-02-11,259.78387451171875,15442458
2022-02-14,250.64553833007812,16241546
2022-02-15,260.6629943847656,13676992
2022-02-16,260.91748046875,14607822
2022-02-17,261.3802185058594,14228840
2022-02-18,260.24658203125,13411838
2022-02-21,264.11016845703125,17534002
2022-02-22,261.033203125,21490124
2022-02-23,262.3981628417969,14408512
2022-02-24,248.540283203125,26953888
2022-02-25,256.9151306152344,15922624
2022-02-28,257.16961669921875,18316874
2022-03-02,256.8920593261719,16354110
2022-03-03,263.5317687988281,25911326
2022-03-04,266.19232177734375,26948372
2022-03-07,264.5959777832031,21112334
2022-03-08,271.8141174316406,22039998
2022-03-09,270.9118347167969,23527232
2022-03-10,272.18426513671875,16161966
2022-03-11,271.2357482910156,9927188
2022-03-14,276.7650146484375,15006442
2022-03-15,271.9297790527344,13853244
2022-03-16,276.8113098144531,11150296
2022-03-17,278.17626953125,16881290
2022-03-21,277.6210632324219,15592952
2022-03-22,282.2711486816406,15580500
2022-03-23,282.80328369140625,11393836
2022-03-24,282.50250244140625,7751490
2022-03-25,279.1711120605469,11986194
2022-03-28,277.713623046875,11476810
2022-03-29,278.77783203125,9402006
2022-03-30,277.9912109375,15488764
2022-03-31,273.8731689453125,14476178
2022-04-01,278.4538879394531,8567994
2022-04-04,280.2121276855469,8855948
2022-04-05,279.5356750488281,12862488
2022-04-06,276.9229736328125,8235902
2022-04-07,270.9977111816406,15721530
2022-04-08,272.3041076660156,8636632
2022-04-11,266.4488220214844,17164216
2022-04-12,260.6635437011719,16338532
2022-04-13,260.8968505859375,11204576
2022-04-18,251.2858123779297,18930062
2022-04-19,247.48341369628906,13286008
2022-04-20,250.3060760498047,8660976
2022-04-21,251.5657501220703,13388782
2022-04-22,250.8659210205078,9782424
2022-04-25,246.97019958496094,9473768
2022-04-26,246.9235382080078,8718740
2022-04-27,242.11805725097656,16275078
2022-04-28,243.79762268066406,13241338
2022-04-29,237.3825225830078,24151260
2022-05-02,230.944091796875,43822854
2022-05-04,229.4277801513672,17267854
2022-05-05,233.81338500976562,10869532
2022-05-06,226.32521057128906,18441782
2022-05-09,225.4154052734375,16675250
2022-05-10,222.849365234375,14969534
2022-05-11,220.1667022705078,21029342
2022-05-12,221.05313110351562,14573000
2022-05-13,218.65037536621094,16775318
2022-05-16,218.3471221923828,7314066
2022-05-17,227.04835510253906,11321450
2022-05-18,224.5289764404297,15390968
2022-05-19,210.48568725585938,22945978
2022-05-20,214.42807006835938,12731912
2022-05-23,217.41403198242188,14111568
2022-05-24,214.59140014648438,13779460
2022-05-25,207.54641723632812,15481506
2022-05-26,211.51214599609375,11583082
2022-05-27,217.8572540283203,11414472
2022-05-30,222.19619750976562,12291148
2022-05-31,223.03599548339844,31587004
2022-06-01,219.6301727294922,10514566
2022-06-02,221.2164306640625,10535040
2022-06-03,221.84629821777344,23269778
2022-06-06,220.77322387695312,13791156
2022-06-07,218.183837890625,4701342
2022-06-08,219.46685791015625,5627652
2022-06-09,221.63632202148438,7402238
2022-06-10,215.0579376220703,17453098
2022-06-13,208.12960815429688,14130822
2022-06-14,208.0363006591797,13056384
2022-06-15,205.33029174804688,11391596
2022-06-16,197.02561950683594,17944686
2022-06-17,189.04757690429688,41550546
2022-06-20,193.4564971923828,20750838
2022-06-21,198.3553009033203,12187804
2022-06-22,191.87020874023438,16202862
2022-06-23,195.50933837890625,19655010
2022-06-24,195.36935424804688,15362102
2022-06-27,198.23866271972656,12447870
2022-06-28,199.33506774902344,12091828
2022-06-29,196.30247497558594,16684176
2022-06-30,194.1096649169922,12123284
2022-07-01,196.8856658935547,8907248
2022-07-04,196.09251403808594,6372716
2022-07-05,192.96661376953125,11513210
2022-07-06,194.1096649169922,10522910
2022-07-07,196.3258056640625,10706024
2022-07-08,195.5326690673828,9535432
2022-07-11,191.84689331054688,16689574
2022-07-12,190.89044189453125,9777472
2022-07-13,189.7473907470703,11956780
2022-07-14,187.29800415039062,13161242
2022-07-15,183.75218200683594,22328354
2022-07-18,188.83761596679688,13632394
2022-07-19,189.25750732421875,12897178
2022-07-20,192.2667694091797,25237412
2022-07-21,193.15321350097656,45382342
2022-07-22,191.68357849121094,15468542
2022-07-25,193.5264892578125,12535662
2022-07-26,189.04757690429688,15186298
2022-07-27,189.7240753173828,14084158
2022-07-28,194.08633422851562,15898464
2022-07-29,197.67881774902344,15919784
2022-08-01,200.1515655517578,10365748
2022-08-02,200.4314727783203,16912426
2022-08-03,201.71449279785156,12034938
2022-08-04,203.18414306640625,17789134
2022-08-05,205.2836456298828,12967586
2022-08-08,203.34744262695312,9557496
2022-08-10,200.68807983398438,11329742
2022-08-11,204.56048583984375,9154644
2022-08-12,203.46408081054688,7092398
2022-08-16,203.9306182861328,4774208
2022-08-17,206.7066192626953,10401476
2022-08-18,202.97418212890625,16888260
2022-08-19,201.7611541748047,17253908
2022-08-22,195.9525604248047,12900580
2022-08-23,194.3896026611328,17028776
2022-08-24,194.1563262939453,7429170
2022-08-25,193.71311950683594,8753902
2022-08-26,194.66952514648438,7904194
2022-08-29,188.65098571777344,23519514
2022-08-30,192.9432830810547,19750992
2022-09-01,191.4969940185547,11778706
2022-09-02,190.2139434814453,9815080
2022-09-05,189.18753051757812,18018508
2022-09-06,188.6976318359375,18226162
2022-09-07,190.09730529785156,12248532
2022-09-08,192.59336853027344,14064948
2022-09-09,194.62286376953125,14671342
2022-09-12,196.8856658935547,11678424
2022-09-13,197.18893432617188,9408334
2022-09-14,194.22630310058594,17583964
2022-09-15,193.64312744140625,10640314
2022-09-16,187.39129638671875,20192486
2022-09-19,187.53126525878906,13584188
2022-09-20,188.9075927734375,8989822
2022-09-21,186.97140502929688,19290112
2022-09-22,185.6650390625,16500324
2022-09-23,183.98545837402344,13966710
2022-09-26,184.1953887939453,18994144
2022-09-27,185.875,12454694
2022-09-28,185.71168518066406,8921590
2022-09-29,183.26229858398438,11883068
2022-09-30,183.9387969970703,13570530
2022-10-03,184.05543518066406,8140834
2022-10-04,189.18753051757812,12591696
2022-10-06,191.3570098876953,11203878
2022-10-07,190.40057373046875,7580186
2022-10-10,191.8935546875,18714926
2022-10-11,188.67430114746094,22723292
2022-10-12,190.33059692382812,12610118
2022-10-13,176.8705291748047,84896212
2022-10-14,176.0307159423828,27864794
2022-10-17,175.00430297851562,16909538
2022-10-18,176.9638214111328,22328480
2022-10-19,176.38063049316406,10198278
2022-10-20,177.99024963378906,11868814
2022-10-21,178.48011779785156,8931540
2022-10-24,179.4832305908203,3472470
2022-10-25,179.45989990234375,5783256
2022-10-27,178.5267791748047,11723118
2022-10-28,178.80670166015625,7609676
2022-10-31,180.34632873535156,6638382
2022-11-01,183.07568359375,11540196
2022-11-02,183.79884338378906,6716614
2022-11-03,181.25613403320312,10312476
2022-11-04,182.21253967285156,9023630
2022-11-07,182.65579223632812,8252598
2022-11-09,182.399169921875,6862546
2022-11-10,181.44273376464844,5494908
2022-11-11,186.4815216064453,28417046
2022-11-14,185.01187133789062,17623428
2022-11-15,185.29180908203125,12462712
2022-11-16,185.80502319335938,11039528
2022-11-17,185.1051788330078,6057616
2022-11-18,183.75218200683594,9546202
2022-11-21,181.3260955810547,7904612
2022-11-22,181.39608764648438,8410828
2022-11-23,181.3727569580078,6717760
2022-11-24,185.80502319335938,13370266
2022-11-25,187.92782592773438,13648550
2022-11-28,189.25750732421875,13679200
2022-11-29,189.0242462158203,9102602
2022-11-30,189.8406982421875,13892346
2022-12-01,193.01327514648438,15852984
2022-12-02,192.40675354003906,11726622
2022-12-05,192.3834228515625,9947062
2022-12-06,191.9168701171875,8832518
2022-12-07,189.56077575683594,6568616
2022-12-08,188.34774780273438,8940712
2022-12-09,183.84547424316406,15423336
2022-12-12,184.91856384277344,10365880
2022-12-13,185.5717315673828,6813842
2022-12-14,186.64480590820312,9995152
2022-12-15,184.38201904296875,7766926
2022-12-16,181.8392791748047,18012634
2022-12-19,181.5126953125,8838046
2022-12-20,181.46607971191406,8778558
2022-12-21,181.72267150878906,10215214
2022-12-22,181.3727569580078,9093800
2022-12-23,176.1940155029297,12120710
2022-12-26,177.523681640625,7261148
2022-12-27,180.3696746826172,7685840
2022-12-28,180.9295196533203,7676002
2022-12-29,182.30584716796875,9485398
2022-12-30,183.2389678955078,8256556
2023-01-02,183.37893676757812,5559512
2023-01-03,185.24514770507812,5994422
2023-01-04,181.81597900390625,8926522
2023-01-05,180.50962829589844,9568980
2023-01-06,178.2235107421875,8484754
2023-01-09,182.79574584960938,7347432
2023-01-10,183.37893676757812,7879496
2023-01-11,183.75218200683594,7656600
2023-01-12,184.05543518066406,9510500
2023-01-13,183.77549743652344,13621860
2023-01-16,185.9683074951172,23867444
2023-01-17,184.91856384277344,14310032
2023-01-18,188.1144561767578,16080426
2023-01-19,188.20774841308594,9447456
2023-01-20,188.0911102294922,9265614
2023-01-23,189.88735961914062,8815290
2023-01-24,190.16799926757812,9552640
2023-01-25,187.80609130859375,6355554
2023-01-27,186.1691131591797,7410134
2023-01-30,188.1334686279297,7261256
2023-01-31,186.54330444335938,9566846
2023-02-01,188.20362854003906,7029896
2023-02-02,191.50094604492188,10835460
2023-02-03,190.7760009765625,8850236
2023-02-06,189.25595092773438,5958022
2023-02-07,187.31500244140625,6683580
2023-02-08,190.23814392089844,8300976
2023-02-09,190.96307373046875,5277374
2023-02-10,189.79380798339844,5160140
2023-02-13,187.3617706298828,4825356
2023-02-14,189.4664306640625,4638822
2023-02-15,190.54214477539062,5227672
2023-02-16,191.71141052246094,11189362
2023-02-17,190.02767944335938,5616244
2023-02-20,190.37844848632812,6497188
2023-02-21,188.36734008789062,5761172
2023-02-22,184.81277465820312,6883372
2023-02-23,184.25155639648438,6078322
2023-02-24,183.94752502441406,5106634
2023-02-27,182.56781005859375,5554710
2023-02-28,181.02439880371094,10061602
2023-03-01,182.8484344482422,4542612
2023-03-02,181.49209594726562,4438972
2023-03-03,182.61459350585938,4393936
2023-03-06,184.1580047607422,6727722
2023-03-08,183.62014770507812,4908842
2023-03-09,182.45089721679688,4157054
2023-03-10,181.98318481445312,4567396
2023-03-13,180.2760772705078,5982520
2023-03-14,177.46986389160156,8094852
2023-03-15,175.73936462402344,7687926
2023-03-16,174.38302612304688,7686620
2023-03-17,176.0901336669922,9044282
2023-03-20,171.71710205078125,8184754
2023-03-21,171.3663330078125,7211152
2023-03-22,171.3663330078125,5374846
2023-03-23,169.07456970214844,9485192
2023-03-24,169.19151306152344,7906696
2023-03-27,168.95765686035156,6227714
2023-03-28,166.5957794189453,7813096
2023-03-29,167.9287109375,8823840
2023-03-31,170.82847595214844,7914212
2023-04-03,172.09124755859375,4053500
2023-04-05,172.93313598632812,6443110
2023-04-06,171.4832305908203,6429614
2023-04-10,174.59349060058594,5624940
2023-04-11,173.16697692871094,6784354
2023-04-12,174.0556182861328,5578210
2023-04-13,172.25497436523438,6724634
2023-04-17,169.00442504882812,13603290
2023-04-18,172.06787109375,8024898
2023-04-19,168.7471923828125,7475944
2023-04-20,169.70599365234375,4423266
2023-04-21,172.13804626464844,5299988
2023-04-24,176.768310546875,17779044
2023-04-25,175.69256591796875,7528552
2023-04-26,175.1781005859375,7008146
2023-04-27,175.1079559326172,8491700
2023-04-28,180.0655975341797,27709406
2023-05-02,181.63241577148438,9746608
2023-05-03,180.11236572265625,4828488
2023-05-04,179.4575958251953,6253358
2023-05-05,177.4464569091797,7902194
2023-05-08,177.8907928466797,9613544
2023-05-09,178.80279541015625,5716698
2023-05-10,179.48098754882812,3670402
2023-05-11,179.90191650390625,4049964
2023-05-12,179.2471160888672,4580358
2023-05-15,180.41636657714844,5089694
2023-05-16,180.97763061523438,4059352
2023-05-17,178.80279541015625,5376102
2023-05-18,178.94313049316406,4237016
2023-05-19,180.62684631347656,7281582
2023-05-22,185.09339904785156,12197390
2023-05-23,185.98204040527344,12725634
2023-05-24,186.9408416748047,8256974
2023-05-25,184.3217010498047,13605054
2023-05-26,187.87625122070312,7926180
2023-05-29,186.98757934570312,7959308
2023-05-30,188.25039672851562,7378972
2023-05-31,188.7882537841797,11783582
2023-06-01,190.42523193359375,7065484
2023-06-02,189.39627075195312,6320754
2023-06-05,189.04550170898438,7252860
2023-06-06,187.05775451660156,13707400
2023-06-07,188.3907012939453,8215860
2023-06-08,186.8706817626953,10615052
2023-06-09,185.81834411621094,12018232
2023-06-12,185.02325439453125,11973622
2023-06-13,184.99986267089844,13016186
2023-06-14,185.42080688476562,18512564
2023-06-15,181.9130401611328,28702320
2023-06-16,178.3350830078125,41110648
2023-06-19,177.7972412109375,10629440
2023-06-20,178.89634704589844,11802658
2023-06-21,180.29945373535156,8829264
2023-06-22,178.80279541015625,9356174
2023-06-23,177.70370483398438,6470406
2023-06-26,178.1480255126953,4100400
2023-06-27,178.94313049316406,5880750
2023-06-28,178.52218627929688,7140112
2023-06-30,182.00657653808594,9070810
2023-07-03,183.15243530273438,9036924
2023-07-04,185.1869659423828,12617234
2023-07-05,184.2281494140625,12366958
2023-07-06,185.30389404296875,9037242
2023-07-07,185.14019775390625,9065220
2023-07-10,182.3807373046875,5630400
2023-07-11,183.36289978027344,9634838
2023-07-12,183.26937866210938,6848220
2023-07-13,184.4152374267578,13595726
2023-07-14,189.4430389404297,31366784
2023-07-17,194.213623046875,45759860
2023-07-18,195.12564086914062,17769026
2023-07-19,195.47640991210938,10830990
2023-07-20,195.3361053466797,8255710
2023-07-21,189.27935791015625,23514212
2023-07-24,188.975341796875,6808460
2023-07-25,187.26821899414062,6458200
2023-07-26,188.36734008789062,5329662
2023-07-27,187.05775451660156,8948358
2023-07-28,186.4965057373047,6760060
2023-07-31,189.4430389404297,6762180
2023-08-01,190.33168029785156,7181804
2023-08-02,188.3907012939453,5399618
2023-08-03,186.9174346923828,6821698
2023-08-04,191.22030639648438,12481540
2023-08-07,192.29603576660156,8822866
2023-08-08,194.7281036376953,15724284
2023-08-09,195.40625,9309388
2023-08-10,195.80380249023438,9901644
2023-08-11,193.18466186523438,7571468
2023-08-14,194.16683959960938,5792180
2023-08-16,195.80380249023438,8131780
2023-08-17,195.28932189941406,6340960
2023-08-18,192.55328369140625,10602392
2023-08-21,193.9096221923828,7334260
2023-08-22,195.07887268066406,6350240
2023-08-23,194.213623046875,6134234
2023-08-24,193.02096557617188,5776956
2023-08-25,191.61785888671875,6598510
2023-08-28,190.8461456298828,3401974
2023-08-29,190.86953735351562,3998562
2023-08-30,190.44862365722656,4018182
2023-08-31,191.0098419189453,22061952
2023-09-01,194.7281036376953,8476130
2023-09-04,203.02981567382812,27634648
2023-09-05,201.97747802734375,17973426
2023-09-06,200.7848358154297,13531912
2023-09-07,202.4451904296875,9322650
2023-09-08,201.1122283935547,5748410
2023-09-11,203.38059997558594,8253314
2023-09-12,203.45074462890625,14545328
2023-09-13,203.7781524658203,7445670
2023-09-14,204.12892150878906,14895010
2023-09-15,206.28033447265625,19835876
2023-09-18,203.96522521972656,6025196
2023-09-20,201.1590118408203,9102700
2023-09-21,200.6211700439453,8893070
2023-09-22,195.733642578125,19818260
2023-09-25,193.67575073242188,9301132
2023-09-26,193.11451721191406,6480566
2023-09-27,194.40069580078125,7773994
2023-09-28,189.5833740234375,16876116
2023-09-29,189.91075134277344,12780272
2023-10-03,189.63014221191406,5728104
2023-10-04,189.3728790283203,6905870
2023-10-05,190.2615203857422,8125304
2023-10-06,190.7526092529297,6365004
2023-10-09,189.70028686523438,6030450
2023-10-10,190.7058563232422,5128014
2023-10-11,196.97305297851562,19092228
2023-10-12,195.07887268066406,10234398
2023-10-13,192.249267578125,10914054
2023-10-16,191.8517303466797,5277652
2023-10-17,192.41294860839844,5979388
2023-10-18,190.56553649902344,4881066
2023-10-19,184.8829345703125,25629102
2023-10-20,183.26937866210938,8429336
2023-10-23,179.20034790039062,8837826
2023-10-25,178.5923309326172,6678294
2023-10-26,176.9086151123047,10995582
2023-10-27,178.82620239257812,6202812
2023-10-30,178.66249084472656,4688744
2023-10-31,178.56893920898438,6153536
2023-11-01,178.17141723632812,4241952
2023-11-02,179.4342041015625,4742730
2023-11-03,179.38743591308594,5291528
2023-11-06,179.90191650390625,4939936
2023-11-07,179.27049255371094,5692178
2023-11-08,178.7560577392578,7102052
2023-11-09,178.1246337890625,9231126
2023-11-10,177.3997039794922,10710700
2023-11-13,178.49879455566406,3585902
2023-11-15,183.1758270263672,10792518
2023-11-16,185.72482299804688,13843576
2023-11-17,184.92970275878906,7886928
2023-11-20,187.1746826171875,8610496
2023-11-21,187.38514709472656,5440248
2023-11-22,187.1980743408203,5318582
2023-11-23,188.25039672851562,9677360
2023-11-24,185.21034240722656,6250566
2023-11-28,185.60789489746094,8145314
2023-11-29,190.00428771972656,15544086
2023-11-30,193.18466186523438,19825958
2023-12-01,190.6590576171875,9830426
2023-12-04,190.56553649902344,10662472
2023-12-05,189.1156463623047,11165368
2023-12-06,195.85057067871094,22082070
2023-12-07,195.61671447753906,11250552
2023-12-08,197.65122985839844,15479122
2023-12-11,196.71583557128906,10084242
2023-12-12,197.46414184570312,11903364
2023-12-13,196.27151489257812,9696816
2023-12-14,203.17013549804688,24681376
2023-12-15,208.85269165039062,41567234
2023-12-18,208.24468994140625,20182072
2023-12-19,205.18125915527344,16064694
2023-12-20,202.0242462158203,26449942
2023-12-21,202.98304748535156,10663008
2023-12-22,216.38272094726562,46080814
2023-12-26,219.86712646484375,54628644
2023-12-27,220.26466369628906,25262992
2023-12-28,219.5631103515625,16839956
2023-12-29,220.42837524414062,15961140
2024-01-01,223.16441345214844,20347278
2024-01-02,219.44618225097656,14282514
2024-01-03,213.22572326660156,19534364
2024-01-04,211.58877563476562,15170336
2024-01-05,213.55313110351562,16889130
2024-01-08,210.62998962402344,10082886
2024-01-09,210.8170623779297,14465048
2024-01-10,212.1500244140625,8874676
2024-01-11,209.62445068359375,8638818
2024-01-12,217.6923065185547,36086734
2024-01-15,231.32583618164062,127844264
2024-01-16,226.8358917236328,25912492
2024-01-17,225.61985778808594,28668932
2024-01-18,225.73678588867188,26144924
2024-01-19,226.85928344726562,15498620
2024-01-23,219.77357482910156,19972336
2024-01-24,224.0621795654297,11708750
2024-01-25,220.28916931152344,12852980
2024-01-29,221.69525146484375,10051300
2024-01-30,221.4608917236328,11828014
2024-01-31,224.10903930664062,10584480
2024-02-01,220.92190551757812,7828120
2024-02-02,226.45254516601562,16296222
2024-02-05,226.07760620117188,11566604
2024-02-06,234.1861114501953,29024038
2024-02-07,232.10040283203125,9103534
2024-02-08,229.12416076660156,11303840
2024-02-09,229.8740692138672,7893788
2024-02-12,235.02978515625,48873500
2024-02-13,239.78709411621094,22373576
2024-02-14,241.1463165283203,22594656
2024-02-15,243.0211181640625,14570776
2024-02-16,254.5042724609375,34942644
2024-02-19,251.19993591308594,18602758
2024-02-20,249.3251495361328,10374126
2024-02-21,244.38037109375,13115574
2024-02-22,248.90330505371094,14596482
2024-02-23,251.29368591308594,19860994
2024-02-26,249.77041625976562,8820636
2024-02-27,249.09078979492188,10399260
2024-02-28,242.6461639404297,12789056
2024-02-29,243.06796264648438,14462764
2024-03-01,243.3023223876953,9420630
2024-03-04,243.95851135253906,5662370
2024-03-05,240.5838623046875,10521548
2024-03-06,240.51358032226562,11091922
2024-03-07,241.61500549316406,9707982
2024-03-11,241.16973876953125,11131512
2024-03-12,239.435546875,11652760
2024-03-13,236.4124298095703,13580480
2024-03-14,242.76333618164062,12825472
2024-03-15,242.3180694580078,13649086
2024-03-18,239.1309051513672,6393960
2024-03-19,231.9363555908203,9617386
2024-03-20,231.30360412597656,8385344
2024-03-21,234.5610809326172,11644580
2024-03-22,228.30392456054688,28646502
2024-03-26,224.90585327148438,18273346
2024-03-27,221.36715698242188,14320668
2024-03-28,225.0230255126953,15455150
2024-04-01,227.29623413085938,6041008
2024-04-02,225.53860473632812,6932654
2024-04-03,226.4759979248047,13794516
2024-04-04,228.4445343017578,16004046
2024-04-05,227.3430938720703,6414344
2024-04-08,224.92929077148438,26640770
2024-04-09,223.0076141357422,15801250
2024-04-10,223.71066284179688,10771534
2024-04-12,220.64068603515625,13170046
2024-04-15,215.2974853515625,12176472
2024-04-16,210.1417999267578,21439424
2024-04-18,208.26699829101562,21986258
2024-04-19,212.20407104492188,20470106
2024-04-22,216.53955078125,18881740
2024-04-23,216.58642578125,10322712
2024-04-24,215.55526733398438,5915168
2024-04-25,216.07086181640625,11805090
2024-04-26,217.75816345214844,21478294
2024-04-29,216.9848175048828,7249940
2024-04-30,216.72703552246094,8902956
2024-05-02,214.38352966308594,14937276
2024-05-03,214.36009216308594,9730626
2024-05-06,214.9694061279297,6918126
2024-05-07,217.43006896972656,9278528
2024-05-08,217.10198974609375,8205680
2024-05-09,213.6804656982422,9233484
2024-05-10,211.78224182128906,6654714
2024-05-13,211.82911682128906,7111608
2024-05-14,213.8914031982422,4909420
2024-05-15,214.8053436279297,4793424
2024-05-16,217.6878662109375,14621472
2024-05-17,216.07086181640625,6876820
2024-05-21,216.0239715576172,8467448
2024-05-22,216.21145629882812,7765884
2024-05-23,218.3206024169922,13171332
2024-05-24,217.31289672851562,8205526
2024-05-27,212.06346130371094,40983758
2024-05-28,213.7507781982422,15778126
2024-05-29,211.29010009765625,9756036
2024-05-30,204.79859924316406,20724568
2024-05-31,205.38449096679688,21438004
2024-06-03,208.14981079101562,8964424
2024-06-04,205.36105346679688,17730732
2024-06-05,211.6182098388672,12267428
2024-06-06,216.07086181640625,15425568
2024-06-07,227.10873413085938,72672440
2024-06-10,222.7498321533203,18311752
2024-06-11,223.12478637695312,9371714
2024-06-12,223.52317810058594,13875116
2024-06-13,226.19476318359375,12995932
2024-06-14,223.8043975830078,11322596
2024-06-18,230.53025817871094,31870984
2024-06-19,232.35818481445312,20880284
2024-06-20,229.8506317138672,12571126
2024-06-21,229.9209442138672,95171176
2024-06-24,229.9209442138672,9934518
2024-06-25,232.87374877929688,9258210
2024-06-26,232.10040283203125,12812090
2024-06-27,239.412109375,42137138
2024-06-28,241.31033325195312,16405832
2024-07-01,247.16909790039062,30757528
2024-07-02,252.25450134277344,36276968
2024-07-03,252.6294708251953,16049384
2024-07-04,248.73928833007812,19524632
2024-07-05,250.80152893066406,10376090
2024-07-08,253.66061401367188,12176360
2024-07-09,253.56686401367188,8681444
2024-07-10,251.01243591308594,9233748
2024-07-11,250.33282470703125,8807618
2024-07-12,262.5425109863281,54186042
2024-07-15,262.33154296875,16099478
2024-07-16,262.33154296875,11239032
2024-07-18,268.6590270996094,25019786
2024-07-19,261.1598205566406,26523490
2024-07-22,237.068603515625,76014568
2024-07-23,234.60794067382812,25847632
2024-07-24,234.3970184326172,12240276
2024-07-25,237.5607452392578,21887890
2024-07-26,245.9739227294922,26153996
2024-07-29,245.78646850585938,12011554
2024-07-30,244.42723083496094,10816526
2024-07-31,244.6615753173828,7758508
2024-08-01,244.45065307617188,10759752
2024-08-02,235.3578643798828,15652228
2024-08-05,227.3196563720703,21938080
2024-08-06,229.42881774902344,11271584
2024-08-07,233.13153076171875,7079826
2024-08-08,228.3976593017578,13160570
2024-08-09,230.2724609375,6065948
2024-08-12,229.21788024902344,7338468
2024-08-13,229.8975067138672,6289418
2024-08-14,232.07696533203125,11121756
2024-08-16,241.966552734375,25931140
2024-08-19,243.6069793701172,11466562
2024-08-20,245.9036407470703,9543812
2024-08-21,246.7003936767578,6454402
2024-08-22,243.25546264648438,11496506
2024-08-23,240.1620635986328,11277706
2024-08-26,243.72415161132812,17351380
2024-08-27,242.3883819580078,7965796
2024-08-28,250.56719970703125,34375566
2024-08-29,252.48886108398438,25685318
2024-08-30,252.3482666015625,19434804
2024-09-02,249.5594940185547,15735982
2024-09-03,251.24679565429688,15056686
2024-09-04,243.32577514648438,20402128
2024-09-05,245.99734497070312,12069118
2024-09-06,244.00535583496094,14579954
2024-09-09,241.31033325195312,11919540
2024-09-10,246.41920471191406,10287272
2024-09-11,241.0760040283203,8261524
2024-09-12,248.43460083007812,15779474
2024-09-13,258.0663757324219,35919706
2024-09-16,258.67572021484375,11088578
2024-09-17,258.67572021484375,8728238
2024-09-18,252.23109436035156,16665520
2024-09-19,249.98130798339844,20969182
2024-09-20,252.6763153076172,16664232
2024-09-23,250.70782470703125,8544290
2024-09-24,252.88723754882812,12355694
2024-09-25,251.31712341308594,8065196
2024-09-26,253.9887237548828,11403400
2024-09-27,253.94183349609375,26462384
2024-09-30,253.77780151367188,8199446
2024-10-01,256.26190185546875,9411274
2024-10-03,248.4814910888672,14035368
2024-10-04,250.07505798339844,11922754
2024-10-07,249.09078979492188,9878074
2024-10-08,246.98165893554688,11502804
2024-10-09,248.9501953125,8841688
2024-10-10,246.06765747070312,12620244
2024-10-11,247.6143798828125,8436982
2024-10-14,257.5742492675781,33136266
2024-10-15,249.7938232421875,21601252
2024-10-16,249.4188995361328,12553622
2024-10-17,247.82528686523438,23755278
2024-10-18,257.1524658203125,74653054
2024-10-21,256.8946228027344,23966964
2024-10-22,255.652587890625,18478300
2024-10-23,256.4728088378906,12698576
2024-10-24,256.33221435546875,9576604
2024-10-25,254.7152099609375,10124540
2024-10-28,261.81597900390625,11185858
2024-10-29,263.5033264160156,12055630
2024-10-30,264.932861328125,20755492
2024-10-31,258.62884521484375,15680094
2024-11-01,258.41790771484375,1962810
2024-11-04,253.4730987548828,9855560
2024-11-05,254.83238220214844,6862260
2024-11-06,264.30010986328125,19554884
2024-11-07,264.0657653808594,11997142
2024-11-08,266.6904602050781,20852658
2024-11-11,268.79962158203125,16139444
2024-11-12,267.4638671875,11260890
2024-11-13,266.6904602050781,11391200
2024-11-14,265.61248779296875,9783520
2024-11-18,259.1209716796875,15289764
2024-11-19,263.4095764160156,12919778
2024-11-21,261.13641357421875,11672608
2024-11-22,267.9325256347656,14733232
2024-11-25,272.9945068359375,23297474
2024-11-26,276.0644836425781,15771340
2024-11-27,273.2054138183594,13659676
2024-11-28,268.1903381347656,11896556
2024-11-29,270.8384704589844,8540112
2024-12-02,273.9787902832031,11194000
2024-12-03,273.3929138183594,15445286
2024-12-04,275.5957946777344,14036431
2024-12-05,280.5639953613281,13487264
2024-12-06,278.7360534667969,7894350
2024-12-09,284.7354431152344,9285213
2024-12-10,288.8131408691406,17028502
2024-12-11,289.6568298339844,8608406
2024-12-12,289.75054931640625,12958440
2024-12-13,290.5473327636719,7382211
2024-12-16,289.84429931640625,7221189
2024-12-17,289.5162048339844,10568517
2024-12-18,293.0314636230469,10965226
2024-12-19,293.17205810546875,12405595
2024-12-20,286.0946960449219,22214824
2024-12-23,288.62567138671875,6693583
2024-12-24,286.18841552734375,8837902
2024-12-26,285.95404052734375,6516148
2024-12-27,289.75054931640625,8063921
2024-12-30,284.6885986328125,13709891
2024-12-31,282.9543762207031,9337030
2025-01-01,281.50140380859375,7878201
2025-01-02,284.7823181152344,8800435
2025-01-03,276.01763916015625,12535720
2025-01-06,275.87701416015625,9173687
2025-01-07,275.64263916015625,7381943
2025-01-08,278.9235534667969,7937785
2025-01-09,274.002197265625,7964702
2025-01-10,281.7357482910156,19505556
2025-01-13,273.58038330078125,9541248
2025-01-14,274.51776123046875,7670070
2025-01-15,274.3302917480469,4662694
2025-01-16,270.01824951171875,10345666
2025-01-17,264.30010986328125,9358955
2025-01-20,281.4545593261719,39380165
2025-01-21,279.6734619140625,15619474
2025-01-22,289.75054931640625,30859317
2025-01-23,297.81219482421875,39904371
2025-01-24,300.06195068359375,17479586
2025-01-27,288.67254638671875,12372895
2025-01-28,290.25,12077491
2025-01-29,298.7108154296875,16338112
2025-01-30,295.4125061035156,9984186
2025-01-31,298.18499755859375,15597644
2025-02-01,291.3971862792969,6046117
2025-02-03,299.8102722167969,14877076
2025-02-04,302.3437194824219,15366864
2025-02-05,303.1563415527344,9628027
2025-02-06,303.968994140625,15062390
2025-02-07,304.0167541503906,8589587
2025-02-10,305.0205993652344,12304840
2025-02-11,299.23663330078125,10627890
2025-02-12,296.5597839355469,9668342
2025-02-13,294.9822998046875,8832731
2025-02-14,294.5520935058594,7371341
2025-02-17,291.9230041503906,7507772
2025-02-18,298.4718017578125,10368789
2025-02-19,300.28826904296875,7835672
2025-02-20,299.5234375,7697134
2025-02-21,292.8790588378906,8722925
2025-02-24,282.075927734375,12600963
2025-02-25,278.4908142089844,10810040
2025-02-27,281.5501403808594,15555649
2025-02-28,265.4410705566406,17458839
2025-03-03,271.08160400390625,11471554
2025-03-04,267.6877136230469,9331785
2025-03-05,272.5634460449219,10285712
2025-03-06,273.3282775878906,9782051
2025-03-07,272.2766418457031,8097300
2025-03-10,268.5481262207031,8165123
2025-03-11,265.5366516113281,8602609
2025-03-12,256.7412109375,18584311
2025-03-13,252.39129638671875,8683943
2025-03-17,248.42376708984375,12697926
2025-03-18,248.42376708984375,0
2025-03-19,254.01654052734375,14044300
2025-03-20,256.21539306640625,17038774
2025-03-21,252.67807006835938,22659168
2025-03-24,257.5538024902344,9269617
2025-03-25,259.0834655761719,12563930
2025-03-26,255.64178466796875,7308412
2025-03-27,260.230712890625,14783522
2025-03-28,250.71823120117188,14283389
2025-04-01,251.0528564453125,8388635
2025-04-02,252.00889587402344,7136992
2025-04-03,245.0776824951172,12262561
2025-04-04,235.4696044921875,14639785
2025-04-07,232.21908569335938,13011904
2025-04-08,236.37782287597656,13806651
2025-04-09,226.24391174316406,19063559
2025-04-11,229.20761108398438,11205821
2025-04-15,233.27072143554688,10694621
2025-04-16,236.76022338867188,16203319
2025-04-17,226.48292541503906,54875421
2025-04-21,227.96478271484375,16298364
2025-04-22,223.85385131835938,18367713
2025-04-23,232.88832092285156,31898042
2025-04-24,232.07569885253906,23000820
2025-04-25,230.30703735351562,16620430
2025-04-28,229.9246368408203,14218414
2025-04-29,230.78504943847656,16647246
2025-04-30,230.8806610107422,14206640
2025-05-02,231.052734375,10822257
2025-05-05,232.85964965820312,12170446
2025-05-06,230.58428955078125,8869045
2025-05-07,233.3089599609375,9130056
2025-05-08,230.9475860595703,11434833
2025-05-09,231.36822509765625,10582438
2025-05-12,245.96678161621094,19791711
2025-05-13,240.5078582763672,11714159
2025-05-14,241.81761169433594,8839105
2025-05-15,245.28799438476562,12083645
2025-05-16,243.1273651123047,6640387
2025-05-19,240.67994689941406,6788784
2025-05-20,238.7296600341797,9366429
2025-05-21,239.8864288330078,5313593
2025-05-22,235.12542724609375,11469037
2025-05-23,236.4829864501953,7437642
2025-05-26,239.23634338378906,3690751
2025-05-27,237.33384704589844,6861143
2025-05-28,236.54989624023438,6205160
2025-05-29,239.14073181152344,11785042
2025-05-30,238.69139099121094,13858429
2025-06-02,236.7888946533203,5846259
2025-06-03,235.3931121826172,8573438
2025-06-04,236.00497436523438,6698150
2025-06-05,237.0374755859375,6468060
2025-06-06,237.6588897705078,4445411
2025-06-09,240.2401580810547,9193904
2025-06-10,243.66275024414062,10739851
2025-06-11,247.53468322753906,17268454
2025-06-12,248.19430541992188,14528657
2025-06-13,248.76792907714844,8692116
2025-06-16,251.33009338378906,10935361
2025-06-17,251.34922790527344,7528454
2025-06-18,250.08724975585938,5016660
2025-06-19,253.90179443359375,14184486
2025-06-20,254.81959533691406,12904674
2025-06-23,251.66468811035156,6214062
2025-06-24,253.31863403320312,6319428
2025-06-25,257.5633850097656,5331739
2025-06-26,256.7125244140625,8564099
2025-06-27,253.3950958251953,8906108
2025-06-30,254.2842254638672,7119563
2025-07-01,252.91708374023438,3886095
2025-07-02,255.2593536376953,8750887
2025-07-03,255.30715942382812,9357962
2025-07-04,258.1752624511719,7141779
2025-07-07,255.97637939453125,4849218
2025-07-08,257.7928161621094,5519016
2025-07-09,256.024169921875,11564433
2025-07-10,253.3950958251953,6911031
2025-07-11,246.94190979003906,13109857
2025-07-14,243.07000732421875,10388421
2025-07-15,246.0814971923828,8750149
2025-07-16,251.24403381347656,12179338
2025-07-17,249.1407928466797,7484171
2025-07-18,255.21157836914062,30319126
2025-07-21,248.90179443359375,12190000
2025-07-22,248.28036499023438,6724044
2025-07-23,249.9055938720703,6510321
2025-07-24,250.33583068847656,8139900
2025-07-25,247.8023681640625,8427780
2025-07-28,243.75680541992188,8998911
2025-07-29,245.46275329589844,12923128
2025-07-30,243.90301513671875,6057152
2025-07-31,242.05084228515625,7338764
2025-08-01,236.64051818847656,7436999
2025-08-04,239.8574676513672,5234393
2025-08-05,239.7209930419922,7383968
2025-08-06,233.92074584960938,7700190
2025-08-07,236.2213592529297,6190830
2025-08-08,233.0336456298828,8922847
2025-08-11,235.53895568847656,3047287
2025-08-12,235.63644409179688,8101435
2025-08-13,235.56820678710938,5820844
2025-08-14,240.5983428955078,12857225
2025-08-18,239.0386199951172,5789317
2025-08-19,240.7445831298828,4090961
2025-08-20,244.52691650390625,10099384
2025-08-21,243.62033081054688,7607486
2025-08-22,242.38229370117188,13572686
2025-08-25,247.451416015625,16391069
2025-08-26,245.6869659423828,15797327
2025-08-28,244.34169006347656,5851451
2025-08-29,243.13291931152344,10117017
2025-09-01,244.0590057373047,3198345
2025-09-02,244.61463928222656,5046939
2025-09-03,243.2791290283203,3862765
2025-09-04,238.80465698242188,5021036
2025-09-05,237.53736877441406,6233782
2025-09-08,236.41632080078125,6596932
2025-09-09,242.8794403076172,12836972
2025-09-10,249.31333923339844,15261331
2025-09-11,247.5196533203125,5865301
2025-09-12,245.5992431640625,5345794
2025-09-15,244.95584106445312,3700703
2025-09-16,247.61712646484375,7316998
2025-09-17,247.75360107421875,7339871
2025-09-18,250.46363830566406,10498239
2025-09-19,249.44007873535156,10741757
2025-09-22,244.02975463867188,15784007
2025-09-23,243.34738159179688,8674114
2025-09-24,238.43421936035156,7888797
2025-09-25,235.90940856933594,7957740
2025-09-26,229.8166961669922,16999628
2025-09-29,233.60879516601562,8894412
2025-09-30,233.3455810546875,5590909
2025-10-01,235.0028076171875,9479378
2025-10-03,234.91506958007812,10968346
2025-10-06,236.0361328125,6064946
2025-10-07,237.40089416503906,6587728
2025-10-08,238.1222686767578,7360563
2025-10-09,240.1986541748047,4629760
2025-10-10,242.44078063964844,7070200
2025-10-13,238.96063232421875,6717589
2025-10-14,242.16781616210938,7888607
2025-10-15,243.91278076171875,13278925
2025-10-16,247.4221649169922,10661302
2025-10-17,234.8370819091797,43802251
2025-10-20,235.1685333251953,9871824
2025-10-21,235.28550720214844,2082336
2025-10-23,238.15151977539062,18964626
2025-10-24,236.86473083496094,6803979
2025-10-27,237.77133178710938,9550336
2025-10-28,236.27984619140625,8780789
2025-10-29,236.18235778808594,8776917
2025-10-30,235.83140563964844,8344622
2025-10-31,234.6128692626953,5659566
2025-11-03,234.44715881347656,4902693
2025-11-04,231.9320831298828,6848284
2025-11-06,234.00848388671875,7141517
2025-11-07,230.5380859375,5520619
2025-11-10,233.8037567138672,8566758
2025-11-11,235.60720825195312,8831094
2025-11-12,239.04835510253906,13152546
2025-11-13,239.1555938720703,6211124
2025-11-14,238.21974182128906,6841554
2025-11-17,237.90780639648438,6559062
2025-11-18,234.8370819091797,4730012
2025-11-19,239.87696838378906,13298452
2025-11-20,240.0621795654297,6705862
2025-11-21,238.3367462158203,5516450
2025-11-24,241.04676818847656,19711070
2025-11-25,239.45779418945312,8188793
2025-11-26,243.89328002929688,8202096
2025-11-27,243.2791290283203,5268129
2025-11-28,243.24989318847656,7049965
2025-12-01,243.98101806640625,3865446
2025-12-02,243.873779296875,8535708
2025-12-03,248.280029296875,17215454
2025-12-04,250.46363830566406,10687381
2025-12-05,253.36865234375,7886562
2025-12-08,254.80165100097656,9684253
2025-12-09,250.9315643310547,8560580
2025-12-10,251.4872283935547,7944200
2025-12-11,252.72525024414062,6473376
2025-12-12,254.04129028320312,4008271
2025-12-15,255.15257263183594,4023911
2025-12-16,252.69601440429688,2982041
2025-12-17,254.5677032470703,4923276
2025-12-18,257.2095031738281,9008412
2025-12-19,257.7944030761719,12750745
2025-12-22,265.8075256347656,14651313
2025-12-23,264.5694580078125,7572420
2025-12-24,261.31353759765625,4694861
2025-12-26,259.5978088378906,2899112
2025-12-29,257.58966064453125,3755074
2025-12-30,257.0145263671875,5117699
2025-12-31,256.6538391113281,5705044
2026-01-01,260.62139892578125,3639755
2026-01-02,262.2298583984375,8286204
2026-01-05,256.6733093261719,7006599
2026-01-06,258.9154357910156,4083654
2026-01-07,263.98455810546875,10242615
2026-01-08,255.6010284423828,9269522
2026-01-09,255.35731506347656,4735387
2026-01-12,256.4783630371094,3802164
2026-01-13,257.5506896972656,6931244
2026-01-14,253.6513671875,5625861
2026-01-15,253.6513671875,0
2026-01-16,260.7189025878906,12028289
2026-01-19,239.75997924804688,65833247
2026-01-20,233.86224365234375,16796201
2026-01-21,233.5210723876953,14397792
2026-01-22,234.59336853027344,8537915
2026-01-23,232.39999389648438,13546802
2026-01-27,234.8000030517578,15677537
2026-01-28,237.35000610351562,10155128
2026-01-29,239.8000030517578,12201949
2026-01-30,236.89999389648438,11362317
2026-02-02,242.3000030517578,12335721
2026-02-03,242.69000244140625,25915412
2026-02-04,233.33999633789062,25995324
2026-02-05,233.38999938964844,10102736
2026-02-06,230.72000122070312,12279085
2026-02-09,230.0800018310547,9112474
2026-02-10,231.47000122070312,12435622
2026-02-11,229.80999755859375,7874912
2026-02-12,219.0800018310547,40899346
2026-02-13,214.08999633789062,23721186
2026-02-16,213.25999450683594,20754327
2026-02-17,215.69000244140625,26941553
2026-02-18,211.9499969482422,22679760
2026-02-19,211.2100067138672,14151588
2026-02-20,209.86000061035156,17690420
2026-02-23,205.88999938964844,20946229
