date,adaptive_beta,static_capm_mvo,kalman_mvo,equal_weight,buy_hold_nifty,momentum_quality
2015-01-05,,,,,,0.0
2015-01-06,,,,,,0.0
2015-01-07,,,,,,0.0
2015-01-08,,,,,,0.0
2015-01-09,,,,,,0.0
2015-01-12,,,,,,0.0
2015-01-13,,,,,,0.0
2015-01-14,,,,,,0.0
2015-01-15,,,,,,0.0
2015-01-16,,,,,,0.0
2015-01-19,,,,,,0.0
2015-01-20,,,,,,0.0
2015-01-21,,,,,,0.0
2015-01-22,,,,,,0.0
2015-01-23,,,,,,0.0
2015-01-27,,,,,,0.0
2015-01-28,,,,,,0.0
2015-01-29,,,,,,0.0
2015-01-30,,,,,,0.0
2015-02-02,,,,,,0.0
2015-02-03,,,,,,0.0
2015-02-04,,,,,,-0.0
2015-02-05,,,,,,-0.010959700949691736
2015-02-06,,,,,,-0.011823791693125623
2015-02-09,,,,,,-0.023591647738316315
2015-02-10,,,,,,0.00979597175799234
2015-02-11,,,,,,0.0173364098505381
2015-02-12,,,,,,0.013533380804199066
2015-02-13,,,,,,0.001699374269855938
2015-02-16,,,,,,-0.0028868011856965172
2015-02-18,,,,,,0.006014330946397478
2015-02-19,,,,,,0.00596212628406622
2015-02-20,,,,,,-0.005717699702563855
2015-02-23,,,,,,-0.012270646632699098
2015-02-24,,,,,,0.005783669899362771
2015-02-25,,,,,,-0.007535673900779573
2015-02-26,,,,,,-0.010008963887706938
2015-02-27,,,,,,0.02421577085704871
2015-03-02,,,,,,0.01605090255117334
2015-03-03,,,,,,0.0010110574848660207
2015-03-04,,,,,,-0.013048998633593739
2015-03-05,,,,,,0.002300164352831307
2015-03-09,,,,,,-0.0006399999999999999
2015-03-10,,,,,,-0.007791912994699269
2015-03-11,,,,,,-0.005712256701485575
2015-03-12,,,,,,0.006197562525803913
2015-03-13,,,,,,-0.015457551646910421
2015-03-16,,,,,,0.0008476686035449258
2015-03-17,,,,,,0.00886049548185494
2015-03-18,,,,,,-0.002496094511430035
2015-03-19,,,,,,-0.008083799068705664
2015-03-20,,,,,,-0.013327567257893256
2015-03-23,,,,,,-0.011178654449990355
2015-03-24,,,,,,-0.0023373643890252874
2015-03-25,,,,,,0.01170366705482668
2015-03-26,,,,,,-0.010920867999021505
2015-03-27,,,,,,-0.007913924688029676
2015-03-30,,,,,,0.017308042760589306
2015-03-31,,,,,,0.007082378651970518
2015-04-01,,,,,,0.004826036234116397
2015-04-06,,,,,,0.01504122373684898
2015-04-07,,,,,,0.007288481270702593
2015-04-08,,,,,,0.006026290732956603
2015-04-09,,,,,,-0.00021333333333333333
2015-04-10,,,,,,0.001563960411796865
2015-04-13,,,,,,0.0097797593186362
2015-04-16,,,,,,-0.02201413769335632
2015-04-17,,,,,,-0.017003984775597406
2015-04-20,,,,,,-0.021897958939090113
2015-04-21,,,,,,-0.01799267640987026
2015-04-22,,,,,,0.004917787771121984
2015-04-23,,,,,,0.006396645694407289
2015-04-24,,,,,,-0.014147187586995475
2015-04-27,,,,,,-0.020522789574830693
2015-04-28,,,,,,0.007398264566731205
2015-04-29,,,,,,0.007038322851081
2015-04-30,,,,,,0.006507259601489268
2015-05-04,,,,,,0.024916578041266367
2015-05-05,,,,,,0.0049840647221962246
2015-05-06,,,,,,-0.027770133409086246
2015-05-07,,,,,,-0.008541377741100305
2015-05-08,,,,,,0.02208018510260793
2015-05-11,,,,,,0.012720887563807046
2015-05-12,,,,,,-0.020652244245401206
2015-05-13,,,,,,-0.00016
2015-05-14,,,,,,0.004427700317930504
2015-05-15,,,,,,0.004975815905134324
2015-05-18,,,,,,0.01662857435223217
2015-05-19,,,,,,0.0002554945971754311
2015-05-20,,,,,,0.005781518622046165
2015-05-21,,,,,,0.004392047862710661
2015-05-22,,,,,,0.008935831674091458
2015-05-25,,,,,,-0.0012066614978123937
2015-05-26,,,,,,-0.0023625722111437772
2015-05-27,,,,,,0.00036187564756398475
2015-05-28,,,,,,-0.010675177031719715
2015-05-29,,,,,,0.006191602500684855
2015-06-01,,,,,,-0.008431451191700318
2015-06-02,,,,,,-0.020036000121303403
2015-06-03,,,,,,-0.03716555599937504
2015-06-04,,,,,,0.01013523840487405
2015-06-05,,,,,,-0.00027666938605063764
2015-06-08,,,,,,-0.02038311533703556
2015-06-09,,,,,,-0.007980319392055724
2015-06-10,,,,,,0.008100320758237809
2015-06-11,,,,,,-0.00016
2015-06-12,,,,,,-0.003877064613305501
2015-06-15,,,,,,0.010844485011451738
2015-06-16,,,,,,-0.00014235587114386396
2015-06-17,,,,,,0.016415458982296106
2015-06-18,,,,,,0.005241762292732795
2015-06-19,,,,,,0.006481226406467168
2015-06-22,,,,,,0.01931941757370099
2015-06-23,,,,,,0.00386355490090273
2015-06-24,,,,,,-0.006241093428961657
2015-06-25,,,,,,0.0028887520396673225
2015-06-26,,,,,,0.006918520901760868
2015-06-29,,,,,,-0.011562095589406454
2015-06-30,,,,,,0.00847322560386125
2015-07-01,,,,,,0.01349938260145391
2015-07-02,,,,,,0.004397494176349229
2015-07-03,,,,,,0.0032861539276797984
2015-07-06,,,,,,0.010592460083119959
2015-07-07,,,,,,-1.9312631264013184e-05
2015-07-08,,,,,,-0.01173429494302754
2015-07-09,,,,,,-0.010770138908649779
2015-07-10,,,,,,-0.00021333333333333333
2015-07-13,,,,,,0.011392780391642852
2015-07-14,,,,,,0.003988548048577872
2015-07-15,,,,,,0.004539745407916773
2015-07-16,,,,,,0.009805519287582394
2015-07-17,,,,,,-0.003122417849117389
2015-07-20,,,,,,-0.00014925150568049524
2015-07-21,,,,,,-0.0025922806577606673
2015-07-22,,,,,,0.0069154946353654
2015-07-23,,,,,,-0.004238563650594003
2015-07-24,,,,,,-0.0042513032598076456
2015-07-27,,,,,,-0.013959616224171252
2015-07-28,,,,,,-0.00030729400883228533
2015-07-29,,,,,,0.00849810916541428
2015-07-30,,,,,,0.0041526394715758145
2015-07-31,,,,,,0.01347276094865926
2015-08-03,,,,,,-0.0012059030835794363
2015-08-04,,,,,,0.012588335500962671
2015-08-05,,,,,,0.0005293771540206816
2015-08-06,,,,,,-0.0011355756617699797
2015-08-07,,,,,,0.0007355172022316404
2015-08-10,,,,,,-0.00016
2015-08-11,,,,,,-0.009461932056500184
2015-08-12,,,,,,-0.024529832782004615
2015-08-13,,,,,,-0.00012792219298363866
2015-08-14,,,,,,0.007641856316177175
2015-08-17,,,,,,-0.005246007020367255
2015-08-18,,,,,,0.0021489581671360674
2015-08-19,,,,,,0.0010535344413476159
2015-08-20,,,,,,-0.012849426161195353
2015-08-21,,,,,,-0.010468459649163965
2015-08-24,,,,,,-0.06504238286956757
2015-08-25,,,,,,0.015162345626452123
2015-08-26,,,,,,-0.008238995960492159
2015-08-27,,,,,,0.021418372189790424
2015-08-28,,,,,,0.010790093416595042
2015-08-31,,,,,,0.0012911401118092904
2015-09-01,,,,,,-0.01584263379484756
2015-09-02,,,,,,-0.0045662986601498964
2015-09-03,,,,,,0.012287970608095536
2015-09-04,,,,,,-0.00908212113121909
2015-09-07,,,,,,-0.023287846315893663
2015-09-08,,,,,,-0.0002666666666666667
2015-09-09,,,,,,0.018656345960574052
2015-09-10,,,,,,-0.0003293509414831429
2015-09-11,,,,,,0.005242818512962292
2015-09-14,,,,,,0.01375180941287754
2015-09-15,,,,,,-0.004877876501008771
2015-09-16,,,,,,-0.003804273829302971
2015-09-18,,,,,,0.0008945929147198876
2015-09-21,,,,,,-0.005139670380446996
2015-09-22,,,,,,-0.01548154865010085
2015-09-23,,,,,,0.0017151738025111588
2015-09-24,,,,,,0.0003072110199925594
2015-09-28,,,,,,-0.005008870243496928
2015-09-29,,,,,,0.001956702387215507
2015-09-30,,,,,,0.021513279327711906
2015-10-01,,,,,,0.0031495343808790326
2015-10-05,,,,,,0.010152879115151949
2015-10-06,,,,,,0.00456114429380689
2015-10-07,,,,,,-0.001487630606836769
2015-10-08,,,,,,-0.005681677517202298
2015-10-09,,,,,,-0.0033861363818384013
2015-10-12,,,,,,-0.00016
2015-10-13,,,,,,0.0009469603188661344
2015-10-14,,,,,,-0.001854012602556366
2015-10-15,,,,,,0.007904928500369703
2015-10-16,,,,,,0.00665787593163759
2015-10-19,,,,,,0.01418299264795474
2015-10-20,,,,,,0.0013494553644412283
2015-10-21,,,,,,0.00262464849265042
2015-10-23,,,,,,-0.006235532477861395
2015-10-26,,,,,,-0.0026907159262861725
2015-10-27,,,,,,0.00797176717974842
2015-10-28,,,,,,-0.0015393804952567626
2015-10-29,,,,,,-0.002587675359505038
2015-10-30,,,,,,0.0015029456805304695
2015-11-02,,,,,,-0.002721225901587429
2015-11-03,,,,,,0.00327790438299555
2015-11-04,,,,,,0.00041384646183141864
2015-11-05,,,,,,-0.011261683412422882
2015-11-06,,,,,,-0.011578832895910867
2015-11-09,,,,,,-0.0021186239719964174
2015-11-10,,,,,,-0.0163216516130752
2015-11-13,,,,,,-0.00016
2015-11-16,,,,,,-0.0013738767508790959
2015-11-17,,,,,,-0.0009358910251673824
2015-11-18,,,,,,-0.004897252338820844
2015-11-19,,,,,,0.01624714349596052
2015-11-20,,,,,,0.00929528603630437
2015-11-23,,,,,,0.004547340931586243
2015-11-24,,,,,,-0.006621283825305864
2015-11-26,,,,,,-0.009681247323095976
2015-11-27,,,,,,0.0013410750455555077
2015-11-30,,,,,,-0.0005591014037345364
2015-12-01,,,,,,0.008290261874322686
2015-12-02,,,,,,0.003894220812710798
2015-12-03,,,,,,-0.0050703281615531145
2015-12-04,,,,,,-0.007886382283014585
2015-12-07,,,,,,-0.006021043568496703
2015-12-08,,,,,,-0.007645378151412797
2015-12-09,,,,,,-0.018565797652984575
2015-12-10,,,,,,0.014560741168154201
2015-12-11,,,,,,-0.010965332307174407
2015-12-14,,,,,,0.008819176176963999
2015-12-15,,,,,,-0.0002666666666666667
2015-12-16,,,,,,0.0010353475166294192
2015-12-17,,,,,,0.017663371850417213
2015-12-18,,,,,,-0.007342988899083625
2015-12-21,,,,,,0.010614537270998854
2015-12-22,,,,,,-0.005635371294626181
2015-12-23,,,,,,0.00289792549987101
2015-12-24,,,,,,0.0008407514460407651
2015-12-28,,,,,,0.002530363457428416
2015-12-29,,,,,,0.0048907790223619955
2015-12-30,,,,,,-0.004672208948988833
2015-12-31,,,,,,0.005592723781952403
2016-01-04,,,,,,-0.012181780519181893
2016-01-05,,,,,,0.003538610614263851
2016-01-06,,,,,,0.00043548410488055225
2016-01-07,,,,,,-0.01933087761576382
2016-01-08,,,,,,0.006983828286344202
2016-01-11,,,,,,-0.00611526568887682
2016-01-12,,,,,,-0.004091784559496717
2016-01-13,,,,,,0.006981978595523903
2016-01-14,,,,,,-0.0021109977101831483
2016-01-15,,,,,,-0.00021333333333333333
2016-01-18,,,,,,-0.024614795055131436
2016-01-19,,,,,,0.007452831540708692
2016-01-20,,,,,,-0.013622161093760785
2016-01-21,,,,,,-0.006322679881997994
2016-01-22,,,,,,0.02008568038404971
2016-01-25,,,,,,0.0040869737795082494
2016-01-27,,,,,,0.0017719291543530056
2016-01-28,,,,,,-0.006077682858766936
2016-01-29,,,,,,0.013468749184065097
2016-02-01,,,,,,0.005626628113946275
2016-02-02,,,,,,-0.018482127948948244
2016-02-03,,,,,,0.0008855435639524331
2016-02-04,,,,,,-0.001779537557285719
2016-02-05,,,,,,0.013770737859639465
2016-02-08,,,,,,-0.012180105233118875
2016-02-09,,,,,,-0.01763924691233622
2016-02-10,,,,,,-0.006299398349189863
2016-02-11,,,,,,-0.025424472302155835
2016-02-12,,,,,,-0.010312369124331009
2016-02-15,,,,,,0.025735706196822822
2016-02-16,,,,,,-0.00021333333333333333
2016-02-17,,,,,,0.012303587235118414
2016-02-18,,,,,,0.002084420765071779
2016-02-19,,,,,,-0.0017054373137510256
2016-02-22,,,,,,-0.002848607443764709
2016-02-23,,,,,,-0.009806270731772574
2016-02-24,,,,,,-0.0033010183789367216
2016-02-25,,,,,,-0.012379885629792142
2016-02-26,,,,,,0.002834039375092633
2016-02-29,,,,,,-0.0010270071652107179
2016-03-01,,,,,,0.033910397367188136
2016-03-02,,,,,,0.016515752082853576
2016-03-03,,,,,,0.0008532197253386417
2016-03-04,,,,,,0.0038933558652176486
2016-03-08,,,,,,0.002568849394441771
2016-03-09,,,,,,0.004300151333489417
2016-03-10,,,,,,-0.0014465588403401598
2016-03-11,,,,,,-0.0027646218196909055
2016-03-14,,,,,,0.003717208847217346
2016-03-15,,,,,,-0.006009966668972528
2016-03-16,,,,,,0.0015663386642785111
2016-03-17,,,,,,-0.00031999999999999997
2016-03-18,,,,,,0.006912383282748904
2016-03-21,,,,,,0.006077659569978003
2016-03-22,,,,,,0.004664260133943522
2016-03-23,,,,,,0.003183137926980647
2016-03-28,,,,,,-0.015591656338836767
2016-03-29,,,,,,-0.002023477767647076
2016-03-30,,,,,,0.019777183127346356
2016-03-31,,,,,,0.0022237105750215038
2016-04-01,,,,,,0.0004797909552796589
2016-04-04,,,,,,0.005933496263805119
2016-04-05,,,,,,-0.010518933445086321
2016-04-06,,,,,,0.005680565184092618
2016-04-07,,,,,,-0.004916189418858438
2016-04-08,,,,,,0.0013214303968359408
2016-04-11,,,,,,0.014158063651994426
2016-04-12,,,,,,0.004282888911580872
2016-04-13,,,,,,0.013131467665065033
2016-04-18,,,,,,0.009461372554405312
2016-04-20,,,,,,0.009355000582714124
2016-04-21,,,,,,-0.010054748462045055
2016-04-22,,,,,,-0.0002666666666666667
2016-04-25,,,,,,-0.0076465098624788575
2016-04-26,,,,,,0.0127749955558108
2016-04-27,,,,,,0.002554572900128504
2016-04-28,,,,,,-0.0164062938762585
2016-04-29,,,,,,-0.0023471863561612097
2016-05-02,,,,,,0.002637590061729912
2016-05-03,,,,,,-0.006459507068280927
2016-05-04,,,,,,-0.009030980066730707
2016-05-05,,,,,,0.000318452896315827
2016-05-06,,,,,,0.003566083029199461
2016-05-09,,,,,,0.007943749454662842
2016-05-10,,,,,,-0.001606835048759156
2016-05-11,,,,,,0.002540470313625398
2016-05-12,,,,,,0.0074954445892912456
2016-05-13,,,,,,-0.009936642649099008
2016-05-16,,,,,,0.005890105248258037
2016-05-17,,,,,,0.00043296128672970215
2016-05-18,,,,,,-0.0036580523312781557
2016-05-19,,,,,,-0.004351467574514295
2016-05-20,,,,,,-0.004015734128962488
2016-05-23,,,,,,-0.00016
2016-05-24,,,,,,0.002079624325264614
2016-05-25,,,,,,0.012509410158421892
2016-05-26,,,,,,0.004819255389379342
2016-05-27,,,,,,0.01828660850103893
2016-05-30,,,,,,0.007304916418577485
2016-05-31,,,,,,0.0001238117503041486
2016-06-01,,,,,,-0.0012394283042408893
2016-06-02,,,,,,0.01222243540388218
2016-06-03,,,,,,3.919369766640303e-05
2016-06-06,,,,,,-0.001150477466936491
2016-06-07,,,,,,0.005448697316516439
2016-06-08,,,,,,0.004127903548399903
2016-06-09,,,,,,0.0006067456259430978
2016-06-10,,,,,,-0.001175061521451782
2016-06-13,,,,,,-0.0048616952523658835
2016-06-14,,,,,,-0.003525262038607077
2016-06-15,,,,,,0.01177200766413311
2016-06-16,,,,,,-0.0021547705414926626
2016-06-17,,,,,,0.0003062126247524472
2016-06-20,,,,,,0.006924591607548336
2016-06-21,,,,,,-0.0002666666666666667
2016-06-22,,,,,,-0.00294132749303277
2016-06-23,,,,,,0.0039905287883589685
2016-06-24,,,,,,-0.014120286134527687
2016-06-27,,,,,,0.0012716665954216459
2016-06-28,,,,,,0.005829434068670464
2016-06-29,,,,,,0.010584874943918828
2016-06-30,,,,,,0.013814500855142728
2016-07-01,,,,,,0.006940521890030096
2016-07-04,,,,,,0.00168524830275697
2016-07-05,,,,,,-0.007923387560485181
2016-07-07,,,,,,0.0007430935887671978
2016-07-08,,,,,,0.005356218230041461
2016-07-11,,,,,,0.01366501163433702
2016-07-12,,,,,,0.011406948542741026
2016-07-13,,,,,,0.0005416281445863474
2016-07-14,,,,,,0.006765342180497212
2016-07-15,,,,,,0.004225812070683153
2016-07-18,,,,,,-0.0034987359392585327
2016-07-19,,,,,,-0.002112316800982171
2016-07-20,,,,,,0.003146224385783948
2016-07-21,,,,,,-0.00021333333333333333
2016-07-22,,,,,,0.008597712798587046
2016-07-25,,,,,,0.006013227378345896
2016-07-26,,,,,,0.00659519628362295
2016-07-27,,,,,,0.009620158582282512
2016-07-28,,,,,,0.0024852565613257167
2016-07-29,,,,,,0.0077357613654353355
2016-08-01,,,,,,0.012914561832317394
2016-08-02,,,,,,-0.010646813492132937
2016-08-03,,,,,,-0.012576682024626674
2016-08-04,,,,,,0.009146616710721844
2016-08-05,,,,,,0.025081962056885346
2016-08-08,,,,,,0.0038077537915732172
2016-08-09,,,,,,-0.007655993918319108
2016-08-10,,,,,,-0.01652211893619041
2016-08-11,,,,,,-0.0015080353854902764
2016-08-16,,,,,,0.01255002340606232
2016-08-17,,,,,,0.005329053163278116
2016-08-18,,,,,,0.01190702606816696
2016-08-19,,,,,,0.0020347811333729948
2016-08-22,,,,,,-0.007061295007801617
2016-08-23,,,,,,-0.0002666666666666667
2016-08-24,,,,,,0.004548538685191507
2016-08-25,,,,,,-0.0033567553701478554
2016-08-26,,,,,,0.0028242846401622516
2016-08-29,,,,,,0.009159857379247644
2016-08-30,,,,,,0.013285826989636138
2016-08-31,,,,,,0.005665391507371205
2016-09-01,,,,,,-0.0003787604700534882
2016-09-02,,,,,,0.0044219901840692995
2016-09-06,,,,,,0.01781942689700563
2016-09-07,,,,,,0.0012973745936964455
2016-09-08,,,,,,0.011964028789980001
2016-09-09,,,,,,-0.01644896615601874
2016-09-12,,,,,,-0.03659509088452708
2016-09-14,,,,,,0.015132931085033528
2016-09-15,,,,,,-0.004870051555464418
2016-09-16,,,,,,0.001468144482371112
2016-09-19,,,,,,0.004224339056524951
2016-09-20,,,,,,0.0015210417523586566
2016-09-21,,,,,,0.0030998566979557433
2016-09-22,,,,,,0.016044158436184234
2016-09-23,,,,,,-0.00021333333333333333
2016-09-26,,,,,,-0.004996637924460501
2016-09-27,,,,,,-0.006833851775328217
2016-09-28,,,,,,0.013132456059918307
2016-09-29,,,,,,-0.03736253551754429
2016-09-30,,,,,,0.010323362215253717
2016-10-03,,,,,,0.022115708041903784
2016-10-04,,,,,,0.004984814662400858
2016-10-05,,,,,,0.005488198930079144
2016-10-06,,,,,,-0.00017772763886241507
2016-10-07,,,,,,0.0026444847852572194
2016-10-10,,,,,,0.001069945665767617
2016-10-13,,,,,,-0.0165557463228179
2016-10-14,,,,,,0.008593639423373588
2016-10-17,,,,,,-0.005435745210845725
2016-10-18,,,,,,0.021582021119201454
2016-10-19,,,,,,0.004050268793319951
2016-10-20,,,,,,0.003934823552302351
2016-10-21,,,,,,-0.0013532730965671682
2016-10-24,,,,,,-0.00012048991642293055
2016-10-25,,,,,,0.004242012149107658
2016-10-26,,,,,,-0.00021333333333333333
2016-10-27,,,,,,-0.012423206949930364
2016-10-28,,,,,,0.0030532625382883967
2016-11-01,,,,,,0.009758785686666556
2016-11-02,,,,,,-0.01894413906235676
2016-11-03,,,,,,-0.00857090545021947
2016-11-04,,,,,,-0.012572809399383496
2016-11-07,,,,,,0.01141358913485648
2016-11-08,,,,,,0.0026063107070435003
2016-11-09,,,,,,-0.014939286310641255
2016-11-10,,,,,,0.02067621046777373
2016-11-11,,,,,,-0.035403749246345574
2016-11-15,,,,,,-0.05195665018787615
2016-11-16,,,,,,0.015065659105927276
2016-11-17,,,,,,-0.0016876116626673343
2016-11-18,,,,,,0.006897098145320409
2016-11-21,,,,,,-0.03556771949661249
2016-11-22,,,,,,0.01640915748481237
2016-11-23,,,,,,0.008072795130839605
2016-11-24,,,,,,-0.008837923010405242
2016-11-25,,,,,,0.014520560635913088
2016-11-28,,,,,,-0.00016
2016-11-29,,,,,,0.005410653884740194
2016-11-30,,,,,,0.016173580477109244
2016-12-01,,,,,,-0.011284800299014337
2016-12-02,,,,,,-0.015159010637689289
2016-12-05,,,,,,0.013366105093111449
2016-12-06,,,,,,0.002995614964083642
2016-12-07,,,,,,0.0011512722926126724
2016-12-08,,,,,,0.01847944221815687
2016-12-09,,,,,,0.00012550030604351102
2016-12-12,,,,,,-0.017021917004232445
2016-12-13,,,,,,-0.0017340423677089992
2016-12-14,,,,,,-0.009696367333869407
2016-12-15,,,,,,-0.0016800535470918917
2016-12-16,,,,,,-0.0025973774781773455
2016-12-19,,,,,,-0.009801851966147072
2016-12-20,,,,,,-0.011119921153896952
2016-12-21,,,,,,0.0020723739429533636
2016-12-22,,,,,,-0.021156586181940665
2016-12-23,,,,,,0.008431641535297383
2016-12-26,,,,,,-0.015081223765598253
2016-12-27,,,,,,-0.0002666666666666667
2016-12-28,,,,,,-0.00014721064193732442
2016-12-29,,,,,,0.010474007636380473
2016-12-30,,,,,,0.007243541196654313
2017-01-02,,,,,,0.009436134531668635
2017-01-03,,,,,,0.011347682748532083
2017-01-04,,,,,,-0.004110787642354566
2017-01-05,,,,,,0.02679768430989491
2017-01-06,,,,,,-0.0051020772351466825
2017-01-09,,,,,,-0.004778280422385819
2017-01-10,,,,,,0.011251952963055062
2017-01-11,,,,,,0.01581898111352553
2017-01-12,,,,,,0.010053458900731192
2017-01-13,,,,,,-0.003811053008465784
2017-01-16,,,,,,0.007584579715922016
2017-01-17,,,,,,-0.00442219634834593
2017-01-18,,,,,,0.005768189663115437
2017-01-19,,,,,,0.010068277589844797
2017-01-20,,,,,,-0.02197643107492455
2017-01-23,,,,,,0.012413148948890297
2017-01-24,,,,,,0.011129655674547366
2017-01-25,,,,,,-0.00016
2017-01-27,,,,,,0.0020910812035992406
2017-01-30,,,,,,-0.0010744555801144597
2017-01-31,,,,,,-0.008462735415024528
2017-02-01,,,,,,0.021967268988881804
2017-02-02,,,,,,0.0023396082663869697
2017-02-03,,,,,,-0.0009814341759160326
2017-02-06,,,,,,0.008771332342392624
2017-02-07,,,,,,-0.006342610663659985
2017-02-08,,,,,,0.0032957574426612196
2017-02-09,,,,,,-0.004184421570860162
2017-02-10,,,,,,-0.0016459070932022327
2017-02-13,,,,,,0.0013927151397565658
2017-02-14,,,,,,-0.00846869917535313
2017-02-15,,,,,,-0.009960910907938334
2017-02-16,,,,,,0.010012788951621098
2017-02-17,,,,,,0.0013388613853820928
2017-02-20,,,,,,0.00930583503491378
2017-02-21,,,,,,0.0014288992894109069
2017-02-22,,,,,,-0.002626485255474069
2017-02-23,,,,,,0.0009604732257756854
2017-02-27,,,,,,-0.0001066666666666667
2017-02-28,,,,,,0.0027490741319599193
2017-03-01,,,,,,0.0021842482503239193
2017-03-02,,,,,,-0.01594889912985415
2017-03-03,,,,,,-0.0005178407210762514
2017-03-06,,,,,,0.005776730143016745
2017-03-07,,,,,,0.00024889640169165235
2017-03-08,,,,,,-0.0031298622977997525
2017-03-09,,,,,,-0.0027675222363005604
2017-03-10,,,,,,-0.003172938797996851
2017-03-14,,,,,,0.01671457349223215
2017-03-15,,,,,,0.0020757999184039095
2017-03-16,,,,,,0.021216272300539737
2017-03-17,,,,,,-0.002647492519799809
2017-03-20,,,,,,0.000743787930227787
2017-03-21,,,,,,0.0017494885818647359
2017-03-22,,,,,,-0.008671344532311432
2017-03-23,,,,,,0.007581756458227962
2017-03-24,,,,,,-0.00015956820395045745
2017-03-27,,,,,,-0.0118431700083062
2017-03-28,,,,,,0.0058934239815082706
2017-03-29,,,,,,-0.00031999999999999997
2017-03-30,,,,,,0.004340134441752918
2017-03-31,,,,,,0.008799710163052766
2017-04-03,,,,,,0.004900134469064862
2017-04-05,,,,,,0.010293631862424296
2017-04-06,,,,,,0.003649153753013392
2017-04-07,,,,,,0.0014069665478895865
2017-04-10,,,,,,0.010682290062020015
2017-04-11,,,,,,0.003206311919672812
2017-04-12,,,,,,-0.005728492890450707
2017-04-13,,,,,,-0.0026927790550474694
2017-04-17,,,,,,0.003659766278934446
2017-04-18,,,,,,0.008197853014917812
2017-04-19,,,,,,0.002081752601341628
2017-04-20,,,,,,0.004491299173223286
2017-04-21,,,,,,-0.0006625999965442858
2017-04-24,,,,,,0.012656508041972908
2017-04-25,,,,,,0.011621796431533243
2017-04-26,,,,,,-0.012243697906499163
2017-04-27,,,,,,-0.005367237458410477
2017-04-28,,,,,,-0.0004426863633087368
2017-05-02,,,,,,-0.00031999999999999997
2017-05-03,,,,,,-0.001465846257495555
2017-05-04,,,,,,0.0008183833791000874
2017-05-05,,,,,,-0.010852264415084753
2017-05-08,,,,,,-0.001658061956472091
2017-05-09,,,,,,0.0033634321720176046
2017-05-10,,,,,,0.010249169013868785
2017-05-11,,,,,,0.004373743435817612
2017-05-12,,,,,,-0.0039095612946164655
2017-05-15,,,,,,0.008965181912380271
2017-05-16,,,,,,0.0055868837398534935
2017-05-17,,,,,,0.0006596525792305419
2017-05-18,,,,,,-0.015195561782675174
2017-05-19,,,,,,-0.0033170947047760036
2017-05-22,,,,,,-0.004162148185466675
2017-05-23,,,,,,-0.011305328549790501
2017-05-24,,,,,,-0.002510205962392988
2017-05-25,,,,,,0.010158547188666956
2017-05-26,,,,,,0.015485661034878813
2017-05-29,,,,,,-0.002787828807599893
2017-05-30,,,,,,0.007821782325454519
2017-05-31,,,,,,-0.0002666666666666667
2017-06-01,,,,,,-0.0024110366211281533
2017-06-02,,,,,,0.0024059103380841863
2017-06-05,,,,,,0.011971332171070971
2017-06-06,,,,,,-0.003508021514394141
2017-06-07,,,,,,0.007021949128030898
2017-06-08,,,,,,-0.0018300222583219681
2017-06-09,,,,,,0.0008712060373530354
2017-06-12,,,,,,-0.008569780729080633
2017-06-13,,,,,,0.0023061468008156844
2017-06-14,,,,,,-2.053976714726886e-05
2017-06-15,,,,,,-0.006228079972495261
2017-06-16,,,,,,0.0021824036491659917
2017-06-19,,,,,,0.009968255891757353
2017-06-20,,,,,,0.001027608630385424
2017-06-21,,,,,,-0.0041561783085823254
2017-06-22,,,,,,-0.006488735563362647
2017-06-23,,,,,,-0.011794355171309471
2017-06-27,,,,,,0.0015444146100470012
2017-06-28,,,,,,0.0008065546633440446
2017-06-29,,,,,,0.004422095047304158
2017-06-30,,,,,,-0.00021333333333333333
2017-07-03,,,,,,0.014664394969723833
2017-07-04,,,,,,-0.0018369877851982467
2017-07-05,,,,,,0.005172416557973268
2017-07-06,,,,,,0.00038780610746666077
2017-07-07,,,,,,0.00039197147355103787
2017-07-10,,,,,,0.005393685950326272
2017-07-11,,,,,,3.367445081953646e-05
2017-07-12,,,,,,0.010510602728625206
2017-07-13,,,,,,0.008963864578819748
2017-07-14,,,,,,-0.0017414369299940111
2017-07-17,,,,,,0.0033594327714048825
2017-07-18,,,,,,-0.012551187738403448
2017-07-19,,,,,,0.013607050065081904
2017-07-20,,,,,,0.003273665564346358
2017-07-21,,,,,,0.010128961203379087
2017-07-24,,,,,,0.0006103120373990787
2017-07-25,,,,,,-0.0008264104290915193
2017-07-26,,,,,,0.007531575815506067
2017-07-27,,,,,,-0.002349459781620285
2017-07-28,,,,,,0.0032729853837944085
2017-07-31,,,,,,-0.00016
2017-08-01,,,,,,0.013549262861155379
2017-08-02,,,,,,-0.0008502153267054038
2017-08-03,,,,,,-0.005528788220796735
2017-08-04,,,,,,0.016298601644663208
2017-08-07,,,,,,0.009201625909370768
2017-08-08,,,,,,-0.007055566259179601
2017-08-09,,,,,,-0.02225811091122873
2017-08-10,,,,,,-0.018110602260032083
2017-08-11,,,,,,-0.006942531108973311
2017-08-14,,,,,,0.022561373381902117
2017-08-16,,,,,,0.009392235864430193
2017-08-17,,,,,,-0.007010786671356377
2017-08-18,,,,,,-0.0007533182448444624
2017-08-21,,,,,,-0.012413370916941485
2017-08-22,,,,,,-0.002181421420901579
2017-08-23,,,,,,0.013889618277294298
2017-08-24,,,,,,0.0024532013433170847
2017-08-28,,,,,,0.014059111801742364
2017-08-29,,,,,,-0.011571247843360603
2017-08-30,,,,,,0.015219458590294038
2017-08-31,,,,,,-0.00021333333333333333
2017-09-01,,,,,,0.003435664237641403
2017-09-04,,,,,,-0.01128659479102017
2017-09-05,,,,,,0.007476008765271901
2017-09-06,,,,,,0.004806975642560025
2017-09-07,,,,,,0.008380329167544425
2017-09-08,,,,,,-0.003298321738930233
2017-09-11,,,,,,0.012633390306745053
2017-09-12,,,,,,0.005044696408279401
2017-09-13,,,,,,-0.0034311870715074463
2017-09-14,,,,,,0.0023203700082367663
2017-09-15,,,,,,-0.002763815545181285
2017-09-18,,,,,,0.008293367685617817
2017-09-19,,,,,,-0.001151657847712971
2017-09-20,,,,,,-0.004824951664420728
2017-09-21,,,,,,-0.007204077465943969
2017-09-22,,,,,,-0.024653034970367353
2017-09-25,,,,,,-0.01542883145747153
2017-09-26,,,,,,0.0018418615545174187
2017-09-27,,,,,,-0.018932966325436746
2017-09-28,,,,,,0.0018426997018566877
2017-09-29,,,,,,-0.00021333333333333333
2017-10-03,,,,,,0.007982386533903927
2017-10-04,,,,,,0.0018759653630417623
2017-10-05,,,,,,0.0046223199285454625
2017-10-06,,,,,,0.016085360651320893
2017-10-09,,,,,,0.0018820401372462519
2017-10-10,,,,,,0.002054621258758297
2017-10-11,,,,,,-0.005521558675087313
2017-10-12,,,,,,0.017194254936569616
2017-10-13,,,,,,0.003606610321776687
2017-10-16,,,,,,0.0003833069532915481
2017-10-17,,,,,,0.0014852622513693674
2017-10-18,,,,,,0.0011545500406291683
2017-10-19,,,,,,-0.006305063725848991
2017-10-23,,,,,,0.006912271727193255
2017-10-24,,,,,,0.002150188777028262
2017-10-25,,,,,,-0.005601279534265695
2017-10-26,,,,,,0.005977883508977028
2017-10-27,,,,,,0.008365629659984275
2017-10-30,,,,,,0.009461480965920331
2017-10-31,,,,,,-0.0031419771487870077
2017-11-01,,,,,,-0.0001066666666666667
2017-11-02,,,,,,0.011083650491347196
2017-11-03,,,,,,0.00021723381662062903
2017-11-06,,,,,,0.013665201107199721
2017-11-07,,,,,,-0.016832542474690786
2017-11-08,,,,,,-0.004096152514220135
2017-11-09,,,,,,0.008575974123873053
2017-11-10,,,,,,0.0036543149675900195
2017-11-13,,,,,,-0.010719318539513314
2017-11-14,,,,,,0.004552359518490217
2017-11-15,,,,,,-0.011242559489939357
2017-11-16,,,,,,0.006102436543773727
2017-11-17,,,,,,0.016528863187190906
2017-11-20,,,,,,0.008984626642002943
2017-11-21,,,,,,0.004795502888976973
2017-11-22,,,,,,-0.0029787440450824375
2017-11-23,,,,,,0.0006418011082267177
2017-11-24,,,,,,0.003087655988813244
2017-11-27,,,,,,-0.003439237904410758
2017-11-28,,,,,,0.0005970024315652262
2017-11-29,,,,,,0.00017754789280622317
2017-11-30,,,,,,-0.00016
2017-12-01,,,,,,-0.013637838024828259
2017-12-04,,,,,,-0.0026702810798058673
2017-12-05,,,,,,-0.001915506061389076
2017-12-06,,,,,,-0.010463718718243963
2017-12-07,,,,,,0.024295883137162484
2017-12-08,,,,,,0.011432387023900658
2017-12-11,,,,,,0.0035490719495833924
2017-12-12,,,,,,-0.0044568979656714304
2017-12-13,,,,,,-0.011018695139520146
2017-12-14,,,,,,0.0035041379000354655
2017-12-15,,,,,,0.008671335355999251
2017-12-18,,,,,,0.010057310642941224
2017-12-19,,,,,,0.015561412410961515
2017-12-20,,,,,,-3.3526387320040383e-05
2017-12-21,,,,,,0.0007831153315095893
2017-12-22,,,,,,0.005342140295297547
2017-12-26,,,,,,0.005843824523774283
2017-12-27,,,,,,-0.0032537255267213365
2017-12-28,,,,,,0.0018664126157684436
2017-12-29,,,,,,0.005087521835599651
2018-01-02,,,,,,-0.00016
2018-01-03,0.0014617628121180689,-0.0010129611428571427,-0.0010129611428571427,0.0014617628121180689,9.576067320342099e-05,0.008442708747583868
2018-01-04,0.009897956313929675,0.009807153206992145,0.009807153206992145,0.009897956313929675,0.005881209368789884,0.014413981176008669
2018-01-05,0.0084869115783068,0.009005948121251767,0.009005948121251767,0.0084869115783068,0.005132056867763014,0.016823294598420024
2018-01-08,0.006315905927533194,0.009135109315010784,0.009135109315010784,0.006315905927533194,0.006113570815585057,0.005421816889999706
2018-01-09,2.5985271632257556e-05,0.004356612408751652,0.004356612408751652,2.5985271632257556e-05,0.001260584616212523,-0.003369670673613232
2018-01-10,-0.0008584155699697838,0.0012762462089969567,0.0012762462089969567,-0.0008584155699697838,-0.0004513385294137436,-0.00010938660929140865
2018-01-11,0.001462553167862702,0.005845452766736718,0.005845452766736718,0.001462553167862702,0.0017854294613236375,0.0030756901393158616
2018-01-12,3.05165131273882e-05,0.005367136108770257,0.005367136108770257,3.05165131273882e-05,0.0028172876803263624,-6.796216055650133e-05
2018-01-15,-0.00046323168939249517,0.004810037438411253,0.004810037438411253,-0.00046323168939249517,0.005629512900836509,-0.0034011519373104036
2018-01-16,-0.004512023562540545,0.002459028270318711,0.002459028270318711,-0.004512023562540545,-0.00383356587156863,-0.01099903847539184
2018-01-17,0.006955170675126335,-0.002178043268211018,-0.002178043268211018,0.006955170675126335,0.00819955353642979,0.007772380589976472
2018-01-18,-0.0067886835530342575,-0.000486254828314579,-0.000486254828314579,-0.0067886835530342575,0.002633602200690908,-0.01669674847375792
2018-01-19,0.006706941293096586,0.004600446589044115,0.004600446589044115,0.006706941293096586,0.007157479729840962,0.008292279147448256
2018-01-22,0.004119755598205297,0.0007898859144833555,0.0007898859144833555,0.004119755598205297,0.006541382438729125,0.0048041462138279385
2018-01-23,0.009765753752167289,-0.0017648274829015435,-0.0017648274829015435,0.009765753752167289,0.010657745398174344,0.012133186744907336
2018-01-24,-0.002550391236965107,-0.004964227344983599,-0.004964227344983599,-0.002550391236965107,0.000207472782716017,-0.00858678999090096
2018-01-25,-0.004434091790555932,-0.005826332695693968,-0.005826332695693968,-0.004434091790555932,-0.0014758864718050037,-0.0014973795644174905
2018-01-29,0.0025158354773832836,0.00622328237238429,0.00622328237238429,0.0025158354773832836,0.00547297411504586,0.003513512086689749
2018-01-30,-0.007426370058052003,-0.013273065170444222,-0.013273065170444222,-0.007426370058052003,-0.007281350035077295,-0.007929213684627262
2018-01-31,-0.005710933913048356,-0.004519360646234265,-0.004519360646234265,-0.005710933913048356,-0.0019884815852113905,-0.010601769479879543
2018-02-01,0.004685287745586647,0.0024380125148784253,0.0024380125148784253,0.004685287745586647,-0.000979814128127614,-0.0001066666666666667
2018-02-02,-0.023400483907860186,-0.02144318489822637,-0.02144318489822637,-0.023400483907860186,-0.023539213933076866,-0.027727675126276566
2018-02-05,-0.006671780675454575,-0.006913198786040983,-0.006913198786040983,-0.006671780675454575,-0.00877862069830589,-0.004604301056941611
2018-02-06,-0.014883045709301738,-0.014491865275535502,-0.014491865275535502,-0.014883045709301738,-0.01590408165467595,-0.014751273872757499
2018-02-07,0.0026100949718497685,-0.004626827696578588,-0.004626827696578588,0.0026100949718497685,-0.0020548141539544224,0.004650868606309765
2018-02-08,0.012805613872809683,0.010600219416687795,0.010600219416687795,0.012805613872809683,0.009513851145813865,0.013514831158141057
2018-02-09,-0.0059905106684069905,-0.006745477221492626,-0.006745477221492626,-0.0059905106684069905,-0.0115920444485001,-0.0027200414987658336
2018-02-12,0.009445099552524166,0.01271508979820626,0.01271508979820626,0.009445099552524166,0.008078254517088934,0.015330191837364908
2018-02-14,-0.00232608148625646,-0.0003827914923506369,-0.0003827914923506369,-0.00232608148625646,-0.003692818691702758,0.004220038054374426
2018-02-15,0.0022495276992118935,0.0008826396419141755,0.0008826396419141755,0.0022495276992118935,0.004238223668407977,-0.0008214246976514455
2018-02-16,-0.009467445963884933,-0.006295369569349691,-0.006295369569349691,-0.009467445963884933,-0.008877197442514924,-0.011953580842097527
2018-02-19,-0.011701215934135508,-0.006325206569709576,-0.006325206569709576,-0.011701215934135508,-0.007095270288084443,-0.017508809735002698
2018-02-20,0.00022539176146838018,-0.0009206924387669075,-0.0009206924387669075,0.00022539176146838018,-0.0017358770846747271,0.0010441372544767978
2018-02-21,0.00036006782371919273,0.008355073201545205,0.008355073201545205,0.00036006782371919273,0.003569718731482044,-0.0018792745100640685
2018-02-22,-0.0012608607717430672,-0.0019722470115497923,-0.0019722470115497923,-0.0012608607717430672,-0.0014196242279203768,-0.001000822948449351
2018-02-23,0.013745816268180996,0.01641478175487955,0.01641478175487955,0.013745816268180996,0.010381515779008083,0.020848787953468305
2018-02-26,0.00830208814863126,0.0075517219471558745,0.0075517219471558745,0.00830208814863126,0.008688611908417675,0.006393846811341058
2018-02-27,-0.0015238063527426627,0.0015932206221134064,0.0015932206221134064,-0.0015238063527426627,-0.002677764703635068,0.00017920904170244943
2018-02-28,-0.00387222496051385,-0.006102605485665746,-0.006102605485665746,-0.00387222496051385,-0.0058393057141950064,-0.004829184917577691
2018-03-01,-0.0029432995105111463,-0.00038152799999999996,-0.00038152799999999996,-0.0029432995105111463,-0.003293370543887722,-0.004504672955914551
2018-03-05,-0.008139914980827433,-0.005304628765208081,-0.005304628765208081,-0.008139914980827433,-0.009559475957881534,-0.013397641491738655
2018-03-06,-0.00942706234890452,-0.013166823078797947,-0.013166823078797947,-0.00942706234890452,-0.01063665692404489,-0.00021333333333333333
2018-03-07,-0.0107271933503834,-0.008058220398748886,-0.008058220398748886,-0.0107271933503834,-0.009317099938461516,-0.011843561535018813
2018-03-08,0.0040756450053098855,0.0007575465745985968,0.0007575465745985968,0.0040756450053098855,0.00867298109371104,-0.0005719296986611557
2018-03-09,-0.004348395901576634,-0.004336882325091258,-0.004336882325091258,-0.004348395901576634,-0.0015438368683495453,-0.007235847733643892
2018-03-12,0.016234555916591942,0.014330505545082532,0.014330505545082532,0.016234555916591942,0.018844845326350685,0.014004416170639522
2018-03-13,0.0035445666338541505,0.0007578217633458662,0.0007578217633458662,0.0035445666338541505,0.000522750722395459,0.00032324008950072
2018-03-14,-0.00019800181907468254,0.0008531275831810458,0.0008531275831810458,-0.00019800181907468254,-0.0015308007692338495,0.0024456985576616816
2018-03-15,-0.0017328311642385266,0.0006591584303887196,0.0006591584303887196,-0.0017328311642385266,-0.004886618546444992,0.0003784507151567945
2018-03-16,-0.014612323973670113,-0.01001559563279047,-0.01001559563279047,-0.014612323973670113,-0.0160545978679463,-0.011800427020370445
2018-03-19,-0.013876753415772427,-0.013251351039120417,-0.013251351039120417,-0.013876753415772427,-0.00994620052782473,-0.012357202818256668
2018-03-20,0.005219429273885008,0.002497174607242689,0.002497174607242689,0.005219429273885008,0.002977420018466655,0.0072048199716068725
2018-03-21,0.0013100416471540839,0.003652348236427162,0.003652348236427162,0.0013100416471540839,0.003047438325629427,0.000620294233601125
2018-03-22,-0.006178647614517207,-0.0009521011890519454,-0.0009521011890519454,-0.006178647614517207,-0.003996058598285198,-0.005854122432728931
2018-03-23,-0.008937283881830262,-0.005603912996663518,-0.005603912996663518,-0.008937283881830262,-0.011604700101594518,-0.010323957544420014
2018-03-26,0.012776630478377113,0.012728360255986518,0.012728360255986518,0.012776630478377113,0.01317546616079525,0.020361592978202264
2018-03-27,0.009470737016084993,0.0095664517747428,0.0095664517747428,0.009470737016084993,0.005267107884641591,0.006800847780681052
2018-03-28,-0.005417238590023726,-0.0014052683076771436,-0.0014052683076771436,-0.005417238590023726,-0.006941668814759831,-0.005310954010158175
2018-04-02,0.013964646756543613,0.02816879636765459,0.02816879636765459,0.013964646756543613,0.009652935584409928,0.01696245249830848
2018-04-03,0.0024785269981038626,-0.000406144,-0.000406144,0.0024785269981038626,0.0032458864317621047,-0.0019713185468115176
2018-04-04,-0.013942761539286756,-0.007402249138369732,-0.007402249138369732,-0.013942761539286756,-0.011446384030859532,-0.018285544322891933
2018-04-05,0.021088527059366664,0.013258233784064058,0.013258233784064058,0.021088527059366664,0.019239306758980577,0.026680670955564603
2018-04-06,0.00075790771918567,0.003220172798009951,0.003220172798009951,0.00075790771918567,0.0006244175835545499,-0.00016
2018-04-09,0.0046087702060009965,0.004407201948054095,0.004407201948054095,0.0046087702060009965,0.004611095715747583,0.002132597523476267
2018-04-10,0.005619379084109208,0.0035117153904208396,0.0035117153904208396,0.005619379084109208,0.0022039111834326382,0.005283394997594262
2018-04-11,-0.00010957198991158444,0.004011185894808677,0.004011185894808677,-0.00010957198991158444,0.001431395034394698,0.005769679141483485
2018-04-12,-0.00031808390109439944,0.006058868283840865,0.006058868283840865,-0.00031808390109439944,0.0039759006232568585,0.0001417017599996904
2018-04-13,0.0027358602184278215,0.0038423598937468145,0.0038423598937468145,0.0027358602184278215,0.002096467331850084,0.008275665108360003
2018-04-16,0.0072609866162009285,0.004419135879482339,0.004419135879482339,0.0072609866162009285,0.004545689717794212,0.004430299930099439
2018-04-17,0.002045003115536155,0.004300087382240043,0.004300087382240043,0.002045003115536155,0.0019310664870136763,-0.0005201908455404064
2018-04-18,-0.001989007925182147,-0.0038919274148115674,-0.0038919274148115674,-0.001989007925182147,-0.0021352422200410556,-0.003966165205332349
2018-04-19,0.006436506346351812,0.004723746903870103,0.004723746903870103,0.006436506346351812,0.0037076219486611,0.0075549185382325175
2018-04-20,-4.4774151358549096e-05,0.004828857199684399,0.004828857199684399,-4.4774151358549096e-05,-0.00011831883371402492,0.00723091937582776
2018-04-23,0.0021869806325363916,-0.0010839109426492126,-0.0010839109426492126,0.0021869806325363916,0.0019528716532068399,0.0011656230564838716
2018-04-24,-0.0009908357358828208,0.00015040473210748112,0.00015040473210748112,-0.0009908357358828208,0.002797241731914462,-0.00040235429261538803
2018-04-25,-0.0024080134922338644,0.0025700490467750036,0.0025700490467750036,-0.0024080134922338644,-0.004135008266019891,-0.00038860534645539815
2018-04-26,0.0036477749932982855,0.014615808755662485,0.014615808755662485,0.0036477749932982855,0.004460005540255803,0.006932690731960087
2018-04-27,0.005083564063687468,-0.006904655492051931,-0.006904655492051931,0.005083564063687468,0.006992018327494462,0.0018812629642153415
2018-04-30,0.003868781212322659,0.008249482176376721,0.008249482176376721,0.003868781212322659,0.004390691482923282,0.003351563957592404
2018-05-02,-0.010605506838151068,-0.00033915199999999995,-0.00035194400000000003,-0.010605506838151068,-0.0019853115722468315,-0.015446283524145076
2018-05-03,-0.006068063999305072,-0.012243212698790149,-0.011554858025636518,-0.006068063999305072,-0.003589119852419833,-0.00485455815647782
2018-05-04,-0.005230157420882415,0.0024047092376047025,0.002305930255316725,-0.005230157420882415,-0.005765879228025447,-0.0049908391602108415
2018-05-07,0.009305174746166264,0.006635318711407979,0.007059758798689487,0.009305174746166264,0.009117072584576636,0.007852978884409043
2018-05-08,0.0018813405057625863,0.00018706200947363248,6.749462671029052e-05,0.0018813405057625863,0.00021460108497364168,-0.00016
2018-05-09,-0.0011373577822930791,0.0034033967309406287,0.0033404645772604916,-0.0011373577822930791,0.002227489038162844,0.0002724469325610905
2018-05-10,-0.0035853248117225507,-0.003082874379531247,-0.003221917237630034,-0.0035853248117225507,-0.002344124254457977,-0.0066989947506738146
2018-05-11,0.006688075683978478,0.010909281444126315,0.011044491571567859,0.006688075683978478,0.008358547680564028,0.011415189626668308
2018-05-14,-0.0026051905618189285,-0.002846719688510147,-0.003154258759286494,-0.0026051905618189285,9.217500201396874e-06,-0.014630013159498778
2018-05-15,-0.0018518943631653374,-0.009206960359765318,-0.009357359505830611,-0.0018518943631653374,-0.00043964284789006357,-0.002561670479377833
2018-05-16,-0.004878505995284015,0.0038235775673994424,0.003632843216477176,-0.004878505995284015,-0.005639911268794516,0.0033441938275198067
2018-05-17,-0.0020103474977963593,-0.00219915597002676,-0.0020920413779645514,-0.0020103474977963593,-0.005451839472282671,-0.0005286480272625997
2018-05-18,-0.00811349178608192,0.0023124860843017985,0.00167719867317187,-0.00811349178608192,-0.008111271197454395,-0.006881249716931284
2018-05-21,-0.010838771230940993,-0.00877915560247889,-0.009264797791956098,-0.010838771230940993,-0.007549869197766206,-0.010598020026623049
2018-05-22,0.00591662415177117,-0.0014048355982633025,-0.00111604549323179,0.00591662415177117,0.0018999311888009693,0.0073351969667145075
2018-05-23,-0.010165688910340233,-0.004500296621107167,-0.004861453954935079,-0.010165688910340233,-0.010144631600820039,-0.004615606464144588
2018-05-24,0.007448924831717058,0.008900009625320292,0.0088648673282589,0.007448924831717058,0.007973610404251362,0.011503242679274314
2018-05-25,0.013242040015202235,0.009352659160746846,0.009829672153861553,0.013242040015202235,0.008646370571623485,0.01224421923512434
2018-05-28,0.00694734571824582,-0.004252275486458573,-0.0036656228223093433,0.00694734571824582,0.00784269833741265,-0.002313611160294387
2018-05-29,-0.004321097122999228,-0.0029706104970580434,-0.003020619997094232,-0.004321097122999228,-0.005191899405584954,-0.005102142555876999
2018-05-30,-0.0011774878561123631,0.0037761835534938335,0.00400509913745675,-0.0011774878561123631,-0.0017837455774774606,0.002020452121551902
2018-05-31,0.005696474835827619,0.007156256400827249,0.0073096166612654934,0.005696474835827619,0.011409765823805856,0.007416071137394787
2018-06-01,-0.005554273554500343,-0.004487674598304803,-0.0045235425965913355,-0.005554273554500343,-0.003728031736138272,-0.003170693869527837
2018-06-04,-0.007068458363524409,-0.008876790893154057,-0.0091868049385754,-0.007068458363524409,-0.00634948413268003,-0.005872571694584876
2018-06-05,-0.004760180428571568,-0.007640324925914122,-0.007414765576237473,-0.004760180428571568,-0.003331469647161854,-0.005493077436473055
2018-06-06,0.012000096346093043,0.010131523969019233,0.010311897824590216,0.012000096346093043,0.00860056590990892,-0.0001066666666666667
2018-06-07,0.009566181621412408,0.008494544540632126,0.008397653761021862,0.009566181621412408,0.007803071219768874,0.009418594491153053
2018-06-08,0.0025475042761815164,0.0013013588063813804,0.001225517476068019,0.0025475042761815164,-6.49348765086917e-05,0.000256999913161836
2018-06-11,0.0028762232265414356,0.004327076564216354,0.004187568457681299,0.0028762232265414356,0.0017907833428202438,0.0009503262471766513
2018-06-12,0.004292477269869211,0.014409997542014998,0.01433599215040714,0.004292477269869211,0.005168752278609608,0.008459653882646778
2018-06-13,0.001951194890078335,-0.0006876297549424695,-0.0008845416640467483,0.001951194890078335,0.001276578356983104,0.0034458840845147153
2018-06-14,-0.0020863026841505786,-0.0041107639576950005,-0.00391741420068564,-0.0020863026841505786,-0.004491210136474933,0.001800896734367129
2018-06-15,0.00014898367562003907,0.004375142296314675,0.003577384524861006,0.00014898367562003907,0.0008924907821071907,0.0031699912232482316
2018-06-18,-0.0012022573767649226,-0.0009051514613461852,-0.0009135751035652775,-0.0012022573767649226,-0.0016514905857463397,-0.003932199710725362
2018-06-19,-0.010318064158836482,-0.011055819933063418,-0.010890981704270417,-0.010318064158836482,-0.00831229035595547,-0.013885748126535652
2018-06-20,0.0012402140886991157,0.0025437978515337263,0.002954139125115944,0.0012402140886991157,0.005734879851344152,0.004550927433815168
2018-06-21,-0.006692485384669333,-0.004205484759169182,-0.0041763336199517045,-0.006692485384669333,-0.002877330145384961,-0.00831177318476731
2018-06-22,0.006676428209540196,0.0012619403820360317,0.0015247808940430363,0.006676428209540196,0.00748973404895337,0.00548560564330074
2018-06-25,-0.006178324644513751,-0.00029750804286586584,-0.0004995913419539503,-0.006178324644513751,-0.0055039602444048865,-0.002019038637210442
2018-06-26,0.0020777684863013406,0.005085173976226677,0.004577640244526178,0.0020777684863013406,0.0006223592623338975,0.004324680877551406
2018-06-27,-0.012797315327601077,-0.0013478068163348838,-0.001744367623077187,-0.012797315327601077,-0.009118299083682797,-0.012254717621455167
2018-06-28,-0.010148299119289765,-0.012479057568452686,-0.011939630372602334,-0.010148299119289765,-0.007742169031781291,-0.010657378256732792
2018-06-29,0.013300920672077143,0.009485218316449058,0.00956433466371294,0.013300920672077143,0.011754146307527904,0.013636760762477027
2018-07-02,-0.007461750507946904,0.0020504722306214926,0.0012824781813041484,-0.007461750507946904,-0.005334194556937323,-0.006619400676615289
2018-07-03,0.0074185356698587175,0.008056519700391472,0.008085531344420744,0.0074185356698587175,0.003989347109783859,0.009581314269080607
2018-07-04,0.002882465460126957,-0.000465376,-0.00047863199999999994,0.002882465460126957,0.0065208102070441875,0.0043128135034128144
2018-07-05,-0.002389081761159278,-0.007786640869138897,-0.007786640869138897,-0.002389081761159278,-0.0018727438548922296,-0.0002666666666666667
2018-07-06,0.0015957379126032222,0.0023876916189568297,0.0023876916189568297,0.0015957379126032222,0.002128052526818883,0.0020896652689813126
2018-07-09,0.007343515327726929,0.006842039205853521,0.006842039205853521,0.007343515327726929,0.007421810355794803,0.005695498525801072
2018-07-10,0.00809658288376558,0.004033856471566947,0.004033856471566947,0.00809658288376558,0.008655921796766377,0.004456707763242669
2018-07-11,-0.0030337632708029518,0.008864354651418509,0.008864354651418509,-0.0030337632708029518,9.589206004582807e-05,0.0008054804258155399
2018-07-12,0.0033707886215949526,0.004700525615136881,0.004700525615136881,0.0033707886215949526,0.006817985187144955,0.00458094245659135
2018-07-13,-0.0019724580641337663,0.004829892252050874,0.004829892252050874,-0.0019724580641337663,-0.00039014473464332456,0.003817100016863417
2018-07-16,-0.013388143893887667,-0.0025401830997964967,-0.0025401830997964967,-0.013388143893887667,-0.007474230051277428,-0.0025585963615647233
2018-07-17,0.010080565440490208,-0.001528267733759631,-0.001528267733759631,0.010080565440490208,0.006489019959189796,0.0008095955155067141
2018-07-18,-0.004810049422727943,-0.0023589712039102434,-0.0023589712039102434,-0.004810049422727943,-0.0025103689537061304,-0.0061097169732123565
2018-07-19,-0.0034371049302159094,-0.0009371917219531354,-0.0009371917219531354,-0.0034371049302159094,-0.00212882431847883,-0.0022567696270976074
2018-07-20,0.00544600251159736,0.01915481330064652,0.01915481330064652,0.00544600251159736,0.004834521296150269,0.016256432910055386
2018-07-23,0.010459092358318114,0.0024435444293210485,0.0024435444293210485,0.010459092358318114,0.0067481562013002455,0.005124306869095794
2018-07-24,0.00781382951700996,-0.0029251925241848597,-0.0029251925241848597,0.00781382951700996,0.004460126536742217,8.032940862824633e-05
2018-07-25,-0.0014055026782723468,-0.001261937546633821,-0.001261937546633821,-0.0014055026782723468,-0.00020657268750096133,-4.639026952013662e-05
2018-07-26,0.003757250372448418,-0.0013727971613459993,-0.0013727971613459993,0.003757250372448418,0.0031660038191820943,0.0010816004400392902
2018-07-27,0.009500565579797282,0.008664680840677908,0.008664680840677908,0.009500565579797282,0.00989507665693427,0.004119715367470662
2018-07-30,0.00396941010126709,-9.43773058245975e-05,-9.43773058245975e-05,0.00396941010126709,0.0036463779405013436,-0.0023257629197758044
2018-07-31,0.007792352150685121,0.018567901391490206,0.018567901391490206,0.007792352150685121,0.003258965149071806,0.013403753711709899
2018-08-01,0.0003014002980016399,-0.00023532,-0.000263992,0.0003014002980016399,-0.0009073639087465626,0.0032535315235553957
2018-08-02,-0.002452280661363536,-0.006799384739086454,-0.006700003131717921,-0.002452280661363536,-0.008985979419681003,-0.006142739203935401
2018-08-03,0.004546424607889347,-0.003990958065313853,-0.004075097809532254,0.004546424607889347,0.010271892255968624,-5.333333333333335e-05
2018-08-06,0.002510129956333791,-0.0005587739433563593,-0.0003750810720268039,0.002510129956333791,0.0023122852731850252,-0.0025070167799801685
2018-08-07,-0.00240156827078744,-0.006695503079041177,-0.006569337732707132,-0.00240156827078744,0.00020640403976921495,0.000832074451040715
2018-08-08,0.0035447719790147477,0.004315689886689471,0.004489920923201512,0.0035447719790147477,0.005302224530419492,0.004944934885913135
2018-08-09,0.0007440130177330111,-0.0012990860664602115,-0.0013729133806929565,0.0007440130177330111,0.0018062450766348273,-0.000308674071768393
2018-08-10,-0.003823466940774618,-0.0003213269816383676,-0.0005702173914108645,-0.003823466940774618,-0.003598242758917501,-0.00028947026989399285
2018-08-13,-0.0013905947429951834,0.003728506001814952,0.0036525094510130056,-0.0013905947429951834,-0.006473508743511776,0.001172749863938347
2018-08-14,0.00973396819051701,0.009999019759046088,0.010090617318856195,0.00973396819051701,0.00696331478277028,0.005793373580915757
2018-08-16,-0.002000792596027672,-0.0013270958330546918,-0.00171541937878053,-0.002000792596027672,-0.004386464262815843,-0.005786167814090533
2018-08-17,0.008309018162981498,0.010670845491937225,0.010619282592233216,0.008309018162981498,0.007499242877784467,0.008789882417919101
2018-08-20,0.008701472540356156,0.006333629314147143,0.006834741445093266,0.008701472540356156,0.007036623669863275,0.0019206685757975203
2018-08-21,0.003131314556941748,0.0062465789568101875,0.0063628491825500864,0.003131314556941748,0.001656418678663017,0.00158211382392816
2018-08-23,0.0015714261837159946,0.01644162992068374,0.016425995801519076,0.0015714261837159946,0.001023563041648874,0.006421062808547228
2018-08-24,-0.0017950017319342784,-0.006649800138705322,-0.006389750432212004,-0.0017950017319342784,-0.0022169894415104054,-0.0017243441835783136
2018-08-27,0.010480050709841648,0.007061411686658189,0.006958749666140602,0.010480050709841648,0.011600654595540067,0.007974333439646307
2018-08-28,0.0024797819591449487,0.002216226509507617,0.002590068658439785,0.0024797819591449487,0.003973450407027797,0.0025339928248290103
2018-08-29,-8.559160099744055e-05,-0.0030418880791227136,-0.0024860090590684415,-8.559160099744055e-05,-0.003977710157774837,0.0032778613917875013
2018-08-30,0.001097680498738629,-0.001584853860605143,-0.001828466013695348,0.001097680498738629,-0.0012923772322029556,-0.004119663086456026
2018-08-31,0.005905557255763533,0.005201801689052516,0.0049621995537097174,0.005905557255763533,0.0003168341695652239,0.002057166455358767
2018-09-03,-0.008507667049864328,-0.017875998417131358,-0.017376147310542434,-0.008507667049864328,-0.008438430776075216,-0.016330764273626893
2018-09-04,-0.01273559433624014,-0.007885015105818134,-0.008153510597599358,-0.01273559433624014,-0.005371674285373425,-0.011405068394431395
2018-09-05,-0.0022477738029223863,-0.011473448696178607,-0.01126062907060532,-0.0022477738029223863,-0.003769986473883496,-0.00016
2018-09-06,0.008557245129379087,0.004044474216107991,0.004327050773882303,0.008557245129379087,0.005209934834070753,0.005115163662523319
2018-09-07,0.007084284803269454,0.005979159951178731,0.006001544177406678,0.007084284803269454,0.0045143394792379185,0.008724856913688682
2018-09-10,-0.015032126276388443,-0.014221344432042269,-0.014321184476688315,-0.015032126276388443,-0.013115113390097494,-0.02059490563316923
2018-09-11,-0.013985085554895598,-0.01841447482277136,-0.018625729474367695,-0.013985085554895598,-0.013253935347788789,-0.011616602878425326
2018-09-12,0.007801192075663576,0.004400399744258947,0.0045183770777304216,0.007801192075663576,0.007273628261968242,0.011175916238481416
2018-09-14,0.016780706859548567,0.008949034192779494,0.00909868493207022,0.016780706859548567,0.012698371727607837,0.015612511389253233
2018-09-17,-0.007297086183900755,-0.009991041822214667,-0.010045168316432845,-0.007297086183900755,-0.012008224872722099,-0.008695134779413428
2018-09-18,-0.008904849250826624,-0.0003022480775037367,-0.0006139034933509313,-0.008904849250826624,-0.008725935642451747,-0.0012235100148476961
2018-09-19,-0.002984479675769945,-0.00605474779270126,-0.005892811516057337,-0.002984479675769945,-0.003957743942134398,-0.0066867662090488765
2018-09-21,-0.009679107507827363,-0.020103789461130707,-0.02021036685875739,-0.009679107507827363,-0.008155577062129398,-0.013012061254556803
2018-09-24,-0.01906169609472995,-0.010911193620102011,-0.011141093029676946,-0.01906169609472995,-0.015893165427847328,-0.019974116918143013
2018-09-25,0.009668586976155443,0.016295070651878428,0.016193722541979587,0.009668586976155443,0.009081113743931286,0.012639812030302355
2018-09-26,-0.0003262735974977708,5.285722628579307e-05,0.0006177336280121668,-0.0003262735974977708,-0.001234142949208208,-0.004021150828352049
2018-09-27,-0.007164660697307706,-0.0012013912900779387,-0.0015244217191888597,-0.007164660697307706,-0.006921982157626523,-0.009512604879740852
2018-09-28,-0.015003152605922783,-0.00519231048943201,-0.0055268471549760655,-0.015003152605922783,-0.004299770124143364,-0.004092180435517344
2018-10-01,0.004791234821654,0.006347415513219334,0.005708330008256968,0.004791234821654,0.007097025685968254,-0.0015484489004748598
2018-10-03,-0.011973495239532034,-0.0006871760000000001,-0.000680744,-0.011973495239532034,-0.013724356268050715,-0.01882672325842314
2018-10-04,-0.02301294710969269,-0.03052086198146432,-0.03052086198146432,-0.02301294710969269,-0.024141915818458322,-0.024872040157205354
2018-10-05,-0.03125092737138561,-0.013666670618610216,-0.013666670618610216,-0.03125092737138561,-0.027043516339215604,-0.020248633547304416
2018-10-08,0.005238869745213569,0.0077449844264820406,0.0077449844264820406,0.005238869745213569,0.003058349730753957,0.007722108821390534
2018-10-09,-0.004947424252841377,-0.004433497461251502,-0.004433497461251502,-0.004947424252841377,-0.004552264462335634,-0.00016
2018-10-10,0.02164898913179076,0.002526111383802415,0.002526111383802415,0.02164898913179076,0.015322168649223668,0.0206027114809971
2018-10-11,-0.021386072549682854,-0.02669904267033839,-0.02669904267033839,-0.021386072549682854,-0.021788921165731508,-0.029981628238037
2018-10-12,0.025056684838437697,0.02101522739063257,0.02101522739063257,0.025056684838437697,0.022973713528550762,0.027112077049935693
2018-10-15,0.002390500491901652,0.0060620621100870116,0.0060620621100870116,0.002390500491901652,0.003812251460013522,0.00448901538384572
2018-10-16,0.007289821527837304,0.010155773369890642,0.010155773369890642,0.007289821527837304,0.006849260681022563,0.010793262370396687
2018-10-17,-0.013577203757946766,-0.007768226018668743,-0.007768226018668743,-0.013577203757946766,-0.012520502809902525,-0.01260829925592212
2018-10-19,-0.007819653637325931,-0.015660947083795215,-0.015660947083795215,-0.007819653637325931,-0.014405306077947945,-0.004839514900543004
2018-10-22,-0.008208015653726588,-0.010404142901850376,-0.010404142901850376,-0.008208015653726588,-0.005674293551714025,-0.00921782405287161
2018-10-23,-0.011402032362884713,-0.019089998120544068,-0.019089998120544068,-0.011402032362884713,-0.009655817945697833,-0.01984677666338939
2018-10-24,0.009201746390147963,0.00017345608066397583,0.00017345608066397583,0.009201746390147963,0.007652886157385112,0.009654702575419583
2018-10-25,-0.006665004482835622,-0.001290584950448233,-0.001290584950448233,-0.006665004482835622,-0.009813476770964884,-0.0012483925412865552
2018-10-26,-0.007804308184883084,-0.012412729546970588,-0.012412729546970588,-0.007804308184883084,-0.009417173007402645,-0.0098144371270062
2018-10-29,0.02423128399230389,0.024346303194695343,0.024346303194695343,0.02423128399230389,0.021779988895005153,0.026847862949676768
2018-10-30,-0.0031526513048761033,0.0018529495319382604,0.0018529495319382604,-0.0031526513048761033,-0.005129707325392901,0.0016249270871174796
2018-10-31,0.013351342326092985,0.024160128966649104,0.024160128966649104,0.013351342326092985,0.018285592676591408,0.02241329177306571
2018-11-01,0.00285711643601426,-0.0007129759999999999,-0.000770392,0.00285711643601426,-0.0005922280054286613,-0.0051343531936103096
2018-11-02,0.01479966043856546,0.00341173080370221,0.002356007531769122,0.01479966043856546,0.016485931474334168,0.006707285269122617
2018-11-05,-0.002504072320254183,-0.007310208275823285,-0.006788725798534222,-0.002504072320254183,-0.0027518165109068284,-0.002664961939594544
2018-11-06,-0.004738905231026308,-0.003840087060118048,-0.004744954535793049,-0.004738905231026308,0.0005699629678378127,-0.0005611621999745238
2018-11-07,0.006179233870557419,0.008012519146135948,0.007999112040879053,0.006179233870557419,0.006474757039787639,0.007081052121476155
2018-11-09,0.0027908179636023725,0.0006760473986243119,0.0020534771716377007,0.0027908179636023725,-0.0012462656636175824,-0.0002666666666666667
2018-11-12,-0.01008377619257591,-0.006599313566489284,-0.006616150803090896,-0.01008377619257591,-0.009778218363148,-0.004902728672969838
2018-11-13,0.009657233647733377,0.007130970981097624,0.0070789152223424395,0.009657233647733377,0.009523094254035388,0.004009071534425869
2018-11-14,0.0004336650148071737,-0.004572251325414808,-0.004573370513081786,0.0004336650148071737,-0.000586063060967349,-0.015058815954408873
2018-11-15,0.0063341599515941505,0.007661826097874978,0.007917390246525047,0.0063341599515941505,0.003812621107308771,0.004659114608953047
2018-11-16,0.005795041937853953,0.00478526161256242,0.004700998113107905,0.005795041937853953,0.006150571652505879,0.00710670676607148
2018-11-19,0.004413707354580016,-0.0011545644003011317,-0.001101079697346861,0.004413707354580016,0.007572703131144189,0.006108279645203888
2018-11-20,-0.01290718339423581,-0.01195875773890566,-0.012618770228564538,-0.01290718339423581,-0.010009625523730635,-0.01811637654255242
2018-11-21,0.0009115706679829986,-0.010652902599182197,-0.010538818587107137,0.0009115706679829986,-0.005283201056794732,-0.0044456292372387915
2018-11-22,-0.008636110964439798,-0.0035835587977168302,-0.003670636560268518,-0.008636110964439798,-0.006939063131569403,-0.007755583645422009
2018-11-26,0.006482100874030426,0.009032181618322598,0.009053625238434847,0.006482100874030426,0.009628807669070337,0.006647591126944843
2018-11-27,0.0016633426245640703,0.011073198253148713,0.010103394545857793,0.0016633426245640703,0.005348559924642655,0.0021356947645089722
2018-11-28,-0.004478605330178978,0.01304098390072462,0.011331097071222943,-0.004478605330178978,0.004039334223781422,0.005377226321084704
2018-11-29,0.011882366897280084,0.007718782183851067,0.008391852367805697,0.011882366897280084,0.01203028163822991,0.0075554362369737275
2018-11-30,0.002138761432607791,-0.0010568577652040724,-0.0005584329373267815,0.002138761432607791,0.0016608635822544591,0.005970434138644018
2018-12-03,0.001284074150414363,-0.000268512,-0.000302248,0.001284074150414363,0.0006433675918710725,-0.0014250257667218805
2018-12-04,0.0004872367960374948,0.0008327577162518841,0.0015681080784891712,0.0004872367960374948,-0.0013101492455916805,0.003957024776706785
2018-12-05,-0.013255090508208615,-0.003052102995047425,-0.0038167662290798272,-0.013255090508208615,-0.007999119688821785,-0.01129146620401958
2018-12-06,-0.019334181095158515,-0.02143567241582029,-0.022774044345214406,-0.019334181095158515,-0.016999059579474705,-0.019352688383404947
2018-12-07,0.0065923496635846785,0.01059702165453354,0.01096631952079315,0.0065923496635846785,0.008692278636606364,0.002162317171196406
2018-12-10,-0.01689300800486136,-0.0174097392253621,-0.018875675197100306,-0.01689300800486136,-0.019380130942287622,-0.019891479130956496
2018-12-11,0.009440782008427668,0.012817390084517086,0.014046758249030174,0.009440782008427668,0.005770654643792864,-0.00016
2018-12-12,0.022199407756828063,0.018011724665750246,0.019039100349106487,0.022199407756828063,0.01770623905775317,0.014472406161457606
2018-12-13,0.003608473663128785,0.006476733215525709,0.0058700848273894116,0.003608473663128785,0.005011838341027756,0.003256198032758992
2018-12-14,0.0035415236843668167,0.0016921594727546088,0.001774890779630636,0.0035415236843668167,0.0012872521687673252,-0.0015120818471745197
2018-12-17,0.005479497214980734,0.00271126275787246,0.002236377794006284,0.005479497214980734,0.007642719885813293,0.004090702907823352
2018-12-18,0.0039694271195024585,-0.004748912590107727,-0.004124047269803881,0.0039694271195024585,0.0018672794743268973,0.004122425543543001
2018-12-19,0.006895312849968203,0.001383314240007439,0.0025747555792668643,0.006895312849968203,0.005357446474361821,0.004242302841979938
2018-12-20,-0.0008500410311620926,-0.0020608405701614137,-0.0026238931398136446,-0.0008500410311620926,-0.0014233871991216722,-0.004803397600841247
2018-12-21,-0.013814644211034458,-0.018727021399488137,-0.0185626800614006,-0.013814644211034458,-0.01821693480035375,-0.016913838603750564
2018-12-24,-0.009746704824341116,-0.003898543827650096,-0.003784437523048535,-0.009746704824341116,-0.0084510833319759,-0.00432661532736468
2018-12-26,0.0038864943577390752,-0.0015159190126642582,-0.0021737911071664424,0.0038864943577390752,0.006202845587195536,0.00035880277719426324
2018-12-27,0.0032527721891755226,0.010566138953995191,0.011619304893227263,0.0032527721891755226,0.004644453671963747,0.005588904881113926
2018-12-28,0.007889817840684,0.005746151603141859,0.005860567039005186,0.007889817840684,0.007403148015077441,0.009420260171478179
2018-12-31,0.0014429802594838608,-0.0007967533505373132,-0.0006343040028715852,0.0014429802594838608,0.00024393326275947618,0.0003012083604464143
2019-01-02,,,,,,-0.005210183105730525
2019-01-03,-0.011308339648342325,-0.001267693387755102,-0.0012408083265306122,-0.011308339648342325,-0.011204533761500678,-0.0069870087746594185
2019-01-04,0.004680387380173705,-0.009732694297666745,-0.009632670007844086,0.004680387380173705,0.005149603931252372,-0.000884255649208386
2019-01-07,0.002290339004541258,0.003047333732722721,0.002598989326436269,0.002290339004541258,0.0041350713736188,0.0030256055974912936
2019-01-08,0.0029646749282347517,-3.114359749769289e-05,-0.00010676344419969803,0.0029646749282347517,0.0028136345625500237,0.008843436513255476
2019-01-09,0.0017417355618304323,0.003754686070116785,0.0043939050056210245,0.0017417355618304323,0.004894433183399924,0.004732305259897384
2019-01-10,-8.877558601143529e-05,0.004294491730421489,0.0036464840930968655,-8.877558601143529e-05,-0.003095557040757343,0.0012053970766962492
2019-01-11,-0.0024588551236521096,-0.005686078887875196,-0.005511311687643738,-0.0024588551236521096,-0.002465650421033224,-0.0001066666666666667
2019-01-14,-0.00624981347827528,-0.0045604568103494785,-0.004454819782057724,-0.00624981347827528,-0.005326886232360374,-0.0043811508002747235
2019-01-15,0.011482155809720033,0.018817726884412942,0.01910088971352746,0.011482155809720033,0.013799464213669708,0.014433845755969867
2019-01-16,5.734825278458345e-05,-0.0059133600029823066,-0.005308039520007177,5.734825278458345e-05,0.000321438583917674,0.0004132908715531508
2019-01-17,0.0002878867683698285,0.0020451608745694267,0.002739468460897586,0.0002878867683698285,0.001367290766106507,0.0018260780795198378
2019-01-18,-0.00399406781914664,-0.00010353907057988952,-0.000415937273200544,-0.00399406781914664,0.0001604610249256087,0.0034902639776556734
2019-01-21,-0.0021810088474818585,0.005010445817422422,0.004858353003964364,-0.0021810088474818585,0.005020808629692447,0.0012734654708810142
2019-01-22,-0.0024137400133078454,0.00020956122108636507,0.0006140371976583196,-0.0024137400133078454,-0.003573257146616415,-0.0009677819345150069
2019-01-23,-0.003851139281543826,-0.0015963340110923061,-0.001124224623792481,-0.003851139281543826,-0.008389214537151498,-0.0014241641345659744
2019-01-24,-0.0018587237161325006,0.004212822028694679,0.0047751030861403285,-0.0018587237161325006,0.0016880730581589696,0.0023773790618563597
2019-01-25,-0.008778031942188643,-0.004289150275276521,-0.0035470743630328172,-0.008778031942188643,-0.006403062164968701,-0.0027669574396668997
2019-01-28,-0.013697842369029451,-0.005019069811385045,-0.004760435162576317,-0.013697842369029451,-0.011099773244971002,-0.010672564650180408
2019-01-29,0.0044049459203563,0.007348023611799843,0.00648380550680968,0.0044049459203563,-0.0008773312978436732,0.011322486505832756
2019-01-30,0.0030380674219958274,-0.003100975512998235,-0.0028174483038033464,0.0030380674219958274,-3.758830501756102e-05,0.010470548989031866
2019-01-31,0.010686392712723713,0.011318260872050314,0.01196239128678332,0.010686392712723713,0.016678920874278535,0.011231659265934548
2019-02-01,0.009132389027595809,0.015383715037321902,0.015065565659354635,0.009132389027595809,0.005772292029816439,0.011941283809678063
2019-02-04,-0.006392958991776564,-0.008660370788603098,-0.007409453270409894,-0.006392958991776564,0.0017059248691862574,-0.008964115852922717
2019-02-05,0.0015934970069008787,0.002455580408663209,0.002327672724086099,0.0015934970069008787,0.0020231630833451035,0.006182962910709227
2019-02-06,0.01337485844123047,0.01758253192873902,0.016715650796124377,0.01337485844123047,0.011647333726075786,0.009280408603987773
2019-02-07,0.004755538029776994,0.0025269493901610087,0.0028024504014564815,0.004755538029776994,0.0006280717930916961,0.0027487039798021287
2019-02-08,-0.013586564772462175,-0.01055634215533102,-0.011759136733273487,-0.013586564772462175,-0.011429805188104512,-0.008844895484834796
2019-02-11,-0.01185637780429386,-0.01131243128409488,-0.011739771128697885,-0.01185637780429386,-0.005020054711538446,-0.0002666666666666667
2019-02-12,-0.0004163381556068356,-0.008649915145566553,-0.008640334184684236,-0.0004163381556068356,-0.005285360831624847,-0.0026248321563741937
2019-02-14,-0.009631147188089146,-0.0064872731556065814,-0.006880200904342505,-0.009631147188089146,-0.007911132252471094,-0.006429091577223961
2019-02-15,-0.004348655550804498,-0.006702825057568592,-0.008346418420829787,-0.004348655550804498,-0.0020166713974639474,-0.002090821214721521
2019-02-18,-0.007902838396593016,-0.011129518609322405,-0.009694179178776229,-0.007902838396593016,-0.007811771620307167,-0.008439765684122986
2019-02-19,-0.0008880963905380324,-0.007259410904359917,-0.008029064396043657,-0.0008880963905380324,-0.003445526538395949,-0.0006742569991859027
2019-02-20,0.012803266843948917,0.00959585943012695,0.00973601394433547,0.012803266843948917,0.01228711014362708,0.009602005275291123
2019-02-21,0.007352969930071586,0.006256443946157841,0.007459104805511544,0.007352969930071586,0.005054473607434973,0.006745252275923968
2019-02-22,0.0068123702374322925,0.008379413003595466,0.007751784130346939,0.0068123702374322925,0.00016688193630472358,0.008312594555232894
2019-02-25,0.007020236937274921,0.01527351413033555,0.01516197732502089,0.007020236937274921,0.008162673513503154,0.010881642128230552
2019-02-26,-0.00030641158168342656,0.003265062833447044,0.0029211371271686075,-0.00030641158168342656,-0.004126092031890748,-0.003512547587460475
2019-02-27,-0.0004940671265402622,-0.005873539563728617,-0.005751499570633712,-0.0004940671265402622,-0.0026475831003447124,-0.001727373313655952
2019-02-28,-4.688978818775979e-05,-0.008428117218734363,-0.008361191472645024,-4.688978818775979e-05,-0.0013102730795938819,-6.381109822657942e-05
2019-03-01,0.007996447100113487,0.0037706984529095443,0.0033733816823997686,0.007996447100113487,0.006557097745663337,0.005189237470111577
2019-03-05,0.015363533035379955,0.001712484834372858,0.0009298759208009834,0.015363533035379955,0.011345183958033887,0.009493948435224763
2019-03-06,0.004860907685715197,-0.0007146340134120744,-0.0005151322049064184,0.004860907685715197,0.0059481541776258,0.007525791275558064
2019-03-07,-0.005423180070183533,-0.006021763513832741,-0.005272628463225746,-0.005423180070183533,0.00047036753884395607,-0.004409798086599732
2019-03-08,-0.0026456573385484324,0.00029511761532197904,-0.0004510839923528732,-0.0026456573385484324,-0.002063929117607768,-0.0049895648986344075
2019-03-11,0.018486209264711586,0.006054993866862203,0.005904520233035679,0.018486209264711586,0.01194868284879883,0.015130788014558099
2019-03-12,0.0074200826625375775,0.008347998249523897,0.007725884749547567,0.0074200826625375775,0.011851926453906937,0.012275189556168778
2019-03-13,-0.0038740043712709137,0.005809098583593667,0.005732626489259436,-0.0038740043712709137,0.0035772840485137174,-0.002781260575005841
2019-03-14,0.0022476197920328345,-0.0026556007943502593,-0.0024576407130539237,0.0022476197920328345,0.00013663725743869715,-0.00021333333333333333
2019-03-15,0.00480806764416807,-0.003156335252294291,-0.0029919342105084036,0.00480806764416807,0.0073429617299341126,0.006290114929005335
2019-03-18,0.0012751435019286985,0.0027859545878817903,0.003066430779744846,0.0012751435019286985,0.003088866890158751,-0.0014939156452308238
2019-03-19,0.004020567984266137,0.005130997498345412,0.005773203768481874,0.004020567984266137,0.006105817158639563,0.009857450361442232
2019-03-20,-0.007095396971912203,-0.005994098794952482,-0.00496266708085397,-0.007095396971912203,-0.000984719142560533,0.0005531532799927846
2019-03-22,-0.002031680623026184,-0.002948592621863794,-0.0025207462075484866,-0.002031680623026184,-0.005583577314696379,-0.0037944049206530897
2019-03-25,-0.004475510665027554,-0.004576578136796101,-0.004119089780603158,-0.004475510665027554,-0.00900007950222714,-0.006016283154598316
2019-03-26,0.009181477822979017,0.0059204445648857705,0.005167680131508586,0.009181477822979017,0.011297328693216403,0.004871694610303797
2019-03-27,-0.002417643142478624,-0.0007918469634962042,-0.0005743338870579037,-0.002417643142478624,-0.003332146821462826,-0.0014102841517810523
2019-03-28,0.006741409958983516,0.008920881214324237,0.008173184087591037,0.006741409958983516,0.010858236155870985,0.012043491736449367
2019-04-01,0.012350388235669852,0.013441238292834737,0.011934187766786033,0.012350388235669852,0.008533099582725414,0.014236297468873449
2019-04-02,0.000850012622595841,-0.000654912,-0.0006469439999999999,0.000850012622595841,0.0037677868730356698,-0.0029658180136906053
2019-04-03,-0.006150372064854273,-0.0040034091764442874,-0.004165402509331813,-0.006150372064854273,-0.005929679070481917,-0.003964733905592234
2019-04-04,-0.0018471265231515244,-0.005197521334303923,-0.005714065924940042,-0.0018471265231515244,-0.00395407913661549,-0.004643558299561857
2019-04-05,0.006959674456305411,0.009557961707368067,0.009378982839044979,0.006959674456305411,0.005841689650914404,0.0037278163798619857
2019-04-08,-0.005326568179873817,-0.009175388409415706,-0.009275323970281014,-0.005326568179873817,-0.005281405184150887,-0.0018492834797782188
2019-04-09,0.006292527020419268,0.002391537172453847,0.002647721402052313,0.006292527020419268,0.005795590267793092,0.009792447997373761
2019-04-10,-0.0041378476519341525,-0.00774690761121786,-0.0076274394046814825,-0.0041378476519341525,-0.007537827950835446,-0.003450383536206934
2019-04-11,0.002236738379545989,0.0014245006716629904,0.0016084257175135114,0.002236738379545989,0.001069875484907893,-0.002047277070692353
2019-04-12,0.004374076456848832,0.0031691405094701136,0.002864540758547218,0.004374076456848832,0.004023215192085498,0.0055190765506874
2019-04-15,0.006239098064422443,0.007246651046340613,0.007166486586298761,0.006239098064422443,0.004019874826265466,0.004940820418398682
2019-04-16,0.006912718838167268,0.004015155370439877,0.004091830108924594,0.006912718838167268,0.008246306446581041,-0.00031999999999999997
2019-04-18,-0.004829237460356488,0.00027675309051624936,0.0007310334141600579,-0.004829237460356488,-0.002918494732110024,0.0011048360742528466
2019-04-22,-0.0008798360816326529,-0.008404129609617061,-0.008782816947705989,-0.011457522134577845,-0.013564941266796056,-0.014626461656276237
2019-04-23,-2.2287999999999984e-05,0.0013420798841344834,0.0017575552959865352,-0.0022227631954080114,-0.001596865278055509,-0.001171804563940903
2019-04-24,-1.7863999999999994e-05,0.013840383849362623,0.013844558557554468,0.011153653810443675,0.01289173694761699,0.014196778305096785
2019-04-25,-2.8088e-05,-0.005316395279134632,-0.005250795051712842,-0.0017198346479482677,-0.007219371112150696,-0.002259617361254113
2019-04-26,-1.654399999999999e-05,0.010214289264122364,0.010281062659685437,0.006824565540245433,0.00964688746996101,0.00689908085919397
2019-04-30,0.005336672642247233,0.007961502380058313,0.007672629645361948,-0.000297408123001417,-0.0005531255807526546,0.0016642765157258278
2019-05-02,-0.0007712663505332615,-0.009276347973428438,-0.008676181933080814,-0.0038361464412276854,-0.0019938224921164987,-0.008880143496937718
2019-05-03,-4.9223999999999975e-05,-0.008806165746038038,-0.008551224349077641,-0.0015356594183182375,-0.0010666895238500144,0.002307356012188965
2019-05-06,-2.946400000000001e-05,-0.009445583646252434,-0.009501537806918758,-0.008369395104639124,-0.00978107795702945,-0.011591840478617593
2019-05-07,-1.690399999999999e-05,-0.003018497016579081,-0.0035953260631969705,-0.007150160815400175,-0.008689780690377916,-0.008270759205547512
2019-05-08,-2.1999999999999785e-06,-0.01359792349922313,-0.014116838999449542,-0.008945401478417419,-0.012114430150335101,-0.010446057767813769
2019-05-09,-2.3055999999999997e-05,-0.003230266486150448,-0.0034981713727743743,-0.004185508607246037,-0.005088026035289156,-0.006299784881724824
2019-05-10,-2.236799999999999e-05,-0.005237213191681973,-0.005347717388182434,-0.004144855939380958,-0.0020282295690185756,-0.00015445925109023196
2019-05-13,-2.2448000000000023e-05,-0.004153815871399899,-0.004518111547533547,-0.01538015692124458,-0.011655690801341047,-0.006481843544191114
2019-05-14,-3.2904e-05,-0.0057898567149877464,-0.0050237072565499225,0.004374804177059048,0.006602508032110876,0.0033342740739806895
2019-05-15,-2.4288000000000005e-05,0.004170822757290694,0.0041100186230250794,-0.005862427404646729,-0.0058134718372332824,-0.00512421529440195
2019-05-16,-3.3639999999999996e-05,0.013882755103182005,0.013748930840899724,0.011256227721734825,0.00893190238330833,0.012725607323462958
2019-05-17,-2.7128000000000005e-05,0.013368351090242772,0.013091228573495012,0.010721602252928574,0.013241380029110123,0.014156196945486931
2019-05-20,-2.2823999999999983e-05,0.024142149223732888,0.024674213334167493,0.036447612782977354,0.03625035203017847,0.0443725723075907
2019-05-21,-8.6768e-05,-0.001602206664226474,-0.0012377136768013041,-0.01055193976075751,-0.010124454145348287,-0.0002666666666666667
2019-05-22,-1.1951999999999998e-05,-0.0011544944990431953,-0.0010512096389305946,0.004314202133520313,0.0024566721316128274,0.007712968215730393
2019-05-23,-1.3215999999999982e-05,-0.0059832576372298805,-0.006293071837584634,-0.00017342525615901387,-0.006911825598039294,0.0023756717816043305
2019-05-24,0.007473788405928729,0.010342070616132019,0.010130137556808421,0.01512279823160385,0.01591868987483049,0.017442020808276622
2019-05-27,0.009290429571950205,-0.008726724620893182,-0.008067826410249751,0.0063729794738923515,0.00678625187736734,-0.0016750200201513738
2019-05-28,0.005097430728150925,0.005048703578714515,0.004963342335484024,-0.00043113644109137164,0.00033538055526396364,-0.003869413558093871
2019-05-29,-0.002310995131396337,-0.0009097598119797001,-0.0010453701048090491,-0.007794884519020682,-0.005687347678687314,-0.010438836771154501
2019-05-30,0.008511477870423575,0.010675748008800227,0.010913075625172755,0.004132707460731571,0.007124050901094894,0.010697595773027611
2019-05-31,0.0030186540424742463,0.005901517252864661,0.005614372794686675,0.0016701773744085555,-0.001935638971628022,0.002511758923522163
2019-06-03,0.0159918161191728,-0.0008838159999999997,-0.0008647839999999997,0.01655820480713364,0.013806190447529239,0.017235864371991354
2019-06-04,-0.00524325260804295,-0.0029242685871688334,-0.0029242685871688334,-0.0063109349695179215,-0.0055494840533033855,-0.008006025650907607
2019-06-06,-0.0009469862246706223,-0.009897503872703538,-0.009897503872703538,-0.010000650785136681,-0.014908921111632112,-0.008170161670240109
2019-06-07,-0.0015082199422493726,-0.0006334848158930893,-0.0006334848158930893,0.0005808599132785178,0.0022686976453037896,0.0017197858942987788
2019-06-10,0.006504424017000054,0.007728534664151535,0.007728534664151535,0.004208199941221745,0.004375162508348263,0.0001384542072112295
2019-06-11,0.0006222939839580245,0.004919851808807756,0.004919851808807756,0.0032900562740790715,0.003591671280959742,0.003754951971466625
2019-06-12,-0.003864252544314626,-0.004148379493585634,-0.004148379493585634,-0.004245115049564146,-0.0049765444699523915,-0.007052432893034178
2019-06-13,0.0027393656510162853,0.0016990272437046414,0.0016990272437046414,0.0007532346348878968,0.0006590703001973485,0.003739959625526977
2019-06-14,-0.005621157513492259,-0.007002269092413459,-0.007002269092413459,-0.008691907437248441,-0.00764621523730026,-0.010756809234165733
2019-06-17,-0.005612564191850888,-0.012243518903175064,-0.012243518903175064,-0.01409224720127254,-0.012866448437943826,-0.015252596117190724
2019-06-18,0.004470283710234812,0.00411367271279435,0.00411367271279435,0.0032863862160048547,0.0016563861789982873,0.0051310183408988675
2019-06-19,-0.0011001003704518605,-0.010582474507396262,-0.010582474507396262,-0.0047765941350499915,-4.259914774167141e-06,-0.00772313708680833
2019-06-20,0.005309287193931837,-0.001989665334777969,-0.001989665334777969,0.012719550788007447,0.011928773907426743,-0.00031999999999999997
2019-06-21,-0.00788765175077376,-0.0033421686716673324,-0.0033421686716673324,-0.00620808593195103,-0.009140077037704798,-0.003512277391914594
2019-06-24,0.00014065327214694704,-0.0007641341286681222,-0.0007641341286681222,-0.0021746368041983847,-0.0020875587921609646,-0.000173842173175415
2019-06-25,0.00023313327112668854,0.010260514468825716,0.010260514468825716,0.006283916341972462,0.00823969509310694,0.0066091747383299395
2019-06-26,0.01145990350282828,0.008943669368631675,0.008943669368631675,0.008502491478846378,0.0043224233576614314,0.008776502881279893
2019-06-27,-0.000562581764141384,-0.0026517900267182233,-0.0026517900267182233,0.0008867726742316014,-0.0005065621089227406,0.002523395261713193
2019-06-28,-0.0028004700771299376,-0.0019990452929875206,-0.0019990452929875206,-0.0022493567159092894,-0.004460380187531091,-0.002895703843706109
2019-07-01,0.007031904513970184,0.011739019909832765,0.011739019909832765,0.0031468076039853506,0.006489288220080564,-0.0013225553036597835
2019-07-02,0.004395653745321427,-0.00048391999999999993,-0.00048391999999999993,0.003970189516263696,0.003760130979735517,0.007901302305009258
2019-07-03,-0.0003108695496084839,-0.00027977573685611867,-0.00027977573685611867,0.0009707337555394755,0.0005414178862205623,0.0015411639273337756
2019-07-04,0.002320570060967758,0.0009836127996471194,0.0009836127996471194,0.0037778764007071635,0.0025143014062712723,0.008663560973564537
2019-07-05,-0.016393001637528007,-0.018873717242899404,-0.018873717242899404,-0.018102430100233595,-0.011415241213692496,-0.01370780124671019
2019-07-08,-0.015596158936883858,-0.027545902918038656,-0.027545902918038656,-0.025229869649553947,-0.021614318798492883,-0.03317006553823559
2019-07-09,-0.008259309963513976,-0.015718459562927344,-0.015718459562927344,0.0028496592610323408,-0.0002335519922360358,-0.001355508388865064
2019-07-10,-0.0026867694795922343,-0.009608585643337528,-0.009608585643337528,-0.00882359930147621,-0.0049447502653284115,-0.011732738495951921
2019-07-11,0.008828435764181694,-0.00017086861381020928,-0.00017086861381020928,0.009319343580159204,0.007278493704286908,0.005678169352111145
2019-07-12,0.000291354770484825,-0.008698107285033624,-0.008698107285033624,0.0005188197833800252,-0.002628042532973005,-0.004720935118355659
2019-07-15,0.006315226419814218,0.002342777867341022,0.002342777867341022,0.0013278618864518824,0.003098385639232596,0.00203299754675547
2019-07-16,0.004037367277062711,0.008222706106107683,0.008222706106107683,0.008096385779553622,0.006386857732255645,0.006852131388112461
2019-07-17,0.0007375765570434318,-0.0001285623160660551,-0.0001285623160660551,0.00013280645670342748,0.00213278748103271,0.0002424118902631683
2019-07-18,-0.009881480393256665,-0.005872508939798344,-0.005872508939798344,-0.011736640040975282,-0.007782039913567366,-0.009690727824689173
2019-07-19,-0.00797462929740904,-0.012311707722521567,-0.012311707722521567,-0.0158414924459054,-0.015437326885714045,-0.00021333333333333333
2019-07-22,-0.004043943190090473,-0.005518162485076287,-0.005518162485076287,0.00015622550976516114,-0.00641762449493666,-0.004927798846308265
2019-07-23,0.00393711563175082,0.0037217134704689275,0.0037217134704689275,0.0021321451001120495,-0.001336175495625011,0.002812955401014554
2019-07-24,-0.0024680673747686692,-0.014150708066164312,-0.014150708066164312,-0.012707275964076723,-0.005287073265915101,-0.009724126966615718
2019-07-25,0.005370848390638872,-0.0006789503912219127,-0.0006789503912219127,-0.0006929636584442031,-0.001700398341321937,-0.004891227473266087
2019-07-26,0.0006230959326717364,0.014050205143585336,0.014050205143585336,0.008524851293646704,0.0028531055771835417,0.010564596700041146
2019-07-29,-0.010480394120617426,-0.008744418705285167,-0.008744418705285167,-0.014279723171848772,-0.008463316975262767,-0.006557643927058419
2019-07-30,-0.003294552493366993,-0.002583829410098668,-0.002583829410098668,-0.014079415930743381,-0.009320082365343962,-0.009332528667522325
2019-07-31,0.006163498003118177,-0.005155209268611038,-0.005155209268611038,0.009834307744461243,0.002936454076975709,0.0007220345763129517
2019-08-01,-0.008213463493284848,-0.006202490824825924,-0.006202490824825924,-0.010699719991457673,-0.012489980449893174,-0.01217216000558759
2019-08-02,-0.0015843340240738841,-0.00088947954000545,-0.00088947954000545,0.000880714298065433,0.001578863082899198,0.0010705349746838668
2019-08-05,-0.006647756257909291,-0.014299509754007036,-0.014299509754007036,-0.01229206627808642,-0.012328638591802651,-0.01501107479106824
2019-08-06,0.0037359495587112983,0.011130431313182847,0.011130431313182847,0.01280521595328014,0.007853965566277007,0.015369747753868663
2019-08-07,0.0009568737155641135,-0.007038575143009383,-0.007038575143009383,-0.008796580117064403,-0.00850776214660283,-0.012077200329446673
2019-08-08,0.018495052091432276,0.013309592517098765,0.013309592517098765,0.015013296102619738,0.016169083798241606,0.016251351846711903
2019-08-09,0.0012583597812688796,0.009137824484006766,0.009137824484006766,0.003483127801662588,0.006973187375465333,0.005872895605605592
2019-08-13,-0.020156562771614744,-0.030405893740841322,-0.030405893740841322,-0.024055202176702373,-0.016682629759426824,-0.029018531106687537
2019-08-14,0.005151971642490094,0.009567723885918205,0.009567723885918205,0.01204973018455059,0.009432964697282421,0.017397331343341118
2019-08-16,0.0063465029179292625,0.0018567470897552158,0.0018567470897552158,0.006783134206172698,0.00166682533651526,0.004543125527374241
2019-08-19,-0.0021918257009874743,0.005724821996576368,0.005724821996576368,-0.0010600370990935372,0.0005520467691192048,0.0001319700414309427
2019-08-20,0.002647352736921865,-0.001304617085560003,-0.001304617085560003,-0.003703330140932315,-0.0033438078514244876,-0.007747407003017299
2019-08-21,-0.007219240149313881,-0.006298000510239344,-0.006298000510239344,-0.010362553887664107,-0.008962600859057328,-0.00031999999999999997
2019-08-22,-0.007959504915346171,-0.009565301686499834,-0.009565301686499834,-0.014206221399659746,-0.016376190359974212,-0.020230616598870495
2019-08-23,0.003780973511747167,0.010040524371310755,0.010040524371310755,0.01189084985825195,0.008159261534645986,0.013836720748220985
2019-08-26,0.014326381951687426,0.021493115945838404,0.021493115945838404,0.01430284989100873,0.020880542984676998,0.02223614515750659
2019-08-27,0.005999609764607536,0.002491567284251235,0.002491567284251235,0.007353915173575814,0.004286391351556263,0.005928082157075055
2019-08-28,-0.005782060046965151,-0.0054729884525083015,-0.0054729884525083015,-0.006388910118342428,-0.005349549884040612,-0.0023254609172981087
2019-08-29,-0.0004198412963821094,-0.0056428237537668804,-0.0056428237537668804,-0.001528934457338945,-0.008893213897011299,-0.008866167790659601
2019-08-30,0.004078248230178667,0.010316907701667752,0.010316907701667752,0.006709657928148567,0.00682250334649108,0.005641257133957257
2019-09-03,-0.014826789742095302,-0.016343113217105944,-0.016343113217105944,-0.019556217540001003,-0.020654971620241963,-0.023759200293577365
2019-09-04,0.0063838646007181215,0.0007280843287565731,0.0007280843287565731,0.002649573504013088,0.004320199886309888,0.004353583639578547
2019-09-05,0.008445460628407776,0.0019024761453391658,0.0019024761453391658,0.008058491271376493,0.00029964203445609783,0.002241312165512276
2019-09-06,0.0073048263952183905,0.008651314390213822,0.008651314390213822,0.010759772964148286,0.00902083303672415,0.009128072873366927
2019-09-09,-0.0019212576636883029,0.009392384138982957,0.009392384138982957,0.0049496663461546285,0.005180107429441778,0.005057782608955275
2019-09-11,-0.004732294826713724,-0.0035484492030149637,-0.0035484492030149637,0.0037119787644129113,0.0029630005796600876,-0.0006929304830320916
2019-09-12,-0.005035505847314643,-0.010284806728694022,-0.010284806728694022,-0.005387376240391915,-0.004805095025496559,-0.004447165117888088
2019-09-13,0.004391117851007927,0.011540305962793197,0.011540305962793197,0.009275871607980728,0.008441217109748283,0.012699284787145947
2019-09-16,0.00040069674399611024,0.003310917172308508,0.003310917172308508,-0.004572872106846657,-0.006558207998363749,-0.0067569296166221345
2019-09-17,-0.00901163575357565,-0.015283465159274626,-0.015283465159274626,-0.01805180805348467,-0.017039002763312223,-0.012159321925982451
2019-09-18,-0.0005046029485430057,0.004607499953555114,0.004607499953555114,0.00429130665019008,0.002128592102631135,0.007630762488436832
2019-09-19,-0.005445580669527229,-0.011283219216127741,-0.011283219216127741,-0.011922910744765538,-0.012610772583449698,-0.010437265143096917
2019-09-20,0.0335558578897185,0.04953872131554609,0.04953872131554609,0.05343076250636286,0.051824725995144275,0.052873398163518756
2019-09-23,0.0007157900123461909,0.02353917613120109,0.02353917613120109,0.02112550672928971,0.028505409421526316,-0.00042666666666666667
2019-09-24,0.0032114593315472903,-0.006953827271126239,-0.006953827271126239,-0.005192329749326211,-0.0010350003337080292,-0.007597124074911609
2019-09-25,-0.0016205344568614843,-0.005766837789862393,-0.005766837789862393,-0.0103760756041853,-0.01285387045749521,-3.0036386373267793e-05
2019-09-26,0.008463717573414211,0.010317704519441577,0.010317704519441577,0.016845958017758223,0.011385783826013006,0.017309630879553957
2019-09-27,-0.0019005400407071968,-0.002912025009647423,-0.002912025009647423,-0.007691704155978071,-0.005094519950938459,0.0033178170543565356
2019-09-30,0.0032097101932591016,9.961709176429341e-05,9.961709176429341e-05,-0.0015133872666589691,-0.003301907727659163,-0.00035809199366733244
2019-10-01,-0.009166079102642808,-0.011772925283513501,-0.011772925283513501,-0.013939519878351445,-0.01003319671254013,-0.01495506022983719
2019-10-03,-0.0056157598786866405,-0.0013339616080568957,-0.0013339616080568957,-0.0020668526818159515,-0.004048747902700529,-0.002965194911802816
2019-10-04,-0.010165175613526487,-0.012747342322007605,-0.012747342322007605,-0.012462037823436614,-0.012384128036227408,-0.016724446599796033
2019-10-07,-0.003005577512697412,0.0027660487921699903,0.0027660487921699903,-0.006018659089633753,-0.004336070945390455,-0.00455205947694417
2019-10-09,0.009028002239616448,0.006763002546979344,0.006763002546979344,0.015072152435453538,0.016658309554353663,0.023630413791514846
2019-10-10,-0.005729334607258641,-0.006019973623821376,-0.006019973623821376,-0.00485469787685257,-0.006985173448092334,-0.0053860990824567
2019-10-11,0.009804926238864236,0.003953250076729947,0.003953250076729947,0.008821002299038419,0.006255677219734019,0.010020723869280775
2019-10-14,0.0005625337546239998,0.007037538197964063,0.007037538197964063,0.0069579115929558465,0.0031882272704231176,0.00574853173406035
2019-10-15,0.010470611894547639,0.008048291302362684,0.008048291302362684,0.010855391033048962,0.007654979710518189,0.009156336625026455
2019-10-16,0.006854220805454469,0.013088272418983346,0.013088272418983346,0.005571561368813745,0.0031189722795879394,0.009228355600804376
2019-10-17,0.009289640694577092,0.009099626290827086,0.009099626290827086,0.011344920499583269,0.010615956850818441,0.010912960425193506
2019-10-18,0.009283473343816882,0.011417948492660843,0.011417948492660843,0.008960286014961556,0.006495149556810502,0.01220764579212807
2019-10-22,0.0016131851290995662,0.002249522512369009,0.002249522512369009,-0.0005887611924904999,-0.006322547531982618,0.0030992958717852097
2019-10-23,0.00516910663428197,0.0038380231604913696,0.0038380231604913696,0.00035431321372301973,0.0013582008758651655,-0.004456072260916961
2019-10-24,-0.005454680496162096,-0.0005053782858730383,-0.0005053782858730383,-0.0031834325112200094,-0.001854512016487498,0.003493561202984709
2019-10-25,0.00048622653140428167,-0.0009181532242381488,-0.0009181532242381488,0.0013017842922795947,0.00011229846989121649,-0.0002666666666666667
2019-10-29,0.013127599901555024,0.016558580050337068,0.016558580050337068,0.015654391471760086,0.017368233407476515,0.0032887414382507846
2019-10-30,0.0030760993438709327,3.555998155714427e-05,3.555998155714427e-05,0.00380120486513571,0.004845350178432992,0.004003385145636446
2019-10-31,0.0017163324865298872,0.006499433587030078,0.006499433587030078,0.005721709511082997,0.0028118405572833054,0.004279609705739901
2019-11-01,-0.003512108889669704,-0.001039272,-0.000986872,5.101308905629471e-05,0.0011064782775295006,-0.006264528918042937
2019-11-04,0.000519643390496287,-0.0061661997119784795,-0.0038577203259082243,0.0019759523270265257,0.004254824252091804,-0.00011802193661341302
2019-11-05,-0.0038102036430542217,-0.009252777223280769,-0.009127964556335421,-0.004313545607488927,-0.002020212299297299,-0.003942266591638096
2019-11-06,0.002620578714401726,-0.011146452246244103,-0.011695495598300569,0.0007617778186477604,0.004090706038353768,-0.0035240317523245164
2019-11-07,0.0023098297962798344,-0.001073176514254667,-7.416324513748705e-05,0.0020793941337376707,0.003836839214212366,0.004099880896159577
2019-11-08,-0.01419261148501014,-0.016302990400818868,-0.016063044767515012,-0.011252096511797078,-0.008687223905779385,-0.011102829062578728
2019-11-11,-0.0019794401950165926,-0.0026319775716779313,-0.0020427424382412247,-0.0008220534875866366,0.0004449579074941643,0.001991623482590153
2019-11-13,-0.00013539459686333355,0.009566424618784413,0.007214315601362351,-0.009299777089906779,-0.006146378372844679,-0.004553877245610506
2019-11-14,0.0016648774651153286,0.002957101625666132,0.004732338067758957,7.596169104411802e-05,0.0026694246816312177,0.0074255765995721
2019-11-15,-0.002989904653086573,-0.0023326426309425124,-0.0035620948283269127,0.001204209596054448,0.001964913812506188,-0.002994678185269782
2019-11-18,-0.0042581218970235086,-0.0013777264017368158,-0.0009041894362971847,0.0025346965013606443,-0.0009209603886071214,-3.80050845360673e-05
2019-11-19,-0.0033354050914013783,-0.011500712172617574,-0.01161108561887763,0.0012139845104485241,0.004667420332106962,-0.0063837406321795975
2019-11-20,0.004465086586271708,0.008735377009197014,0.009546126257431264,0.006667684652236059,0.004929163997457979,0.004826251392659095
2019-11-21,-0.0006962754493164323,-0.006574186484371,-0.00864123842802383,-0.006131240514558634,-0.0025617386493080496,-0.001551565372586702
2019-11-22,-0.006046149944891685,-0.005685611477278727,-0.006065297192281242,-0.0021805939006939515,-0.004522090396049399,-0.006823209158525026
2019-11-25,0.00869143495112129,0.01489514836656771,0.013830818028298882,0.015718747615654397,0.013285889135891809,0.011980332116360515
2019-11-26,-0.004486577658913407,-0.0036438609772005514,-0.0037393838737962617,-0.006563489337568473,-0.0029902665544935493,-0.0009046289465255897
2019-11-27,0.002582640481587096,0.001036542912436167,0.0017303087368994033,0.006443721351901408,0.005219910352766259,-0.00016
2019-11-28,0.0030857048069391937,0.004524991347410334,0.004925190697342997,0.006114354779603196,0.004160529350791835,0.0049173279683808755
2019-11-29,-0.007495219243817197,-0.009455363246902129,-0.009160903556208251,-0.007412484328573356,-0.00785725523266999,-0.004577432258988547
2019-12-02,-0.005947378536378162,-0.000659248,-0.0006043439999999999,-0.005440142377404428,-0.000651305031476376,-0.004339095897962882
2019-12-03,0.0017996648362131624,0.0015864494811559113,0.0018867516358442803,-0.005979951460584237,-0.004492071500914214,-0.00023971950193288046
2019-12-04,0.0038262325234686197,0.004607858723134444,0.00419788694986521,0.0066644245720934555,0.0040769856204158446,0.011114329262464159
2019-12-05,-0.002415843823183189,-0.007710181510423096,-0.007629995498357853,-0.006364970645821288,-0.002061360247465576,-0.005546434172285622
2019-12-06,-0.0045232770239501535,-0.003990456622195302,-0.00363389780552213,-0.008725134121511694,-0.00809534862199821,-0.004886484057202404
2019-12-09,-0.005412286918420513,3.524322586724929e-05,-0.0006146092842538417,0.0002167069861600773,0.0013412131605239934,-0.0022955958737810433
2019-12-10,-0.007349967134786653,-0.0037979253638889317,-0.004231866243651636,-0.00844976103652591,-0.006783179618895446,-0.0038759222693802785
2019-12-11,0.0044333308992716685,0.003204615976620113,0.003093095546068819,0.004268813368147467,0.004489484356039674,0.004371637586165603
2019-12-12,0.0036767405489130994,0.004624604419365156,0.004875499428200708,0.008256058538738115,0.005162857346029799,0.00812255202926019
2019-12-13,0.00699931234130808,0.004430696839531235,0.004566540553453344,0.00820064710370571,0.009551822783961173,2.5674683352241436e-05
2019-12-16,-0.0016212161259267785,-0.006704296293145477,-0.005877995586805536,-0.005420341150125586,-0.002713267419203363,-0.0057424936227268115
2019-12-17,0.008192825615701893,0.011393816553346543,0.01062954264863233,0.0071270934770361494,0.009170552980705609,0.006649489730401099
2019-12-18,0.005138971104737108,-0.0035865833767787314,-0.0028595912654323092,0.0026664939950035702,0.004646024904610523,-0.002461591374407139
2019-12-19,0.003219708247543542,0.007425191564577941,0.007762225516402953,0.003364174854085622,0.003108475179285728,0.006214174796631234
2019-12-20,0.004806020638073055,0.010773520777803941,0.010544769480250944,0.004765528016379478,0.0009864549951019103,0.009014075223701169
2019-12-23,0.00199428702221178,0.0001875203249099497,0.00012236333118918015,-0.001002222084022893,-0.0007377192709850936,0.00011588528792073774
2019-12-24,-0.001104989937717109,-0.004341849893017182,-0.004293348450892244,-0.0010710536377420675,-0.003938363953434116,-0.0034545279504373323
2019-12-26,-0.005851455487139943,-0.003798974451697467,-0.003672600208660098,-0.003784041494913463,-0.007230600491364134,-0.0022799110842256025
2019-12-27,0.00621520683092335,0.010472275877050448,0.009897562187075291,0.008584408921055275,0.009785757510884093,-0.00016
2019-12-30,0.0005172536885692582,0.0023225498283754214,0.0024358687262782115,0.0030308991261971748,0.0008203370378256411,0.0011788548199834395
2019-12-31,-0.004058529590192878,-0.008095584014613562,-0.008286756925362118,-0.0046118072117221215,-0.007156789574995062,-0.005459471627911312
2020-01-01,,,,,,0.00019583306367095335
2020-01-02,0.007780963590634436,-0.0012710453877551018,-0.0012710453877551018,0.007780963590634436,0.008150579934013252,0.00724132033503331
2020-01-03,-0.004919809445522021,-0.003507257095566976,-0.003507257095566976,-0.004919809445522021,-0.004533048142335533,-0.006019518012749999
2020-01-06,-0.016290795405882286,-0.014678254007225859,-0.014678254007225859,-0.016290795405882286,-0.01929072847314149,-0.020924765936321157
2020-01-07,0.003778541010796652,0.002755257927320278,0.002755257927320278,0.003778541010796652,0.004982160403270252,0.00467360788687439
2020-01-08,-0.003311739524639409,0.006167816659192593,0.006167816659192593,-0.003311739524639409,-0.0022925703434345888,0.0021024724605617122
2020-01-09,0.013886012337225197,0.01252776605929339,0.01252776605929339,0.013886012337225197,0.015721524760104574,0.0170067102388014
2020-01-10,0.004159918240105963,0.004427120986686415,0.004427120986686415,0.004159918240105963,0.003342455210374022,0.0033990937651488303
2020-01-13,0.007746529803478129,0.010045927208830838,0.010045927208830838,0.007746529803478129,0.005917935234497193,0.00801550365459389
2020-01-14,0.005297740051731987,0.0156315099425492,0.0156315099425492,0.005297740051731987,0.0026526987425187607,0.008912019298881128
2020-01-15,0.0006202786263856877,0.0028509292147586096,0.0028509292147586096,0.0006202786263856877,-0.0015381131440847836,0.003462407936063657
2020-01-16,0.0004252889175544385,0.0016380342612017118,0.0016380342612017118,0.0004252889175544385,0.0009879181499700635,0.006395774057836486
2020-01-17,0.0017278146981319399,0.007640033152816217,0.007640033152816217,0.0017278146981319399,-0.00025501131760789477,0.00852883972021199
2020-01-20,-0.007856221095325968,-0.005568653613074681,-0.005568653613074681,-0.007856221095325968,-0.01040008785925209,-0.004087497820069836
2020-01-21,-0.0063571895873538635,-0.0018798222984723174,-0.0018798222984723174,-0.0063571895873538635,-0.004484659455009181,-0.002594759245279887
2020-01-22,-0.0042497682324713635,0.006214070492296879,0.006214070492296879,-0.0042497682324713635,-0.005185979163736476,0.00041943756125090354
2020-01-23,0.007758551412615814,0.008125178423039732,0.008125178423039732,0.007758551412615814,0.0060483951593072694,0.00891835591820805
2020-01-24,0.005165739163640903,0.002139005445851305,0.002139005445851305,0.005165739163640903,0.005559104211847819,0.001329100171980609
2020-01-27,-0.006473551001418546,-0.008249892315027258,-0.008249892315027258,-0.006473551001418546,-0.010608600656474901,-0.00021333333333333333
2020-01-28,-0.005909764955530473,-0.008894196781346899,-0.008894196781346899,-0.005909764955530473,-0.005228613250633523,-0.004382432975019894
2020-01-29,0.006932407982647043,0.013685884735901502,0.013685884735901502,0.006932407982647043,0.006094646255253335,0.0055962629768253145
2020-01-30,-0.008402390975492117,-0.009170600168805634,-0.009170600168805634,-0.008402390975492117,-0.007754976405079576,-0.004321195806933537
2020-01-31,-0.009723338847953289,-0.005257007877823847,-0.005257007877823847,-0.009723338847953289,-0.006142239847635705,-0.005498193905963663
2020-02-03,-0.013555204564928355,-0.011607331531314307,-0.011607331531314307,-0.013555204564928355,-0.02147942474929971,-0.004539488865030959
2020-02-04,0.018878233131477035,0.012904891030728994,0.012904891030728994,0.018878233131477035,0.02294554852001912,0.011745062336524975
2020-02-05,0.006693150082104558,-0.00029267999999999997,-0.00028082399999999994,0.006693150082104558,0.009098978920125088,0.010689515755224501
2020-02-06,0.005441003922587894,0.00945546541650637,0.009765082348171899,0.005441003922587894,0.00402853577236436,0.009288452155654551
2020-02-07,0.001982662360016112,0.0053491390619648735,0.005781217486082558,0.001982662360016112,-0.003267876820959125,0.00047954625938815025
2020-02-10,-0.010490358059248545,-0.0037175038507858207,-0.003815855776261628,-0.010490358059248545,-0.005540836887552729,-0.0035446954603817445
2020-02-11,0.006293034562520761,-0.0030952652683438114,-0.003386278782216686,0.006293034562520761,0.0063299538920958175,0.0022521242321785558
2020-02-12,0.0039359649180419065,0.0056570312783439155,0.005365378447264306,0.0039359649180419065,0.0076761591804553895,0.004957669273858024
2020-02-13,-0.0005518894664912801,0.0017464870920959779,0.00144412802482376,-0.0005518894664912801,-0.002178370358219195,0.001799261842039421
2020-02-14,-0.0056360287306337995,0.006869912743303491,0.007141995160475004,-0.0056360287306337995,-0.005039531569823334,0.002819395914054801
2020-02-17,-0.00766267270455669,-0.0075666641737019685,-0.007767847154001764,-0.00766267270455669,-0.005600386389670753,-0.008673002336914624
2020-02-18,-0.0023120422056748745,-0.008661170280927322,-0.00862793647050664,-0.0023120422056748745,-0.004434580853707973,-0.0031005178091137123
2020-02-19,0.010322128265422567,0.011600332862271037,0.011821126573435894,0.010322128265422567,0.011062238693018929,0.012493050127826585
2020-02-20,-0.0022260966627967154,-0.005187940444628113,-0.005015582385977548,-0.0022260966627967154,-0.003722171151700223,-0.005459773237837688
2020-02-24,-0.023267724865179876,-0.020906313613994768,-0.02111625827646414,-0.023267724865179876,-0.02103353072205037,-0.024115734960999835
2020-02-25,-0.004356883878838515,-0.0020154967306957533,-0.0018227270341490069,-0.004356883878838515,-0.002666408571566386,-0.006368352997612445
2020-02-26,-0.010548127715296238,-0.0068736324054682486,-0.006985410659673278,-0.010548127715296238,-0.010172038146389433,-0.00016
2020-02-27,-0.00458836601053613,-0.0014573967644125473,-0.001772983224325622,-0.00458836601053613,-0.0038778860778288546,-0.0016285379447001512
2020-02-28,-0.03799694010477511,-0.04056181658172858,-0.04120561817179587,-0.03799694010477511,-0.0378016423222764,-0.03652996832641459
2020-03-02,-0.0009524048979591837,0.0018351761600519968,0.002336122426790032,-0.009029314943334758,-0.0061788013630017435,-0.0046217716909230724
2020-03-03,-3.0072000000000003e-05,0.021929719193808955,0.021413379245184844,0.02526586813660212,0.015203486470954998,0.019430617293626315
2020-03-04,-0.0001258,-0.004605902813910579,-0.005361464767718656,-0.002019200903876719,-0.0046376876143074345,-0.003015825345710281
2020-03-05,-4.498399999999999e-05,-0.000358192,-0.00036444799999999996,0.0025256581497101905,0.0015985793812774052,0.00027781623488468154
2020-03-06,-2.5415999999999992e-05,-0.018016092270732278,-0.018016092270732278,-0.022244550988267206,-0.02511985353017798,-0.020424690685462658
2020-03-09,-4.9247999999999987e-05,-0.038694913309679224,-0.038694913309679224,-0.04358957497565435,-0.05019499598647564,-0.04147587315089576
2020-03-11,-0.000154608,-0.0083910476880686,-0.0083910476880686,-0.008024287216993007,0.0006647771623133455,-0.004983528573875154
2020-03-12,-1.1464000000000014e-05,-0.06906295272958274,-0.06906295272958274,-0.09003102751560518,-0.08666894981793948,-0.08403174988674855
2020-03-13,-0.00038676799999999995,0.030097671862188816,0.030097671862188816,0.028528836001395264,0.03735847654239177,0.025364417000043937
2020-03-16,-3.8216000000000015e-05,-0.05116704891037597,-0.05116704891037597,-0.07078130327873892,-0.07917416945110371,-0.0588781796648913
2020-03-17,-0.00029119199999999996,-0.02899201471530313,-0.02899201471530313,-0.01900409636572472,-0.02536415171509603,-0.02725712543077236
2020-03-18,-4.5896e-05,-0.08655042471524356,-0.08655042471524356,-0.05752191714795605,-0.05716792711513327,-0.07314838992038056
2020-03-19,-0.00034701599999999996,-0.016898230763844918,-0.016898230763844918,-0.035916959141822996,-0.02454659954775134,-0.04422487594385978
2020-03-20,-6.957599999999999e-05,0.057638002363617366,0.057638002363617366,0.057453524459588914,0.05669138794443699,0.06573785617468125
2020-03-23,-0.00039606399999999995,-0.14306914935384724,-0.14306914935384724,-0.13866267644334945,-0.13903756461051203,-0.160800055002108
2020-03-24,-0.0004808639999999999,0.04818715706306818,0.04818715706306818,0.022247906956829943,0.024762292138464665,0.04011859064114977
2020-03-25,-9.259200000000002e-05,0.0675262203487898,0.0675262203487898,0.046173549938139234,0.06414544603118057,0.06585865550179147
2020-03-26,-0.000124048,0.04619506615648903,0.04619506615648903,0.03716322565962687,0.03816665439616388,0.0371914890391064
2020-03-27,-0.000136232,-0.026862033634821085,-0.026862033634821085,-0.009250803927983692,0.002173175106963937,-0.0002666666666666667
2020-03-30,-3.985599999999999e-05,-0.016475429599444397,-0.016475429599444397,-0.025552819165083288,-0.04476782787370225,-0.022899159712647037
2020-03-31,-8.831999999999998e-06,0.03930114118888412,0.03930114118888412,0.03505341690988026,0.03752477847769833,0.047743437973335454
2020-04-01,-0.00013112,-0.03436328403638651,-0.03436328403638651,-0.03375175971879329,-0.040826864424490454,-0.03945821137937239
2020-04-03,-7.424e-05,-0.0005393069233629844,-0.0005393069233629844,-0.012329257429363982,-0.02081164185069997,-0.005183094349188273
2020-04-07,-1.0848000000000009e-05,0.09318156982518765,0.09318156982518765,0.08502567505516066,0.08400295216282225,0.08420266089056147
2020-04-08,-0.00036928,0.013049505623387565,0.013049505623387565,0.002610991402863964,-0.004954153987953298,0.00466128332928669
2020-04-09,-1.5464000000000003e-05,0.02142707334749632,0.02142707334749632,0.037800351663216394,0.0406704613937413,0.02612120454549483
2020-04-13,-0.000144704,-0.003775969203868534,-0.003775969203868534,-0.005467553265049116,-0.013040327423561648,-0.01321147919548095
2020-04-15,-4.615999999999999e-06,0.014079992601165613,0.014079992601165613,0.004471178276224333,-0.007651048328648555,0.01889909810209605
2020-04-16,-3.107200000000001e-05,0.013787105405145737,0.013787105405145737,0.008896844741883927,0.007534316783542481,0.008154744259485664
2020-04-17,-3.641599999999999e-05,-0.0012466462892756168,-0.0012466462892756168,0.019396425885683247,0.03000848934711599,0.007902414263031265
2020-04-20,-3.537600000000001e-05,0.0012436108700076423,0.0012436108700076423,-0.008085276661081657,-0.0005289542483047096,-0.002844940929484398
2020-04-21,-3.5336000000000015e-05,-0.01914826377369401,-0.01914826377369401,-0.03438812801660111,-0.030742409586860843,-0.03091622154968187
2020-04-22,-2.5535999999999984e-05,0.02409293414950692,0.02409293414950692,0.016290643167160983,0.022660713376927297,0.017404275759867596
2020-04-23,-1.8871999999999998e-05,-0.0018323395194621813,-0.0018323395194621813,0.0058252371987958535,0.013685875581327233,0.004219612190311368
2020-04-24,-1.619200000000002e-05,-0.027631640448554772,-0.027631640448554772,-0.02122166008263122,-0.017273269224786485,-0.022781688884195926
2020-04-27,-1.3648000000000014e-05,0.03774997410655342,0.03774997410655342,0.020644240526642727,0.01387465918374464,0.02517080916118902
2020-04-28,-1.8824000000000005e-05,-0.005017493062694176,-0.005017493062694176,0.006282561507563472,0.010566409007242056,0.008408545809131208
2020-04-29,-2.5008000000000005e-05,0.007866094512380564,0.007866094512380564,0.012115530259928658,0.01821608855026957,0.009511030353832585
2020-04-30,-1.4935999999999987e-05,0.01182232302969339,0.01182232302969339,0.03278702464512683,0.03158422875946422,0.013566387075408203
2020-05-04,-9.434399999999996e-05,-0.028240043501869337,-0.028240043501869337,-0.054309425220149296,-0.059160835126554547,-0.00042666666666666667
2020-05-05,-6.195999999999998e-05,-0.0035769350422821733,-0.0035769350422821733,-0.009151118349751151,-0.009503278972569803,-0.00655211550027519
2020-05-06,-1.8880000000000006e-05,0.01393066755745348,0.01393066755745348,0.006356744861657587,0.0070685522845568985,0.0010227210268641703
2020-05-07,-7.535999999999985e-06,-0.006619688799610901,-0.006619688799610901,-0.007160746860281234,-0.0077803077564110755,-0.007057797100484266
2020-05-08,-1.9144e-05,0.027625092128977326,0.027625092128977326,0.0022400440311262683,0.005685503917787226,0.015873169633351343
2020-05-11,-1.6080000000000058e-06,0.0001331192409998157,0.0001331192409998157,0.0052222438993248564,-0.001330377581346701,0.0011745272836560783
2020-05-12,-4.1439999999999895e-06,0.007109189254255153,0.007109189254255153,0.004494483664750751,-0.004626930470959459,-0.00565479404857052
2020-05-13,-1.626399999999998e-05,-0.010246389545505677,-0.010246389545505677,0.01655255872670296,0.02012974293547344,0.0018290598616954278
2020-05-14,-1.5951999999999986e-05,-0.013438147851614783,-0.013438147851614783,-0.016750275852516296,-0.025996919937107583,-0.016063780909541282
2020-05-15,-2.6559999999999983e-05,0.0032453576578679033,0.0032453576578679033,-0.0024014266040751917,-0.0006455711236580218,0.0012941720780161696
2020-05-18,-1.3119999999999935e-06,-0.03517594720102894,-0.03517594720102894,-0.03820551958785,-0.03492536149006188,-0.011034313688699194
2020-05-19,-3.026400000000001e-05,0.022323850256811974,0.022323850256811974,0.010140352518802206,0.006309873650596998,0.011884677702484704
2020-05-20,-1.5207999999999987e-05,0.013148258760563131,0.013148258760563131,0.020024538003190814,0.020891638839326522,0.014086502423696131
2020-05-21,-4.2344e-05,0.004518144774473504,0.004518144774473504,0.0050890652705514626,0.004369195599480915,0.001611058302364315
2020-05-22,-3.150400000000001e-05,-0.0023807994118160386,-0.0023807994118160386,-0.0035277153976720466,-0.00738478460081561,0.005557830750701448
2020-05-26,-3.1607999999999986e-05,0.008535275735356418,0.008535275735356418,0.0064903375268761145,-0.00112907097030296,-0.006687349511662521
2020-05-27,-4.303999999999986e-06,-0.00016243339898210345,-0.00016243339898210345,0.023145271030011544,0.0311735219299972,0.01170311060288891
2020-05-28,-1.962400000000001e-05,0.008863233444916543,0.008863233444916543,0.015455665491279785,0.018628451492543274,0.006607551503313313
2020-05-29,-1.4311999999999974e-05,0.012904312067950124,0.012904312067950124,0.018374883720816908,0.009459777532853096,0.012704281706055042
2020-06-01,-7.7496e-05,-0.00046110399999999994,-0.0007011039999999999,0.020386816812897904,0.025338352659720637,0.010327799532169819
2020-06-02,-5.279199999999999e-05,-0.010097722818395997,-0.0018492998975617337,0.009275475537416034,0.015445627746472025,0.006045778046791523
2020-06-03,-1.501600000000002e-05,0.0038971862298392127,0.007475109142977175,0.0062283750162551825,0.008228342186278518,-0.00016
2020-06-04,-3.736000000000014e-06,0.016093661751405433,0.00850188469612901,0.0003970991534378586,-0.003230380747065696,0.012378388730229726
2020-06-05,-1.843200000000003e-05,0.004032181393597396,0.011999407512006698,0.014571191554371778,0.01120921756965851,-0.0017371471803931252
2020-06-08,-8.27200000000002e-06,-0.007785390750838491,-0.0059528574527131705,0.005451635279735545,0.0024914146063167966,-0.0033852503626255913
2020-06-09,-3.6000000000000024e-06,-0.0025859500051804603,-0.006038251571817793,-0.008910839580289768,-0.011952175882067815,0.0002704631187544293
2020-06-10,-5.623999999999992e-06,-0.004092923225327456,-0.0002488572203921142,-0.0008856699391107598,0.006893910822071789,0.0012239497602462065
2020-06-11,-8.672000000000018e-06,-0.012240468814153034,-0.017753940549329716,-0.01759921228187558,-0.021396438367806456,-0.015078850206011202
2020-06-12,-2.4992e-05,0.0018671363030864274,0.002311874293782418,0.006776899157765528,0.007134696525776951,0.004770596037919129
2020-06-15,-1.106399999999998e-05,-0.008820814660540811,-0.016418305706918,-0.016971226463151516,-0.016092064938005003,-0.002605935587943455
2020-06-16,-3.9471999999999984e-05,-0.001991312646872187,0.003567041879480366,0.0023635397477847087,0.010168511071378764,-0.002567684628970386
2020-06-17,-2.1344000000000004e-05,0.00017115115706728325,0.0011163782906030168,-0.00040312646912934,-0.0033189583187083734,9.468742347984059e-05
2020-06-18,-1.1575999999999994e-05,0.006762326605549986,0.00992785988930598,0.015374211225646426,0.021079446670088396,0.0033633475257527625
2020-06-19,-1.3415999999999975e-05,0.005614506256103878,0.010857351851608405,0.011707538914361014,0.015022865002949488,0.00821117565111262
2020-06-22,-1.8672e-05,0.010374554876196752,0.009806618418448885,0.013680919074841454,0.006499449097502718,0.007535356935575254
2020-06-23,-2.6648000000000003e-05,0.01747601759514828,0.016635847190602293,0.02121291414583142,0.015378829255110686,0.013383510305179595
2020-06-24,-2.8144000000000007e-05,-0.015301005334168538,-0.02530219760037674,-0.01962911760956953,-0.015951224257763807,-0.011978796024816775
2020-06-25,-3.4431999999999985e-05,0.0008449136901160247,0.0009825807850774803,-0.001798619822833304,-0.0015926248529521327,-0.0027340333140816533
2020-06-26,-1.2615999999999999e-05,0.001718655535552189,0.0030408443488361514,0.006806955228653758,0.00910417112670767,0.00661568242541366
2020-06-29,-2.3999999999999994e-05,-0.0006415876751032904,-0.0028845179753512334,-0.010593538669243894,-0.006822760798075913,-0.0015318621183643207
2020-06-30,-9.464000000000025e-06,0.0016801572429532468,0.0009421016803163383,-0.0007593293630540354,-0.0009993724909477652,-0.002295134525838769
2020-07-01,-1.1288e-05,-0.009072297249645919,-0.0013351301486237395,0.004292658510078722,0.012343324106810436,-0.007917722606149376
2020-07-02,-1.9727999999999995e-05,0.0005725432326464061,-0.0007603663614142294,0.011302397498472196,0.011595958752537541,-5.333333333333335e-05
2020-07-03,-2.952e-05,0.01297901422911846,0.005687657641568428,0.007194408971273653,0.005260117338821228,0.009648699723014088
2020-07-06,-7.4239999999999886e-06,0.003341790081889423,0.00273639514907002,0.014735585411929158,0.014627632603289031,0.0068683967580488985
2020-07-07,-6.295999999999999e-06,0.0009442669798333785,0.005906283240633702,0.001348657044336655,0.003339009534036716,0.0050084725159279956
2020-07-08,-1.3975999999999981e-05,0.0028999109937268334,0.0021469488793114007,-0.007241344364306206,-0.008732782060989626,-0.0053568100994703495
2020-07-09,-1.703200000000002e-05,0.0048241290298541295,0.004414954720195746,0.006849414956693154,0.01000976742529668,0.004488221792202189
2020-07-10,-5.328000000000013e-06,0.005017020083458166,-0.0023011480092699895,-0.00503996934039607,-0.00420734959083762,0.00650942712559758
2020-07-13,-9.672e-06,0.006875792409524423,0.0006351175749746505,0.005425916730831306,0.003212722824094239,0.011270064793745442
2020-07-14,-3.775999999999988e-06,-0.0011304967345146422,-0.005503650738403529,-0.017496916264175218,-0.018249000734889463,-0.010640336649762447
2020-07-15,-1.6728000000000003e-05,-0.007292490307060974,-0.007090951475042606,0.004259152388870066,0.001022408086719745,0.005285344275635326
2020-07-16,-3.614399999999999e-05,0.011455669683551804,0.008121789757704714,0.009323451412437057,0.011400923444823241,0.020120828669296136
2020-07-17,-3.8207999999999984e-05,0.011178480097560778,0.014641631110721476,0.015644568218998914,0.014948306530616993,0.007279408617227403
2020-07-20,-2.435999999999999e-05,0.003577442944967843,0.010561005897496919,0.010208073504838383,0.010992680250840313,0.009910885168426078
2020-07-21,-1.0199999999999997e-05,-0.008511632210306165,-0.0013498470329524042,0.008154341785927874,0.012626110991777935,-0.00666095062810698
2020-07-22,-1.1951999999999998e-05,-0.007234308303408923,-0.001959503909520186,-0.004948600944596608,-0.002659843741967638,-0.009690727619821307
2020-07-23,-6.727999999999989e-06,0.015575303299814313,0.015579395009878223,0.01009476688123035,0.007414603621325298,0.00754565022130981
2020-07-24,-2.7423999999999973e-05,-0.007231418141193126,-0.011193491508687798,-0.0077524760551321735,-0.0019009541040186228,0.002726583094423261
2020-07-27,-7.839999999999979e-06,0.002910518460723672,-0.011753496623605737,-0.0037215573993133935,-0.0055854955772852745,0.005116408136020453
2020-07-28,-9.472e-06,0.0029028087143414707,-0.0003537408134342226,0.01834913356401629,0.015045520083450243,0.010342135453067863
2020-07-29,-1.2336000000000002e-05,0.015632282165580484,0.014073599200449767,0.0038152356668423454,-0.008683204468886633,0.002113641362694497
2020-07-30,-2.4520000000000002e-05,0.011197047560519537,0.004959833041742508,-0.007380482325924896,-0.009029356907451743,0.006698839574996371
2020-07-31,-9.063999999999988e-06,0.004988025910370104,0.004520204023423638,0.00429110673940721,-0.002588449519166038,-5.333333333333335e-05
2020-08-03,-1.0407999999999982e-05,-0.0006977919999999998,-0.000799096,-0.013122024344923048,-0.016558554850121334,-0.008119255223690646
2020-08-04,-1.1480000000000004e-05,0.01866283504368743,0.013356363106575128,0.010181044143353645,0.01852527473195631,0.012751372349878238
2020-08-05,-4.992000000000004e-06,0.003828567077379167,0.0015696030413773771,0.006580455629661071,0.0005766923029565639,0.0005194846630757787
2020-08-06,-1.2223999999999997e-05,0.011266098144039966,0.009548906353200996,0.009923507515661666,0.00883342483924069,0.014225323168853941
2020-08-07,-8.64e-06,0.015880260960724268,0.00922319665285837,0.006267239886244729,0.0012402330418245548,0.00286179137613377
2020-08-10,-1.5055999999999991e-05,0.014714948247027782,0.01792765447720425,0.010479777092311876,0.004990233307851035,0.01881681492251073
2020-08-11,-5.3816e-05,0.0004030703387177016,-0.00046480779256826126,0.0009904316542131441,0.004634224153283686,-0.0058559652596706655
2020-08-12,-0.005527508237119996,-0.0017940041857500808,0.0005635884129545935,-1.9825401604435587e-05,-0.0012460495124746427,-0.0013141805540476815
2020-08-13,-0.0008595840519502324,-0.001674995511579615,-0.0021786651234031043,0.003919706056051485,-0.0007032817179241128,6.7848346395736766e-06
2020-08-14,-0.005209137469197828,-0.015946976720172288,-0.013639766054132883,-0.00988327000154731,-0.010859185489107238,-0.004425346189899811
2020-08-17,0.014030799729400854,0.003830560041080751,0.00163431110630877,0.013686127301657974,0.006126903182347498,0.007098849165611298
2020-08-18,0.0022357440953392547,0.004235375689101694,0.0022838344925726326,0.011137446340933117,0.012217124027310865,0.003778625481241349
2020-08-19,-0.002855133787334791,0.003022695378028061,0.002363583411943918,0.0022645428229607434,0.002022553472584474,-0.002081518819734441
2020-08-20,0.004742013119692014,-0.000536019793720192,-0.0005011195390099039,-0.0021504260438176518,-0.0084681538079335,-0.003888996115666932
2020-08-21,0.016558037550610232,0.0007208918108552885,-0.0005005638297275222,0.00586866896098936,0.005237178104313519,0.0036105134002978375
2020-08-24,-0.005222403024293511,0.002159553591083024,0.0017163285809093224,0.003862383860185997,0.008306412509926262,-0.0013297525716300378
2020-08-25,-0.003128088902067745,0.0014214894968725346,-0.00011214072322548508,0.004602799771466172,0.000505678592222556,-0.005017849596461082
2020-08-26,-0.0021272702431633086,-0.0003007016891454215,-1.532719242079445e-05,0.002816424529470359,0.006719694702452173,0.006337217389570173
2020-08-27,0.0009934529161323101,-0.00018975257259568133,0.0006546738399225962,0.003123955686194597,0.0008352117348219679,0.0018534483975110154
2020-08-28,-0.0043767653266123755,0.0018840771023595471,0.001644295614981217,0.006654277329752383,0.007614134421611744,-0.0014563407074013467
2020-08-31,-0.02484720152120602,-0.029164086806015586,-0.027061186443447616,-0.02854836035823663,-0.0225838540823065,-5.333333333333335e-05
2020-09-01,-0.00010133599999999997,0.02326707619053122,0.0201427454826588,0.011086206431506993,0.007240464307211334,0.013483875770586119
2020-09-02,0.005998933912440587,0.013861417264663207,0.01468526656579687,0.0074110011601691075,0.005629164732428894,0.004106249933937819
2020-09-03,0.005709536595581937,0.005068549057472473,0.0005699183962442024,0.004803268425972185,-0.0006547270470620276,0.007850761017990133
2020-09-04,-0.0176207949968783,-0.021509298672936168,-0.02035470529231608,-0.019067867325516092,-0.01693737589976223,-0.01579636527993683
2020-09-07,-4.408799999999999e-05,-0.004625196418346279,-0.0017800122823438552,-0.0018696401798724894,0.001868773014980915,0.000588972528893785
2020-09-08,-1.2520000000000016e-05,-0.008380200156973817,-0.00414772463216839,-0.009291129798130546,-0.003325649779789579,-0.005003647451185096
2020-09-09,-1.471199999999999e-05,0.00837193128879288,0.008188511114818772,-0.002015355596577367,-0.003482986529093653,0.006821300035687353
2020-09-10,-2.4888000000000017e-05,0.01709131453465008,0.016464103923237463,0.009569307930937408,0.01507030028649042,0.00667310406382047
2020-09-11,-0.0013043093688866092,-0.0020899629378409823,-0.002169756488519368,0.0023468490173196564,0.0013267344350831917,0.0052299726373036155
2020-09-14,-0.00023953048441156203,-0.008744462778090316,0.0011914528494371777,-0.00018191082072188252,-0.002130620607789219,0.007920816213510283
2020-09-15,0.005613556322628093,0.005336778498358445,0.006495105764537065,0.00534411866079446,0.007120536611649034,0.006894517045587003
2020-09-16,0.007390340102300529,0.008826849729717081,0.007447056160033512,0.0069619582106960785,0.007156369643982706,0.012037427687789586
2020-09-17,-0.004773723184627963,0.003942944179305087,0.005398990006239366,-0.004934072480446178,-0.007651223391398827,0.0005694806833236479
2020-09-18,0.02287634261880777,0.023971714555309574,0.02523188715966198,0.006831653746508328,-0.0009686278452831663,0.01694263689233899
2020-09-21,-0.026555087354987864,-0.03955588277340026,-0.03615982821110166,-0.0317449610904516,-0.022360395533691877,-0.03108733791013666
2020-09-22,-8.716799999999999e-05,-0.0032647434839987288,0.0005265070922830326,-0.007019910766857653,-0.008650165364363744,0.001766486254667084
2020-09-23,-0.011810132073613974,-0.02053776947109342,-0.020590130743428088,-0.006320770500591927,-0.0019564998051874198,-0.010054611582029468
2020-09-24,-0.03238067173403116,-0.025289763765729285,-0.027995577593715987,-0.030929692837926438,-0.02975046086629724,-0.025903700618965696
2020-09-25,-4.964000000000002e-05,0.023314683679972595,0.02427913835758111,0.025913966296506982,0.02239317919403798,0.02843464225483215
2020-09-28,0.014992074852601303,0.013479723337865793,0.01216804951301164,0.022522401002843834,0.015917509782938703,0.008512794763549804
2020-09-29,-0.008964217978493453,-0.006167094985752594,-0.007872521132021117,-0.005353463979032796,-0.00045874615382283734,-0.00021333333333333333
2020-09-30,0.0040905610707865836,-0.01681799114020447,-0.017359236809230138,-0.0006442232241993943,0.0022384940193966077,0.0007737296478409375
2020-10-01,0.006508533296678709,0.003948755492467326,0.0032565454514870413,0.014271870028864627,0.014948800566928164,0.004972660533967788
2020-10-05,0.013417335257676802,0.0008292930414444579,0.002678227780748145,0.007815112847002894,0.007539152980994381,0.014664078648053256
2020-10-06,0.001160466860023979,0.0008486144437748495,0.0015855064109521748,0.0061910636175060265,0.013731761801546099,0.0023050710159049975
2020-10-07,-0.0028625125595011882,-0.0003149533171366418,-0.0018020130367992857,0.0016441434380901779,0.006533795478530655,0.007318976134054191
2020-10-08,0.011862558618744115,-0.0012614746028638225,0.00526604330273438,0.005367765717669016,0.008123590712403974,0.010119302632065674
2020-10-09,-0.0033662758109864635,-0.004581371571148639,-0.0017985790336228096,0.0004407809948812852,0.00670357110102055,-0.0027121135011572185
2020-10-12,0.004654248600613918,-0.002877858792007079,-0.0011928729263054624,-0.00032525798104502437,0.0014048980594053501,0.004831962179349709
2020-10-13,-0.005998473378144533,-0.0010632947624700253,0.0018345878065838665,-0.002832515289778105,0.0002974848313881938,-0.0020426833125379742
2020-10-14,-0.01200479178256797,0.0018651508208903196,-0.0031710565706511394,0.0010487745488764891,0.0030578533826602027,-0.0033316828831267695
2020-10-15,-0.01052637271664094,-0.021030568161469237,-0.022701106359183085,-0.017959543708853408,-0.024583309443990238,-0.01856285681320466
2020-10-16,-0.000160808,0.011273542278470675,0.007242769473351049,0.008534370654798475,0.007004361448563385,0.0014646473896507578
2020-10-19,0.005949646365429237,-0.00911809521279414,-0.0054686575832527,0.006805463669152425,0.009358838750109354,-0.006192610820517404
2020-10-20,-0.00046019821808974005,0.0013152997029213542,0.00506312388567499,0.0005871872138164863,0.0019983305148122575,0.0012952991217615626
2020-10-21,-1.8960000000000015e-05,0.0003568769778712869,0.0018033020011267045,0.0017562770260625047,0.003427863919924764,-0.009806607427387603
2020-10-22,-2.0008000000000012e-05,0.0017397621260237107,0.0018016969391289285,-0.0003454539195837615,-0.0034572511936285335,-0.004671032771281922
2020-10-23,-1.544799999999999e-05,0.003733333402720589,0.0007020900380169772,0.00419084355991182,0.002845488039808009,0.006699388738867246
2020-10-26,-0.0033138118151022173,-0.014181822404815123,-0.013780785141385324,-0.014279634382002155,-0.01372280171939824,-0.018981423222501497
2020-10-27,-1.8183999999999997e-05,0.016000676474382622,0.013286038227920053,0.013197957728889615,0.010284540688903391,0.010880420752738987
2020-10-28,-3.922400000000001e-05,-0.003329608822351775,-0.004872973591326718,-0.008741290625452463,-0.013531751526031222,-0.004688548750019655
2020-10-29,-1.9120000000000017e-05,-0.001889624191636398,-0.0007499278141360667,-0.004806719252799579,-0.0050255491286022155,-0.00021333333333333333
2020-10-30,-1.7000000000000007e-05,-0.0012647434596244735,0.000431412024509172,0.0017094760308883194,-0.0024363388871728973,0.003747798038351887
2020-11-02,-1.2743999999999982e-05,-0.01788800110236784,-0.019071227281936977,0.001994487916467229,0.00229500061940095,-0.009916666503082103
2020-11-03,-1.0399999999999999e-05,-0.0008967839999999999,-0.000907288,0.009833034359160829,0.01229430453308261,0.008438069089543608
2020-11-04,-3.092e-05,0.016928869830146607,0.019499621626831512,0.006497031936352778,0.008009485529747545,0.01173196661642303
2020-11-05,-7.912000000000008e-06,0.014729209367182455,0.011221678856687744,0.021620131382248803,0.017629285844443805,0.01683260229363449
2020-11-06,-0.002254456418207486,0.00015276929551597896,0.00031824288852582794,0.0035533800335072747,0.011749715515175936,0.00207171406320205
2020-11-09,0.010370029558633188,0.014805059082752803,0.01607782718089515,0.014207691803413348,0.015976331587139476,0.010525154328790857
2020-11-10,-0.010185430817807501,-0.03683925165418471,-0.03231276838096054,0.005359815806840318,0.013554232066476922,-0.020218279761199377
2020-11-11,0.017200454337593492,0.021037878149200204,0.02072774906005745,0.017783534391883543,0.009302637490367565,0.024252324969983884
2020-11-12,-4.3903999999999985e-05,0.0002825183073059607,0.0013162335386913027,-0.00222851299960041,-0.004587327240413277,0.00014333133599790443
2020-11-13,0.003291696525344664,0.007783001091374942,0.007305530869106723,0.007419131906635295,0.0022943363271255195,0.012376646885989068
2020-11-17,0.0012347429656743624,0.002606829108202575,0.009302189090168774,0.01187498778930328,0.012053681426341886,0.004018538923062681
2020-11-18,-0.00644400879464872,-0.004315817783125571,-0.004907573028083989,0.005775515424188105,0.004962716492027381,0.005322905207406219
2020-11-19,0.001902550704486294,-0.007209551238888414,-0.008136731081323536,-0.009403464615887536,-0.012956239372488106,-0.00930694469462119
2020-11-20,0.006795787603403091,0.007102634139999007,0.005782156390114136,0.011040909151424926,0.006816027431926412,0.006416353365600477
2020-11-23,0.014761596829507707,0.024313146385761583,0.027175508406647994,0.011252589555051045,0.0052277864790618534,0.01751591394971489
2020-11-24,0.005336159418509003,0.003870754204482983,0.003230673585452204,0.008228225820576333,0.009907106958531581,0.005729851860076474
2020-11-25,-0.011169108218747342,-0.020437717661537274,-0.0204323024595975,-0.012506920748928058,-0.015185397205090293,-0.017922030854346988
2020-11-26,-3.9831999999999994e-05,0.012591653060792001,0.0120143310398959,0.01062302553077802,0.009951532476185488,0.01833258154866777
2020-11-27,-0.004917096307331706,0.0005274518344176356,-0.00047044527531394536,-0.0002973578658525801,-0.0013908030691388337,-0.0019121855737697087
2020-12-01,0.0055783600134406515,0.010014152537451415,0.014394325128974195,0.012484518401743168,0.01074476242399418,-0.0002666666666666667
2020-12-02,0.01152342542561302,0.013709396782493772,0.018463926391241618,0.010454530101678558,0.0003584815807498976,0.013849956781736856
2020-12-03,0.007712820682219014,-0.00030144,-0.00011388799999999998,0.009698847433436094,0.0015354055912646832,0.008461640534154028
2020-12-04,0.009646528814239486,0.005527682296040216,0.005527682296040216,0.011239294360442733,0.009445908959648398,0.007134632904288369
2020-12-07,0.01052452062382755,0.009777304985797262,0.009777304985797262,0.007402293651967277,0.007304391112653887,0.0011805625924161773
2020-12-08,-0.004507170678806892,-0.0025113843330666842,-0.0025113843330666842,-0.002875441717459061,0.002781459960611745,-0.0016654873261415467
2020-12-09,0.010018386170613833,0.004909107350463617,0.004909107350463617,0.005356939283351434,0.010114428562528128,0.0002989502634705754
2020-12-10,0.0044899214583414325,0.0010339508382029145,0.0010339508382029145,-0.0028796044953282494,-0.0037619219695161584,-0.005637568891972979
2020-12-11,0.0031741124771932283,-0.006985438167311007,-0.006985438167311007,0.002520009476207189,0.0026340862816878062,-0.0032517125020574845
2020-12-14,0.010688822766993202,0.002693661346976579,0.002693661346976579,0.005586494420299029,0.0032728147749187795,-0.003505474992665682
2020-12-15,-0.007738996318001226,0.0015653874746995354,0.0015653874746995354,0.0021696350314780845,0.0007151234360649028,0.01135036457673529
2020-12-16,0.011680076689825075,0.012288476948592216,0.012288476948592216,0.007646108542949436,0.008429280641864136,0.007477377125325153
2020-12-17,-0.0008862210109835218,0.00022056947740326655,0.00022056947740326655,-0.0014556515103856054,0.004229970438016461,-0.002551658798182975
2020-12-18,0.004768802592748497,0.009938920077725021,0.009938920077725021,0.0010075942833873528,0.0014435425896574643,0.0010959727635320837
2020-12-21,-0.034607401920305,-0.03149225294023962,-0.03149225294023962,-0.03973657164624324,-0.03190866215630266,-0.03510228160626658
2020-12-22,-0.00010634400000000002,0.03193843925926766,0.03193843925926766,0.01661058729973207,0.010293127415086657,0.024343472969940154
2020-12-23,0.012086982665784288,0.02431017723853577,0.02431017723853577,0.011457314691452058,0.009960389402299756,0.01835109569879235
2020-12-24,0.004665667016819583,0.0015763237836125355,0.0015763237836125355,0.007108300030261861,0.01083363406633502,-0.0001754592333914019
2020-12-28,0.005016669520429469,0.00752543326336098,0.00752543326336098,0.010105703456089181,0.008974658395164679,0.008974962644355848
2020-12-29,-0.004495095843860321,0.0006374992787639611,0.0006374992787639611,0.00041326552753893144,0.004272454296258275,0.0009150199382779747
2020-12-30,0.0017920168431401749,-0.002129536422942027,-0.002129536422942027,0.00533129876086596,0.003535836164182277,0.010554095917146863
2020-12-31,-0.0013338619403803636,0.00196111946313019,0.00196111946313019,-0.0006977523999360832,-1.4318227638304822e-05,-0.00021333333333333333
2021-01-01,,,,,,0.004141094575906152
2021-01-04,0.012055696672229032,-0.0013061144489795915,-0.0012734613877551022,0.012055696672229032,0.008127554493474463,0.021536561836069248
2021-01-05,0.001388944692979468,0.004410623685119479,0.004623860575884504,0.001388944692979468,0.00470131235786493,0.00045566247349440955
2021-01-06,0.0010765160640048262,-0.0026326435559126983,-0.0028814433527993124,0.0010765160640048262,-0.0037571814216639365,0.0016049206935481555
2021-01-07,0.004408584676239555,-0.00010016817402275311,-0.006923031861385697,0.004408584676239555,-0.0006293676223474675,0.013655014682117725
2021-01-08,0.017475695405487855,0.018894494654623853,0.018942121022424,0.017475695405487855,0.014738082534464191,0.01534972131087975
2021-01-11,0.0052523755416569095,0.0193948461175923,0.020289764397927,0.0052523755416569095,0.00953808562855032,0.005735954431334678
2021-01-12,-0.0010931392653061225,-0.007658957824580396,-0.01069146788723661,0.001994967106212022,0.0054186068221036155,-4.5663692510171806e-05
2021-01-13,-1.3304000000000012e-05,-0.0009218385927064977,-0.0017909120057512298,0.004592859433782692,9.608621670051523e-05,0.005333626411497385
2021-01-14,-7.879999999999994e-06,-0.007322949200073956,-0.005442276924868958,0.0012711294077106263,0.002109021789565324,-0.005106369513797917
2021-01-15,-1.6175999999999972e-05,-0.020544335579690244,-0.02067527308352927,-0.011804074913398436,-0.01115432296065278,-0.012528406189944871
2021-01-18,-2.2375999999999984e-05,-0.024443368199656305,-0.022343044687381304,-0.016853127210737322,-0.010614788200058034,-0.025782623456140318
2021-01-19,-2.5375999999999996e-05,0.012364357166021741,0.009840147665283417,0.01576896776825736,0.01665525875641371,0.020283839175392438
2021-01-20,-1.9503999999999998e-05,0.01562726087614649,0.011967715204229866,0.008590296125430195,0.008472274336760961,0.013575128249914581
2021-01-21,-0.008033811838281509,-0.0045178056117790594,-0.004112299774648669,-0.008705090679517276,-0.003718184091801354,-0.010304272738147635
2021-01-22,-8.591999999999975e-06,-0.013493488552965636,-0.011139067616659004,-0.012775416059297422,-0.015085386074712022,-0.017724616056231143
2021-01-25,-2.1111999999999994e-05,-0.010580583750105801,-0.006907873488249107,-0.003919683515681652,-0.009297255190251277,-0.0014611995554822395
2021-01-27,-1.732799999999998e-05,-0.013516382685430383,-0.009491497622213537,-0.014106675901354752,-0.019244480891583437,-0.014169355125083357
2021-01-28,-2.1144e-05,-0.011343056377757853,-0.01135202953044936,-0.006290244905870565,-0.010793693167934581,-0.010809385906500815
2021-01-29,-2.405599999999998e-05,-0.023421779746348174,-0.022927461945058174,-0.015592634893059624,-0.013328858232496075,-0.016779255713077763
2021-02-01,-4.497599999999999e-05,-0.0007557199999999999,-0.000996224,0.0372143342566781,0.04633334971971787,-0.0001066666666666667
2021-02-02,-1.8416000000000008e-05,0.02169756433914099,0.019397527552492893,0.020430747193404906,0.025349539675742865,0.021549275702338118
2021-02-03,-1.8423999999999995e-05,0.015374097642376313,0.014094485839271788,0.013720725282424292,0.009654368913945022,0.016225369812943768
2021-02-04,-3.607199999999999e-05,0.0015744959425692906,0.0020862425735363173,0.009297838977708257,0.007121340982025425,0.0039017282808227645
2021-02-05,-2.4279999999999998e-05,0.007089051423238886,0.005855630665656447,0.0023288713677309994,0.0019181565175802602,0.0030106973023644548
2021-02-08,-7.984000000000012e-06,0.01430550267427903,0.0075415296035793635,0.014080217791199456,0.012753134705385865,0.020667525370674376
2021-02-09,-3.455199999999998e-05,-0.0036705090923168657,-0.003692130884209858,-0.0005860898308515637,-0.00043010611605642915,-0.00024174391546363534
2021-02-10,-7.871999999999995e-06,0.009485175170791855,0.006641967576980249,0.0012409420315434999,-0.00018532057490518592,0.003759893882195402
2021-02-11,-2.992000000000015e-06,0.001491610789118421,0.0032039784765691874,0.004515723217782507,0.004412176664707947,0.0051448468291433735
2021-02-12,-2.1839999999999845e-06,0.010818241779670392,0.004984059934179509,-0.004249639778681059,-0.0006592696934370658,0.0020743589450865087
2021-02-15,-1.7999999999999994e-05,0.011914502776493644,0.01203263707052616,0.007154118560921813,0.009935142462115996,0.011744538931507292
2021-02-16,-7.119999999999987e-06,0.0021099566694697497,0.0020215366512510652,0.005224678126190009,-8.162425642763527e-05,0.008141065515041363
2021-02-17,-0.00947939587435839,-0.006936525864568768,-0.007918407617296667,-0.0028183542970545866,-0.006850731452785171,-0.007406312038198262
2021-02-18,0.00638232176352835,-0.0012273225654473,-0.004808194214925456,0.002731617399917856,-0.005931871684390037,0.002960530721479118
2021-02-19,-0.007943992015692377,-0.01844981838928124,-0.01966424252882388,-0.0134407917631896,-0.009116143118184506,-0.01607104965013821
2021-02-22,-3.493599999999998e-05,-0.009733170409238556,-0.008080476530249486,-0.015239749790055124,-0.02063971564030592,-0.0069939937543279165
2021-02-23,-4.106400000000001e-05,-0.004015304403722515,-0.0044339729523877,0.008017838981489896,0.002184873969705697,0.009528231293821009
2021-02-24,-2.4488000000000003e-05,0.005918481768478815,0.008798124801565055,0.010765337509435995,0.01847152850052029,0.010135057889612506
2021-02-25,-1.7607999999999985e-05,0.010952155690057095,0.008423215823163408,0.014714542059686038,0.007669725331353619,0.013260642075187018
2021-02-26,-2.8640000000000014e-05,-0.02429684595976927,-0.02245207601760138,-0.03497182885464518,-0.03836220275630364,-0.0329025694362272
2021-03-01,-4.191199999999998e-05,-0.0005793199999999999,-0.000716464,0.01844289359789479,0.01586881087701919,0.020139464541983985
2021-03-02,-3.400800000000001e-05,0.02498925652348573,0.02498925652348573,0.014475920662134031,0.010616431079728933,-0.00031999999999999997
2021-03-03,-1.7151999999999994e-05,0.014679939044560286,0.014679939044560286,0.015313462331947003,0.02164866615239294,0.028548672586735012
2021-03-04,-4.2576e-05,0.0030022428483794,0.0030022428483794,-0.0057698811247100315,-0.010871815118793142,-0.010450303997271152
2021-03-05,-6.11999999999999e-06,-0.017416980815191753,-0.017416980815191753,-0.01101909042732084,-0.009504125991607463,-0.022312340273515835
2021-03-08,-6.2096e-05,0.0002278730229426369,0.0002278730229426369,0.0036559499578131902,0.001210972544447202,0.00021396108398176374
2021-03-09,-2.8071999999999995e-05,-0.002516765426291218,-0.002516765426291218,0.0011276741428373949,0.009462861169810146,0.0010987519477325845
2021-03-10,-9.496000000000007e-06,0.0075013187559205725,0.0075013187559205725,0.006079364594085387,0.005047340602462587,0.01141326745801142
2021-03-12,-0.002737199273814303,-0.006559636170166179,-0.006559636170166179,-0.007760145497446337,-0.009524722735275023,-0.007602231392664789
2021-03-15,0.0017224743764744422,-0.0037492983743856387,-0.0037492983743856387,-0.0021373206069194113,-0.006772300308835674,-0.0003918746804732234
2021-03-16,0.0037581531956590733,0.0011860483679578366,0.0011860483679578366,0.0005082416625580198,-0.0012767988653300596,-0.0036094107579964954
2021-03-17,-0.01615950809241913,-0.02366961805777385,-0.02366961805777385,-0.018327072855767006,-0.01276691115553913,-0.02043261031589708
2021-03-18,-0.011081721250814447,-0.018290341409774993,-0.018290341409774993,-0.008622130595199423,-0.011165071153974405,-0.0048561971803399865
2021-03-19,0.01560772158719386,0.009946011241335928,0.009946011241335928,0.012408213600527488,0.012705880170274957,0.011870954978889164
2021-03-22,0.0069693381136066174,0.03138642056838009,0.03138642056838009,0.005872016089431741,-0.0005155703072306843,0.005538447596320106
2021-03-23,-0.0010143926245728538,0.01807947507089297,0.01807947507089297,0.0046788907031964574,0.005302656033791128,0.009959449177736493
2021-03-24,-0.0060787226432601,-0.01414724001451526,-0.01414724001451526,-0.017600040307294413,-0.018073523592070435,-0.027997776317332124
2021-03-25,-0.0003452,-0.023055218797420896,-0.023055218797420896,-0.019286447023679005,-0.015550473459416195,-0.013076264132011479
2021-03-26,-0.00030946399999999996,0.010468848973331347,0.010468848973331347,0.013116445439146921,0.012652648509180619,0.01911387186420998
2021-03-30,0.026566612790273104,0.02808759656356203,0.02808759656356203,0.021132428717258563,0.023017860602701366,0.01829024745125785
2021-03-31,-0.003110118414718082,-0.0033852093228923614,-0.0033852093228923614,-0.0026522884963917654,-0.010455164345430578,0.00027702807565671426
2021-04-01,0.005495034359475026,0.02391356684368992,0.02391356684368992,0.016612681745986208,0.011952853344086897,0.032680957964056775
2021-04-05,-0.006283990324553169,0.009497741306169394,0.009497741306169394,-0.012486524511853184,-0.015560296479187625,-5.333333333333335e-05
2021-04-06,0.012783263129972765,0.038024557013911345,0.038024557013911345,0.009084418534366803,0.0031172037135109875,0.014026589831682361
2021-04-07,0.00944009732844276,-0.0011059913467249172,-0.0011059913467249172,0.008837671054506049,0.0091890876818974,0.009461116469387862
2021-04-08,0.0045166506408274255,0.005086138335994808,0.005086138335994808,0.006008857668339803,0.003687760707936765,0.015005145765038624
2021-04-09,0.004433585935141585,0.017053580703995822,0.017053580703995822,-0.0008771632456688812,-0.0026221466406612408,-0.00488261273329839
2021-04-12,-0.021034536082326027,-0.04385335889020572,-0.04385335889020572,-0.03888898997416296,-0.03596463281723922,-0.061329755024507944
2021-04-13,-0.0006412559999999999,-0.007934787104229112,-0.007934787104229112,0.014225617757909334,0.013465132344700306,0.023867031508144506
2021-04-15,0.004051150387300612,0.01740805822508773,0.01740805822508773,0.0024789614924465323,0.005270570669209097,0.003951037369318842
2021-04-16,0.004366743831417141,0.0265421418784704,0.0265421418784704,0.009084120610470994,0.0024931716281266104,0.010752253331331181
2021-04-19,-0.007656128784909493,-0.0076144053597677714,-0.0076144053597677714,-0.01868904599501163,-0.01783508230882999,-0.019397795975038334
2021-04-20,-0.000121064,0.0042075694560239725,0.0042075694560239725,0.002089204692565176,-0.0044004910090830246,0.004020845963956136
2021-04-22,-3.602399999999999e-05,0.008752017658441275,0.008752017658441275,0.0032805987330411577,0.007647441212800463,0.011292166873100072
2021-04-23,-2.502400000000001e-05,-0.009132605826811947,-0.009132605826811947,-0.00367636029799908,-0.004508280094204329,-0.006682175911726997
2021-04-26,-4.0143999999999994e-05,-0.0008396814225159907,-0.0008396814225159907,0.008559168106753546,0.009966685459202936,0.015392871192227302
2021-04-27,-7.187999999999997e-05,0.01343673746617623,0.01343673746617623,0.009530344909577665,0.011534860370141113,0.020940676461669753
2021-04-28,-1.1399999999999987e-05,0.000248914142843955,0.000248914142843955,0.009898838064832738,0.014330678808834763,0.015074972431111989
2021-04-29,-2.2072000000000008e-05,0.0013942384294367335,0.0013942384294367335,0.004758595886350135,0.002039728305535653,0.01942056546379851
2021-04-30,-7.859999999999997e-05,-0.004274770549649708,-0.004274770549649708,-0.006853680885732119,-0.017869525228607498,-0.00978343916560076
2021-05-03,-3.4792e-05,-0.0007523199999999999,-0.000758288,0.005253459061517577,0.0002084917272909865,0.011178570841262241
2021-05-04,-1.4536000000000001e-05,-0.00802505626108246,-0.008029018198618515,-0.006411544321774143,-0.009450624224999165,-0.0033184302455095986
2021-05-05,-7.845600000000002e-05,0.0112507552862223,0.011491224165649289,0.009260897978808256,0.008336116981918119,0.007527482131568949
2021-05-06,-0.00011711999999999996,0.018292900082487476,0.018687311594788935,0.00730747593084944,0.007289775876840782,-0.0001066666666666667
2021-05-07,-2.6520000000000014e-05,0.012519551653015458,0.012445168551591175,0.006860951653010602,0.006657040403640492,0.01637604593739525
2021-05-10,0.00479474119277757,0.007193204475127454,0.00697471096289296,0.013186155995948601,0.008009262800994111,0.011694772920121785
2021-05-11,-0.0031297820322078425,-0.008224481181670261,-0.008000423958598478,-7.325043382565462e-05,-0.006149068019026527,-0.0025667730632599035
2021-05-12,-0.007072775029256609,-0.021446745580572694,-0.021494375044756542,-0.010676726740608308,-0.0104409988264523,-0.020491219767988754
2021-05-14,0.006763410783222445,-0.020057694919456425,-0.020889350009145952,-0.004875534274285272,-0.001273235308628596,-0.017445063789254867
2021-05-17,0.0004027484225722477,0.015024431497328253,0.01538175463027036,0.012437011984147305,0.016577589783995917,0.028313353045017697
2021-05-18,0.005897190388453379,0.011234304379490034,0.011335806205218266,0.013024476619243198,0.012317273309973075,0.017283964612468873
2021-05-19,0.002342071367941885,-0.003972257458709656,-0.0039496908340575934,-0.000762900971331721,-0.005172788238334181,-0.008349836381817632
2021-05-20,-0.009814539306360451,-0.009930459279258648,-0.01006178599050958,-0.008684438497132754,-0.008291052039504188,-0.011495166453843993
2021-05-21,0.0069738573369772135,0.006751603021755561,0.006710853806394075,0.0109767698176622,0.01790193553229923,0.015146400427529648
2021-05-24,-0.002102972737814652,-0.0070650688737402215,-0.006985163663614419,0.0013246883798130862,0.0014750202275935762,-0.0015494083302370575
2021-05-25,0.005053819095869119,0.003965263939607586,0.0039035726595793097,0.0045882623508954595,0.0007070938155468382,0.003119194571039582
2021-05-26,0.0008328114727571801,0.005808791907514927,0.006055222933521936,0.003683632034901075,0.0060964006336564555,0.004629662306756922
2021-05-27,0.003426659793964041,0.006889875996440401,0.007214481654117066,0.003202150030922882,0.0023759962804964516,0.004713214841346652
2021-05-28,-0.0006544801707009725,0.0015224197473108197,0.0019515971092384041,0.0005221248276585563,0.006356190262519319,0.0006704384416264862
2021-05-31,0.009078915249352967,0.011186921951858914,0.01109597667177795,0.0073951706097705955,0.00948793489109113,0.009884479897314332
2021-06-01,-0.0005320850497633254,-0.00035535199999999997,-0.00032603199999999997,0.0019406646276817754,-0.000510320620107419,0.0059272097271501475
2021-06-02,0.0022365782087978713,0.01647978714778131,0.016490859978601297,0.005415056186936798,8.67120656808025e-05,0.011118063271589313
2021-06-03,0.0038624586446683526,0.01211343606401351,0.01211933753612641,0.008071033443450948,0.007301728008600275,0.011000246943654795
2021-06-04,-0.003920067680412928,0.012047342726789634,0.01233555188325347,0.0031608800011810453,-0.0012818385093088212,0.011006130947073296
2021-06-07,0.007485493473102827,-0.007665787145408814,-0.007010492660564505,0.004975430207072081,0.0051811361952536165,-0.00016
2021-06-08,0.004819382569029283,0.002308331802084711,0.001119400491425537,0.001998225307116137,-0.0007335750962069031,-0.004840964660677618
2021-06-09,0.000268954517290199,-0.008127154528616119,-0.007294281605887812,-0.005780049862581794,-0.0066772200430738555,-0.012233167863963513
2021-06-10,0.004268671621800481,0.009062515654128474,0.00905498717536449,0.007198261069506751,0.006527933518834105,0.014752060608023011
2021-06-11,0.00386287671415442,0.00926937259532977,0.009406064286793615,0.003109634898487016,0.003906490354253145,0.004097291612954675
2021-06-14,0.003303492263657015,-0.0059636860117900205,-0.006008904408032507,-0.002001830488795558,0.0007908589968395644,-0.006680031734201453
2021-06-15,0.0029162212169694507,0.0045218289840189985,0.004872029308750903,0.0017013845565625949,0.003623640223476974,-0.0003979250433954267
2021-06-16,-0.0016063206670430292,-0.01595102749045679,-0.016834096780557285,-0.007815088744591244,-0.006429256198967984,-0.018878605165125652
2021-06-17,-0.0024325054453574286,-0.01180079190808524,-0.011303779712296813,-0.008862945122994284,-0.004841201776747716,-0.019889927656457668
2021-06-18,-0.0012826333605319715,0.00656180351893563,0.005642359597001085,-0.0022558572928232613,-0.0005132013116724437,0.005485210243350441
2021-06-21,0.002771671374394804,0.007660367880532032,0.007419281911558519,0.0049532020758517245,0.0040185031994205474,0.010110437204370807
2021-06-22,0.0021396322107193324,0.003713760001197663,0.003725440663299151,0.004119946177999219,0.0016656491552922152,0.002088075762135836
2021-06-23,-0.003853541324399818,-0.011034523641936134,-0.011818725881755426,-0.003802403796917456,-0.005454598542621072,-0.006883187994846197
2021-06-24,0.0050378706723940465,0.009832171216830412,0.010465513115192886,0.004097983687876189,0.006576170313444658,0.002951534945980366
2021-06-25,0.0010701319608247529,0.012888648386139094,0.013179704449234712,0.006215589689338399,0.004416920149496724,0.016405263537197023
2021-06-28,-0.002677228119316314,0.004360165442112226,0.003987793400960967,-0.0004182240030592402,-0.0028823598351750412,0.0040291323262822785
2021-06-29,0.002299367207001808,0.0005235223818079557,0.0003031855315674594,-0.004185227848168286,-0.004197939462444536,-0.005344358622979724
2021-06-30,-0.00010861887309514761,-0.0006782091043058171,-0.0006293044026736089,-0.002566203735771319,-0.0017127578361914226,-0.005678563633266409
2021-07-01,-0.0005907688504707339,-0.0018530830165651786,-0.002219345738874669,-0.00014348894936383878,-0.0026431873739428875,-0.0006715333905344057
2021-07-02,-0.0016523702840626174,-0.009420415293175185,-0.009715809720556991,-0.0001126474470391567,0.0026877238189711517,-0.003907834462957792
2021-07-05,0.0011022427911264708,-0.000709488872988562,-6.12229573554628e-05,0.005063894612923655,0.007107867426692256,0.008336556454360615
2021-07-06,-0.0035805622168903813,-0.000203897215914984,-0.000209020182200045,-0.0010159467879405806,-0.0010172694162285671,-0.00021333333333333333
2021-07-07,0.0023116959087295602,0.008284119358955035,0.008964442072752609,0.004255430290606578,0.003874103121228537,0.009526718242924774
2021-07-08,-0.006407880004932774,-0.011374049276430591,-0.010869861290509986,-0.007809136664460812,-0.009602209739377547,-0.012631307318711402
2021-07-09,-0.002562616043204296,0.007026546558596447,0.007246180315431571,0.002372948706667086,-0.0024254228908178565,0.011418066900394519
2021-07-12,-0.0006107558694858416,0.0026202187332390477,0.00244723438980942,0.001625007052140752,0.00017843152513541638,0.0044264256321425435
2021-07-13,0.003046928680799432,0.0024150728979975933,0.0027209070222679946,0.004741870120577425,0.0076020168050800795,0.005036996099551504
2021-07-14,0.0004855278584492515,0.006806389215959616,0.008318936174451681,0.002422465239846278,0.00262743737830436,0.005061999484657644
2021-07-15,9.578419920696106e-05,0.0024864665151202604,0.0030761360253512464,0.0030391547020372335,0.0044212840314639245,0.0059046746631871315
2021-07-16,0.0023860341423827787,0.00028627252910841275,0.0008394776290419496,0.0002942308924318486,-5.022699813825734e-05,0.0020041554491534433
2021-07-19,-0.003923461828023261,-0.00252422846483522,-0.0029858176484266865,-0.0066794599434433855,-0.010796990571541962,-0.006575225705793649
2021-07-20,-0.005431602915343723,-0.002810681457659043,-0.0018817993617324864,-0.009183039079443343,-0.007666291987629491,-0.011062679476042274
2021-07-22,0.0044931519307799764,0.021242841624121357,0.02212421873461492,0.01355098618884479,0.012204454864528006,0.024020997163893117
2021-07-23,0.0037207490498858773,-0.0021387176980692682,-0.002013896726190869,0.001729315326462732,0.0020201963552988087,-0.002869360829348332
2021-07-26,0.0024475325883392463,0.002473013222828628,0.0019728862794542736,0.0011310538216041987,-0.001994894010794567,0.0034829084632775767
2021-07-27,-0.010275546788950598,-0.008780417501482101,-0.0055144253210658006,-0.005479504818867623,-0.004941269190283573,0.002860757852230828
2021-07-28,-0.0016284136721777223,0.0015235989451893644,0.0022110060823500163,-0.0010236428162923921,-0.0023556712745251398,0.003592278749839557
2021-07-29,-0.005966256621449865,0.007654905914293488,0.008651827200291885,0.004106134852571255,0.0043858132000563635,0.019596439857141955
2021-07-30,-0.0007054418022505778,-0.0017758519731723222,-0.002509202001721784,0.0017349613996464235,-0.000976516135808173,-0.0066165175360617876
2021-08-02,0.00860925541439123,0.009640465079142449,0.009153530296598227,0.007977193825830732,0.007716153904229494,0.007075968237528028
2021-08-03,0.01649029870533689,0.007165635367949618,0.007185534191647202,0.013387716912567104,0.015342653128218075,0.008700710998794253
2021-08-04,0.00046306657684941376,-0.000438536,-0.00044263999999999995,-0.0012180690323169434,0.007906900379200192,-0.005309283214666007
2021-08-05,0.006309366689961589,0.0021884415762733404,0.002162843459078279,0.001673211339390636,0.002199451962862978,-5.333333333333335e-05
2021-08-06,-0.00010131354413095536,0.007407205471636053,0.0076133799247745295,0.0016423505891294751,-0.0034672374282357825,0.004667324016580567
2021-08-09,0.0018786880629982575,-0.009563228474546655,-0.00948939213292276,-0.0016917753137836527,0.0012339690711517842,-0.01083877939740643
2021-08-10,-0.0018149851610935357,-0.009526954346625649,-0.009523094138590399,-0.0036564979767997347,0.0013430068163520583,-0.011025816553819963
2021-08-11,0.00028409838477977216,0.006124013856973167,0.006180606065498333,0.0022094475647323935,0.00013207834532344713,0.00950933328334731
2021-08-12,0.005028566147656293,0.006705894338600053,0.0068726827202984665,0.005237641637278098,0.005032710127087298,0.004837678488488113
2021-08-13,0.004557928304686879,0.0032451602299036876,0.003176040387310161,0.004101386154069498,0.010014172717061967,0.005509734494294108
2021-08-16,0.0036320439521646793,0.014709762856414467,0.014357176576832878,0.0016910658194945738,0.0020519176533692787,0.00695510454542384
2021-08-17,0.012360756740802229,0.02381549189011984,0.023302716211904467,0.005574178194307372,0.0031074454639570138,0.006681685843090031
2021-08-18,-0.001511002662241146,-0.0024636424809427113,-0.0020561866692191833,-0.000701921405507401,-0.002757400455017452,0.0017304829884320742
2021-08-20,0.007319944397350805,-0.015961687675967402,-0.015417720575661742,-0.012279416617458894,-0.007168531033199722,-0.02918376527164442
2021-08-23,0.0024099139047897887,-0.009152103094918047,-0.009261804508462963,-0.001465612199897145,0.002789286998064274,-0.0058370756523713554
2021-08-24,0.0024608213539665936,0.013018136534664607,0.013589579128979524,0.011865956013482388,0.007738343720985011,0.02395148819589695
2021-08-25,0.0023526839347863316,-0.0008725726128842866,-0.0009572903303906592,-0.00012567635917073755,0.0006043901504665573,0.0003337159731254544
2021-08-26,0.0008149595160804558,-0.005692327489068151,-0.005519601850152961,-0.002422379202317835,0.00013525068417903375,-0.005453857827246524
2021-08-27,0.008017099181270228,0.008200087435879456,0.00849440804274262,0.007625042385635094,0.004096857993577663,0.012284481637445931
2021-08-30,0.006705919817127865,0.010828007994931882,0.010728754656038404,0.014025450487595702,0.013429259014094868,0.01520086320407975
2021-08-31,0.009922785266749818,0.022834404251869375,0.022932493278752727,0.01458738357273587,0.011810427696351353,0.020039986674246665
2021-09-01,0.0020531357890021967,-0.004319292848925253,-0.004260680917913416,-0.0016056038196462933,-0.0032710789243950112,-0.006286609030597998
2021-09-02,0.016418510144592682,-0.00034904,-0.00034468000000000004,0.007655666761950267,0.009204293951085803,0.004961627158750575
2021-09-03,0.002376410551264391,0.0016983869397636025,0.001374810824686377,0.005484578576747921,0.005176808010644206,0.006658356861673894
2021-09-06,0.00015191541706689748,0.009056398397716992,0.008761288455802308,0.0018390658125679057,0.003123863322045117,-0.00021333333333333333
2021-09-07,-0.0004605819880054642,-0.009207255389657795,-0.008892633044278855,-0.0035731076694381927,-0.0009039273439216094,-0.007616972938756737
2021-09-08,-0.004640853478553697,-0.0043285684985698075,-0.004541205125610355,0.00018340225118770566,-0.0004954320044973781,-0.0035225788769949586
2021-09-09,-0.00012850831691405495,-0.0008024700892741796,-0.0013497648148940956,0.0011616156870423691,0.0009071862729865194,0.0009720271949704341
2021-09-13,0.0009127828399105463,0.002981003451414283,0.002392645494284332,0.0031895535711028945,-0.0008034211637875494,0.005671463560999163
2021-09-14,0.0017145764049527352,-0.003579550033051425,-0.003545061497564436,0.0036095260676203287,0.0014221395731308123,-0.001589659250968189
2021-09-15,0.006966943395229813,0.003991229258281874,0.003822808589005216,0.009757917630735465,0.007991527890878581,0.0070140350139865654
2021-09-16,0.005101309716591812,-0.00403123295535753,-0.0035922980221222943,0.0048557461551519505,0.006261987530756848,-0.0028278188061317566
2021-09-17,-0.0037321883994496903,-0.009825712873465526,-0.009225733613945013,-0.0037252275831570997,-0.002518817158814708,-0.010128272657373675
2021-09-20,-0.0025024741571990283,-0.01990192767837744,-0.018710610053868232,-0.016282369076776004,-0.01076276621795277,-0.02956125235159002
2021-09-21,0.005397801281768951,0.013922287946218744,0.012825692236594303,0.010604126643330911,0.009445425055689747,0.01762964574779299
2021-09-22,-0.00025586525311386144,0.002645035145958383,0.0022420161836711216,0.0029731437764316223,-0.0008744061752431491,0.007130710447666261
2021-09-23,0.004967959999000666,0.016944862833425466,0.016193961757691402,0.011999106228242474,0.01562383807742847,0.01670833393560238
2021-09-24,-0.0027465624719843246,-0.01283526682642075,-0.01241600253626935,-0.0037670865755260992,0.0016958112674268218,-0.012699628154713137
2021-09-27,-0.003527313998373557,-0.008782292506759165,-0.008136995217590554,0.00025304090222986737,0.00010643971788971012,-0.007799217982617512
2021-09-28,-0.0014689110749654278,-0.01637189838616294,-0.015928731481961573,-0.0026869416530302726,-0.005982542262753364,-0.012229524942871668
2021-09-29,0.0025834101265195595,-0.0012395200714215692,-0.0014618479585147834,0.006241274556722196,-0.002103719495544819,0.009305362592795574
2021-09-30,-0.004625807008315094,-0.003177111288375932,-0.003195032936695643,-0.0065500060467705845,-0.005273255224157625,-0.00506486764055146
2021-10-01,-0.0011381292988703587,-0.0004986159999999999,-0.0005860799999999999,-0.0012360281065655345,-0.004898963801205104,-0.0006535002543806298
2021-10-04,0.003277889677200208,0.012673070725070025,0.010146327990188688,0.009699666979970763,0.009039488024266832,0.019208095455593585
2021-10-05,0.004908778256655142,0.0005157436552247967,0.00016185066095149195,0.006800861980456472,0.007380358946066971,-0.0015622259982055876
2021-10-06,-0.011434814982608978,-0.01878393364626078,-0.016532924372065327,-0.01307610118989669,-0.009941397212065623,-0.0002666666666666667
2021-10-07,0.002261412758562276,0.008216471859107254,0.0062000534615248085,0.00938823629812195,0.00814702470131476,0.014824983347617721
2021-10-08,-0.0007729884264448989,0.005354823935118584,0.004351874816852058,0.0012316443604820269,0.005876323303578524,0.002808254705046212
2021-10-11,-0.003602560742743563,0.0063053675382964535,0.006099510403208692,0.0059714496329326405,0.0028319423974920437,0.001526262104352971
2021-10-12,0.0041952604175102375,0.011136148408403337,0.010186985276090492,0.0038641920376978134,0.002559973015762186,0.009300374647010983
2021-10-13,0.0036464119152312233,0.008342062395423335,0.00798153582020431,0.007483904188038858,0.00939334195098345,0.011425606257399412
2021-10-14,0.003033509394454582,0.021119541312804246,0.021163988118108233,0.009156193700005512,0.009687709975996201,0.012670867441882437
2021-10-18,0.0011020105382286442,0.0028206032229004287,0.0002118361240040249,0.004287569904725065,0.007524019573498294,0.011087230388727661
2021-10-19,-0.011053740041925301,-0.01568941907351512,-0.016166179965867077,-0.010390286844569474,-0.0031602962146704853,-0.009526481134829602
2021-10-20,-0.010208163522677309,-0.013766242092156851,-0.013020446000570656,-0.011124103560084558,-0.008294933244362599,-0.015099748026252557
2021-10-21,-0.012409368305203849,-0.004717351474998042,-0.003695386285102017,-0.004704304137560454,-0.004856682911584848,-0.012984746364177124
2021-10-22,-0.005772715087416641,-0.012231131007723014,-0.011709607266334531,-0.008970077606752946,-0.0034827257394313984,-0.014290950162446607
2021-10-25,-0.00939635630026412,-0.009776823075655056,-0.01011227231426427,-0.004994688214324653,0.0005794654054989729,-0.007738543936245919
2021-10-26,0.011018045640911748,0.016094487535875328,0.014630867013252898,0.010601323310503692,0.00785852166355233,0.021061118364090747
2021-10-27,0.00037871686603206905,-0.002681460320517206,-0.0026182231615300747,-0.0015012609116437866,-0.0031497940609639214,0.0016298432210906325
2021-10-28,-0.016636536099956415,-0.024984244935605363,-0.024559743754456714,-0.02034153941590192,-0.019613430387588483,-0.01991591004800059
2021-10-29,-0.00437387088099721,0.002488476569342324,0.0023441608705803696,-0.005570768907239122,-0.010447905544470225,-0.0068247517219393
2021-11-01,0.012578947178993397,-0.0005777599999999999,-0.00047392799999999987,0.01700537836782981,0.014494106171593095,0.016837542117562266
2021-11-02,-0.0025801622553046953,-0.003341502517662848,-0.0008369620991772022,-0.0029529454888740005,-0.002272628736845954,-0.004180896312291513
2021-11-03,-0.0030145785166810664,0.004092119692657666,0.005337709194763027,2.5913466702773345e-05,-0.003345641269055336,0.006205574052029246
2021-11-04,0.004881995698880537,0.003863641805971441,0.004870807629070432,0.005981717413839617,0.0049013449265533065,0.0016610280174675397
2021-11-08,0.00997785615043755,0.025791140628772975,0.026110244636511456,0.00844777475578723,0.008434037348294714,-0.0002666666666666667
2021-11-09,-0.0031520163151812497,0.002856569607928495,0.0024806630025796953,0.00080846888700001,-0.0013458266538282125,-0.0005315500123947621
2021-11-10,0.0007545803340075537,0.005982526473331791,0.005743583680835971,-0.0015814342032328295,-0.0015002606334366785,-0.005769793318101967
2021-11-11,-0.007817131442757894,-0.01209759758011103,-0.010621909213627947,-0.008023805627867366,-0.00800207185820445,-0.009793112874548215
2021-11-12,0.011111461464347421,0.015139449560712444,0.014978699675563822,0.010247167170799105,0.012739118453093435,0.01337356081985022
2021-11-15,0.00946434188265878,0.010630775736125628,0.010829031338215448,0.002300950490911392,0.00036999789965571825,-0.0015045035468900791
2021-11-16,-0.0068108924395565065,-0.008988943040274325,-0.008039905327538847,-0.004829634865030082,-0.006106589273008452,-0.005516593328497427
2021-11-17,-0.00038718156534363595,-0.0011445604312609508,-0.0022302293248864158,-0.001449833572381088,-0.005601956226916921,0.006296589620269557
2021-11-18,-0.007322781165462069,-0.010561692770264718,-0.010289878508716491,-0.011886001927485424,-0.007506297537132803,-0.013491684027862844
2021-11-22,-0.011788843093557877,-0.01558346613800975,-0.016080435786712654,-0.017979947183194546,-0.01979806684873854,-0.02256336456978703
2021-11-23,0.009281225362257246,0.01362355721183554,0.013316715326940235,0.008977201058831569,0.004971320417088634,0.013362127707114722
2021-11-24,-0.006687825014834442,-0.0012439935192752128,-0.0011257420327602458,-0.002572182489753572,-0.005057449101021469,0.002963613658478833
2021-11-25,0.0044542018371148615,0.002364537962967608,-0.00027355240309903976,0.00256710827860346,0.006935347288237329,0.004874505331726521
2021-11-26,-0.007670817616824799,-0.02783053704366093,-0.026924684733232947,-0.02865232377058226,-0.029502195657113865,-0.032661629386914984
2021-11-29,-0.0006900905590035483,-0.003076899528046689,-0.0030722536870993423,-0.0025262249173948884,0.0016138312478338214,0.0008707870660081238
2021-11-30,0.003229515969076959,0.0018005231389580222,0.0033777201329595794,-0.0033620364466041695,-0.0041572285072535705,-0.00131967338173516
2021-12-01,0.002516112636790583,-0.00068812,-0.0009242959999999999,0.007728592104566885,0.010758559762450211,0.002570465582320942
2021-12-02,0.014663880151540038,0.013721097943461366,0.013176510517980085,0.01431899443220181,0.013581917861660867,0.0168626353349554
2021-12-03,-0.014571136287318568,-0.015847119490342752,-0.014956973725561134,-0.009032867389005737,-0.011847592241934006,-0.00925416227586355
2021-12-06,-0.01875492359977081,-0.02488996426065528,-0.025064407421838297,-0.018330455759243736,-0.016679248094838027,-0.01963628238325524
2021-12-07,0.008070087990187975,0.009283727733434406,0.009386056389526082,0.01415859233297738,0.015515557382479443,0.014431073677124233
2021-12-08,0.012783899303262179,0.015169468857207538,0.015766635937593115,0.014993170341124691,0.016917044993306308,-0.0002666666666666667
2021-12-09,0.0022424579728584693,-0.0008432320602053244,-0.0007069327884042035,0.002612771879587157,0.002692438725331353,0.0007027213548647039
2021-12-10,0.0020114424850788907,0.007130689712609162,0.0071593781877697564,0.0006435143909415339,-0.00031682107730694167,-0.0010302564638522168
2021-12-13,-0.0068486722884446806,-0.006094200750015676,-0.005431431841806394,-0.006394890500120943,-0.0082026046847206,-0.00938666385294057
2021-12-14,0.0016849612234234902,0.0029037145019185856,0.0020561414712148575,1.3549328890799105e-05,-0.0024990311601760175,-0.0025693196994668573
2021-12-15,-0.007708515676145526,-0.0074872087824720355,-0.007555564301659191,-0.006224686381833751,-0.005991976410169169,-0.010131638538851507
2021-12-16,-0.000701058535674549,0.001147991253583474,0.00174974058979046,-7.702596038851214e-05,0.0015665890089298405,0.00702691932281191
2021-12-17,-0.01468535918424253,-0.029896451269741664,-0.030129338121281674,-0.018044704860264032,-0.015377077556357827,-0.02201067279219551
2021-12-20,-0.010339053082171881,-0.013331050721104892,-0.013657486212677455,-0.02216375294048511,-0.022084626281366433,-0.026751053769812884
2021-12-21,0.008243021574676889,0.012959629809269154,0.013725539754068117,0.011386381638351449,0.009384532645495392,0.013306824883369933
2021-12-22,0.0029512801504524375,0.0038384246515738877,0.004114411676680219,0.010229854711343352,0.010947032985081793,0.01125089464799062
2021-12-23,0.010933670543773154,0.013829704927138309,0.01377066077702476,0.008197415642615693,0.006885546336514033,0.013353233501985109
2021-12-24,-0.000698741282302215,-0.0034985994081038205,-0.0030323494994429928,-0.005843490009697171,-0.0040409083631890875,-0.004697773060446056
2021-12-27,0.004125800254227166,0.006707206354159528,0.007087609485307664,0.00437680288451218,0.004840138519222991,0.003941413394057063
2021-12-28,0.006470489996677472,0.009337460242783854,0.010285440292078115,0.009747041807390427,0.008566610759914585,0.011675338936882468
2021-12-29,0.0023664911540121738,-0.0006648600246675106,-0.0007624767438710774,0.0010842385550393512,-0.00114091088034896,-0.000886082246913965
2021-12-30,0.003420730478535541,0.000540902946153903,0.0011180555984178523,6.445068942649359e-05,-0.0005607831589689821,0.0024454700763453865
2021-12-31,0.00589595499993609,0.006952907819210274,0.007082581264894706,0.010093610643163012,0.008686990360265219,0.0068319277328705045
2022-01-03,,,,,,0.015082207937517213
2022-01-04,0.006996170586628128,-0.0012408083265306122,-0.0012031203265306122,0.006996170586628128,0.01013533773365083,0.013250857924659564
2022-01-05,0.008053311416953628,-0.0015487754936167047,-0.0037184236180530066,0.008053311416953628,0.006716975758933995,0.00601413637104336
2022-01-06,-0.0051082636483713376,-0.006113718088648936,-0.0069167977604178265,-0.0051082636483713376,-0.01005580805311726,-0.0002666666666666667
2022-01-07,0.004966575588868486,0.005044302832797192,0.004145863617371997,0.004966575588868486,0.0037571168401497185,0.0042692656266555004
2022-01-10,0.008414425866401154,0.008504740041637725,0.009439770283371713,0.008414425866401154,0.010643475643964555,0.007340335956281566
2022-01-11,0.0008456311659897125,0.008254439819856673,0.008859084044638343,0.0008456311659897125,0.0029090757855369247,0.0036547837583236725
2022-01-12,0.006625136024674409,-0.0012246969556904187,-0.0013268976614643998,0.006625136024674409,0.008635720331115329,0.00889502158039294
2022-01-13,0.005240423901611212,-0.003992701518840991,-0.003278688816966605,0.005240423901611212,0.002492514833041471,0.0003510948931223858
2022-01-14,-0.0016617656691068584,-0.002203562599551056,-0.0007516094944947293,-0.0016617656691068584,-0.00011232987251458901,-0.0013781408129503693
2022-01-17,0.004832603686406408,0.0013293063058189326,0.0015056141409626185,0.004832603686406408,0.0028634646353713476,0.0006855280273412971
2022-01-18,-0.016188344300525376,-0.02474561478632114,-0.024487440136442253,-0.016188344300525376,-0.010710847446216868,-0.01857154068318511
2022-01-19,-0.005982848021129027,-0.010680389878162923,-0.009457612285799697,-0.005982848021129027,-0.009689027834056424,-0.00708770168903731
2022-01-20,-0.0053860778647954015,0.0042688472569392365,0.0031413135266099863,-0.0053860778647954015,-0.010163883876396832,-0.003527684099894683
2022-01-21,-0.011653857676522815,-0.014797853624087006,-0.015955545893125672,-0.011653857676522815,-0.00790692279190989,-0.015758694888512302
2022-01-24,-0.02739838953879457,-0.0356170926769087,-0.03655921679874064,-0.02739838953879457,-0.02692721026213864,-0.031539108515996686
2022-01-25,-0.001024071020408163,0.005419219597219851,0.004481194688350368,0.012134318331740323,0.0074854055398087425,0.0019461505751020441
2022-01-27,-0.008210631116975012,-0.023416549132142573,-0.024527090294499183,-0.00968320000106056,-0.009759199363728934,-0.018886045583399097
2022-01-28,-0.0014292774074288698,0.008812797377063569,0.006991925699980954,0.0021509147321968547,-0.0004794310858279706,0.0011175659693095303
2022-01-31,0.013923694103580806,0.016409050501096402,0.018458234515546845,0.012392589530525185,0.01381485185545943,0.019795431814024114
2022-02-01,0.005167151765248231,-0.0007352000000000001,-0.0007369919999999999,0.01294720619349687,0.013575374822651254,0.013392662487364648
2022-02-02,0.005306909671602527,0.007525598996695925,0.007598219495166517,0.010997037986138228,0.01149155699474709,0.01296537330577923
2022-02-03,-0.00944025265825675,-0.012837116805945773,-0.01271577525570908,-0.008676754671566127,-0.01243929691182117,-0.014643364027480349
2022-02-04,-0.0034708577334320707,-0.0009880758336623767,-0.0011271474376941606,-0.0023636799095991035,-0.002503012582150695,0.0010980198199686132
2022-02-07,-0.01938183035276093,-0.005862554799849066,-0.006259399001669132,-0.01539081481173048,-0.017432174227495423,-0.0001066666666666667
2022-02-08,0.002607523977617987,-0.006912523232343665,-0.006395574279676645,0.002108370052266607,0.003082940476216172,6.65280920128438e-05
2022-02-09,0.011409099910604927,0.010205094514193174,0.010289757774139407,0.013021372217157472,0.0113475249468573,0.013823734376831006
2022-02-10,0.005745922636558415,0.012226111697153716,0.012203978559492984,0.006298580418315327,0.00810099920504003,0.008133991442329892
2022-02-11,-0.013209534542562162,-0.0159232601955107,-0.015815268253730176,-0.011601930442224809,-0.013213208134273142,-0.017005575924226746
2022-02-14,-0.02318134636367816,-0.028541399919251878,-0.028078714772384883,-0.03009526243762208,-0.031094690696753635,-0.029409224800335608
2022-02-15,-0.00023242399999999998,0.01753152938975899,0.016408639044012446,0.027436473064655048,0.02981034961442144,0.02996435429809803
2022-02-16,0.0036015247514970166,0.0015543850447751648,0.0019539749466239713,0.0003700973930743247,-0.001744791023833279,-0.0030698561099208725
2022-02-17,-0.0019406529874998358,0.0013452118040845223,0.0011788982628549505,-0.0015845809229802356,-0.001016531212017758,-0.0006151523827459936
2022-02-18,-6.596799999999999e-05,-0.0063621542504708455,-0.006442702349956608,-0.0025929540148943012,-0.0016366742405402451,-0.0050768166137677385
2022-02-21,-1.7615999999999992e-05,-0.009009048167677395,-0.008982027083090607,-0.008225536079125864,-0.004039705592356217,-0.008584565267256926
2022-02-22,-1.4695999999999988e-05,-0.003523590917652704,-0.003570115811751844,-0.005924360114422504,-0.00667378632095619,-0.00040490926029844806
2022-02-23,-6.525599999999999e-05,-0.00045128975645066384,-0.0004660482783467866,-0.001040652060779904,-0.0016951453630000418,0.0003787310696879611
2022-02-24,-5.463999999999987e-06,-0.044158373669860834,-0.043328522373669506,-0.0505812144979392,-0.04896026903082192,-0.045394287334627935
2022-02-25,-0.00016837599999999997,0.026589953325877644,0.026035816687930542,0.028338932845217813,0.024947858168202962,0.03208169388493668
2022-02-28,-7.2688e-05,0.016888295588239777,0.016006274845574184,0.011469793548505532,0.008101131335537446,0.020273681065364407
2022-03-02,-1.9744000000000026e-05,-0.0005134239999999998,-0.0005625679999999999,-0.005415286215063318,-0.011254730666993663,-0.0033643777664084727
2022-03-03,-3.5784e-05,0.008615968994525937,0.007787931485654256,-0.005751847993585753,-0.006518778370608893,0.005545828126817604
2022-03-04,-5.0479999999999984e-05,-0.023410133686122537,-0.023384879717231678,-0.01641171953906684,-0.015435549523985674,-0.018012008604528243
2022-03-07,-0.000109152,0.01588892032583311,0.016389282220560637,-0.018202749775727726,-0.023807855961420165,-0.007608332189409995
2022-03-08,-7.230399999999999e-05,0.0010981746736067385,0.0007949331789861222,0.009461685967068666,0.009430172336242727,0.006538992624257662
2022-03-09,-4.8144000000000005e-05,0.013000672278926333,0.013723264660226886,0.014162930272604663,0.020514423015661167,-0.00031999999999999997
2022-03-10,-2.782399999999998e-05,0.011369502282904882,0.011591189713125642,0.015928249450038158,0.015152013456311012,0.010235449346019875
2022-03-11,-5.2431999999999995e-05,0.01241830435210509,0.01131938214598235,0.004681776780076243,0.0021398626113986923,0.004573498504296828
2022-03-14,-1.717599999999999e-05,0.007257903383939791,0.007461506931378513,0.006716510815470873,0.014378694372337426,0.004352948209886756
2022-03-15,-2.3680000000000004e-05,-0.01590575988475814,-0.016890355315129942,-0.009913039670036247,-0.012423307208470636,-0.01501414599414689
2022-03-16,-1.1912000000000012e-05,0.015819457253523676,0.016771350405651433,0.01826889623791555,0.018571576221107083,0.015068521091572551
2022-03-17,-3.555200000000001e-05,0.012524471436114794,0.012679509494864887,0.016948126007042864,0.01819544269851146,0.014564474669967336
2022-03-21,-3.6136000000000015e-05,-0.00191649312227891,-0.0008872992101104406,-0.011785881523964413,-0.009850560325581039,-0.005253794441100542
2022-03-22,-5.393599999999999e-05,0.006153301309116907,0.006447058037174883,0.00796500974460551,0.011494902983443505,0.012355868200025853
2022-03-23,-6.592e-06,-0.0057857927511908176,-0.0056206136540472625,-0.001970833881093019,-0.004042093720190609,-0.0020399236842904593
2022-03-24,-4.584799999999997e-05,0.004966547391067943,0.00504938596750266,0.0018242135346232882,-0.0013287761390126268,0.0047299888543693705
2022-03-25,-4.458399999999999e-05,-0.007423087482041074,-0.007122703673777655,-0.004338004733147105,-0.004058098847076208,-0.008031603368432165
2022-03-28,-4.215999999999998e-05,0.004990554067388172,0.00491181038182368,0.0037774512591200824,0.004014550846285441,0.009454405778866148
2022-03-29,-2.6712e-05,-1.7424380857928272e-05,-1.903844316897388e-06,0.0035460245755999766,0.00598026976240216,-0.0025884700054640986
2022-03-30,0.005329887977077693,-0.006316973516553204,-0.006949738083407531,0.005449894043008308,0.009932969892759297,-0.002971855051010491
2022-03-31,0.0009578985866700719,-0.002896502905795295,-0.0033820705920907072,-0.0008656785066107953,-0.001916312115762529,-0.0011901486167500961
2022-04-01,0.009467144506896955,0.006225902585626968,0.0053628470821048685,0.011695270350052,0.01170914487476482,0.015113884062959472
2022-04-04,0.011848031133733948,0.0055784364775856455,0.005562439899292504,0.013727946264552484,0.0214403456403388,0.009938261820490428
2022-04-05,0.004430269634949011,0.008496682175805943,0.007807554031261367,0.0031480508238382024,-0.005331746328175393,0.008990498825424378
2022-04-06,-0.0015315863675721218,-0.00048904627997387,-0.0013718461364269116,-0.0009011303539906674,-0.008374145812508964,0.006124786115603849
2022-04-07,-0.004011758978712537,-0.013527237414519099,-0.013492361266828066,-0.006167611535734816,-0.009484577848941177,-0.013612813808933562
2022-04-08,0.0064731490184205525,0.008380310944323226,0.008918393022236053,0.011656347911271339,0.008175250776633796,-0.00016
2022-04-11,-0.0027095706276895576,-0.003564672033787762,-0.004251671937859155,-0.0019938732760144033,-0.006170496392137639,-0.0005523544187527734
2022-04-12,-0.0035508977128995813,-0.008693975998399259,-0.00997623348169592,-0.01018381494522043,-0.008217481851263662,-0.014257594652604974
2022-04-13,-0.0024489114918520086,0.0022175120037862353,0.0031737339004917157,0.00023032559610258583,-0.0031223510971550208,0.004860769478630653
2022-04-18,-0.0036575332487887332,-0.008195980515014582,-0.009831172628439347,-0.0048671724649117,-0.017432250630348714,-0.0023050534649406195
2022-04-19,-0.023172706046778957,-0.014123675259716452,-0.013934928793612121,-0.01286993055322106,-0.012598203971631295,-0.010411273681061824
2022-04-20,0.012384710615271783,0.007720605850691281,0.0077761579914916055,0.009652446413107463,0.010435603778864927,0.005884221551135146
2022-04-21,0.004970061454131031,0.01001789977342007,0.010885163891611723,0.013338689300515917,0.014831150992767859,0.010188688142740815
2022-04-22,-0.011680504890184622,-0.014108267960201669,-0.014640469268062159,-0.01213894079984199,-0.012767612798961313,-0.014142555193777133
2022-04-25,-0.01306140825953559,-0.01783174041228688,-0.018349916586986315,-0.018235404707748388,-0.012776394201003337,-0.023967106485803923
2022-04-26,0.01697291737273922,0.015925984775559603,0.015017650399993318,0.016789638651041928,0.014455140840464372,0.017074867634410844
2022-04-27,-0.008339471752738355,-0.012653790914137486,-0.01312798189677777,-0.010965626463357034,-0.00948629657994312,-0.012371109472167654
2022-04-28,0.009695179560792265,0.010326076919510594,0.01008944032412443,0.012629803614049471,0.012055547873445796,0.01207396169413878
2022-04-29,-0.011714159345518345,-0.015033667081056086,-0.014408834885472104,-0.011851703873202226,-0.008297570200330234,-0.017199616269257558
2022-05-02,-0.005285729792329066,-0.000746624,-0.000741048,-0.0032225243012284407,-0.0019578324241160947,-0.0024205599690990884
2022-05-04,-0.007487676183357163,-0.011198515280709498,-0.011149658269917073,-0.021944949612643896,-0.023203310190181764,-0.012654937128807806
2022-05-05,-0.0054297649328519096,-0.007307838786229242,-0.007182084455164133,-0.002276423795427997,0.00030280236440618743,0.00128527710050397
2022-05-06,-0.012234213042901477,-0.0009914233381419402,-0.0011636077661526427,-0.013616491737453548,-0.016402205362178027,-0.0012460168616374918
2022-05-09,-0.0022044134732869336,-0.005910955519554628,-0.005671704152348947,-0.006664218963251596,-0.0066885009232451696,-0.005902325688387425
2022-05-10,-0.000224328,-0.025068639742241376,-0.024538197512514584,-0.008513988315537964,-0.003798172823006312,-0.024168760499262882
2022-05-11,-2.0911999999999982e-05,-0.003583208593548417,-0.003554233324879102,-0.0039196483249357575,-0.004502112641840228,-0.004525270465599396
2022-05-12,-7.871999999999995e-06,-0.01970516752070861,-0.019883667892134086,-0.021579542294492347,-0.022462147872579268,-0.0002666666666666667
2022-05-13,-2.6711999999999988e-05,0.0032159575773059133,0.0025079762083437002,-0.0014344907798384777,-0.0016365617019766783,-0.0038834902388622285
2022-05-16,-2.4991999999999984e-05,0.006778466749505948,0.0070341435007409605,0.0057746468512000805,0.003803986233609079,0.006507038602183838
2022-05-17,-3.0879999999999927e-06,0.028256099711224426,0.027892964448621837,0.026770228533679438,0.025981475212963467,0.035365815955366885
2022-05-18,-7.854400000000001e-05,-0.0074151158480883494,-0.00717431685366118,-0.0019577605929534305,-0.0011692453072036017,-0.001362814746307373
2022-05-19,-2.619199999999998e-05,-0.018171099756563162,-0.018155662378820485,-0.025847475462728146,-0.026891070897403772,-0.02144776986046637
2022-05-20,-7.8752e-05,0.02242090575107833,0.0221444704748429,0.025499928003961985,0.02848156086057151,0.02671675102257453
2022-05-23,-0.00012662399999999999,-0.0088409999298192,-0.008441119307190917,-0.007389757921482304,-0.0031680351601504043,-0.020686662245436787
2022-05-24,-1.700799999999999e-05,-0.010503972477855842,-0.011050106489685664,-0.009879371492669018,-0.005538061057189644,-0.008820709720506519
2022-05-25,-2.7935999999999998e-05,-0.006552698369442285,-0.005450323973846058,-0.010125666167106546,-0.006180277818558741,-0.012662682771904795
2022-05-26,-2.497600000000003e-05,-0.00027383798539629676,9.197476873877282e-05,0.008689905822059535,0.008967062770830264,0.007927458478169157
2022-05-27,-2.5799999999999987e-05,-0.009458061836625405,-0.009949500177343014,0.009457158772027487,0.011210771015034579,0.0022170190707800084
2022-05-30,0.013888269787355054,0.016505601213956674,0.01604909802760123,0.017114769209951756,0.018716945110386057,0.019398296996635075
2022-05-31,0.009293459282348662,0.005297968240952173,0.00569544522399822,0.0033795078687315423,-0.004623104079880039,0.002562855713523123
2022-06-01,-0.014473832001521034,-0.009393099462866594,-0.009367806575826436,-0.00680547550156778,-0.003733367056413342,-0.003207993227625801
2022-06-02,0.003755311059904971,0.014289406500898931,0.014104830985372817,0.0035367492677148967,0.006349802260260305,0.005281802123137346
2022-06-03,-0.008669080511357986,-0.00452481984291081,-0.005069708338391347,-0.009627790199147326,-0.0026315095876877827,-0.012613394053237869
2022-06-06,0.003739817698919192,0.0005945815384964396,0.0005777984890355684,-0.0002709806258237774,-0.0008897910968418909,0.0033090002505768044
2022-06-07,-0.006371891309258149,-0.000773720603248618,-0.0006333738275294595,-0.007890043462987254,-0.009288955076891798,-0.009261616583126112
2022-06-08,-0.003808625164242809,-0.0038285843055960098,-0.003988006381514662,-0.0014109081696020292,-0.003667678332650513,-0.0056183876842612075
2022-06-09,0.007848791835891218,0.009120956500189133,0.008888052178963629,0.005731312830259912,0.007422115570615706,0.0049524451926789585
2022-06-10,-0.005127484440201087,-0.006166836839213655,-0.005875640564505589,-0.0086772665206181,-0.01690986774485526,-0.00031999999999999997
2022-06-13,-0.013864572634848985,-0.027069231674632977,-0.02665734931788652,-0.026001600731694385,-0.026733937520215956,-0.02666500221850243
2022-06-14,-9.991199999999999e-05,0.004656195303884956,0.0048246363201295194,-0.0009525516155222177,-0.0026852114114221596,0.0048921941580503505
2022-06-15,-0.0031170146773504713,-0.008499416176843652,-0.008717700152923035,0.0005966960007569558,-0.0025425739848417965,-0.005756633941271898
2022-06-16,-2.0608000000000007e-05,-0.029655985867135998,-0.029789454483141777,-0.024829314343929765,-0.021354848179315097,-0.02915863216338659
2022-06-17,-4.360799999999998e-05,-0.021254998950714414,-0.021584910780509718,-0.011988540577574874,-0.004377862497838008,-0.012280393395692823
2022-06-20,-5.063999999999999e-05,-0.008706617482384067,-0.008598867708454007,-0.0009538114646708369,0.0036973698916184226,-0.009653230817552878
2022-06-21,-2.283999999999998e-05,0.027496424563263455,0.027333552948022317,0.0208839821959444,0.018629721921802747,0.02308545843602363
2022-06-22,-0.011826952458716618,-0.019159469469041793,-0.019061398393780616,-0.017090467012172456,-0.01452423294963793,-0.021262551693910815
2022-06-23,0.014724219822986329,0.005546491941993933,0.005770644406658395,0.013564426817968163,0.009257464658604653,0.011496403305856046
2022-06-24,0.00870156760856515,0.008708169221509098,0.008582488937673176,0.009296518043613764,0.009124715461734611,0.009379855861155237
2022-06-27,0.008863718740148572,0.012365534799237061,0.01251697734436146,0.010234827063233769,0.008423413606869335,0.013591443733141239
2022-06-28,0.00440904873486226,0.0007881527128587931,0.0007003784079170827,0.0027786435521148776,0.0011457767431705531,0.005512182952998986
2022-06-29,0.0005495393350602607,0.009044980016878012,0.009212005998953679,-0.004838052543669311,-0.003229179201912245,0.0062117698456202325
2022-06-30,-0.005245275768117223,-0.004036019011832039,-0.0039061037348651437,-0.005141429825774137,-0.0011937935294284723,-0.008669576614960296
2022-07-01,0.0004900224984477793,-0.02742762889292063,-0.02757832752727553,0.005743840421558224,-0.0017886549985601772,-0.007934898642773119
2022-07-04,0.003720868783469495,0.001206161140905613,0.0012165058370509543,0.00458149074434303,0.005274254882250374,0.000258569429079107
2022-07-05,0.0004244355352816184,-0.0008452799999999999,-0.0008304559999999998,-0.0014191125202260894,-0.0015483695040555473,0.00023061683522151803
2022-07-06,0.011099886244299681,0.004531079234796702,0.00366843212956243,0.012128342601142482,0.01125461822453212,0.0032616183878998034
2022-07-07,0.0022262430210331268,0.009916699051182642,0.009731045373630934,0.010795297986806174,0.00890968266712923,0.009672752934672292
2022-07-08,0.0049191945883117795,0.0121541015739357,0.012723918382758666,0.004378588389048357,0.005421325887187373,0.00723030950182609
2022-07-11,0.0017024823782034498,0.002862512297334062,-2.3394048865209988e-05,0.002938556434562877,-0.00028360614005298526,-0.00021333333333333333
2022-07-12,-0.013022411191998975,-0.005702442339097592,-0.005396088061573519,-0.010153477552532271,-0.009772571447684876,-0.007401535767106074
2022-07-13,0.003245386641431152,-0.0031906655687991056,-0.0016092590269695252,-6.613637690250433e-05,-0.0057236413300785416,0.001185124973186788
2022-07-14,0.0026688800229706638,0.0035499093210903747,0.003493823817241222,-0.0010798047205351695,-0.0017551946856914542,0.00241551026862488
2022-07-15,0.008758894511936819,0.005854231142443659,0.00602808483240312,0.006056768257745941,0.006912014580365188,0.007402902227595401
2022-07-18,0.005477685634103511,0.005772765595368479,0.004674843813342838,0.014016829222308576,0.014186202470718856,0.00685197714865725
2022-07-19,-0.0026586048385685403,0.006718211383277863,0.0050488801135730645,0.0038966868434201873,0.003804517906147779,0.002293381005343493
2022-07-20,0.01255305768096132,-0.0032217902077525083,-0.003084710321564187,0.007132921399354906,0.010973459265845803,0.00450131521076604
2022-07-21,0.004718236730054807,0.00885408625456206,0.007818286335103036,0.009614220221797217,0.005095714512164849,0.006848476931903312
2022-07-22,0.00284508184179854,-0.0007555378076231879,-0.000960691594113091,0.00414987904790235,0.006853755230166662,0.003383063473024807
2022-07-25,-0.006957846403057196,-0.003091918924745648,-0.0055268473150525115,-0.0029031931158773686,-0.005304241963650273,-0.008320706793322884
2022-07-26,-0.01046245119850775,0.003879603393639421,0.0028804431890240476,-0.007736010776735298,-0.008887333683346772,-0.0051151007098042
2022-07-27,0.00888569064232263,0.003818076862617783,0.0047262082381366605,0.010350211933008181,0.00953655956008488,0.0062669050250040315
2022-07-28,0.010508246879542344,0.001883260427000327,0.003123731414165393,0.01523927926523326,0.017145896529526243,0.0037221669712813165
2022-07-29,0.012980151931218369,0.01654206956911747,0.017330511786153295,0.015319009413895362,0.013415561413115864,0.016942028247109907
2022-08-01,0.0092149122062754,0.02205081105942408,0.01946304048688803,0.00999816411741868,0.010539792401854702,0.020235190743734144
2022-08-02,0.000434640002747202,-0.000292064,-0.000431456,0.0017883513745075175,0.0003112792114048116,0.002703377118938518
2022-08-03,0.000741327264242835,-0.003602324907307206,-0.003602324907307206,-5.021007674189609e-05,0.002458783072766921,-0.001990464819023227
2022-08-04,0.009485837051274575,2.2352032937756477e-05,2.2352032937756477e-05,0.0015112033906365457,-0.00035377417814128954,0.00011946912048429622
2022-08-05,1.2474016138128109e-05,-0.0017609146214703209,-0.0017609146214703209,0.0006429643601101076,0.0008913297215996853,-0.0036953993856382343
2022-08-08,-0.001862893296841524,0.015015169925426976,0.015015169925426976,0.004942562568033125,0.007307599012140524,0.009749728886953194
2022-08-10,0.0016445164874985714,0.0052247284453085414,0.0052247284453085414,0.002189469610862522,0.0005505095416120064,-0.00016
2022-08-11,-0.00018494580588204984,-0.0023794727786892026,-0.0023794727786892026,0.003448755487072162,0.007060942140366637,-0.003620684730010568
2022-08-12,0.0040502836809882346,0.006749675349747181,0.006749675349747181,0.002408918057984622,0.0022145679837284517,0.0029032714552345252
2022-08-16,0.00797662887374845,0.013519073319873532,0.013519073319873532,0.009845559725379226,0.007155855032733008,0.01604959650488082
2022-08-17,0.0007014923367109342,0.0006105213135332748,0.0006105213135332748,0.008025554543487079,0.006653737907021656,0.005955307047590159
2022-08-18,-0.0008364634542094181,0.00833524824036124,0.00833524824036124,0.0009344703336550575,0.0006824370229270742,0.004845995548117034
2022-08-19,-0.006050965130470603,-0.0123408214357393,-0.0123408214357393,-0.010935206531287617,-0.011090751389954998,-0.012329581800664223
2022-08-22,-0.008740537660856834,-0.008267791343451476,-0.008267791343451476,-0.016754807795380345,-0.015192148554208883,-0.008369961855506562
2022-08-23,0.00560384166238597,0.012192215694413098,0.012192215694413098,0.007590203983620097,0.004950408657946044,0.010918750248703462
2022-08-24,0.0010045458880890412,0.005095912827632933,0.005095912827632933,0.0021596538352315125,0.001560393032835227,0.0014597334202667454
2022-08-25,-0.005105211155627469,-0.007850197838200719,-0.007850197838200719,-0.0030572964284250478,-0.004697196795508722,-0.004947663969463179
2022-08-26,0.00038675290411151593,0.012818721370792706,0.012818721370792706,0.005409559251936372,0.002078094793881999,0.004847970581045197
2022-08-29,-0.004509059037041555,-0.0011645840341278635,-0.0011645840341278635,-0.010095531150324685,-0.014109055185943692,-0.0010968098850575288
2022-08-30,0.018373884992671664,0.01842888879851596,0.01842888879851596,0.021764925183086908,0.025457455427431688,0.017295082057900864
2022-09-01,-0.012428039464090445,-0.008616939908786096,-0.008616939908786096,-0.007179366815550335,-0.012265712506503565,-0.0040800993370029015
2022-09-02,-0.005496328264624114,-0.000216896,-0.000216896,-0.0018569019820802786,-0.00019106884593758132,-0.0004365779997457691
2022-09-05,-0.0014603240001803885,0.0057124775247205505,0.0057124775247205505,0.004742469024150931,0.00717802628935595,0.0029768234203246097
2022-09-06,-0.0022907161257334774,0.0054105133323744635,0.0054105133323744635,0.00023292405359243325,-0.000577619915734608,0.0009016841080997319
2022-09-07,0.0024743851884364626,0.001736840931795749,0.001736840931795749,0.0019634793626286226,-0.0017686636555011566,0.00027693340245251184
2022-09-08,0.0037375829682313776,0.004040903145214609,0.004040903145214609,0.007164479493630905,0.009843902383512463,0.0025311118696271003
2022-09-09,0.0014693568097870397,-0.0011796215328682231,-0.0011796215328682231,0.0018622890999134578,0.0019420477956010656,-0.00020965584673004507
2022-09-12,0.002388121909769951,-0.00243000752115608,-0.00243000752115608,0.0064370610938546185,0.005759080279283832,-0.0002666666666666667
2022-09-13,0.004777946737166073,0.00798452539515476,0.00798452539515476,0.006939129063528968,0.007426556664034913,0.008324554254880776
2022-09-14,-0.0017714432179362725,0.007038128433622774,0.007038128433622774,-0.0018334496985002065,-0.003675845320864187,0.002734532206433971
2022-09-15,-0.007512012590956404,0.01285475123252368,0.01285475123252368,-0.006051448805269869,-0.0070427023794097186,0.0013788722083117838
2022-09-16,-0.016039170992167645,-0.012507809462937843,-0.012507809462937843,-0.020298924574148596,-0.019575203370476822,-0.01745059467339882
2022-09-19,0.0022247339782583194,0.007312742290362086,0.007312742290362086,0.004754977709795066,0.005200144374609497,0.009417507641635917
2022-09-20,0.014375922346305997,0.008451278153223479,0.008451278153223479,0.013857120718456222,0.010948654031257964,0.012552149945366525
2022-09-21,-0.005264605448877085,-0.011080596551885638,-0.011080596551885638,-0.008493032217888573,-0.005510158516157929,-0.009241617929593484
2022-09-22,-0.002702067470871112,-0.0007760560649881405,-0.0007760560649881405,-0.0016217254065831292,-0.005010107310831895,0.002178933874797086
2022-09-23,-0.011767132142920852,-0.023008871838614865,-0.023008871838614865,-0.01590952732736222,-0.01730454089090743,-0.015535438562654828
2022-09-26,-0.012731807315454601,-0.02828171426159557,-0.02828171426159557,-0.019691912902981668,-0.018114401349380974,-0.025195050812544667
2022-09-27,0.00929085617344158,0.003187716040684395,0.003187716040684395,0.000428185505743261,-0.0005231876910193474,0.0037196000066602643
2022-09-28,0.001233933485040706,-0.005236780950615549,-0.005236780950615549,-0.005839248567930276,-0.008787677246935572,-0.0061395251466770055
2022-09-29,-0.00023206399999999998,0.005093628285610972,0.005093628285610972,-0.0006580502083648041,-0.0024052250050792126,0.0018105976229207898
2022-09-30,0.007498602655049874,0.005370901389484207,0.005370901389484207,0.012708845463253168,0.016292312526781774,0.007572123334446044
2022-10-03,-0.0014005734338450725,-0.020461221580232815,-0.020461221580232815,-0.012098303236588712,-0.012183178897324074,-0.020638224880104257
2022-10-04,0.01315459623831796,0.01613895143603549,0.01613895143603549,0.020821924455599976,0.022655095268550494,0.022940286693507842
2022-10-06,-0.00377695393134137,0.007843406522007955,0.007843406522007955,0.0038504753322760417,0.0033231164632058175,0.001987167613728605
2022-10-07,0.0007973359396396003,-0.002236874768690335,-0.002236874768690335,-0.0014336424830985047,-0.0009900230150986376,-0.003980287741004036
2022-10-10,-0.003614424020891901,-0.004070496336723455,-0.004070496336723455,-0.003916420981513219,-0.004262718329192525,-0.006033844086338301
2022-10-11,-0.016831153773791675,-0.0084490545957809,-0.0084490545957809,-0.017544482241403675,-0.015044993668578569,-0.019182971584232583
2022-10-12,0.009086325368587323,0.012159266722502598,0.012159266722502598,0.009745662639182136,0.008212331644389038,-0.00021333333333333333
2022-10-13,-0.0031154465635534635,-0.0007300277633036894,-0.0007300277633036894,-0.005714673567630628,-0.0064005234917517235,-0.006538991890759116
2022-10-14,0.002454915513744011,-0.0014081938537511495,-0.0014081938537511495,0.003593479954337172,0.010020514532698735,9.759553074365846e-05
2022-10-17,0.0017572485466192589,0.002892601186341935,0.002892601186341935,0.004150893922202897,0.007310797834822186,0.010622130928017426
2022-10-18,0.010399109727485433,0.014587574502274187,0.014587574502274187,0.010353228216874151,0.010066448739082915,0.015477055525286325
2022-10-19,0.0032036013867283546,-0.001517495933450493,-0.001517495933450493,-0.0019792922782881067,0.0014457922593648584,-0.003960813494646858
2022-10-20,0.010071609746265085,0.011356876748151527,0.011356876748151527,0.006553849491385693,0.0029478254394111857,0.004360065624643859
2022-10-21,0.0005883221357781245,-0.00510809708091642,-0.00510809708091642,-0.0005278558206719747,0.0007029866326317706,-0.0013756919864416758
2022-10-24,0.01114897947823179,0.006897925227458289,0.006897925227458289,0.007321421333104568,0.008748972260095097,0.005536893791279682
2022-10-25,-0.00698129766113888,0.003568550417215282,0.003568550417215282,-0.0013914527284893312,-0.004204950452158822,0.0012146839250280809
2022-10-27,0.005038099584343007,0.008465618768445506,0.008465618768445506,0.00693117472786044,0.0045545202832827395,0.004516522935028229
2022-10-28,0.0031402649332296947,0.011337383751221827,0.011337383751221827,0.0013079332413546752,0.0028066628790527496,0.0069663550865935306
2022-10-31,0.0069827396299375535,0.00967270174542746,0.00967270174542746,0.010283390143046467,0.012592609626880552,0.007547446372915871
2022-11-01,0.011807475826562195,-0.00036953599999999995,-0.00036953599999999995,0.009965061301633656,0.007367843877008389,0.010519411484198755
2022-11-02,-0.006617601761565671,-0.0029305999578022475,-0.0029305999578022475,-0.004636383881654956,-0.0034531529072475455,-0.005518447381885034
2022-11-03,-1.74377498984499e-05,-0.006029599020475311,-0.006029599020475311,-0.001303555274469196,-0.001668738878993079,0.001125808541657077
2022-11-04,-0.0017148135591714365,0.006459140592137397,0.006459140592137397,0.005055747892876486,0.0035638102334325083,0.004371625380853502
2022-11-07,0.008876375804747531,0.010361483278119811,0.010361483278119811,0.004449023390038986,0.0047164462855731094,0.009330915885310199
2022-11-09,-0.0047455900110599655,-3.9282271428244106e-05,-3.9282271428244106e-05,-0.003924296665200091,-0.0025193100341803654,0.002654049263242345
2022-11-10,-0.0049427373243515135,-0.012040219390762462,-0.012040219390762462,-0.00806225628369905,-0.007119006002546902,-0.007841238747213408
2022-11-11,0.0047172783455636195,-0.008454870782212243,-0.008454870782212243,0.008416075298988877,0.01767602773148285,-0.004644895322266818
2022-11-14,-0.0036346417394380317,-0.005253905596468655,-0.005253905596468655,0.0001735496340070507,-0.0011204729970374992,-0.00016
2022-11-15,0.005420250647561449,0.002776752104964848,0.002776752104964848,0.004715621421203036,0.00404274135870096,0.004072879006874661
2022-11-16,0.0021568214906281065,-0.0026115020745944503,-0.0026115020745944503,-0.0032829688687726734,0.000339553496785159,-0.001984647242673639
2022-11-17,-0.0026142350803450226,-0.004618652131089832,-0.004618652131089832,-0.0038128752764814648,-0.0035778894143715548,-0.0033157927660517755
2022-11-18,-0.0062555065084652015,-0.01105461069662623,-0.01105461069662623,-0.0046787140533844605,-0.001978088841936149,-0.0080320451140184
2022-11-21,-0.0023669037679569693,-0.003432273931528102,-0.003432273931528102,-0.005289271183387645,-0.008100449774708418,-0.0028151307253978554
2022-11-22,0.0006977803049859985,0.0028120732407832306,0.0028120732407832306,0.005042628833862696,0.004628601630860599,0.006449714305142707
2022-11-23,-0.00019722554413936913,-0.003999056516840643,-0.003999056516840643,0.0015850738640607325,0.0012626606067816233,0.0001606620647231666
2022-11-24,0.008870718286480408,0.0034743486900630505,0.0034743486900630505,0.011270246480445603,0.011801042862214367,0.004835052462377402
2022-11-25,0.00079673715533641,0.004277062777004215,0.004277062777004215,0.0031252277565958415,0.0015488019469054911,0.003196137327165672
2022-11-28,0.0036037009435656566,-0.0017169947750695705,-0.0017169947750695705,0.003022542076047232,0.0026972005940332764,0.00229386526127288
2022-11-29,0.006707238333704593,0.0006516071165743051,0.0006516071165743051,0.0023776553321413567,0.0029746977400658824,0.004141033146529008
2022-11-30,0.010397080409131662,0.013939163302970951,0.013939163302970951,0.009791235464031002,0.007507383568474861,0.009269923652898686
2022-12-01,-0.0024589478125173125,-0.0073648143456145464,-0.0073648143456145464,0.0031507943415794697,0.0028825767148602448,-0.001457946947897869
2022-12-02,-0.005822579959653872,-0.010958944920123925,-0.010958944920123925,-0.0040078055464312645,-0.006206617442539312,-0.008499405145349165
2022-12-05,0.0009083634779890196,0.003936791542857152,0.003936791542857152,0.002636784884086542,0.0002647887259970962,0.004505326903978604
2022-12-06,-0.002129931872803103,0.002747744142471985,0.002747744142471985,-0.00409747722229474,-0.0031223832280691255,-0.0012680288414125822
2022-12-07,-0.003443746798300224,-0.004398054852652194,-0.004398054852652194,-0.005787794728193618,-0.004421663914122268,-0.0036315230579063557
2022-12-08,-0.0019754763522252675,0.0023592429540803253,0.0023592429540803253,0.001479713577210375,0.0026284549446723396,0.005668534391226365
2022-12-09,0.002243623810146896,-0.00024356334568920775,-0.00024356334568920775,-0.005087859448980137,-0.006077211303593385,0.00016726845721477465
2022-12-12,0.0018015903175518809,-0.0007522820846835086,-0.0007522820846835086,0.0019103005634735419,2.977698935843848e-05,0.0012132389821108444
2022-12-13,0.004700315650406056,0.0064184418359690834,0.0064184418359690834,0.004291958421916739,0.005974908495510217,-0.00021333333333333333
2022-12-14,0.0013656897688375527,0.00487071197681356,0.00487071197681356,0.0050267596168420015,0.002806718551028224,0.0035864330107414875
2022-12-15,-0.008669439969241096,-0.011282913824346262,-0.011282913824346262,-0.010157313489873495,-0.01323817358829901,-0.009923926385589763
2022-12-16,-0.010164561093424448,-0.014246205831819056,-0.014246205831819056,-0.011061910219593601,-0.007954506384605002,-0.01165972730339412
2022-12-19,0.011310549957651848,0.020244110314488098,0.020244110314488098,0.01047069223198363,0.008255783729645224,0.013751976939788902
2022-12-20,-0.001892349633591491,-0.004198599000543242,-0.004198599000543242,-0.004193667125920183,-0.0019099433205291773,-0.002715542046285377
2022-12-21,0.0006852783078216368,-0.01168147442036467,-0.01168147442036467,-0.006941724368337293,-0.01017935391694218,-0.015291290684702944
2022-12-22,-0.004433297521725427,-0.011206678009997823,-0.011206678009997823,-0.006050481377062512,-0.0039502948868902,-0.010023630386841531
2022-12-23,-0.011714323358326891,-0.02408012649839002,-0.02408012649839002,-0.02059486461905449,-0.01784137526808462,-0.02306203483894898
2022-12-26,0.0005394778685096999,0.010915171659245191,0.010915171659245191,0.009707991177676883,0.01160206785899442,0.01830648326040313
2022-12-27,0.0027138370315862134,0.0036023014139390844,0.0036023014139390844,0.00808155708416858,0.006512402811413872,0.004696605269576427
2022-12-28,-0.00019104149651292184,0.005677265695970346,0.005677265695970346,5.746765447783514e-05,-0.0005406611691443354,0.004035323276458576
2022-12-29,0.001013804019872853,0.004618404874072424,0.004618404874072424,0.0030735542292827846,0.0037727060871833766,0.0024970261618499708
2022-12-30,-0.005593774650836757,-0.004542350349907592,-0.004542350349907592,-0.0018296293897615713,-0.004722210041123311,-0.0021601463489165653
2023-01-02,,,,,,0.0012016998203859617
2023-01-03,0.0029305516201693135,-0.001306114448979592,-0.0013061304489795918,0.0029305516201693135,0.001927069632871597,0.0016795758749103794
2023-01-04,-0.009240960388692111,-0.010436621853454875,-0.010478230833553292,-0.009240960388692111,-0.010453517612292944,-0.008222506694962156
2023-01-05,0.002259817197624979,0.010893850566833271,0.011704682488485732,0.002259817197624979,-0.0028194100932680756,-0.0014551015174488178
2023-01-06,-0.007237007277176586,-0.0025857421974670508,-0.0031086296489799244,-0.007237007277176586,-0.0074028372147649955,-0.0071934572904069636
2023-01-09,0.011114867165281548,0.012178187853498952,0.01137356675867928,0.011114867165281548,0.01344545509952314,0.007607944079291096
2023-01-10,-0.007042868031747339,-0.01259878397794302,-0.012586266063302624,-0.007042868031747339,-0.010387266093937284,-0.00941003246510137
2023-01-11,-0.0034506176636581233,-0.00681958942784016,-0.007517720929038307,-0.0034506176636581233,-0.0010305082936186098,-0.00021333333333333333
2023-01-12,-0.0010583041724886208,0.0002051013589237816,0.0014157089635689628,-0.0010583041724886208,-0.0020976741216788596,0.0006247898699278509
2023-01-13,0.0061408553432492526,0.0066754148600872126,0.00656338609663892,0.0061408553432492526,0.0054949708747303715,0.007198993519159002
2023-01-16,-0.0025329532920761342,-0.009982825904546095,-0.009054743186288048,-0.0025329532920761342,-0.0034447734977776498,-0.006856641930077059
2023-01-17,0.005574687122029075,0.005043193097669001,0.004900085397132334,0.005574687122029075,0.008815596703469526,0.00529895254422454
2023-01-18,0.005019390250153273,0.004647732213644175,0.00400133818256119,0.005019390250153273,0.00618737497867869,0.004221868220775041
2023-01-19,-0.0024473094918918,-0.002722149548590477,-0.002620073220316621,-0.0024473094918918,-0.0031703874707042848,-0.005429109663023176
2023-01-20,-0.007284964675920242,0.0004712003556016555,-0.0003756946694727656,-0.007284964675920242,-0.004438812272184146,-0.006457200749397502
2023-01-23,0.004215803519972245,0.004378332201132262,0.0054042195920252865,0.004215803519972245,0.005029606393094338,-0.0005254223331188554
2023-01-24,-0.002551611635567022,-0.00349291295982325,-0.002758627261785543,-0.002551611635567022,-1.379810823647804e-05,-0.005242840431153774
2023-01-25,-0.009757859343750057,-0.007948734690702746,-0.008526184362016302,-0.009757859343750057,-0.012571672991636754,-0.013950806272115852
2023-01-27,-0.014841246785574086,-0.02990968518681572,-0.028737466157785094,-0.014841246785574086,-0.016204838949638832,-0.0250586336800455
2023-01-30,0.0012715836241244084,0.012138356902730425,0.011114174641009758,0.0012715836241244084,0.002530238851503625,0.0022700778139413385
2023-01-31,0.0023002142436862228,0.01074232298159806,0.0083106094359187,0.0023002142436862228,0.0007477066778470427,0.007504122259138957
2023-02-01,-0.017549224353223133,-0.053162186544823596,-0.051818884218652814,-0.017549224353223133,-0.0025992997802722563,-0.027911334217305867
2023-02-02,-0.010086974327053999,-0.04080312244520734,-0.041214517224994106,-0.010086974327053999,-0.00033499535771969267,-0.009900210125132052
2023-02-03,0.010112767860764045,0.013080162061396835,0.011906358400118621,0.010112767860764045,0.013740758205234283,0.013713087163267265
2023-02-06,-0.0012357888744848596,-0.0004763932511909585,-0.00012534095838257538,-0.0012357888744848596,-0.005022725956678951,-0.0007302095589441713
2023-02-07,-0.0007711896811439837,0.013527093574066194,0.013556926392549148,-0.0007711896811439837,-0.0024290993398515346,0.00708331512221989
2023-02-08,0.012427970224700451,0.030202273168678337,0.03112380708075484,0.012427970224700451,0.00843982073038998,0.01779844321602676
2023-02-09,-0.0008222118394854451,-0.019373183787053758,-0.02040799033222426,-0.0008222118394854451,0.0012162679944837883,-0.005709531511417852
2023-02-10,-0.002292359212588923,-0.010793581482028471,-0.009877844558395186,-0.002292359212588923,-0.00206709283308457,-0.0002666666666666667
2023-02-13,-0.00533942499093984,-0.00907342677622061,-0.009475486597069305,-0.00533942499093984,-0.0048052775756446476,-0.0072939485015768015
2023-02-14,0.0034842747297908244,0.007485242545346986,0.007349180804654646,0.0034842747297908244,0.008904589905162998,0.0023549765825811976
2023-02-15,0.007569532869414305,0.004861599451229881,0.004575657807138195,0.007569532869414305,0.004785004379327248,0.0025043916340725995
2023-02-16,0.004159308698236249,0.003234710354749576,0.003476266106162919,0.004159308698236249,0.00110951785824931,0.006745081098872979
2023-02-17,-0.005349759517828518,-0.00950551722199285,-0.009679726025620443,-0.005349759517828518,-0.005094522761127012,-0.003960937291848913
2023-02-20,-0.004800961741358734,-0.013546874508163635,-0.016678696226035277,-0.004800961741358734,-0.005565979846782634,-0.006504370363379139
2023-02-21,-0.003484685896440002,-0.0031907966185629254,-0.004381192570027788,-0.003484685896440002,-0.0010036299610954843,-0.007143664629456057
2023-02-22,-0.015424715690611239,-0.025288000336676893,-0.02419442261308581,-0.015424715690611239,-0.015398310946496917,-0.02220604983609506
2023-02-23,-0.002077189373128083,0.0003688306395198494,0.00019199895168183265,-0.002077189373128083,-0.0024554471223785586,0.0008682388817965888
2023-02-24,-0.0026938300344535194,-0.009120832654156232,-0.009079878401290918,-0.0026938300344535194,-0.002598803690668268,-0.006282642735277201
2023-02-27,-0.008040511949265645,-0.018895440456707453,-0.019706973710638506,-0.008040511949265645,-0.004194194796816341,-0.010376777370717832
2023-02-28,-0.0031191138408285394,0.013621574713535416,0.011326289930539864,-0.0031191138408285394,-0.005115779048087727,-0.0009718684231833309
2023-03-01,0.011381292197751067,0.025815135726296953,0.0243580051700293,0.011381292197751067,0.008456491641293511,0.022719639444218627
2023-03-02,-0.0033979137178735174,-0.00026828294321388666,0.00040974613791214514,-0.0033979137178735174,-0.007419626196212839,0.0016073934878956006
2023-03-03,0.013435373161976035,0.03131185022192154,0.030016788269853344,0.013435373161976035,0.015606186138582535,0.020216923083345186
2023-03-06,0.005463717093737808,0.013511092381829869,0.012591408232946837,0.005463717093737808,0.006633473404126094,0.005693633223638673
2023-03-08,0.0035763866868015266,0.00962377692976528,0.00846381541353587,0.0035763866868015266,0.0024221155475668,0.0060955319819219
2023-03-09,-0.008169211168900431,-0.012951143131658606,-0.012497317564164294,-0.008169211168900431,-0.009325598438082557,-0.00411579066926717
2023-03-10,-0.005399088290482134,-0.007165571166584858,-0.006407805120534144,-0.005399088290482134,-0.010096462811863625,-0.009318150701643498
2023-03-13,-0.013118132804517155,-0.013195837743932463,-0.012175269471622983,-0.013118132804517155,-0.014962416687813755,-0.01869768083968514
2023-03-14,-0.007697307081766549,-0.01854195994223549,-0.01777748506754517,-0.007697307081766549,-0.006491706128142258,-0.00042666666666666667
2023-03-15,0.0013238831293338796,0.006187096050572693,0.006678177438335693,0.0013238831293338796,-0.004183422059139645,-0.0042024425773975705
2023-03-16,0.0022857600924444136,0.006726504897354884,0.00692448739884503,0.0022857600924444136,0.0007921148752918237,0.0018702627283457298
2023-03-17,0.0062833500761787925,-0.0003433506329570135,-0.0010867010712030936,0.0062833500761787925,0.0067155298897271865,0.0053430536960953345
2023-03-20,-0.007805922231799744,-0.009770527100327149,-0.009905505822731066,-0.007805922231799744,-0.006550651968001941,-0.004195977040767729
2023-03-21,0.0030964736948758146,0.0008886445800063405,-0.0002608196063564683,0.0030964736948758146,0.006986182644570191,0.0015112488691698361
2023-03-22,0.0028440511243294194,-0.00440304056103554,-0.0032531758492261456,0.0028440511243294194,0.002592013577443892,0.0009737662064022011
2023-03-23,-0.002369335923073777,-0.00019177254555789752,0.00029850561584867887,-0.002369335923073777,-0.0043822814890137705,-0.001004884557993928
2023-03-24,-0.009777289198698415,-0.013432119860570274,-0.012147340472037617,-0.009777289198698415,-0.007750894050448838,-0.008611063595668421
2023-03-27,0.0004829821004482738,-0.002952664983335549,-0.0011802481392270533,0.0004829821004482738,0.002395965721106003,-0.000857126202414463
2023-03-28,-0.00626731059480994,-0.011775568727074479,-0.011670727614534745,-0.00626731059480994,-0.0020036899079230227,-0.003123125328695712
2023-03-29,0.01274795765547675,0.022854502041879173,0.021941123063417098,0.01274795765547675,0.0075810476927372725,0.011031838038133922
2023-03-31,0.010473814453689362,0.007113379433880957,0.006617234103935471,0.010473814453689362,0.016205182818433635,0.00991160734378902
2023-04-03,0.004075618051489268,0.0032993164001721377,0.0017520892896840323,0.004075618051489268,0.002203867672376198,0.004618364412392575
2023-04-05,0.004372274702803456,0.000212831080137162,0.001706994693860823,0.004372274702803456,0.00909744726853034,0.00609014246169087
2023-04-06,0.002509927519546961,0.005440160525882804,0.005865731099680994,0.002509927519546961,0.002395004471214228,0.0008119586830880022
2023-04-10,0.004797608745586305,0.007941663468841058,0.00782240936312427,0.004797608745586305,0.0014138632460749291,0.005675867683009657
2023-04-11,0.0065317859014251585,0.007582906160952146,0.007393990544053385,0.0065317859014251585,0.005559286811614234,0.0027830479796928124
2023-04-12,0.005484729695188107,0.004935025337881922,0.006167947228283201,0.005484729695188107,0.005071088231309614,-0.0004709775535007037
2023-04-13,0.0011159244592892552,0.00016013213671058567,-0.0002913000126314115,0.0011159244592892552,0.0008753891763391581,-0.00144302343098454
2023-04-17,-0.00039673664782641417,0.00359545449295814,0.0033720701097518305,-0.00039673664782641417,-0.00681870678285114,-0.0029002878827888525
2023-04-18,8.213061714062132e-05,-0.0010455870365898578,0.0002748543489494316,8.213061714062132e-05,-0.0026408372714739102,-0.00016
2023-04-19,-0.003179951327463256,-0.0025008747428835972,-0.003491559140806585,-0.003179951327463256,-0.0023470351496987078,-0.004152897544076566
2023-04-20,-0.0006415817200567611,-0.00016043529742818473,-0.0012041470726267055,-0.0006415817200567611,0.00032342232975522987,-0.0010023018020923124
2023-04-21,-0.002263076209210582,0.0008122540711845037,0.00178318833305776,-0.002263076209210582,-2.260734499433094e-05,0.0033441770039959206
2023-04-24,0.006074347011922425,0.0016163248804072585,-0.0001862098937889876,0.006074347011922425,0.006749146939408538,0.003247988091706553
2023-04-25,0.002647840414270394,0.005325387826184111,0.005615809006316389,0.002647840414270394,0.0014557975062981768,0.0013669153103292354
2023-04-26,0.0026344393241500364,0.0005102758249200298,0.00039296424773298407,0.0026344393241500364,0.002492753268886545,0.00455089222714743
2023-04-27,0.006133690901981548,0.005440489194376496,0.005673651336525332,0.006133690901981548,0.005678996739265909,0.005136078241512279
2023-04-28,0.010090570866439842,0.011452816380164328,0.011885966449254798,0.010090570866439842,0.008335179280697748,0.00793054232802795
2023-05-02,0.006223507229630053,0.005656067793033028,0.004635153353965242,0.006223507229630053,0.004564732669242972,0.0050183562727760134
2023-05-03,-0.004147350846914545,-0.0009157679999999999,-0.0009322639999999999,-0.004147350846914545,-0.003190111363585117,-0.0026956667052963554
2023-05-04,0.0073435034721790835,0.004239971087848486,0.0043175914543974675,0.0073435034721790835,0.009131894646700034,0.0048799715725002645
2023-05-05,-0.0036259348685562577,-0.005409513575060233,-0.0059638176376621685,-0.0036259348685562577,-0.010285117822267788,-0.003185257595682244
2023-05-08,0.009507571432759175,-0.0004938958629926518,0.001083197226289492,0.009507571432759175,0.010756068652657526,0.0060535668934261514
2023-05-09,0.00030720650619815373,0.0008962327468087382,0.00030587389457047425,0.00030720650619815373,8.479678637020549e-05,0.001432154995559937
2023-05-10,0.002951302378216096,0.00022609870234330883,0.0008989914193638932,0.002951302378216096,0.0026872067245805376,0.002134696283528955
2023-05-11,-0.00036818348487689906,-0.016531435002022345,-0.013348481411446112,-0.00036818348487689906,-0.0009887229108728535,-0.005478544175659522
2023-05-12,-0.0023667213917445743,-0.0022853170965434723,-0.0009549021360591349,-0.0023667213917445743,0.0009724068345624825,-0.006221813205803937
2023-05-15,0.00313116394482887,0.009141118747374898,0.008678096734081799,0.00313116394482887,0.004578622613795238,0.005856297575897335
2023-05-16,-0.001887034746104253,-0.0038784374439077623,-0.004309945161302455,-0.001887034746104253,-0.0061250587396132535,0.00018495059113710224
2023-05-17,-0.003976909132252776,0.00026713058677531104,0.00011949698284429702,-0.003976909132252776,-0.005744738948538704,-0.003470499295685927
2023-05-18,-0.0063527732951157425,-0.010304584113869942,-0.009283495401741143,-0.0063527732951157425,-0.0028531199312594804,-0.0002666666666666667
2023-05-19,0.0022026440630338517,-0.0021018666393351937,-0.0013273918308368622,0.0022026440630338517,0.004043187469679982,-0.0016669594269315183
2023-05-22,0.011223029040143214,0.004388110199898449,0.0037732799010441946,0.011223029040143214,0.0060792457091855085,0.006896755286421546
2023-05-23,0.004799190230645633,0.0007703385365666661,0.0008854850222912534,0.004799190230645633,0.0018329197446846867,0.0013681115921314235
2023-05-24,-0.000124143854536002,0.0017885065715184784,0.0003601002929165943,-0.000124143854536002,-0.003417628155656871,0.0010010147603761272
2023-05-25,0.0031808929136412536,0.005933281150786887,0.006063814729919877,0.0031808929136412536,0.0019532029433287895,0.003572795638290931
2023-05-26,0.008643055110501447,0.004868417991070647,0.005082263155815505,0.008643055110501447,0.009679423693686186,0.0056416186582762705
2023-05-29,0.004627074088535333,0.009164931016683437,0.008841279973552475,0.004627074088535333,0.005353443226476252,-0.0004884329767348126
2023-05-30,-0.00017839792124673673,7.436966424811866e-05,0.000717367922250297,-0.00017839792124673673,0.0018907797884415813,0.001073530266298733
2023-05-31,-0.0011468668560500194,-0.004171612307435559,-0.004124282177588692,-0.0011468668560500194,-0.005351312266430236,-0.0035707037543726604
2023-06-01,-0.0003136416059978327,-0.007236190649633085,-0.007632130728440966,-0.0003136416059978327,-0.0025201353688439534,-0.0005052097908709075
2023-06-02,0.005206746557605884,0.007273467079943089,0.006898069112677629,0.005206746557605884,0.002503906967370625,0.004564502367618951
2023-06-05,0.0018943120937038246,0.0038284876369989985,0.004892238324122983,0.0018943120937038246,0.0032186023111129003,0.001817558387384657
2023-06-06,0.0023678913138386716,0.0019448940241230685,0.0016981880443421046,0.0023678913138386716,0.00027695595857881204,0.001963604332478398
2023-06-07,0.009617181398316509,0.013660283918491493,0.012703353836017483,0.009617181398316509,0.006826497990157328,0.013949053641879235
2023-06-08,-0.006520055811386845,-0.002645899081630561,-0.0023724600609852926,-0.006520055811386845,-0.004916887367083021,0.00013273175373747697
2023-06-09,-0.004295373665852489,-0.0010290393986990328,-0.0011687308918353746,-0.004295373665852489,-0.003825505177262602,-0.0022615377078156365
2023-06-12,0.004202535550112474,6.878888226440885e-05,-0.0003382001676425763,0.004202535550112474,0.0020503013499982166,0.004869179792226805
2023-06-13,0.005538284790884805,0.005569117415838657,0.005601341443713277,0.005538284790884805,0.00614458574708609,0.005226444234403053
2023-06-14,0.0036699896894012663,-0.00016264851083967345,-0.0004341057093777241,0.0036699896894012663,0.002121582036807868,0.005496319821674766
2023-06-15,0.00011973411787023793,0.00393034137026968,0.002178218875088946,0.00011973411787023793,-0.0036214536561356998,0.00291898205597303
2023-06-16,0.0060925628015524235,0.0077242013537744715,0.007385208030619777,0.0060925628015524235,0.007351956368470602,-0.0002666666666666667
2023-06-19,-0.0038855739889195593,-0.00305388373029705,-0.003144433715240496,-0.0038855739889195593,-0.003754557931873424,-0.006231639466183761
2023-06-20,0.003578039209314787,0.0034827903321026435,0.0033422881923682803,0.003578039209314787,0.0032603966930515953,0.0033850758342166844
2023-06-21,0.0004830252938381121,0.0013247898360505658,0.0011969597170764445,0.0004830252938381121,0.0021314905059401927,0.0022352501793973137
2023-06-22,-0.006337650193099652,-0.002284246951610452,-0.0017579999135681709,-0.006337650193099652,-0.004549778379793411,-0.005870679392067913
2023-06-23,-0.008674436716108423,-0.00187386824225336,-0.002727690502381321,-0.008674436716108423,-0.005649543898520234,-0.00768183753373953
2023-06-26,0.0052408218890611005,0.0010705292149554542,0.001070007976185101,0.0052408218890611005,0.0013758829522746805,0.0011476219828685113
2023-06-27,0.005098163339982281,0.0013185754022085822,0.0020336749551813655,0.005098163339982281,0.006729211402828641,0.002674120666623726
2023-06-28,0.008178077609945402,0.010340034634651104,0.009620673009195611,0.008178077609945402,0.008187463868637099,0.008765398363685284
2023-06-30,0.009837493475608848,0.014923522764879515,0.014551054817298754,0.009837493475608848,0.011370386219451868,0.010944867495068355
2023-07-03,0.0035031605815455265,0.0017598950329928463,0.002937556683546946,0.0035031605815455265,0.006933003527425256,0.006132744329688852
2023-07-04,0.003280673974978279,0.004204210398319082,0.003627351616334338,0.003280673974978279,0.0034330468644171055,-0.0019042204739865235
2023-07-05,0.00672972605346629,0.005377987678652368,0.005795675931356681,0.00672972605346629,0.0004898485434720244,0.014254885566162195
2023-07-06,0.005618211701022161,0.009890768214816189,0.009629851128194436,0.005618211701022161,0.005080291021865595,0.010900027376754292
2023-07-07,-0.009981113864263421,-0.010972819653496571,-0.011152921390333588,-0.009981113864263421,-0.008524585713268293,-0.012543936815380512
2023-07-10,-0.0023004761285594683,-0.003376147017374656,-0.002955050842342806,-0.0023004761285594683,0.0012458539412885826,-0.006161667650894026
2023-07-11,0.005650649185469981,0.007996679004311197,0.007303672022205478,0.005650649185469981,0.004304651710725516,0.006969325818591798
2023-07-12,-0.001398787058203239,-0.0024678137994050154,-0.002931591610254024,-0.001398787058203239,-0.00283845407345589,-0.0025410604437152667
2023-07-13,-0.0022890979825263484,-0.003659581329050751,-0.0021815110505555993,-0.0022890979825263484,0.0015180775225879406,-0.005413434593427212
2023-07-14,0.007693129456199805,0.0030723496945420418,0.0034525552554191454,0.007693129456199805,0.007735121594226721,0.0027106544715075785
2023-07-17,0.003934230649866753,0.00421812736357201,0.0038450058224854186,0.003934230649866753,0.007482946045497489,0.001654923196346935
2023-07-18,-0.001326457784993665,-0.003913113492922007,-0.0030682751591834022,-0.001326457784993665,0.0019158704007220429,-0.0003733333333333333
2023-07-19,0.003830971603571008,0.004555887956335523,0.004302837149068997,0.003830971603571008,0.00423928389630214,0.004986904377678649
2023-07-20,0.005691580078707152,0.007577539849740411,0.007678382835081034,0.005691580078707152,0.007334449485705515,0.0051205946071210505
2023-07-21,-0.007416883256780564,0.0014484801118872666,0.0017680843759117961,-0.007416883256780564,-0.011788954585924888,-0.0030201515772391493
2023-07-24,0.00019324366440588784,-0.0027195983668178037,-0.0036902034963904973,0.00019324366440588784,-0.0036862180542648424,2.0463856356670983e-05
2023-07-25,0.0016286806300573678,-0.00624431574911234,-0.006033499610851836,0.0016286806300573678,0.00041928243166748923,0.0042527243181219926
2023-07-26,0.003390159033151269,0.011416387591352054,0.010908616608012709,0.003390159033151269,0.0049520574860006375,0.0021781609037597434
2023-07-27,-0.00458628259568837,-0.011688352844560306,-0.012584145703727427,-0.00458628259568837,-0.006004368496797154,-0.00899864015363399
2023-07-28,0.002692058900782792,0.0008263833129992116,0.000560621572370669,0.002692058900782792,-0.0007047080421790248,0.00848103000754859
2023-07-31,0.005663714242598535,0.0015497115280403136,0.001126997260187086,0.005663714242598535,0.005469577389253641,0.005498665535631288
2023-08-01,-0.0013509429529939357,0.008615227999633707,0.007500053271085715,-0.0013509429529939357,-0.0010256449710540406,-0.0018401898561980416
2023-08-02,-0.010181842756436806,-0.009162183412282544,-0.009399884774928327,-0.010181842756436806,-0.010545154493387934,-0.006564396445573904
2023-08-03,-0.005863531471475763,-0.0009094079999999999,-0.000940952,-0.005863531471475763,-0.007448355676119346,-0.0075282834097282056
2023-08-04,0.004104242357746181,0.00110993097758836,0.0010522150635890212,0.004104242357746181,0.006959118337332752,-0.0029338162846393578
2023-08-07,0.005476383921440073,0.00014989555799764103,0.0002970358025407595,0.005476383921440073,0.004105960861445235,0.0017612942522166675
2023-08-08,-0.0009549498652653811,-0.0029734297536180834,-0.0029679533172709016,-0.0009549498652653811,-0.0013506471779916257,-0.003872363258279275
2023-08-09,0.005493063505977094,0.011498360568361633,0.011636153290970067,0.005493063505977094,0.0031477485221408875,0.007017107499809093
2023-08-10,-0.0027447265643640245,-0.0038593671145152955,-0.0036747543207364545,-0.0027447265643640245,-0.004566679886024027,-0.003325464467345745
2023-08-11,-0.005818554622212056,-0.005857170723051206,-0.0060289028900996425,-0.005818554622212056,-0.005891456761763215,-0.00017174477177117148
2023-08-14,-0.003409598365616451,0.0004966107522732866,0.0005137120933448228,-0.003409598365616451,0.0003216439248586792,-0.0021708006926100115
2023-08-16,0.0013835855930377952,0.007018048824461132,0.006894623158877521,0.0013835855930377952,0.0015655309306883672,0.009021672815378072
2023-08-17,-0.00218468234534575,-0.0073856018238523564,-0.00749754283796377,-0.00218468234534575,-0.005137758290060533,-0.00021333333333333333
2023-08-18,-0.003139320132024287,-0.0033277392712449073,-0.003501362216466293,-0.003139320132024287,-0.0028493381372506382,-0.005800497494553183
2023-08-21,0.007474695786013534,0.008336306051003224,0.008464578882865243,0.007474695786013534,0.0043122099570484,0.005992060104338034
2023-08-22,0.0012878662757073338,0.005238246524039515,0.005215455090881504,0.0012878662757073338,0.00014692476375842436,0.0023611486619279755
2023-08-23,0.0006776716117124276,-0.0008907822178870217,-0.0012186185653318914,0.0006776716117124276,0.0024485198272942723,0.00012067179229576527
2023-08-24,-0.002036077050755489,-0.0028155422493251064,-0.002916649401694746,-0.002036077050755489,-0.0029513155310064644,-0.0004948736101795056
2023-08-25,-0.0067394117318591365,-0.0095271547406023,-0.009101340211500221,-0.0067394117318591365,-0.0062556798015631025,-0.004974680255300438
2023-08-28,0.002838841026831776,0.0037414515232830348,0.0036527424015233775,0.002838841026831776,0.0020870149074536447,0.0019739603232374805
2023-08-29,0.004320763506514388,0.000996844259757701,0.0008722607792528087,0.004320763506514388,0.0018939637920959618,0.004724721772741494
2023-08-30,0.0007227251989324816,-0.001456777032857695,-0.0014947529615503199,0.0007227251989324816,0.00024806491573087567,0.0008204827527379366
2023-08-31,-0.006897721964666195,-0.006892698808318298,-0.006840586307687935,-0.006897721964666195,-0.004852103039648143,-0.007136838768978209
2023-09-01,0.012259425713779575,-0.000263216,-0.000300344,0.012259425713779575,0.009382556025202547,0.010168546992146114
2023-09-04,0.007448598982397594,0.006729428034367751,0.00661380319382579,0.007448598982397594,0.004799298621963187,0.0008701211417905991
2023-09-05,0.002995801912444529,0.0033304564260850282,0.003419829549360664,0.002995801912444529,0.002357814188949651,0.004805681326316957
2023-09-06,0.0020401181091077667,0.0014541193814037122,0.0017061191753551092,0.0020401181091077667,0.0018450694598145603,0.0027629777918281887
2023-09-07,0.005293652564193219,0.005671868869441933,0.005291041149835008,0.005293652564193219,0.005897607236551244,0.0013792955693142125
2023-09-08,0.004067242973726185,0.006367110252832313,0.006261476628766402,0.004067242973726185,0.004698136818212182,0.003842313182555189
2023-09-11,0.01061363920419386,0.0059069250125426435,0.0058330070873816335,0.01061363920419386,0.008860770587058942,0.008553408748315615
2023-09-12,-0.006469858025177288,-0.0007533098261602094,-0.00089831976172851,-0.006469858025177288,-0.00015756069892455075,-0.005411650739441145
2023-09-13,0.004844591351887678,0.005488302905463408,0.005572006959349669,0.004844591351887678,0.003833986143147051,0.004225515442074324
2023-09-14,0.004829552598002414,0.003064800180255747,0.0030988034046775708,0.004829552598002414,0.0016478497893743786,0.005757786757628988
2023-09-15,0.0034031852890903775,-0.001210368188894204,-0.0013961029435642944,0.0034031852890903775,0.004429787863222843,-0.00042666666666666667
2023-09-18,0.0012979179974450736,0.0030528030770590516,0.0030815842732474967,0.0012979179974450736,-0.0029286010148227575,0.003623074567121796
2023-09-20,-0.008391902599047105,-0.0035630082197499664,-0.0035790559985698885,-0.008391902599047105,-0.011585098803333688,-0.007763928142335239
2023-09-21,-0.006220007372845487,-0.005386996468104427,-0.005420730800319121,-0.006220007372845487,-0.00802404589005525,-0.0058938647346394
2023-09-22,-0.0025528973957442283,-0.007081923545938707,-0.00720434138753485,-0.0025528973957442283,-0.0034553806166447805,-0.003543915395659101
2023-09-25,0.0009320730374999543,-0.002277683252262319,-0.0022669771918242126,0.0009320730374999543,1.5287950028248088e-05,-0.002718714000809856
2023-09-26,0.0004482328318495671,0.0027176465457217506,0.002666562058778239,0.0004482328318495671,-0.0005008515772894238,0.00022946052339335135
2023-09-27,0.002191683874210731,0.006986418338727814,0.006885197934565776,0.002191683874210731,0.002628162551917123,0.004038770959126404
2023-09-28,-0.012543004201921967,-0.006318178644744029,-0.0064926845399580204,-0.012543004201921967,-0.009831803841213342,-0.013241464999354535
2023-09-29,0.009000777110773652,0.015882154167787002,0.015867041035541304,0.009000777110773652,0.005860311697675281,0.011369685867912368
2023-10-03,-0.006581793404103885,-0.0003288,-0.00035156799999999997,-0.006581793404103885,-0.005594042173129665,-0.007038542008411416
2023-10-04,-0.007723203658592324,-0.0165166937751312,-0.01640730758436325,-0.007723203658592324,-0.004755597219883326,-0.009653814765298797
2023-10-05,0.0035023024195628845,0.004289865333439814,0.004374672973018546,0.0035023024195628845,0.005625729970019748,0.0031668228181273507
2023-10-06,0.006936436919476681,0.002099423859472575,0.0020745583298695754,0.006936436919476681,0.005497568008546022,0.007904739952335257
2023-10-09,-0.007765854206998235,-0.003462281575710941,-0.0037010985655881283,-0.007765854206998235,-0.007207861089913015,-0.009778282026266153
2023-10-10,0.009919880821173574,0.007023613473475185,0.006911423262844978,0.009919880821173574,0.0090556762901256,0.00729099751672159
2023-10-11,0.006849434889856906,0.005813265851519207,0.0058388835398439105,0.006849434889856906,0.00615173136873013,0.007182157499701667
2023-10-12,-0.00011800669979327115,0.0025566607137145125,0.0024831507799573053,-0.00011800669979327115,-0.0008761245971014768,-0.00018372252559581022
2023-10-13,4.2579634324070104e-05,0.0005537447431243076,0.0006950178853912504,4.2579634324070104e-05,-0.002172167428733089,-0.0009121866715462194
2023-10-16,9.316518160508727e-05,0.003600595800729263,0.0034204984201829814,9.316518160508727e-05,-0.0009776805295215437,-6.684834527639894e-05
2023-10-17,0.004783432722239833,0.002893511633619497,0.002804881521861403,0.004783432722239833,0.004033563661320618,0.0040900969740982635
2023-10-18,-0.004602838072999098,-0.002306394299272903,-0.0021984035036475297,-0.004602838072999098,-0.007112043473065063,-0.00016
2023-10-19,0.00032822564051656364,0.0024948466250733917,0.0026541406155766193,0.00032822564051656364,-0.002361596586600212,0.005582548497977638
2023-10-20,-0.005688700300253987,-0.005357743781035174,-0.005345869714415652,-0.005688700300253987,-0.004189660467809165,-0.006299622144726822
2023-10-23,-0.015506585382702016,-0.014856662436129615,-0.014953726354087222,-0.015506585382702016,-0.01344022395196905,-0.016080547295612584
2023-10-25,-0.006950726095333009,-0.008132553296482273,-0.008022255653650143,-0.006950726095333009,-0.008311683270009834,-0.01040037480487544
2023-10-26,-0.014582346803830543,-0.009172614629784609,-0.009329850245827739,-0.014582346803830543,-0.013949914095014037,-0.015888935977349587
2023-10-27,0.009828388077378538,0.014653579745910895,0.014488107543591689,0.009828388077378538,0.010025278863763394,0.012460005255722441
2023-10-30,0.002648706626083289,0.0028555073256454223,0.0031213042755836836,0.002648706626083289,0.004904693073893485,0.0006535662437388232
2023-10-31,9.891402189046838e-05,-0.0034144166734866696,-0.0035015330289406253,9.891402189046838e-05,-0.003207746304394414,0.0003665837967969581
2023-11-01,-0.0052575532090923145,-0.0005416399999999999,-0.00046793599999999985,-0.0052575532090923145,-0.004751896973195711,-0.008436866255185617
2023-11-02,0.00875316192875083,0.008752195786835353,0.00830862195669623,0.00875316192875083,0.007559875254064636,0.00350844703278306
2023-11-03,0.005655184202491771,0.005292092399724201,0.005566050504627169,0.005655184202491771,0.005075080802081226,0.004579191100828654
2023-11-06,0.011107690306146568,0.014762902265449813,0.014335005641171246,0.011107690306146568,0.009375812778954773,0.012832140879081667
2023-11-07,0.002244394598113487,0.004782965638981683,0.004945058666981844,0.002244394598113487,-0.0002602258142791332,-0.0003834833110442764
2023-11-08,0.0035384099595432185,0.0033844554573467336,0.004032163714344758,0.0035384099595432185,0.0018944969651071763,0.005779247849346303
2023-11-09,-0.0007798461020054014,-0.0014772488556215975,-0.0016876125284072292,-0.0007798461020054014,-0.0024820150223140987,0.0037845860696019244
2023-11-10,0.000993326445867444,0.003154257155685879,0.003869119984479589,0.000993326445867444,0.0015480850435944918,-0.0018457679257032357
2023-11-13,0.0032757881929281994,0.0028182323691656602,0.003320300495579184,0.0032757881929281994,0.0009365417093074231,0.007616133109409393
2023-11-15,0.01179041562515332,0.011538913745418072,0.011842192160829376,0.01179041562515332,0.011856190289938534,0.005098108313693761
2023-11-16,0.0059564749125156176,0.005213761895311742,0.006329808894957526,0.0059564749125156176,0.004551150068331243,0.006644145386743357
2023-11-17,0.0016028732374681132,0.001857738474024543,0.0006427832962494027,0.0016028732374681132,-0.0016911889743673853,0.006514441654567325
2023-11-20,-0.001989306488427415,-4.363068250832461e-05,-0.00043381826655394286,-0.001989306488427415,-0.0019175662679732529,-0.00021333333333333333
2023-11-21,0.004165734519694297,-0.0013225586978230356,-0.001491577137345605,0.004165734519694297,0.004529201141300913,0.004319432993967974
2023-11-22,0.0017893165316535619,0.0037649139443265947,0.0043181593286912056,0.0017893165316535619,0.0014370018446946907,0.001111859112971066
2023-11-23,6.872719369668718e-05,0.003396760654896374,0.0017462912891902185,6.872719369668718e-05,-0.0004972811112830416,-0.0004518385044610691
2023-11-24,-0.0014746548549524365,-0.005309409483781396,-0.0047327039224624,-0.0014746548549524365,-0.0003687570669664962,0.000589831958355164
2023-11-28,0.010101099221338847,0.012102493116100354,0.01231840995800515,0.010101099221338847,0.004787784883390938,0.014296707384373159
2023-11-29,0.007488317403942548,0.005991175047288574,0.005521109126394091,0.007488317403942548,0.010348656573869122,0.008204547952706228
2023-11-30,0.0065697594825410216,0.009908377823484582,0.01049633951204005,0.0065697594825410216,0.0018171025823992028,0.005960522528666722
2023-12-01,0.004500070046276786,-0.0005487519999999999,-0.0006177679999999999,0.004500070046276786,0.00667064331563437,0.0026561270638552383
2023-12-04,0.018305324761429664,0.02141266035099279,0.025453981345827024,0.018305324761429664,0.020457480483773903,0.01962566989651679
2023-12-05,0.010215794361832264,0.00675162700376546,0.007272003537999345,0.010215794361832264,0.008102650447744338,0.01431863352558153
2023-12-06,0.001312000493672423,0.006397624427282306,0.00247881261487909,0.001312000493672423,0.003952820545223537,-0.003647372852264048
2023-12-07,0.000617040765060782,0.0017751181403034481,0.002281537887530712,0.000617040765060782,-0.0017471243957791426,0.0006512339046389116
2023-12-08,-0.0011872829048693017,-0.0062181100122063624,-0.004498772270305377,-0.0011872829048693017,0.0032600507599202964,-0.0023884792022833626
2023-12-11,0.0011785290632853088,0.001123333397960635,0.0029984197242001256,0.0011785290632853088,0.001320063516009915,0.0015916084849288963
2023-12-12,-0.001537434257541924,-0.0020554334438789255,-0.003115174227207834,-0.001537434257541924,-0.004328963470418101,-0.005560016299034923
2023-12-13,0.00372740549241768,0.01157182637953206,0.011343391145373805,0.00372740549241768,0.0009537608817135473,0.009853341574138813
2023-12-14,0.008830443943516586,0.0022310892267109845,0.00565931899018722,0.008830443943516586,0.012175662163725103,0.008814058584380523
2023-12-15,0.011451182111152126,0.007959546940020405,0.011775713077161678,0.011451182111152126,0.012849864921501506,0.010333251857261368
2023-12-18,-0.0012285330013453292,0.001973215276256308,0.002159418378352019,-0.0012285330013453292,-0.0017725827811074615,0.0014798005081624916
2023-12-19,0.0015920836331223048,0.01031370719536378,0.011167162322683869,0.0015920836331223048,0.001607082806947435,0.003671730234366871
2023-12-20,-0.01920693717282545,-0.01893347482487485,-0.022024926646949383,-0.01920693717282545,-0.014222122733049722,-0.00031999999999999997
2023-12-21,0.004273750962732706,0.004224844714660815,0.005685328308981462,0.004273750962732706,0.004947534816775346,0.004791007403465343
2023-12-22,0.008367033220444933,0.009646706786479827,0.009830097227010549,0.008367033220444933,0.004429103580375731,0.012454202914922467
2023-12-26,0.008134807790748409,0.011887921363827613,0.013910664566254696,0.008134807790748409,0.004297627887901326,0.012550028614719684
2023-12-27,0.009275705632945502,0.007372971420283427,0.0068815926342911185,0.009275705632945502,0.009903547502138933,0.008776572642571931
2023-12-28,0.009473231166429489,0.016635526613147444,0.017965265558513945,0.009473231166429489,0.0057075621422148105,0.01787042231693831
2023-12-29,-0.0020386450880676885,-0.0033703014105398712,-0.005191961170670755,-0.0020386450880676885,-0.0021741548367498844,-0.006577563368501989
2024-01-01,,,,,,0.00037700871417216695
2024-01-02,-0.0012782812792771093,-0.0011108731428571429,-0.0011078731428571427,-0.0012782812792771093,-0.0035062758581720864,0.0017684685816850233
2024-01-03,-0.005129607176275867,0.004967822962711313,0.006438433142545815,-0.005129607176275867,-0.006875448193459907,-0.0017557778174822037
2024-01-04,0.004964475300798022,0.005619916154247112,0.00641508428251868,0.004964475300798022,0.006543017882762483,0.00013202832705174828
2024-01-05,0.0013186480815836244,0.0009322205397924423,0.0016721527933267575,0.0013186480815836244,0.0024072823978970102,0.001405884208204467
2024-01-08,-0.008497302812578805,-0.005004155990029664,-0.004936431422507975,-0.008497302812578805,-0.009152465005292239,-0.0038715639005040743
2024-01-09,0.003655901689119244,0.004797823479759182,0.005065767083879621,0.003655901689119244,0.001479387172036867,0.008729772001066083
2024-01-10,0.0006233317417891873,-0.005456342383231156,-0.006087445390569853,0.0006233317417891873,0.003421854015216792,0.001291504026346804
2024-01-11,0.0023020639144264096,0.005571161955708295,0.006065873617724111,0.0023020639144264096,0.001317434984659037,0.005100303021093385
2024-01-12,0.008236883158653894,0.007002796650703444,0.007900367893308696,0.008236883158653894,0.011361703346499745,0.0036598129664106383
2024-01-15,0.006337685978362768,0.007279207573527263,0.006514881372914107,0.006337685978362768,0.009224398809286917,0.007445979974533202
2024-01-16,-0.002364578340953848,0.001131887748925292,0.0030809574902099213,-0.002364578340953848,-0.002952587985615914,-0.0007013188516011286
2024-01-17,-0.013131889373699109,-0.006665735562544354,-0.006693160700265646,-0.013131889373699109,-0.021115770473744744,-0.006376967026431047
2024-01-18,-0.003937122465904483,-0.007347455261748065,-0.0066075298760018405,-0.003937122465904483,-0.0050982455047793645,-0.002088929217331491
2024-01-19,0.010847249811953072,0.01516840794336062,0.016367468262465656,0.010847249811953072,0.007434254509367264,-0.00016
2024-01-23,-0.020096552853279083,-0.01999973828028914,-0.021696938925729922,-0.020096552853279083,-0.017900098054810153,-0.01380273864134978
2024-01-24,0.014259343567044697,0.01912940213451671,0.017796688000810218,0.014259343567044697,0.010079006802925212,0.017201794439443314
2024-01-25,-0.004974934226722972,0.0059694224774025344,0.006670565616495858,-0.004974934226722972,-0.004735247364061254,0.0032900228875314234
2024-01-29,0.015733878726021763,0.01674393060846546,0.0172261883761047,0.015733878726021763,0.01786996821930258,0.02666008992425751
2024-01-30,-0.007757212126551433,-0.013585973439904933,-0.014550218420358665,-0.007757212126551433,-0.009963166019046519,-0.009386719935727494
2024-01-31,0.011348391757626322,0.006122089840465199,0.003117762036335749,0.011348391757626322,0.009415559590485083,0.007343287745030666
2024-02-01,-0.0010870539257272726,-0.001551574602996101,-0.0018540041079590048,-0.0010870539257272726,-0.00130114950214822,0.0010719191587932205
2024-02-02,0.01296450711610674,0.01972142851336568,0.020393868914888442,0.01296450711610674,0.007180149098767169,0.027916099312789693
2024-02-05,-0.0030465214505795593,0.0067284358770900434,0.0069452897796160006,-0.0030465214505795593,-0.0037639297855089193,0.013309854271003266
2024-02-06,0.01081610397770839,0.011723756073012981,0.012931510483204744,0.01081610397770839,0.007217294659854949,0.016745281615835002
2024-02-07,0.002583866134155022,0.001269171681908901,0.0014266254935858121,0.002583866134155022,5.014190025218764e-05,-0.0009976203175004923
2024-02-08,-0.008256397605056,-0.0025724413205942456,-0.0033226761268371355,-0.008256397605056,-0.009739290405751649,0.006923167609561565
2024-02-09,0.001411672353844557,-0.006179742251696027,-0.007124298500911396,0.001411672353844557,0.0029678235415700974,-0.002827722918793473
2024-02-12,-0.007661047965532745,-0.010893470133622463,-0.01250697767062818,-0.007661047965532745,-0.007670764664605448,-0.01799363555124714
2024-02-13,0.003762329294022712,0.007050848468695378,0.006699746809428939,0.003762329294022712,0.005867234081485647,-0.001746268057982623
2024-02-14,0.007411977063318647,0.013686835610025538,0.014154318569130795,0.007411977063318647,0.004442111482625561,0.014506502885708083
2024-02-15,0.005086001168715599,0.008448919694566681,0.008775630819712445,0.005086001168715599,0.003231907943473083,0.014681907365362724
2024-02-16,0.00779818109545356,0.007057422172440384,0.007493278336072427,0.00779818109545356,0.005913324803860001,0.0064355480840441025
2024-02-19,0.003482087396500389,0.004655342325574088,0.004533448155146213,0.003482087396500389,0.0036931806134258504,0.0010529433590820445
2024-02-20,0.0011667645308484093,-0.0011189460260736632,-0.0010991722730356506,0.0011667645308484093,0.003370967472487328,-0.0017682603358861965
2024-02-21,-0.0071959664841738874,-0.013532717045420861,-0.013754330287686703,-0.0071959664841738874,-0.006413220819374543,-0.0001066666666666667
2024-02-22,0.007185233146284474,0.013261614651391744,0.01212323423851433,0.007185233146284474,0.007336344949249518,0.007608466235624679
2024-02-23,-0.0008811950087860471,-0.0028108411051158263,-0.0029342122319037417,-0.0008811950087860471,-0.000213818777795819,-0.0027872563606687888
2024-02-26,-0.004135247612079116,0.0020799068239678196,0.002581822498585691,-0.004135247612079116,-0.004089278221713085,0.0026178986325463617
2024-02-27,0.002062772576683877,0.0013643578801797321,0.0008214938173664223,0.002062772576683877,0.003443060208267885,0.0012164917396613377
2024-02-28,-0.014688550937813941,-0.017046282464138238,-0.01719369299486833,-0.014688550937813941,-0.011198396451173726,-0.017456564132289513
2024-02-29,0.001487964901408762,-0.0019208220228283121,-0.0022113358013703894,0.001487964901408762,0.0014408171929075416,0.001780356208281117
2024-03-01,0.013780807586765632,0.014452361932027747,0.017495891164301815,0.013780807586765632,0.0160624736924449,0.016828813758770093
2024-03-04,0.004132057237942809,0.012104568621205965,0.011916034970411922,0.004132057237942809,0.0029880715530739466,0.014797414883324898
2024-03-05,-0.0024453520599721857,0.0018263971289946476,0.0024741957723222823,-0.0024453520599721857,-0.0022027147028049303,0.005061741820918718
2024-03-06,0.004296627197840527,0.005823978303155091,0.006274756285851604,0.004296627197840527,0.0052531495595052715,0.0052942274174647376
2024-03-07,0.003506202325364664,0.007583042527064063,0.007710403265584347,0.003506202325364664,0.0008672911404987264,0.0011651229390310727
2024-03-11,-0.004076919715188005,-0.009774195855899871,-0.010713710763668536,-0.004076919715188005,-0.007178885448103384,-0.008108300511842734
2024-03-12,-0.005453115630580818,-0.008923407899451896,-0.008833121968485264,-0.005453115630580818,0.00013650954899359894,-0.007487224496160314
2024-03-13,-0.023509204641646873,-0.026066628335964293,-0.027163642325321116,-0.023509204641646873,-0.015248393356596964,-0.04094048832190954
2024-03-14,0.01202859653199173,0.010699602342194092,0.011204760624612007,0.01202859653199173,0.006748394232673185,0.020777625266867897
2024-03-15,-0.005215000724057967,-0.012644507004479482,-0.013504908815703105,-0.005215000724057967,-0.005583024746448362,-0.012347925442920307
2024-03-18,0.0013728502766172932,0.0026528917141936297,0.002384195365435124,0.0013728502766172932,0.001467800056624233,-0.0006077141548868886
2024-03-19,-0.013690091745277851,-0.015612174595201112,-0.015032505162918475,-0.013690091745277851,-0.010860963960358783,-0.016601832340205017
2024-03-20,0.002023933478945354,0.0044011855694830095,0.004082535722967055,0.002023933478945354,0.0009918508439663014,0.00259905824552185
2024-03-21,0.010788318876698715,0.017436527563978454,0.018007642046790992,0.010788318876698715,0.007883528864675105,0.016754530101229587
2024-03-22,0.007525364426389613,0.008488165940439194,0.009475867788586376,0.007525364426389613,0.0038450866714008036,-0.00016
2024-03-26,-0.001677169905881109,0.0023401939756423893,0.003441513552568066,-0.001677169905881109,-0.004174507484794188,0.00020365379384238574
2024-03-27,-0.0005020625088349096,0.0008643133198106894,0.001994270657274282,-0.0005020625088349096,0.005391158338500764,-0.004081633707736687
2024-03-28,0.013103522093900874,0.00956668482170333,0.009242200245081461,0.013103522093900874,0.009145057280234776,0.013302491896330369
2024-04-01,0.006544278436614679,-0.0007278959999999999,-0.000999816,0.006544278436614679,0.006032745520934439,0.005755345745705177
2024-04-02,0.002760126925023426,0.004671208669831102,0.0010909670962198723,0.002760126925023426,-0.00038736104211539534,0.007014532616378882
2024-04-03,-0.0020942335410825325,-0.005596685197273993,-0.005376511585175603,-0.0020942335410825325,-0.0008309754048160305,0.0003150138477486684
2024-04-04,0.0013918812718031334,-0.0031195161800672004,-0.003592002624904159,0.0013918812718031334,0.0035595696965144527,-0.006754482104517664
2024-04-05,-0.0019582010589932084,-0.007972972738889549,-0.006921890388225399,-0.0019582010589932084,-4.22476898839797e-05,-0.003666957012088205
2024-04-08,0.007004431907808384,0.006476615547650425,0.004042755330346197,0.007004431907808384,0.006755296273493474,0.004879656293030564
2024-04-09,-0.0015913966523480364,-0.005538875090093797,-0.0022404809917525217,-0.0015913966523480364,-0.0010395619844089984,-0.002925725206210569
2024-04-10,0.005817586905887779,0.004137344768634926,0.0024112845004803903,0.005817586905887779,0.004892486360835239,0.010448135884800371
2024-04-12,-0.010549885322066334,-0.011572073792129666,-0.010501456489185833,-0.010549885322066334,-0.01035502147176367,-0.011259330670322129
2024-04-15,-0.010054803936169907,-0.008166071583911926,-0.007488958834938444,-0.010054803936169907,-0.011024443666037696,-0.006978351917184013
2024-04-16,-0.004840779499176032,-0.00378051457285262,-0.005464921919094939,-0.004840779499176032,-0.005610032105390299,-0.0015723270139557878
2024-04-18,-0.00907095905628958,-0.005072028950965815,-0.00459077330478953,-0.00907095905628958,-0.006888920065700564,-0.007787904632368406
2024-04-19,0.00450038519371048,-0.003688754877255924,-0.0018245999257565466,0.00450038519371048,0.006848265696137249,-0.00046176385180589884
2024-04-22,0.010943909745464052,0.01006664934131948,0.008850180330999265,0.010943909745464052,0.008515605079627573,0.012276851296234891
2024-04-23,0.0013434162344514917,-0.00017706091581213602,0.0006014766717041004,0.0013434162344514917,0.0014137138340638612,0.00023496714848291606
2024-04-24,0.0027256491698791933,0.0035082880618513236,0.005126444841036121,0.0027256491698791933,0.001536747364098986,-3.9832038774281645e-05
2024-04-25,0.009168480722369518,0.010196729644162567,0.011998407983814047,0.009168480722369518,0.007468967297299811,0.01494377422229621
2024-04-26,-0.005622131524428685,-0.0008570356362000782,-0.004840689955348607,-0.005622131524428685,-0.006685928069119567,-5.333333333333335e-05
2024-04-29,0.004324344548557653,0.0013829981003598787,0.00245317998351035,0.004324344548557653,0.009917283345523465,0.0020133087454152604
2024-04-30,-0.0006417368504734339,-0.003654237775218871,-0.0033246650645592235,-0.0006417368504734339,-0.0017039682453004383,-0.0013964940361844485
2024-05-02,0.0033153972848650403,-0.0005384479999999999,-0.0005955439999999999,0.0033153972848650403,0.0019158763335262374,0.010049851546028749
2024-05-03,-0.005439726183284626,-0.006046266483740362,-0.006096294479944364,-0.005439726183284626,-0.0076389620148829334,-0.0029322534306890856
2024-05-06,-0.003954962246621649,-0.0017522414327086583,-0.007431475509963043,-0.003954962246621649,-0.0014760226012829026,-0.012519019989438178
2024-05-07,-0.007230815264429728,-0.014642962666564917,-0.018108374061161003,-0.007230815264429728,-0.0062665796554610105,-0.016675859210277637
2024-05-08,0.0016576295559061322,0.0051325673030418306,0.009580399482206417,0.0016576295559061322,0.0,0.01238607930608271
2024-05-09,-0.01803591284160571,-0.01204186777152004,-0.015667867184650977,-0.01803591284160571,-0.015590012996666094,-0.021285466255677843
2024-05-10,0.009802077167183895,0.009775174604406866,0.01182883282180188,0.009802077167183895,0.004439599522660019,0.015618481210100999
2024-05-13,0.005865993463442166,0.005841395281694754,0.004360437578634743,0.005865993463442166,0.002212518664983643,-0.0012344778648255535
2024-05-14,0.0053026741406725,-0.0004053967778006282,0.004322875295767022,0.0053026741406725,0.005135117275633606,0.010929154574746273
2024-05-15,0.001383435951080842,0.006425004045226581,0.00935688329154589,0.001383435951080842,-0.0007789037357247285,0.007698257199039274
2024-05-16,0.008103902733562549,0.00980065646178044,0.009876135500787787,0.008103902733562549,0.00911570311987133,0.006841858215678162
2024-05-17,0.0019311951299875504,-0.004229146669740016,0.00016406241160789423,0.0019311951299875504,0.0027746873362616406,0.0007891187867093473
2024-05-21,0.00800415030960527,0.010271263603240686,0.011112834050280485,0.00800415030960527,0.002798133238882937,0.013453676906501745
2024-05-22,0.0031463963955948126,0.006290399946710132,0.006032392507978233,0.0031463963955948126,0.0030469687473969323,0.001079883202489703
2024-05-23,0.01320895265623512,0.006254123982297228,0.010070694861076793,0.01320895265623512,0.01623413013834582,0.010344839680932822
2024-05-24,-0.0021830795397821457,-0.0008484705935384316,0.0010684569797372904,-0.0021830795397821457,-0.00045948127907615604,-0.0005879925217459438
2024-05-27,-0.0020006143685755116,-0.00418681786244929,-0.004565550962903054,-0.0020006143685755116,-0.0010743358183047916,-0.003039447422526549
2024-05-28,-0.0008876688979591836,-0.0021082376988127384,-0.00411793252912624,-0.0002617169660436685,-0.00193357757447097,-0.0062491890750794536
2024-05-29,-1.8839999999999992e-05,0.0026405366567569225,3.842708259736618e-05,-0.005465554533230299,-0.0080474093408375,-0.00016
2024-05-30,-1.768e-05,-0.012039299324133532,-0.010522850952929904,-0.015234354009222033,-0.00956116224385675,-0.014946287320987208
2024-05-31,-4.8295999999999986e-05,-0.0023517936003404,0.0016117080120932367,0.0014664001881767694,0.0018680341105537352,0.005545670088610191
2024-06-03,-2.232e-05,0.021635774181979043,0.03634933469468671,0.028298593822564982,0.03202403067452011,0.0458703353566231
2024-06-04,-0.024009871953137432,-0.04075730920436496,-0.06611011864751565,-0.0562875365042916,-0.06112419596275757,-0.10362211166822635
2024-06-05,-0.00018137599999999997,0.03537956892366855,0.03654118981994227,0.03557313567606361,0.03307130264902321,0.03879190100350981
2024-06-06,0.001893216291884731,0.007968499234497321,0.008659646134283725,0.00802829004464285,0.008848783029735371,0.010674108947272502
2024-06-07,0.015931778530864343,0.018818660841320754,0.018495439202853424,0.01918483774349484,0.02033183181806326,0.01962901352354002
2024-06-10,0.0015118726221956893,0.0057978998855582825,0.006090284268451353,0.002102260952917663,-0.0013298220789751808,0.005199776548140038
2024-06-11,-0.0013386673402885308,0.00338112291456538,0.005070477980649293,0.002282691846950072,0.00024290193115634738,0.007214465561588118
2024-06-12,0.0001935128240522974,0.00519268720962803,0.005747612324678245,0.003100773463844139,0.002494199810096445,0.008724507509713864
2024-06-13,0.0013196754493142258,-0.00045509191712342465,0.000597116466993513,0.00469483721242943,0.0032512085635553246,0.00093596441075847
2024-06-14,0.002914103576971676,0.0030660577584228697,0.005023211217959433,0.0029713342796830033,0.0028464728647632507,0.005110363649908989
2024-06-18,0.0018368080177677568,0.0016175219404864793,0.00148910917028478,0.0027700948169158126,0.0039257349959185015,0.0021617763232693703
2024-06-19,-0.00698822455445504,-0.015100832637867358,-0.018489902676362628,-0.008050734394431644,-0.0017801967265448713,-0.014823819345311115
2024-06-20,-0.0011103919186061656,-0.007132034196340653,-0.006521389459161635,0.0013811531710534199,0.0021663878659495613,-0.00031436841723571384
2024-06-21,-0.0023843127709263553,0.0015442253473884155,7.907297571322258e-05,-0.0034523117388012385,-0.0028002164622532473,-0.0007800089717621631
2024-06-24,0.0029894825194670188,0.0030979879866614153,0.003397137347069147,0.0016908630371125395,0.0015625352218749532,0.0019967840309671253
2024-06-25,0.0032823921892097038,-0.002771818272597016,-0.0041264832769129945,0.0011716569416622413,0.007763664467508334,-0.0076830466339379
2024-06-26,0.0031224067900942065,0.001233314691144418,0.001158390324219396,0.0010454995377890458,0.006198787876631016,-1.2640816606803839e-05
2024-06-27,0.005191137472346592,0.006529567791587492,0.005756067084704245,0.00823776089882615,0.007334080659762657,0.00648793497382923
2024-06-28,-0.0005712624541431474,0.0017882582174237967,0.0010179608355189028,0.0016297417338211094,-0.0014108969297394127,-0.0001066666666666667
2024-07-01,0.006449470082324089,-0.000649344,-0.000545424,0.004174568983728689,0.00545557559691747,-0.000676087149524183
2024-07-02,-0.005837908326064164,-0.0038955361461466033,-0.0038955361461466033,-0.0022171891900337613,-0.0007499973340487516,-0.0028239179515291
2024-07-03,0.005113249775902044,0.0026968807815596395,0.0026968807815596395,0.007089308155997571,0.006719678910168409,0.0074608772973896
2024-07-04,0.003658281959351933,0.004570228360440005,0.004570228360440005,-0.00014209957314106225,0.0006441994597673961,0.00015488954785903436
2024-07-05,0.0050502090564707525,0.007993600314993687,0.007993600314993687,0.006163804623568695,0.0008924945580705119,0.00935354453977993
2024-07-08,-0.000625123117647355,-0.00577965180780958,-0.00577965180780958,-0.0024031221792625993,-0.0001356303337513403,-0.004822645151386904
2024-07-09,0.00876860720377883,0.008014785295918387,0.008014785295918387,0.0062566105202392615,0.00462112711188291,0.004748994662870351
2024-07-10,0.0008216731113228563,-0.00526313184000391,-0.00526313184000391,-0.0013875084448578712,-0.004460845993233708,-0.007087089782924404
2024-07-11,-0.0014140185763215638,-0.0026194403299974606,-0.0026194403299974606,-6.804106584312705e-05,-0.0003495037195243165,0.002898311506177856
2024-07-12,0.006227715385072923,0.003181631138601585,0.003181631138601585,0.006168711005399374,0.007628403248955412,-0.0010379339135997568
2024-07-15,0.003522984683625623,0.00850936813911687,0.00850936813911687,0.005812837362689039,0.0034447298074261035,0.012697957703542512
2024-07-16,0.004419423356406454,0.005698892873430902,0.005698892873430902,0.0025826791936572,0.0010691440871768358,0.0046464222608232335
2024-07-18,0.007275419526656889,0.00025487754021395227,0.00025487754021395227,0.0054760464903262345,0.007603152387120198,0.0009404233068547126
2024-07-19,-0.007689786507620204,-0.0202038024409291,-0.0202038024409291,-0.016489837071881643,-0.010944347737899481,-0.028411341192836483
2024-07-22,0.0007723340716094785,0.007907002985864685,0.007907002985864685,0.0007851879664256996,-0.0008829659721330775,0.008547453960340522
2024-07-23,0.006918807524640911,0.003623602508273572,0.003623602508273572,0.001357314654953441,-0.0012329157000276177,-0.0031936625077819063
2024-07-24,-0.004760539334563711,-0.000827156186115944,-0.000827156186115944,-0.0015544617059073766,-0.00268142363114976,0.0020361797370602604
2024-07-25,-0.0013118682900299227,0.002497020288680157,0.002497020288680157,0.0013556208284873966,-0.0003031729363163769,0.00710564625103754
2024-07-26,0.01845650627982739,0.02801822307600879,0.02801822307600879,0.019942339182480975,0.01741480789992859,0.02068095656350196
2024-07-29,-0.003877284364266872,-0.003361000852730947,-0.003361000852730947,0.0012146141855424557,5.0331230625744864e-05,0.0036092140934459913
2024-07-30,-0.0031331520113706056,-0.0005802069386565715,-0.0005802069386565715,0.0019808935173034016,0.0008532792280141148,-0.0001066666666666667
2024-07-31,0.00625097239218197,0.008646146466763923,0.008646146466763923,0.005821477951105786,0.0037684255675633532,0.005028916176195261
2024-08-01,0.003366092252812672,0.003938612303314567,0.003938612303314567,0.002488499206270463,0.002391816490734086,0.0036488236825969766
2024-08-02,-0.005725338330067837,-0.013038717156372377,-0.013038717156372377,-0.013953105797432194,-0.011792190883304469,-0.014456362130557785
2024-08-05,-0.01278288841199137,-0.019202210577372827,-0.019202210577372827,-0.024462626430356814,-0.02715175314145156,-0.034299565785493744
2024-08-06,-0.001239803162976109,-0.00535644735202044,-0.00535644735202044,-0.0026927733612639106,-0.0026244033870099497,-0.00791830551217642
2024-08-07,0.009543034191065556,0.020073330152334035,0.020073330152334035,0.01528901167564542,0.012630066341245293,0.026664016438144634
2024-08-08,-0.004101623053168352,-0.005903036041134686,-0.005903036041134686,-0.010507625074644087,-0.007456478381555143,-0.014946970651090128
2024-08-09,0.006003415121132759,0.009608860065846983,0.009608860065846983,0.010156000442421747,0.010333291215294636,0.011602480895151542
2024-08-12,-0.0018147757186577087,-0.002663253667268505,-0.002663253667268505,-0.0014432314973604305,-0.0008416385761983504,-0.003074519237987799
2024-08-13,-0.0030822035886726856,-0.003920292210002875,-0.003920292210002875,-0.007598440135939318,-0.00857984886239657,-0.013607874137503468
2024-08-14,0.0005487801995412095,-0.004853754707029402,-0.004853754707029402,-0.004610494225535296,0.0001967576418212346,-0.009110329755211068
2024-08-16,0.013042108574596197,0.014418065193068857,0.014418065193068857,0.016428071246249846,0.016325768935141063,0.016745402422981646
2024-08-19,-0.00041800322114057104,0.0004155537535018511,0.0004155537535018511,0.003756592883829969,0.0012827353541420893,0.007198250604444567
2024-08-20,0.004166256975034334,0.0019152033592985155,0.0019152033592985155,0.007538084058246937,0.0051226163083365125,0.003827540040400164
2024-08-21,0.008304576254687196,0.008375357834872154,0.008375357834872154,0.006543311073597251,0.0028846181820890576,0.005640100920123512
2024-08-22,0.0017415226230000538,0.0005398266133239695,0.0005398266133239695,0.001849116132118666,0.0016659691560852782,0.0010639610695484833
2024-08-23,0.0037563501733880035,0.013582009360632223,0.013582009360632223,0.00015370799092601642,0.0004694458708691634,0.005111548005287294
2024-08-26,0.004518605919131475,0.004581640978187208,0.004581640978187208,0.0069490639480645905,0.007523018148105455,0.0058525515567673485
2024-08-27,1.3631040777468484e-05,0.00019747146124526036,0.00019747146124526036,-0.0005217382977749751,0.0002858535502177548,-0.0035902868294605877
2024-08-28,0.0018953681428686745,0.0066633164306547305,0.0066633164306547305,0.0011718200217972381,0.0013820469762269526,0.0019268722359756087
2024-08-29,0.004061731973151578,0.0026416437499715015,0.0026416437499715015,0.0033140156028010083,0.003967777356455909,-0.00016
2024-08-30,0.00600701421674655,0.011506744635543898,0.011506744635543898,0.00589132344807202,0.003332202116407902,0.00774230815519685
2024-09-02,0.002936023537949084,0.00038577685593237966,0.00038577685593237966,0.002768577038810874,0.0016945136137639853,-0.0032549464223896505
2024-09-03,0.0013142968819824007,-0.0011182633063801922,-0.0011182633063801922,-0.0004931107521204694,4.550726442364936e-05,-0.003714907346680258
2024-09-04,0.0005548861763874092,-0.000508776,-0.000508776,-0.0025498635701887767,-0.003215245383183467,-0.0045674188290659905
2024-09-05,-0.00299281704820853,-0.0041930377633445206,-0.0041930377633445206,-0.0014666221434321584,-0.0021293438665674616,-0.0045406491009965175
2024-09-06,-0.006444949592966707,-0.0066763382665296165,-0.0066763382665296165,-0.009605817194364891,-0.011718747382249265,-0.012526682637462755
2024-09-09,0.006960580879594077,3.5763497168482235e-05,3.5763497168482235e-05,0.0001860228525808992,0.003384315433638339,-0.0037883794260154834
2024-09-10,0.00490163677669044,0.007998702993360722,0.007998702993360722,0.004297801917359153,0.0041898603137641086,0.008618449733315738
2024-09-11,0.002655887567920787,0.0038464307779689524,0.0038464307779689524,-0.0051140106843923375,-0.004909997784499106,-0.006642360574581528
2024-09-12,0.01610406267183652,0.022737283355203322,0.022737283355203322,0.019453107776084843,0.018703624424743968,0.024264029213780305
2024-09-13,-0.0023426024380907547,-0.0031390655797332526,-0.0031390655797332526,-0.0006043136760450095,-0.0012769785942554214,-0.0038633920158544144
2024-09-16,-0.00263817644407134,-0.0010232854826971744,-0.0010232854826971744,-0.000300576048045251,0.0010740980826790941,0.0013970170976452655
2024-09-17,0.003968323949235692,0.009751605554512727,0.009751605554512727,0.000633109463180987,0.0013700476615561017,0.0009841762672757057
2024-09-18,-0.004802180705453681,-0.009651379743698233,-0.009651379743698233,-0.0037395933995850363,-0.0016142974615182065,-0.004254356773143879
2024-09-19,0.0041237920042429205,-0.0013732065229751771,-0.0013732065229751771,-0.0011808370268819623,0.0015061029073179838,-0.002334160635283918
2024-09-20,0.01398271123104385,0.01373229193296015,0.01373229193296015,0.012161779943721108,0.014652566289984728,0.013335660907121072
2024-09-23,0.008426832550714303,0.015365207567369178,0.015365207567369178,0.007288654823264246,0.005725960454112572,0.011776752814372822
2024-09-24,-0.003823767774026213,0.0024402288614235597,0.0024402288614235597,0.0007338081064888882,5.20286681844374e-05,0.0036113272765024617
2024-09-25,0.0006323734707044075,-0.0007633548763984115,-0.0007633548763984115,0.0014038278719686042,0.0024545416621303915,0.005410966394067296
2024-09-26,0.00929893710693479,0.008012101926021186,0.008012101926021186,0.010374848823112983,0.008115692736807522,0.01290351576292273
2024-09-27,0.0011149064728178414,0.007260045785619265,0.007260045785619265,0.004193793621795399,-0.0014162255444679923,-0.00031999999999999997
2024-09-30,-0.010922489479096046,-0.014312811502168081,-0.014312811502168081,-0.008147795512553036,-0.014160691857076434,-0.00754787590645339
2024-10-01,-0.001738637020230472,-0.00040781971247633576,-0.00040781971247633576,-0.00015361842731091333,-0.0005405862138807384,-0.000462072652376582
2024-10-03,-0.017084543526975894,-0.00026481599999999997,-0.000260552,-0.02018096801791787,-0.02142424417261006,-0.014174446869385921
2024-10-04,-0.011099072584264036,-0.01552146490608724,-0.014974927341277092,-0.009613511663146345,-0.009370461848646757,-0.007891631586115711
2024-10-07,-0.005248843103908255,-0.004602383933810003,-0.005313188036546721,-0.011507539330415479,-0.008787371273170997,-0.008608432154874968
2024-10-08,0.003939593754394252,0.010062743978250752,0.00916366719849444,0.005676700722405156,0.008729434677965052,0.007814400850764007
2024-10-09,-0.0011362083039206502,0.001146675830465146,0.0012585228569083867,0.001747458150878896,-0.0012481693673798233,0.002182128443087651
2024-10-10,-0.003792560054512932,-0.009090153065503986,-0.009643198220352258,-0.0005974294862034219,0.0006602588660852999,-0.0005657007649106528
2024-10-11,-0.0013088457651055732,0.0027463173455166325,0.003117631180949924,0.000865686701399841,-0.0013689902517646816,0.005488981956616343
2024-10-14,0.0047688375549010675,0.005498683515201929,0.005341185406888676,0.004712457645873827,0.006535939888908111,0.006322325121333855
2024-10-15,-0.0038011397617001372,0.00011896005529815471,-0.00015783265549269235,-0.0046339469704723794,-0.0028135592532655376,-0.007784527234557444
2024-10-16,-0.0008323731507028265,-0.0005269250475849619,8.103118134240167e-05,-0.002685974841399257,-0.003439985380697183,0.0007904001313436848
2024-10-17,-0.01992228513281858,-0.03589366880712859,-0.03511639495418596,-0.0133715085996716,-0.008907784090014885,-0.019489809095759616
2024-10-18,0.0004117609735060821,-0.0016404290787020296,-0.001677048769695645,0.004191324492209637,0.004201335956550517,0.0059335501640908625
2024-10-21,-0.002774894975910427,-0.0025506018873472707,-0.00323215149757716,-0.008761340521951823,-0.002939498473548445,-0.0028767644103867554
2024-10-22,-0.007890796752800296,-0.011756549275852922,-0.011045679305710562,-0.015709455239991683,-0.012547572909439223,-0.017059403827311217
2024-10-23,-0.0025403578530986005,-0.0030737847656612796,-0.0025411470793639712,-0.0024670822384460687,-0.0014966842167451323,-0.0026148959036533764
2024-10-24,-0.011520394338015449,-0.008637011777301943,-0.009544562979282124,-0.0036301874026769144,-0.0014784351216731097,-0.009273110333460233
2024-10-25,-0.0008902377281584243,-0.01159792747725838,-0.010542740520173649,-0.01657244269470499,-0.00899959570008371,-0.012271821254644086
2024-10-28,0.006727878514399195,0.004154126338336928,0.00388346671510615,0.007690750885073554,0.006527218917237164,0.0029669428023054605
2024-10-29,-0.004279346834209434,-0.013050174088654935,-0.012832429996511314,0.0031695622169901913,0.0052329430871703615,-0.00031999999999999997
2024-10-30,-0.004289207978437534,0.0032633266843475365,0.0034130934942293804,-0.001010099689014103,-0.00516313130612327,0.0012242178643835087
2024-10-31,-0.0039168271324257885,-0.0033397998931449405,-0.0029075052751663306,-0.002427531664185098,-0.00558232586918934,-0.0037065322854988626
2024-11-01,0.002648713954251019,0.00412743660163726,0.0033782506042901858,0.004857985528191804,0.004081663627652918,0.00601406386483388
2024-11-04,-0.011542138993391321,-0.02178204324034086,-0.022435688092629948,-0.014219333520951486,-0.012795285302364113,-0.013558335607243876
2024-11-05,0.006652406563682621,0.0062567753137005196,0.006174147384392908,0.009324387666910138,0.009042055940529129,0.006007060052497624
2024-11-06,0.009360032172743026,0.01653369179968164,0.016157623922569045,0.011680038459978217,0.011119815807918394,0.017056815109273364
2024-11-07,-0.009494044535202278,-0.01221862291788455,-0.0122243984469382,-0.01103385273653383,-0.011696159889418445,-0.016132072409388968
2024-11-08,0.003518430730594037,0.0023529948427328216,0.0019344690730869456,-0.001691095906287485,-0.0021159463488489003,0.0015212089431630824
2024-11-11,-0.005909807851193395,-0.009874004697429288,-0.009627557727094116,-0.007150782125108321,-0.00028571169910344984,-0.006521931178171458
2024-11-12,-0.013905807353952821,-0.018445927413997622,-0.01865219366889887,-0.01156180680801361,-0.010738381367723213,-0.014107140826560019
2024-11-13,-0.010205653093780694,-0.015264839429359866,-0.014504671099623428,-0.015003375346974244,-0.013675649189030194,-0.015653588581963977
2024-11-14,-0.006030215020072217,-0.005412007836064871,-0.005956313799609418,-0.002377285750728055,-0.0011191584619590343,-6.853892269886733e-05
2024-11-18,-0.003730738675053009,-0.003032953475480064,-0.003316636856465355,-0.0026298926688939853,-0.003358348106569627,-0.001609891524503519
2024-11-19,0.0025006361259965484,0.003296202012479005,0.002375352469327185,0.0017428533202979502,0.002754783503889256,0.007153062744380812
2024-11-21,-0.004562242742101154,-0.00511090928180137,-0.004974612084530651,-0.013520711025873369,-0.007194627306794726,-0.0014922625502858619
2024-11-22,0.01980927072360903,0.012870405273807726,0.012917678078322068,0.021660600429023274,0.02358904203763299,0.018426107463514977
2024-11-25,0.006708532240395854,0.009072912421717365,0.0090092115569683,0.010235633039731292,0.013075438521712217,0.008956565205735102
2024-11-26,-0.0015439013855392727,-0.0072633032321762145,-0.006812032306608934,-0.0036341676266333665,-0.0011318641340202825,-0.0032073500132602747
2024-11-27,-0.0003557559037686189,-0.00019014255447158195,-0.0002747120214801523,0.0036927518136340596,0.0033175761911502914,0.001003146657201103
2024-11-28,-0.013899379101847225,-0.01477126086345473,-0.014089631420721794,-0.015310754468455156,-0.0149725605075969,-0.017365552631986855
2024-11-29,0.011046683908327169,0.012917505460588393,0.012652848385636767,0.00892166000756442,0.009031098528695802,-0.0003733333333333333
2024-12-02,0.0031059104520703533,-0.0007275439999999999,-0.0006912639999999999,0.006411298076568925,0.005988850983542634,0.003492119297515249
2024-12-03,0.00215995041198889,-0.0013374936270090778,-0.0015802065550753852,0.006885156305215982,0.007432322879372628,0.0026624123108122356
2024-12-04,-0.002970901410653709,-0.004549632834352329,-0.005002394001624951,-0.0009960158595290545,0.0004210081782723239,0.003641874798519608
2024-12-05,0.008097878574557337,0.004982319859520616,0.004272477891791837,0.0059924700345400355,0.009799651742121284,0.005641916287485314
2024-12-06,-0.0005664917706229866,-0.0010564912717640849,-0.000722526650279893,0.00040645447866062095,-0.0012391968835286232,-0.0026061940246329407
2024-12-09,-0.006424772854972318,-0.005856189927977551,-0.006135488615231789,-0.003606251114726576,-0.002385583169878571,-0.002861176069221641
2024-12-10,-0.0026254027083983385,-0.0021656448731162924,-0.0022488479201415294,-0.0016536680834686973,-0.00036357470666444975,0.00015493426517680707
2024-12-11,0.0033443270018724235,0.0016478887433785403,0.0019150418160601523,0.002538078711118964,0.0012892918089711122,0.0017790933420617004
2024-12-12,-0.00575926191642972,0.002420909721318775,0.0013728947601420972,-0.0048589820821141,-0.003785351792322941,-0.0037337203338869045
2024-12-13,0.011900073908177239,0.010191005777974336,0.010355126750045362,0.006828551909423691,0.008905773422254015,0.008160546620521422
2024-12-16,-0.0038723836815763007,-0.004516071258705849,-0.0038885117386124276,-0.004097426441718843,-0.004047649614185296,-0.004918087551914953
2024-12-17,-0.011626670962433937,-0.01111958761917493,-0.011856912998799759,-0.013714393988243664,-0.01356025614827435,-0.00921459409885608
2024-12-18,-0.0004899807691160257,-0.0013613973519673184,-0.0022349173911057293,-0.005154484475884512,-0.005651640286891943,-0.0023847810796753764
2024-12-19,-0.0028522676084818347,-0.0029911290108896576,-0.0024623224254663205,-0.005788340582585044,-0.01026582529903898,-0.005846925102602447
2024-12-20,-0.010102132840689768,-0.013361050245126887,-0.012304079948541416,-0.01525807765840222,-0.015322359236337606,-0.013267852864111097
2024-12-23,0.002464923807571847,0.002104637112048735,0.0016822387128026263,0.004707550271669608,0.007010839504245724,0.004019526669055584
2024-12-24,0.0005211593187855176,-0.0033913358847085335,-0.0031567348304432116,-0.00207966706758046,-0.0010866989549987555,-0.002060723177041692
2024-12-26,0.002393143938718144,0.008019536179931015,0.008225569246022352,0.0026979635911845534,0.0009498673594489271,0.0047357508442991275
2024-12-27,0.004416276640165638,0.0038831809112127276,0.003577218594170652,0.0015998257704934286,0.002657545248501766,0.004265473228378233
2024-12-30,-0.002846699523705618,0.004512566939015407,0.0036099178791655275,-0.0034670699407156075,-0.007101000468431965,-0.0002695027157643856
2024-12-31,-0.0007546526733691881,-0.0013309648990911956,-0.000717069367277599,0.0008695862037134248,-4.2127301519090045e-06,-0.00021333333333333333
2025-01-01,,,,,,0.0028876020702765254
2025-01-02,0.020564928101724445,-0.0013005384489795915,-0.0013005384489795915,0.020564928101724445,0.018599976157659907,0.015318969968489698
2025-01-03,-0.003057328847106007,-0.01325811341077833,-0.01325811341077833,-0.003057328847106007,-0.007631803596810856,-0.014150707076403196
2025-01-06,-0.017569475012116288,-0.009242765988327887,-0.009242765988327887,-0.017569475012116288,-0.016325128725884954,-0.011039946305194328
2025-01-07,0.005447723387725227,-9.989081313419327e-05,-9.989081313419327e-05,0.005447723387725227,0.0038817437019732417,0.00021023908817270978
2025-01-08,-0.0007418631216957956,-0.006545840050686263,-0.006545840050686263,-0.0007418631216957956,-0.0007996806978147784,-0.0031317806765335525
2025-01-09,-0.005215682054089393,0.0009712087355397481,0.0009712087355397481,-0.005215682054089393,-0.006881216315863482,-0.006345779194743257
2025-01-10,-0.006608299544414405,-0.002119504995716921,-0.002119504995716921,-0.006608299544414405,-0.004046174437066828,0.004080999997811337
2025-01-13,-0.01949001461898005,-0.017148641252582163,-0.017148641252582163,-0.01949001461898005,-0.014857097422370331,-0.015873709094592552
2025-01-14,0.008671130560117275,0.0008954754124006203,0.0008954754124006203,0.008671130560117275,0.003895278043635164,-0.004258401720822418
2025-01-15,0.00047413720248563743,-0.006522002227299274,-0.006522002227299274,0.00047413720248563743,0.0016015971562733668,-0.0020943290577552605
2025-01-16,0.0047851326411599586,0.0047825243688958755,0.0047825243688958755,0.0047851326411599586,0.004238654922064901,0.005885541886401639
2025-01-17,0.0017639011716016964,-0.0033688552314039815,-0.0033688552314039815,0.0017639011716016964,-0.004669537131428157,-0.0074233355189577055
2025-01-20,0.00712290359078743,0.002223136854252636,0.002223136854252636,0.00712290359078743,0.006081952909099664,0.004301489025199377
2025-01-21,-0.011188905528833074,-0.01466484967749497,-0.01466484967749497,-0.011188905528833074,-0.013806721311582606,-0.009375807682187853
2025-01-22,0.003681115727601368,0.006862868163361463,0.006862868163361463,0.003681115727601368,0.0056604403518015324,0.01105896013686244
2025-01-23,0.004909936799957258,0.006986422287310029,0.006986422287310029,0.004909936799957258,0.0021570002277194853,0.011123848161177806
2025-01-24,-0.005912106222894622,-0.007995487542049588,-0.007995487542049588,-0.005912106222894622,-0.00488797436469754,-0.004728332031855017
2025-01-27,-0.014466919776096586,-0.016551841930267024,-0.016551841930267024,-0.014466919776096586,-0.011456619090824587,-0.018201467355934177
2025-01-28,-0.0006833160397195636,-0.007545927225911898,-0.007545927225911898,-0.0006833160397195636,0.005595545512054291,-0.0017114366523500383
2025-01-29,0.012405997701426802,0.015039009188183367,0.015039009188183367,0.012405997701426802,0.008926687592645893,-0.0001066666666666667
2025-01-30,0.006255668576979283,0.010393769027831087,0.010393769027831087,0.006255668576979283,0.003723148074350194,0.0041738087501806895
2025-01-31,0.014420021655256451,-0.00276974990925815,-0.00276974990925815,0.014420021655256451,0.011074194280356322,0.0036779612540216826
2025-02-01,-0.0017623770992421057,0.004497366160387665,0.004497366160387665,-0.0017623770992421057,-0.001117246011978889,0.000789001177117193
2025-02-03,-0.003958810951939967,0.011990389743218966,0.011990389743218966,-0.003958810951939967,-0.005170435671733403,0.007620669614638678
2025-02-04,0.013107462223502623,-0.00037211199999999996,-0.000411848,0.013107462223502623,0.016059657410686868,0.011192323265549748
2025-02-05,-0.00032111354902610327,-0.0037532307429218306,-0.0021164559581828084,-0.00032111354902610327,-0.0018108456539069108,-0.00017611181005959217
2025-02-06,-0.003276367661548671,-0.006813227298675756,-0.007216738987370136,-0.003276367661548671,-0.003930316218479903,-0.002771445122879723
2025-02-07,0.002346334877649221,0.008344592875867052,0.00972907577372459,0.002346334877649221,-0.0018404311807618838,0.0007061836548603526
2025-02-10,-0.009742775404537926,-0.008188030393809761,-0.008988274134526863,-0.009742775404537926,-0.0075988318246352615,-0.006164840310490045
2025-02-11,-0.01618489820902205,-0.016288946475341952,-0.018741169786924736,-0.01618489820902205,-0.013338245144624153,-0.018704270431175007
2025-02-12,0.0012690918255735205,-0.006285127588654079,-0.007101994595154711,0.0012690918255735205,-0.001151451956867338,-0.003502567934747995
2025-02-13,0.0009987354064784288,0.003638368449352677,0.003958862219681834,0.0009987354064784288,-0.0006011552347958088,-0.0006429489281838113
2025-02-14,-0.010300629778262384,-0.011764809204947211,-0.013503074420903864,-0.010300629778262384,-0.00444513112662715,-0.007391523316978131
2025-02-17,0.0054892879505271264,-0.0050901414132204365,-0.00480331387480858,0.0054892879505271264,0.001318406118349223,-0.00303837915351411
2025-02-18,-7.675205747124437e-05,-0.007287259057621676,-0.005401435374323173,-7.675205747124437e-05,-0.0006186376571162799,0.00037305468141494286
2025-02-19,0.0001299352361809488,-0.0021838047346148014,-0.0010335050740940695,0.0001299352361809488,-0.0005405787764224007,-0.004246547521715568
2025-02-20,0.0029973438067097506,0.0039337800340785885,0.003754498020905067,0.0029973438067097506,-0.0008615791713867465,-0.0016050493794605308
2025-02-21,-0.0060518288131776905,-0.017364500661488064,-0.01770049474943612,-0.0060518288131776905,-0.005130286241460248,-0.01116139706096386
2025-02-24,-0.009076714407365643,-0.005279025583504032,-0.004835587217934778,-0.009076714407365643,-0.010697116011174177,-0.012035308258180638
2025-02-25,-0.0023573590681955784,0.005644436483165748,0.0050255894636694375,-0.0023573590681955784,-0.00025714910818764225,-0.001552653872191596
2025-02-27,-0.0025866695477365655,-0.00416750010434385,-0.004079887910661724,-0.0025866695477365655,-0.00011088293493540093,-0.00021333333333333333
2025-02-28,-0.02517468528713918,-0.03683398797068296,-0.03831172362129658,-0.02517468528713918,-0.01882096814125905,-0.030572600571643748
2025-03-03,0.0019629290922786964,0.007707624295006056,0.008733107487871705,0.0019629290922786964,-0.0002440302652016664,0.007548969328850311
2025-03-04,-0.003060539821823943,-0.008226481511299958,-0.007978117381588662,-0.003060539821823943,-0.001658315891150207,-0.008324857525107308
2025-03-05,0.016481157053135596,-0.0008038639999999998,-0.0008867359999999998,0.016481157053135596,0.01146571185468711,0.011479590960309788
2025-03-06,0.011630546584557764,0.00796291623973043,0.006692068451636182,0.011630546584557764,0.00924200854408832,0.006532615841872974
2025-03-07,-0.001070364539014241,0.002836316675106393,0.0015319066174356256,-0.001070364539014241,0.00034595413741610534,-0.0033905591445032605
2025-03-10,-0.006890091847416972,-0.003510131754591463,-0.004646516572714577,-0.006890091847416972,-0.004096583464717347,-0.0048165430832132865
2025-03-11,-0.0034372469479444965,0.008102501187759284,0.007352677150377616,-0.0034372469479444965,0.0016726478000064651,0.002443352062614747
2025-03-12,-0.0028140999718281323,0.00389685176813229,0.004590003250720294,-0.0028140999718281323,-0.001218651042867137,-0.0025163683551903747
2025-03-13,-0.004939700040212461,-0.006842224990407789,-0.0055673309312415376,-0.004939700040212461,-0.00326742167482874,-0.00422304971763259
2025-03-17,0.006535604005521263,0.005860877301719164,0.008973759556150354,0.006535604005521263,0.004968206335327962,0.0078001183306681205
2025-03-18,5.744769499406873e-05,1.117530010719619e-05,0.00026801015697887896,5.744769499406873e-05,0.014359703182661372,0.0
2025-03-19,0.018873379027268877,0.018389565063837286,0.01774218556362235,0.018873379027268877,0.0032048904937790478,0.01193510484137611
2025-03-20,0.011104387085086922,0.014938506901082787,0.011740323994897398,0.011104387085086922,0.012280480863664548,0.011673695369592183
2025-03-21,0.008133372850278231,0.0019062397491757576,0.004922548586874062,0.008133372850278231,0.0068649342763162065,0.00712618344277874
2025-03-24,0.010574391672328615,0.00817016817417738,0.008883305744462574,0.010574391672328615,0.013101970335000056,0.015718826381111287
2025-03-25,-0.002953736866540857,-0.001807787750299874,-0.003052507580509722,-0.002953736866540857,0.0004353025297464832,0.003377059661531038
2025-03-26,-0.0072088718409663854,-0.003145300105707857,-0.0034472591437432294,-0.0072088718409663854,-0.007710730752587225,-0.008691733085895605
2025-03-27,0.006879149058988033,0.002155635862211318,0.0031646142516474447,0.006879149058988033,0.004464845602965276,0.0029416182462648206
2025-03-28,-0.005400996786061393,-0.0015322309227887288,-0.005100831911227984,-0.005400996786061393,-0.003082049047667123,-0.003210866263445594
2025-04-01,-0.007503197883717292,-0.022358469702479872,-0.02089015474535186,-0.007503197883717292,-0.015150767296533939,-0.00016
2025-04-02,0.008180260657779962,0.012932065369560363,0.012870107595830025,0.008180260657779962,0.007168090205371445,0.009528697487051123
2025-04-03,-0.0011255630434584512,-0.0009171086285525122,-0.0008196090224757561,-0.0011255630434584512,-0.003531376595912815,-0.009568739550564394
2025-04-04,-0.022259527110233924,-0.000421184,-0.000507592,-0.022259527110233924,-0.014978235581472139,-0.01603612487098404
2025-04-07,-0.029275372832151265,-0.02811187694255083,-0.03460993226640023,-0.029275372832151265,-0.032970136904421674,-0.03451007310057786
2025-04-08,-0.001023396081632653,0.01667527833980759,0.015466999528862008,0.01906790486066848,0.01674631338889978,0.017738144706028712
2025-04-09,0.0036072807523041227,0.005693407833701498,0.0004836563099163663,-0.003989832727628616,-0.006084328049671031,-0.00784142282084819
2025-04-11,0.010832210410098617,0.020558132919097374,0.024325740629546986,0.0201147657680811,0.018988950673859396,0.02223288238588205
2025-04-15,0.016180353701161963,0.023114010326676766,0.02564143604323779,0.01992213672527997,0.02166598602930882,0.022324516198534202
2025-04-16,0.005649025857825386,0.006380444028304599,0.004993417012174979,0.005959287111125378,0.004646504460063537,0.002910447363242986
2025-04-17,0.011310267216827216,0.011454724279298875,0.012259549251619935,0.010006770784633325,0.017528943393621495,0.008258493316948674
2025-04-21,0.002542859920575037,0.01047148445727395,0.013680071094655553,0.013296056306390724,0.011418063566753105,0.021071850242625124
2025-04-22,0.006036383554239298,0.004027160206266206,0.0034139189418173474,-0.0020145729127329154,0.0017269335569158489,0.0010333634854733517
2025-04-23,0.007509317428433947,0.005038858934499185,0.004371761881682054,0.009324899228843246,0.006668556323176313,0.014013397828184178
2025-04-24,-0.0032303504750798876,-0.003791694234842857,-0.0001844144657515926,0.0007038260726643954,-0.0033864737270896763,-0.000522403290654808
2025-04-25,-0.007090065830919368,-0.013122662429437689,-0.013947376155286812,-0.011472765921794555,-0.008588438645809417,-0.013389331250775372
2025-04-28,0.007061130819410436,0.007284000762740177,0.009885874240009869,0.01090189675276555,0.011956447831200931,0.008021798593172908
2025-04-29,-0.002830176214482232,0.00035290664335173544,-0.001374459238940484,-0.0029166885053248525,0.00030614622903455367,9.164184557688981e-05
2025-04-30,0.005215182886227693,0.003426798617309048,0.005266364329761424,-0.0009165293934661168,-7.191266338548166e-05,-0.002949207073068643
2025-05-02,-0.007650966031096727,-0.007306467548185805,-0.0022455937983258583,-0.0032445803166775535,0.0005135484625769229,-0.003454215260179057
2025-05-05,0.005505068120746847,0.007663086841020461,0.009764870826320455,0.008055511804654894,0.004689876016656186,0.0041240986293432855
2025-05-06,-0.0002414997266897039,0.005495466035151421,0.0034113565947778484,-0.004488089052796133,-0.0033394596535795407,-0.00021333333333333333
2025-05-07,-0.002945811543759812,0.0004244179987435993,0.0026347980313046575,0.0006153211958147215,0.001426437150093386,0.0029007450072552282
2025-05-08,-0.005522416892370501,-0.013763391933217232,-0.0183194401924609,-0.009964786837777845,-0.005775526588332327,-0.011830501787112552
2025-05-09,-0.009097071673955317,-0.005672924228318393,-0.00786072903859751,-0.0060570807512101725,-0.011010503428714508,-0.008180281355530214
2025-05-12,0.028172372609012845,0.021112846672472336,0.02018643020451403,0.0321039213046523,0.03747214018466671,0.030466903198600934
2025-05-13,-0.0096833772003431,-0.015807685380856366,-0.01595575938461679,-0.010774040361800425,-0.013993290077199355,-0.012539110257053298
2025-05-14,0.0016909002807163355,0.0026396866128125885,0.0041772558372841,0.005568462458501881,0.003596321541244558,0.0023185527439020413
2025-05-15,0.010738805349007275,0.008704517123653258,0.012150393956737712,0.015377535368159027,0.015894449466611917,0.015064085727878793
2025-05-16,0.0007736622123607387,-0.0004443858916260027,-0.0020907794381478453,-0.00037838966296072356,-0.0016891866264205442,-0.003065112070311009
2025-05-19,-0.0013976492671767173,0.008148784922227863,0.005696195329133328,-0.0008481495751331359,-0.002976133107706799,0.0021875597711286873
2025-05-20,-0.01117648825518467,-0.01514521809885209,-0.014730410139002767,-0.01151724058075348,-0.010540184450815589,-0.013110820827381398
2025-05-21,0.007668125048867774,0.009087123284261594,0.008714946868586869,0.005343580830836166,0.0052345883147392296,0.005108523746495633
2025-05-22,-0.008151404381149044,-0.004438506411053675,-0.006013716410095261,-0.008435871751213157,-0.008245170966734258,-0.005166989656323365
2025-05-23,0.010453801489557095,0.002684964255947211,0.0016062614616994687,0.009370492723977148,0.009843878373448323,0.006481328233165368
2025-05-26,0.0077295050531600434,0.011833296146573816,0.011722893240950293,0.007148945195190787,0.0059373186446142635,0.006922745046526321
2025-05-27,-0.005157291483989412,-0.00597346726129316,-0.00689872454387211,-0.005965905897212687,-0.00702232377173064,-0.00890710366625732
2025-05-28,-0.0046992595086289436,-0.0023137241061546537,-0.002492004669688522,-0.004354877487184506,-0.002975073210803887,-0.0019997308176768662
2025-05-29,0.002412645478837326,0.0027458390319441343,0.001626523450101316,0.0033442269802350677,0.003273116733106363,0.00105447116173977
2025-05-30,-0.004390854460460905,-0.0022453844352028716,-0.004528242005748102,-0.006898403307980329,-0.0033438193068198903,-0.0022602978809526807
2025-06-02,0.0005517547772903354,0.00248829884147831,0.001201547197400029,-0.0007768159902343565,-0.001378673005562118,-0.003185862460525188
2025-06-03,-0.006647936746073261,-0.004516263230854326,-0.0029143029602456414,-0.007571419739234656,-0.007068758288164619,-0.006502265229531719
2025-06-04,0.0022859516291222834,0.005331160535105214,0.006841700585169138,0.0019149683243728467,0.0031609038835467354,-0.0002666666666666667
2025-06-05,0.006877951461197517,-0.0007620479999999999,-0.0007943199999999999,0.0022458490266598144,0.005294655304090157,0.0014443673984510723
2025-06-06,0.0073503648708617645,0.0021419084147009486,0.002038180424356679,0.010698656977212138,0.010135980900817266,0.011035765397717437
2025-06-09,0.0037919644808530883,0.005100966279469106,0.005028214138006259,0.0066564862368083295,0.003997448256890138,0.004853084582605127
2025-06-10,0.002723434470930831,0.0014680555081738908,0.0015331714559277097,0.002561295635354766,4.18575835460567e-05,-0.0026898144542041877
2025-06-11,-0.0003795336248223617,0.004586621792714339,0.004703805461543187,0.00276238653179108,0.001478750781646587,-0.0006323966709357971
2025-06-12,-0.0070614646981395765,-0.004744915832717777,-0.004764745881913443,-0.010393325003920616,-0.010122141121121413,-0.007240076258291427
2025-06-13,-0.004339527735398179,-0.0031512023085431837,-0.003166543280210428,-0.006108893676895913,-0.006837783295332098,-0.0055209560083316405
2025-06-16,0.007413542724832498,0.012444311249550005,0.012468373045562996,0.010022512389922102,0.00917755091754434,0.009503210180023074
2025-06-17,-0.005325893093480154,-0.003997680005504521,-0.003999260196670325,-0.005183422673362835,-0.0037389519699400583,-0.006623761972431632
2025-06-18,-0.00495556021013986,-0.0031200440219585727,-0.0031376975933310137,-0.001697297915692232,-0.0016651260767121068,-0.0005337267964562614
2025-06-19,-0.0012471605619484927,-0.003899608304548976,-0.003933253652817172,-0.0018435077010596412,-0.0007580150449296773,0.0013923577288496754
2025-06-20,0.009298185794461959,0.01588725218290697,0.01593764409124079,0.009242264967281076,0.012790324902965947,0.012642572935597722
2025-06-23,-0.005622030365463375,-0.003243042015718689,-0.003272847112729462,-0.003158151183062465,-0.005610555258512813,0.0005404087557903548
2025-06-24,0.002805263344055193,-3.7690273887591426e-05,-8.589092875942091e-05,0.004263760636024392,0.0028970292423300638,0.0033777048263573827
2025-06-25,0.008241225676380465,0.010195580097064108,0.01016527973765976,0.00748512319545382,0.00796997571939643,0.008232254920411974
2025-06-26,0.006754337018747185,0.011398623415926918,0.01121043378936476,0.009830212776550046,0.011979963629751521,0.010169779588889358
2025-06-27,0.004932752384447921,0.005880674476322389,0.005886112287111035,0.004190941060322509,0.00346967847107354,0.004577211695021311
2025-06-30,-0.002892120807423352,0.0033231719551790524,0.0033388994592297096,-0.0029421632291501544,-0.004720968611190444,-0.0047197654649816685
2025-07-01,-0.0022109835092490315,0.0019616295647945188,0.0019058894260710238,0.0005120465267211819,0.0009694695897414579,0.0029560177555551116
2025-07-02,-0.003771614294221858,-0.004704041351885912,-0.004677101099396977,-0.0007198777697173719,-0.0034670116851196766,-0.002340055463661978
2025-07-03,0.002154546248221983,-0.00028481599999999996,-0.00027800799999999994,-0.0012127056020681368,-0.0018915002785163046,-0.0002666666666666667
2025-07-04,0.0035032951539313113,0.002194741648952972,0.0019353467409944404,0.003414408295263059,0.0021900252291445488,-0.0012515444248407826
2025-07-07,0.005656244588507544,0.002340465850589775,0.002678222922661764,0.0008880225638729037,1.181334092876479e-05,0.004661764030904528
2025-07-08,-0.0019285190561275367,0.0017225437796486828,0.0023470002794583437,0.00035360409173681106,0.0024007330644550996,0.002094470423256428
2025-07-09,-0.00024755783495614744,-0.0030295318796226597,-0.0024734916219918525,-0.0025618772509335705,-0.0018196736296237606,-0.002509672714063998
2025-07-10,-0.005846486812401437,-0.012766756658065308,-0.012843667062514833,-0.004023490311852986,-0.004754933244868607,-0.003353222006061107
2025-07-11,-0.004844447263441061,-0.013805771362104414,-0.012361372949689167,-0.007291700940994626,-0.00813389240519248,-0.008061565797534686
2025-07-14,-0.0014463036951308608,-0.003633442304777256,-0.0033569477039240327,-0.0013352716454398848,-0.0026894675348791744,-0.0016977463497778234
2025-07-15,0.00586316773272439,0.0009489398684915619,0.002606859041481024,0.005480955112283006,0.004514895720960817,0.003363003799373596
2025-07-16,0.00022833026161495182,0.0007141298078483034,0.0007812745677171398,0.0012640909369668447,0.0006447408512447503,-0.0006374158581257623
2025-07-17,-0.0028958210369866887,-0.004366308595085608,-0.003982620613033226,-0.001442534980394595,-0.003998199509757984,0.0016902567570544096
2025-07-18,-0.005422198392282671,-0.004489070760452983,-0.0053745655269869675,-0.003643972658285777,-0.005712845317742711,-0.003166158171481706
2025-07-21,0.001755351981045833,0.0016226833225870796,0.0025168324266999355,0.0016267465209046045,0.004886187422514114,0.005010237773773468
2025-07-22,-0.0017824492040210724,-0.0006686881550252224,-0.00044429441313817517,-0.0033261352503844844,-0.0011883501967580668,-0.0012004652260469812
2025-07-23,0.0043247165032134546,0.00906396421227,0.008459324516523994,0.004308315028486758,0.006324502693684897,0.004345336198565795
2025-07-24,-0.007714390093807435,-0.006733124494968722,-0.006735964087313782,-0.0057881045197157146,-0.006276651657225533,-0.005164503614975496
2025-07-25,-0.002149415737574483,-0.004658960792217397,-0.005005809291864898,-0.009680081306444412,-0.009022252428611252,-0.009519909783860862
2025-07-28,-0.002556027404747874,-0.013104994319529103,-0.013273331827388855,-0.005560731772753102,-0.006304795850755804,-0.00988838884321283
2025-07-29,0.0026873644739607034,0.0075650947693102,0.007106852040151554,0.004792855265792283,0.005664401180259817,0.005025420286246042
2025-07-30,0.0011560989657234308,0.0019119046792168714,0.002212201410602457,0.0011852077860609374,0.001366900490246142,0.0017429200384030108
2025-07-31,0.0010692955053311264,-0.0034247603838702687,-0.0035016308957886043,-0.004942364856493172,-0.003494369971240235,-0.005828116713497148
2025-08-01,-0.009557200732246623,-0.014411461447791266,-0.014868524687306161,-0.012895114376110581,-0.008229715141942045,-5.333333333333335e-05
2025-08-04,0.0030966334489406356,0.008526038020207384,0.009432688170521576,0.01179884017701115,0.006386974825463857,0.017990318501751576
2025-08-05,-0.006701017515840481,-0.0005864469831305071,-0.0010610742635918373,-0.0008608549784625839,-0.0029651959185494695,-9.837157228036577e-05
2025-08-06,-0.009144559398279972,-0.010653400978506351,-0.011342301194574914,-0.006758955242326993,-0.003061596134311999,-0.0057708292619390675
2025-08-07,0.002494821716761474,0.0023164851870227576,0.002234580574553712,0.0017135467328194866,0.0008928622028389917,0.0013854250065904162
2025-08-08,-0.007383422103958475,-0.012935616057354403,-0.013419931260628813,-0.008166966785307988,-0.00951200879308063,-0.011052614491521095
2025-08-11,0.007260806829715475,0.007504973600724183,0.006887313465729185,0.00809814386741216,0.009060632685991908,0.004959676976504275
2025-08-12,-0.003603995591306615,-0.0047681601080350544,-0.0042884175532404145,-0.0003699251399685411,-0.003979850901478695,-0.0046127539954626765
2025-08-13,0.011531267228763329,0.01888851997256676,0.017522365879550163,0.00704536886702281,0.0053739877432256436,0.0046933052974933885
2025-08-14,8.220875647164033e-05,0.003180552615518543,0.002886102391251123,-0.0015756868069860797,0.00048532037708285097,-0.0026396932908891403
2025-08-18,0.01250123785793673,0.010461832780329396,0.01046786097409173,0.014928915511728024,0.009923616908863717,0.024028651011289537
2025-08-19,0.001856913607639028,-0.0001478403714908576,0.0012544065249307712,0.004451011603959612,0.004159900285259885,0.00892865049131663
2025-08-20,0.009109644865427983,0.002401911369972352,0.002622736732621797,0.004794777459932505,0.002794273751954044,0.004521009940461532
2025-08-21,0.002239119210670803,0.0018331776272731398,0.0016116265665746946,-0.00011998860427185948,0.0013244115539841486,-0.0004255596037819801
2025-08-22,-0.007651059302002035,-0.0022743544812333944,-0.0018051636970562192,-0.00804720314850527,-0.008553963109247331,-0.007497671411418185
2025-08-25,0.003708021224208358,0.004960833576511963,0.0045384251125195505,0.004784415546749731,0.003918729092601476,0.002094346050548083
2025-08-26,-0.00014181017070397138,-0.00883882670549148,-0.008594794192719614,-0.008331282268734058,-0.010293981565065833,-0.006470090988093459
2025-08-28,-0.009069747306902621,-0.00924812466039291,-0.008316628143022177,-0.005959928163737022,-0.00858114302373062,-0.005332558595105518
2025-08-29,0.0009933348588178224,-0.001964110234235767,-0.001317257909564461,-0.001978648753388066,-0.003026946376657732,-0.0005776848935795291
2025-09-01,0.004318160696089988,-0.0009436719999999999,-0.0009101279999999998,0.011002034200575304,0.008081328102276956,0.010230831795464315
2025-09-02,-0.00079973078307047,-0.005073178035607302,-0.002174976612299176,0.0006783067661830566,-0.0018474345185382894,0.0024931268404821657
2025-09-03,0.0029667010758507644,0.004890997297611161,0.004012036400574978,0.0060280165401817845,0.005495586709857895,-0.00031999999999999997
2025-09-04,0.0031815746344186673,-0.00434914499852411,-0.001635788198888103,-0.0011277044243693725,0.0007785744550393448,-0.0018235753082972395
2025-09-05,-0.004116354425474212,0.0024825064937897936,0.002912519484455321,-0.0007395066686157214,0.0002708106342015157,0.0007862153196961966
2025-09-08,-0.0037640257012657745,0.012759558998111127,0.009816872188276447,0.0010269186047615762,0.0012986346282709543,0.004142839844352318
2025-09-09,0.00844673349057062,0.001792671039352325,0.0025390166982309716,0.005931752733637926,0.0038455266535053208,0.0033796853544279084
2025-09-10,0.007521714410748681,-0.003917987842738523,-0.0029444184474755734,0.005117137274328728,0.004193282121674665,0.005561655819029728
2025-09-11,0.001058856405675103,0.00012716176217329755,-0.0008643752332414111,0.0014947345414736575,0.0012965707489705478,0.00346680438843482
2025-09-12,0.0009768184345061168,0.004673039894889816,0.00450043374504088,0.0022367337251755774,0.004329658895022681,0.0034209840883324414
2025-09-15,-0.004637713841395769,-0.001008980034151145,-0.0011420968384933667,-0.002821145362010315,-0.001785489719644452,0.00036531941138375423
2025-09-16,0.0033484947127121953,0.011074578962338495,0.010108586730768823,0.006955101085427728,0.0067543940269436074,0.00448847459236725
2025-09-17,-0.0007518793070486905,0.00045614026009590755,-0.00018666728205816085,0.0027558951841949713,0.003604969810507005,-0.0012932073172461523
2025-09-18,0.0061724845596017154,0.0026344494453946583,0.004431525091722544,0.002801932935130275,0.0036785274558399,0.003952552584024876
2025-09-19,-0.004994545817519192,-2.118673532981426e-05,0.0004721027956596331,-0.000359851389064269,-0.0038048357551339826,0.00014207714434157223
2025-09-22,-0.007975314060380377,-0.0060800528748383,-0.004741736535785263,-0.003845430657637432,-0.00493579674708062,-0.0013497437558877999
2025-09-23,-0.00780291779542505,-0.0011821504094413203,-0.002220372158915365,-0.0011081103699528928,-0.001304284606843299,-0.0034409798947022817
2025-09-24,-0.001605758154782058,-0.002508821201414764,-0.001985846554960669,-0.0031866103715616585,-0.004483689738311146,-0.004051464603463036
2025-09-25,-0.007794803623903859,-0.004878703419263651,-0.0038768617553532722,-0.007130776968832825,-0.006649003929024595,-0.005703818082957896
2025-09-26,-0.010586016913453409,-0.012467619488984425,-0.009775192180062115,-0.012731553359549617,-0.009532730366893805,-0.013196548684128435
2025-09-29,-0.004077937155013839,-0.004000997777506261,-0.005476346130453983,0.0008107201470936843,-0.0008033674181471517,0.005018865114624698
2025-09-30,-3.5361236947224024e-05,-0.00037424271990872844,-0.0005401199560226607,0.0017186132116670738,-0.0009666077692868598,0.0022532319517984674
2025-10-01,0.010177087110866883,0.005153947723670135,0.0052551051500887794,0.006110000530396604,0.009108779315782467,0.003576648981229563
2025-10-03,0.0010265571638985174,0.004704629883850331,0.003188729078488227,0.004330398837230071,0.0023305289834215856,-0.00042666666666666667
2025-10-06,0.007327520903140108,0.00250909666959145,0.0014018883105809267,0.005078322718088672,0.007340173682814145,0.0034044089916819243
2025-10-07,-0.0003296532610463395,0.013597730310477594,0.013638024225324666,0.0007663642018622736,0.0012214730903828323,0.0008065508338393725
2025-10-08,-0.0029102719376934306,-0.0028629026040390025,-0.00256942329773608,-0.0033929807302165286,-0.0024783611817054724,-0.0075003754802338875
2025-10-09,0.00637260998349568,0.0003129867528102638,0.0006843036483562268,0.00642001807599732,0.005401403691044332,0.007518650867798277
2025-10-10,0.006248392997830881,0.014361942040236383,0.013719756804843124,0.00512037126646598,0.004103618794970308,7.482808964374204e-05
2025-10-13,-0.00375713224812188,0.00015131608315752587,0.0003205765748485333,-0.0015009781961400595,-0.0022964532241035664,-5.2648826505036694e-05
2025-10-14,-0.0051707697335560444,-0.002008448525341551,-0.0010687357758824133,-0.004495882251967439,-0.0032497538671527296,-0.004901808347033521
2025-10-15,0.007976621836458775,0.005124910051838768,0.004267309696318523,0.007933286544259103,0.007055869574947451,0.01012883699683767
2025-10-16,0.011852630998755423,0.00800325925369047,0.008949534081431822,0.009600353460372846,0.010283174673804386,0.00667739002856927
2025-10-17,0.00875541525925733,0.007061580923674595,0.00977329072646465,0.002499843054573455,0.0048561734175648985,0.004053924072853805
2025-10-20,0.003600382621649587,-0.0017526807137702473,-0.002741723950854075,0.005602520319145235,0.0051714188632333265,-5.710727237909268e-05
2025-10-21,0.0008923204737321407,-0.0012532958500934797,-0.0013365660142575387,0.0013181574142858787,0.000984272270986046,0.0019564687992962675
2025-10-23,0.00044583764669523266,-0.008492225145634878,-0.00782255781848467,-1.8678675195196845e-05,0.0008810194252249848,-0.006621829485720098
2025-10-24,-0.006814466083563851,-0.001128764694517991,-0.0028787433712325313,-0.00440699328410339,-0.0037243774174138414,-0.009078119876241285
2025-10-27,0.0003580216526640579,0.00577811355678172,0.00524249915337366,0.006993641285738112,0.00660344071508198,0.010458670633057422
2025-10-28,-0.00334606717301852,0.003919370208663742,0.0003067907357367048,1.973763239330041e-05,-0.0011502994876563522,0.0017142759459558663
2025-10-29,0.0010063322676961176,0.004415463517173764,0.0019568888130951046,0.006907350341068707,0.004527837947802368,0.008112863498746287
2025-10-30,-0.008902779842228717,-0.001391471001581792,-0.0026512846195051207,-0.004574093806316242,-0.006780108726120027,-0.0018357496833303684
2025-10-31,-0.006238278593827123,-5.0297030061961705e-05,-0.00038361076844101454,-0.005290227391251278,-0.006036845980053782,-0.003911022329923606
2025-11-03,-0.0008952842822296719,0.0008175414202120502,-0.0005030717381295522,0.0018031065964343104,0.001602394830084992,0.0032717094229245736
2025-11-04,-0.0038261794311036518,-0.004056638991552269,-0.004471277491801238,-0.006041355106798114,-0.006452358545521922,-0.00021333333333333333
2025-11-06,0.001040404092023586,-0.002971673920080656,-0.0035984489518187234,-0.004681645600794778,-0.0034418242922323408,-0.004629362002905931
2025-11-07,0.00036120929002454207,-0.0032634503812757716,-0.006656238814338855,0.0020597282931828845,-0.0006822649376453303,0.006282119558498165
2025-11-10,0.001667652460545015,0.00403494869904403,0.003593416999999293,0.00232243697590642,0.0032134043686110675,-0.00212930100352925
2025-11-11,0.0031684634074620474,0.000189514062399579,0.0017651104656925376,0.0031123633247851115,0.004704563337770722,0.007160266165302481
2025-11-12,0.006047932111439135,0.0035144092195467944,0.0025349096381434423,0.008707783158691265,0.007013755040664786,0.0029489017436648626
2025-11-13,-8.678141743217842e-05,0.0047718543500409865,0.0048432224287562695,0.00041043446564214083,0.00012944111834060272,-0.0028817095473090333
2025-11-14,-8.404105158728672e-05,-0.006335903765903626,-0.005870825554966321,-0.0004246550469750818,0.0011933141887742222,-0.0022358740700492447
2025-11-17,0.0023020824206807745,0.009348415297167432,0.007449798545525712,0.005504085752677516,0.003982727442351947,0.008817511560384187
2025-11-18,-0.004798660740560385,-0.001897837359107181,-0.00022611042212423017,-0.005728331858428398,-0.003982727442351953,-0.004885642585919614
2025-11-19,0.007372376278026914,0.00029921968577188045,0.002531405790406842,0.0037198193561784935,0.005488550984983714,0.002671366504818492
2025-11-20,2.0237680256440685e-05,0.007446372246347152,0.007135013940902419,0.0032642298456260197,0.005340256999340202,0.0038107419395764387
2025-11-21,-0.0022951945812872787,-0.0035381363551296075,-0.0030213337843567577,-0.004293902368649873,-0.0047454848460117445,-0.003439872474065318
2025-11-24,-0.003933536395590525,-0.0002075539429707892,0.0007330633330406853,-0.004644891845848722,-0.00417664636992243,-0.0037957144295104996
2025-11-25,-0.0022428107220408694,-0.0007212576551191085,-0.002061364069873045,-0.001234500760198742,-0.002881677226487561,0.0011944227445103877
2025-11-26,0.010949602834147809,0.008334391866203888,0.006993764809459797,0.012256725398444423,0.012305756174877891,0.009463858984962381
2025-11-27,-0.0006094830548640034,-0.005273189241304146,-0.004539903605747143,-0.002617824436521762,0.0003910657620054032,-0.005830111880894044
2025-11-28,0.0004927007857294128,-0.0005482824356381455,-0.0004564414733353203,-0.00041534324778858456,-0.0004808059270205712,0.00012227760402092156
2025-12-01,-0.0016599670634067246,-0.0007895971514900427,0.00016729604568795162,-0.00019527614830372697,-0.001038560391932615,0.0017667006483117766
2025-12-02,-0.001310905769844124,-0.002343006743051911,-0.0017079809187684496,-0.0017264924812887,-0.005499206353098099,-7.090024539208403e-05
2025-12-03,-0.00010211515929324229,0.00024593817593708176,0.0001428902202858279,-0.004102157902491594,-0.0017762718275890193,-0.007867551426195954
2025-12-04,0.0037514889425426198,-0.0007910239999999999,-0.0008767839999999999,0.004737157800123043,0.0018358417105443499,-0.00021333333333333333
2025-12-05,-0.00015480858308115648,0.011593686664403486,0.012163100955395377,0.005958991508448739,0.005848298407896911,0.010952864746838391
2025-12-08,-0.009137229339738939,-0.012274067755045748,-0.012135233564606204,-0.011166544668509184,-0.008663963433110109,-0.013686247277518045
2025-12-09,-0.005762985582458203,-0.006954499384360747,-0.005509165401705039,-0.00478880775393915,-0.004667959097577137,-0.005921222897917753
2025-12-10,-0.002571657670264825,-7.108056674293075e-05,-0.0007805618571125382,-0.0010389545775969706,-0.003164890577820058,0.0009365863646019322
2025-12-11,0.0064276346474950626,0.0025138014093088286,0.0012061605099493253,0.0053735457939393955,0.005441754277616313,0.0037588863727823683
2025-12-12,0.0032479909945715185,0.009165987989415288,0.01073169343232296,0.006982727891229309,0.0057136360690816825,0.012661924632255343
2025-12-15,0.0022019475783813724,-0.0002943219137965062,0.00019955549321145748,0.0002567789755497712,-0.0007546316435640039,-0.0012491130606697425
2025-12-16,-0.0033982740911968974,-0.004097611148705052,-0.002934602353632929,-0.006542897852858359,-0.006444791966669916,-0.0050260049947875515
2025-12-17,-0.004179863049671102,-0.0008505284589700137,0.0001272953056174718,-0.0013666866178823748,-0.0016079691231565723,-0.0006238449780758489
2025-12-18,0.00031144841701477344,-0.0038258456211343202,-0.004219073164503843,-0.001133959252721228,-0.00011620227379163036,-0.003887027048669854
2025-12-19,0.005291341295065279,0.00785919968504235,0.008233071348180325,0.0057731110606087065,0.005826355812965194,0.00592879376628512
2025-12-22,0.005640200998412014,0.008575067714485136,0.008314129332280916,0.007028432130785512,0.00790202570190833,0.004789429177134464
2025-12-23,0.0005144243781395238,0.00030395963257611846,-0.0006621671893044526,0.0006507580766953849,0.00018147242687454733,0.00042298501969997236
2025-12-24,-0.0023136954331508613,-0.001066499840990923,-0.0010374249607188954,-0.0025991978468979378,-0.0013398810760412456,-0.001988418230928773
2025-12-26,-0.0029170649254793967,-0.004345476262297013,-0.0042068216597780685,-0.0026980977678200107,-0.0038248575837020187,-0.0018205887415825696
2025-12-29,-0.0024273863655537046,-0.003303878337284393,-0.0030477591658194013,-0.0026516205761485225,-0.0038550524856079535,-0.0005195828957789007
2025-12-30,-0.002912369189047315,-2.7350278898908295e-06,-0.0008818194032883815,0.0009762753585887476,-0.00012528683662081574,0.007052250192642693
2025-12-31,0.004255110809856008,0.010717152337122265,0.009983116222307792,0.01001992393030975,0.007326926621050068,0.01632085089189018
